metric_date,metric_month,metric_week,metric_day_of_week,device_category,traffic_source,traffic_medium,traffic_campaign,session_user_type,sessions,active_users,total_events,page_views,product_views,add_to_cart_events,cart_views,checkout_starts,payment_info_events,purchase_events,sessions_with_product_view,sessions_with_add_to_cart,sessions_with_checkout,purchasing_sessions,cart_abandoned_sessions,checkout_abandoned_sessions,bounce_like_sessions,transactions,revenue,purchased_item_quantity,purchased_unique_items,session_purchase_conversion_rate,product_view_session_rate,view_to_cart_session_rate,cart_to_checkout_session_rate,checkout_to_purchase_session_rate,view_to_purchase_session_rate,cart_abandonment_rate,checkout_abandonment_rate,bounce_like_session_rate,average_order_value,revenue_per_active_user,revenue_per_session,transactions_per_active_user,product_views_per_session,add_to_cart_events_per_session,checkout_starts_per_session
2020-12-31,2020-12,52,5,desktop,<Other>,(data deleted),(data deleted),new_session,1,1,2,1,0,0,0,0,0,0,0,0,0,0,0,0,1,0,0.0,0,0,0.0,0.0,,,,,,,100.0,,0.0,0.0,0.0,0.0,0.0,0.0
2020-12-31,2020-12,52,5,tablet,<Other>,referral,(referral),returning_session,4,4,15,6,0,0,0,0,0,0,0,0,0,0,0,0,2,0,0.0,0,0,0.0,0.0,,,,,,,50.0,,0.0,0.0,0.0,0.0,0.0,0.0
2020-12-31,2020-12,52,5,desktop,(data deleted),(data deleted),<Other>,new_session,1,1,2,1,0,0,0,0,0,0,0,0,0,0,0,0,1,0,0.0,0,0,0.0,0.0,,,,,,,100.0,,0.0,0.0,0.0,0.0,0.0,0.0
2020-12-31,2020-12,52,5,desktop,(data deleted),(data deleted),<Other>,returning_session,1,1,2,0,0,0,0,0,0,0,0,0,0,0,0,0,1,0,0.0,0,0,0.0,0.0,,,,,,,100.0,,0.0,0.0,0.0,0.0,0.0,0.0
2020-12-31,2020-12,52,5,tablet,google,organic,(organic),returning_session,5,5,24,10,0,0,0,0,0,0,0,0,0,0,0,0,1,0,0.0,0,0,0.0,0.0,,,,,,,20.0,,0.0,0.0,0.0,0.0,0.0,0.0
2020-12-31,2020-12,52,5,desktop,(data deleted),(data deleted),(data deleted),new_session,5,5,13,6,0,0,0,0,0,0,0,0,0,0,0,0,4,0,0.0,0,0,0.0,0.0,,,,,,,80.0,,0.0,0.0,0.0,0.0,0.0,0.0
2020-12-31,2020-12,52,5,tablet,(direct),(none),(direct),returning_session,2,2,14,6,0,0,0,0,0,0,0,0,0,0,0,0,1,0,0.0,0,0,0.0,0.0,,,,,,,50.0,,0.0,0.0,0.0,0.0,0.0,0.0
2020-12-31,2020-12,52,5,mobile,(data deleted),(data deleted),(data deleted),new_session,1,1,2,1,0,0,0,0,0,0,0,0,0,0,0,0,1,0,0.0,0,0,0.0,0.0,,,,,,,100.0,,0.0,0.0,0.0,0.0,0.0,0.0
2020-12-31,2020-12,52,5,tablet,<Other>,referral,(referral),new_session,1,1,6,2,0,0,0,0,0,0,0,0,0,0,0,0,0,0,0.0,0,0,0.0,0.0,,,,,,,0.0,,0.0,0.0,0.0,0.0,0.0,0.0
2020-12-31,2020-12,52,5,tablet,google,cpc,<Other>,new_session,6,6,36,13,0,0,0,0,0,0,0,0,0,0,0,0,0,0,0.0,0,0,0.0,0.0,,,,,,,0.0,,0.0,0.0,0.0,0.0,0.0,0.0
2020-12-31,2020-12,52,5,desktop,google,cpc,<Other>,returning_session,3,3,12,6,0,0,0,0,0,0,0,0,0,0,0,0,0,0,0.0,0,0,0.0,0.0,,,,,,,0.0,,0.0,0.0,0.0,0.0,0.0,0.0
2020-12-31,2020-12,52,5,tablet,shop.googlemerchandisestore.com,referral,(referral),new_session,4,4,24,9,0,0,0,0,0,0,0,0,0,0,0,0,0,0,0.0,0,0,0.0,0.0,,,,,,,0.0,,0.0,0.0,0.0,0.0,0.0,0.0
2020-12-31,2020-12,52,5,mobile,(data deleted),(data deleted),<Other>,returning_session,1,1,2,0,0,0,0,0,0,0,0,0,0,0,0,0,1,0,0.0,0,0,0.0,0.0,,,,,,,100.0,,0.0,0.0,0.0,0.0,0.0,0.0
2020-12-31,2020-12,52,5,mobile,(data deleted),(data deleted),<Other>,new_session,1,1,4,2,0,0,0,0,0,0,0,0,0,0,0,0,0,0,0.0,0,0,0.0,0.0,,,,,,,0.0,,0.0,0.0,0.0,0.0,0.0,0.0
2020-12-31,2020-12,52,5,desktop,<Other>,organic,(organic),returning_session,6,6,80,28,9,0,0,0,0,0,2,0,0,0,0,0,1,0,0.0,0,0,0.0,33.33,0.0,,,0.0,,,16.67,,0.0,0.0,0.0,1.5,0.0,0.0
2020-12-31,2020-12,52,5,tablet,<Other>,<Other>,<Other>,new_session,12,12,98,38,2,0,0,0,0,0,2,0,0,0,0,0,0,0,0.0,0,0,0.0,16.67,0.0,,,0.0,,,0.0,,0.0,0.0,0.0,0.17,0.0,0.0
2020-12-31,2020-12,52,5,mobile,(data deleted),(data deleted),(data deleted),returning_session,53,48,734,246,77,21,0,0,0,0,14,4,0,0,4,0,16,0,0.0,0,0,0.0,26.42,28.57,0.0,,0.0,100.0,,30.19,,0.0,0.0,0.0,1.45,0.4,0.0
2020-12-31,2020-12,52,5,mobile,google,cpc,<Other>,returning_session,4,4,39,15,4,2,0,0,0,0,2,2,0,0,2,0,0,0,0.0,0,0,0.0,50.0,100.0,0.0,,0.0,100.0,,0.0,,0.0,0.0,0.0,1.0,0.5,0.0
2020-12-31,2020-12,52,5,tablet,shop.googlemerchandisestore.com,referral,(referral),returning_session,3,3,15,5,1,0,0,0,0,0,1,0,0,0,0,0,2,0,0.0,0,0,0.0,33.33,0.0,,,0.0,,,66.67,,0.0,0.0,0.0,0.33,0.0,0.0
2020-12-31,2020-12,52,5,tablet,(direct),(none),(direct),new_session,17,17,148,51,14,0,0,0,0,0,3,0,0,0,0,0,1,0,0.0,0,0,0.0,17.65,0.0,,,0.0,,,5.88,,0.0,0.0,0.0,0.82,0.0,0.0
2020-12-31,2020-12,52,5,tablet,<Other>,organic,(organic),new_session,2,2,11,4,1,0,0,0,0,0,1,0,0,0,0,0,0,0,0.0,0,0,0.0,50.0,0.0,,,0.0,,,0.0,,0.0,0.0,0.0,0.5,0.0,0.0
2020-12-31,2020-12,52,5,mobile,google,cpc,<Other>,new_session,38,38,234,91,5,0,0,0,0,0,4,0,0,0,0,0,4,0,0.0,0,0,0.0,10.53,0.0,,,0.0,,,10.53,,0.0,0.0,0.0,0.13,0.0,0.0
2020-12-31,2020-12,52,5,mobile,shop.googlemerchandisestore.com,referral,(referral),new_session,42,42,272,101,13,3,0,0,0,0,4,2,0,0,2,0,3,0,0.0,0,0,0.0,9.52,50.0,0.0,,0.0,100.0,,7.14,,0.0,0.0,0.0,0.31,0.07,0.0
2020-12-31,2020-12,52,5,tablet,google,organic,(organic),new_session,22,22,193,62,21,13,0,0,0,0,4,2,0,0,2,0,2,0,0.0,0,0,0.0,18.18,50.0,0.0,,0.0,100.0,,9.09,,0.0,0.0,0.0,0.95,0.59,0.0
2020-12-31,2020-12,52,5,desktop,shop.googlemerchandisestore.com,referral,(referral),new_session,70,70,463,170,11,5,0,0,0,0,6,1,0,0,1,0,5,0,0.0,0,0,0.0,8.57,16.67,0.0,,0.0,100.0,,7.14,,0.0,0.0,0.0,0.16,0.07,0.0
2020-12-31,2020-12,52,5,mobile,<Other>,organic,(organic),new_session,27,27,206,74,8,5,0,0,0,0,5,2,0,0,2,0,2,0,0.0,0,0,0.0,18.52,40.0,0.0,,0.0,100.0,,7.41,,0.0,0.0,0.0,0.3,0.19,0.0
2020-12-31,2020-12,52,5,mobile,<Other>,referral,(referral),new_session,67,67,444,167,17,0,0,0,0,0,12,0,0,0,0,0,4,0,0.0,0,0,0.0,17.91,0.0,,,0.0,,,5.97,,0.0,0.0,0.0,0.25,0.0,0.0
2020-12-31,2020-12,52,5,mobile,<Other>,organic,(organic),returning_session,4,4,132,42,12,5,0,12,0,0,3,1,1,0,1,1,0,0,0.0,0,0,0.0,75.0,33.33,100.0,0.0,0.0,100.0,100.0,0.0,,0.0,0.0,0.0,3.0,1.25,3.0
2020-12-31,2020-12,52,5,desktop,(direct),(none),(direct),returning_session,53,49,518,175,32,9,0,12,0,0,10,3,1,0,3,1,17,0,0.0,0,0,0.0,18.87,30.0,33.33,0.0,0.0,100.0,100.0,32.08,,0.0,0.0,0.0,0.6,0.17,0.23
2020-12-31,2020-12,52,5,desktop,<Other>,<Other>,<Other>,returning_session,10,10,324,103,49,12,0,12,3,0,4,3,2,0,3,2,2,0,0.0,0,0,0.0,40.0,75.0,66.67,0.0,0.0,100.0,100.0,20.0,,0.0,0.0,0.0,4.9,1.2,1.2
2020-12-31,2020-12,52,5,mobile,<Other>,<Other>,<Other>,new_session,146,146,1254,441,60,3,0,3,0,0,17,1,1,0,1,1,8,0,0.0,0,0,0.0,11.64,5.88,100.0,0.0,0.0,100.0,100.0,5.48,,0.0,0.0,0.0,0.41,0.02,0.02
2020-12-31,2020-12,52,5,mobile,(direct),(none),(direct),new_session,207,207,1725,634,87,15,0,9,1,0,25,6,1,0,6,1,13,0,0.0,0,0,0.0,12.08,24.0,16.67,0.0,0.0,100.0,100.0,6.28,,0.0,0.0,0.0,0.42,0.07,0.04
2020-12-31,2020-12,52,5,desktop,<Other>,organic,(organic),new_session,51,51,495,161,48,31,0,6,1,0,4,1,1,0,1,1,1,0,0.0,0,0,0.0,7.84,25.0,100.0,0.0,0.0,100.0,100.0,1.96,,0.0,0.0,0.0,0.94,0.61,0.12
2020-12-31,2020-12,52,5,desktop,google,organic,(organic),new_session,432,432,3555,1268,180,21,0,18,1,1,60,7,4,1,7,3,21,1,75.0,1,1,0.23,13.89,11.67,57.14,25.0,1.67,100.0,75.0,4.86,75.0,0.17,0.17,0.0,0.42,0.05,0.04
2020-12-31,2020-12,52,5,desktop,<Other>,<Other>,<Other>,new_session,211,211,1974,687,126,35,0,24,6,1,28,6,3,1,5,2,13,1,79.0,2,2,0.47,13.27,21.43,50.0,33.33,3.57,83.33,66.67,6.16,79.0,0.37,0.37,0.0,0.6,0.17,0.11
2020-12-31,2020-12,52,5,mobile,google,organic,(organic),new_session,295,295,2234,833,84,13,0,6,1,1,30,7,2,1,6,1,11,1,26.0,1,1,0.34,10.17,23.33,28.57,50.0,3.33,85.71,50.0,3.73,26.0,0.09,0.09,0.0,0.28,0.04,0.02
2020-12-31,2020-12,52,5,desktop,<Other>,referral,(referral),new_session,112,112,1209,406,89,42,0,12,3,1,14,5,2,1,4,1,9,1,89.0,15,8,0.89,12.5,35.71,40.0,50.0,7.14,80.0,50.0,8.04,89.0,0.79,0.79,0.01,0.79,0.38,0.11
2020-12-31,2020-12,52,5,desktop,google,cpc,<Other>,new_session,67,67,702,235,39,11,0,9,4,1,12,4,2,1,3,1,6,1,27.0,2,2,1.49,17.91,33.33,50.0,50.0,8.33,75.0,50.0,8.96,27.0,0.4,0.4,0.01,0.58,0.16,0.13
2020-12-31,2020-12,52,5,mobile,(direct),(none),(direct),returning_session,41,41,486,169,37,8,0,15,3,1,7,3,2,1,2,1,12,1,18.0,2,2,2.44,17.07,42.86,66.67,50.0,14.29,66.67,50.0,29.27,18.0,0.44,0.44,0.02,0.9,0.2,0.37
2020-12-31,2020-12,52,5,mobile,shop.googlemerchandisestore.com,referral,(referral),returning_session,20,20,292,112,8,4,0,9,2,1,4,3,2,1,2,1,3,1,52.0,3,3,5.0,20.0,75.0,66.67,50.0,25.0,66.67,50.0,15.0,52.0,2.6,2.6,0.05,0.4,0.2,0.45
2020-12-31,2020-12,52,5,desktop,(data deleted),(data deleted),(data deleted),returning_session,56,56,715,221,86,18,0,21,6,3,10,5,6,3,3,3,19,3,200.0,9,9,5.36,17.86,50.0,120.0,50.0,30.0,60.0,50.0,33.93,66.67,3.57,3.57,0.05,1.54,0.32,0.38
2020-12-31,2020-12,52,5,desktop,shop.googlemerchandisestore.com,referral,(referral),returning_session,41,41,951,290,110,46,0,21,8,2,14,7,3,2,5,1,7,2,233.0,14,10,4.88,34.15,50.0,42.86,66.67,14.29,71.43,33.33,17.07,116.5,5.68,5.68,0.05,2.68,1.12,0.51
2020-12-31,2020-12,52,5,desktop,(direct),(none),(direct),new_session,296,296,2343,853,110,19,0,3,1,2,46,5,1,1,4,0,18,1,36.0,2,2,0.34,15.54,10.87,20.0,100.0,2.17,80.0,0.0,6.08,36.0,0.12,0.12,0.0,0.37,0.06,0.01
2020-12-31,2020-12,52,5,mobile,google,organic,(organic),returning_session,46,44,469,151,61,9,0,6,2,1,12,2,1,1,2,0,14,1,16.0,1,1,2.17,26.09,16.67,50.0,100.0,8.33,100.0,0.0,30.43,16.0,0.36,0.35,0.02,1.33,0.2,0.13
2020-12-31,2020-12,52,5,desktop,google,organic,(organic),returning_session,69,61,1119,336,158,79,0,15,3,2,10,5,2,2,3,0,23,2,166.0,10,9,2.9,14.49,50.0,40.0,100.0,20.0,60.0,0.0,33.33,83.0,2.72,2.41,0.03,2.29,1.14,0.22
2020-12-31,2020-12,52,5,desktop,<Other>,referral,(referral),returning_session,30,30,478,149,47,4,0,21,6,4,8,4,2,2,3,0,9,4,1464.0,27,12,6.67,26.67,50.0,50.0,100.0,25.0,75.0,0.0,30.0,366.0,48.8,48.8,0.13,1.57,0.13,0.7
2020-12-31,2020-12,52,5,mobile,<Other>,referral,(referral),returning_session,18,18,207,75,9,2,0,9,3,2,3,2,2,2,1,0,4,2,41.0,3,3,11.11,16.67,66.67,100.0,100.0,66.67,50.0,0.0,22.22,20.5,2.28,2.28,0.11,0.5,0.11,0.5
2020-12-31,2020-12,52,5,tablet,(data deleted),(data deleted),(data deleted),returning_session,3,3,114,30,17,4,0,9,3,1,1,1,1,1,0,0,1,1,55.0,1,1,33.33,33.33,100.0,100.0,100.0,100.0,0.0,0.0,33.33,55.0,18.33,18.33,0.33,5.67,1.33,3.0
2020-12-31,2020-12,52,5,mobile,<Other>,<Other>,<Other>,returning_session,12,12,102,37,1,0,0,6,1,1,1,0,1,1,0,0,3,1,18.0,1,1,8.33,8.33,0.0,,100.0,100.0,,0.0,25.0,18.0,1.5,1.5,0.08,0.08,0.0,0.5
2020-11-24,2020-11,47,3,desktop,(data deleted),(data deleted),<Other>,returning_session,4,4,15,3,0,0,0,0,0,0,0,0,0,0,0,0,4,0,0.0,0,0,0.0,0.0,,,,,,,100.0,,0.0,0.0,0.0,0.0,0.0,0.0
2020-11-24,2020-11,47,3,tablet,shop.googlemerchandisestore.com,referral,(referral),new_session,4,4,53,17,0,0,0,0,0,0,0,0,0,0,0,0,3,0,0.0,0,0,0.0,0.0,,,,,,,75.0,,0.0,0.0,0.0,0.0,0.0,0.0
2020-11-24,2020-11,47,3,mobile,(data deleted),(data deleted),<Other>,new_session,1,1,4,1,0,0,0,0,0,0,0,0,0,0,0,0,1,0,0.0,0,0,0.0,0.0,,,,,,,100.0,,0.0,0.0,0.0,0.0,0.0,0.0
2020-11-24,2020-11,47,3,tablet,<Other>,referral,(referral),new_session,11,11,111,34,0,0,0,0,0,0,0,0,0,0,0,0,6,0,0.0,0,0,0.0,0.0,,,,,,,54.55,,0.0,0.0,0.0,0.0,0.0,0.0
2020-11-24,2020-11,47,3,tablet,(data deleted),(data deleted),(data deleted),new_session,1,1,4,1,0,0,0,0,0,0,0,0,0,0,0,0,1,0,0.0,0,0,0.0,0.0,,,,,,,100.0,,0.0,0.0,0.0,0.0,0.0,0.0
2020-11-24,2020-11,47,3,tablet,google,cpc,<Other>,new_session,2,2,74,23,17,0,0,0,0,0,1,0,0,0,0,0,1,0,0.0,0,0,0.0,50.0,0.0,,,0.0,,,50.0,,0.0,0.0,0.0,8.5,0.0,0.0
2020-11-24,2020-11,47,3,tablet,<Other>,<Other>,<Other>,new_session,5,5,94,27,13,0,0,0,0,0,1,0,0,0,0,0,2,0,0.0,0,0,0.0,20.0,0.0,,,0.0,,,40.0,,0.0,0.0,0.0,2.6,0.0,0.0
2020-11-24,2020-11,47,3,tablet,google,organic,(organic),returning_session,8,7,65,23,3,0,0,0,0,0,2,0,0,0,0,0,2,0,0.0,0,0,0.0,25.0,0.0,,,0.0,,,25.0,,0.0,0.0,0.0,0.38,0.0,0.0
2020-11-24,2020-11,47,3,tablet,(direct),(none),(direct),new_session,15,15,107,28,4,0,0,0,0,0,3,0,0,0,0,0,9,0,0.0,0,0,0.0,20.0,0.0,,,0.0,,,60.0,,0.0,0.0,0.0,0.27,0.0,0.0
2020-11-24,2020-11,47,3,tablet,(data deleted),(data deleted),(data deleted),returning_session,5,4,35,12,4,0,0,0,0,0,1,0,0,0,0,0,3,0,0.0,0,0,0.0,20.0,0.0,,,0.0,,,60.0,,0.0,0.0,0.0,0.8,0.0,0.0
2020-11-24,2020-11,47,3,desktop,<Other>,(data deleted),(data deleted),returning_session,2,2,16,3,7,0,0,0,0,0,1,0,0,0,0,0,1,0,0.0,0,0,0.0,50.0,0.0,,,0.0,,,50.0,,0.0,0.0,0.0,3.5,0.0,0.0
2020-11-24,2020-11,47,3,tablet,shop.googlemerchandisestore.com,referral,(referral),returning_session,7,7,66,22,2,0,0,0,0,0,1,0,0,0,0,0,3,0,0.0,0,0,0.0,14.29,0.0,,,0.0,,,42.86,,0.0,0.0,0.0,0.29,0.0,0.0
2020-11-24,2020-11,47,3,mobile,(data deleted),(data deleted),<Other>,returning_session,3,3,168,57,24,0,0,0,0,0,2,0,0,0,0,0,0,0,0.0,0,0,0.0,66.67,0.0,,,0.0,,,0.0,,0.0,0.0,0.0,8.0,0.0,0.0
2020-11-24,2020-11,47,3,mobile,<Other>,(data deleted),(data deleted),returning_session,4,4,26,8,4,0,0,0,0,0,1,0,0,0,0,0,3,0,0.0,0,0,0.0,25.0,0.0,,,0.0,,,75.0,,0.0,0.0,0.0,1.0,0.0,0.0
2020-11-24,2020-11,47,3,tablet,<Other>,referral,(referral),returning_session,2,2,13,3,1,0,0,0,0,0,1,0,0,0,0,0,1,0,0.0,0,0,0.0,50.0,0.0,,,0.0,,,50.0,,0.0,0.0,0.0,0.5,0.0,0.0
2020-11-24,2020-11,47,3,tablet,(data deleted),(data deleted),<Other>,returning_session,1,1,17,6,2,0,0,0,0,0,1,0,0,0,0,0,0,0,0.0,0,0,0.0,100.0,0.0,,,0.0,,,0.0,,0.0,0.0,0.0,2.0,0.0,0.0
2020-11-24,2020-11,47,3,tablet,google,cpc,<Other>,returning_session,1,1,15,5,2,0,0,0,0,0,1,0,0,0,0,0,0,0,0.0,0,0,0.0,100.0,0.0,,,0.0,,,0.0,,0.0,0.0,0.0,2.0,0.0,0.0
2020-11-24,2020-11,47,3,mobile,google,cpc,<Other>,returning_session,5,5,23,7,2,0,0,0,0,0,1,0,0,0,0,0,3,0,0.0,0,0,0.0,20.0,0.0,,,0.0,,,60.0,,0.0,0.0,0.0,0.4,0.0,0.0
2020-11-24,2020-11,47,3,tablet,(direct),(none),(direct),returning_session,6,6,44,13,2,0,0,0,0,0,1,0,0,0,0,0,4,0,0.0,0,0,0.0,16.67,0.0,,,0.0,,,66.67,,0.0,0.0,0.0,0.33,0.0,0.0
2020-11-24,2020-11,47,3,mobile,<Other>,organic,(organic),returning_session,8,7,117,40,16,0,0,3,1,0,4,0,1,0,0,1,4,0,0.0,0,0,0.0,50.0,0.0,,0.0,0.0,,100.0,50.0,,0.0,0.0,0.0,2.0,0.0,0.38
2020-11-24,2020-11,47,3,mobile,google,cpc,<Other>,new_session,55,55,1032,330,137,0,0,3,0,0,14,0,3,0,0,3,24,0,0.0,0,0,0.0,25.45,0.0,,0.0,0.0,,100.0,43.64,,0.0,0.0,0.0,2.49,0.0,0.05
2020-11-24,2020-11,47,3,mobile,shop.googlemerchandisestore.com,referral,(referral),new_session,73,73,1206,389,112,0,0,3,0,0,21,0,3,0,0,3,30,0,0.0,0,0,0.0,28.77,0.0,,0.0,0.0,,100.0,41.1,,0.0,0.0,0.0,1.53,0.0,0.04
2020-11-24,2020-11,47,3,mobile,(data deleted),(data deleted),(data deleted),new_session,15,15,238,73,43,0,0,1,1,0,7,0,1,0,0,1,5,0,0.0,0,0,0.0,46.67,0.0,,0.0,0.0,,100.0,33.33,,0.0,0.0,0.0,2.87,0.0,0.07
2020-11-24,2020-11,47,3,tablet,<Other>,organic,(organic),new_session,5,5,338,126,56,0,0,1,0,0,2,0,1,0,0,1,2,0,0.0,0,0,0.0,40.0,0.0,,0.0,0.0,,100.0,40.0,,0.0,0.0,0.0,11.2,0.0,0.2
2020-11-24,2020-11,47,3,tablet,google,organic,(organic),new_session,15,15,443,155,77,0,0,2,0,0,7,0,2,0,0,2,4,0,0.0,0,0,0.0,46.67,0.0,,0.0,0.0,,100.0,26.67,,0.0,0.0,0.0,5.13,0.0,0.13
2020-11-24,2020-11,47,3,desktop,<Other>,<Other>,<Other>,new_session,274,274,3876,1213,386,0,0,19,11,3,62,0,15,3,0,12,137,3,272.0,18,14,1.09,22.63,0.0,,20.0,4.84,,80.0,50.0,90.67,0.99,0.99,0.01,1.41,0.0,0.07
2020-11-24,2020-11,47,3,desktop,google,cpc,<Other>,new_session,91,91,1161,364,117,0,0,6,3,1,21,0,5,1,0,4,48,1,22.0,1,1,1.1,23.08,0.0,,20.0,4.76,,80.0,52.75,22.0,0.24,0.24,0.01,1.29,0.0,0.07
2020-11-24,2020-11,47,3,desktop,shop.googlemerchandisestore.com,referral,(referral),new_session,98,98,1233,355,149,0,0,6,4,1,28,0,4,1,0,3,43,1,130.0,13,7,1.02,28.57,0.0,,25.0,3.57,,75.0,43.88,130.0,1.33,1.33,0.01,1.52,0.0,0.06
2020-11-24,2020-11,47,3,desktop,<Other>,referral,(referral),returning_session,81,78,1019,305,111,0,0,6,2,1,22,0,4,1,0,3,48,1,39.0,2,2,1.23,27.16,0.0,,25.0,4.55,,75.0,59.26,39.0,0.5,0.48,0.01,1.37,0.0,0.07
2020-11-24,2020-11,47,3,mobile,google,organic,(organic),new_session,399,399,5272,1615,536,0,0,15,6,6,99,0,12,3,0,9,181,3,688.0,42,10,0.75,24.81,0.0,,25.0,3.03,,75.0,45.36,229.33,1.72,1.72,0.01,1.34,0.0,0.04
2020-11-24,2020-11,47,3,mobile,<Other>,<Other>,<Other>,returning_session,35,35,440,135,35,0,0,6,5,2,10,0,3,1,0,2,16,1,88.0,2,2,2.86,28.57,0.0,,33.33,10.0,,66.67,45.71,88.0,2.51,2.51,0.03,1.0,0.0,0.17
2020-11-24,2020-11,47,3,mobile,(direct),(none),(direct),new_session,237,237,3063,931,306,0,0,8,5,2,64,0,6,2,0,4,123,2,121.0,5,5,0.84,27.0,0.0,,33.33,3.13,,66.67,51.9,60.5,0.51,0.51,0.01,1.29,0.0,0.03
2020-11-24,2020-11,47,3,mobile,<Other>,<Other>,<Other>,new_session,192,192,2313,706,175,0,0,12,8,3,35,0,5,2,0,3,100,2,172.0,11,11,1.04,18.23,0.0,,40.0,5.71,,60.0,52.08,86.0,0.9,0.9,0.01,0.91,0.0,0.06
2020-11-24,2020-11,47,3,desktop,<Other>,<Other>,<Other>,returning_session,48,46,681,211,52,0,0,11,12,3,14,0,5,2,0,3,26,2,184.0,7,6,4.17,29.17,0.0,,40.0,14.29,,60.0,54.17,92.0,4.0,3.83,0.04,1.08,0.0,0.23
2020-11-24,2020-11,47,3,desktop,google,organic,(organic),new_session,616,616,8381,2539,741,0,0,48,26,16,141,0,26,11,0,15,307,12,1354.0,56,49,1.79,22.89,0.0,,42.31,7.8,,57.69,49.84,112.83,2.2,2.2,0.02,1.2,0.0,0.08
2020-11-24,2020-11,47,3,mobile,<Other>,referral,(referral),new_session,114,114,2221,700,207,0,0,24,20,6,41,0,9,4,0,5,46,4,189.0,13,13,3.51,35.96,0.0,,44.44,9.76,,55.56,40.35,47.25,1.66,1.66,0.04,1.82,0.0,0.21
2020-11-24,2020-11,47,3,desktop,(direct),(none),(direct),new_session,401,401,6170,1918,688,0,0,28,23,12,112,0,20,9,0,11,185,9,664.0,34,33,2.24,27.93,0.0,,45.0,8.04,,55.0,46.13,73.78,1.66,1.66,0.02,1.72,0.0,0.07
2020-11-24,2020-11,47,3,desktop,<Other>,referral,(referral),new_session,176,176,2205,666,233,0,0,4,1,1,46,0,2,1,0,1,81,1,44.0,1,1,0.57,26.14,0.0,,50.0,2.17,,50.0,46.02,44.0,0.25,0.25,0.01,1.32,0.0,0.02
2020-11-24,2020-11,47,3,desktop,<Other>,organic,(organic),new_session,52,52,727,217,50,0,0,6,2,4,17,0,4,2,0,2,18,2,738.0,24,18,3.85,32.69,0.0,,50.0,11.76,,50.0,34.62,369.0,14.19,14.19,0.04,0.96,0.0,0.12
2020-11-24,2020-11,47,3,desktop,(direct),(none),(direct),returning_session,178,168,2195,657,234,0,0,21,16,11,44,0,12,6,0,6,104,6,800.0,27,27,3.37,24.72,0.0,,50.0,13.64,,50.0,58.43,133.33,4.76,4.49,0.04,1.31,0.0,0.12
2020-11-24,2020-11,47,3,mobile,<Other>,referral,(referral),returning_session,68,65,829,251,71,0,0,11,6,5,18,0,6,3,0,3,38,3,199.0,16,12,4.41,26.47,0.0,,50.0,16.67,,50.0,55.88,66.33,3.06,2.93,0.05,1.04,0.0,0.16
2020-11-24,2020-11,47,3,mobile,<Other>,organic,(organic),new_session,39,39,658,217,82,0,0,2,1,1,6,0,2,1,0,1,15,1,280.0,12,4,2.56,15.38,0.0,,50.0,16.67,,50.0,38.46,280.0,7.18,7.18,0.03,2.1,0.0,0.05
2020-11-24,2020-11,47,3,mobile,(data deleted),(data deleted),(data deleted),returning_session,122,118,2218,677,288,0,0,20,18,12,34,0,11,7,0,4,62,9,1192.0,98,80,5.74,27.87,0.0,,63.64,20.59,,36.36,50.82,132.44,10.1,9.77,0.08,2.36,0.0,0.16
2020-11-24,2020-11,47,3,mobile,(direct),(none),(direct),returning_session,152,145,2469,768,270,0,0,22,20,11,39,0,12,8,0,4,83,9,802.0,52,42,5.26,25.66,0.0,,66.67,20.51,,33.33,54.61,89.11,5.53,5.28,0.06,1.78,0.0,0.14
2020-11-24,2020-11,47,3,desktop,shop.googlemerchandisestore.com,referral,(referral),returning_session,146,145,2313,724,253,0,0,17,14,7,33,0,3,2,0,1,86,7,319.0,11,9,1.37,22.6,0.0,,66.67,6.06,,33.33,58.9,45.57,2.2,2.18,0.05,1.73,0.0,0.12
2020-11-24,2020-11,47,3,mobile,google,organic,(organic),returning_session,130,124,1710,508,234,0,0,9,9,8,28,0,4,3,0,1,77,5,394.0,33,21,2.31,21.54,0.0,,75.0,10.71,,25.0,59.23,78.8,3.18,3.03,0.04,1.8,0.0,0.07
2020-11-24,2020-11,47,3,desktop,(data deleted),(data deleted),(data deleted),returning_session,162,157,2062,615,209,0,0,19,15,10,43,0,9,7,0,2,93,7,441.0,25,20,4.32,26.54,0.0,,77.78,16.28,,22.22,57.41,63.0,2.81,2.72,0.04,1.29,0.0,0.12
2020-11-24,2020-11,47,3,desktop,google,organic,(organic),returning_session,203,191,2531,763,270,0,0,14,18,8,51,0,9,7,0,2,108,7,421.0,17,16,3.45,25.12,0.0,,77.78,13.73,,22.22,53.2,60.14,2.2,2.07,0.04,1.33,0.0,0.07
2020-11-24,2020-11,47,3,mobile,shop.googlemerchandisestore.com,referral,(referral),returning_session,95,94,1691,509,242,0,0,8,9,5,24,0,5,4,0,1,50,4,196.0,14,15,4.21,25.26,0.0,,80.0,16.67,,20.0,52.63,49.0,2.09,2.06,0.04,2.55,0.0,0.08
2020-11-24,2020-11,47,3,desktop,<Other>,organic,(organic),returning_session,22,22,339,95,47,0,0,2,2,2,8,0,2,2,0,0,9,2,109.0,5,5,9.09,36.36,0.0,,100.0,25.0,,0.0,40.91,54.5,4.95,4.95,0.09,2.14,0.0,0.09
2020-11-24,2020-11,47,3,tablet,<Other>,<Other>,<Other>,returning_session,2,2,69,19,5,0,0,2,3,1,1,0,1,1,0,0,1,1,60.0,2,2,50.0,50.0,0.0,,100.0,100.0,,0.0,50.0,60.0,30.0,30.0,0.5,2.5,0.0,1.0
2020-11-24,2020-11,47,3,desktop,google,cpc,<Other>,returning_session,9,9,145,44,19,0,0,1,2,1,3,0,1,1,0,0,5,1,16.0,2,2,11.11,33.33,0.0,,100.0,33.33,,0.0,55.56,16.0,1.78,1.78,0.11,2.11,0.0,0.11
2020-11-24,2020-11,47,3,desktop,(data deleted),(data deleted),(data deleted),new_session,22,22,510,158,80,0,0,4,4,2,12,0,2,2,0,0,5,2,163.0,7,6,9.09,54.55,0.0,,100.0,16.67,,0.0,22.73,81.5,7.41,7.41,0.09,3.64,0.0,0.18
2020-12-10,2020-12,49,5,tablet,(data deleted),(data deleted),(data deleted),returning_session,12,11,74,21,3,0,0,0,0,0,2,0,0,0,0,0,6,0,0.0,0,0,0.0,16.67,0.0,,,0.0,,,50.0,,0.0,0.0,0.0,0.25,0.0,0.0
2020-12-10,2020-12,49,5,desktop,<Other>,(data deleted),(data deleted),returning_session,4,4,95,28,15,0,0,0,0,0,2,0,0,0,0,0,0,0,0.0,0,0,0.0,50.0,0.0,,,0.0,,,0.0,,0.0,0.0,0.0,3.75,0.0,0.0
2020-12-10,2020-12,49,5,tablet,google,organic,(organic),new_session,33,33,271,78,20,0,0,0,0,0,5,0,0,0,0,0,19,0,0.0,0,0,0.0,15.15,0.0,,,0.0,,,57.58,,0.0,0.0,0.0,0.61,0.0,0.0
2020-12-10,2020-12,49,5,tablet,shop.googlemerchandisestore.com,referral,(referral),returning_session,8,8,42,12,5,0,0,0,0,0,2,0,0,0,0,0,5,0,0.0,0,0,0.0,25.0,0.0,,,0.0,,,62.5,,0.0,0.0,0.0,0.63,0.0,0.0
2020-12-10,2020-12,49,5,tablet,shop.googlemerchandisestore.com,referral,(referral),new_session,4,4,21,6,0,0,0,0,0,0,0,0,0,0,0,0,3,0,0.0,0,0,0.0,0.0,,,,,,,75.0,,0.0,0.0,0.0,0.0,0.0,0.0
2020-12-10,2020-12,49,5,mobile,<Other>,(data deleted),(data deleted),returning_session,5,5,14,2,0,0,0,0,0,0,0,0,0,0,0,0,5,0,0.0,0,0,0.0,0.0,,,,,,,100.0,,0.0,0.0,0.0,0.0,0.0,0.0
2020-12-10,2020-12,49,5,tablet,(direct),(none),(direct),returning_session,11,10,35,8,0,0,0,0,0,0,0,0,0,0,0,0,9,0,0.0,0,0,0.0,0.0,,,,,,,81.82,,0.0,0.0,0.0,0.0,0.0,0.0
2020-12-10,2020-12,49,5,desktop,<Other>,(data deleted),(data deleted),new_session,1,1,12,5,1,0,0,0,0,0,1,0,0,0,0,0,0,0,0.0,0,0,0.0,100.0,0.0,,,0.0,,,0.0,,0.0,0.0,0.0,1.0,0.0,0.0
2020-12-10,2020-12,49,5,tablet,google,organic,(organic),returning_session,4,4,88,27,1,2,0,0,0,0,1,1,0,0,1,0,2,0,0.0,0,0,0.0,25.0,100.0,0.0,,0.0,100.0,,50.0,,0.0,0.0,0.0,0.25,0.5,0.0
2020-12-10,2020-12,49,5,tablet,(data deleted),(data deleted),(data deleted),new_session,1,1,8,1,4,0,0,0,0,0,1,0,0,0,0,0,0,0,0.0,0,0,0.0,100.0,0.0,,,0.0,,,0.0,,0.0,0.0,0.0,4.0,0.0,0.0
2020-12-10,2020-12,49,5,desktop,(data deleted),(data deleted),<Other>,returning_session,6,6,71,19,9,3,0,0,0,0,1,1,0,0,1,0,4,0,0.0,0,0,0.0,16.67,100.0,0.0,,0.0,100.0,,66.67,,0.0,0.0,0.0,1.5,0.5,0.0
2020-12-10,2020-12,49,5,mobile,(data deleted),(data deleted),<Other>,returning_session,6,6,65,17,17,0,0,0,0,0,2,0,0,0,0,0,3,0,0.0,0,0,0.0,33.33,0.0,,,0.0,,,50.0,,0.0,0.0,0.0,2.83,0.0,0.0
2020-12-10,2020-12,49,5,tablet,<Other>,organic,(organic),new_session,2,2,11,3,0,0,0,0,0,0,0,0,0,0,0,0,1,0,0.0,0,0,0.0,0.0,,,,,,,50.0,,0.0,0.0,0.0,0.0,0.0,0.0
2020-12-10,2020-12,49,5,desktop,(data deleted),(data deleted),<Other>,new_session,2,2,18,6,0,0,0,0,0,0,0,0,0,0,0,0,0,0,0.0,0,0,0.0,0.0,,,,,,,0.0,,0.0,0.0,0.0,0.0,0.0,0.0
2020-12-10,2020-12,49,5,tablet,(direct),(none),(direct),new_session,21,21,131,36,5,0,0,0,0,0,2,0,0,0,0,0,14,0,0.0,0,0,0.0,9.52,0.0,,,0.0,,,66.67,,0.0,0.0,0.0,0.24,0.0,0.0
2020-12-10,2020-12,49,5,desktop,(data deleted),referral,(referral),returning_session,1,1,2,0,0,0,0,0,0,0,0,0,0,0,0,0,1,0,0.0,0,0,0.0,0.0,,,,,,,100.0,,0.0,0.0,0.0,0.0,0.0,0.0
2020-12-10,2020-12,49,5,mobile,(data deleted),(data deleted),<Other>,new_session,1,1,2,1,0,0,0,0,0,0,0,0,0,0,0,0,1,0,0.0,0,0,0.0,0.0,,,,,,,100.0,,0.0,0.0,0.0,0.0,0.0,0.0
2020-12-10,2020-12,49,5,desktop,<Other>,organic,(organic),returning_session,22,22,176,52,19,0,0,0,0,0,4,0,0,0,0,0,16,0,0.0,0,0,0.0,18.18,0.0,,,0.0,,,72.73,,0.0,0.0,0.0,0.86,0.0,0.0
2020-12-10,2020-12,49,5,tablet,<Other>,referral,(referral),returning_session,2,2,112,37,5,1,0,0,0,0,1,1,0,0,1,0,0,0,0.0,0,0,0.0,50.0,100.0,0.0,,0.0,100.0,,0.0,,0.0,0.0,0.0,2.5,0.5,0.0
2020-12-10,2020-12,49,5,desktop,google,cpc,<Other>,returning_session,11,11,71,22,1,0,0,0,0,0,1,0,0,0,0,0,6,0,0.0,0,0,0.0,9.09,0.0,,,0.0,,,54.55,,0.0,0.0,0.0,0.09,0.0,0.0
2020-12-10,2020-12,49,5,mobile,<Other>,organic,(organic),new_session,57,57,682,220,78,7,0,2,0,0,13,3,1,0,3,1,36,0,0.0,0,0,0.0,22.81,23.08,33.33,0.0,0.0,100.0,100.0,63.16,,0.0,0.0,0.0,1.37,0.12,0.04
2020-12-10,2020-12,49,5,mobile,google,cpc,<Other>,new_session,88,88,1005,318,113,10,0,2,0,0,16,5,1,0,5,1,58,0,0.0,0,0,0.0,18.18,31.25,20.0,0.0,0.0,100.0,100.0,65.91,,0.0,0.0,0.0,1.28,0.11,0.02
2020-12-10,2020-12,49,5,tablet,<Other>,referral,(referral),new_session,10,10,141,33,23,0,0,2,4,0,1,0,1,0,0,1,7,0,0.0,0,0,0.0,10.0,0.0,,0.0,0.0,,100.0,70.0,,0.0,0.0,0.0,2.3,0.0,0.2
2020-12-10,2020-12,49,5,mobile,google,cpc,<Other>,returning_session,14,14,271,88,31,0,0,4,0,0,6,0,1,0,0,1,8,0,0.0,0,0,0.0,42.86,0.0,,0.0,0.0,,100.0,57.14,,0.0,0.0,0.0,2.21,0.0,0.29
2020-12-10,2020-12,49,5,mobile,<Other>,<Other>,<Other>,new_session,285,285,3301,1020,259,30,0,32,3,1,67,17,9,1,16,8,149,1,18.0,1,1,0.35,23.51,25.37,52.94,11.11,1.49,94.12,88.89,52.28,18.0,0.06,0.06,0.0,0.91,0.11,0.11
2020-12-10,2020-12,49,5,mobile,shop.googlemerchandisestore.com,referral,(referral),new_session,86,86,1649,525,177,38,0,26,8,1,22,9,6,1,8,5,43,1,43.0,4,4,1.16,25.58,40.91,66.67,16.67,4.55,88.89,83.33,50.0,43.0,0.5,0.5,0.01,2.06,0.44,0.3
2020-12-10,2020-12,49,5,mobile,<Other>,referral,(referral),new_session,161,161,1578,463,107,27,0,10,1,1,24,9,4,1,8,3,104,1,34.0,2,2,0.62,14.91,37.5,44.44,25.0,4.17,88.89,75.0,64.6,34.0,0.21,0.21,0.01,0.66,0.17,0.06
2020-12-10,2020-12,49,5,desktop,google,cpc,<Other>,new_session,149,149,1454,431,128,17,0,10,2,1,29,7,4,1,7,3,88,1,18.0,2,2,0.67,19.46,24.14,57.14,25.0,3.45,100.0,75.0,59.06,18.0,0.12,0.12,0.01,0.86,0.11,0.07
2020-12-10,2020-12,49,5,desktop,(data deleted),(data deleted),(data deleted),new_session,18,18,485,143,57,32,0,12,1,1,11,4,3,1,3,2,3,1,99.0,6,6,5.56,61.11,36.36,75.0,33.33,9.09,75.0,66.67,16.67,99.0,5.5,5.5,0.06,3.17,1.78,0.67
2020-12-10,2020-12,49,5,mobile,<Other>,organic,(organic),returning_session,10,9,156,43,10,7,0,6,3,1,3,2,2,1,1,1,5,1,840.0,16,2,10.0,30.0,66.67,100.0,50.0,33.33,50.0,50.0,50.0,840.0,93.33,84.0,0.11,1.0,0.7,0.6
2020-12-10,2020-12,49,5,desktop,<Other>,organic,(organic),new_session,71,71,718,196,68,13,0,4,1,1,13,3,1,1,2,0,46,1,60.0,2,2,1.41,18.31,23.08,33.33,100.0,7.69,66.67,0.0,64.79,60.0,0.85,0.85,0.01,0.96,0.18,0.06
2020-12-10,2020-12,49,5,tablet,google,cpc,<Other>,new_session,9,9,221,57,33,12,0,2,1,1,3,1,1,1,0,0,6,1,35.0,3,3,11.11,33.33,33.33,100.0,100.0,33.33,0.0,0.0,66.67,35.0,3.89,3.89,0.11,3.67,1.33,0.22
2020-12-10,2020-12,49,5,tablet,<Other>,<Other>,<Other>,new_session,12,12,106,28,3,0,0,2,2,1,2,0,1,1,0,0,6,1,21.0,2,1,8.33,16.67,0.0,,100.0,50.0,,0.0,50.0,21.0,1.75,1.75,0.08,0.25,0.0,0.17
2020-12-10,2020-12,49,5,desktop,<Other>,<Other>,<Other>,new_session,432,432,4709,1367,405,92,0,22,4,2,89,24,8,2,22,6,265,2,54.0,4,4,0.46,20.6,26.97,33.33,25.0,2.25,91.67,75.0,61.34,27.0,0.13,0.13,0.0,0.94,0.21,0.05
2020-12-10,2020-12,49,5,mobile,<Other>,<Other>,<Other>,returning_session,48,48,497,135,34,16,0,16,5,2,9,5,4,2,4,2,28,2,161.0,18,2,4.17,18.75,55.56,80.0,50.0,22.22,80.0,50.0,58.33,80.5,3.35,3.35,0.04,0.71,0.33,0.33
2020-12-10,2020-12,49,5,mobile,(data deleted),(data deleted),(data deleted),new_session,16,16,316,89,55,20,0,4,2,2,12,3,2,2,1,0,2,2,239.0,13,13,12.5,75.0,25.0,66.67,100.0,16.67,33.33,0.0,12.5,119.5,14.94,14.94,0.13,3.44,1.25,0.25
2020-12-10,2020-12,49,5,desktop,shop.googlemerchandisestore.com,referral,(referral),new_session,126,126,1750,506,190,44,0,22,8,3,32,13,7,3,11,4,69,3,143.0,13,9,2.38,25.4,40.63,53.85,42.86,9.38,84.62,57.14,54.76,47.67,1.13,1.13,0.02,1.51,0.35,0.17
2020-12-10,2020-12,49,5,desktop,<Other>,referral,(referral),new_session,247,247,3217,905,285,117,0,58,16,4,55,19,11,4,15,7,146,4,305.0,16,13,1.62,22.27,34.55,57.89,36.36,7.27,78.95,63.64,59.11,76.25,1.23,1.23,0.02,1.15,0.47,0.23
2020-12-10,2020-12,49,5,desktop,shop.googlemerchandisestore.com,referral,(referral),returning_session,161,157,2310,685,269,54,0,12,7,5,51,16,5,4,14,1,78,4,311.0,13,13,2.48,31.68,31.37,31.25,80.0,7.84,87.5,20.0,48.45,77.75,1.98,1.93,0.03,1.67,0.34,0.07
2020-12-10,2020-12,49,5,desktop,<Other>,<Other>,<Other>,returning_session,73,70,1300,391,133,27,0,28,11,5,22,8,6,3,7,3,40,5,96.0,9,9,4.11,30.14,36.36,75.0,50.0,13.64,87.5,50.0,54.79,19.2,1.37,1.32,0.07,1.82,0.37,0.38
2020-12-10,2020-12,49,5,mobile,(direct),(none),(direct),returning_session,140,131,2139,633,260,28,0,21,14,5,30,7,8,5,3,3,77,5,721.0,28,18,3.57,21.43,23.33,114.29,62.5,16.67,42.86,37.5,55.0,144.2,5.5,5.15,0.04,1.86,0.2,0.15
2020-12-10,2020-12,49,5,mobile,google,organic,(organic),new_session,551,551,6663,1982,628,117,0,70,23,6,115,41,22,6,36,16,315,6,318.0,20,19,1.09,20.87,35.65,53.66,27.27,5.22,87.8,72.73,57.17,53.0,0.58,0.58,0.01,1.14,0.21,0.13
2020-12-10,2020-12,49,5,mobile,(direct),(none),(direct),new_session,381,381,4148,1200,373,82,0,46,16,6,73,19,10,5,15,5,231,6,357.0,32,22,1.31,19.16,26.03,52.63,50.0,6.85,78.95,50.0,60.63,59.5,0.94,0.94,0.02,0.98,0.22,0.12
2020-12-10,2020-12,49,5,desktop,<Other>,referral,(referral),returning_session,127,124,2190,645,267,67,0,30,12,6,42,13,10,6,10,4,57,6,277.0,28,26,4.72,33.07,30.95,76.92,60.0,14.29,76.92,40.0,44.88,46.17,2.23,2.18,0.05,2.1,0.53,0.24
2020-12-10,2020-12,49,5,desktop,google,organic,(organic),new_session,833,833,10216,3126,953,149,0,71,16,7,184,52,28,7,46,21,485,7,519.0,35,30,0.84,22.09,28.26,53.85,25.0,3.8,88.46,75.0,58.22,74.14,0.62,0.62,0.01,1.14,0.18,0.09
2020-12-10,2020-12,49,5,mobile,shop.googlemerchandisestore.com,referral,(referral),returning_session,106,100,1427,417,135,41,0,34,12,7,32,10,8,7,7,1,53,7,688.0,22,16,6.6,30.19,31.25,80.0,87.5,21.88,70.0,12.5,50.0,98.29,6.88,6.49,0.07,1.27,0.39,0.32
2020-12-10,2020-12,49,5,desktop,(direct),(none),(direct),new_session,604,604,8350,2568,827,118,0,77,25,8,112,42,24,8,36,16,378,8,649.0,20,18,1.32,18.54,37.5,57.14,33.33,7.14,85.71,66.67,62.58,81.13,1.07,1.07,0.01,1.37,0.2,0.13
2020-12-10,2020-12,49,5,mobile,<Other>,referral,(referral),returning_session,76,74,1503,432,201,28,0,46,21,8,24,7,6,4,4,2,34,8,79.0,8,9,5.26,31.58,29.17,85.71,66.67,16.67,57.14,33.33,44.74,9.88,1.07,1.04,0.11,2.64,0.37,0.61
2020-12-10,2020-12,49,5,mobile,google,organic,(organic),returning_session,149,141,2906,843,407,110,0,48,25,9,51,19,11,7,15,4,74,9,726.0,48,26,4.7,34.23,37.25,57.89,63.64,13.73,78.95,36.36,49.66,80.67,5.15,4.87,0.06,2.73,0.74,0.32
2020-12-10,2020-12,49,5,desktop,(direct),(none),(direct),returning_session,215,201,3961,1162,476,167,0,76,37,10,73,29,17,10,21,7,105,10,1153.0,66,35,4.65,33.95,39.73,58.62,58.82,13.7,72.41,41.18,48.84,115.3,5.74,5.36,0.05,2.21,0.78,0.35
2020-12-10,2020-12,49,5,mobile,(data deleted),(data deleted),(data deleted),returning_session,156,143,2346,708,179,66,0,40,22,11,48,18,13,10,13,3,79,11,1074.0,44,21,6.41,30.77,37.5,72.22,76.92,20.83,72.22,23.08,50.64,97.64,7.51,6.88,0.08,1.15,0.42,0.26
2020-12-10,2020-12,49,5,desktop,(data deleted),(data deleted),(data deleted),returning_session,223,211,3849,1145,411,107,0,56,36,13,69,27,16,13,17,3,111,13,951.0,51,42,5.83,30.94,39.13,59.26,81.25,18.84,62.96,18.75,49.78,73.15,4.51,4.26,0.06,1.84,0.48,0.25
2020-12-10,2020-12,49,5,desktop,google,organic,(organic),returning_session,202,190,4050,1185,454,110,0,98,45,17,55,21,16,13,12,3,101,17,904.0,82,45,6.44,27.23,38.18,76.19,81.25,23.64,57.14,18.75,50.0,53.18,4.76,4.48,0.09,2.25,0.54,0.49
2020-11-15,2020-11,46,1,tablet,google,organic,(organic),returning_session,2,2,4,1,0,0,0,0,0,0,0,0,0,0,0,0,2,0,0.0,0,0,0.0,0.0,,,,,,,100.0,,0.0,0.0,0.0,0.0,0.0,0.0
2020-11-15,2020-11,46,1,mobile,<Other>,organic,(organic),returning_session,2,2,9,3,0,0,0,0,0,0,0,0,0,0,0,0,1,0,0.0,0,0,0.0,0.0,,,,,,,50.0,,0.0,0.0,0.0,0.0,0.0,0.0
2020-11-15,2020-11,46,1,tablet,google,organic,(organic),new_session,12,12,68,17,0,0,0,0,0,0,0,0,0,0,0,0,8,0,0.0,0,0,0.0,0.0,,,,,,,66.67,,0.0,0.0,0.0,0.0,0.0,0.0
2020-11-15,2020-11,46,1,tablet,<Other>,<Other>,<Other>,returning_session,2,2,6,2,0,0,0,0,0,0,0,0,0,0,0,0,2,0,0.0,0,0,0.0,0.0,,,,,,,100.0,,0.0,0.0,0.0,0.0,0.0,0.0
2020-11-15,2020-11,46,1,tablet,<Other>,referral,(referral),new_session,2,2,7,2,0,0,0,0,0,0,0,0,0,0,0,0,2,0,0.0,0,0,0.0,0.0,,,,,,,100.0,,0.0,0.0,0.0,0.0,0.0,0.0
2020-11-15,2020-11,46,1,desktop,(data deleted),(data deleted),<Other>,returning_session,1,1,5,1,0,0,0,0,0,0,0,0,0,0,0,0,1,0,0.0,0,0,0.0,0.0,,,,,,,100.0,,0.0,0.0,0.0,0.0,0.0,0.0
2020-11-15,2020-11,46,1,tablet,shop.googlemerchandisestore.com,referral,(referral),new_session,1,1,5,1,0,0,0,0,0,0,0,0,0,0,0,0,1,0,0.0,0,0,0.0,0.0,,,,,,,100.0,,0.0,0.0,0.0,0.0,0.0,0.0
2020-11-15,2020-11,46,1,tablet,(data deleted),(data deleted),(data deleted),returning_session,3,2,105,31,21,0,0,0,0,0,1,0,0,0,0,0,2,0,0.0,0,0,0.0,33.33,0.0,,,0.0,,,66.67,,0.0,0.0,0.0,7.0,0.0,0.0
2020-11-15,2020-11,46,1,mobile,(data deleted),(data deleted),<Other>,returning_session,1,1,14,4,2,0,0,0,0,0,1,0,0,0,0,0,0,0,0.0,0,0,0.0,100.0,0.0,,,0.0,,,0.0,,0.0,0.0,0.0,2.0,0.0,0.0
2020-11-15,2020-11,46,1,tablet,(direct),(none),(direct),returning_session,4,4,44,12,5,0,0,0,0,0,1,0,0,0,0,0,2,0,0.0,0,0,0.0,25.0,0.0,,,0.0,,,50.0,,0.0,0.0,0.0,1.25,0.0,0.0
2020-11-15,2020-11,46,1,mobile,<Other>,(data deleted),(data deleted),returning_session,2,2,16,5,1,0,0,0,0,0,1,0,0,0,0,0,0,0,0.0,0,0,0.0,50.0,0.0,,,0.0,,,0.0,,0.0,0.0,0.0,0.5,0.0,0.0
2020-11-15,2020-11,46,1,mobile,<Other>,referral,(referral),returning_session,35,33,421,129,45,0,0,0,0,0,8,0,0,0,0,0,20,0,0.0,0,0,0.0,22.86,0.0,,,0.0,,,57.14,,0.0,0.0,0.0,1.29,0.0,0.0
2020-11-15,2020-11,46,1,desktop,<Other>,organic,(organic),returning_session,6,6,100,30,13,0,0,0,0,0,1,0,0,0,0,0,3,0,0.0,0,0,0.0,16.67,0.0,,,0.0,,,50.0,,0.0,0.0,0.0,2.17,0.0,0.0
2020-11-15,2020-11,46,1,mobile,<Other>,organic,(organic),new_session,12,12,145,46,10,0,0,0,0,0,3,0,0,0,0,0,5,0,0.0,0,0,0.0,25.0,0.0,,,0.0,,,41.67,,0.0,0.0,0.0,0.83,0.0,0.0
2020-11-15,2020-11,46,1,mobile,shop.googlemerchandisestore.com,referral,(referral),new_session,27,27,271,82,22,0,0,0,0,0,9,0,0,0,0,0,11,0,0.0,0,0,0.0,33.33,0.0,,,0.0,,,40.74,,0.0,0.0,0.0,0.81,0.0,0.0
2020-11-15,2020-11,46,1,tablet,shop.googlemerchandisestore.com,referral,(referral),returning_session,3,3,18,4,1,0,0,0,0,0,1,0,0,0,0,0,2,0,0.0,0,0,0.0,33.33,0.0,,,0.0,,,66.67,,0.0,0.0,0.0,0.33,0.0,0.0
2020-11-15,2020-11,46,1,desktop,google,cpc,<Other>,returning_session,3,3,21,8,1,0,0,0,0,0,1,0,0,0,0,0,1,0,0.0,0,0,0.0,33.33,0.0,,,0.0,,,33.33,,0.0,0.0,0.0,0.33,0.0,0.0
2020-11-15,2020-11,46,1,tablet,(direct),(none),(direct),new_session,10,10,83,23,5,0,0,0,0,0,3,0,0,0,0,0,3,0,0.0,0,0,0.0,30.0,0.0,,,0.0,,,30.0,,0.0,0.0,0.0,0.5,0.0,0.0
2020-11-15,2020-11,46,1,mobile,google,cpc,<Other>,new_session,38,38,601,202,79,0,0,0,0,0,8,0,0,0,0,0,20,0,0.0,0,0,0.0,21.05,0.0,,,0.0,,,52.63,,0.0,0.0,0.0,2.08,0.0,0.0
2020-11-15,2020-11,46,1,desktop,(data deleted),(data deleted),(data deleted),new_session,3,3,14,5,1,0,0,0,0,0,1,0,0,0,0,0,2,0,0.0,0,0,0.0,33.33,0.0,,,0.0,,,66.67,,0.0,0.0,0.0,0.33,0.0,0.0
2020-11-15,2020-11,46,1,mobile,google,cpc,<Other>,returning_session,4,4,24,5,2,0,0,0,0,0,1,0,0,0,0,0,3,0,0.0,0,0,0.0,25.0,0.0,,,0.0,,,75.0,,0.0,0.0,0.0,0.5,0.0,0.0
2020-11-15,2020-11,46,1,tablet,<Other>,<Other>,<Other>,new_session,6,6,29,7,1,0,0,0,0,0,1,0,0,0,0,0,5,0,0.0,0,0,0.0,16.67,0.0,,,0.0,,,83.33,,0.0,0.0,0.0,0.17,0.0,0.0
2020-11-15,2020-11,46,1,desktop,<Other>,<Other>,<Other>,new_session,159,159,2544,852,275,0,0,14,0,0,27,0,7,0,0,7,83,0,0.0,0,0,0.0,16.98,0.0,,0.0,0.0,,100.0,52.2,,0.0,0.0,0.0,1.73,0.0,0.09
2020-11-15,2020-11,46,1,mobile,<Other>,<Other>,<Other>,returning_session,20,20,274,90,14,0,0,4,1,0,2,0,1,0,0,1,13,0,0.0,0,0,0.0,10.0,0.0,,0.0,0.0,,100.0,65.0,,0.0,0.0,0.0,0.7,0.0,0.2
2020-11-15,2020-11,46,1,desktop,<Other>,<Other>,<Other>,returning_session,21,21,99,26,4,0,0,2,0,0,2,0,1,0,0,1,17,0,0.0,0,0,0.0,9.52,0.0,,0.0,0.0,,100.0,80.95,,0.0,0.0,0.0,0.19,0.0,0.1
2020-11-15,2020-11,46,1,mobile,<Other>,referral,(referral),new_session,43,43,1094,370,166,0,0,4,0,0,6,0,2,0,0,2,29,0,0.0,0,0,0.0,13.95,0.0,,0.0,0.0,,100.0,67.44,,0.0,0.0,0.0,3.86,0.0,0.09
2020-11-15,2020-11,46,1,desktop,(direct),(none),(direct),new_session,224,224,2724,847,199,0,0,30,2,0,55,0,13,0,0,13,111,0,0.0,0,0,0.0,24.55,0.0,,0.0,0.0,,100.0,49.55,,0.0,0.0,0.0,0.89,0.0,0.13
2020-11-15,2020-11,46,1,mobile,(direct),(none),(direct),new_session,167,167,1664,495,90,0,0,8,0,0,42,0,4,0,0,4,77,0,0.0,0,0,0.0,25.15,0.0,,0.0,0.0,,100.0,46.11,,0.0,0.0,0.0,0.54,0.0,0.05
2020-11-15,2020-11,46,1,desktop,<Other>,referral,(referral),new_session,99,99,817,226,46,0,0,6,1,0,20,0,1,0,0,1,54,0,0.0,0,0,0.0,20.2,0.0,,0.0,0.0,,100.0,54.55,,0.0,0.0,0.0,0.46,0.0,0.06
2020-11-15,2020-11,46,1,desktop,google,organic,(organic),new_session,297,297,4615,1482,521,0,0,48,10,1,70,0,17,1,0,16,158,1,16.0,1,1,0.34,23.57,0.0,,5.88,1.43,,94.12,53.2,16.0,0.05,0.05,0.0,1.75,0.0,0.16
2020-11-15,2020-11,46,1,mobile,google,organic,(organic),new_session,227,227,4656,1591,571,0,0,56,6,2,54,0,23,2,0,21,115,2,64.0,6,6,0.88,23.79,0.0,,8.7,3.7,,91.3,50.66,32.0,0.28,0.28,0.01,2.52,0.0,0.25
2020-11-15,2020-11,46,1,mobile,<Other>,<Other>,<Other>,new_session,131,131,1891,592,173,0,0,18,6,1,37,0,6,1,0,5,56,1,42.0,5,5,0.76,28.24,0.0,,16.67,2.7,,83.33,42.75,42.0,0.32,0.32,0.01,1.32,0.0,0.14
2020-11-15,2020-11,46,1,desktop,shop.googlemerchandisestore.com,referral,(referral),new_session,44,44,1182,395,159,0,0,12,5,1,12,0,4,1,0,3,20,1,46.0,5,5,2.27,27.27,0.0,,25.0,8.33,,75.0,45.45,46.0,1.05,1.05,0.02,3.61,0.0,0.27
2020-11-15,2020-11,46,1,desktop,shop.googlemerchandisestore.com,referral,(referral),returning_session,59,58,603,184,49,0,0,10,1,1,11,0,3,1,0,2,37,1,26.0,15,5,1.69,18.64,0.0,,33.33,9.09,,66.67,62.71,26.0,0.45,0.44,0.02,0.83,0.0,0.17
2020-11-15,2020-11,46,1,desktop,google,organic,(organic),returning_session,77,73,917,317,67,0,0,14,3,1,10,0,3,1,0,2,51,1,74.0,2,2,1.3,12.99,0.0,,33.33,10.0,,66.67,66.23,74.0,1.01,0.96,0.01,0.87,0.0,0.18
2020-11-15,2020-11,46,1,desktop,(data deleted),(data deleted),(data deleted),returning_session,75,72,896,286,66,0,0,18,11,2,16,0,5,2,0,3,48,2,140.0,2,2,2.67,21.33,0.0,,40.0,12.5,,60.0,64.0,70.0,1.94,1.87,0.03,0.88,0.0,0.24
2020-11-15,2020-11,46,1,desktop,<Other>,referral,(referral),returning_session,41,40,856,250,107,0,0,24,13,2,12,0,5,2,0,3,19,2,84.0,4,4,4.88,29.27,0.0,,40.0,16.67,,60.0,46.34,42.0,2.1,2.05,0.05,2.61,0.0,0.59
2020-11-15,2020-11,46,1,mobile,(data deleted),(data deleted),(data deleted),returning_session,43,40,628,184,73,0,0,14,9,1,9,0,2,1,0,1,25,1,25.0,1,1,2.33,20.93,0.0,,50.0,11.11,,50.0,58.14,25.0,0.63,0.58,0.03,1.7,0.0,0.33
2020-11-15,2020-11,46,1,desktop,(direct),(none),(direct),returning_session,84,77,898,260,95,0,0,14,7,3,18,0,5,3,0,2,53,3,373.0,14,11,3.57,21.43,0.0,,60.0,16.67,,40.0,63.1,124.33,4.84,4.44,0.04,1.13,0.0,0.17
2020-11-15,2020-11,46,1,desktop,<Other>,organic,(organic),new_session,35,35,594,157,114,0,0,6,5,2,15,0,2,2,0,0,14,2,140.0,5,5,5.71,42.86,0.0,,100.0,13.33,,0.0,40.0,70.0,4.0,4.0,0.06,3.26,0.0,0.17
2020-11-15,2020-11,46,1,desktop,google,cpc,<Other>,new_session,45,45,448,124,30,0,0,2,1,1,9,0,1,1,0,0,28,1,129.0,9,6,2.22,20.0,0.0,,100.0,11.11,,0.0,62.22,129.0,2.87,2.87,0.02,0.67,0.0,0.04
2020-11-15,2020-11,46,1,mobile,google,organic,(organic),returning_session,50,46,433,134,39,0,0,2,1,1,12,0,1,1,0,0,33,1,90.0,2,2,2.0,24.0,0.0,,100.0,8.33,,0.0,66.0,90.0,1.96,1.8,0.02,0.78,0.0,0.04
2020-11-15,2020-11,46,1,tablet,<Other>,referral,(referral),returning_session,1,1,408,141,62,0,0,6,4,1,1,0,1,1,0,0,0,1,174.0,6,6,100.0,100.0,0.0,,100.0,100.0,,0.0,0.0,174.0,174.0,174.0,1.0,62.0,0.0,6.0
2020-11-15,2020-11,46,1,mobile,(direct),(none),(direct),returning_session,48,48,375,107,34,0,0,2,2,1,7,0,1,1,0,0,31,1,48.0,1,1,2.08,14.58,0.0,,100.0,14.29,,0.0,64.58,48.0,1.0,1.0,0.02,0.71,0.0,0.04
2020-11-15,2020-11,46,1,mobile,shop.googlemerchandisestore.com,referral,(referral),returning_session,44,41,659,208,60,0,0,12,10,2,9,0,2,2,0,0,27,2,82.0,4,4,4.55,20.45,0.0,,100.0,22.22,,0.0,61.36,41.0,2.0,1.86,0.05,1.36,0.0,0.27
2020-11-17,2020-11,46,3,tablet,google,cpc,<Other>,new_session,4,4,68,22,5,0,0,0,0,0,2,0,0,0,0,0,1,0,0.0,0,0,0.0,50.0,0.0,,,0.0,,,25.0,,0.0,0.0,0.0,1.25,0.0,0.0
2020-11-17,2020-11,46,3,mobile,<Other>,organic,(organic),returning_session,6,6,58,16,6,0,0,0,0,0,1,0,0,0,0,0,4,0,0.0,0,0,0.0,16.67,0.0,,,0.0,,,66.67,,0.0,0.0,0.0,1.0,0.0,0.0
2020-11-17,2020-11,46,3,desktop,<Other>,(data deleted),(data deleted),returning_session,2,2,4,0,1,0,0,0,0,0,1,0,0,0,0,0,1,0,0.0,0,0,0.0,50.0,0.0,,,0.0,,,50.0,,0.0,0.0,0.0,0.5,0.0,0.0
2020-11-17,2020-11,46,3,mobile,(data deleted),(data deleted),<Other>,returning_session,3,3,24,6,4,0,0,0,0,0,1,0,0,0,0,0,1,0,0.0,0,0,0.0,33.33,0.0,,,0.0,,,33.33,,0.0,0.0,0.0,1.33,0.0,0.0
2020-11-17,2020-11,46,3,tablet,(direct),(none),(direct),returning_session,3,3,6,1,0,0,0,0,0,0,0,0,0,0,0,0,3,0,0.0,0,0,0.0,0.0,,,,,,,100.0,,0.0,0.0,0.0,0.0,0.0,0.0
2020-11-17,2020-11,46,3,desktop,(data deleted),(data deleted),(data deleted),new_session,3,3,30,13,0,0,0,0,0,0,0,0,0,0,0,0,0,0,0.0,0,0,0.0,0.0,,,,,,,0.0,,0.0,0.0,0.0,0.0,0.0,0.0
2020-11-17,2020-11,46,3,tablet,shop.googlemerchandisestore.com,referral,(referral),new_session,1,1,5,1,1,0,0,0,0,0,1,0,0,0,0,0,0,0,0.0,0,0,0.0,100.0,0.0,,,0.0,,,0.0,,0.0,0.0,0.0,1.0,0.0,0.0
2020-11-17,2020-11,46,3,mobile,google,cpc,<Other>,returning_session,7,7,36,11,3,0,0,0,0,0,2,0,0,0,0,0,3,0,0.0,0,0,0.0,28.57,0.0,,,0.0,,,42.86,,0.0,0.0,0.0,0.43,0.0,0.0
2020-11-17,2020-11,46,3,tablet,<Other>,referral,(referral),returning_session,2,2,6,1,0,0,0,0,0,0,0,0,0,0,0,0,2,0,0.0,0,0,0.0,0.0,,,,,,,100.0,,0.0,0.0,0.0,0.0,0.0,0.0
2020-11-17,2020-11,46,3,tablet,<Other>,referral,(referral),new_session,6,6,48,15,0,0,0,0,0,0,0,0,0,0,0,0,1,0,0.0,0,0,0.0,0.0,,,,,,,16.67,,0.0,0.0,0.0,0.0,0.0,0.0
2020-11-17,2020-11,46,3,mobile,(data deleted),(data deleted),(data deleted),new_session,4,4,21,6,2,0,0,0,0,0,1,0,0,0,0,0,3,0,0.0,0,0,0.0,25.0,0.0,,,0.0,,,75.0,,0.0,0.0,0.0,0.5,0.0,0.0
2020-11-17,2020-11,46,3,desktop,(data deleted),(data deleted),<Other>,returning_session,3,3,12,3,1,0,0,0,0,0,1,0,0,0,0,0,2,0,0.0,0,0,0.0,33.33,0.0,,,0.0,,,66.67,,0.0,0.0,0.0,0.33,0.0,0.0
2020-11-17,2020-11,46,3,tablet,google,organic,(organic),returning_session,4,4,9,1,0,0,0,0,0,0,0,0,0,0,0,0,4,0,0.0,0,0,0.0,0.0,,,,,,,100.0,,0.0,0.0,0.0,0.0,0.0,0.0
2020-11-17,2020-11,46,3,tablet,(data deleted),(data deleted),(data deleted),returning_session,9,8,102,27,5,0,0,6,1,0,2,0,1,0,0,1,5,0,0.0,0,0,0.0,22.22,0.0,,0.0,0.0,,100.0,55.56,,0.0,0.0,0.0,0.56,0.0,0.67
2020-11-17,2020-11,46,3,tablet,(direct),(none),(direct),new_session,15,15,487,151,78,0,0,6,2,0,3,0,2,0,0,2,9,0,0.0,0,0,0.0,20.0,0.0,,0.0,0.0,,100.0,60.0,,0.0,0.0,0.0,5.2,0.0,0.4
2020-11-17,2020-11,46,3,desktop,google,cpc,<Other>,returning_session,11,11,189,56,13,0,0,12,2,0,5,0,1,0,0,1,5,0,0.0,0,0,0.0,45.45,0.0,,0.0,0.0,,100.0,45.45,,0.0,0.0,0.0,1.18,0.0,1.09
2020-11-17,2020-11,46,3,mobile,<Other>,(data deleted),(data deleted),returning_session,3,3,71,23,6,1,0,2,2,1,2,1,1,1,0,0,1,1,22.0,2,2,33.33,66.67,50.0,100.0,100.0,50.0,0.0,0.0,33.33,22.0,7.33,7.33,0.33,2.0,0.33,0.67
2020-11-17,2020-11,46,3,desktop,(direct),(none),(direct),returning_session,163,157,1836,548,184,4,0,15,13,4,41,3,5,4,1,1,94,4,442.0,14,14,2.45,25.15,7.32,166.67,80.0,9.76,33.33,20.0,57.67,110.5,2.82,2.71,0.03,1.13,0.02,0.09
2020-11-17,2020-11,46,3,desktop,<Other>,<Other>,<Other>,returning_session,48,48,681,197,86,17,0,7,5,4,11,4,2,2,2,0,26,4,169.0,12,12,4.17,22.92,36.36,50.0,100.0,18.18,50.0,0.0,54.17,42.25,3.52,3.52,0.08,1.79,0.35,0.15
2020-11-17,2020-11,46,3,mobile,<Other>,<Other>,<Other>,returning_session,33,32,652,183,88,4,0,8,6,3,11,2,3,3,1,0,17,3,89.0,7,7,9.09,33.33,18.18,150.0,100.0,27.27,50.0,0.0,51.52,29.67,2.78,2.7,0.09,2.67,0.12,0.24
2020-11-17,2020-11,46,3,desktop,<Other>,referral,(referral),returning_session,81,80,1152,331,119,26,0,22,13,5,21,7,8,5,4,3,49,5,257.0,20,16,6.17,25.93,33.33,114.29,62.5,23.81,57.14,37.5,60.49,51.4,3.21,3.17,0.06,1.47,0.32,0.27
2020-11-17,2020-11,46,3,desktop,(data deleted),(data deleted),(data deleted),returning_session,194,184,3192,961,339,34,0,63,40,9,55,11,15,9,7,6,102,9,551.0,26,23,4.64,28.35,20.0,136.36,60.0,16.36,63.64,40.0,52.58,61.22,2.99,2.84,0.05,1.75,0.18,0.32
2020-11-17,2020-11,46,3,desktop,shop.googlemerchandisestore.com,referral,(referral),returning_session,128,123,2064,623,182,29,0,55,29,7,35,6,10,7,4,3,73,7,523.0,47,29,5.47,27.34,17.14,166.67,70.0,20.0,66.67,30.0,57.03,74.71,4.25,4.09,0.06,1.42,0.23,0.43
2020-11-17,2020-11,46,3,mobile,(direct),(none),(direct),returning_session,137,129,2164,638,230,21,0,46,28,9,40,6,9,7,4,2,63,9,702.0,32,29,5.11,29.2,15.0,150.0,77.78,17.5,66.67,22.22,45.99,78.0,5.44,5.12,0.07,1.68,0.15,0.34
2020-11-17,2020-11,46,3,desktop,google,organic,(organic),returning_session,152,147,1616,478,159,11,0,12,10,4,45,6,5,4,4,1,81,4,192.0,36,8,2.63,29.61,13.33,83.33,80.0,8.89,66.67,20.0,53.29,48.0,1.31,1.26,0.03,1.05,0.07,0.08
2020-11-17,2020-11,46,3,mobile,google,organic,(organic),returning_session,143,136,2543,758,235,21,0,80,35,7,41,11,15,7,8,8,76,7,470.0,39,21,4.9,28.67,26.83,136.36,46.67,17.07,72.73,53.33,53.15,67.14,3.46,3.29,0.05,1.64,0.15,0.56
2020-11-17,2020-11,46,3,mobile,(data deleted),(data deleted),(data deleted),returning_session,143,133,2051,591,238,22,0,31,18,7,39,11,10,7,8,3,78,7,319.0,19,19,4.9,27.27,28.21,90.91,70.0,17.95,72.73,30.0,54.55,45.57,2.4,2.23,0.05,1.66,0.15,0.22
2020-11-17,2020-11,46,3,desktop,shop.googlemerchandisestore.com,referral,(referral),new_session,77,77,1345,420,124,18,0,18,4,2,17,8,6,2,6,4,40,2,115.0,7,7,2.6,22.08,47.06,75.0,33.33,11.76,75.0,66.67,51.95,57.5,1.49,1.49,0.03,1.61,0.23,0.23
2020-11-17,2020-11,46,3,desktop,(direct),(none),(direct),new_session,350,350,5431,1639,590,62,0,53,21,10,102,29,18,9,23,9,162,10,888.0,45,37,2.57,29.14,28.43,62.07,50.0,8.82,79.31,50.0,46.29,88.8,2.54,2.54,0.03,1.69,0.18,0.15
2020-11-17,2020-11,46,3,mobile,shop.googlemerchandisestore.com,referral,(referral),returning_session,98,97,1128,333,122,22,0,16,9,2,26,11,5,2,9,3,53,2,62.0,9,5,2.04,26.53,42.31,45.45,40.0,7.69,81.82,60.0,54.08,31.0,0.64,0.63,0.02,1.24,0.22,0.16
2020-11-17,2020-11,46,3,mobile,google,organic,(organic),new_session,349,349,6016,1840,611,62,0,61,21,9,85,18,16,4,15,12,154,9,308.0,23,23,1.15,24.36,21.18,88.89,25.0,4.71,83.33,75.0,44.13,34.22,0.88,0.88,0.03,1.75,0.18,0.17
2020-11-17,2020-11,46,3,mobile,<Other>,referral,(referral),new_session,108,108,951,271,59,8,0,10,2,1,26,7,5,1,6,4,53,1,27.0,2,2,0.93,24.07,26.92,71.43,20.0,3.85,85.71,80.0,49.07,27.0,0.25,0.25,0.01,0.55,0.07,0.09
2020-11-17,2020-11,46,3,mobile,<Other>,<Other>,<Other>,new_session,185,185,2594,790,287,27,0,14,6,3,43,14,8,3,12,5,106,3,401.0,30,13,1.62,23.24,32.56,57.14,37.5,6.98,85.71,62.5,57.3,133.67,2.17,2.17,0.02,1.55,0.15,0.08
2020-11-17,2020-11,46,3,desktop,<Other>,<Other>,<Other>,new_session,262,262,4023,1246,409,27,0,39,2,2,73,15,10,2,13,8,127,2,129.0,11,7,0.76,27.86,20.55,66.67,20.0,2.74,86.67,80.0,48.47,64.5,0.49,0.49,0.01,1.56,0.1,0.15
2020-11-17,2020-11,46,3,desktop,google,organic,(organic),new_session,549,549,6565,1928,529,46,0,46,12,7,144,27,14,4,24,10,261,7,372.0,20,20,0.73,26.23,18.75,51.85,28.57,2.78,88.89,71.43,47.54,53.14,0.68,0.68,0.01,0.96,0.08,0.08
2020-11-17,2020-11,46,3,tablet,<Other>,organic,(organic),new_session,3,3,47,14,1,1,0,0,0,0,1,1,0,0,1,0,1,0,0.0,0,0,0.0,33.33,100.0,0.0,,0.0,100.0,,33.33,,0.0,0.0,0.0,0.33,0.33,0.0
2020-11-17,2020-11,46,3,tablet,shop.googlemerchandisestore.com,referral,(referral),returning_session,8,8,75,24,2,1,0,0,0,0,2,1,0,0,1,0,2,0,0.0,0,0,0.0,25.0,50.0,0.0,,0.0,100.0,,25.0,,0.0,0.0,0.0,0.25,0.13,0.0
2020-11-17,2020-11,46,3,desktop,<Other>,organic,(organic),returning_session,17,17,205,59,24,3,0,0,0,0,3,1,0,0,1,0,8,0,0.0,0,0,0.0,17.65,33.33,0.0,,0.0,100.0,,47.06,,0.0,0.0,0.0,1.41,0.18,0.0
2020-11-17,2020-11,46,3,tablet,<Other>,<Other>,<Other>,new_session,7,7,46,11,1,1,0,0,0,0,1,1,0,0,1,0,5,0,0.0,0,0,0.0,14.29,100.0,0.0,,0.0,100.0,,71.43,,0.0,0.0,0.0,0.14,0.14,0.0
2020-11-17,2020-11,46,3,tablet,<Other>,<Other>,<Other>,returning_session,3,3,36,11,2,2,0,0,0,0,2,1,0,0,1,0,1,0,0.0,0,0,0.0,66.67,50.0,0.0,,0.0,100.0,,33.33,,0.0,0.0,0.0,0.67,0.67,0.0
2020-11-17,2020-11,46,3,mobile,<Other>,organic,(organic),new_session,33,33,622,208,89,4,0,3,0,0,8,3,2,0,3,2,14,0,0.0,0,0,0.0,24.24,37.5,66.67,0.0,0.0,100.0,100.0,42.42,,0.0,0.0,0.0,2.7,0.12,0.09
2020-11-17,2020-11,46,3,mobile,(direct),(none),(direct),new_session,256,256,3720,1150,365,14,0,18,3,0,57,10,9,0,10,9,121,0,0.0,0,0,0.0,22.27,17.54,90.0,0.0,0.0,100.0,100.0,47.27,,0.0,0.0,0.0,1.43,0.05,0.07
2020-11-17,2020-11,46,3,desktop,google,cpc,<Other>,new_session,73,73,1020,300,88,4,0,2,0,0,22,4,1,0,4,1,23,0,0.0,0,0,0.0,30.14,18.18,25.0,0.0,0.0,100.0,100.0,31.51,,0.0,0.0,0.0,1.21,0.05,0.03
2020-11-17,2020-11,46,3,mobile,google,cpc,<Other>,new_session,46,46,508,149,34,1,0,2,0,0,13,1,1,0,1,1,20,0,0.0,0,0,0.0,28.26,7.69,100.0,0.0,0.0,100.0,100.0,43.48,,0.0,0.0,0.0,0.74,0.02,0.04
2020-11-17,2020-11,46,3,tablet,google,organic,(organic),new_session,16,16,464,163,71,3,0,2,0,0,6,2,1,0,2,1,8,0,0.0,0,0,0.0,37.5,33.33,50.0,0.0,0.0,100.0,100.0,50.0,,0.0,0.0,0.0,4.44,0.19,0.13
2020-11-17,2020-11,46,3,mobile,<Other>,referral,(referral),returning_session,70,70,1039,320,115,10,0,2,1,0,19,6,1,0,6,1,32,0,0.0,0,0,0.0,27.14,31.58,16.67,0.0,0.0,100.0,100.0,45.71,,0.0,0.0,0.0,1.64,0.14,0.03
2020-11-17,2020-11,46,3,mobile,shop.googlemerchandisestore.com,referral,(referral),new_session,62,62,1079,349,127,9,0,9,0,0,17,7,5,0,7,5,29,0,0.0,0,0,0.0,27.42,41.18,71.43,0.0,0.0,100.0,100.0,46.77,,0.0,0.0,0.0,2.05,0.15,0.15
2020-11-17,2020-11,46,3,desktop,<Other>,referral,(referral),new_session,134,134,2221,701,212,11,0,15,3,1,30,6,7,1,6,6,63,1,35.0,2,2,0.75,22.39,20.0,116.67,14.29,3.33,100.0,85.71,47.01,35.0,0.26,0.26,0.01,1.58,0.08,0.11
2020-11-17,2020-11,46,3,desktop,<Other>,organic,(organic),new_session,49,49,1038,336,117,7,0,12,1,1,20,6,4,1,6,3,15,1,154.0,3,3,2.04,40.82,30.0,66.67,25.0,5.0,100.0,75.0,30.61,154.0,3.14,3.14,0.02,2.39,0.14,0.24
2020-12-15,2020-12,50,3,tablet,shop.googlemerchandisestore.com,referral,(referral),returning_session,7,7,51,15,4,1,0,0,0,0,3,1,0,0,1,0,4,0,0.0,0,0,0.0,42.86,33.33,0.0,,0.0,100.0,,57.14,,0.0,0.0,0.0,0.57,0.14,0.0
2020-12-15,2020-12,50,3,mobile,<Other>,(data deleted),(data deleted),returning_session,5,5,33,9,2,0,0,0,0,0,1,0,0,0,0,0,4,0,0.0,0,0,0.0,20.0,0.0,,,0.0,,,80.0,,0.0,0.0,0.0,0.4,0.0,0.0
2020-12-15,2020-12,50,3,tablet,google,organic,(organic),returning_session,2,2,6,1,0,0,0,0,0,0,0,0,0,0,0,0,2,0,0.0,0,0,0.0,0.0,,,,,,,100.0,,0.0,0.0,0.0,0.0,0.0,0.0
2020-12-15,2020-12,50,3,tablet,(data deleted),(data deleted),(data deleted),returning_session,8,8,35,9,3,0,0,0,0,0,1,0,0,0,0,0,6,0,0.0,0,0,0.0,12.5,0.0,,,0.0,,,75.0,,0.0,0.0,0.0,0.38,0.0,0.0
2020-12-15,2020-12,50,3,tablet,shop.googlemerchandisestore.com,referral,(referral),new_session,3,3,22,6,1,0,0,0,0,0,1,0,0,0,0,0,2,0,0.0,0,0,0.0,33.33,0.0,,,0.0,,,66.67,,0.0,0.0,0.0,0.33,0.0,0.0
2020-12-15,2020-12,50,3,tablet,<Other>,<Other>,<Other>,returning_session,5,5,176,49,45,3,0,0,0,0,3,2,0,0,2,0,2,0,0.0,0,0,0.0,60.0,66.67,0.0,,0.0,100.0,,40.0,,0.0,0.0,0.0,9.0,0.6,0.0
2020-12-15,2020-12,50,3,mobile,google,cpc,<Other>,returning_session,10,10,143,50,18,1,0,0,0,0,2,1,0,0,1,0,6,0,0.0,0,0,0.0,20.0,50.0,0.0,,0.0,100.0,,60.0,,0.0,0.0,0.0,1.8,0.1,0.0
2020-12-15,2020-12,50,3,mobile,(data deleted),(data deleted),(data deleted),new_session,5,5,52,19,6,0,0,0,0,0,2,0,0,0,0,0,2,0,0.0,0,0,0.0,40.0,0.0,,,0.0,,,40.0,,0.0,0.0,0.0,1.2,0.0,0.0
2020-12-15,2020-12,50,3,tablet,<Other>,referral,(referral),new_session,6,6,29,7,0,0,0,0,0,0,0,0,0,0,0,0,5,0,0.0,0,0,0.0,0.0,,,,,,,83.33,,0.0,0.0,0.0,0.0,0.0,0.0
2020-12-15,2020-12,50,3,tablet,<Other>,organic,(organic),new_session,1,1,4,1,0,0,0,0,0,0,0,0,0,0,0,0,1,0,0.0,0,0,0.0,0.0,,,,,,,100.0,,0.0,0.0,0.0,0.0,0.0,0.0
2020-12-15,2020-12,50,3,mobile,shop.googlemerchandisestore.com,referral,(referral),new_session,83,83,580,159,33,0,0,0,0,0,15,0,0,0,0,0,55,0,0.0,0,0,0.0,18.07,0.0,,,0.0,,,66.27,,0.0,0.0,0.0,0.4,0.0,0.0
2020-12-15,2020-12,50,3,desktop,(data deleted),(data deleted),(data deleted),new_session,7,7,21,8,2,0,0,0,0,0,1,0,0,0,0,0,5,0,0.0,0,0,0.0,14.29,0.0,,,0.0,,,71.43,,0.0,0.0,0.0,0.29,0.0,0.0
2020-12-15,2020-12,50,3,mobile,<Other>,organic,(organic),returning_session,4,4,28,8,2,0,0,0,0,0,1,0,0,0,0,0,1,0,0.0,0,0,0.0,25.0,0.0,,,0.0,,,25.0,,0.0,0.0,0.0,0.5,0.0,0.0
2020-12-15,2020-12,50,3,desktop,<Other>,(data deleted),(data deleted),returning_session,5,5,32,8,1,1,0,0,0,0,1,1,0,0,1,0,4,0,0.0,0,0,0.0,20.0,100.0,0.0,,0.0,100.0,,80.0,,0.0,0.0,0.0,0.2,0.2,0.0
2020-12-15,2020-12,50,3,tablet,google,cpc,<Other>,returning_session,1,1,2,0,0,0,0,0,0,0,0,0,0,0,0,0,1,0,0.0,0,0,0.0,0.0,,,,,,,100.0,,0.0,0.0,0.0,0.0,0.0,0.0
2020-12-15,2020-12,50,3,mobile,<Other>,organic,(organic),new_session,52,52,652,174,77,29,0,0,0,0,9,4,0,0,4,0,32,0,0.0,0,0,0.0,17.31,44.44,0.0,,0.0,100.0,,61.54,,0.0,0.0,0.0,1.48,0.56,0.0
2020-12-15,2020-12,50,3,tablet,(data deleted),(data deleted),<Other>,returning_session,1,1,2,0,0,0,0,0,0,0,0,0,0,0,0,0,1,0,0.0,0,0,0.0,0.0,,,,,,,100.0,,0.0,0.0,0.0,0.0,0.0,0.0
2020-12-15,2020-12,50,3,tablet,<Other>,<Other>,<Other>,new_session,15,15,122,35,12,0,0,0,0,0,2,0,0,0,0,0,9,0,0.0,0,0,0.0,13.33,0.0,,,0.0,,,60.0,,0.0,0.0,0.0,0.8,0.0,0.0
2020-12-15,2020-12,50,3,tablet,google,cpc,<Other>,new_session,8,8,35,10,0,0,0,0,0,0,0,0,0,0,0,0,7,0,0.0,0,0,0.0,0.0,,,,,,,87.5,,0.0,0.0,0.0,0.0,0.0,0.0
2020-12-15,2020-12,50,3,tablet,google,organic,(organic),new_session,33,33,656,204,101,14,0,2,0,0,7,3,1,0,3,1,23,0,0.0,0,0,0.0,21.21,42.86,33.33,0.0,0.0,100.0,100.0,69.7,,0.0,0.0,0.0,3.06,0.42,0.06
2020-12-15,2020-12,50,3,mobile,<Other>,referral,(referral),returning_session,66,66,698,206,66,26,0,4,0,0,21,7,2,0,7,2,34,0,0.0,0,0,0.0,31.82,33.33,28.57,0.0,0.0,100.0,100.0,51.52,,0.0,0.0,0.0,1.0,0.39,0.06
2020-12-15,2020-12,50,3,tablet,(direct),(none),(direct),new_session,26,26,749,256,94,17,0,8,0,0,7,4,2,0,4,2,15,0,0.0,0,0,0.0,26.92,57.14,50.0,0.0,0.0,100.0,100.0,57.69,,0.0,0.0,0.0,3.62,0.65,0.31
2020-12-15,2020-12,50,3,desktop,(direct),(none),(direct),new_session,558,558,5171,1488,415,70,0,10,2,1,91,19,3,1,19,2,353,1,13.0,2,1,0.18,16.31,20.88,15.79,33.33,1.1,100.0,66.67,63.26,13.0,0.02,0.02,0.0,0.74,0.13,0.02
2020-12-15,2020-12,50,3,desktop,google,cpc,<Other>,new_session,141,141,1637,464,172,21,0,12,4,1,24,7,3,1,6,2,86,1,89.0,9,5,0.71,17.02,29.17,42.86,33.33,4.17,85.71,66.67,60.99,89.0,0.63,0.63,0.01,1.22,0.15,0.09
2020-12-15,2020-12,50,3,desktop,<Other>,organic,(organic),new_session,85,85,925,250,60,33,0,8,3,1,12,6,2,1,5,1,53,1,76.0,2,2,1.18,14.12,50.0,33.33,50.0,8.33,83.33,50.0,62.35,76.0,0.89,0.89,0.01,0.71,0.39,0.09
2020-12-15,2020-12,50,3,mobile,<Other>,referral,(referral),new_session,162,162,1934,549,200,58,0,8,1,1,35,14,2,1,13,1,100,1,46.0,1,1,0.62,21.6,40.0,14.29,50.0,2.86,92.86,50.0,61.73,46.0,0.28,0.28,0.01,1.23,0.36,0.05
2020-12-15,2020-12,50,3,mobile,<Other>,<Other>,<Other>,returning_session,33,32,371,110,32,17,0,6,3,1,6,3,2,1,2,1,20,1,7.0,1,1,3.03,18.18,50.0,66.67,50.0,16.67,66.67,50.0,60.61,7.0,0.22,0.21,0.03,0.97,0.52,0.18
2020-12-15,2020-12,50,3,desktop,<Other>,organic,(organic),returning_session,16,16,566,167,59,28,0,20,9,6,6,2,2,1,1,1,8,6,95.0,7,7,6.25,37.5,33.33,100.0,50.0,16.67,50.0,50.0,50.0,15.83,5.94,5.94,0.38,3.69,1.75,1.25
2020-12-15,2020-12,50,3,mobile,google,cpc,<Other>,new_session,78,78,810,225,73,1,0,2,1,1,14,1,1,1,1,0,52,1,6.0,2,1,1.28,17.95,7.14,100.0,100.0,7.14,100.0,0.0,66.67,6.0,0.08,0.08,0.01,0.94,0.01,0.03
2020-12-15,2020-12,50,3,mobile,(data deleted),(data deleted),<Other>,returning_session,6,6,159,41,21,15,0,4,3,1,4,4,1,1,3,0,1,1,24.0,2,2,16.67,66.67,100.0,25.0,100.0,25.0,75.0,0.0,16.67,24.0,4.0,4.0,0.17,3.5,2.5,0.67
2020-12-15,2020-12,50,3,tablet,(direct),(none),(direct),returning_session,8,8,90,24,7,4,0,2,2,1,3,1,1,1,1,0,5,1,32.0,1,1,12.5,37.5,33.33,100.0,100.0,33.33,100.0,0.0,62.5,32.0,4.0,4.0,0.13,0.88,0.5,0.25
2020-12-15,2020-12,50,3,desktop,<Other>,referral,(referral),new_session,226,226,2312,656,216,30,0,12,4,2,45,8,4,2,7,2,145,2,69.0,3,3,0.88,19.91,17.78,50.0,50.0,4.44,87.5,50.0,64.16,34.5,0.31,0.31,0.01,0.96,0.13,0.05
2020-12-15,2020-12,50,3,desktop,<Other>,<Other>,<Other>,returning_session,49,49,795,213,111,50,0,8,4,2,15,6,3,2,5,1,24,2,232.0,11,10,4.08,30.61,40.0,50.0,66.67,13.33,83.33,33.33,48.98,116.0,4.73,4.73,0.04,2.27,1.02,0.16
2020-12-15,2020-12,50,3,desktop,google,cpc,<Other>,returning_session,18,17,540,142,83,42,0,16,4,2,4,2,2,2,0,0,10,2,135.0,11,11,11.11,22.22,50.0,100.0,100.0,50.0,0.0,0.0,55.56,67.5,7.94,7.5,0.12,4.61,2.33,0.89
2020-12-15,2020-12,50,3,desktop,shop.googlemerchandisestore.com,referral,(referral),new_session,137,137,1392,393,118,40,0,8,2,2,31,6,2,2,5,0,70,2,165.0,11,10,1.46,22.63,19.35,33.33,100.0,6.45,83.33,0.0,51.09,82.5,1.2,1.2,0.01,0.86,0.29,0.06
2020-12-15,2020-12,50,3,mobile,(direct),(none),(direct),new_session,363,363,3756,1074,351,78,0,27,7,4,80,25,9,3,23,6,221,4,74.0,10,10,0.83,22.04,31.25,36.0,33.33,3.75,92.0,66.67,60.88,18.5,0.2,0.2,0.01,0.97,0.21,0.07
2020-12-15,2020-12,50,3,desktop,<Other>,<Other>,<Other>,new_session,418,418,4146,1174,286,83,0,32,6,4,78,24,9,4,22,5,261,4,282.0,7,7,0.96,18.66,30.77,37.5,44.44,5.13,91.67,55.56,62.44,70.5,0.67,0.67,0.01,0.68,0.2,0.08
2020-12-15,2020-12,50,3,mobile,<Other>,<Other>,<Other>,new_session,294,294,3141,869,221,51,0,40,19,4,49,15,6,4,12,2,175,4,188.0,12,11,1.36,16.67,30.61,40.0,66.67,8.16,80.0,33.33,59.52,47.0,0.64,0.64,0.01,0.75,0.17,0.14
2020-12-15,2020-12,50,3,desktop,(data deleted),(data deleted),(data deleted),returning_session,205,184,3140,915,394,121,0,35,13,6,48,15,9,5,14,4,114,6,369.0,9,10,2.44,23.41,31.25,60.0,55.56,10.42,93.33,44.44,55.61,61.5,2.01,1.8,0.03,1.92,0.59,0.17
2020-12-15,2020-12,50,3,desktop,<Other>,referral,(referral),returning_session,98,94,1870,552,182,47,0,52,26,5,29,15,8,5,11,3,57,5,307.0,12,12,5.1,29.59,51.72,53.33,62.5,17.24,73.33,37.5,58.16,61.4,3.27,3.13,0.05,1.86,0.48,0.53
2020-12-15,2020-12,50,3,mobile,shop.googlemerchandisestore.com,referral,(referral),returning_session,120,114,1524,443,150,39,0,32,18,5,30,13,5,5,9,0,69,5,201.0,8,8,4.17,25.0,43.33,38.46,100.0,16.67,69.23,0.0,57.5,40.2,1.76,1.68,0.04,1.25,0.33,0.27
2020-12-15,2020-12,50,3,desktop,google,organic,(organic),new_session,792,792,8930,2526,871,210,0,39,13,6,149,42,15,6,38,9,492,6,281.0,16,17,0.76,18.81,28.19,35.71,40.0,4.03,90.48,60.0,62.12,46.83,0.35,0.35,0.01,1.1,0.27,0.05
2020-12-15,2020-12,50,3,mobile,google,organic,(organic),new_session,546,546,5984,1710,519,82,0,48,15,7,109,28,13,6,22,7,342,7,338.0,19,18,1.1,19.96,25.69,46.43,46.15,5.5,78.57,53.85,62.64,48.29,0.62,0.62,0.01,0.95,0.15,0.09
2020-12-15,2020-12,50,3,mobile,(data deleted),(data deleted),(data deleted),returning_session,148,137,3126,904,398,141,0,56,28,8,43,22,10,8,17,2,84,8,601.0,21,19,5.41,29.05,51.16,45.45,80.0,18.6,77.27,20.0,56.76,75.13,4.39,4.06,0.06,2.69,0.95,0.38
2020-12-15,2020-12,50,3,mobile,google,organic,(organic),returning_session,163,153,2545,728,277,107,0,50,28,10,47,18,15,9,11,6,85,10,913.0,47,27,5.52,28.83,38.3,83.33,60.0,19.15,61.11,40.0,52.15,91.3,5.97,5.6,0.07,1.7,0.66,0.31
2020-12-15,2020-12,50,3,mobile,(direct),(none),(direct),returning_session,125,116,2300,649,248,63,0,72,32,11,34,16,13,9,11,4,68,11,842.0,30,26,7.2,27.2,47.06,81.25,69.23,26.47,68.75,30.77,54.4,76.55,7.26,6.74,0.09,1.98,0.5,0.58
2020-12-15,2020-12,50,3,desktop,shop.googlemerchandisestore.com,referral,(referral),returning_session,151,139,2987,881,339,109,0,45,20,12,50,20,14,11,12,3,71,12,775.0,52,25,7.28,33.11,40.0,70.0,78.57,22.0,60.0,21.43,47.02,64.58,5.58,5.13,0.09,2.25,0.72,0.3
2020-12-15,2020-12,50,3,desktop,(direct),(none),(direct),returning_session,231,224,4237,1221,537,175,0,87,39,21,70,27,16,13,16,3,122,20,1841.0,70,54,5.63,30.3,38.57,59.26,81.25,18.57,59.26,18.75,52.81,92.05,8.22,7.97,0.09,2.32,0.76,0.38
2020-12-15,2020-12,50,3,desktop,google,organic,(organic),returning_session,217,203,4333,1252,525,134,0,74,39,15,61,25,18,14,14,4,106,15,2279.0,145,51,6.45,28.11,40.98,72.0,77.78,22.95,56.0,22.22,48.85,151.93,11.23,10.5,0.07,2.42,0.62,0.34
2020-12-02,2020-12,48,4,desktop,(data deleted),(data deleted),(data deleted),new_session,7,7,64,21,6,0,0,0,0,0,1,0,0,0,0,0,2,0,0.0,0,0,0.0,14.29,0.0,,,0.0,,,28.57,,0.0,0.0,0.0,0.86,0.0,0.0
2020-12-02,2020-12,48,4,tablet,(data deleted),(data deleted),(data deleted),new_session,1,1,36,12,4,0,0,0,0,0,1,0,0,0,0,0,0,0,0.0,0,0,0.0,100.0,0.0,,,0.0,,,0.0,,0.0,0.0,0.0,4.0,0.0,0.0
2020-12-02,2020-12,48,4,tablet,shop.googlemerchandisestore.com,referral,(referral),new_session,6,6,48,13,1,0,0,0,0,0,1,0,0,0,0,0,2,0,0.0,0,0,0.0,16.67,0.0,,,0.0,,,33.33,,0.0,0.0,0.0,0.17,0.0,0.0
2020-12-02,2020-12,48,4,mobile,<Other>,organic,(organic),new_session,43,43,320,91,12,0,0,0,0,0,8,0,0,0,0,0,24,0,0.0,0,0,0.0,18.6,0.0,,,0.0,,,55.81,,0.0,0.0,0.0,0.28,0.0,0.0
2020-12-02,2020-12,48,4,tablet,google,organic,(organic),returning_session,6,6,37,11,2,0,0,0,0,0,2,0,0,0,0,0,3,0,0.0,0,0,0.0,33.33,0.0,,,0.0,,,50.0,,0.0,0.0,0.0,0.33,0.0,0.0
2020-12-02,2020-12,48,4,mobile,(data deleted),(data deleted),(data deleted),new_session,1,1,2,0,0,0,0,0,0,0,0,0,0,0,0,0,1,0,0.0,0,0,0.0,0.0,,,,,,,100.0,,0.0,0.0,0.0,0.0,0.0,0.0
2020-12-02,2020-12,48,4,tablet,(direct),(none),(direct),returning_session,9,9,73,20,8,0,0,0,0,0,3,0,0,0,0,0,4,0,0.0,0,0,0.0,33.33,0.0,,,0.0,,,44.44,,0.0,0.0,0.0,0.89,0.0,0.0
2020-12-02,2020-12,48,4,mobile,<Other>,(data deleted),(data deleted),returning_session,4,4,47,13,6,0,0,0,0,0,1,0,0,0,0,0,3,0,0.0,0,0,0.0,25.0,0.0,,,0.0,,,75.0,,0.0,0.0,0.0,1.5,0.0,0.0
2020-12-02,2020-12,48,4,tablet,<Other>,referral,(referral),new_session,1,1,7,2,0,0,0,0,0,0,0,0,0,0,0,0,0,0,0.0,0,0,0.0,0.0,,,,,,,0.0,,0.0,0.0,0.0,0.0,0.0,0.0
2020-12-02,2020-12,48,4,tablet,<Other>,<Other>,<Other>,returning_session,1,1,2,0,0,0,0,0,0,0,0,0,0,0,0,0,1,0,0.0,0,0,0.0,0.0,,,,,,,100.0,,0.0,0.0,0.0,0.0,0.0,0.0
2020-12-02,2020-12,48,4,tablet,google,cpc,<Other>,new_session,4,4,36,11,0,0,0,0,0,0,0,0,0,0,0,0,1,0,0.0,0,0,0.0,0.0,,,,,,,25.0,,0.0,0.0,0.0,0.0,0.0,0.0
2020-12-02,2020-12,48,4,tablet,<Other>,referral,(referral),returning_session,5,5,18,4,0,0,0,0,0,0,0,0,0,0,0,0,4,0,0.0,0,0,0.0,0.0,,,,,,,80.0,,0.0,0.0,0.0,0.0,0.0,0.0
2020-12-02,2020-12,48,4,tablet,<Other>,organic,(organic),new_session,6,6,82,27,3,0,0,0,0,0,2,0,0,0,0,0,2,0,0.0,0,0,0.0,33.33,0.0,,,0.0,,,33.33,,0.0,0.0,0.0,0.5,0.0,0.0
2020-12-02,2020-12,48,4,desktop,(data deleted),(data deleted),<Other>,returning_session,4,4,24,7,1,0,0,0,0,0,1,0,0,0,0,0,1,0,0.0,0,0,0.0,25.0,0.0,,,0.0,,,25.0,,0.0,0.0,0.0,0.25,0.0,0.0
2020-12-02,2020-12,48,4,desktop,<Other>,organic,(organic),new_session,64,64,508,141,34,6,0,0,0,0,16,1,0,0,1,0,33,0,0.0,0,0,0.0,25.0,6.25,0.0,,0.0,100.0,,51.56,,0.0,0.0,0.0,0.53,0.09,0.0
2020-12-02,2020-12,48,4,desktop,<Other>,organic,(organic),returning_session,17,17,152,45,14,1,0,4,1,0,3,1,1,0,1,1,10,0,0.0,0,0,0.0,17.65,33.33,100.0,0.0,0.0,100.0,100.0,58.82,,0.0,0.0,0.0,0.82,0.06,0.24
2020-12-02,2020-12,48,4,desktop,shop.googlemerchandisestore.com,referral,(referral),new_session,94,94,1489,455,149,32,0,16,2,0,33,10,5,0,10,5,38,0,0.0,0,0,0.0,35.11,30.3,50.0,0.0,0.0,100.0,100.0,40.43,,0.0,0.0,0.0,1.59,0.34,0.17
2020-12-02,2020-12,48,4,desktop,<Other>,referral,(referral),new_session,151,151,1514,433,125,12,0,2,1,0,30,5,1,0,5,1,82,0,0.0,0,0,0.0,19.87,16.67,20.0,0.0,0.0,100.0,100.0,54.3,,0.0,0.0,0.0,0.83,0.08,0.01
2020-12-02,2020-12,48,4,mobile,shop.googlemerchandisestore.com,referral,(referral),new_session,70,70,598,171,46,4,0,2,0,0,12,3,1,0,3,1,39,0,0.0,0,0,0.0,17.14,25.0,33.33,0.0,0.0,100.0,100.0,55.71,,0.0,0.0,0.0,0.66,0.06,0.03
2020-12-02,2020-12,48,4,tablet,google,organic,(organic),new_session,33,33,289,73,31,4,0,0,0,0,7,2,0,0,2,0,17,0,0.0,0,0,0.0,21.21,28.57,0.0,,0.0,100.0,,51.52,,0.0,0.0,0.0,0.94,0.12,0.0
2020-12-02,2020-12,48,4,tablet,<Other>,<Other>,<Other>,new_session,16,16,179,51,7,1,0,0,0,0,3,1,0,0,1,0,7,0,0.0,0,0,0.0,18.75,33.33,0.0,,0.0,100.0,,43.75,,0.0,0.0,0.0,0.44,0.06,0.0
2020-12-02,2020-12,48,4,tablet,(direct),(none),(direct),new_session,16,16,420,154,52,3,0,2,0,0,6,2,1,0,2,1,9,0,0.0,0,0,0.0,37.5,33.33,50.0,0.0,0.0,100.0,100.0,56.25,,0.0,0.0,0.0,3.25,0.19,0.13
2020-12-02,2020-12,48,4,desktop,<Other>,(data deleted),(data deleted),returning_session,6,6,103,30,9,4,0,2,1,0,1,1,1,0,1,1,5,0,0.0,0,0,0.0,16.67,100.0,100.0,0.0,0.0,100.0,100.0,83.33,,0.0,0.0,0.0,1.5,0.67,0.33
2020-12-02,2020-12,48,4,mobile,google,cpc,<Other>,returning_session,7,7,54,14,1,2,0,2,0,0,1,1,1,0,1,1,4,0,0.0,0,0,0.0,14.29,100.0,100.0,0.0,0.0,100.0,100.0,57.14,,0.0,0.0,0.0,0.14,0.29,0.29
2020-12-02,2020-12,48,4,mobile,(data deleted),(data deleted),<Other>,returning_session,3,3,60,17,2,2,0,4,3,1,1,1,1,1,0,0,2,1,26.0,2,2,33.33,33.33,100.0,100.0,100.0,100.0,0.0,0.0,66.67,26.0,8.67,8.67,0.33,0.67,0.67,1.33
2020-12-02,2020-12,48,4,tablet,shop.googlemerchandisestore.com,referral,(referral),returning_session,4,4,147,47,18,7,0,2,1,2,1,1,1,1,0,0,1,1,114.0,6,6,25.0,25.0,100.0,100.0,100.0,100.0,0.0,0.0,25.0,114.0,28.5,28.5,0.25,4.5,1.75,0.5
2020-12-02,2020-12,48,4,desktop,google,cpc,<Other>,returning_session,12,12,323,88,29,18,0,18,6,1,2,1,1,1,0,0,7,1,49.0,4,4,8.33,16.67,50.0,100.0,100.0,50.0,0.0,0.0,58.33,49.0,4.08,4.08,0.08,2.42,1.5,1.5
2020-12-02,2020-12,48,4,mobile,<Other>,organic,(organic),returning_session,11,11,260,79,33,13,0,4,2,1,3,2,1,1,1,0,7,1,91.0,6,6,9.09,27.27,66.67,50.0,100.0,33.33,50.0,0.0,63.64,91.0,8.27,8.27,0.09,3.0,1.18,0.36
2020-12-02,2020-12,48,4,mobile,<Other>,referral,(referral),returning_session,60,58,496,137,50,13,0,8,1,1,14,4,2,1,3,1,40,1,146.0,4,4,1.67,23.33,28.57,50.0,50.0,7.14,75.0,50.0,66.67,146.0,2.52,2.43,0.02,0.83,0.22,0.13
2020-12-02,2020-12,48,4,mobile,<Other>,<Other>,<Other>,returning_session,27,27,686,195,94,33,0,12,5,1,8,5,2,1,4,1,13,1,57.0,4,4,3.7,29.63,62.5,40.0,50.0,12.5,80.0,50.0,48.15,57.0,2.11,2.11,0.04,3.48,1.22,0.44
2020-12-02,2020-12,48,4,mobile,<Other>,referral,(referral),new_session,120,120,1311,380,124,29,0,8,2,1,30,9,3,1,8,2,70,1,48.0,4,4,0.83,25.0,30.0,33.33,33.33,3.33,88.89,66.67,58.33,48.0,0.4,0.4,0.01,1.03,0.24,0.07
2020-12-02,2020-12,48,4,mobile,(direct),(none),(direct),new_session,296,296,4106,1285,420,63,0,18,1,1,68,16,8,1,15,7,155,1,41.0,7,4,0.34,22.97,23.53,50.0,12.5,1.47,93.75,87.5,52.36,41.0,0.14,0.14,0.0,1.42,0.21,0.06
2020-12-02,2020-12,48,4,tablet,(data deleted),(data deleted),(data deleted),returning_session,10,9,228,67,22,9,0,6,2,2,3,1,2,2,0,0,5,2,81.0,2,2,20.0,30.0,33.33,200.0,100.0,66.67,0.0,0.0,50.0,40.5,9.0,8.1,0.22,2.2,0.9,0.6
2020-12-02,2020-12,48,4,desktop,<Other>,<Other>,<Other>,returning_session,54,53,1117,323,146,45,0,18,11,2,17,7,2,2,5,0,27,2,231.0,25,17,3.7,31.48,41.18,28.57,100.0,11.76,71.43,0.0,50.0,115.5,4.36,4.28,0.04,2.7,0.83,0.33
2020-12-02,2020-12,48,4,mobile,google,cpc,<Other>,new_session,68,68,1291,377,186,21,0,12,5,2,20,8,4,2,6,2,32,2,138.0,12,9,2.94,29.41,40.0,50.0,50.0,10.0,75.0,50.0,47.06,69.0,2.03,2.03,0.03,2.74,0.31,0.18
2020-12-02,2020-12,48,4,desktop,google,cpc,<Other>,new_session,123,123,1647,491,111,33,0,7,4,2,35,9,3,2,7,1,59,2,121.0,8,8,1.63,28.46,25.71,33.33,66.67,5.71,77.78,33.33,47.97,60.5,0.98,0.98,0.02,0.9,0.27,0.06
2020-12-02,2020-12,48,4,mobile,(direct),(none),(direct),returning_session,108,100,1460,441,152,28,0,14,4,2,33,7,4,2,6,2,49,2,108.0,4,4,1.85,30.56,21.21,57.14,50.0,6.06,85.71,50.0,45.37,54.0,1.08,1.0,0.02,1.41,0.26,0.13
2020-12-02,2020-12,48,4,mobile,google,organic,(organic),new_session,463,463,7029,2140,658,144,0,86,24,2,98,38,22,2,36,20,248,2,632.0,16,11,0.43,21.17,38.78,57.89,9.09,2.04,94.74,90.91,53.56,316.0,1.37,1.37,0.0,1.42,0.31,0.19
2020-12-02,2020-12,48,4,desktop,(data deleted),(data deleted),(data deleted),returning_session,197,181,2559,754,250,78,0,37,15,3,53,15,9,3,12,6,105,3,302.0,11,9,1.52,26.9,28.3,60.0,33.33,5.66,80.0,66.67,53.3,100.67,1.67,1.53,0.02,1.27,0.4,0.19
2020-12-02,2020-12,48,4,mobile,shop.googlemerchandisestore.com,referral,(referral),returning_session,103,99,1450,426,103,42,0,25,17,3,28,10,6,3,8,3,54,3,55.0,4,5,2.91,27.18,35.71,60.0,50.0,10.71,80.0,50.0,52.43,18.33,0.56,0.53,0.03,1.0,0.41,0.24
2020-12-02,2020-12,48,4,desktop,<Other>,<Other>,<Other>,new_session,338,338,4354,1221,391,89,0,42,8,3,80,26,14,3,23,11,172,3,107.0,13,11,0.89,23.67,32.5,53.85,21.43,3.75,88.46,78.57,50.89,35.67,0.32,0.32,0.01,1.16,0.26,0.12
2020-12-02,2020-12,48,4,desktop,(direct),(none),(direct),new_session,434,434,5484,1624,488,94,0,35,6,4,115,45,15,4,42,11,227,4,187.0,12,9,0.92,26.5,39.13,33.33,26.67,3.48,93.33,73.33,52.3,46.75,0.43,0.43,0.01,1.12,0.22,0.08
2020-12-02,2020-12,48,4,mobile,<Other>,<Other>,<Other>,new_session,209,209,3329,1038,343,66,0,31,5,4,53,21,15,4,20,11,104,4,149.0,8,9,1.91,25.36,39.62,71.43,26.67,7.55,95.24,73.33,49.76,37.25,0.71,0.71,0.02,1.64,0.32,0.15
2020-12-02,2020-12,48,4,desktop,<Other>,referral,(referral),returning_session,95,95,1742,501,168,68,0,45,17,5,23,10,9,4,6,5,51,5,164.0,10,10,4.21,24.21,43.48,90.0,44.44,17.39,60.0,55.56,53.68,32.8,1.73,1.73,0.05,1.77,0.72,0.47
2020-12-02,2020-12,48,4,desktop,shop.googlemerchandisestore.com,referral,(referral),returning_session,157,153,2334,712,191,52,0,40,14,5,38,14,9,5,10,4,75,5,218.0,10,10,3.18,24.2,36.84,64.29,55.56,13.16,71.43,44.44,47.77,43.6,1.42,1.39,0.03,1.22,0.33,0.25
2020-12-02,2020-12,48,4,mobile,google,organic,(organic),returning_session,162,153,2174,615,268,82,0,30,10,5,41,14,8,5,10,3,90,5,430.0,26,20,3.09,25.31,34.15,57.14,62.5,12.2,71.43,37.5,55.56,86.0,2.81,2.65,0.03,1.65,0.51,0.19
2020-12-02,2020-12,48,4,desktop,google,organic,(organic),returning_session,188,174,2952,869,303,67,0,61,32,7,58,22,15,7,18,8,100,7,620.0,28,22,3.72,30.85,37.93,68.18,46.67,12.07,81.82,53.33,53.19,88.57,3.56,3.3,0.04,1.61,0.36,0.32
2020-12-02,2020-12,48,4,desktop,google,organic,(organic),new_session,652,652,9041,2727,867,148,0,54,13,7,161,46,19,7,40,12,332,7,233.0,19,16,1.07,24.69,28.57,41.3,36.84,4.35,86.96,63.16,50.92,33.29,0.36,0.36,0.01,1.33,0.23,0.08
2020-12-02,2020-12,48,4,mobile,(data deleted),(data deleted),(data deleted),returning_session,115,113,1581,449,146,43,0,44,18,8,32,13,7,4,9,3,66,8,667.0,17,17,3.48,27.83,40.63,53.85,57.14,12.5,69.23,42.86,57.39,83.38,5.9,5.8,0.07,1.27,0.37,0.38
2020-12-02,2020-12,48,4,desktop,(direct),(none),(direct),returning_session,220,205,3335,999,339,86,0,59,24,8,63,20,16,7,17,9,112,8,203.0,15,14,3.18,28.64,31.75,80.0,43.75,11.11,85.0,56.25,50.91,25.38,0.99,0.92,0.04,1.54,0.39,0.27
2020-11-04,2020-11,44,4,desktop,<Other>,referral,<Other>,returning_session,1,1,10,4,0,0,0,0,0,0,0,0,0,0,0,0,0,0,0.0,0,0,0.0,0.0,,,,,,,0.0,,0.0,0.0,0.0,0.0,0.0,0.0
2020-11-04,2020-11,44,4,tablet,(data deleted),(data deleted),<Other>,returning_session,1,1,18,8,0,0,0,0,0,0,0,0,0,0,0,0,0,0,0.0,0,0,0.0,0.0,,,,,,,0.0,,0.0,0.0,0.0,0.0,0.0,0.0
2020-11-04,2020-11,44,4,tablet,<Other>,organic,(organic),new_session,2,2,19,5,0,0,0,0,0,0,0,0,0,0,0,0,1,0,0.0,0,0,0.0,0.0,,,,,,,50.0,,0.0,0.0,0.0,0.0,0.0,0.0
2020-11-04,2020-11,44,4,desktop,google,cpc,<Other>,returning_session,7,7,48,15,0,0,0,0,0,0,0,0,0,0,0,0,5,0,0.0,0,0,0.0,0.0,,,,,,,71.43,,0.0,0.0,0.0,0.0,0.0,0.0
2020-11-04,2020-11,44,4,mobile,(data deleted),(data deleted),(data deleted),new_session,1,1,1,0,0,0,0,0,0,0,0,0,0,0,0,0,1,0,0.0,0,0,0.0,0.0,,,,,,,100.0,,0.0,0.0,0.0,0.0,0.0,0.0
2020-11-04,2020-11,44,4,desktop,(data deleted),referral,(referral),returning_session,1,1,5,2,0,0,0,0,0,0,0,0,0,0,0,0,0,0,0.0,0,0,0.0,0.0,,,,,,,0.0,,0.0,0.0,0.0,0.0,0.0,0.0
2020-11-04,2020-11,44,4,tablet,<Other>,organic,(organic),returning_session,1,1,3,1,0,0,0,0,0,0,0,0,0,0,0,0,1,0,0.0,0,0,0.0,0.0,,,,,,,100.0,,0.0,0.0,0.0,0.0,0.0,0.0
2020-11-04,2020-11,44,4,mobile,<Other>,(data deleted),(data deleted),returning_session,2,2,10,3,0,0,0,0,0,0,0,0,0,0,0,0,1,0,0.0,0,0,0.0,0.0,,,,,,,50.0,,0.0,0.0,0.0,0.0,0.0,0.0
2020-11-04,2020-11,44,4,mobile,<Other>,<Other>,<Other>,returning_session,27,26,235,72,12,0,0,0,0,0,7,0,0,0,0,0,14,0,0.0,0,0,0.0,25.93,0.0,,,0.0,,,51.85,,0.0,0.0,0.0,0.44,0.0,0.0
2020-11-04,2020-11,44,4,desktop,(data deleted),(data deleted),(data deleted),new_session,4,4,22,7,1,0,0,0,0,0,1,0,0,0,0,0,2,0,0.0,0,0,0.0,25.0,0.0,,,0.0,,,50.0,,0.0,0.0,0.0,0.25,0.0,0.0
2020-11-04,2020-11,44,4,tablet,google,cpc,<Other>,new_session,5,5,73,18,13,0,0,0,0,0,2,0,0,0,0,0,3,0,0.0,0,0,0.0,40.0,0.0,,,0.0,,,60.0,,0.0,0.0,0.0,2.6,0.0,0.0
2020-11-04,2020-11,44,4,desktop,<Other>,(data deleted),(data deleted),returning_session,5,5,46,12,8,0,0,0,0,0,1,0,0,0,0,0,4,0,0.0,0,0,0.0,20.0,0.0,,,0.0,,,80.0,,0.0,0.0,0.0,1.6,0.0,0.0
2020-11-04,2020-11,44,4,tablet,(direct),(none),(direct),returning_session,5,5,30,6,5,0,0,0,0,0,2,0,0,0,0,0,3,0,0.0,0,0,0.0,40.0,0.0,,,0.0,,,60.0,,0.0,0.0,0.0,1.0,0.0,0.0
2020-11-04,2020-11,44,4,tablet,(direct),(none),(direct),new_session,13,13,104,31,3,0,0,0,0,0,1,0,0,0,0,0,6,0,0.0,0,0,0.0,7.69,0.0,,,0.0,,,46.15,,0.0,0.0,0.0,0.23,0.0,0.0
2020-11-04,2020-11,44,4,tablet,<Other>,referral,(referral),new_session,9,9,92,23,3,0,0,0,0,0,1,0,0,0,0,0,8,0,0.0,0,0,0.0,11.11,0.0,,,0.0,,,88.89,,0.0,0.0,0.0,0.33,0.0,0.0
2020-11-04,2020-11,44,4,tablet,shop.googlemerchandisestore.com,referral,(referral),new_session,5,5,104,37,7,0,0,0,0,0,2,0,0,0,0,0,0,0,0.0,0,0,0.0,40.0,0.0,,,0.0,,,0.0,,0.0,0.0,0.0,1.4,0.0,0.0
2020-11-04,2020-11,44,4,desktop,(data deleted),(data deleted),<Other>,new_session,1,1,37,13,6,0,0,0,0,0,1,0,0,0,0,0,0,0,0.0,0,0,0.0,100.0,0.0,,,0.0,,,0.0,,0.0,0.0,0.0,6.0,0.0,0.0
2020-11-04,2020-11,44,4,mobile,google,cpc,<Other>,returning_session,6,6,144,60,4,0,0,0,0,0,2,0,0,0,0,0,1,0,0.0,0,0,0.0,33.33,0.0,,,0.0,,,16.67,,0.0,0.0,0.0,0.67,0.0,0.0
2020-11-04,2020-11,44,4,tablet,<Other>,<Other>,<Other>,new_session,11,11,89,24,5,0,0,0,0,0,2,0,0,0,0,0,6,0,0.0,0,0,0.0,18.18,0.0,,,0.0,,,54.55,,0.0,0.0,0.0,0.45,0.0,0.0
2020-11-04,2020-11,44,4,mobile,(data deleted),(data deleted),<Other>,returning_session,2,2,9,3,1,0,0,0,0,0,1,0,0,0,0,0,0,0,0.0,0,0,0.0,50.0,0.0,,,0.0,,,0.0,,0.0,0.0,0.0,0.5,0.0,0.0
2020-11-04,2020-11,44,4,tablet,(data deleted),(data deleted),(data deleted),returning_session,10,10,63,18,1,0,0,0,0,0,1,0,0,0,0,0,8,0,0.0,0,0,0.0,10.0,0.0,,,0.0,,,80.0,,0.0,0.0,0.0,0.1,0.0,0.0
2020-11-04,2020-11,44,4,tablet,google,organic,(organic),returning_session,8,7,117,40,1,0,0,0,0,0,1,0,0,0,0,0,3,0,0.0,0,0,0.0,12.5,0.0,,,0.0,,,37.5,,0.0,0.0,0.0,0.13,0.0,0.0
2020-11-04,2020-11,44,4,tablet,<Other>,referral,(referral),returning_session,3,3,28,9,1,0,0,0,0,0,1,0,0,0,0,0,0,0,0.0,0,0,0.0,33.33,0.0,,,0.0,,,0.0,,0.0,0.0,0.0,0.33,0.0,0.0
2020-11-04,2020-11,44,4,mobile,<Other>,organic,(organic),new_session,49,49,340,94,8,0,0,0,0,0,5,0,0,0,0,0,28,0,0.0,0,0,0.0,10.2,0.0,,,0.0,,,57.14,,0.0,0.0,0.0,0.16,0.0,0.0
2020-11-04,2020-11,44,4,tablet,<Other>,<Other>,<Other>,returning_session,1,1,70,26,2,0,0,0,0,0,1,0,0,0,0,0,0,0,0.0,0,0,0.0,100.0,0.0,,,0.0,,,0.0,,0.0,0.0,0.0,2.0,0.0,0.0
2020-11-04,2020-11,44,4,desktop,<Other>,organic,(organic),returning_session,11,11,134,39,15,0,0,0,0,0,4,0,0,0,0,0,6,0,0.0,0,0,0.0,36.36,0.0,,,0.0,,,54.55,,0.0,0.0,0.0,1.36,0.0,0.0
2020-11-04,2020-11,44,4,tablet,google,organic,(organic),new_session,32,32,347,99,16,0,0,0,0,0,4,0,0,0,0,0,13,0,0.0,0,0,0.0,12.5,0.0,,,0.0,,,40.63,,0.0,0.0,0.0,0.5,0.0,0.0
2020-11-04,2020-11,44,4,desktop,(direct),(none),(direct),new_session,407,407,5812,1783,681,0,0,17,2,0,78,0,9,0,0,9,220,0,0.0,0,0,0.0,19.16,0.0,,0.0,0.0,,100.0,54.05,,0.0,0.0,0.0,1.67,0.0,0.04
2020-11-04,2020-11,44,4,mobile,<Other>,referral,(referral),new_session,103,103,857,239,48,0,0,1,0,0,15,0,1,0,0,1,65,0,0.0,0,0,0.0,14.56,0.0,,0.0,0.0,,100.0,63.11,,0.0,0.0,0.0,0.47,0.0,0.01
2020-11-04,2020-11,44,4,desktop,shop.googlemerchandisestore.com,referral,(referral),new_session,76,76,919,285,102,0,0,1,0,0,11,0,1,0,0,1,45,0,0.0,0,0,0.0,14.47,0.0,,0.0,0.0,,100.0,59.21,,0.0,0.0,0.0,1.34,0.0,0.01
2020-11-04,2020-11,44,4,mobile,(direct),(none),(direct),new_session,250,250,3112,974,291,0,0,5,0,0,56,0,5,0,0,5,118,0,0.0,0,0,0.0,22.4,0.0,,0.0,0.0,,100.0,47.2,,0.0,0.0,0.0,1.16,0.0,0.02
2020-11-04,2020-11,44,4,mobile,shop.googlemerchandisestore.com,referral,(referral),returning_session,92,85,1001,302,131,0,0,2,0,0,27,0,2,0,0,2,48,0,0.0,0,0,0.0,29.35,0.0,,0.0,0.0,,100.0,52.17,,0.0,0.0,0.0,1.42,0.0,0.02
2020-11-04,2020-11,44,4,mobile,<Other>,<Other>,<Other>,new_session,198,198,2238,662,190,0,0,3,0,0,41,0,3,0,0,3,111,0,0.0,0,0,0.0,20.71,0.0,,0.0,0.0,,100.0,56.06,,0.0,0.0,0.0,0.96,0.0,0.02
2020-11-04,2020-11,44,4,desktop,<Other>,referral,(referral),new_session,146,146,1904,595,208,0,0,4,0,0,27,0,4,0,0,4,80,0,0.0,0,0,0.0,18.49,0.0,,0.0,0.0,,100.0,54.79,,0.0,0.0,0.0,1.42,0.0,0.03
2020-11-04,2020-11,44,4,desktop,(data deleted),(data deleted),<Other>,returning_session,4,4,117,33,25,0,0,2,2,0,1,0,1,0,0,1,2,0,0.0,0,0,0.0,25.0,0.0,,0.0,0.0,,100.0,50.0,,0.0,0.0,0.0,6.25,0.0,0.5
2020-11-04,2020-11,44,4,mobile,shop.googlemerchandisestore.com,referral,(referral),new_session,57,57,613,168,61,0,0,2,0,0,11,0,2,0,0,2,29,0,0.0,0,0,0.0,19.3,0.0,,0.0,0.0,,100.0,50.88,,0.0,0.0,0.0,1.07,0.0,0.04
2020-11-04,2020-11,44,4,desktop,<Other>,organic,(organic),new_session,48,48,616,200,70,0,0,1,0,0,6,0,1,0,0,1,27,0,0.0,0,0,0.0,12.5,0.0,,0.0,0.0,,100.0,56.25,,0.0,0.0,0.0,1.46,0.0,0.02
2020-11-04,2020-11,44,4,mobile,google,cpc,<Other>,new_session,61,61,750,220,53,0,0,3,0,0,14,0,2,0,0,2,27,0,0.0,0,0,0.0,22.95,0.0,,0.0,0.0,,100.0,44.26,,0.0,0.0,0.0,0.87,0.0,0.05
2020-11-04,2020-11,44,4,desktop,google,cpc,<Other>,new_session,91,91,1325,427,117,0,0,4,0,0,21,0,4,0,0,4,49,0,0.0,0,0,0.0,23.08,0.0,,0.0,0.0,,100.0,53.85,,0.0,0.0,0.0,1.29,0.0,0.04
2020-11-04,2020-11,44,4,desktop,google,organic,(organic),new_session,578,578,6288,1880,504,0,0,21,2,1,105,0,15,1,0,14,331,1,83.0,2,2,0.17,18.17,0.0,,6.67,0.95,,93.33,57.27,83.0,0.14,0.14,0.0,0.87,0.0,0.04
2020-11-04,2020-11,44,4,desktop,<Other>,<Other>,<Other>,new_session,341,341,4516,1376,473,0,0,33,17,13,77,0,12,1,0,11,188,1,234.0,13,13,0.29,22.58,0.0,,8.33,1.3,,91.67,55.13,234.0,0.69,0.69,0.0,1.39,0.0,0.1
2020-11-04,2020-11,44,4,mobile,google,organic,(organic),new_session,389,389,5702,1781,696,0,0,10,3,1,84,0,10,1,0,9,197,1,110.0,10,4,0.26,21.59,0.0,,10.0,1.19,,90.0,50.64,110.0,0.28,0.28,0.0,1.79,0.0,0.03
2020-11-04,2020-11,44,4,mobile,(data deleted),(data deleted),(data deleted),returning_session,129,117,1415,427,103,0,0,14,9,1,27,0,5,1,0,4,74,1,37.0,2,2,0.78,20.93,0.0,,20.0,3.7,,80.0,57.36,37.0,0.32,0.29,0.01,0.8,0.0,0.11
2020-11-04,2020-11,44,4,desktop,<Other>,<Other>,<Other>,returning_session,53,53,573,175,48,0,0,8,11,1,11,0,4,1,0,3,36,1,18.0,1,1,1.89,20.75,0.0,,25.0,9.09,,75.0,67.92,18.0,0.34,0.34,0.02,0.91,0.0,0.15
2020-11-04,2020-11,44,4,mobile,(direct),(none),(direct),returning_session,111,107,982,290,79,0,0,11,1,1,23,0,3,1,0,2,66,1,141.0,5,5,0.9,20.72,0.0,,33.33,4.35,,66.67,59.46,141.0,1.32,1.27,0.01,0.71,0.0,0.1
2020-11-04,2020-11,44,4,mobile,google,organic,(organic),returning_session,133,122,1298,399,119,0,0,9,3,1,31,0,3,1,0,2,73,1,128.0,7,7,0.75,23.31,0.0,,33.33,3.23,,66.67,54.89,128.0,1.05,0.96,0.01,0.89,0.0,0.07
2020-11-04,2020-11,44,4,desktop,shop.googlemerchandisestore.com,referral,(referral),returning_session,138,136,1196,376,70,0,0,5,5,2,24,0,4,2,0,2,87,2,39.0,3,3,1.45,17.39,0.0,,50.0,8.33,,50.0,63.04,19.5,0.29,0.28,0.01,0.51,0.0,0.04
2020-11-04,2020-11,44,4,desktop,(data deleted),(data deleted),(data deleted),returning_session,167,159,2026,606,199,0,0,20,31,5,39,0,8,4,0,4,91,4,347.0,17,17,2.4,23.35,0.0,,50.0,10.26,,50.0,54.49,86.75,2.18,2.08,0.03,1.19,0.0,0.12
2020-11-04,2020-11,44,4,tablet,shop.googlemerchandisestore.com,referral,(referral),returning_session,10,9,255,70,54,0,0,5,3,1,4,0,2,1,0,1,5,1,22.0,1,1,10.0,40.0,0.0,,50.0,25.0,,50.0,50.0,22.0,2.44,2.2,0.11,5.4,0.0,0.5
2020-11-04,2020-11,44,4,desktop,(direct),(none),(direct),returning_session,177,177,1717,525,145,0,0,8,11,4,36,0,6,4,0,2,103,4,180.0,15,12,2.26,20.34,0.0,,66.67,11.11,,33.33,58.19,45.0,1.02,1.02,0.02,0.82,0.0,0.05
2020-11-04,2020-11,44,4,desktop,google,organic,(organic),returning_session,182,177,2027,606,244,0,0,5,9,4,40,0,5,4,0,1,102,4,248.0,9,8,2.2,21.98,0.0,,80.0,10.0,,20.0,56.04,62.0,1.4,1.36,0.02,1.34,0.0,0.03
2020-11-04,2020-11,44,4,mobile,<Other>,referral,(referral),returning_session,64,61,896,269,89,0,0,7,5,3,15,0,3,3,0,0,29,3,84.0,12,12,4.69,23.44,0.0,,100.0,20.0,,0.0,45.31,28.0,1.38,1.31,0.05,1.39,0.0,0.11
2020-11-04,2020-11,44,4,mobile,<Other>,organic,(organic),returning_session,12,12,322,99,37,0,0,6,4,4,4,0,1,1,0,0,7,1,123.0,12,12,8.33,33.33,0.0,,100.0,25.0,,0.0,58.33,123.0,10.25,10.25,0.08,3.08,0.0,0.5
2020-11-04,2020-11,44,4,desktop,<Other>,referral,(referral),returning_session,85,82,738,228,39,0,0,6,4,2,11,0,2,2,0,0,51,2,219.0,10,8,2.35,12.94,0.0,,100.0,18.18,,0.0,60.0,109.5,2.67,2.58,0.02,0.46,0.0,0.07
2020-12-04,2020-12,48,6,mobile,(data deleted),(data deleted),(data deleted),new_session,6,6,16,4,0,0,0,0,0,0,0,0,0,0,0,0,6,0,0.0,0,0,0.0,0.0,,,,,,,100.0,,0.0,0.0,0.0,0.0,0.0,0.0
2020-12-04,2020-12,48,6,tablet,<Other>,referral,(referral),new_session,5,5,21,6,0,0,0,0,0,0,0,0,0,0,0,0,4,0,0.0,0,0,0.0,0.0,,,,,,,80.0,,0.0,0.0,0.0,0.0,0.0,0.0
2020-12-04,2020-12,48,6,mobile,(data deleted),(data deleted),<Other>,returning_session,3,3,9,3,0,0,0,0,0,0,0,0,0,0,0,0,3,0,0.0,0,0,0.0,0.0,,,,,,,100.0,,0.0,0.0,0.0,0.0,0.0,0.0
2020-12-04,2020-12,48,6,mobile,<Other>,(data deleted),(data deleted),returning_session,1,1,10,3,0,0,0,0,0,0,0,0,0,0,0,0,0,0,0.0,0,0,0.0,0.0,,,,,,,0.0,,0.0,0.0,0.0,0.0,0.0,0.0
2020-12-04,2020-12,48,6,desktop,(data deleted),(data deleted),<Other>,returning_session,2,2,4,0,0,0,0,0,0,0,0,0,0,0,0,0,2,0,0.0,0,0,0.0,0.0,,,,,,,100.0,,0.0,0.0,0.0,0.0,0.0,0.0
2020-12-04,2020-12,48,6,tablet,shop.googlemerchandisestore.com,referral,(referral),new_session,3,3,20,6,0,0,0,0,0,0,0,0,0,0,0,0,1,0,0.0,0,0,0.0,0.0,,,,,,,33.33,,0.0,0.0,0.0,0.0,0.0,0.0
2020-12-04,2020-12,48,6,tablet,<Other>,organic,(organic),new_session,2,2,35,11,0,0,0,0,0,0,0,0,0,0,0,0,1,0,0.0,0,0,0.0,0.0,,,,,,,50.0,,0.0,0.0,0.0,0.0,0.0,0.0
2020-12-04,2020-12,48,6,tablet,google,organic,(organic),returning_session,6,6,16,2,0,0,0,0,0,0,0,0,0,0,0,0,6,0,0.0,0,0,0.0,0.0,,,,,,,100.0,,0.0,0.0,0.0,0.0,0.0,0.0
2020-12-04,2020-12,48,6,desktop,<Other>,organic,(organic),new_session,70,70,666,193,61,7,0,0,0,0,11,2,0,0,2,0,44,0,0.0,0,0,0.0,15.71,18.18,0.0,,0.0,100.0,,62.86,,0.0,0.0,0.0,0.87,0.1,0.0
2020-12-04,2020-12,48,6,desktop,google,cpc,<Other>,returning_session,9,9,123,32,16,12,0,0,0,0,3,2,0,0,2,0,5,0,0.0,0,0,0.0,33.33,66.67,0.0,,0.0,100.0,,55.56,,0.0,0.0,0.0,1.78,1.33,0.0
2020-12-04,2020-12,48,6,tablet,<Other>,<Other>,<Other>,new_session,16,16,175,50,8,0,0,0,0,0,3,0,0,0,0,0,7,0,0.0,0,0,0.0,18.75,0.0,,,0.0,,,43.75,,0.0,0.0,0.0,0.5,0.0,0.0
2020-12-04,2020-12,48,6,tablet,shop.googlemerchandisestore.com,referral,(referral),returning_session,4,4,49,14,5,1,0,0,0,0,1,1,0,0,1,0,3,0,0.0,0,0,0.0,25.0,100.0,0.0,,0.0,100.0,,75.0,,0.0,0.0,0.0,1.25,0.25,0.0
2020-12-04,2020-12,48,6,desktop,(data deleted),(data deleted),(data deleted),new_session,5,5,32,9,6,1,0,0,0,0,2,1,0,0,1,0,1,0,0.0,0,0,0.0,40.0,50.0,0.0,,0.0,100.0,,20.0,,0.0,0.0,0.0,1.2,0.2,0.0
2020-12-04,2020-12,48,6,mobile,google,cpc,<Other>,returning_session,11,11,146,46,13,2,0,0,0,0,5,2,0,0,2,0,2,0,0.0,0,0,0.0,45.45,40.0,0.0,,0.0,100.0,,18.18,,0.0,0.0,0.0,1.18,0.18,0.0
2020-12-04,2020-12,48,6,desktop,<Other>,(data deleted),(data deleted),returning_session,4,4,30,8,2,2,0,0,0,0,1,1,0,0,1,0,2,0,0.0,0,0,0.0,25.0,100.0,0.0,,0.0,100.0,,50.0,,0.0,0.0,0.0,0.5,0.5,0.0
2020-12-04,2020-12,48,6,tablet,google,organic,(organic),new_session,28,28,163,44,9,0,0,0,0,0,6,0,0,0,0,0,16,0,0.0,0,0,0.0,21.43,0.0,,,0.0,,,57.14,,0.0,0.0,0.0,0.32,0.0,0.0
2020-12-04,2020-12,48,6,tablet,(data deleted),(data deleted),(data deleted),returning_session,6,5,20,5,1,0,0,0,0,0,1,0,0,0,0,0,4,0,0.0,0,0,0.0,16.67,0.0,,,0.0,,,66.67,,0.0,0.0,0.0,0.17,0.0,0.0
2020-12-04,2020-12,48,6,tablet,(direct),(none),(direct),new_session,20,20,222,64,7,1,0,0,0,0,5,1,0,0,1,0,7,0,0.0,0,0,0.0,25.0,20.0,0.0,,0.0,100.0,,35.0,,0.0,0.0,0.0,0.35,0.05,0.0
2020-12-04,2020-12,48,6,tablet,google,cpc,<Other>,new_session,5,5,109,32,14,3,0,0,0,0,2,2,0,0,2,0,2,0,0.0,0,0,0.0,40.0,100.0,0.0,,0.0,100.0,,40.0,,0.0,0.0,0.0,2.8,0.6,0.0
2020-12-04,2020-12,48,6,mobile,shop.googlemerchandisestore.com,referral,(referral),new_session,65,65,1163,404,142,11,0,8,0,0,16,6,4,0,6,4,32,0,0.0,0,0,0.0,24.62,37.5,66.67,0.0,0.0,100.0,100.0,49.23,,0.0,0.0,0.0,2.18,0.17,0.12
2020-12-04,2020-12,48,6,desktop,<Other>,organic,(organic),returning_session,8,8,80,22,2,2,0,4,1,0,2,1,1,0,1,1,4,0,0.0,0,0,0.0,25.0,50.0,100.0,0.0,0.0,100.0,100.0,50.0,,0.0,0.0,0.0,0.25,0.25,0.5
2020-12-04,2020-12,48,6,mobile,<Other>,organic,(organic),new_session,36,36,356,100,31,10,0,4,0,0,7,2,1,0,2,1,22,0,0.0,0,0,0.0,19.44,28.57,50.0,0.0,0.0,100.0,100.0,61.11,,0.0,0.0,0.0,0.86,0.28,0.11
2020-12-04,2020-12,48,6,mobile,<Other>,referral,(referral),new_session,116,116,1109,319,78,20,0,4,0,0,27,9,2,0,9,2,64,0,0.0,0,0,0.0,23.28,33.33,22.22,0.0,0.0,100.0,100.0,55.17,,0.0,0.0,0.0,0.67,0.17,0.03
2020-12-04,2020-12,48,6,mobile,<Other>,<Other>,<Other>,new_session,208,208,4035,1265,499,82,0,22,3,1,55,21,9,1,20,8,109,1,79.0,15,6,0.48,26.44,38.18,42.86,11.11,1.82,95.24,88.89,52.4,79.0,0.38,0.38,0.0,2.4,0.39,0.11
2020-12-04,2020-12,48,6,mobile,(direct),(none),(direct),returning_session,102,97,1488,418,194,39,0,28,7,1,26,10,5,1,9,4,54,1,278.0,21,5,0.98,25.49,38.46,50.0,20.0,3.85,90.0,80.0,52.94,278.0,2.87,2.73,0.01,1.9,0.38,0.27
2020-12-04,2020-12,48,6,desktop,<Other>,<Other>,<Other>,new_session,313,313,4567,1366,493,72,0,34,6,2,81,24,9,2,22,7,164,2,73.0,12,8,0.64,25.88,29.63,37.5,22.22,2.47,91.67,77.78,52.4,36.5,0.23,0.23,0.01,1.58,0.23,0.11
2020-12-04,2020-12,48,6,desktop,<Other>,referral,(referral),returning_session,70,69,1324,395,157,63,0,12,9,1,23,11,4,1,10,3,32,1,326.0,144,5,1.43,32.86,47.83,36.36,25.0,4.35,90.91,75.0,45.71,326.0,4.72,4.66,0.01,2.24,0.9,0.17
2020-12-04,2020-12,48,6,desktop,shop.googlemerchandisestore.com,referral,(referral),new_session,98,98,1314,392,129,33,0,16,2,1,19,8,4,1,7,3,53,1,75.0,9,8,1.02,19.39,42.11,50.0,25.0,5.26,87.5,75.0,54.08,75.0,0.77,0.77,0.01,1.32,0.34,0.16
2020-12-04,2020-12,48,6,desktop,(direct),(none),(direct),returning_session,188,182,2863,814,357,65,0,47,15,3,53,13,11,3,12,8,94,3,88.0,2,3,1.6,28.19,24.53,84.62,27.27,5.66,92.31,72.73,50.0,29.33,0.48,0.47,0.02,1.9,0.35,0.25
2020-12-04,2020-12,48,6,desktop,(direct),(none),(direct),new_session,456,456,5859,1725,489,77,0,50,12,5,111,26,13,4,22,9,241,5,237.0,24,15,0.88,24.34,23.42,50.0,30.77,3.6,84.62,69.23,52.85,47.4,0.52,0.52,0.01,1.07,0.17,0.11
2020-12-04,2020-12,48,6,mobile,(direct),(none),(direct),new_session,333,333,3698,1089,277,38,0,24,4,3,74,16,9,3,15,6,180,3,116.0,7,6,0.9,22.22,21.62,56.25,33.33,4.05,93.75,66.67,54.05,38.67,0.35,0.35,0.01,0.83,0.11,0.07
2020-12-04,2020-12,48,6,desktop,google,organic,(organic),new_session,697,697,10988,3387,1262,192,0,72,17,10,172,49,25,9,45,16,388,10,448.0,20,19,1.29,24.68,28.49,51.02,36.0,5.23,91.84,64.0,55.67,44.8,0.64,0.64,0.01,1.81,0.28,0.1
2020-12-04,2020-12,48,6,desktop,<Other>,referral,(referral),new_session,185,185,2288,690,177,41,0,22,3,2,44,11,5,2,9,3,94,2,172.0,3,3,1.08,23.78,25.0,45.45,40.0,4.55,81.82,60.0,50.81,86.0,0.93,0.93,0.01,0.96,0.22,0.12
2020-12-04,2020-12,48,6,desktop,google,cpc,<Other>,new_session,117,117,2095,644,222,22,0,28,8,2,31,7,5,2,5,3,59,2,55.0,3,3,1.71,26.5,22.58,71.43,40.0,6.45,71.43,60.0,50.43,27.5,0.47,0.47,0.02,1.9,0.19,0.24
2020-12-04,2020-12,48,6,mobile,google,organic,(organic),new_session,433,433,5259,1575,459,92,0,44,13,7,99,31,15,7,26,8,237,7,293.0,13,12,1.62,22.86,31.31,48.39,46.67,7.07,83.87,53.33,54.73,41.86,0.68,0.68,0.02,1.06,0.21,0.1
2020-12-04,2020-12,48,6,mobile,google,cpc,<Other>,new_session,62,62,1009,321,99,20,0,12,5,1,14,5,2,1,4,1,34,1,40.0,2,2,1.61,22.58,35.71,40.0,50.0,7.14,80.0,50.0,54.84,40.0,0.65,0.65,0.02,1.6,0.32,0.19
2020-12-04,2020-12,48,6,mobile,(data deleted),(data deleted),(data deleted),returning_session,154,143,2823,790,386,154,0,37,14,4,53,24,8,4,21,4,82,4,129.0,9,9,2.6,34.42,45.28,33.33,50.0,7.55,87.5,50.0,53.25,32.25,0.9,0.84,0.03,2.51,1.0,0.24
2020-12-04,2020-12,48,6,desktop,<Other>,<Other>,<Other>,returning_session,35,35,359,98,34,10,0,4,2,1,8,3,2,1,3,1,19,1,139.0,6,6,2.86,22.86,37.5,66.67,50.0,12.5,100.0,50.0,54.29,139.0,3.97,3.97,0.03,0.97,0.29,0.11
2020-12-04,2020-12,48,6,mobile,<Other>,organic,(organic),returning_session,13,13,364,104,46,25,0,5,5,1,4,2,2,1,1,1,6,1,0.0,0,1,7.69,30.77,50.0,100.0,50.0,25.0,50.0,50.0,46.15,0.0,0.0,0.0,0.08,3.54,1.92,0.38
2020-12-04,2020-12,48,6,mobile,google,organic,(organic),returning_session,142,137,2431,699,270,78,0,39,17,9,40,17,13,8,10,5,82,8,595.0,26,23,5.63,28.17,42.5,76.47,61.54,20.0,58.82,38.46,57.75,74.38,4.34,4.19,0.06,1.9,0.55,0.27
2020-12-04,2020-12,48,6,desktop,google,organic,(organic),returning_session,183,174,4377,1308,583,135,0,71,24,13,58,21,16,10,13,6,92,13,954.0,49,37,5.46,31.69,36.21,76.19,62.5,17.24,61.9,37.5,50.27,73.38,5.48,5.21,0.07,3.19,0.74,0.39
2020-12-04,2020-12,48,6,desktop,(data deleted),(data deleted),(data deleted),returning_session,166,155,2126,635,258,48,0,14,7,4,45,14,6,4,12,2,83,4,130.0,7,7,2.41,27.11,31.11,42.86,66.67,8.89,85.71,33.33,50.0,32.5,0.84,0.78,0.03,1.55,0.29,0.08
2020-12-04,2020-12,48,6,mobile,shop.googlemerchandisestore.com,referral,(referral),returning_session,105,100,1519,441,146,60,0,32,18,8,21,13,9,6,8,3,69,8,654.0,25,24,5.71,20.0,61.9,69.23,66.67,28.57,61.54,33.33,65.71,81.75,6.54,6.23,0.08,1.39,0.57,0.3
2020-12-04,2020-12,48,6,desktop,shop.googlemerchandisestore.com,referral,(referral),returning_session,128,121,2519,730,299,100,0,60,31,9,34,14,9,7,7,2,71,9,1184.0,45,41,5.47,26.56,41.18,64.29,77.78,20.59,50.0,22.22,55.47,131.56,9.79,9.25,0.07,2.34,0.78,0.47
2020-12-04,2020-12,48,6,mobile,<Other>,referral,(referral),returning_session,57,55,1285,387,136,42,0,28,13,5,21,8,6,5,4,1,23,5,273.0,27,20,8.77,36.84,38.1,75.0,83.33,23.81,50.0,16.67,40.35,54.6,4.96,4.79,0.09,2.39,0.74,0.49
2020-12-04,2020-12,48,6,mobile,<Other>,<Other>,<Other>,returning_session,29,29,317,95,24,2,0,4,3,1,5,2,1,1,1,0,17,1,63.0,1,1,3.45,17.24,40.0,50.0,100.0,20.0,50.0,0.0,58.62,63.0,2.17,2.17,0.03,0.83,0.07,0.14
2020-12-04,2020-12,48,6,tablet,(direct),(none),(direct),returning_session,8,8,129,35,17,2,0,2,1,1,2,2,1,1,1,0,5,1,76.0,3,3,12.5,25.0,100.0,50.0,100.0,50.0,50.0,0.0,62.5,76.0,9.5,9.5,0.13,2.13,0.25,0.25
2020-12-04,2020-12,48,6,tablet,<Other>,<Other>,<Other>,returning_session,1,1,66,20,12,8,0,2,1,1,1,1,1,1,0,0,0,1,32.0,4,4,100.0,100.0,100.0,100.0,100.0,100.0,0.0,0.0,0.0,32.0,32.0,32.0,1.0,12.0,8.0,2.0
2020-11-27,2020-11,47,6,desktop,(data deleted),(data deleted),(data deleted),new_session,1,1,4,1,2,0,0,0,0,0,1,0,0,0,0,0,0,0,0.0,0,0,0.0,100.0,0.0,,,0.0,,,0.0,,0.0,0.0,0.0,2.0,0.0,0.0
2020-11-27,2020-11,47,6,tablet,<Other>,<Other>,<Other>,new_session,15,15,189,56,18,1,0,0,0,0,5,1,0,0,1,0,7,0,0.0,0,0,0.0,33.33,20.0,0.0,,0.0,100.0,,46.67,,0.0,0.0,0.0,1.2,0.07,0.0
2020-11-27,2020-11,47,6,tablet,<Other>,<Other>,<Other>,returning_session,2,2,9,1,2,0,0,0,0,0,1,0,0,0,0,0,1,0,0.0,0,0,0.0,50.0,0.0,,,0.0,,,50.0,,0.0,0.0,0.0,1.0,0.0,0.0
2020-11-27,2020-11,47,6,tablet,shop.googlemerchandisestore.com,referral,(referral),new_session,3,3,25,8,1,0,0,0,0,0,1,0,0,0,0,0,1,0,0.0,0,0,0.0,33.33,0.0,,,0.0,,,33.33,,0.0,0.0,0.0,0.33,0.0,0.0
2020-11-27,2020-11,47,6,tablet,(direct),(none),(direct),returning_session,7,7,66,16,6,5,0,0,0,0,1,1,0,0,1,0,4,0,0.0,0,0,0.0,14.29,100.0,0.0,,0.0,100.0,,57.14,,0.0,0.0,0.0,0.86,0.71,0.0
2020-11-27,2020-11,47,6,tablet,<Other>,organic,(organic),new_session,1,1,3,1,0,0,0,0,0,0,0,0,0,0,0,0,1,0,0.0,0,0,0.0,0.0,,,,,,,100.0,,0.0,0.0,0.0,0.0,0.0,0.0
2020-11-27,2020-11,47,6,mobile,<Other>,organic,(organic),returning_session,7,7,126,33,20,13,0,0,0,0,3,3,0,0,3,0,4,0,0.0,0,0,0.0,42.86,100.0,0.0,,0.0,100.0,,57.14,,0.0,0.0,0.0,2.86,1.86,0.0
2020-11-27,2020-11,47,6,desktop,<Other>,organic,(organic),returning_session,13,13,64,19,2,0,0,0,0,0,1,0,0,0,0,0,8,0,0.0,0,0,0.0,7.69,0.0,,,0.0,,,61.54,,0.0,0.0,0.0,0.15,0.0,0.0
2020-11-27,2020-11,47,6,mobile,<Other>,(data deleted),(data deleted),returning_session,2,2,35,13,1,0,0,0,0,0,1,0,0,0,0,0,0,0,0.0,0,0,0.0,50.0,0.0,,,0.0,,,0.0,,0.0,0.0,0.0,0.5,0.0,0.0
2020-11-27,2020-11,47,6,tablet,<Other>,referral,(referral),new_session,3,3,25,6,4,0,0,0,0,0,1,0,0,0,0,0,2,0,0.0,0,0,0.0,33.33,0.0,,,0.0,,,66.67,,0.0,0.0,0.0,1.33,0.0,0.0
2020-11-27,2020-11,47,6,tablet,(direct),(none),(direct),new_session,16,16,177,56,11,0,0,0,0,0,5,0,0,0,0,0,4,0,0.0,0,0,0.0,31.25,0.0,,,0.0,,,25.0,,0.0,0.0,0.0,0.69,0.0,0.0
2020-11-27,2020-11,47,6,tablet,google,cpc,<Other>,new_session,9,9,78,20,8,0,0,0,0,0,1,0,0,0,0,0,7,0,0.0,0,0,0.0,11.11,0.0,,,0.0,,,77.78,,0.0,0.0,0.0,0.89,0.0,0.0
2020-11-27,2020-11,47,6,mobile,(data deleted),(data deleted),<Other>,returning_session,1,1,6,2,0,0,0,0,0,0,0,0,0,0,0,0,0,0,0.0,0,0,0.0,0.0,,,,,,,0.0,,0.0,0.0,0.0,0.0,0.0,0.0
2020-11-27,2020-11,47,6,tablet,google,cpc,<Other>,returning_session,1,1,31,9,7,0,0,0,0,0,1,0,0,0,0,0,0,0,0.0,0,0,0.0,100.0,0.0,,,0.0,,,0.0,,0.0,0.0,0.0,7.0,0.0,0.0
2020-11-27,2020-11,47,6,mobile,(data deleted),(data deleted),<Other>,new_session,1,1,4,2,0,0,0,0,0,0,0,0,0,0,0,0,0,0,0.0,0,0,0.0,0.0,,,,,,,0.0,,0.0,0.0,0.0,0.0,0.0,0.0
2020-11-27,2020-11,47,6,mobile,(data deleted),(data deleted),(data deleted),new_session,3,3,20,6,0,0,0,0,0,0,0,0,0,0,0,0,2,0,0.0,0,0,0.0,0.0,,,,,,,66.67,,0.0,0.0,0.0,0.0,0.0,0.0
2020-11-27,2020-11,47,6,desktop,shop.googlemerchandisestore.com,referral,(referral),new_session,85,85,859,262,34,9,0,4,0,0,17,6,4,0,6,4,40,0,0.0,0,0,0.0,20.0,35.29,66.67,0.0,0.0,100.0,100.0,47.06,,0.0,0.0,0.0,0.4,0.11,0.05
2020-11-27,2020-11,47,6,mobile,shop.googlemerchandisestore.com,referral,(referral),new_session,52,52,554,166,38,2,0,1,0,0,14,2,1,0,2,1,23,0,0.0,0,0,0.0,26.92,14.29,50.0,0.0,0.0,100.0,100.0,44.23,,0.0,0.0,0.0,0.73,0.04,0.02
2020-11-27,2020-11,47,6,desktop,<Other>,organic,(organic),new_session,61,61,637,169,55,23,0,1,0,0,9,4,1,0,4,1,36,0,0.0,0,0,0.0,14.75,44.44,25.0,0.0,0.0,100.0,100.0,59.02,,0.0,0.0,0.0,0.9,0.38,0.02
2020-11-27,2020-11,47,6,tablet,google,organic,(organic),new_session,24,24,608,204,67,8,0,4,2,0,4,3,3,0,3,3,14,0,0.0,0,0,0.0,16.67,75.0,100.0,0.0,0.0,100.0,100.0,58.33,,0.0,0.0,0.0,2.79,0.33,0.17
2020-11-27,2020-11,47,6,mobile,<Other>,organic,(organic),new_session,47,47,765,255,86,12,0,3,0,0,15,5,3,0,5,3,16,0,0.0,0,0,0.0,31.91,33.33,60.0,0.0,0.0,100.0,100.0,34.04,,0.0,0.0,0.0,1.83,0.26,0.06
2020-11-27,2020-11,47,6,mobile,<Other>,<Other>,<Other>,returning_session,23,23,160,50,9,0,0,1,2,0,4,0,1,0,0,1,14,0,0.0,0,0,0.0,17.39,0.0,,0.0,0.0,,100.0,60.87,,0.0,0.0,0.0,0.39,0.0,0.04
2020-11-27,2020-11,47,6,mobile,<Other>,<Other>,<Other>,new_session,209,209,3034,908,317,66,0,9,3,1,54,20,7,1,19,6,109,1,34.0,9,8,0.48,25.84,37.04,35.0,14.29,1.85,95.0,85.71,52.15,34.0,0.16,0.16,0.0,1.52,0.32,0.04
2020-11-27,2020-11,47,6,desktop,google,cpc,<Other>,new_session,87,87,1637,523,202,35,0,8,3,1,25,11,6,1,10,5,37,1,111.0,4,4,1.15,28.74,44.0,54.55,16.67,4.0,90.91,83.33,42.53,111.0,1.28,1.28,0.01,2.32,0.4,0.09
2020-11-27,2020-11,47,6,mobile,<Other>,referral,(referral),new_session,113,113,1554,509,139,10,0,4,1,1,22,5,4,1,4,3,66,1,16.0,7,4,0.88,19.47,22.73,80.0,25.0,4.55,80.0,75.0,58.41,16.0,0.14,0.14,0.01,1.23,0.09,0.04
2020-11-27,2020-11,47,6,mobile,(direct),(none),(direct),returning_session,101,92,812,251,53,14,0,4,4,1,16,5,3,1,4,2,57,1,88.0,2,2,0.99,15.84,31.25,60.0,33.33,6.25,80.0,66.67,56.44,88.0,0.96,0.87,0.01,0.52,0.14,0.04
2020-11-27,2020-11,47,6,mobile,<Other>,referral,(referral),returning_session,40,40,315,96,17,3,0,2,2,1,8,1,2,1,0,1,23,1,72.0,3,3,2.5,20.0,12.5,200.0,50.0,12.5,0.0,50.0,57.5,72.0,1.8,1.8,0.03,0.42,0.07,0.05
2020-11-27,2020-11,47,6,tablet,google,organic,(organic),returning_session,2,2,63,19,4,1,0,1,1,1,1,1,1,1,0,0,1,1,73.0,2,2,50.0,50.0,100.0,100.0,100.0,100.0,0.0,0.0,50.0,73.0,36.5,36.5,0.5,2.0,0.5,0.5
2020-11-27,2020-11,47,6,tablet,<Other>,referral,(referral),returning_session,1,1,96,31,14,1,0,1,1,1,1,1,1,1,0,0,0,1,34.0,2,2,100.0,100.0,100.0,100.0,100.0,100.0,0.0,0.0,0.0,34.0,34.0,34.0,1.0,14.0,1.0,1.0
2020-11-27,2020-11,47,6,desktop,<Other>,<Other>,<Other>,returning_session,32,32,345,101,34,18,0,1,1,1,5,3,1,1,2,0,23,1,131.0,5,2,3.13,15.63,60.0,33.33,100.0,20.0,66.67,0.0,71.88,131.0,4.09,4.09,0.03,1.06,0.56,0.03
2020-11-27,2020-11,47,6,desktop,<Other>,(data deleted),(data deleted),returning_session,5,5,74,19,3,3,0,2,5,1,1,1,1,1,0,0,4,1,72.0,3,3,20.0,20.0,100.0,100.0,100.0,100.0,0.0,0.0,80.0,72.0,14.4,14.4,0.2,0.6,0.6,0.4
2020-11-27,2020-11,47,6,tablet,(data deleted),(data deleted),(data deleted),returning_session,5,5,184,51,35,2,0,3,2,1,3,2,1,1,1,0,2,1,76.0,3,3,20.0,60.0,66.67,50.0,100.0,33.33,50.0,0.0,40.0,76.0,15.2,15.2,0.2,7.0,0.4,0.6
2020-11-27,2020-11,47,6,desktop,google,cpc,<Other>,returning_session,9,9,204,62,21,18,0,1,1,1,2,2,1,1,1,0,6,1,75.0,10,4,11.11,22.22,100.0,50.0,100.0,50.0,50.0,0.0,66.67,75.0,8.33,8.33,0.11,2.33,2.0,0.11
2020-11-27,2020-11,47,6,mobile,google,cpc,<Other>,returning_session,8,8,89,24,2,0,0,1,1,1,1,0,1,1,0,0,6,1,6.0,1,1,12.5,12.5,0.0,,100.0,100.0,,0.0,75.0,6.0,0.75,0.75,0.13,0.25,0.0,0.13
2020-11-27,2020-11,47,6,desktop,<Other>,referral,(referral),returning_session,73,72,1151,350,150,37,0,6,7,2,22,10,5,2,8,3,37,2,57.0,4,4,2.74,30.14,45.45,50.0,40.0,9.09,80.0,60.0,50.68,28.5,0.79,0.78,0.03,2.05,0.51,0.08
2020-11-27,2020-11,47,6,mobile,google,organic,(organic),returning_session,104,98,1132,334,129,32,0,3,2,2,24,11,3,2,9,1,61,2,157.0,7,6,1.92,23.08,45.83,27.27,66.67,8.33,81.82,33.33,58.65,78.5,1.6,1.51,0.02,1.24,0.31,0.03
2020-11-27,2020-11,47,6,desktop,(data deleted),(data deleted),<Other>,returning_session,7,7,313,88,35,21,0,5,4,2,3,2,3,2,1,1,2,2,103.0,12,9,28.57,42.86,66.67,150.0,66.67,66.67,50.0,33.33,28.57,51.5,14.71,14.71,0.29,5.0,3.0,0.71
2020-11-27,2020-11,47,6,mobile,google,cpc,<Other>,new_session,74,74,917,248,98,26,0,6,5,2,19,8,3,2,6,1,42,2,70.0,4,4,2.7,25.68,42.11,37.5,66.67,10.53,75.0,33.33,56.76,35.0,0.95,0.95,0.03,1.32,0.35,0.08
2020-11-27,2020-11,47,6,tablet,shop.googlemerchandisestore.com,referral,(referral),returning_session,3,3,377,102,46,41,0,4,5,3,2,2,2,2,0,0,0,3,158.0,15,15,66.67,66.67,100.0,100.0,100.0,100.0,0.0,0.0,0.0,52.67,52.67,52.67,1.0,15.33,13.67,1.33
2020-11-27,2020-11,47,6,desktop,google,organic,(organic),returning_session,141,129,2071,634,222,51,0,19,12,3,31,10,6,3,7,3,81,3,293.0,13,12,2.13,21.99,32.26,60.0,50.0,9.68,70.0,50.0,57.45,97.67,2.27,2.08,0.02,1.57,0.36,0.13
2020-11-27,2020-11,47,6,desktop,<Other>,referral,(referral),new_session,152,152,2320,724,226,32,0,10,7,3,38,13,6,3,10,3,74,3,307.0,18,12,1.97,25.0,34.21,46.15,50.0,7.89,76.92,50.0,48.68,102.33,2.02,2.02,0.02,1.49,0.21,0.07
2020-11-27,2020-11,47,6,desktop,google,organic,(organic),new_session,545,545,7067,2184,607,126,0,31,10,4,123,43,24,4,41,20,289,4,172.0,8,8,0.73,22.57,34.96,55.81,16.67,3.25,95.35,83.33,53.03,43.0,0.32,0.32,0.01,1.11,0.23,0.06
2020-11-27,2020-11,47,6,mobile,google,organic,(organic),new_session,369,369,4318,1321,348,74,0,13,6,5,70,28,9,4,24,5,203,5,495.0,17,15,1.08,18.97,40.0,32.14,44.44,5.71,85.71,55.56,55.01,99.0,1.34,1.34,0.01,0.94,0.2,0.04
2020-11-27,2020-11,47,6,mobile,(data deleted),(data deleted),(data deleted),returning_session,76,73,1077,337,83,29,0,10,11,5,15,7,6,4,5,2,37,5,170.0,9,9,5.26,19.74,46.67,85.71,66.67,26.67,71.43,33.33,48.68,34.0,2.33,2.24,0.07,1.09,0.38,0.13
2020-11-27,2020-11,47,6,desktop,(direct),(none),(direct),returning_session,145,137,2033,613,224,55,0,14,17,4,35,12,5,4,8,1,80,4,288.0,15,14,2.76,24.14,34.29,41.67,80.0,11.43,66.67,20.0,55.17,72.0,2.1,1.99,0.03,1.54,0.38,0.1
2020-11-27,2020-11,47,6,desktop,(direct),(none),(direct),new_session,374,374,4069,1204,267,52,0,23,16,5,79,23,18,5,18,13,195,5,256.0,14,12,1.34,21.12,29.11,78.26,27.78,6.33,78.26,72.22,52.14,51.2,0.68,0.68,0.01,0.71,0.14,0.06
2020-11-27,2020-11,47,6,desktop,<Other>,<Other>,<Other>,new_session,321,321,5129,1664,504,65,0,30,15,8,56,23,17,5,18,12,177,6,597.0,23,23,1.56,17.45,41.07,73.91,29.41,8.93,78.26,70.59,55.14,99.5,1.86,1.86,0.02,1.57,0.2,0.09
2020-11-27,2020-11,47,6,mobile,shop.googlemerchandisestore.com,referral,(referral),returning_session,78,78,1232,358,137,50,0,10,8,6,19,10,7,6,4,1,49,6,301.0,11,11,7.69,24.36,52.63,70.0,85.71,31.58,40.0,14.29,62.82,50.17,3.86,3.86,0.08,1.76,0.64,0.13
2020-11-27,2020-11,47,6,mobile,(direct),(none),(direct),new_session,281,281,3607,1027,391,126,0,23,15,9,54,20,15,9,13,6,164,9,522.0,54,46,3.2,19.22,37.04,75.0,60.0,16.67,65.0,40.0,58.36,58.0,1.86,1.86,0.03,1.39,0.45,0.08
2020-11-27,2020-11,47,6,desktop,shop.googlemerchandisestore.com,referral,(referral),returning_session,100,97,2101,609,268,77,0,22,21,9,27,15,10,9,7,1,55,9,987.0,64,42,9.0,27.0,55.56,66.67,90.0,33.33,46.67,10.0,55.0,109.67,10.18,9.87,0.09,2.68,0.77,0.22
2020-11-27,2020-11,47,6,desktop,(data deleted),(data deleted),(data deleted),returning_session,145,141,2484,765,266,85,0,19,22,12,33,14,13,11,5,2,76,11,718.0,34,30,7.59,22.76,42.42,92.86,84.62,33.33,35.71,15.38,52.41,65.27,5.09,4.95,0.08,1.83,0.59,0.13
2020-12-27,2020-12,52,1,tablet,shop.googlemerchandisestore.com,referral,(referral),new_session,1,1,4,1,0,0,0,0,0,0,0,0,0,0,0,0,1,0,0.0,0,0,0.0,0.0,,,,,,,100.0,,0.0,0.0,0.0,0.0,0.0,0.0
2020-12-27,2020-12,52,1,mobile,<Other>,organic,(organic),returning_session,3,3,6,2,0,0,0,0,0,0,0,0,0,0,0,0,3,0,0.0,0,0,0.0,0.0,,,,,,,100.0,,0.0,0.0,0.0,0.0,0.0,0.0
2020-12-27,2020-12,52,1,desktop,(data deleted),(data deleted),<Other>,returning_session,3,3,12,3,0,0,0,0,0,0,0,0,0,0,0,0,2,0,0.0,0,0,0.0,0.0,,,,,,,66.67,,0.0,0.0,0.0,0.0,0.0,0.0
2020-12-27,2020-12,52,1,tablet,shop.googlemerchandisestore.com,referral,(referral),returning_session,1,1,4,3,0,0,0,0,0,0,0,0,0,0,0,0,0,0,0.0,0,0,0.0,0.0,,,,,,,0.0,,0.0,0.0,0.0,0.0,0.0,0.0
2020-12-27,2020-12,52,1,tablet,google,cpc,<Other>,new_session,1,1,4,1,0,0,0,0,0,0,0,0,0,0,0,0,1,0,0.0,0,0,0.0,0.0,,,,,,,100.0,,0.0,0.0,0.0,0.0,0.0,0.0
2020-12-27,2020-12,52,1,mobile,<Other>,<Other>,<Other>,returning_session,10,10,103,35,0,0,0,0,0,0,0,0,0,0,0,0,7,0,0.0,0,0,0.0,0.0,,,,,,,70.0,,0.0,0.0,0.0,0.0,0.0,0.0
2020-12-27,2020-12,52,1,desktop,google,cpc,<Other>,returning_session,4,4,14,3,0,0,0,0,0,0,0,0,0,0,0,0,3,0,0.0,0,0,0.0,0.0,,,,,,,75.0,,0.0,0.0,0.0,0.0,0.0,0.0
2020-12-27,2020-12,52,1,tablet,(data deleted),(data deleted),(data deleted),returning_session,2,2,8,3,0,0,0,0,0,0,0,0,0,0,0,0,1,0,0.0,0,0,0.0,0.0,,,,,,,50.0,,0.0,0.0,0.0,0.0,0.0,0.0
2020-12-27,2020-12,52,1,tablet,<Other>,referral,(referral),returning_session,1,1,4,1,0,0,0,0,0,0,0,0,0,0,0,0,1,0,0.0,0,0,0.0,0.0,,,,,,,100.0,,0.0,0.0,0.0,0.0,0.0,0.0
2020-12-27,2020-12,52,1,mobile,shop.googlemerchandisestore.com,referral,(referral),new_session,37,37,178,45,5,0,0,0,0,0,3,0,0,0,0,0,30,0,0.0,0,0,0.0,8.11,0.0,,,0.0,,,81.08,,0.0,0.0,0.0,0.14,0.0,0.0
2020-12-27,2020-12,52,1,desktop,google,organic,(organic),returning_session,47,45,256,72,9,0,0,0,0,0,3,0,0,0,0,0,36,0,0.0,0,0,0.0,6.38,0.0,,,0.0,,,76.6,,0.0,0.0,0.0,0.19,0.0,0.0
2020-12-27,2020-12,52,1,tablet,google,organic,(organic),new_session,21,21,96,24,4,0,0,0,0,0,3,0,0,0,0,0,18,0,0.0,0,0,0.0,14.29,0.0,,,0.0,,,85.71,,0.0,0.0,0.0,0.19,0.0,0.0
2020-12-27,2020-12,52,1,tablet,(direct),(none),(direct),new_session,11,11,71,20,4,0,0,0,0,0,2,0,0,0,0,0,6,0,0.0,0,0,0.0,18.18,0.0,,,0.0,,,54.55,,0.0,0.0,0.0,0.36,0.0,0.0
2020-12-27,2020-12,52,1,desktop,<Other>,<Other>,<Other>,returning_session,11,11,64,20,3,0,0,0,0,0,1,0,0,0,0,0,8,0,0.0,0,0,0.0,9.09,0.0,,,0.0,,,72.73,,0.0,0.0,0.0,0.27,0.0,0.0
2020-12-27,2020-12,52,1,tablet,<Other>,<Other>,<Other>,new_session,12,12,52,14,3,0,0,0,0,0,1,0,0,0,0,0,10,0,0.0,0,0,0.0,8.33,0.0,,,0.0,,,83.33,,0.0,0.0,0.0,0.25,0.0,0.0
2020-12-27,2020-12,52,1,mobile,google,cpc,<Other>,new_session,53,53,251,66,5,0,0,0,0,0,4,0,0,0,0,0,40,0,0.0,0,0,0.0,7.55,0.0,,,0.0,,,75.47,,0.0,0.0,0.0,0.09,0.0,0.0
2020-12-27,2020-12,52,1,desktop,google,cpc,<Other>,new_session,62,62,401,110,27,0,0,0,0,0,8,0,0,0,0,0,45,0,0.0,0,0,0.0,12.9,0.0,,,0.0,,,72.58,,0.0,0.0,0.0,0.44,0.0,0.0
2020-12-27,2020-12,52,1,tablet,<Other>,referral,(referral),new_session,7,7,99,24,16,2,0,0,0,0,2,1,0,0,1,0,4,0,0.0,0,0,0.0,28.57,50.0,0.0,,0.0,100.0,,57.14,,0.0,0.0,0.0,2.29,0.29,0.0
2020-12-27,2020-12,52,1,mobile,google,cpc,<Other>,returning_session,4,4,166,43,30,14,0,0,0,0,2,1,0,0,1,0,1,0,0.0,0,0,0.0,50.0,50.0,0.0,,0.0,100.0,,25.0,,0.0,0.0,0.0,7.5,3.5,0.0
2020-12-27,2020-12,52,1,desktop,<Other>,organic,(organic),new_session,35,35,350,100,45,6,0,0,0,0,5,2,0,0,2,0,21,0,0.0,0,0,0.0,14.29,40.0,0.0,,0.0,100.0,,60.0,,0.0,0.0,0.0,1.29,0.17,0.0
2020-12-27,2020-12,52,1,desktop,<Other>,(data deleted),(data deleted),returning_session,2,2,33,7,7,5,0,0,0,0,1,1,0,0,1,0,0,0,0.0,0,0,0.0,50.0,100.0,0.0,,0.0,100.0,,0.0,,0.0,0.0,0.0,3.5,2.5,0.0
2020-12-27,2020-12,52,1,mobile,<Other>,organic,(organic),new_session,25,25,149,38,4,1,0,0,0,0,4,1,0,0,1,0,18,0,0.0,0,0,0.0,16.0,25.0,0.0,,0.0,100.0,,72.0,,0.0,0.0,0.0,0.16,0.04,0.0
2020-12-27,2020-12,52,1,desktop,<Other>,referral,(referral),new_session,124,124,1059,263,106,80,0,0,0,0,16,5,0,0,5,0,87,0,0.0,0,0,0.0,12.9,31.25,0.0,,0.0,100.0,,70.16,,0.0,0.0,0.0,0.85,0.65,0.0
2020-12-27,2020-12,52,1,mobile,(direct),(none),(direct),new_session,189,189,1351,369,62,10,0,0,0,0,22,4,0,0,4,0,131,0,0.0,0,0,0.0,11.64,18.18,0.0,,0.0,100.0,,69.31,,0.0,0.0,0.0,0.33,0.05,0.0
2020-12-27,2020-12,52,1,mobile,(data deleted),(data deleted),(data deleted),new_session,5,5,166,60,23,1,0,0,0,0,3,1,0,0,1,0,1,0,0.0,0,0,0.0,60.0,33.33,0.0,,0.0,100.0,,20.0,,0.0,0.0,0.0,4.6,0.2,0.0
2020-12-27,2020-12,52,1,desktop,<Other>,organic,(organic),returning_session,4,4,75,23,5,1,0,0,0,0,1,1,0,0,1,0,3,0,0.0,0,0,0.0,25.0,100.0,0.0,,0.0,100.0,,75.0,,0.0,0.0,0.0,1.25,0.25,0.0
2020-12-27,2020-12,52,1,desktop,(data deleted),(data deleted),(data deleted),new_session,5,5,30,7,4,2,0,0,0,0,2,1,0,0,1,0,2,0,0.0,0,0,0.0,40.0,50.0,0.0,,0.0,100.0,,40.0,,0.0,0.0,0.0,0.8,0.4,0.0
2020-12-27,2020-12,52,1,mobile,<Other>,<Other>,<Other>,new_session,155,155,1105,302,75,10,0,6,0,0,22,3,1,0,3,1,107,0,0.0,0,0,0.0,14.19,13.64,33.33,0.0,0.0,100.0,100.0,69.03,,0.0,0.0,0.0,0.48,0.06,0.04
2020-12-27,2020-12,52,1,mobile,<Other>,referral,(referral),new_session,85,85,550,149,13,1,0,6,0,0,8,1,2,0,1,2,59,0,0.0,0,0,0.0,9.41,12.5,200.0,0.0,0.0,100.0,100.0,69.41,,0.0,0.0,0.0,0.15,0.01,0.07
2020-12-27,2020-12,52,1,desktop,(direct),(none),(direct),new_session,305,305,2298,623,137,35,0,18,5,1,45,7,2,1,6,1,199,1,33.0,3,3,0.33,14.75,15.56,28.57,50.0,2.22,85.71,50.0,65.25,33.0,0.11,0.11,0.0,0.45,0.11,0.06
2020-12-27,2020-12,52,1,desktop,google,organic,(organic),new_session,484,484,4118,1138,333,35,0,15,4,2,83,11,4,2,9,2,331,2,110.0,10,7,0.41,17.15,13.25,36.36,50.0,2.41,81.82,50.0,68.39,55.0,0.23,0.23,0.0,0.69,0.07,0.03
2020-12-27,2020-12,52,1,mobile,google,organic,(organic),new_session,311,311,2430,659,141,42,0,16,5,1,39,9,4,1,9,3,203,1,22.0,1,1,0.32,12.54,23.08,44.44,25.0,2.56,100.0,75.0,65.27,22.0,0.07,0.07,0.0,0.45,0.14,0.05
2020-12-27,2020-12,52,1,desktop,<Other>,<Other>,<Other>,new_session,216,216,1528,419,76,13,0,6,1,1,29,6,1,1,5,0,153,1,18.0,1,1,0.46,13.43,20.69,16.67,100.0,3.45,83.33,0.0,70.83,18.0,0.08,0.08,0.0,0.35,0.06,0.03
2020-12-27,2020-12,52,1,mobile,(direct),(none),(direct),returning_session,44,40,647,163,94,81,0,21,4,1,14,7,5,1,6,4,25,1,196.0,35,22,2.27,31.82,50.0,71.43,20.0,7.14,85.71,80.0,56.82,196.0,4.9,4.45,0.03,2.14,1.84,0.48
2020-12-27,2020-12,52,1,desktop,(direct),(none),(direct),returning_session,61,59,564,174,57,23,0,6,2,1,12,5,1,1,4,0,35,1,10.0,1,1,1.64,19.67,41.67,20.0,100.0,8.33,80.0,0.0,57.38,10.0,0.17,0.16,0.02,0.93,0.38,0.1
2020-12-27,2020-12,52,1,mobile,(data deleted),(data deleted),(data deleted),returning_session,46,42,438,131,50,19,0,12,3,1,11,6,2,1,5,1,24,1,67.0,3,3,2.17,23.91,54.55,33.33,50.0,9.09,83.33,50.0,52.17,67.0,1.6,1.46,0.02,1.09,0.41,0.26
2020-12-27,2020-12,52,1,desktop,shop.googlemerchandisestore.com,referral,(referral),new_session,63,63,485,130,37,3,0,6,1,1,10,1,1,1,0,0,42,1,129.0,3,3,1.59,15.87,10.0,100.0,100.0,10.0,0.0,0.0,66.67,129.0,2.05,2.05,0.02,0.59,0.05,0.1
2020-12-27,2020-12,52,1,mobile,google,organic,(organic),returning_session,45,44,716,197,99,46,0,12,2,2,17,8,2,2,6,0,21,2,66.0,3,3,4.44,37.78,47.06,25.0,100.0,11.76,75.0,0.0,46.67,33.0,1.5,1.47,0.05,2.2,1.02,0.27
2020-12-27,2020-12,52,1,desktop,shop.googlemerchandisestore.com,referral,(referral),returning_session,52,52,445,127,24,13,0,12,4,1,6,2,2,1,1,1,36,1,44.0,1,1,1.92,11.54,33.33,100.0,50.0,16.67,50.0,50.0,69.23,44.0,0.85,0.85,0.02,0.46,0.25,0.23
2020-12-27,2020-12,52,1,mobile,shop.googlemerchandisestore.com,referral,(referral),returning_session,28,28,345,107,26,6,0,6,3,1,5,2,1,1,1,0,18,1,55.0,3,2,3.57,17.86,40.0,50.0,100.0,20.0,50.0,0.0,64.29,55.0,1.96,1.96,0.04,0.93,0.21,0.21
2020-12-27,2020-12,52,1,desktop,(data deleted),(data deleted),(data deleted),returning_session,57,53,942,293,71,16,0,33,9,3,15,7,6,3,5,3,33,3,137.0,7,7,5.26,26.32,46.67,85.71,50.0,20.0,71.43,50.0,57.89,45.67,2.58,2.4,0.06,1.25,0.28,0.58
2020-12-27,2020-12,52,1,desktop,<Other>,referral,(referral),returning_session,17,17,259,68,36,21,0,9,2,1,4,3,2,1,2,1,11,1,128.0,19,7,5.88,23.53,75.0,66.67,50.0,25.0,66.67,50.0,64.71,128.0,7.53,7.53,0.06,2.12,1.24,0.53
2020-12-27,2020-12,52,1,mobile,<Other>,referral,(referral),returning_session,26,25,383,122,24,2,0,12,3,2,8,2,2,2,1,0,15,2,98.0,4,3,7.69,30.77,25.0,100.0,100.0,25.0,50.0,0.0,57.69,49.0,3.92,3.77,0.08,0.92,0.08,0.46
2020-12-27,2020-12,52,1,tablet,(direct),(none),(direct),returning_session,2,2,244,68,25,14,0,15,4,1,1,1,1,1,0,0,1,1,48.0,2,2,50.0,50.0,100.0,100.0,100.0,100.0,0.0,0.0,50.0,48.0,24.0,24.0,0.5,12.5,7.0,7.5
2020-11-07,2020-11,44,7,desktop,<Other>,organic,(organic),returning_session,5,5,13,2,0,0,0,0,0,0,0,0,0,0,0,0,5,0,0.0,0,0,0.0,0.0,,,,,,,100.0,,0.0,0.0,0.0,0.0,0.0,0.0
2020-11-07,2020-11,44,7,tablet,<Other>,referral,(referral),returning_session,2,2,7,3,0,0,0,0,0,0,0,0,0,0,0,0,1,0,0.0,0,0,0.0,0.0,,,,,,,50.0,,0.0,0.0,0.0,0.0,0.0,0.0
2020-11-07,2020-11,44,7,mobile,<Other>,organic,(organic),returning_session,2,2,6,1,0,0,0,0,0,0,0,0,0,0,0,0,2,0,0.0,0,0,0.0,0.0,,,,,,,100.0,,0.0,0.0,0.0,0.0,0.0,0.0
2020-11-07,2020-11,44,7,tablet,shop.googlemerchandisestore.com,referral,(referral),new_session,1,1,4,2,0,0,0,0,0,0,0,0,0,0,0,0,0,0,0.0,0,0,0.0,0.0,,,,,,,0.0,,0.0,0.0,0.0,0.0,0.0,0.0
2020-11-07,2020-11,44,7,tablet,<Other>,referral,(referral),new_session,3,3,14,3,0,0,0,0,0,0,0,0,0,0,0,0,3,0,0.0,0,0,0.0,0.0,,,,,,,100.0,,0.0,0.0,0.0,0.0,0.0,0.0
2020-11-07,2020-11,44,7,mobile,google,cpc,<Other>,returning_session,5,5,18,5,0,0,0,0,0,0,0,0,0,0,0,0,3,0,0.0,0,0,0.0,0.0,,,,,,,60.0,,0.0,0.0,0.0,0.0,0.0,0.0
2020-11-07,2020-11,44,7,tablet,(data deleted),(data deleted),<Other>,returning_session,1,1,2,0,0,0,0,0,0,0,0,0,0,0,0,0,1,0,0.0,0,0,0.0,0.0,,,,,,,100.0,,0.0,0.0,0.0,0.0,0.0,0.0
2020-11-07,2020-11,44,7,tablet,<Other>,<Other>,<Other>,new_session,2,2,23,6,0,0,0,0,0,0,0,0,0,0,0,0,0,0,0.0,0,0,0.0,0.0,,,,,,,0.0,,0.0,0.0,0.0,0.0,0.0,0.0
2020-11-07,2020-11,44,7,tablet,<Other>,<Other>,<Other>,returning_session,1,1,2,0,0,0,0,0,0,0,0,0,0,0,0,0,1,0,0.0,0,0,0.0,0.0,,,,,,,100.0,,0.0,0.0,0.0,0.0,0.0,0.0
2020-11-07,2020-11,44,7,mobile,shop.googlemerchandisestore.com,referral,(referral),new_session,23,23,272,85,21,0,0,0,0,0,4,0,0,0,0,0,10,0,0.0,0,0,0.0,17.39,0.0,,,0.0,,,43.48,,0.0,0.0,0.0,0.91,0.0,0.0
2020-11-07,2020-11,44,7,desktop,(data deleted),(data deleted),(data deleted),new_session,5,5,100,35,11,0,0,0,0,0,4,0,0,0,0,0,0,0,0.0,0,0,0.0,80.0,0.0,,,0.0,,,0.0,,0.0,0.0,0.0,2.2,0.0,0.0
2020-11-07,2020-11,44,7,tablet,shop.googlemerchandisestore.com,referral,(referral),returning_session,5,5,25,8,3,0,0,0,0,0,2,0,0,0,0,0,3,0,0.0,0,0,0.0,40.0,0.0,,,0.0,,,60.0,,0.0,0.0,0.0,0.6,0.0,0.0
2020-11-07,2020-11,44,7,mobile,(data deleted),(data deleted),(data deleted),new_session,2,2,96,31,15,0,0,0,0,0,1,0,0,0,0,0,0,0,0.0,0,0,0.0,50.0,0.0,,,0.0,,,0.0,,0.0,0.0,0.0,7.5,0.0,0.0
2020-11-07,2020-11,44,7,desktop,<Other>,<Other>,<Other>,returning_session,20,20,141,41,9,0,0,0,0,0,3,0,0,0,0,0,12,0,0.0,0,0,0.0,15.0,0.0,,,0.0,,,60.0,,0.0,0.0,0.0,0.45,0.0,0.0
2020-11-07,2020-11,44,7,desktop,google,cpc,<Other>,returning_session,9,9,83,30,5,0,0,0,0,0,3,0,0,0,0,0,3,0,0.0,0,0,0.0,33.33,0.0,,,0.0,,,33.33,,0.0,0.0,0.0,0.56,0.0,0.0
2020-11-07,2020-11,44,7,tablet,google,cpc,<Other>,new_session,2,2,8,2,1,0,0,0,0,0,1,0,0,0,0,0,1,0,0.0,0,0,0.0,50.0,0.0,,,0.0,,,50.0,,0.0,0.0,0.0,0.5,0.0,0.0
2020-11-07,2020-11,44,7,tablet,google,organic,(organic),new_session,13,13,100,27,4,0,0,0,0,0,4,0,0,0,0,0,6,0,0.0,0,0,0.0,30.77,0.0,,,0.0,,,46.15,,0.0,0.0,0.0,0.31,0.0,0.0
2020-11-07,2020-11,44,7,desktop,(data deleted),(data deleted),<Other>,returning_session,4,4,72,23,6,0,0,0,0,0,2,0,0,0,0,0,1,0,0.0,0,0,0.0,50.0,0.0,,,0.0,,,25.0,,0.0,0.0,0.0,1.5,0.0,0.0
2020-11-07,2020-11,44,7,tablet,(direct),(none),(direct),returning_session,3,3,21,6,1,0,0,0,0,0,1,0,0,0,0,0,1,0,0.0,0,0,0.0,33.33,0.0,,,0.0,,,33.33,,0.0,0.0,0.0,0.33,0.0,0.0
2020-11-07,2020-11,44,7,mobile,<Other>,<Other>,<Other>,returning_session,15,15,194,55,27,0,0,1,2,0,5,0,1,0,0,1,9,0,0.0,0,0,0.0,33.33,0.0,,0.0,0.0,,100.0,60.0,,0.0,0.0,0.0,1.8,0.0,0.07
2020-11-07,2020-11,44,7,mobile,shop.googlemerchandisestore.com,referral,(referral),returning_session,46,46,480,138,83,0,0,2,0,0,8,0,2,0,0,2,35,0,0.0,0,0,0.0,17.39,0.0,,0.0,0.0,,100.0,76.09,,0.0,0.0,0.0,1.8,0.0,0.04
2020-11-07,2020-11,44,7,mobile,(data deleted),(data deleted),(data deleted),returning_session,58,55,795,250,101,0,0,5,2,0,14,0,2,0,0,2,29,0,0.0,0,0,0.0,24.14,0.0,,0.0,0.0,,100.0,50.0,,0.0,0.0,0.0,1.74,0.0,0.09
2020-11-07,2020-11,44,7,desktop,<Other>,referral,(referral),returning_session,46,46,569,173,58,0,0,1,1,0,13,0,1,0,0,1,24,0,0.0,0,0,0.0,28.26,0.0,,0.0,0.0,,100.0,52.17,,0.0,0.0,0.0,1.26,0.0,0.02
2020-11-07,2020-11,44,7,mobile,google,cpc,<Other>,new_session,39,39,371,105,34,0,0,1,0,0,12,0,1,0,0,1,15,0,0.0,0,0,0.0,30.77,0.0,,0.0,0.0,,100.0,38.46,,0.0,0.0,0.0,0.87,0.0,0.03
2020-11-07,2020-11,44,7,tablet,google,organic,(organic),returning_session,6,5,84,27,10,0,0,1,0,0,4,0,1,0,0,1,2,0,0.0,0,0,0.0,66.67,0.0,,0.0,0.0,,100.0,33.33,,0.0,0.0,0.0,1.67,0.0,0.17
2020-11-07,2020-11,44,7,mobile,<Other>,referral,(referral),new_session,60,60,886,284,96,0,0,1,0,0,18,0,1,0,0,1,28,0,0.0,0,0,0.0,30.0,0.0,,0.0,0.0,,100.0,46.67,,0.0,0.0,0.0,1.6,0.0,0.02
2020-11-07,2020-11,44,7,tablet,(direct),(none),(direct),new_session,6,6,92,28,5,0,0,1,0,0,3,0,1,0,0,1,0,0,0.0,0,0,0.0,50.0,0.0,,0.0,0.0,,100.0,0.0,,0.0,0.0,0.0,0.83,0.0,0.17
2020-11-07,2020-11,44,7,mobile,<Other>,organic,(organic),new_session,18,18,778,273,145,0,0,2,0,0,6,0,2,0,0,2,7,0,0.0,0,0,0.0,33.33,0.0,,0.0,0.0,,100.0,38.89,,0.0,0.0,0.0,8.06,0.0,0.11
2020-11-07,2020-11,44,7,desktop,shop.googlemerchandisestore.com,referral,(referral),new_session,47,47,1272,431,194,0,0,6,0,0,16,0,6,0,0,6,21,0,0.0,0,0,0.0,34.04,0.0,,0.0,0.0,,100.0,44.68,,0.0,0.0,0.0,4.13,0.0,0.13
2020-11-07,2020-11,44,7,mobile,(direct),(none),(direct),new_session,156,156,2985,978,410,0,0,6,0,0,40,0,6,0,0,6,78,0,0.0,0,0,0.0,25.64,0.0,,0.0,0.0,,100.0,50.0,,0.0,0.0,0.0,2.63,0.0,0.04
2020-11-07,2020-11,44,7,tablet,(data deleted),(data deleted),(data deleted),returning_session,4,4,45,11,8,0,0,1,0,0,1,0,1,0,0,1,1,0,0.0,0,0,0.0,25.0,0.0,,0.0,0.0,,100.0,25.0,,0.0,0.0,0.0,2.0,0.0,0.25
2020-11-07,2020-11,44,7,desktop,google,organic,(organic),new_session,318,318,5948,1953,740,0,0,27,5,4,78,0,23,3,0,20,151,3,184.0,14,11,0.94,24.53,0.0,,13.04,3.85,,86.96,47.48,61.33,0.58,0.58,0.01,2.33,0.0,0.08
2020-11-07,2020-11,44,7,desktop,<Other>,<Other>,<Other>,new_session,140,140,1794,537,197,0,0,7,5,1,40,0,6,1,0,5,58,1,88.0,2,2,0.71,28.57,0.0,,16.67,2.5,,83.33,41.43,88.0,0.63,0.63,0.01,1.41,0.0,0.05
2020-11-07,2020-11,44,7,desktop,<Other>,referral,(referral),new_session,86,86,1206,385,133,0,0,5,2,1,26,0,5,1,0,4,38,1,56.0,2,2,1.16,30.23,0.0,,20.0,3.85,,80.0,44.19,56.0,0.65,0.65,0.01,1.55,0.0,0.06
2020-11-07,2020-11,44,7,desktop,(direct),(none),(direct),returning_session,78,74,905,269,73,0,0,9,9,1,16,0,5,1,0,4,45,1,93.0,6,6,1.28,20.51,0.0,,20.0,6.25,,80.0,57.69,93.0,1.26,1.19,0.01,0.94,0.0,0.12
2020-11-07,2020-11,44,7,desktop,(direct),(none),(direct),new_session,228,228,3379,1029,354,0,0,15,6,3,55,0,12,3,0,9,119,3,110.0,7,7,1.32,24.12,0.0,,25.0,5.45,,75.0,52.19,36.67,0.48,0.48,0.01,1.55,0.0,0.07
2020-11-07,2020-11,44,7,mobile,google,organic,(organic),new_session,214,214,3465,1059,416,0,0,14,13,5,65,0,11,3,0,8,93,3,985.0,78,25,1.4,30.37,0.0,,27.27,4.62,,72.73,43.46,328.33,4.6,4.6,0.01,1.94,0.0,0.07
2020-11-07,2020-11,44,7,desktop,<Other>,organic,(organic),new_session,27,27,923,326,130,0,0,4,1,1,9,0,3,1,0,2,8,1,20.0,1,1,3.7,33.33,0.0,,33.33,11.11,,66.67,29.63,20.0,0.74,0.74,0.04,4.81,0.0,0.15
2020-11-07,2020-11,44,7,mobile,<Other>,<Other>,<Other>,new_session,129,128,1850,562,155,0,0,13,11,2,32,0,5,2,0,3,54,2,145.0,5,5,1.55,24.81,0.0,,40.0,6.25,,60.0,41.86,72.5,1.13,1.12,0.02,1.2,0.0,0.1
2020-11-07,2020-11,44,7,desktop,(data deleted),(data deleted),(data deleted),returning_session,74,72,1246,405,152,0,0,2,3,1,19,0,2,1,0,1,40,1,79.0,5,5,1.35,25.68,0.0,,50.0,5.26,,50.0,54.05,79.0,1.1,1.07,0.01,2.05,0.0,0.03
2020-11-07,2020-11,44,7,mobile,(direct),(none),(direct),returning_session,82,71,948,280,95,0,0,6,4,2,22,0,4,2,0,2,45,2,144.0,7,7,2.44,26.83,0.0,,50.0,9.09,,50.0,54.88,72.0,2.03,1.76,0.03,1.16,0.0,0.07
2020-11-07,2020-11,44,7,desktop,google,organic,(organic),returning_session,80,79,659,196,64,0,0,5,6,1,12,0,1,1,0,0,54,1,11.0,1,1,1.25,15.0,0.0,,100.0,8.33,,0.0,67.5,11.0,0.14,0.14,0.01,0.8,0.0,0.06
2020-11-07,2020-11,44,7,desktop,google,cpc,<Other>,new_session,51,51,744,221,68,0,0,7,3,2,14,0,2,2,0,0,23,2,139.0,8,3,3.92,27.45,0.0,,100.0,14.29,,0.0,45.1,69.5,2.73,2.73,0.04,1.33,0.0,0.14
2020-11-07,2020-11,44,7,mobile,<Other>,referral,(referral),returning_session,36,36,412,126,35,0,0,3,3,2,10,0,2,2,0,0,23,2,32.0,4,4,5.56,27.78,0.0,,100.0,20.0,,0.0,63.89,16.0,0.89,0.89,0.06,0.97,0.0,0.08
2020-11-07,2020-11,44,7,mobile,google,organic,(organic),returning_session,59,56,572,177,52,0,0,3,3,3,15,0,3,3,0,0,34,3,162.0,8,6,5.08,25.42,0.0,,100.0,20.0,,0.0,57.63,54.0,2.89,2.75,0.05,0.88,0.0,0.05
2020-11-07,2020-11,44,7,desktop,shop.googlemerchandisestore.com,referral,(referral),returning_session,60,59,623,194,49,0,0,2,3,2,11,0,2,2,0,0,36,2,283.0,7,6,3.33,18.33,0.0,,100.0,18.18,,0.0,60.0,141.5,4.8,4.72,0.03,0.82,0.0,0.03
2020-11-26,2020-11,47,5,desktop,<Other>,organic,(organic),returning_session,3,3,30,9,0,0,0,0,0,0,0,0,0,0,0,0,1,0,0.0,0,0,0.0,0.0,,,,,,,33.33,,0.0,0.0,0.0,0.0,0.0,0.0
2020-11-26,2020-11,47,5,tablet,google,organic,(organic),new_session,22,22,222,65,14,2,0,0,0,0,7,2,0,0,2,0,9,0,0.0,0,0,0.0,31.82,28.57,0.0,,0.0,100.0,,40.91,,0.0,0.0,0.0,0.64,0.09,0.0
2020-11-26,2020-11,47,5,tablet,<Other>,organic,(organic),new_session,3,3,20,6,0,0,0,0,0,0,0,0,0,0,0,0,2,0,0.0,0,0,0.0,0.0,,,,,,,66.67,,0.0,0.0,0.0,0.0,0.0,0.0
2020-11-26,2020-11,47,5,tablet,<Other>,<Other>,<Other>,new_session,9,9,64,16,7,0,0,0,0,0,3,0,0,0,0,0,5,0,0.0,0,0,0.0,33.33,0.0,,,0.0,,,55.56,,0.0,0.0,0.0,0.78,0.0,0.0
2020-11-26,2020-11,47,5,tablet,shop.googlemerchandisestore.com,referral,(referral),returning_session,4,4,104,36,13,2,0,0,0,0,2,1,0,0,1,0,1,0,0.0,0,0,0.0,50.0,50.0,0.0,,0.0,100.0,,25.0,,0.0,0.0,0.0,3.25,0.5,0.0
2020-11-26,2020-11,47,5,mobile,(data deleted),(data deleted),(data deleted),new_session,5,5,103,36,17,2,0,0,0,0,2,1,0,0,1,0,1,0,0.0,0,0,0.0,40.0,50.0,0.0,,0.0,100.0,,20.0,,0.0,0.0,0.0,3.4,0.4,0.0
2020-11-26,2020-11,47,5,desktop,(data deleted),(data deleted),(data deleted),new_session,6,6,64,24,3,0,0,0,0,0,3,0,0,0,0,0,2,0,0.0,0,0,0.0,50.0,0.0,,,0.0,,,33.33,,0.0,0.0,0.0,0.5,0.0,0.0
2020-11-26,2020-11,47,5,tablet,shop.googlemerchandisestore.com,referral,(referral),new_session,1,1,5,1,0,0,0,0,0,0,0,0,0,0,0,0,1,0,0.0,0,0,0.0,0.0,,,,,,,100.0,,0.0,0.0,0.0,0.0,0.0,0.0
2020-11-26,2020-11,47,5,mobile,google,cpc,<Other>,returning_session,5,5,23,8,1,0,0,0,0,0,1,0,0,0,0,0,3,0,0.0,0,0,0.0,20.0,0.0,,,0.0,,,60.0,,0.0,0.0,0.0,0.2,0.0,0.0
2020-11-26,2020-11,47,5,tablet,google,cpc,<Other>,new_session,3,3,30,8,2,0,0,0,0,0,1,0,0,0,0,0,1,0,0.0,0,0,0.0,33.33,0.0,,,0.0,,,33.33,,0.0,0.0,0.0,0.67,0.0,0.0
2020-11-26,2020-11,47,5,tablet,<Other>,referral,(referral),new_session,11,11,96,26,4,3,0,0,0,0,2,1,0,0,1,0,7,0,0.0,0,0,0.0,18.18,50.0,0.0,,0.0,100.0,,63.64,,0.0,0.0,0.0,0.36,0.27,0.0
2020-11-26,2020-11,47,5,tablet,<Other>,referral,(referral),returning_session,5,4,61,18,4,4,0,0,0,0,1,1,0,0,1,0,4,0,0.0,0,0,0.0,20.0,100.0,0.0,,0.0,100.0,,80.0,,0.0,0.0,0.0,0.8,0.8,0.0
2020-11-26,2020-11,47,5,tablet,<Other>,<Other>,<Other>,returning_session,3,3,150,37,39,13,0,0,0,0,1,1,0,0,1,0,1,0,0.0,0,0,0.0,33.33,100.0,0.0,,0.0,100.0,,33.33,,0.0,0.0,0.0,13.0,4.33,0.0
2020-11-26,2020-11,47,5,tablet,google,organic,(organic),returning_session,9,9,184,66,20,7,0,0,0,0,3,2,0,0,2,0,5,0,0.0,0,0,0.0,33.33,66.67,0.0,,0.0,100.0,,55.56,,0.0,0.0,0.0,2.22,0.78,0.0
2020-11-26,2020-11,47,5,tablet,(data deleted),(data deleted),<Other>,returning_session,1,1,4,1,0,0,0,0,0,0,0,0,0,0,0,0,1,0,0.0,0,0,0.0,0.0,,,,,,,100.0,,0.0,0.0,0.0,0.0,0.0,0.0
2020-11-26,2020-11,47,5,mobile,(data deleted),(data deleted),<Other>,new_session,1,1,2,1,0,0,0,0,0,0,0,0,0,0,0,0,1,0,0.0,0,0,0.0,0.0,,,,,,,100.0,,0.0,0.0,0.0,0.0,0.0,0.0
2020-11-26,2020-11,47,5,mobile,<Other>,(data deleted),(data deleted),returning_session,3,3,16,4,0,0,0,0,0,0,0,0,0,0,0,0,2,0,0.0,0,0,0.0,0.0,,,,,,,66.67,,0.0,0.0,0.0,0.0,0.0,0.0
2020-11-26,2020-11,47,5,desktop,<Other>,(data deleted),(data deleted),returning_session,6,6,54,18,3,0,0,1,0,0,2,0,1,0,0,1,4,0,0.0,0,0,0.0,33.33,0.0,,0.0,0.0,,100.0,66.67,,0.0,0.0,0.0,0.5,0.0,0.17
2020-11-26,2020-11,47,5,mobile,<Other>,organic,(organic),returning_session,7,7,67,21,3,2,0,1,0,0,2,1,1,0,1,1,4,0,0.0,0,0,0.0,28.57,50.0,100.0,0.0,0.0,100.0,100.0,57.14,,0.0,0.0,0.0,0.43,0.29,0.14
2020-11-26,2020-11,47,5,desktop,(data deleted),(data deleted),<Other>,returning_session,3,3,55,14,2,0,0,4,0,0,1,0,1,0,0,1,2,0,0.0,0,0,0.0,33.33,0.0,,0.0,0.0,,100.0,66.67,,0.0,0.0,0.0,0.67,0.0,1.33
2020-11-26,2020-11,47,5,tablet,(direct),(none),(direct),new_session,13,13,256,76,25,6,0,2,1,0,2,1,1,0,1,1,7,0,0.0,0,0,0.0,15.38,50.0,100.0,0.0,0.0,100.0,100.0,53.85,,0.0,0.0,0.0,1.92,0.46,0.15
2020-11-26,2020-11,47,5,mobile,<Other>,referral,(referral),new_session,87,87,1183,392,121,4,0,2,0,0,10,3,2,0,3,2,51,0,0.0,0,0,0.0,11.49,30.0,66.67,0.0,0.0,100.0,100.0,58.62,,0.0,0.0,0.0,1.39,0.05,0.02
2020-11-26,2020-11,47,5,desktop,google,cpc,<Other>,returning_session,16,16,101,26,4,1,0,2,0,0,3,1,1,0,1,1,10,0,0.0,0,0,0.0,18.75,33.33,100.0,0.0,0.0,100.0,100.0,62.5,,0.0,0.0,0.0,0.25,0.06,0.13
2020-11-26,2020-11,47,5,tablet,(data deleted),(data deleted),(data deleted),returning_session,9,9,103,29,7,1,0,2,2,0,3,1,1,0,1,1,5,0,0.0,0,0,0.0,33.33,33.33,100.0,0.0,0.0,100.0,100.0,55.56,,0.0,0.0,0.0,0.78,0.11,0.22
2020-11-26,2020-11,47,5,mobile,shop.googlemerchandisestore.com,referral,(referral),returning_session,75,69,881,272,65,15,0,6,3,0,22,9,4,0,9,4,38,0,0.0,0,0,0.0,29.33,40.91,44.44,0.0,0.0,100.0,100.0,50.67,,0.0,0.0,0.0,0.87,0.2,0.08
2020-11-26,2020-11,47,5,desktop,<Other>,referral,(referral),returning_session,71,69,769,240,56,8,0,10,0,0,23,4,3,0,4,3,34,0,0.0,0,0,0.0,32.39,17.39,75.0,0.0,0.0,100.0,100.0,47.89,,0.0,0.0,0.0,0.79,0.11,0.14
2020-11-26,2020-11,47,5,desktop,<Other>,<Other>,<Other>,new_session,323,323,4178,1264,401,74,0,17,3,0,68,24,9,0,24,9,182,0,0.0,0,0,0.0,21.05,35.29,37.5,0.0,0.0,100.0,100.0,56.35,,0.0,0.0,0.0,1.24,0.23,0.05
2020-11-26,2020-11,47,5,desktop,google,cpc,<Other>,new_session,76,76,1272,404,131,15,0,7,4,1,20,6,5,1,5,4,38,1,12.0,2,2,1.32,26.32,30.0,83.33,20.0,5.0,83.33,80.0,50.0,12.0,0.16,0.16,0.01,1.72,0.2,0.09
2020-11-26,2020-11,47,5,desktop,shop.googlemerchandisestore.com,referral,(referral),new_session,93,93,859,254,55,18,0,4,1,1,18,4,4,1,3,3,56,1,25.0,2,2,1.08,19.35,22.22,100.0,25.0,5.56,75.0,75.0,60.22,25.0,0.27,0.27,0.01,0.59,0.19,0.04
2020-11-26,2020-11,47,5,mobile,(data deleted),(data deleted),(data deleted),returning_session,114,111,1022,322,98,27,0,6,1,1,25,9,4,1,8,3,75,1,266.0,6,6,0.88,21.93,36.0,44.44,25.0,4.0,88.89,75.0,65.79,266.0,2.4,2.33,0.01,0.86,0.24,0.05
2020-11-26,2020-11,47,5,mobile,google,cpc,<Other>,new_session,55,55,546,149,40,19,0,5,2,1,12,5,3,1,4,2,34,1,34.0,2,2,1.82,21.82,41.67,60.0,33.33,8.33,80.0,66.67,61.82,34.0,0.62,0.62,0.02,0.73,0.35,0.09
2020-11-26,2020-11,47,5,mobile,shop.googlemerchandisestore.com,referral,(referral),new_session,54,54,894,244,100,56,0,5,2,2,13,3,2,1,3,1,27,2,45.0,2,2,1.85,24.07,23.08,66.67,50.0,7.69,100.0,50.0,50.0,22.5,0.83,0.83,0.04,1.85,1.04,0.09
2020-11-26,2020-11,47,5,desktop,<Other>,organic,(organic),new_session,50,50,801,258,87,8,0,3,2,1,8,3,2,1,2,1,32,1,71.0,5,5,2.0,16.0,37.5,66.67,50.0,12.5,66.67,50.0,64.0,71.0,1.42,1.42,0.02,1.74,0.16,0.06
2020-11-26,2020-11,47,5,tablet,(direct),(none),(direct),returning_session,4,4,66,23,1,0,0,1,1,1,1,0,1,1,0,0,1,1,55.0,1,1,25.0,25.0,0.0,,100.0,100.0,,0.0,25.0,55.0,13.75,13.75,0.25,0.25,0.0,0.25
2020-11-26,2020-11,47,5,desktop,(direct),(none),(direct),new_session,383,383,4869,1487,438,112,0,14,6,2,74,23,11,2,21,9,218,2,128.0,9,8,0.52,19.32,31.08,47.83,18.18,2.7,91.3,81.82,56.92,64.0,0.33,0.33,0.01,1.14,0.29,0.04
2020-11-26,2020-11,47,5,desktop,shop.googlemerchandisestore.com,referral,(referral),returning_session,107,104,1264,372,130,41,0,13,5,2,23,8,9,2,6,7,61,2,323.0,54,25,1.87,21.5,34.78,112.5,22.22,8.7,75.0,77.78,57.01,161.5,3.11,3.02,0.02,1.21,0.38,0.12
2020-11-26,2020-11,47,5,mobile,(direct),(none),(direct),new_session,319,319,3714,1137,301,45,0,23,20,2,51,10,9,2,8,7,201,2,89.0,6,5,0.63,15.99,19.61,90.0,22.22,3.92,80.0,77.78,63.01,44.5,0.28,0.28,0.01,0.94,0.14,0.07
2020-11-26,2020-11,47,5,desktop,(direct),(none),(direct),returning_session,144,134,1776,553,171,30,0,14,6,2,34,12,9,2,10,7,78,2,138.0,3,3,1.39,23.61,35.29,75.0,22.22,5.88,83.33,77.78,54.17,69.0,1.03,0.96,0.01,1.19,0.21,0.1
2020-11-26,2020-11,47,5,mobile,<Other>,<Other>,<Other>,new_session,213,213,2426,712,234,35,0,7,4,2,48,17,5,2,15,3,108,2,93.0,5,5,0.94,22.54,35.42,29.41,40.0,4.17,88.24,60.0,50.7,46.5,0.44,0.44,0.01,1.1,0.16,0.03
2020-11-26,2020-11,47,5,mobile,<Other>,<Other>,<Other>,returning_session,25,25,582,178,65,4,0,13,7,2,8,3,3,2,2,1,14,2,236.0,11,8,8.0,32.0,37.5,100.0,66.67,25.0,66.67,33.33,56.0,118.0,9.44,9.44,0.08,2.6,0.16,0.52
2020-11-26,2020-11,47,5,mobile,<Other>,organic,(organic),new_session,43,43,556,155,49,3,0,4,4,2,10,2,3,2,2,1,23,2,212.0,11,11,4.65,23.26,20.0,150.0,66.67,20.0,100.0,33.33,53.49,106.0,4.93,4.93,0.05,1.14,0.07,0.09
2020-11-26,2020-11,47,5,mobile,(direct),(none),(direct),returning_session,128,121,1495,438,132,43,0,13,7,3,29,12,11,3,10,8,76,3,168.0,10,10,2.34,22.66,41.38,91.67,27.27,10.34,83.33,72.73,59.38,56.0,1.39,1.31,0.02,1.03,0.34,0.1
2020-11-26,2020-11,47,5,desktop,(data deleted),(data deleted),(data deleted),returning_session,162,154,2183,653,233,62,0,19,9,3,42,14,10,3,13,7,91,3,139.0,5,4,1.85,25.93,33.33,71.43,30.0,7.14,92.86,70.0,56.17,46.33,0.9,0.86,0.02,1.44,0.38,0.12
2020-11-26,2020-11,47,5,desktop,<Other>,referral,(referral),new_session,156,156,2647,848,256,57,0,14,11,3,26,8,9,3,7,6,88,3,339.0,29,17,1.92,16.67,30.77,112.5,33.33,11.54,87.5,66.67,56.41,113.0,2.17,2.17,0.02,1.64,0.37,0.09
2020-11-26,2020-11,47,5,mobile,<Other>,referral,(referral),returning_session,47,46,901,276,99,19,0,11,7,3,16,5,7,3,3,4,20,3,125.0,4,4,6.38,34.04,31.25,140.0,42.86,18.75,60.0,57.14,42.55,41.67,2.72,2.66,0.07,2.11,0.4,0.23
2020-11-26,2020-11,47,5,mobile,google,organic,(organic),returning_session,115,105,1490,470,91,30,0,8,11,3,26,9,4,3,6,1,61,3,182.0,9,8,2.61,22.61,34.62,44.44,75.0,11.54,66.67,25.0,53.04,60.67,1.73,1.58,0.03,0.79,0.26,0.07
2020-11-26,2020-11,47,5,desktop,<Other>,<Other>,<Other>,returning_session,36,36,689,208,98,23,0,5,5,3,12,4,3,3,1,0,20,3,27.0,3,5,8.33,33.33,33.33,75.0,100.0,25.0,25.0,0.0,55.56,9.0,0.75,0.75,0.08,2.72,0.64,0.14
2020-11-26,2020-11,47,5,desktop,google,organic,(organic),returning_session,146,140,2425,739,282,76,0,21,13,4,36,15,13,4,12,9,92,4,246.0,14,13,2.74,24.66,41.67,86.67,30.77,11.11,80.0,69.23,63.01,61.5,1.76,1.68,0.03,1.93,0.52,0.14
2020-11-26,2020-11,47,5,mobile,google,organic,(organic),new_session,412,412,5397,1643,449,73,0,30,17,6,86,22,16,6,19,10,218,6,1151.0,124,21,1.46,20.87,25.58,72.73,37.5,6.98,86.36,62.5,52.91,191.83,2.79,2.79,0.01,1.09,0.18,0.07
2020-11-26,2020-11,47,5,desktop,google,organic,(organic),new_session,591,591,8006,2500,787,117,0,32,16,7,116,40,24,7,35,17,338,7,345.0,14,14,1.18,19.63,34.48,60.0,29.17,6.03,87.5,70.83,57.19,49.29,0.58,0.58,0.01,1.33,0.2,0.05
2021-01-30,2021-01,4,7,tablet,<Other>,referral,(referral),returning_session,2,2,4,0,0,0,0,0,0,0,0,0,0,0,0,0,2,0,0.0,0,0,0.0,0.0,,,,,,,100.0,,0.0,0.0,0.0,0.0,0.0,0.0
2021-01-30,2021-01,4,7,desktop,google,cpc,<Other>,returning_session,6,6,51,20,0,0,0,0,0,0,0,0,0,0,0,0,3,0,0.0,0,0,0.0,0.0,,,,,,,50.0,,0.0,0.0,0.0,0.0,0.0,0.0
2021-01-30,2021-01,4,7,tablet,<Other>,organic,(organic),new_session,2,2,11,4,0,0,0,0,0,0,0,0,0,0,0,0,0,0,0.0,0,0,0.0,0.0,,,,,,,0.0,,0.0,0.0,0.0,0.0,0.0,0.0
2021-01-30,2021-01,4,7,desktop,<Other>,organic,(organic),returning_session,6,6,99,39,1,0,0,0,0,0,1,0,0,0,0,0,1,0,0.0,0,0,0.0,16.67,0.0,,,0.0,,,16.67,,0.0,0.0,0.0,0.17,0.0,0.0
2021-01-30,2021-01,4,7,tablet,(data deleted),(data deleted),(data deleted),returning_session,4,4,35,10,1,0,0,0,0,0,1,0,0,0,0,0,3,0,0.0,0,0,0.0,25.0,0.0,,,0.0,,,75.0,,0.0,0.0,0.0,0.25,0.0,0.0
2021-01-30,2021-01,4,7,mobile,<Other>,organic,(organic),returning_session,5,5,24,9,2,0,0,0,0,0,1,0,0,0,0,0,2,0,0.0,0,0,0.0,20.0,0.0,,,0.0,,,40.0,,0.0,0.0,0.0,0.4,0.0,0.0
2021-01-30,2021-01,4,7,tablet,<Other>,referral,(referral),new_session,3,3,15,6,0,0,0,0,0,0,0,0,0,0,0,0,0,0,0.0,0,0,0.0,0.0,,,,,,,0.0,,0.0,0.0,0.0,0.0,0.0,0.0
2021-01-30,2021-01,4,7,mobile,<Other>,(data deleted),(data deleted),returning_session,1,1,2,0,0,0,0,0,0,0,0,0,0,0,0,0,1,0,0.0,0,0,0.0,0.0,,,,,,,100.0,,0.0,0.0,0.0,0.0,0.0,0.0
2021-01-30,2021-01,4,7,tablet,google,organic,(organic),returning_session,6,6,21,6,0,0,0,0,0,0,0,0,0,0,0,0,3,0,0.0,0,0,0.0,0.0,,,,,,,50.0,,0.0,0.0,0.0,0.0,0.0,0.0
2021-01-30,2021-01,4,7,desktop,(data deleted),(data deleted),(data deleted),new_session,6,6,39,14,4,0,0,0,0,0,2,0,0,0,0,0,2,0,0.0,0,0,0.0,33.33,0.0,,,0.0,,,33.33,,0.0,0.0,0.0,0.67,0.0,0.0
2021-01-30,2021-01,4,7,mobile,<Other>,organic,(organic),new_session,33,33,254,90,8,0,0,0,0,0,5,0,0,0,0,0,2,0,0.0,0,0,0.0,15.15,0.0,,,0.0,,,6.06,,0.0,0.0,0.0,0.24,0.0,0.0
2021-01-30,2021-01,4,7,desktop,<Other>,(data deleted),(data deleted),returning_session,1,1,11,4,0,0,0,0,0,0,0,0,0,0,0,0,0,0,0.0,0,0,0.0,0.0,,,,,,,0.0,,0.0,0.0,0.0,0.0,0.0,0.0
2021-01-30,2021-01,4,7,tablet,google,cpc,<Other>,new_session,1,1,5,2,0,0,0,0,0,0,0,0,0,0,0,0,0,0,0.0,0,0,0.0,0.0,,,,,,,0.0,,0.0,0.0,0.0,0.0,0.0,0.0
2021-01-30,2021-01,4,7,tablet,shop.googlemerchandisestore.com,referral,(referral),returning_session,1,1,2,0,0,0,0,0,0,0,0,0,0,0,0,0,1,0,0.0,0,0,0.0,0.0,,,,,,,100.0,,0.0,0.0,0.0,0.0,0.0,0.0
2021-01-30,2021-01,4,7,tablet,<Other>,organic,(organic),returning_session,1,1,23,9,1,0,0,0,0,0,1,0,0,0,0,0,0,0,0.0,0,0,0.0,100.0,0.0,,,0.0,,,0.0,,0.0,0.0,0.0,1.0,0.0,0.0
2021-01-30,2021-01,4,7,mobile,google,cpc,<Other>,returning_session,5,5,25,10,1,0,0,0,0,0,1,0,0,0,0,0,2,0,0.0,0,0,0.0,20.0,0.0,,,0.0,,,40.0,,0.0,0.0,0.0,0.2,0.0,0.0
2021-01-30,2021-01,4,7,mobile,<Other>,<Other>,<Other>,returning_session,10,10,105,40,12,0,0,0,0,0,2,0,0,0,0,0,3,0,0.0,0,0,0.0,20.0,0.0,,,0.0,,,30.0,,0.0,0.0,0.0,1.2,0.0,0.0
2021-01-30,2021-01,4,7,mobile,<Other>,referral,(referral),new_session,85,85,689,251,46,2,0,0,0,0,12,2,0,0,2,0,8,0,0.0,0,0,0.0,14.12,16.67,0.0,,0.0,100.0,,9.41,,0.0,0.0,0.0,0.54,0.02,0.0
2021-01-30,2021-01,4,7,mobile,(data deleted),(data deleted),(data deleted),new_session,9,9,73,30,4,1,0,0,0,0,4,1,0,0,1,0,3,0,0.0,0,0,0.0,44.44,25.0,0.0,,0.0,100.0,,33.33,,0.0,0.0,0.0,0.44,0.11,0.0
2021-01-30,2021-01,4,7,tablet,google,organic,(organic),new_session,20,20,176,63,6,3,0,0,0,0,4,1,0,0,1,0,1,0,0.0,0,0,0.0,20.0,25.0,0.0,,0.0,100.0,,5.0,,0.0,0.0,0.0,0.3,0.15,0.0
2021-01-30,2021-01,4,7,tablet,(direct),(none),(direct),new_session,13,13,105,41,5,1,0,0,0,0,2,1,0,0,1,0,0,0,0.0,0,0,0.0,15.38,50.0,0.0,,0.0,100.0,,0.0,,0.0,0.0,0.0,0.38,0.08,0.0
2021-01-30,2021-01,4,7,tablet,(direct),(none),(direct),returning_session,4,4,56,22,2,1,0,0,0,0,2,1,0,0,1,0,1,0,0.0,0,0,0.0,50.0,50.0,0.0,,0.0,100.0,,25.0,,0.0,0.0,0.0,0.5,0.25,0.0
2021-01-30,2021-01,4,7,desktop,shop.googlemerchandisestore.com,referral,(referral),new_session,79,79,781,275,64,8,0,0,0,0,12,2,0,0,2,0,3,0,0.0,0,0,0.0,15.19,16.67,0.0,,0.0,100.0,,3.8,,0.0,0.0,0.0,0.81,0.1,0.0
2021-01-30,2021-01,4,7,desktop,<Other>,<Other>,<Other>,returning_session,27,27,370,145,34,2,0,0,0,0,7,1,0,0,1,0,6,0,0.0,0,0,0.0,25.93,14.29,0.0,,0.0,100.0,,22.22,,0.0,0.0,0.0,1.26,0.07,0.0
2021-01-30,2021-01,4,7,desktop,<Other>,organic,(organic),new_session,49,49,378,138,20,2,0,0,0,0,13,2,0,0,2,0,1,0,0.0,0,0,0.0,26.53,15.38,0.0,,0.0,100.0,,2.04,,0.0,0.0,0.0,0.41,0.04,0.0
2021-01-30,2021-01,4,7,mobile,google,cpc,<Other>,new_session,43,43,292,109,10,1,0,0,0,0,8,1,0,0,1,0,2,0,0.0,0,0,0.0,18.6,12.5,0.0,,0.0,100.0,,4.65,,0.0,0.0,0.0,0.23,0.02,0.0
2021-01-30,2021-01,4,7,desktop,<Other>,referral,(referral),new_session,132,132,956,367,44,3,0,0,0,0,21,2,0,0,2,0,14,0,0.0,0,0,0.0,15.91,9.52,0.0,,0.0,100.0,,10.61,,0.0,0.0,0.0,0.33,0.02,0.0
2021-01-30,2021-01,4,7,desktop,google,cpc,<Other>,new_session,74,74,704,260,47,5,0,0,0,0,19,3,0,0,3,0,6,0,0.0,0,0,0.0,25.68,15.79,0.0,,0.0,100.0,,8.11,,0.0,0.0,0.0,0.64,0.07,0.0
2021-01-30,2021-01,4,7,desktop,<Other>,(data deleted),(data deleted),new_session,1,1,56,13,13,7,0,0,0,0,1,1,0,0,1,0,0,0,0.0,0,0,0.0,100.0,100.0,0.0,,0.0,100.0,,0.0,,0.0,0.0,0.0,13.0,7.0,0.0
2021-01-30,2021-01,4,7,desktop,<Other>,<Other>,<Other>,new_session,216,216,1909,701,115,16,0,4,0,0,44,6,1,0,6,1,10,0,0.0,0,0,0.0,20.37,13.64,16.67,0.0,0.0,100.0,100.0,4.63,,0.0,0.0,0.0,0.53,0.07,0.02
2021-01-30,2021-01,4,7,tablet,<Other>,<Other>,<Other>,new_session,12,12,156,55,9,2,0,9,0,0,6,2,2,0,2,2,0,0,0.0,0,0,0.0,50.0,33.33,100.0,0.0,0.0,100.0,100.0,0.0,,0.0,0.0,0.0,0.75,0.17,0.75
2021-01-30,2021-01,4,7,mobile,google,organic,(organic),new_session,297,297,2918,1015,234,31,0,6,4,1,65,9,2,1,9,1,14,1,0.0,0,1,0.34,21.89,13.85,22.22,50.0,1.54,100.0,50.0,4.71,0.0,0.0,0.0,0.0,0.79,0.1,0.02
2021-01-30,2021-01,4,7,mobile,(direct),(none),(direct),new_session,209,209,1733,626,80,14,0,9,2,1,41,6,2,1,5,1,18,1,0.0,0,1,0.48,19.62,14.63,33.33,50.0,2.44,83.33,50.0,8.61,0.0,0.0,0.0,0.0,0.38,0.07,0.04
2021-01-30,2021-01,4,7,desktop,google,organic,(organic),new_session,408,408,4826,2016,400,18,0,24,3,1,78,10,5,1,10,4,17,1,0.0,0,1,0.25,19.12,12.82,50.0,20.0,1.28,100.0,80.0,4.17,0.0,0.0,0.0,0.0,0.98,0.04,0.06
2021-01-30,2021-01,4,7,desktop,shop.googlemerchandisestore.com,referral,(referral),returning_session,56,54,726,224,99,30,0,4,1,1,10,3,2,1,3,1,18,1,0.0,0,1,1.79,17.86,30.0,66.67,50.0,10.0,100.0,50.0,32.14,0.0,0.0,0.0,0.02,1.77,0.54,0.07
2021-01-30,2021-01,4,7,mobile,shop.googlemerchandisestore.com,referral,(referral),new_session,56,56,737,263,63,7,0,4,2,2,9,3,2,2,1,0,4,2,0.0,0,2,3.57,16.07,33.33,66.67,100.0,22.22,33.33,0.0,7.14,0.0,0.0,0.0,0.04,1.13,0.13,0.07
2021-01-30,2021-01,4,7,mobile,shop.googlemerchandisestore.com,referral,(referral),returning_session,34,34,429,153,37,3,0,26,3,1,11,3,2,1,3,1,9,1,0.0,0,1,2.94,32.35,27.27,66.67,50.0,9.09,100.0,50.0,26.47,0.0,0.0,0.0,0.03,1.09,0.09,0.76
2021-01-30,2021-01,4,7,desktop,(data deleted),(data deleted),(data deleted),returning_session,96,93,1267,450,107,19,0,18,7,3,24,6,5,3,4,2,22,3,0.0,0,3,3.13,25.0,25.0,83.33,60.0,12.5,66.67,40.0,22.92,0.0,0.0,0.0,0.03,1.11,0.2,0.19
2021-01-30,2021-01,4,7,desktop,(direct),(none),(direct),returning_session,84,80,1311,450,172,50,0,19,6,4,21,8,7,4,5,3,21,4,0.0,0,4,4.76,25.0,38.1,87.5,57.14,19.05,62.5,42.86,25.0,0.0,0.0,0.0,0.05,2.05,0.6,0.23
2021-01-30,2021-01,4,7,desktop,google,organic,(organic),returning_session,85,82,1509,515,135,13,0,71,11,6,27,8,8,4,7,4,23,4,0.0,0,6,4.71,31.76,29.63,100.0,50.0,14.81,87.5,50.0,27.06,0.0,0.0,0.0,0.05,1.59,0.15,0.84
2021-01-30,2021-01,4,7,mobile,google,organic,(organic),returning_session,62,60,745,255,82,10,0,6,2,1,17,2,2,1,2,1,21,1,0.0,0,1,1.61,27.42,11.76,100.0,50.0,5.88,100.0,50.0,33.87,0.0,0.0,0.0,0.02,1.32,0.16,0.1
2021-01-30,2021-01,4,7,mobile,(data deleted),(data deleted),(data deleted),returning_session,57,54,720,223,75,34,0,12,5,1,8,3,3,1,2,2,25,1,0.0,0,1,1.75,14.04,37.5,100.0,33.33,12.5,66.67,66.67,43.86,0.0,0.0,0.0,0.02,1.32,0.6,0.21
2021-01-30,2021-01,4,7,desktop,(direct),(none),(direct),new_session,313,313,3145,1133,204,19,0,10,3,2,64,11,3,2,9,1,20,2,17.0,1,2,0.64,20.45,17.19,27.27,66.67,3.13,81.82,33.33,6.39,8.5,0.05,0.05,0.01,0.65,0.06,0.03
2021-01-30,2021-01,4,7,desktop,<Other>,referral,(referral),returning_session,36,36,320,103,30,11,0,9,1,1,8,2,1,1,1,0,17,1,16.0,2,2,2.78,22.22,25.0,50.0,100.0,12.5,50.0,0.0,47.22,16.0,0.44,0.44,0.03,0.83,0.31,0.25
2021-01-30,2021-01,4,7,mobile,(direct),(none),(direct),returning_session,68,60,580,205,55,10,0,9,2,1,15,4,1,1,3,0,17,1,28.0,3,3,1.47,22.06,26.67,25.0,100.0,6.67,75.0,0.0,25.0,28.0,0.47,0.41,0.02,0.81,0.15,0.13
2021-01-30,2021-01,4,7,mobile,<Other>,referral,(referral),returning_session,31,30,330,110,27,13,0,3,1,1,6,2,1,1,1,0,7,1,28.0,3,3,3.23,19.35,33.33,50.0,100.0,16.67,50.0,0.0,22.58,28.0,0.93,0.9,0.03,0.87,0.42,0.1
2021-01-30,2021-01,4,7,mobile,<Other>,<Other>,<Other>,new_session,151,151,1477,513,107,28,0,8,2,2,32,3,2,1,2,1,6,2,70.0,2,3,0.66,21.19,9.38,66.67,50.0,3.13,66.67,50.0,3.97,35.0,0.46,0.46,0.01,0.71,0.19,0.05
2021-01-26,2021-01,4,3,tablet,<Other>,<Other>,<Other>,new_session,14,14,81,29,2,0,0,0,0,0,2,0,0,0,0,0,2,0,0.0,0,0,0.0,14.29,0.0,,,0.0,,,14.29,,0.0,0.0,0.0,0.14,0.0,0.0
2021-01-26,2021-01,4,3,tablet,<Other>,organic,(organic),new_session,3,3,19,6,1,0,0,0,0,0,1,0,0,0,0,0,0,0,0.0,0,0,0.0,33.33,0.0,,,0.0,,,0.0,,0.0,0.0,0.0,0.33,0.0,0.0
2021-01-26,2021-01,4,3,tablet,google,organic,(organic),new_session,25,25,257,95,22,1,0,0,0,0,9,1,0,0,1,0,0,0,0.0,0,0,0.0,36.0,11.11,0.0,,0.0,100.0,,0.0,,0.0,0.0,0.0,0.88,0.04,0.0
2021-01-26,2021-01,4,3,mobile,<Other>,organic,(organic),returning_session,9,9,46,15,4,0,0,0,0,0,1,0,0,0,0,0,4,0,0.0,0,0,0.0,11.11,0.0,,,0.0,,,44.44,,0.0,0.0,0.0,0.44,0.0,0.0
2021-01-26,2021-01,4,3,desktop,google,cpc,<Other>,returning_session,11,11,67,24,1,0,0,0,0,0,1,0,0,0,0,0,4,0,0.0,0,0,0.0,9.09,0.0,,,0.0,,,36.36,,0.0,0.0,0.0,0.09,0.0,0.0
2021-01-26,2021-01,4,3,tablet,google,cpc,<Other>,new_session,5,5,68,24,6,0,0,0,0,0,1,0,0,0,0,0,0,0,0.0,0,0,0.0,20.0,0.0,,,0.0,,,0.0,,0.0,0.0,0.0,1.2,0.0,0.0
2021-01-26,2021-01,4,3,mobile,<Other>,<Other>,<Other>,returning_session,27,27,174,62,10,3,0,0,0,0,5,1,0,0,1,0,8,0,0.0,0,0,0.0,18.52,20.0,0.0,,0.0,100.0,,29.63,,0.0,0.0,0.0,0.37,0.11,0.0
2021-01-26,2021-01,4,3,tablet,google,organic,(organic),returning_session,5,5,82,27,16,0,0,0,0,0,1,0,0,0,0,0,2,0,0.0,0,0,0.0,20.0,0.0,,,0.0,,,40.0,,0.0,0.0,0.0,3.2,0.0,0.0
2021-01-26,2021-01,4,3,desktop,<Other>,(data deleted),(data deleted),returning_session,5,5,15,4,0,0,0,0,0,0,0,0,0,0,0,0,3,0,0.0,0,0,0.0,0.0,,,,,,,60.0,,0.0,0.0,0.0,0.0,0.0,0.0
2021-01-26,2021-01,4,3,tablet,<Other>,referral,(referral),new_session,5,5,30,12,0,0,0,0,0,0,0,0,0,0,0,0,0,0,0.0,0,0,0.0,0.0,,,,,,,0.0,,0.0,0.0,0.0,0.0,0.0,0.0
2021-01-26,2021-01,4,3,tablet,shop.googlemerchandisestore.com,referral,(referral),new_session,1,1,12,4,1,0,0,0,0,0,1,0,0,0,0,0,0,0,0.0,0,0,0.0,100.0,0.0,,,0.0,,,0.0,,0.0,0.0,0.0,1.0,0.0,0.0
2021-01-26,2021-01,4,3,desktop,shop.googlemerchandisestore.com,referral,(referral),new_session,74,74,500,182,11,0,0,0,0,0,8,0,0,0,0,0,4,0,0.0,0,0,0.0,10.81,0.0,,,0.0,,,5.41,,0.0,0.0,0.0,0.15,0.0,0.0
2021-01-26,2021-01,4,3,mobile,shop.googlemerchandisestore.com,referral,(referral),new_session,60,60,568,203,48,0,0,0,0,0,14,0,0,0,0,0,6,0,0.0,0,0,0.0,23.33,0.0,,,0.0,,,10.0,,0.0,0.0,0.0,0.8,0.0,0.0
2021-01-26,2021-01,4,3,tablet,(direct),(none),(direct),new_session,13,13,121,47,2,0,0,0,0,0,2,0,0,0,0,0,0,0,0.0,0,0,0.0,15.38,0.0,,,0.0,,,0.0,,0.0,0.0,0.0,0.15,0.0,0.0
2021-01-26,2021-01,4,3,tablet,(direct),(none),(direct),returning_session,7,7,81,29,3,0,0,0,0,0,2,0,0,0,0,0,2,0,0.0,0,0,0.0,28.57,0.0,,,0.0,,,28.57,,0.0,0.0,0.0,0.43,0.0,0.0
2021-01-26,2021-01,4,3,tablet,shop.googlemerchandisestore.com,referral,(referral),returning_session,6,6,74,25,11,0,0,0,0,0,3,0,0,0,0,0,2,0,0.0,0,0,0.0,50.0,0.0,,,0.0,,,33.33,,0.0,0.0,0.0,1.83,0.0,0.0
2021-01-26,2021-01,4,3,desktop,(data deleted),(data deleted),<Other>,returning_session,6,6,54,18,7,0,0,0,0,0,3,0,0,0,0,0,1,0,0.0,0,0,0.0,50.0,0.0,,,0.0,,,16.67,,0.0,0.0,0.0,1.17,0.0,0.0
2021-01-26,2021-01,4,3,mobile,<Other>,<Other>,<Other>,new_session,204,204,1802,652,113,11,0,0,0,0,45,6,0,0,6,0,4,0,0.0,0,0,0.0,22.06,13.33,0.0,,0.0,100.0,,1.96,,0.0,0.0,0.0,0.55,0.05,0.0
2021-01-26,2021-01,4,3,tablet,google,cpc,<Other>,returning_session,1,1,2,0,0,0,0,0,0,0,0,0,0,0,0,0,1,0,0.0,0,0,0.0,0.0,,,,,,,100.0,,0.0,0.0,0.0,0.0,0.0,0.0
2021-01-26,2021-01,4,3,mobile,(data deleted),(data deleted),<Other>,returning_session,1,1,7,2,0,0,0,0,0,0,0,0,0,0,0,0,0,0,0.0,0,0,0.0,0.0,,,,,,,0.0,,0.0,0.0,0.0,0.0,0.0,0.0
2021-01-26,2021-01,4,3,desktop,(data deleted),(data deleted),(data deleted),new_session,5,5,20,9,0,0,0,0,0,0,0,0,0,0,0,0,4,0,0.0,0,0,0.0,0.0,,,,,,,80.0,,0.0,0.0,0.0,0.0,0.0,0.0
2021-01-26,2021-01,4,3,desktop,<Other>,referral,(referral),new_session,156,156,1285,463,70,6,0,2,0,0,40,4,1,0,4,1,5,0,0.0,0,0,0.0,25.64,10.0,25.0,0.0,0.0,100.0,100.0,3.21,,0.0,0.0,0.0,0.45,0.04,0.01
2021-01-26,2021-01,4,3,desktop,<Other>,organic,(organic),new_session,54,54,423,155,19,2,0,2,0,0,12,1,1,0,1,1,1,0,0.0,0,0,0.0,22.22,8.33,100.0,0.0,0.0,100.0,100.0,1.85,,0.0,0.0,0.0,0.35,0.04,0.04
2021-01-26,2021-01,4,3,desktop,<Other>,<Other>,<Other>,new_session,327,327,3416,1251,155,19,0,20,1,0,73,7,3,0,7,3,6,0,0.0,0,0,0.0,22.32,9.59,42.86,0.0,0.0,100.0,100.0,1.83,,0.0,0.0,0.0,0.47,0.06,0.06
2021-01-26,2021-01,4,3,mobile,google,cpc,<Other>,new_session,78,78,746,252,50,21,0,8,2,0,21,2,2,0,2,2,2,0,0.0,0,0,0.0,26.92,9.52,100.0,0.0,0.0,100.0,100.0,2.56,,0.0,0.0,0.0,0.64,0.27,0.1
2021-01-26,2021-01,4,3,desktop,google,cpc,<Other>,new_session,90,90,735,265,35,9,0,2,1,0,13,2,1,0,2,1,4,0,0.0,0,0,0.0,14.44,15.38,50.0,0.0,0.0,100.0,100.0,4.44,,0.0,0.0,0.0,0.39,0.1,0.02
2021-01-26,2021-01,4,3,desktop,google,organic,(organic),new_session,591,591,5800,2089,392,43,0,12,2,1,135,16,5,1,15,4,20,1,24.0,1,1,0.17,22.84,11.85,31.25,20.0,0.74,93.75,80.0,3.38,24.0,0.04,0.04,0.0,0.66,0.07,0.02
2021-01-26,2021-01,4,3,desktop,<Other>,referral,(referral),returning_session,75,73,610,210,40,7,0,8,1,1,16,3,2,1,2,1,29,1,119.0,5,5,1.33,21.33,18.75,66.67,50.0,6.25,66.67,50.0,38.67,119.0,1.63,1.59,0.01,0.53,0.09,0.11
2021-01-26,2021-01,4,3,mobile,<Other>,referral,(referral),new_session,113,113,1249,425,90,10,0,21,5,1,32,2,2,1,2,1,5,1,10.0,1,1,0.88,28.32,6.25,100.0,50.0,3.13,100.0,50.0,4.42,10.0,0.09,0.09,0.01,0.8,0.09,0.19
2021-01-26,2021-01,4,3,desktop,<Other>,<Other>,<Other>,returning_session,26,26,206,77,19,3,0,2,1,1,6,2,1,1,2,0,8,1,0.0,0,1,3.85,23.08,33.33,50.0,100.0,16.67,100.0,0.0,30.77,0.0,0.0,0.0,0.04,0.73,0.12,0.08
2021-01-26,2021-01,4,3,mobile,<Other>,organic,(organic),new_session,36,36,610,197,81,32,0,4,1,1,12,3,1,1,2,0,2,1,0.0,0,1,2.78,33.33,25.0,33.33,100.0,8.33,66.67,0.0,5.56,0.0,0.0,0.0,0.03,2.25,0.89,0.11
2021-01-26,2021-01,4,3,tablet,(data deleted),(data deleted),(data deleted),returning_session,6,6,112,34,13,0,0,4,2,1,1,0,1,1,0,0,3,1,0.0,0,1,16.67,16.67,0.0,,100.0,100.0,,0.0,50.0,0.0,0.0,0.0,0.17,2.17,0.0,0.67
2021-01-26,2021-01,4,3,mobile,(data deleted),(data deleted),(data deleted),new_session,1,1,63,15,8,8,0,2,1,1,1,1,1,1,0,0,0,1,0.0,0,1,100.0,100.0,100.0,100.0,100.0,100.0,0.0,0.0,0.0,0.0,0.0,0.0,1.0,8.0,8.0,2.0
2021-01-26,2021-01,4,3,desktop,<Other>,organic,(organic),returning_session,16,16,171,54,27,6,0,2,1,1,8,1,1,1,1,0,3,1,0.0,0,1,6.25,50.0,12.5,100.0,100.0,12.5,100.0,0.0,18.75,0.0,0.0,0.0,0.06,1.69,0.38,0.13
2021-01-26,2021-01,4,3,mobile,google,cpc,<Other>,returning_session,7,7,187,60,17,1,0,6,4,1,3,1,1,1,0,0,1,1,26.0,2,1,14.29,42.86,33.33,100.0,100.0,33.33,0.0,0.0,14.29,26.0,3.71,3.71,0.14,2.43,0.14,0.86
2021-01-26,2021-01,4,3,desktop,(direct),(none),(direct),new_session,402,402,3767,1342,231,33,0,32,4,2,93,11,9,2,11,7,18,2,0.0,0,2,0.5,23.13,11.83,81.82,22.22,2.15,100.0,77.78,4.48,0.0,0.0,0.0,0.0,0.57,0.08,0.08
2021-01-26,2021-01,4,3,mobile,google,organic,(organic),new_session,404,404,3716,1297,273,63,0,6,2,2,97,15,3,2,13,1,20,2,0.0,0,2,0.5,24.01,15.46,20.0,66.67,2.06,86.67,33.33,4.95,0.0,0.0,0.0,0.0,0.68,0.16,0.01
2021-01-26,2021-01,4,3,mobile,shop.googlemerchandisestore.com,referral,(referral),returning_session,72,72,1137,415,100,6,0,11,5,2,21,2,2,2,1,0,24,2,82.0,4,4,2.78,29.17,9.52,100.0,100.0,9.52,50.0,0.0,33.33,41.0,1.14,1.14,0.03,1.39,0.08,0.15
2021-01-26,2021-01,4,3,mobile,<Other>,referral,(referral),returning_session,37,36,431,163,44,15,0,4,2,2,9,3,2,2,1,0,10,2,0.0,0,2,5.41,24.32,33.33,66.67,100.0,22.22,33.33,0.0,27.03,0.0,0.0,0.0,0.06,1.19,0.41,0.11
2021-01-26,2021-01,4,3,mobile,(direct),(none),(direct),new_session,258,258,2705,940,202,42,0,31,7,3,68,8,9,3,6,6,8,3,68.0,6,8,1.16,26.36,11.76,112.5,33.33,4.41,75.0,66.67,3.1,22.67,0.26,0.26,0.01,0.78,0.16,0.12
2021-01-26,2021-01,4,3,desktop,google,organic,(organic),returning_session,151,138,1642,568,138,12,0,33,8,4,36,6,7,4,4,3,52,4,76.0,2,4,2.65,23.84,16.67,116.67,57.14,11.11,66.67,42.86,34.44,19.0,0.55,0.5,0.03,0.91,0.08,0.22
2021-01-26,2021-01,4,3,desktop,shop.googlemerchandisestore.com,referral,(referral),returning_session,112,107,1554,521,110,32,0,50,21,5,26,11,6,4,7,2,35,4,167.0,6,8,3.57,23.21,42.31,54.55,66.67,15.38,63.64,33.33,31.25,41.75,1.56,1.49,0.04,0.98,0.29,0.45
2021-01-26,2021-01,4,3,mobile,(direct),(none),(direct),returning_session,85,83,1214,422,120,10,0,23,6,4,26,7,5,4,3,1,23,4,177.0,5,7,4.71,30.59,26.92,71.43,80.0,15.38,42.86,20.0,27.06,44.25,2.13,2.08,0.05,1.41,0.12,0.27
2021-01-26,2021-01,4,3,desktop,(direct),(none),(direct),returning_session,138,130,1469,494,114,21,0,22,9,4,24,7,5,4,5,1,45,4,21.0,1,4,2.9,17.39,29.17,71.43,80.0,16.67,71.43,20.0,32.61,5.25,0.16,0.15,0.03,0.83,0.15,0.16
2021-01-26,2021-01,4,3,mobile,google,organic,(organic),returning_session,110,105,1246,420,112,13,0,15,6,4,31,7,4,4,3,0,35,4,242.0,9,8,3.64,28.18,22.58,57.14,100.0,12.9,42.86,0.0,31.82,60.5,2.3,2.2,0.04,1.02,0.12,0.14
2021-01-26,2021-01,4,3,mobile,(data deleted),(data deleted),(data deleted),returning_session,105,96,885,322,55,8,0,13,6,4,22,4,4,4,1,0,26,4,123.0,6,6,3.81,20.95,18.18,100.0,100.0,18.18,25.0,0.0,24.76,30.75,1.28,1.17,0.04,0.52,0.08,0.12
2021-01-26,2021-01,4,3,desktop,(data deleted),(data deleted),(data deleted),returning_session,152,146,2183,768,179,43,0,34,16,6,38,9,8,5,4,3,42,5,82.0,5,10,3.29,25.0,23.68,88.89,62.5,13.16,44.44,37.5,27.63,16.4,0.56,0.54,0.03,1.18,0.28,0.22
2020-12-28,2020-12,52,2,tablet,google,organic,(organic),returning_session,4,4,12,2,0,0,0,0,0,0,0,0,0,0,0,0,3,0,0.0,0,0,0.0,0.0,,,,,,,75.0,,0.0,0.0,0.0,0.0,0.0,0.0
2020-12-28,2020-12,52,2,tablet,(direct),(none),(direct),new_session,9,9,54,18,0,0,0,0,0,0,0,0,0,0,0,0,4,0,0.0,0,0,0.0,0.0,,,,,,,44.44,,0.0,0.0,0.0,0.0,0.0,0.0
2020-12-28,2020-12,52,2,tablet,shop.googlemerchandisestore.com,referral,(referral),new_session,4,4,43,13,0,0,0,0,0,0,0,0,0,0,0,0,1,0,0.0,0,0,0.0,0.0,,,,,,,25.0,,0.0,0.0,0.0,0.0,0.0,0.0
2020-12-28,2020-12,52,2,tablet,<Other>,organic,(organic),new_session,1,1,11,4,0,0,0,0,0,0,0,0,0,0,0,0,0,0,0.0,0,0,0.0,0.0,,,,,,,0.0,,0.0,0.0,0.0,0.0,0.0,0.0
2020-12-28,2020-12,52,2,tablet,google,cpc,<Other>,new_session,5,5,25,8,0,0,0,0,0,0,0,0,0,0,0,0,3,0,0.0,0,0,0.0,0.0,,,,,,,60.0,,0.0,0.0,0.0,0.0,0.0,0.0
2020-12-28,2020-12,52,2,tablet,<Other>,organic,(organic),returning_session,1,1,2,0,0,0,0,0,0,0,0,0,0,0,0,0,1,0,0.0,0,0,0.0,0.0,,,,,,,100.0,,0.0,0.0,0.0,0.0,0.0,0.0
2020-12-28,2020-12,52,2,tablet,(data deleted),(data deleted),(data deleted),returning_session,3,3,11,4,0,0,0,0,0,0,0,0,0,0,0,0,2,0,0.0,0,0,0.0,0.0,,,,,,,66.67,,0.0,0.0,0.0,0.0,0.0,0.0
2020-12-28,2020-12,52,2,mobile,google,cpc,<Other>,returning_session,2,2,5,1,0,0,0,0,0,0,0,0,0,0,0,0,2,0,0.0,0,0,0.0,0.0,,,,,,,100.0,,0.0,0.0,0.0,0.0,0.0,0.0
2020-12-28,2020-12,52,2,tablet,<Other>,referral,(referral),new_session,3,3,13,4,0,0,0,0,0,0,0,0,0,0,0,0,2,0,0.0,0,0,0.0,0.0,,,,,,,66.67,,0.0,0.0,0.0,0.0,0.0,0.0
2020-12-28,2020-12,52,2,tablet,<Other>,referral,(referral),returning_session,2,2,5,1,0,0,0,0,0,0,0,0,0,0,0,0,2,0,0.0,0,0,0.0,0.0,,,,,,,100.0,,0.0,0.0,0.0,0.0,0.0,0.0
2020-12-28,2020-12,52,2,tablet,<Other>,<Other>,<Other>,returning_session,2,2,15,4,0,0,0,0,0,0,0,0,0,0,0,0,1,0,0.0,0,0,0.0,0.0,,,,,,,50.0,,0.0,0.0,0.0,0.0,0.0,0.0
2020-12-28,2020-12,52,2,mobile,(data deleted),(data deleted),(data deleted),new_session,3,3,7,2,0,0,0,0,0,0,0,0,0,0,0,0,3,0,0.0,0,0,0.0,0.0,,,,,,,100.0,,0.0,0.0,0.0,0.0,0.0,0.0
2020-12-28,2020-12,52,2,desktop,<Other>,(data deleted),(data deleted),returning_session,2,2,23,9,0,0,0,0,0,0,0,0,0,0,0,0,0,0,0.0,0,0,0.0,0.0,,,,,,,0.0,,0.0,0.0,0.0,0.0,0.0,0.0
2020-12-28,2020-12,52,2,desktop,shop.googlemerchandisestore.com,referral,(referral),returning_session,59,57,586,183,75,8,0,0,0,0,10,2,0,0,2,0,27,0,0.0,0,0,0.0,16.95,20.0,0.0,,0.0,100.0,,45.76,,0.0,0.0,0.0,1.27,0.14,0.0
2020-12-28,2020-12,52,2,mobile,shop.googlemerchandisestore.com,referral,(referral),new_session,54,54,384,112,14,0,0,0,0,0,5,0,0,0,0,0,24,0,0.0,0,0,0.0,9.26,0.0,,,0.0,,,44.44,,0.0,0.0,0.0,0.26,0.0,0.0
2020-12-28,2020-12,52,2,mobile,google,cpc,<Other>,new_session,52,52,460,144,22,5,0,0,0,0,6,2,0,0,2,0,23,0,0.0,0,0,0.0,11.54,33.33,0.0,,0.0,100.0,,44.23,,0.0,0.0,0.0,0.42,0.1,0.0
2020-12-28,2020-12,52,2,mobile,<Other>,referral,(referral),new_session,104,104,863,250,57,14,0,0,0,0,23,5,0,0,5,0,53,0,0.0,0,0,0.0,22.12,21.74,0.0,,0.0,100.0,,50.96,,0.0,0.0,0.0,0.55,0.13,0.0
2020-12-28,2020-12,52,2,desktop,<Other>,referral,(referral),new_session,136,136,917,287,25,0,0,0,0,0,15,0,0,0,0,0,62,0,0.0,0,0,0.0,11.03,0.0,,,0.0,,,45.59,,0.0,0.0,0.0,0.18,0.0,0.0
2020-12-28,2020-12,52,2,desktop,(data deleted),(data deleted),<Other>,returning_session,2,2,65,23,11,0,0,0,0,0,1,0,0,0,0,0,1,0,0.0,0,0,0.0,50.0,0.0,,,0.0,,,50.0,,0.0,0.0,0.0,5.5,0.0,0.0
2020-12-28,2020-12,52,2,desktop,<Other>,referral,(referral),returning_session,45,44,520,163,49,13,0,0,0,0,10,3,0,0,3,0,18,0,0.0,0,0,0.0,22.22,30.0,0.0,,0.0,100.0,,40.0,,0.0,0.0,0.0,1.09,0.29,0.0
2020-12-28,2020-12,52,2,mobile,<Other>,(data deleted),(data deleted),returning_session,1,1,11,3,1,1,0,0,0,0,1,1,0,0,1,0,0,0,0.0,0,0,0.0,100.0,100.0,0.0,,0.0,100.0,,0.0,,0.0,0.0,0.0,1.0,1.0,0.0
2020-12-28,2020-12,52,2,desktop,<Other>,organic,(organic),new_session,65,65,392,114,11,0,0,0,0,0,7,0,0,0,0,0,32,0,0.0,0,0,0.0,10.77,0.0,,,0.0,,,49.23,,0.0,0.0,0.0,0.17,0.0,0.0
2020-12-28,2020-12,52,2,mobile,<Other>,referral,(referral),returning_session,36,35,279,81,24,6,0,0,0,0,6,2,0,0,2,0,22,0,0.0,0,0,0.0,16.67,33.33,0.0,,0.0,100.0,,61.11,,0.0,0.0,0.0,0.67,0.17,0.0
2020-12-28,2020-12,52,2,tablet,google,organic,(organic),new_session,26,26,172,49,4,0,0,0,0,0,3,0,0,0,0,0,13,0,0.0,0,0,0.0,11.54,0.0,,,0.0,,,50.0,,0.0,0.0,0.0,0.15,0.0,0.0
2020-12-28,2020-12,52,2,desktop,shop.googlemerchandisestore.com,referral,(referral),new_session,83,83,661,204,46,1,0,0,0,0,11,1,0,0,1,0,46,0,0.0,0,0,0.0,13.25,9.09,0.0,,0.0,100.0,,55.42,,0.0,0.0,0.0,0.55,0.01,0.0
2020-12-28,2020-12,52,2,tablet,shop.googlemerchandisestore.com,referral,(referral),returning_session,5,5,78,25,11,0,0,0,0,0,1,0,0,0,0,0,2,0,0.0,0,0,0.0,20.0,0.0,,,0.0,,,40.0,,0.0,0.0,0.0,2.2,0.0,0.0
2020-12-28,2020-12,52,2,mobile,<Other>,organic,(organic),new_session,36,36,223,70,4,0,0,0,0,0,4,0,0,0,0,0,22,0,0.0,0,0,0.0,11.11,0.0,,,0.0,,,61.11,,0.0,0.0,0.0,0.11,0.0,0.0
2020-12-28,2020-12,52,2,tablet,<Other>,<Other>,<Other>,new_session,9,9,50,15,1,0,0,0,0,0,1,0,0,0,0,0,5,0,0.0,0,0,0.0,11.11,0.0,,,0.0,,,55.56,,0.0,0.0,0.0,0.11,0.0,0.0
2020-12-28,2020-12,52,2,desktop,<Other>,<Other>,<Other>,returning_session,27,27,266,85,25,9,0,0,0,0,5,3,0,0,3,0,17,0,0.0,0,0,0.0,18.52,60.0,0.0,,0.0,100.0,,62.96,,0.0,0.0,0.0,0.93,0.33,0.0
2020-12-28,2020-12,52,2,mobile,<Other>,<Other>,<Other>,returning_session,17,17,107,32,4,0,0,0,0,0,2,0,0,0,0,0,9,0,0.0,0,0,0.0,11.76,0.0,,,0.0,,,52.94,,0.0,0.0,0.0,0.24,0.0,0.0
2020-12-28,2020-12,52,2,mobile,(direct),(none),(direct),new_session,226,226,1856,564,84,18,0,12,1,0,28,5,2,0,5,2,120,0,0.0,0,0,0.0,12.39,17.86,40.0,0.0,0.0,100.0,100.0,53.1,,0.0,0.0,0.0,0.37,0.08,0.05
2020-12-28,2020-12,52,2,desktop,google,cpc,<Other>,new_session,80,80,704,213,30,16,0,3,1,0,12,6,1,0,6,1,35,0,0.0,0,0,0.0,15.0,50.0,16.67,0.0,0.0,100.0,100.0,43.75,,0.0,0.0,0.0,0.38,0.2,0.04
2020-12-28,2020-12,52,2,mobile,<Other>,organic,(organic),returning_session,6,6,77,21,6,4,0,6,4,0,1,1,1,0,1,1,4,0,0.0,0,0,0.0,16.67,100.0,100.0,0.0,0.0,100.0,100.0,66.67,,0.0,0.0,0.0,1.0,0.67,1.0
2020-12-28,2020-12,52,2,desktop,google,organic,(organic),new_session,519,519,4729,1431,298,66,0,51,7,3,79,16,7,3,14,4,252,3,430.0,67,11,0.58,15.22,20.25,43.75,42.86,3.8,87.5,57.14,48.55,143.33,0.83,0.83,0.01,0.57,0.13,0.1
2020-12-28,2020-12,52,2,desktop,(direct),(none),(direct),returning_session,94,90,1476,475,142,25,0,51,9,4,14,8,7,3,6,4,54,3,312.0,13,12,3.19,14.89,57.14,87.5,42.86,21.43,75.0,57.14,57.45,104.0,3.47,3.32,0.03,1.51,0.27,0.54
2020-12-28,2020-12,52,2,desktop,(direct),(none),(direct),new_session,384,384,4331,1282,411,142,0,30,8,5,64,19,6,4,15,2,184,5,221.0,15,11,1.04,16.67,29.69,31.58,66.67,6.25,78.95,33.33,47.92,44.2,0.58,0.58,0.01,1.07,0.37,0.08
2020-12-28,2020-12,52,2,desktop,google,organic,(organic),returning_session,87,83,1245,377,104,44,0,27,10,4,22,11,5,4,7,1,50,4,277.0,17,9,4.6,25.29,50.0,45.45,80.0,18.18,63.64,20.0,57.47,69.25,3.34,3.18,0.05,1.2,0.51,0.31
2020-12-28,2020-12,52,2,mobile,google,organic,(organic),new_session,358,358,3508,1067,387,32,0,12,2,1,64,11,1,1,11,0,159,1,62.0,2,2,0.28,17.88,17.19,9.09,100.0,1.56,100.0,0.0,44.41,62.0,0.17,0.17,0.0,1.08,0.09,0.03
2020-12-28,2020-12,52,2,desktop,<Other>,<Other>,<Other>,new_session,274,274,2378,730,175,21,0,6,1,1,36,5,1,1,4,0,122,1,44.0,7,7,0.36,13.14,13.89,20.0,100.0,2.78,80.0,0.0,44.53,44.0,0.16,0.16,0.0,0.64,0.08,0.02
2020-12-28,2020-12,52,2,mobile,<Other>,<Other>,<Other>,new_session,165,165,1403,418,105,11,0,12,2,1,25,3,1,1,2,0,92,1,24.0,10,2,0.61,15.15,12.0,33.33,100.0,4.0,66.67,0.0,55.76,24.0,0.15,0.15,0.01,0.64,0.07,0.07
2020-12-28,2020-12,52,2,mobile,(direct),(none),(direct),returning_session,70,66,793,218,106,76,0,6,4,1,12,2,1,1,1,0,36,1,166.0,21,13,1.43,17.14,16.67,50.0,100.0,8.33,50.0,0.0,51.43,166.0,2.52,2.37,0.02,1.51,1.09,0.09
2020-12-28,2020-12,52,2,mobile,google,organic,(organic),returning_session,69,63,887,281,87,8,0,20,8,4,20,4,3,3,3,0,32,4,62.0,5,6,4.35,28.99,20.0,75.0,100.0,15.0,75.0,0.0,46.38,15.5,0.98,0.9,0.06,1.26,0.12,0.29
2020-12-28,2020-12,52,2,desktop,(data deleted),(data deleted),(data deleted),returning_session,84,83,1161,348,127,41,0,15,9,3,19,7,3,3,4,0,41,3,171.0,6,6,3.57,22.62,36.84,42.86,100.0,15.79,57.14,0.0,48.81,57.0,2.06,2.04,0.04,1.51,0.49,0.18
2020-12-28,2020-12,52,2,mobile,(data deleted),(data deleted),(data deleted),returning_session,73,67,783,232,85,17,0,15,3,3,17,5,3,3,3,0,41,3,91.0,9,5,4.11,23.29,29.41,60.0,100.0,17.65,60.0,0.0,56.16,30.33,1.36,1.25,0.04,1.16,0.23,0.21
2020-12-28,2020-12,52,2,desktop,<Other>,organic,(organic),returning_session,11,11,182,46,18,15,0,12,4,2,3,1,1,1,0,0,6,2,93.0,6,6,9.09,27.27,33.33,100.0,100.0,33.33,0.0,0.0,54.55,46.5,8.45,8.45,0.18,1.64,1.36,1.09
2020-12-28,2020-12,52,2,desktop,google,cpc,<Other>,returning_session,13,13,131,37,5,0,0,6,2,1,3,0,1,1,0,0,7,1,22.0,1,1,7.69,23.08,0.0,,100.0,33.33,,0.0,53.85,22.0,1.69,1.69,0.08,0.38,0.0,0.46
2020-12-28,2020-12,52,2,mobile,shop.googlemerchandisestore.com,referral,(referral),returning_session,41,38,559,156,67,31,0,18,6,3,7,5,3,3,2,0,22,3,142.0,9,9,7.32,17.07,71.43,60.0,100.0,42.86,40.0,0.0,53.66,47.33,3.74,3.46,0.08,1.63,0.76,0.44
2020-12-28,2020-12,52,2,tablet,(direct),(none),(direct),returning_session,4,4,135,36,15,7,0,3,1,1,1,1,1,1,0,0,3,1,30.0,2,2,25.0,25.0,100.0,100.0,100.0,100.0,0.0,0.0,75.0,30.0,7.5,7.5,0.25,3.75,1.75,0.75
2020-12-01,2020-12,48,3,tablet,<Other>,referral,(referral),returning_session,1,1,8,3,0,0,0,0,0,0,0,0,0,0,0,0,0,0,0.0,0,0,0.0,0.0,,,,,,,0.0,,0.0,0.0,0.0,0.0,0.0,0.0
2020-12-01,2020-12,48,3,mobile,<Other>,(data deleted),(data deleted),returning_session,1,1,3,1,0,0,0,0,0,0,0,0,0,0,0,0,1,0,0.0,0,0,0.0,0.0,,,,,,,100.0,,0.0,0.0,0.0,0.0,0.0,0.0
2020-12-01,2020-12,48,3,mobile,(data deleted),(data deleted),<Other>,returning_session,5,5,19,4,0,0,0,0,0,0,0,0,0,0,0,0,4,0,0.0,0,0,0.0,0.0,,,,,,,80.0,,0.0,0.0,0.0,0.0,0.0,0.0
2020-12-01,2020-12,48,3,mobile,(data deleted),(data deleted),(data deleted),new_session,2,2,10,5,0,0,0,0,0,0,0,0,0,0,0,0,1,0,0.0,0,0,0.0,0.0,,,,,,,50.0,,0.0,0.0,0.0,0.0,0.0,0.0
2020-12-01,2020-12,48,3,tablet,(data deleted),(data deleted),(data deleted),new_session,2,2,14,6,1,1,0,0,0,0,1,1,0,0,1,0,1,0,0.0,0,0,0.0,50.0,100.0,0.0,,0.0,100.0,,50.0,,0.0,0.0,0.0,0.5,0.5,0.0
2020-12-01,2020-12,48,3,desktop,(data deleted),(data deleted),(data deleted),new_session,12,12,160,50,26,3,0,0,0,0,3,1,0,0,1,0,7,0,0.0,0,0,0.0,25.0,33.33,0.0,,0.0,100.0,,58.33,,0.0,0.0,0.0,2.17,0.25,0.0
2020-12-01,2020-12,48,3,tablet,(direct),(none),(direct),returning_session,9,9,95,32,6,0,0,0,0,0,2,0,0,0,0,0,5,0,0.0,0,0,0.0,22.22,0.0,,,0.0,,,55.56,,0.0,0.0,0.0,0.67,0.0,0.0
2020-12-01,2020-12,48,3,tablet,google,cpc,<Other>,new_session,1,1,5,1,1,0,0,0,0,0,1,0,0,0,0,0,0,0,0.0,0,0,0.0,100.0,0.0,,,0.0,,,0.0,,0.0,0.0,0.0,1.0,0.0,0.0
2020-12-01,2020-12,48,3,tablet,<Other>,referral,(referral),new_session,12,12,116,34,10,0,0,0,0,0,3,0,0,0,0,0,9,0,0.0,0,0,0.0,25.0,0.0,,,0.0,,,75.0,,0.0,0.0,0.0,0.83,0.0,0.0
2020-12-01,2020-12,48,3,desktop,<Other>,(data deleted),(data deleted),returning_session,4,4,114,34,18,1,0,0,0,0,3,1,0,0,1,0,1,0,0.0,0,0,0.0,75.0,33.33,0.0,,0.0,100.0,,25.0,,0.0,0.0,0.0,4.5,0.25,0.0
2020-12-01,2020-12,48,3,desktop,<Other>,organic,(organic),returning_session,14,14,170,50,13,3,0,0,0,0,3,2,0,0,2,0,6,0,0.0,0,0,0.0,21.43,66.67,0.0,,0.0,100.0,,42.86,,0.0,0.0,0.0,0.93,0.21,0.0
2020-12-01,2020-12,48,3,tablet,(data deleted),(data deleted),(data deleted),returning_session,8,6,83,23,5,0,0,0,0,0,2,0,0,0,0,0,3,0,0.0,0,0,0.0,25.0,0.0,,,0.0,,,37.5,,0.0,0.0,0.0,0.63,0.0,0.0
2020-12-01,2020-12,48,3,tablet,shop.googlemerchandisestore.com,referral,(referral),new_session,4,4,81,27,5,1,0,0,0,0,2,1,0,0,1,0,1,0,0.0,0,0,0.0,50.0,50.0,0.0,,0.0,100.0,,25.0,,0.0,0.0,0.0,1.25,0.25,0.0
2020-12-01,2020-12,48,3,mobile,<Other>,organic,(organic),new_session,33,33,348,103,15,4,0,0,0,0,9,2,0,0,2,0,17,0,0.0,0,0,0.0,27.27,22.22,0.0,,0.0,100.0,,51.52,,0.0,0.0,0.0,0.45,0.12,0.0
2020-12-01,2020-12,48,3,tablet,shop.googlemerchandisestore.com,referral,(referral),returning_session,7,7,60,17,5,0,0,0,0,0,1,0,0,0,0,0,5,0,0.0,0,0,0.0,14.29,0.0,,,0.0,,,71.43,,0.0,0.0,0.0,0.71,0.0,0.0
2020-12-01,2020-12,48,3,mobile,google,cpc,<Other>,returning_session,7,7,141,36,26,12,0,0,0,0,3,2,0,0,2,0,4,0,0.0,0,0,0.0,42.86,66.67,0.0,,0.0,100.0,,57.14,,0.0,0.0,0.0,3.71,1.71,0.0
2020-12-01,2020-12,48,3,mobile,<Other>,organic,(organic),returning_session,18,18,300,93,47,5,0,0,0,0,6,1,0,0,1,0,11,0,0.0,0,0,0.0,33.33,16.67,0.0,,0.0,100.0,,61.11,,0.0,0.0,0.0,2.61,0.28,0.0
2020-12-01,2020-12,48,3,desktop,(data deleted),(data deleted),<Other>,returning_session,5,5,59,19,6,0,0,0,0,0,1,0,0,0,0,0,2,0,0.0,0,0,0.0,20.0,0.0,,,0.0,,,40.0,,0.0,0.0,0.0,1.2,0.0,0.0
2020-12-01,2020-12,48,3,tablet,google,organic,(organic),new_session,21,21,472,138,55,23,0,4,0,0,7,4,2,0,4,2,7,0,0.0,0,0,0.0,33.33,57.14,50.0,0.0,0.0,100.0,100.0,33.33,,0.0,0.0,0.0,2.62,1.1,0.19
2020-12-01,2020-12,48,3,tablet,google,organic,(organic),returning_session,13,10,75,21,2,2,0,2,2,0,2,2,1,0,2,1,8,0,0.0,0,0,0.0,15.38,100.0,50.0,0.0,0.0,100.0,100.0,61.54,,0.0,0.0,0.0,0.15,0.15,0.15
2020-12-01,2020-12,48,3,tablet,<Other>,<Other>,<Other>,new_session,14,14,374,137,54,2,0,2,0,0,3,1,1,0,1,1,8,0,0.0,0,0,0.0,21.43,33.33,100.0,0.0,0.0,100.0,100.0,57.14,,0.0,0.0,0.0,3.86,0.14,0.14
2020-12-01,2020-12,48,3,desktop,<Other>,organic,(organic),new_session,61,61,781,227,68,10,0,8,3,0,17,6,3,0,6,3,31,0,0.0,0,0,0.0,27.87,35.29,50.0,0.0,0.0,100.0,100.0,50.82,,0.0,0.0,0.0,1.11,0.16,0.13
2020-12-01,2020-12,48,3,desktop,(direct),(none),(direct),new_session,468,468,6605,2071,625,102,0,47,7,2,117,41,19,2,39,17,244,2,97.0,3,4,0.43,25.0,35.04,46.34,10.53,1.71,95.12,89.47,52.14,48.5,0.21,0.21,0.0,1.34,0.22,0.1
2020-12-01,2020-12,48,3,mobile,(direct),(none),(direct),new_session,310,310,4388,1307,424,100,0,38,8,2,85,30,11,2,28,9,160,2,60.0,8,8,0.65,27.42,35.29,36.67,18.18,2.35,93.33,81.82,51.61,30.0,0.19,0.19,0.01,1.37,0.32,0.12
2020-12-01,2020-12,48,3,mobile,google,organic,(organic),new_session,474,474,6580,1978,637,131,0,28,8,3,118,39,12,3,36,9,239,3,170.0,5,5,0.63,24.89,33.05,30.77,25.0,2.54,92.31,75.0,50.42,56.67,0.36,0.36,0.01,1.34,0.28,0.06
2020-12-01,2020-12,48,3,desktop,google,organic,(organic),new_session,677,677,9902,3069,933,154,0,59,10,6,166,51,26,6,47,20,339,6,151.0,8,8,0.89,24.52,30.72,50.98,23.08,3.61,92.16,76.92,50.07,25.17,0.22,0.22,0.01,1.38,0.23,0.09
2020-12-01,2020-12,48,3,mobile,<Other>,referral,(referral),new_session,116,116,1403,432,111,24,0,8,1,1,27,8,3,1,7,2,58,1,36.0,5,4,0.86,23.28,29.63,37.5,33.33,3.7,87.5,66.67,50.0,36.0,0.31,0.31,0.01,0.96,0.21,0.07
2020-12-01,2020-12,48,3,mobile,google,cpc,<Other>,new_session,87,87,991,279,84,27,0,8,1,1,23,10,3,1,10,2,43,1,11.0,1,1,1.15,26.44,43.48,30.0,33.33,4.35,100.0,66.67,49.43,11.0,0.13,0.13,0.01,0.97,0.31,0.09
2020-12-01,2020-12,48,3,desktop,google,cpc,<Other>,new_session,99,99,1155,331,101,30,0,12,2,1,22,6,5,1,5,4,51,1,123.0,3,3,1.01,22.22,27.27,83.33,20.0,4.55,83.33,80.0,51.52,123.0,1.24,1.24,0.01,1.02,0.3,0.12
2020-12-01,2020-12,48,3,desktop,<Other>,referral,(referral),new_session,185,185,2684,803,252,57,0,28,6,2,42,18,10,2,17,8,101,2,133.0,6,6,1.08,22.7,42.86,55.56,20.0,4.76,94.44,80.0,54.59,66.5,0.72,0.72,0.01,1.36,0.31,0.15
2020-12-01,2020-12,48,3,desktop,shop.googlemerchandisestore.com,referral,(referral),returning_session,175,171,1912,548,193,52,0,12,3,2,41,14,4,2,12,2,96,2,42.0,3,3,1.14,23.43,34.15,28.57,50.0,4.88,85.71,50.0,54.86,21.0,0.25,0.24,0.01,1.1,0.3,0.07
2020-12-01,2020-12,48,3,mobile,<Other>,<Other>,<Other>,new_session,249,249,3286,940,353,71,0,26,12,4,53,17,9,4,14,5,128,4,807.0,33,23,1.61,21.29,32.08,52.94,44.44,7.55,82.35,55.56,51.41,201.75,3.24,3.24,0.02,1.42,0.29,0.1
2020-12-01,2020-12,48,3,desktop,shop.googlemerchandisestore.com,referral,(referral),new_session,113,113,1624,491,154,34,0,12,2,2,24,7,4,2,6,2,59,2,65.0,2,2,1.77,21.24,29.17,57.14,50.0,8.33,85.71,50.0,52.21,32.5,0.58,0.58,0.02,1.36,0.3,0.11
2020-12-01,2020-12,48,3,mobile,shop.googlemerchandisestore.com,referral,(referral),new_session,67,67,1141,380,119,14,0,8,2,1,11,4,4,1,3,3,34,1,0.0,0,1,1.49,16.42,36.36,100.0,25.0,9.09,75.0,75.0,50.75,0.0,0.0,0.0,0.01,1.78,0.21,0.12
2020-12-01,2020-12,48,3,desktop,google,organic,(organic),returning_session,217,206,3698,1096,380,125,0,61,28,8,70,28,16,7,22,9,102,8,678.0,75,22,3.23,32.26,40.0,57.14,43.75,10.0,78.57,56.25,47.0,84.75,3.29,3.12,0.04,1.75,0.58,0.28
2020-12-01,2020-12,48,3,mobile,(data deleted),(data deleted),(data deleted),returning_session,136,130,1708,493,143,69,0,33,10,4,37,18,8,4,15,4,76,4,181.0,14,11,2.94,27.21,48.65,44.44,50.0,10.81,83.33,50.0,55.88,45.25,1.39,1.33,0.03,1.05,0.51,0.24
2020-12-01,2020-12,48,3,desktop,<Other>,<Other>,<Other>,new_session,331,331,4014,1149,275,87,0,39,13,9,69,33,16,8,26,8,169,8,312.0,12,13,2.42,20.85,47.83,48.48,50.0,11.59,78.79,50.0,51.06,39.0,0.94,0.94,0.02,0.83,0.26,0.12
2020-12-01,2020-12,48,3,mobile,google,organic,(organic),returning_session,142,135,2443,727,272,99,0,19,13,5,43,18,7,5,16,2,72,5,267.0,17,16,3.52,30.28,41.86,38.89,71.43,11.63,88.89,28.57,50.7,53.4,1.98,1.88,0.04,1.92,0.7,0.13
2020-12-01,2020-12,48,3,mobile,shop.googlemerchandisestore.com,referral,(referral),returning_session,84,80,1461,425,183,25,0,28,12,5,28,9,7,4,8,3,39,5,537.0,13,11,4.76,33.33,32.14,77.78,57.14,14.29,88.89,42.86,46.43,107.4,6.71,6.39,0.06,2.18,0.3,0.33
2020-12-01,2020-12,48,3,mobile,<Other>,<Other>,<Other>,returning_session,40,40,592,165,67,31,0,6,2,2,12,4,3,2,2,1,23,2,146.0,9,9,5.0,30.0,33.33,75.0,66.67,16.67,50.0,33.33,57.5,73.0,3.65,3.65,0.05,1.68,0.78,0.15
2020-12-01,2020-12,48,3,desktop,(direct),(none),(direct),returning_session,187,180,2940,858,349,80,0,50,22,8,46,16,12,8,10,4,106,8,511.0,39,25,4.28,24.6,34.78,75.0,66.67,17.39,62.5,33.33,56.68,63.88,2.84,2.73,0.04,1.87,0.43,0.27
2020-12-01,2020-12,48,3,desktop,<Other>,<Other>,<Other>,returning_session,51,51,1253,362,131,32,0,30,14,3,17,9,5,3,6,2,19,3,130.0,8,8,5.88,33.33,52.94,55.56,60.0,17.65,66.67,40.0,37.25,43.33,2.55,2.55,0.06,2.57,0.63,0.59
2020-12-01,2020-12,48,3,desktop,<Other>,referral,(referral),returning_session,115,113,2313,684,187,55,0,69,21,7,31,15,10,6,9,4,59,7,259.0,18,16,5.22,26.96,48.39,66.67,60.0,19.35,60.0,40.0,51.3,37.0,2.29,2.25,0.06,1.63,0.48,0.6
2020-12-01,2020-12,48,3,tablet,(direct),(none),(direct),new_session,15,15,251,71,21,19,0,2,1,1,5,2,1,1,1,0,8,1,62.0,3,3,6.67,33.33,40.0,50.0,100.0,20.0,50.0,0.0,53.33,62.0,4.13,4.13,0.07,1.4,1.27,0.13
2020-12-01,2020-12,48,3,mobile,<Other>,referral,(referral),returning_session,64,62,850,255,98,25,0,6,5,3,15,5,3,3,2,0,37,3,198.0,9,8,4.69,23.44,33.33,60.0,100.0,20.0,40.0,0.0,57.81,66.0,3.19,3.09,0.05,1.53,0.39,0.09
2020-12-01,2020-12,48,3,desktop,(data deleted),(data deleted),(data deleted),returning_session,179,169,2755,846,319,47,0,40,23,11,48,17,12,10,11,2,103,11,662.0,36,32,5.59,26.82,35.42,70.59,83.33,20.83,64.71,16.67,57.54,60.18,3.92,3.7,0.07,1.78,0.26,0.22
2020-12-01,2020-12,48,3,mobile,(direct),(none),(direct),returning_session,139,129,2336,669,218,109,0,57,34,12,43,17,13,10,11,3,76,12,478.0,22,23,7.19,30.94,39.53,76.47,76.92,23.26,64.71,23.08,54.68,39.83,3.71,3.44,0.09,1.57,0.78,0.41
2020-12-01,2020-12,48,3,desktop,google,cpc,<Other>,returning_session,9,9,128,38,4,6,0,4,2,1,1,1,1,1,0,0,7,1,112.0,3,3,11.11,11.11,100.0,100.0,100.0,100.0,0.0,0.0,77.78,112.0,12.44,12.44,0.11,0.44,0.67,0.44
2021-01-21,2021-01,3,5,tablet,shop.googlemerchandisestore.com,referral,(referral),returning_session,4,4,10,3,0,0,0,0,0,0,0,0,0,0,0,0,3,0,0.0,0,0,0.0,0.0,,,,,,,75.0,,0.0,0.0,0.0,0.0,0.0,0.0
2021-01-21,2021-01,3,5,mobile,<Other>,(data deleted),(data deleted),returning_session,3,3,9,2,0,0,0,0,0,0,0,0,0,0,0,0,2,0,0.0,0,0,0.0,0.0,,,,,,,66.67,,0.0,0.0,0.0,0.0,0.0,0.0
2021-01-21,2021-01,3,5,tablet,shop.googlemerchandisestore.com,referral,(referral),new_session,4,4,27,10,0,0,0,0,0,0,0,0,0,0,0,0,0,0,0.0,0,0,0.0,0.0,,,,,,,0.0,,0.0,0.0,0.0,0.0,0.0,0.0
2021-01-21,2021-01,3,5,desktop,<Other>,(data deleted),(data deleted),returning_session,1,1,3,2,0,0,0,0,0,0,0,0,0,0,0,0,0,0,0.0,0,0,0.0,0.0,,,,,,,0.0,,0.0,0.0,0.0,0.0,0.0,0.0
2021-01-21,2021-01,3,5,tablet,(data deleted),(data deleted),(data deleted),new_session,1,1,2,1,0,0,0,0,0,0,0,0,0,0,0,0,1,0,0.0,0,0,0.0,0.0,,,,,,,100.0,,0.0,0.0,0.0,0.0,0.0,0.0
2021-01-21,2021-01,3,5,desktop,google,cpc,<Other>,new_session,121,121,1105,407,63,1,0,0,0,0,35,1,0,0,1,0,3,0,0.0,0,0,0.0,28.93,2.86,0.0,,0.0,100.0,,2.48,,0.0,0.0,0.0,0.52,0.01,0.0
2021-01-21,2021-01,3,5,desktop,google,cpc,<Other>,returning_session,14,14,139,49,14,0,0,0,0,0,5,0,0,0,0,0,2,0,0.0,0,0,0.0,35.71,0.0,,,0.0,,,14.29,,0.0,0.0,0.0,1.0,0.0,0.0
2021-01-21,2021-01,3,5,tablet,<Other>,<Other>,<Other>,new_session,16,16,107,40,1,0,0,0,0,0,1,0,0,0,0,0,0,0,0.0,0,0,0.0,6.25,0.0,,,0.0,,,0.0,,0.0,0.0,0.0,0.06,0.0,0.0
2021-01-21,2021-01,3,5,tablet,<Other>,organic,(organic),new_session,3,3,15,6,1,0,0,0,0,0,1,0,0,0,0,0,0,0,0.0,0,0,0.0,33.33,0.0,,,0.0,,,0.0,,0.0,0.0,0.0,0.33,0.0,0.0
2021-01-21,2021-01,3,5,desktop,(data deleted),(data deleted),(data deleted),new_session,4,4,51,21,3,0,0,0,0,0,1,0,0,0,0,0,2,0,0.0,0,0,0.0,25.0,0.0,,,0.0,,,50.0,,0.0,0.0,0.0,0.75,0.0,0.0
2021-01-21,2021-01,3,5,tablet,<Other>,<Other>,<Other>,returning_session,1,1,83,25,18,2,0,0,0,0,1,1,0,0,1,0,0,0,0.0,0,0,0.0,100.0,100.0,0.0,,0.0,100.0,,0.0,,0.0,0.0,0.0,18.0,2.0,0.0
2021-01-21,2021-01,3,5,tablet,(direct),(none),(direct),new_session,20,20,138,51,2,0,0,0,0,0,2,0,0,0,0,0,1,0,0.0,0,0,0.0,10.0,0.0,,,0.0,,,5.0,,0.0,0.0,0.0,0.1,0.0,0.0
2021-01-21,2021-01,3,5,desktop,<Other>,organic,(organic),new_session,73,73,734,262,65,5,0,0,0,0,23,4,0,0,4,0,1,0,0.0,0,0,0.0,31.51,17.39,0.0,,0.0,100.0,,1.37,,0.0,0.0,0.0,0.89,0.07,0.0
2021-01-21,2021-01,3,5,mobile,<Other>,<Other>,<Other>,returning_session,26,26,298,105,33,1,0,0,0,0,7,1,0,0,1,0,3,0,0.0,0,0,0.0,26.92,14.29,0.0,,0.0,100.0,,11.54,,0.0,0.0,0.0,1.27,0.04,0.0
2021-01-21,2021-01,3,5,mobile,google,cpc,<Other>,returning_session,15,15,356,105,43,5,0,0,0,0,6,2,0,0,2,0,4,0,0.0,0,0,0.0,40.0,33.33,0.0,,0.0,100.0,,26.67,,0.0,0.0,0.0,2.87,0.33,0.0
2021-01-21,2021-01,3,5,mobile,<Other>,organic,(organic),new_session,45,45,342,121,21,2,0,0,0,0,11,1,0,0,1,0,5,0,0.0,0,0,0.0,24.44,9.09,0.0,,0.0,100.0,,11.11,,0.0,0.0,0.0,0.47,0.04,0.0
2021-01-21,2021-01,3,5,mobile,<Other>,referral,(referral),returning_session,42,42,528,184,58,4,0,0,0,0,10,2,0,0,2,0,16,0,0.0,0,0,0.0,23.81,20.0,0.0,,0.0,100.0,,38.1,,0.0,0.0,0.0,1.38,0.1,0.0
2021-01-21,2021-01,3,5,tablet,google,cpc,<Other>,new_session,3,3,22,8,1,0,0,0,0,0,1,0,0,0,0,0,0,0,0.0,0,0,0.0,33.33,0.0,,,0.0,,,0.0,,0.0,0.0,0.0,0.33,0.0,0.0
2021-01-21,2021-01,3,5,tablet,(direct),(none),(direct),returning_session,8,7,56,20,9,1,0,0,0,0,4,1,0,0,1,0,2,0,0.0,0,0,0.0,50.0,25.0,0.0,,0.0,100.0,,25.0,,0.0,0.0,0.0,1.13,0.13,0.0
2021-01-21,2021-01,3,5,desktop,<Other>,<Other>,<Other>,returning_session,46,44,516,167,50,11,0,0,0,0,11,3,0,0,3,0,14,0,0.0,0,0,0.0,23.91,27.27,0.0,,0.0,100.0,,30.43,,0.0,0.0,0.0,1.09,0.24,0.0
2021-01-21,2021-01,3,5,tablet,<Other>,referral,(referral),new_session,10,10,106,37,7,0,0,0,0,0,4,0,0,0,0,0,0,0,0.0,0,0,0.0,40.0,0.0,,,0.0,,,0.0,,0.0,0.0,0.0,0.7,0.0,0.0
2021-01-21,2021-01,3,5,desktop,(data deleted),(data deleted),<Other>,returning_session,2,2,29,12,2,0,0,0,0,0,1,0,0,0,0,0,0,0,0.0,0,0,0.0,50.0,0.0,,,0.0,,,0.0,,0.0,0.0,0.0,1.0,0.0,0.0
2021-01-21,2021-01,3,5,tablet,google,organic,(organic),returning_session,8,7,91,32,9,0,0,0,0,0,2,0,0,0,0,0,2,0,0.0,0,0,0.0,25.0,0.0,,,0.0,,,25.0,,0.0,0.0,0.0,1.13,0.0,0.0
2021-01-21,2021-01,3,5,mobile,<Other>,organic,(organic),returning_session,8,8,88,29,13,0,0,0,0,0,1,0,0,0,0,0,2,0,0.0,0,0,0.0,12.5,0.0,,,0.0,,,25.0,,0.0,0.0,0.0,1.63,0.0,0.0
2021-01-21,2021-01,3,5,desktop,shop.googlemerchandisestore.com,referral,(referral),new_session,104,104,883,310,57,2,0,12,1,0,32,2,2,0,2,2,7,0,0.0,0,0,0.0,30.77,6.25,100.0,0.0,0.0,100.0,100.0,6.73,,0.0,0.0,0.0,0.55,0.02,0.12
2021-01-21,2021-01,3,5,tablet,(data deleted),(data deleted),(data deleted),returning_session,4,4,53,19,3,1,0,3,0,0,2,1,1,0,1,1,1,0,0.0,0,0,0.0,50.0,50.0,100.0,0.0,0.0,100.0,100.0,25.0,,0.0,0.0,0.0,0.75,0.25,0.75
2021-01-21,2021-01,3,5,mobile,shop.googlemerchandisestore.com,referral,(referral),new_session,63,63,659,224,61,5,0,6,0,0,23,3,2,0,3,2,3,0,0.0,0,0,0.0,36.51,13.04,66.67,0.0,0.0,100.0,100.0,4.76,,0.0,0.0,0.0,0.97,0.08,0.1
2021-01-21,2021-01,3,5,mobile,(data deleted),(data deleted),<Other>,returning_session,3,3,126,41,13,5,0,6,1,0,3,3,2,0,3,2,0,0,0.0,0,0,0.0,100.0,100.0,66.67,0.0,0.0,100.0,100.0,0.0,,0.0,0.0,0.0,4.33,1.67,2.0
2021-01-21,2021-01,3,5,tablet,google,organic,(organic),new_session,30,30,338,109,36,5,0,6,2,0,7,2,1,0,2,1,5,0,0.0,0,0,0.0,23.33,28.57,50.0,0.0,0.0,100.0,100.0,16.67,,0.0,0.0,0.0,1.2,0.17,0.2
2021-01-21,2021-01,3,5,mobile,google,organic,(organic),new_session,471,471,4113,1460,232,20,0,21,2,0,145,9,5,0,9,5,19,0,0.0,0,0,0.0,30.79,6.21,55.56,0.0,0.0,100.0,100.0,4.03,,0.0,0.0,0.0,0.49,0.04,0.04
2021-01-21,2021-01,3,5,mobile,<Other>,<Other>,<Other>,new_session,242,242,2252,797,133,3,0,15,1,0,73,2,3,0,2,3,6,0,0.0,0,0,0.0,30.17,2.74,150.0,0.0,0.0,100.0,100.0,2.48,,0.0,0.0,0.0,0.55,0.01,0.06
2021-01-21,2021-01,3,5,desktop,(direct),(none),(direct),new_session,470,470,5253,1768,392,71,0,33,9,2,142,25,7,2,23,5,19,2,145.0,10,10,0.43,30.21,17.61,28.0,28.57,1.41,92.0,71.43,4.04,72.5,0.31,0.31,0.0,0.83,0.15,0.07
2021-01-21,2021-01,3,5,desktop,<Other>,<Other>,<Other>,new_session,361,361,4175,1412,365,33,0,36,3,2,122,15,9,2,13,7,12,2,98.0,5,5,0.55,33.8,12.3,60.0,22.22,1.64,86.67,77.78,3.32,49.0,0.27,0.27,0.01,1.01,0.09,0.1
2021-01-21,2021-01,3,5,mobile,(direct),(none),(direct),new_session,314,314,3072,1065,204,31,0,27,10,2,89,11,4,2,9,2,16,2,474.0,72,4,0.64,28.34,12.36,36.36,50.0,2.25,81.82,50.0,5.1,237.0,1.51,1.51,0.01,0.65,0.1,0.09
2021-01-21,2021-01,3,5,mobile,<Other>,referral,(referral),new_session,137,137,1492,516,107,21,0,6,1,1,38,5,2,1,4,1,7,1,162.0,6,4,0.73,27.74,13.16,40.0,50.0,2.63,80.0,50.0,5.11,162.0,1.18,1.18,0.01,0.78,0.15,0.04
2021-01-21,2021-01,3,5,mobile,(direct),(none),(direct),returning_session,103,97,1235,409,150,21,0,3,1,1,33,6,1,1,5,0,28,1,47.0,11,10,0.97,32.04,18.18,16.67,100.0,3.03,83.33,0.0,27.18,47.0,0.48,0.46,0.01,1.46,0.2,0.03
2021-01-21,2021-01,3,5,desktop,google,organic,(organic),new_session,678,678,6801,2328,507,70,0,66,16,6,196,20,12,6,14,6,35,6,381.0,31,28,0.88,28.91,10.2,60.0,50.0,3.06,70.0,50.0,5.16,63.5,0.56,0.56,0.01,0.75,0.1,0.1
2021-01-21,2021-01,3,5,desktop,<Other>,referral,(referral),new_session,193,193,2405,799,215,34,0,17,4,2,59,11,5,2,9,3,8,2,80.0,7,4,1.04,30.57,18.64,45.45,40.0,3.39,81.82,60.0,4.15,40.0,0.41,0.41,0.01,1.11,0.18,0.09
2021-01-21,2021-01,3,5,mobile,shop.googlemerchandisestore.com,referral,(referral),returning_session,87,84,1134,340,132,29,0,17,5,1,24,4,3,1,3,2,26,1,96.0,3,3,1.15,27.59,16.67,75.0,33.33,4.17,75.0,66.67,29.89,96.0,1.14,1.1,0.01,1.52,0.33,0.2
2021-01-21,2021-01,3,5,mobile,google,cpc,<Other>,new_session,72,72,887,287,98,10,0,12,2,1,21,3,1,1,2,0,2,1,16.0,1,1,1.39,29.17,14.29,33.33,100.0,4.76,66.67,0.0,2.78,16.0,0.22,0.22,0.01,1.36,0.14,0.17
2021-01-21,2021-01,3,5,desktop,(direct),(none),(direct),returning_session,148,138,2150,656,299,57,0,24,6,4,50,17,7,4,13,3,46,4,400.0,24,20,2.7,33.78,34.0,41.18,57.14,8.0,76.47,42.86,31.08,100.0,2.9,2.7,0.03,2.02,0.39,0.16
2021-01-21,2021-01,3,5,desktop,(data deleted),(data deleted),(data deleted),returning_session,148,142,2162,685,261,17,0,36,10,4,46,9,7,4,7,3,44,4,284.0,14,12,2.7,31.08,19.57,77.78,57.14,8.7,77.78,42.86,29.73,71.0,2.0,1.92,0.03,1.76,0.11,0.24
2021-01-21,2021-01,3,5,desktop,<Other>,referral,(referral),returning_session,74,74,1459,425,198,39,0,39,6,3,30,9,5,3,7,2,24,3,277.0,14,14,4.05,40.54,30.0,55.56,60.0,10.0,77.78,40.0,32.43,92.33,3.74,3.74,0.04,2.68,0.53,0.53
2021-01-21,2021-01,3,5,desktop,google,organic,(organic),returning_session,139,132,1726,572,175,20,0,23,7,4,35,8,4,4,4,0,38,4,472.0,15,14,2.88,25.18,22.86,50.0,100.0,11.43,50.0,0.0,27.34,118.0,3.58,3.4,0.03,1.26,0.14,0.17
2021-01-21,2021-01,3,5,mobile,(data deleted),(data deleted),(data deleted),returning_session,110,104,1713,553,211,25,0,27,9,4,34,10,6,4,8,2,26,4,192.0,26,19,3.64,30.91,29.41,60.0,66.67,11.76,80.0,33.33,23.64,48.0,1.85,1.75,0.04,1.92,0.23,0.25
2021-01-21,2021-01,3,5,mobile,google,organic,(organic),returning_session,138,130,1669,531,181,29,0,30,7,5,42,11,6,5,6,1,40,5,290.0,14,13,3.62,30.43,26.19,54.55,83.33,11.9,54.55,16.67,28.99,58.0,2.23,2.1,0.04,1.31,0.21,0.22
2021-01-21,2021-01,3,5,desktop,shop.googlemerchandisestore.com,referral,(referral),returning_session,108,105,1869,600,234,48,0,45,10,7,32,15,10,6,10,4,32,7,635.0,31,28,5.56,29.63,46.88,66.67,60.0,18.75,66.67,40.0,29.63,90.71,6.05,5.88,0.07,2.17,0.44,0.42
2021-01-21,2021-01,3,5,desktop,<Other>,organic,(organic),returning_session,9,9,240,77,32,17,0,9,3,3,3,1,1,1,0,0,3,3,132.0,17,12,11.11,33.33,33.33,100.0,100.0,33.33,0.0,0.0,33.33,44.0,14.67,14.67,0.33,3.56,1.89,1.0
2021-01-21,2021-01,3,5,tablet,<Other>,referral,(referral),returning_session,3,3,52,16,5,0,0,3,2,1,1,0,1,1,0,0,2,1,44.0,1,1,33.33,33.33,0.0,,100.0,100.0,,0.0,66.67,44.0,14.67,14.67,0.33,1.67,0.0,1.0
2020-11-21,2020-11,46,7,mobile,<Other>,(data deleted),(data deleted),returning_session,2,2,72,24,3,0,0,0,0,0,1,0,0,0,0,0,1,0,0.0,0,0,0.0,50.0,0.0,,,0.0,,,50.0,,0.0,0.0,0.0,1.5,0.0,0.0
2020-11-21,2020-11,46,7,tablet,(data deleted),(data deleted),(data deleted),new_session,1,1,88,41,0,0,0,0,0,0,0,0,0,0,0,0,0,0,0.0,0,0,0.0,0.0,,,,,,,0.0,,0.0,0.0,0.0,0.0,0.0,0.0
2020-11-21,2020-11,46,7,tablet,shop.googlemerchandisestore.com,referral,(referral),returning_session,3,3,23,8,1,0,0,0,0,0,1,0,0,0,0,0,0,0,0.0,0,0,0.0,33.33,0.0,,,0.0,,,0.0,,0.0,0.0,0.0,0.33,0.0,0.0
2020-11-21,2020-11,46,7,tablet,(direct),(none),(direct),returning_session,5,4,51,15,9,0,0,0,0,0,2,0,0,0,0,0,2,0,0.0,0,0,0.0,40.0,0.0,,,0.0,,,40.0,,0.0,0.0,0.0,1.8,0.0,0.0
2020-11-21,2020-11,46,7,tablet,(data deleted),(data deleted),(data deleted),returning_session,9,9,79,24,8,0,0,0,0,0,3,0,0,0,0,0,3,0,0.0,0,0,0.0,33.33,0.0,,,0.0,,,33.33,,0.0,0.0,0.0,0.89,0.0,0.0
2020-11-21,2020-11,46,7,tablet,google,organic,(organic),new_session,20,20,296,91,26,0,0,0,0,0,8,0,0,0,0,0,7,0,0.0,0,0,0.0,40.0,0.0,,,0.0,,,35.0,,0.0,0.0,0.0,1.3,0.0,0.0
2020-11-21,2020-11,46,7,tablet,<Other>,referral,(referral),returning_session,3,3,46,16,5,0,0,0,0,0,1,0,0,0,0,0,2,0,0.0,0,0,0.0,33.33,0.0,,,0.0,,,66.67,,0.0,0.0,0.0,1.67,0.0,0.0
2020-11-21,2020-11,46,7,desktop,(data deleted),(data deleted),<Other>,returning_session,2,2,9,3,0,0,0,0,0,0,0,0,0,0,0,0,1,0,0.0,0,0,0.0,0.0,,,,,,,50.0,,0.0,0.0,0.0,0.0,0.0,0.0
2020-11-21,2020-11,46,7,mobile,(data deleted),(data deleted),<Other>,returning_session,1,1,2,0,0,0,0,0,0,0,0,0,0,0,0,0,1,0,0.0,0,0,0.0,0.0,,,,,,,100.0,,0.0,0.0,0.0,0.0,0.0,0.0
2020-11-21,2020-11,46,7,tablet,google,cpc,<Other>,new_session,3,3,30,9,0,0,0,0,0,0,0,0,0,0,0,0,1,0,0.0,0,0,0.0,0.0,,,,,,,33.33,,0.0,0.0,0.0,0.0,0.0,0.0
2020-11-21,2020-11,46,7,tablet,<Other>,referral,(referral),new_session,3,3,15,4,0,0,0,0,0,0,0,0,0,0,0,0,2,0,0.0,0,0,0.0,0.0,,,,,,,66.67,,0.0,0.0,0.0,0.0,0.0,0.0
2020-11-21,2020-11,46,7,mobile,(data deleted),(data deleted),(data deleted),new_session,2,2,7,2,0,0,0,0,0,0,0,0,0,0,0,0,2,0,0.0,0,0,0.0,0.0,,,,,,,100.0,,0.0,0.0,0.0,0.0,0.0,0.0
2020-11-21,2020-11,46,7,mobile,<Other>,organic,(organic),returning_session,3,3,8,2,0,0,0,0,0,0,0,0,0,0,0,0,3,0,0.0,0,0,0.0,0.0,,,,,,,100.0,,0.0,0.0,0.0,0.0,0.0,0.0
2020-11-21,2020-11,46,7,desktop,google,cpc,<Other>,returning_session,6,6,49,18,2,0,0,0,0,0,1,0,0,0,0,0,3,0,0.0,0,0,0.0,16.67,0.0,,,0.0,,,50.0,,0.0,0.0,0.0,0.33,0.0,0.0
2020-11-21,2020-11,46,7,tablet,<Other>,organic,(organic),new_session,3,3,42,13,1,0,0,0,0,0,1,0,0,0,0,0,0,0,0.0,0,0,0.0,33.33,0.0,,,0.0,,,0.0,,0.0,0.0,0.0,0.33,0.0,0.0
2020-11-21,2020-11,46,7,mobile,<Other>,organic,(organic),new_session,30,30,536,174,42,0,0,0,0,0,9,0,0,0,0,0,11,0,0.0,0,0,0.0,30.0,0.0,,,0.0,,,36.67,,0.0,0.0,0.0,1.4,0.0,0.0
2020-11-21,2020-11,46,7,desktop,<Other>,(data deleted),(data deleted),returning_session,3,3,10,4,0,0,0,0,0,0,0,0,0,0,0,0,2,0,0.0,0,0,0.0,0.0,,,,,,,66.67,,0.0,0.0,0.0,0.0,0.0,0.0
2020-11-21,2020-11,46,7,tablet,shop.googlemerchandisestore.com,referral,(referral),new_session,2,2,33,11,1,0,0,0,0,0,1,0,0,0,0,0,0,0,0.0,0,0,0.0,50.0,0.0,,,0.0,,,0.0,,0.0,0.0,0.0,0.5,0.0,0.0
2020-11-21,2020-11,46,7,desktop,<Other>,organic,(organic),new_session,43,43,718,238,83,0,0,3,0,0,11,0,3,0,0,3,21,0,0.0,0,0,0.0,25.58,0.0,,0.0,0.0,,100.0,48.84,,0.0,0.0,0.0,1.93,0.0,0.07
2020-11-21,2020-11,46,7,mobile,shop.googlemerchandisestore.com,referral,(referral),new_session,40,40,783,259,99,0,0,4,3,0,15,0,2,0,0,2,15,0,0.0,0,0,0.0,37.5,0.0,,0.0,0.0,,100.0,37.5,,0.0,0.0,0.0,2.48,0.0,0.1
2020-11-21,2020-11,46,7,desktop,<Other>,<Other>,<Other>,new_session,234,234,3620,1194,416,0,0,12,0,0,60,0,11,0,0,11,104,0,0.0,0,0,0.0,25.64,0.0,,0.0,0.0,,100.0,44.44,,0.0,0.0,0.0,1.78,0.0,0.05
2020-11-21,2020-11,46,7,desktop,shop.googlemerchandisestore.com,referral,(referral),new_session,72,72,720,215,36,0,0,2,0,0,20,0,2,0,0,2,28,0,0.0,0,0,0.0,27.78,0.0,,0.0,0.0,,100.0,38.89,,0.0,0.0,0.0,0.5,0.0,0.03
2020-11-21,2020-11,46,7,tablet,<Other>,<Other>,<Other>,new_session,10,10,343,125,56,0,0,1,0,0,2,0,1,0,0,1,7,0,0.0,0,0,0.0,20.0,0.0,,0.0,0.0,,100.0,70.0,,0.0,0.0,0.0,5.6,0.0,0.1
2020-11-21,2020-11,46,7,desktop,<Other>,organic,(organic),returning_session,14,14,125,33,7,0,0,3,2,0,2,0,1,0,0,1,10,0,0.0,0,0,0.0,14.29,0.0,,0.0,0.0,,100.0,71.43,,0.0,0.0,0.0,0.5,0.0,0.21
2020-11-21,2020-11,46,7,mobile,<Other>,<Other>,<Other>,new_session,157,157,1674,510,137,0,0,4,0,0,33,0,3,0,0,3,89,0,0.0,0,0,0.0,21.02,0.0,,0.0,0.0,,100.0,56.69,,0.0,0.0,0.0,0.87,0.0,0.03
2020-11-21,2020-11,46,7,desktop,(direct),(none),(direct),new_session,304,304,4491,1420,470,0,0,11,0,0,67,0,9,0,0,9,157,0,0.0,0,0,0.0,22.04,0.0,,0.0,0.0,,100.0,51.64,,0.0,0.0,0.0,1.55,0.0,0.04
2020-11-21,2020-11,46,7,mobile,<Other>,referral,(referral),new_session,73,73,882,270,53,0,0,4,0,0,16,0,3,0,0,3,29,0,0.0,0,0,0.0,21.92,0.0,,0.0,0.0,,100.0,39.73,,0.0,0.0,0.0,0.73,0.0,0.05
2020-11-21,2020-11,46,7,mobile,google,organic,(organic),new_session,319,319,4139,1309,462,0,0,10,0,0,90,0,10,0,0,10,141,0,0.0,0,0,0.0,28.21,0.0,,0.0,0.0,,100.0,44.2,,0.0,0.0,0.0,1.45,0.0,0.03
2020-11-21,2020-11,46,7,desktop,google,cpc,<Other>,new_session,78,78,1146,367,121,0,0,5,0,0,27,0,5,0,0,5,35,0,0.0,0,0,0.0,34.62,0.0,,0.0,0.0,,100.0,44.87,,0.0,0.0,0.0,1.55,0.0,0.06
2020-11-21,2020-11,46,7,desktop,google,organic,(organic),new_session,430,430,5447,1723,531,0,0,20,5,2,106,0,16,1,0,15,217,1,370.0,10,10,0.23,24.65,0.0,,6.25,0.94,,93.75,50.47,370.0,0.86,0.86,0.0,1.23,0.0,0.05
2020-11-21,2020-11,46,7,mobile,(direct),(none),(direct),new_session,196,196,2915,943,301,0,0,9,1,2,52,0,8,1,0,7,88,1,100.0,4,2,0.51,26.53,0.0,,12.5,1.92,,87.5,44.9,100.0,0.51,0.51,0.01,1.54,0.0,0.05
2020-11-21,2020-11,46,7,mobile,(data deleted),(data deleted),(data deleted),returning_session,92,88,1061,318,145,0,0,3,2,2,24,0,3,1,0,2,51,1,60.0,2,2,1.09,26.09,0.0,,33.33,4.17,,66.67,55.43,60.0,0.68,0.65,0.01,1.58,0.0,0.03
2020-11-21,2020-11,46,7,desktop,<Other>,referral,(referral),returning_session,66,64,618,190,50,0,0,3,7,2,14,0,2,1,0,1,38,1,120.0,6,6,1.52,21.21,0.0,,50.0,7.14,,50.0,57.58,120.0,1.88,1.82,0.02,0.76,0.0,0.05
2020-11-21,2020-11,46,7,desktop,shop.googlemerchandisestore.com,referral,(referral),returning_session,80,78,718,209,76,0,0,4,3,2,20,0,2,1,0,1,46,1,68.0,4,4,1.25,25.0,0.0,,50.0,5.0,,50.0,57.5,68.0,0.87,0.85,0.01,0.95,0.0,0.05
2020-11-21,2020-11,46,7,tablet,(direct),(none),(direct),new_session,11,11,222,69,15,0,0,2,1,2,3,0,2,1,0,1,5,1,44.0,4,4,9.09,27.27,0.0,,50.0,33.33,,50.0,45.45,44.0,4.0,4.0,0.09,1.36,0.0,0.18
2020-11-21,2020-11,46,7,mobile,shop.googlemerchandisestore.com,referral,(referral),returning_session,52,49,790,238,64,0,0,4,4,1,18,0,2,1,0,1,28,1,0.0,0,1,1.92,34.62,0.0,,50.0,5.56,,50.0,53.85,0.0,0.0,0.0,0.02,1.23,0.0,0.08
2020-11-21,2020-11,46,7,mobile,<Other>,<Other>,<Other>,returning_session,20,20,296,93,14,0,0,1,1,2,7,0,1,1,0,0,6,1,56.0,8,6,5.0,35.0,0.0,,100.0,14.29,,0.0,30.0,56.0,2.8,2.8,0.05,0.7,0.0,0.05
2020-11-21,2020-11,46,7,tablet,google,organic,(organic),returning_session,5,5,139,39,24,0,0,2,1,2,1,0,1,1,0,0,4,1,322.0,22,22,20.0,20.0,0.0,,100.0,100.0,,0.0,80.0,322.0,64.4,64.4,0.2,4.8,0.0,0.4
2020-11-21,2020-11,46,7,mobile,google,cpc,<Other>,returning_session,5,5,82,23,2,0,0,2,2,2,1,0,1,1,0,0,3,1,92.0,2,2,20.0,20.0,0.0,,100.0,100.0,,0.0,60.0,92.0,18.4,18.4,0.2,0.4,0.0,0.4
2020-11-21,2020-11,46,7,mobile,google,organic,(organic),returning_session,92,89,1315,412,128,0,0,14,9,4,30,0,6,2,0,4,48,2,116.0,8,8,2.17,32.61,0.0,,33.33,6.67,,66.67,52.17,58.0,1.3,1.26,0.02,1.39,0.0,0.15
2020-11-21,2020-11,46,7,desktop,(direct),(none),(direct),returning_session,132,127,1261,389,101,0,0,5,2,4,23,0,3,2,0,1,76,2,98.0,6,6,1.52,17.42,0.0,,66.67,8.7,,33.33,57.58,49.0,0.77,0.74,0.02,0.77,0.0,0.04
2020-11-21,2020-11,46,7,mobile,<Other>,referral,(referral),returning_session,38,37,413,131,30,0,0,4,3,4,10,0,3,2,0,1,16,2,152.0,6,6,5.26,26.32,0.0,,66.67,20.0,,33.33,42.11,76.0,4.11,4.0,0.05,0.79,0.0,0.11
2020-11-21,2020-11,46,7,mobile,(direct),(none),(direct),returning_session,77,75,649,191,53,0,0,2,3,4,13,0,2,2,0,0,48,2,190.0,6,6,2.6,16.88,0.0,,100.0,15.38,,0.0,62.34,95.0,2.53,2.47,0.03,0.69,0.0,0.03
2020-11-21,2020-11,46,7,desktop,(data deleted),(data deleted),(data deleted),returning_session,122,117,1189,355,122,0,0,4,3,3,31,0,2,2,0,0,70,2,26.0,2,3,1.64,25.41,0.0,,100.0,6.45,,0.0,57.38,13.0,0.22,0.21,0.02,1.0,0.0,0.03
2020-11-21,2020-11,46,7,desktop,google,organic,(organic),returning_session,127,116,1306,389,112,0,0,10,5,6,25,0,5,3,0,2,78,3,254.0,22,22,2.36,19.69,0.0,,60.0,12.0,,40.0,61.42,84.67,2.19,2.0,0.03,0.88,0.0,0.08
2020-11-21,2020-11,46,7,mobile,google,cpc,<Other>,new_session,54,54,1066,332,111,0,0,6,5,6,20,0,4,3,0,1,22,3,210.0,28,20,5.56,37.04,0.0,,75.0,15.0,,25.0,40.74,70.0,3.89,3.89,0.06,2.06,0.0,0.11
2020-11-21,2020-11,46,7,desktop,<Other>,<Other>,<Other>,returning_session,35,35,275,80,22,0,0,3,4,6,7,0,3,3,0,0,22,3,410.0,12,12,8.57,20.0,0.0,,100.0,42.86,,0.0,62.86,136.67,11.71,11.71,0.09,0.63,0.0,0.09
2020-11-21,2020-11,46,7,desktop,<Other>,referral,(referral),new_session,111,111,1949,689,232,0,0,16,13,10,38,0,9,5,0,4,47,5,1350.0,94,36,4.5,34.23,0.0,,55.56,13.16,,44.44,42.34,270.0,12.16,12.16,0.05,2.09,0.0,0.14
2021-01-22,2021-01,3,6,desktop,<Other>,(data deleted),(data deleted),returning_session,4,4,67,23,8,0,0,0,0,0,1,0,0,0,0,0,1,0,0.0,0,0,0.0,25.0,0.0,,,0.0,,,25.0,,0.0,0.0,0.0,2.0,0.0,0.0
2021-01-22,2021-01,3,6,tablet,google,organic,(organic),returning_session,2,2,12,5,0,0,0,0,0,0,0,0,0,0,0,0,1,0,0.0,0,0,0.0,0.0,,,,,,,50.0,,0.0,0.0,0.0,0.0,0.0,0.0
2021-01-22,2021-01,3,6,tablet,(data deleted),(data deleted),(data deleted),new_session,1,1,12,5,0,0,0,0,0,0,0,0,0,0,0,0,0,0,0.0,0,0,0.0,0.0,,,,,,,0.0,,0.0,0.0,0.0,0.0,0.0,0.0
2021-01-22,2021-01,3,6,tablet,google,cpc,<Other>,new_session,3,3,71,22,5,1,0,0,0,0,1,1,0,0,1,0,0,0,0.0,0,0,0.0,33.33,100.0,0.0,,0.0,100.0,,0.0,,0.0,0.0,0.0,1.67,0.33,0.0
2021-01-22,2021-01,3,6,desktop,<Other>,organic,(organic),returning_session,18,18,335,125,40,7,0,0,0,0,5,1,0,0,1,0,2,0,0.0,0,0,0.0,27.78,20.0,0.0,,0.0,100.0,,11.11,,0.0,0.0,0.0,2.22,0.39,0.0
2021-01-22,2021-01,3,6,tablet,<Other>,referral,(referral),returning_session,1,1,2,0,0,0,0,0,0,0,0,0,0,0,0,0,1,0,0.0,0,0,0.0,0.0,,,,,,,100.0,,0.0,0.0,0.0,0.0,0.0,0.0
2021-01-22,2021-01,3,6,tablet,google,organic,(organic),new_session,16,16,120,43,3,0,0,0,0,0,3,0,0,0,0,0,2,0,0.0,0,0,0.0,18.75,0.0,,,0.0,,,12.5,,0.0,0.0,0.0,0.19,0.0,0.0
2021-01-22,2021-01,3,6,tablet,shop.googlemerchandisestore.com,referral,(referral),returning_session,1,1,8,3,0,0,0,0,0,0,0,0,0,0,0,0,0,0,0.0,0,0,0.0,0.0,,,,,,,0.0,,0.0,0.0,0.0,0.0,0.0,0.0
2021-01-22,2021-01,3,6,tablet,<Other>,<Other>,<Other>,new_session,17,17,136,50,5,0,0,0,0,0,4,0,0,0,0,0,0,0,0.0,0,0,0.0,23.53,0.0,,,0.0,,,0.0,,0.0,0.0,0.0,0.29,0.0,0.0
2021-01-22,2021-01,3,6,tablet,(direct),(none),(direct),new_session,14,14,94,34,7,0,0,0,0,0,4,0,0,0,0,0,0,0,0.0,0,0,0.0,28.57,0.0,,,0.0,,,0.0,,0.0,0.0,0.0,0.5,0.0,0.0
2021-01-22,2021-01,3,6,tablet,(data deleted),(data deleted),(data deleted),returning_session,3,3,40,14,5,0,0,0,0,0,2,0,0,0,0,0,1,0,0.0,0,0,0.0,66.67,0.0,,,0.0,,,33.33,,0.0,0.0,0.0,1.67,0.0,0.0
2021-01-22,2021-01,3,6,desktop,<Other>,organic,(organic),new_session,61,61,465,176,14,2,0,0,0,0,12,2,0,0,2,0,1,0,0.0,0,0,0.0,19.67,16.67,0.0,,0.0,100.0,,1.64,,0.0,0.0,0.0,0.23,0.03,0.0
2021-01-22,2021-01,3,6,mobile,<Other>,(data deleted),(data deleted),returning_session,1,1,2,0,0,0,0,0,0,0,0,0,0,0,0,0,1,0,0.0,0,0,0.0,0.0,,,,,,,100.0,,0.0,0.0,0.0,0.0,0.0,0.0
2021-01-22,2021-01,3,6,tablet,<Other>,referral,(referral),new_session,5,5,55,23,2,0,0,0,0,0,1,0,0,0,0,0,0,0,0.0,0,0,0.0,20.0,0.0,,,0.0,,,0.0,,0.0,0.0,0.0,0.4,0.0,0.0
2021-01-22,2021-01,3,6,desktop,(data deleted),(data deleted),(data deleted),new_session,3,3,16,5,0,0,0,0,0,0,0,0,0,0,0,0,1,0,0.0,0,0,0.0,0.0,,,,,,,33.33,,0.0,0.0,0.0,0.0,0.0,0.0
2021-01-22,2021-01,3,6,tablet,<Other>,organic,(organic),new_session,2,2,14,5,1,0,0,0,0,0,1,0,0,0,0,0,0,0,0.0,0,0,0.0,50.0,0.0,,,0.0,,,0.0,,0.0,0.0,0.0,0.5,0.0,0.0
2021-01-22,2021-01,3,6,desktop,(data deleted),(data deleted),<Other>,returning_session,4,4,35,14,4,0,0,0,0,0,1,0,0,0,0,0,1,0,0.0,0,0,0.0,25.0,0.0,,,0.0,,,25.0,,0.0,0.0,0.0,1.0,0.0,0.0
2021-01-22,2021-01,3,6,tablet,shop.googlemerchandisestore.com,referral,(referral),new_session,1,1,10,4,0,0,0,0,0,0,0,0,0,0,0,0,0,0,0.0,0,0,0.0,0.0,,,,,,,0.0,,0.0,0.0,0.0,0.0,0.0,0.0
2021-01-22,2021-01,3,6,desktop,(data deleted),(data deleted),<Other>,new_session,1,1,6,2,0,0,0,0,0,0,0,0,0,0,0,0,0,0,0.0,0,0,0.0,0.0,,,,,,,0.0,,0.0,0.0,0.0,0.0,0.0,0.0
2021-01-22,2021-01,3,6,mobile,google,cpc,<Other>,new_session,64,64,656,225,47,11,0,9,3,0,17,4,2,0,4,2,1,0,0.0,0,0,0.0,26.56,23.53,50.0,0.0,0.0,100.0,100.0,1.56,,0.0,0.0,0.0,0.73,0.17,0.14
2021-01-22,2021-01,3,6,mobile,(data deleted),(data deleted),(data deleted),returning_session,84,78,1284,423,166,27,0,18,4,0,28,4,3,0,4,3,25,0,0.0,0,0,0.0,33.33,14.29,75.0,0.0,0.0,100.0,100.0,29.76,,0.0,0.0,0.0,1.98,0.32,0.21
2021-01-22,2021-01,3,6,mobile,(data deleted),(data deleted),<Other>,returning_session,2,2,82,25,14,0,0,3,2,1,1,0,1,1,0,0,0,1,21.0,1,1,50.0,50.0,0.0,,100.0,100.0,,0.0,0.0,21.0,10.5,10.5,0.5,7.0,0.0,1.5
2021-01-22,2021-01,3,6,mobile,<Other>,organic,(organic),returning_session,6,6,243,78,37,2,0,3,1,1,2,1,1,1,0,0,2,1,111.0,6,6,16.67,33.33,50.0,100.0,100.0,50.0,0.0,0.0,33.33,111.0,18.5,18.5,0.17,6.17,0.33,0.5
2021-01-22,2021-01,3,6,mobile,<Other>,organic,(organic),new_session,38,38,465,154,55,2,0,3,2,1,11,1,1,1,0,0,3,1,28.0,2,2,2.63,28.95,9.09,100.0,100.0,9.09,0.0,0.0,7.89,28.0,0.74,0.74,0.03,1.45,0.05,0.08
2021-01-22,2021-01,3,6,mobile,google,cpc,<Other>,returning_session,8,8,91,27,5,1,0,6,1,1,2,1,1,1,0,0,3,1,24.0,8,2,12.5,25.0,50.0,100.0,100.0,50.0,0.0,0.0,37.5,24.0,3.0,3.0,0.13,0.63,0.13,0.75
2021-01-22,2021-01,3,6,tablet,(direct),(none),(direct),returning_session,7,7,444,138,73,16,0,6,2,1,3,2,1,1,1,0,1,1,130.0,5,5,14.29,42.86,66.67,50.0,100.0,33.33,50.0,0.0,14.29,130.0,18.57,18.57,0.14,10.43,2.29,0.86
2021-01-22,2021-01,3,6,mobile,<Other>,referral,(referral),returning_session,47,47,488,166,47,3,0,9,5,1,18,3,2,1,3,1,9,1,32.0,1,1,2.13,38.3,16.67,66.67,50.0,5.56,100.0,50.0,19.15,32.0,0.68,0.68,0.02,1.0,0.06,0.19
2021-01-22,2021-01,3,6,desktop,shop.googlemerchandisestore.com,referral,(referral),new_session,97,97,1048,346,115,20,0,10,3,2,28,3,1,1,2,0,5,1,0.0,0,2,1.03,28.87,10.71,33.33,100.0,3.57,66.67,0.0,5.15,0.0,0.0,0.0,0.01,1.19,0.21,0.1
2021-01-22,2021-01,3,6,mobile,shop.googlemerchandisestore.com,referral,(referral),new_session,62,62,662,231,39,14,0,12,4,1,15,1,1,1,0,0,3,1,169.0,13,11,1.61,24.19,6.67,100.0,100.0,6.67,0.0,0.0,4.84,169.0,2.73,2.73,0.02,0.63,0.23,0.19
2021-01-22,2021-01,3,6,desktop,<Other>,referral,(referral),new_session,157,157,1578,537,129,25,0,12,3,1,40,4,3,1,3,2,6,1,38.0,4,4,0.64,25.48,10.0,75.0,33.33,2.5,75.0,66.67,3.82,38.0,0.24,0.24,0.01,0.82,0.16,0.08
2021-01-22,2021-01,3,6,desktop,<Other>,<Other>,<Other>,new_session,295,295,2696,962,206,18,0,15,2,1,85,13,4,1,12,3,11,1,52.0,2,2,0.34,28.81,15.29,30.77,25.0,1.18,92.31,75.0,3.73,52.0,0.18,0.18,0.0,0.7,0.06,0.05
2021-01-22,2021-01,3,6,desktop,<Other>,<Other>,<Other>,returning_session,44,42,668,229,62,12,0,8,3,2,14,4,2,2,2,0,12,2,32.0,1,2,4.55,31.82,28.57,50.0,100.0,14.29,50.0,0.0,27.27,16.0,0.76,0.73,0.05,1.41,0.27,0.18
2021-01-22,2021-01,3,6,mobile,<Other>,<Other>,<Other>,returning_session,19,19,352,96,72,11,0,9,4,2,7,2,2,2,1,0,5,2,148.0,5,4,10.53,36.84,28.57,100.0,100.0,28.57,50.0,0.0,26.32,74.0,7.79,7.79,0.11,3.79,0.58,0.47
2021-01-22,2021-01,3,6,desktop,<Other>,referral,(referral),returning_session,71,69,1042,364,118,13,0,10,4,2,17,5,3,2,3,1,19,2,54.0,3,4,2.82,23.94,29.41,60.0,66.67,11.76,60.0,33.33,26.76,27.0,0.78,0.76,0.03,1.66,0.18,0.14
2021-01-22,2021-01,3,6,mobile,<Other>,referral,(referral),new_session,127,127,1282,443,83,14,0,15,3,2,28,7,3,2,5,1,5,2,66.0,3,3,1.57,22.05,25.0,42.86,66.67,7.14,71.43,33.33,3.94,33.0,0.52,0.52,0.02,0.65,0.11,0.12
2021-01-22,2021-01,3,6,mobile,(direct),(none),(direct),new_session,285,285,2665,939,178,8,0,15,4,2,78,7,5,2,7,3,11,2,112.0,4,4,0.7,27.37,8.97,71.43,40.0,2.56,100.0,60.0,3.86,56.0,0.39,0.39,0.01,0.62,0.03,0.05
2021-01-22,2021-01,3,6,desktop,(direct),(none),(direct),new_session,425,425,4418,1555,305,40,0,21,2,2,119,14,5,2,12,3,9,2,184.0,10,5,0.47,28.0,11.76,35.71,40.0,1.68,85.71,60.0,2.12,92.0,0.43,0.43,0.0,0.72,0.09,0.05
2021-01-22,2021-01,3,6,desktop,google,cpc,<Other>,new_session,107,107,1475,489,138,23,0,42,5,3,31,5,4,3,3,1,5,3,168.0,12,7,2.8,28.97,16.13,80.0,75.0,9.68,60.0,25.0,4.67,56.0,1.57,1.57,0.03,1.29,0.21,0.39
2021-01-22,2021-01,3,6,desktop,google,cpc,<Other>,returning_session,16,16,444,132,37,13,0,24,6,4,8,5,5,4,2,1,2,4,228.0,21,12,25.0,50.0,62.5,100.0,80.0,50.0,40.0,20.0,12.5,57.0,14.25,14.25,0.25,2.31,0.81,1.5
2021-01-22,2021-01,3,6,mobile,(direct),(none),(direct),returning_session,95,89,1105,362,98,14,0,27,9,4,22,8,4,4,5,0,35,4,189.0,9,9,4.21,23.16,36.36,50.0,100.0,18.18,62.5,0.0,36.84,47.25,2.12,1.99,0.04,1.03,0.15,0.28
2021-01-22,2021-01,3,6,mobile,<Other>,<Other>,<Other>,new_session,204,204,2587,884,190,29,0,45,12,4,45,10,7,4,7,3,8,4,263.0,8,8,1.96,22.06,22.22,70.0,57.14,8.89,70.0,42.86,3.92,65.75,1.29,1.29,0.02,0.93,0.14,0.22
2021-01-22,2021-01,3,6,mobile,google,organic,(organic),new_session,367,367,3858,1327,320,27,0,45,10,5,103,11,9,5,8,4,22,5,281.0,14,12,1.36,28.07,10.68,81.82,55.56,4.85,72.73,44.44,5.99,56.2,0.77,0.77,0.01,0.87,0.07,0.12
2021-01-22,2021-01,3,6,desktop,(direct),(none),(direct),returning_session,131,122,1973,639,199,46,0,45,9,5,37,13,12,5,9,7,31,5,297.0,10,12,3.82,28.24,35.14,92.31,41.67,13.51,69.23,58.33,23.66,59.4,2.43,2.27,0.04,1.52,0.35,0.34
2021-01-22,2021-01,3,6,desktop,google,organic,(organic),new_session,600,600,5967,2072,367,39,0,105,14,5,169,18,15,5,15,10,34,5,241.0,13,12,0.83,28.17,10.65,83.33,33.33,2.96,83.33,66.67,5.67,48.2,0.4,0.4,0.01,0.61,0.07,0.17
2021-01-22,2021-01,3,6,mobile,shop.googlemerchandisestore.com,referral,(referral),returning_session,81,76,1178,354,142,40,0,57,12,6,26,10,7,5,6,2,19,6,202.0,12,9,6.17,32.1,38.46,70.0,71.43,19.23,60.0,28.57,23.46,33.67,2.66,2.49,0.08,1.75,0.49,0.7
2021-01-22,2021-01,3,6,desktop,(data deleted),(data deleted),(data deleted),returning_session,142,134,1806,574,166,27,0,42,19,7,44,10,10,7,4,3,50,7,456.0,27,24,4.93,30.99,22.73,100.0,70.0,15.91,40.0,30.0,35.21,65.14,3.4,3.21,0.05,1.17,0.19,0.3
2021-01-22,2021-01,3,6,mobile,google,organic,(organic),returning_session,102,98,2272,747,292,43,0,54,23,8,31,13,12,7,6,5,28,7,462.0,27,24,6.86,30.39,41.94,92.31,58.33,22.58,46.15,41.67,27.45,66.0,4.71,4.53,0.07,2.86,0.42,0.53
2021-01-22,2021-01,3,6,desktop,google,organic,(organic),returning_session,144,133,3483,1084,472,89,0,113,32,13,56,22,19,12,12,7,27,12,837.0,51,49,8.33,38.89,39.29,86.36,63.16,21.43,54.55,36.84,18.75,69.75,6.29,5.81,0.09,3.28,0.62,0.78
2021-01-22,2021-01,3,6,desktop,shop.googlemerchandisestore.com,referral,(referral),returning_session,104,97,1941,610,198,34,0,105,27,14,27,9,10,6,6,4,37,14,796.0,31,28,5.77,25.96,33.33,111.11,60.0,22.22,66.67,40.0,35.58,56.86,8.21,7.65,0.14,1.9,0.33,1.01
2021-01-28,2021-01,4,5,tablet,shop.googlemerchandisestore.com,referral,(referral),returning_session,6,6,51,18,4,0,0,0,0,0,2,0,0,0,0,0,1,0,0.0,0,0,0.0,33.33,0.0,,,0.0,,,16.67,,0.0,0.0,0.0,0.67,0.0,0.0
2021-01-28,2021-01,4,5,tablet,google,organic,(organic),new_session,17,17,136,48,3,0,0,0,0,0,3,0,0,0,0,0,1,0,0.0,0,0,0.0,17.65,0.0,,,0.0,,,5.88,,0.0,0.0,0.0,0.18,0.0,0.0
2021-01-28,2021-01,4,5,desktop,<Other>,organic,(organic),returning_session,8,8,52,21,2,0,0,0,0,0,2,0,0,0,0,0,1,0,0.0,0,0,0.0,25.0,0.0,,,0.0,,,12.5,,0.0,0.0,0.0,0.25,0.0,0.0
2021-01-28,2021-01,4,5,tablet,<Other>,referral,(referral),new_session,5,5,28,10,1,0,0,0,0,0,1,0,0,0,0,0,0,0,0.0,0,0,0.0,20.0,0.0,,,0.0,,,0.0,,0.0,0.0,0.0,0.2,0.0,0.0
2021-01-28,2021-01,4,5,desktop,<Other>,(data deleted),(data deleted),returning_session,3,3,13,3,0,0,0,0,0,0,0,0,0,0,0,0,2,0,0.0,0,0,0.0,0.0,,,,,,,66.67,,0.0,0.0,0.0,0.0,0.0,0.0
2021-01-28,2021-01,4,5,tablet,<Other>,organic,(organic),new_session,3,3,24,9,1,0,0,0,0,0,1,0,0,0,0,0,0,0,0.0,0,0,0.0,33.33,0.0,,,0.0,,,0.0,,0.0,0.0,0.0,0.33,0.0,0.0
2021-01-28,2021-01,4,5,tablet,<Other>,<Other>,<Other>,new_session,10,10,115,40,6,0,0,0,0,0,4,0,0,0,0,0,0,0,0.0,0,0,0.0,40.0,0.0,,,0.0,,,0.0,,0.0,0.0,0.0,0.6,0.0,0.0
2021-01-28,2021-01,4,5,tablet,(direct),(none),(direct),new_session,14,14,136,45,9,0,0,0,0,0,6,0,0,0,0,0,0,0,0.0,0,0,0.0,42.86,0.0,,,0.0,,,0.0,,0.0,0.0,0.0,0.64,0.0,0.0
2021-01-28,2021-01,4,5,tablet,<Other>,organic,(organic),returning_session,1,1,11,5,0,0,0,0,0,0,0,0,0,0,0,0,0,0,0.0,0,0,0.0,0.0,,,,,,,0.0,,0.0,0.0,0.0,0.0,0.0,0.0
2021-01-28,2021-01,4,5,mobile,google,cpc,<Other>,returning_session,10,10,40,16,1,0,0,0,0,0,1,0,0,0,0,0,2,0,0.0,0,0,0.0,10.0,0.0,,,0.0,,,20.0,,0.0,0.0,0.0,0.1,0.0,0.0
2021-01-28,2021-01,4,5,tablet,shop.googlemerchandisestore.com,referral,(referral),new_session,5,5,41,14,4,0,0,0,0,0,2,0,0,0,0,0,0,0,0.0,0,0,0.0,40.0,0.0,,,0.0,,,0.0,,0.0,0.0,0.0,0.8,0.0,0.0
2021-01-28,2021-01,4,5,mobile,<Other>,(data deleted),(data deleted),new_session,1,1,10,4,0,0,0,0,0,0,0,0,0,0,0,0,0,0,0.0,0,0,0.0,0.0,,,,,,,0.0,,0.0,0.0,0.0,0.0,0.0,0.0
2021-01-28,2021-01,4,5,mobile,(data deleted),(data deleted),(data deleted),new_session,9,9,69,27,4,0,0,0,0,0,2,0,0,0,0,0,1,0,0.0,0,0,0.0,22.22,0.0,,,0.0,,,11.11,,0.0,0.0,0.0,0.44,0.0,0.0
2021-01-28,2021-01,4,5,desktop,(data deleted),(data deleted),<Other>,returning_session,2,2,16,6,0,0,0,0,0,0,0,0,0,0,0,0,1,0,0.0,0,0,0.0,0.0,,,,,,,50.0,,0.0,0.0,0.0,0.0,0.0,0.0
2021-01-28,2021-01,4,5,mobile,<Other>,(data deleted),(data deleted),returning_session,1,1,5,2,0,0,0,0,0,0,0,0,0,0,0,0,0,0,0.0,0,0,0.0,0.0,,,,,,,0.0,,0.0,0.0,0.0,0.0,0.0,0.0
2021-01-28,2021-01,4,5,desktop,(data deleted),(data deleted),(data deleted),new_session,8,8,46,20,5,0,0,0,0,0,4,0,0,0,0,0,1,0,0.0,0,0,0.0,50.0,0.0,,,0.0,,,12.5,,0.0,0.0,0.0,0.63,0.0,0.0
2021-01-28,2021-01,4,5,tablet,google,cpc,<Other>,new_session,2,2,23,8,2,0,0,0,0,0,1,0,0,0,0,0,0,0,0.0,0,0,0.0,50.0,0.0,,,0.0,,,0.0,,0.0,0.0,0.0,1.0,0.0,0.0
2021-01-28,2021-01,4,5,desktop,google,cpc,<Other>,returning_session,5,5,37,10,5,2,0,0,0,0,1,1,0,0,1,0,3,0,0.0,0,0,0.0,20.0,100.0,0.0,,0.0,100.0,,60.0,,0.0,0.0,0.0,1.0,0.4,0.0
2021-01-28,2021-01,4,5,mobile,<Other>,organic,(organic),returning_session,9,9,82,28,8,1,0,0,0,0,3,1,0,0,1,0,4,0,0.0,0,0,0.0,33.33,33.33,0.0,,0.0,100.0,,44.44,,0.0,0.0,0.0,0.89,0.11,0.0
2021-01-28,2021-01,4,5,tablet,<Other>,referral,(referral),returning_session,2,2,14,7,1,1,0,0,0,0,1,1,0,0,1,0,0,0,0.0,0,0,0.0,50.0,100.0,0.0,,0.0,100.0,,0.0,,0.0,0.0,0.0,0.5,0.5,0.0
2021-01-28,2021-01,4,5,desktop,<Other>,organic,(organic),new_session,59,59,477,174,16,1,0,0,0,0,9,1,0,0,1,0,1,0,0.0,0,0,0.0,15.25,11.11,0.0,,0.0,100.0,,1.69,,0.0,0.0,0.0,0.27,0.02,0.0
2021-01-28,2021-01,4,5,tablet,<Other>,<Other>,<Other>,returning_session,1,1,21,4,6,2,0,0,0,0,1,1,0,0,1,0,0,0,0.0,0,0,0.0,100.0,100.0,0.0,,0.0,100.0,,0.0,,0.0,0.0,0.0,6.0,2.0,0.0
2021-01-28,2021-01,4,5,tablet,google,organic,(organic),returning_session,5,5,164,55,19,4,0,8,1,0,2,1,1,0,1,1,0,0,0.0,0,0,0.0,40.0,50.0,100.0,0.0,0.0,100.0,100.0,0.0,,0.0,0.0,0.0,3.8,0.8,1.6
2021-01-28,2021-01,4,5,mobile,shop.googlemerchandisestore.com,referral,(referral),new_session,63,63,671,240,52,15,0,3,0,0,22,3,1,0,3,1,6,0,0.0,0,0,0.0,34.92,13.64,33.33,0.0,0.0,100.0,100.0,9.52,,0.0,0.0,0.0,0.83,0.24,0.05
2021-01-28,2021-01,4,5,mobile,<Other>,referral,(referral),new_session,111,111,846,312,29,4,0,4,0,0,22,3,2,0,3,2,9,0,0.0,0,0,0.0,19.82,13.64,66.67,0.0,0.0,100.0,100.0,8.11,,0.0,0.0,0.0,0.26,0.04,0.04
2021-01-28,2021-01,4,5,desktop,google,cpc,<Other>,new_session,91,91,995,362,54,3,0,5,0,0,24,3,2,0,3,2,1,0,0.0,0,0,0.0,26.37,12.5,66.67,0.0,0.0,100.0,100.0,1.1,,0.0,0.0,0.0,0.59,0.03,0.05
2021-01-28,2021-01,4,5,desktop,shop.googlemerchandisestore.com,referral,(referral),new_session,104,104,926,327,71,7,0,0,0,0,29,3,0,0,3,0,8,0,0.0,0,0,0.0,27.88,10.34,0.0,,0.0,100.0,,7.69,,0.0,0.0,0.0,0.68,0.07,0.0
2021-01-28,2021-01,4,5,mobile,<Other>,<Other>,<Other>,returning_session,26,25,303,99,35,9,0,0,0,0,10,4,0,0,4,0,7,0,0.0,0,0,0.0,38.46,40.0,0.0,,0.0,100.0,,26.92,,0.0,0.0,0.0,1.35,0.35,0.0
2021-01-28,2021-01,4,5,mobile,<Other>,<Other>,<Other>,new_session,218,218,1859,673,124,4,0,3,0,0,47,4,1,0,4,1,6,0,0.0,0,0,0.0,21.56,8.51,25.0,0.0,0.0,100.0,100.0,2.75,,0.0,0.0,0.0,0.57,0.02,0.01
2021-01-28,2021-01,4,5,tablet,(data deleted),(data deleted),(data deleted),returning_session,2,2,61,19,7,0,0,2,1,1,1,0,1,1,0,0,1,1,0.0,0,1,50.0,50.0,0.0,,100.0,100.0,,0.0,50.0,0.0,0.0,0.0,0.5,3.5,0.0,1.0
2021-01-28,2021-01,4,5,tablet,(direct),(none),(direct),returning_session,2,2,75,25,7,5,0,2,1,1,1,1,1,1,0,0,0,1,0.0,0,1,50.0,50.0,100.0,100.0,100.0,100.0,0.0,0.0,0.0,0.0,0.0,0.0,0.5,3.5,2.5,1.0
2021-01-28,2021-01,4,5,desktop,<Other>,referral,(referral),returning_session,88,83,805,282,54,5,0,15,7,1,16,3,4,1,3,3,26,1,0.0,0,1,1.14,18.18,18.75,133.33,25.0,6.25,100.0,75.0,29.55,0.0,0.0,0.0,0.01,0.61,0.06,0.17
2021-01-28,2021-01,4,5,mobile,google,cpc,<Other>,new_session,63,63,828,271,100,18,0,9,4,1,15,5,4,1,4,3,5,1,0.0,0,1,1.59,23.81,33.33,80.0,25.0,6.67,80.0,75.0,7.94,0.0,0.0,0.0,0.02,1.59,0.29,0.14
2021-01-28,2021-01,4,5,desktop,<Other>,referral,(referral),new_session,157,157,1502,538,108,22,0,2,3,1,37,6,1,1,5,0,9,1,0.0,0,1,0.64,23.57,16.22,16.67,100.0,2.7,83.33,0.0,5.73,0.0,0.0,0.0,0.01,0.69,0.14,0.01
2021-01-28,2021-01,4,5,desktop,<Other>,<Other>,<Other>,new_session,307,307,3226,1138,238,43,0,9,2,1,72,11,2,1,11,1,18,1,0.0,0,1,0.33,23.45,15.28,18.18,50.0,1.39,100.0,50.0,5.86,0.0,0.0,0.0,0.0,0.78,0.14,0.03
2021-01-28,2021-01,4,5,mobile,google,organic,(organic),new_session,410,410,3682,1315,208,30,0,12,6,2,84,5,3,2,4,1,19,2,0.0,0,2,0.49,20.49,5.95,60.0,66.67,2.38,80.0,33.33,4.63,0.0,0.0,0.0,0.0,0.51,0.07,0.03
2021-01-28,2021-01,4,5,desktop,shop.googlemerchandisestore.com,referral,(referral),returning_session,114,106,1077,375,96,9,0,4,4,2,27,7,2,2,5,0,30,2,0.0,0,2,1.75,23.68,25.93,28.57,100.0,7.41,71.43,0.0,26.32,0.0,0.0,0.0,0.02,0.84,0.08,0.04
2021-01-28,2021-01,4,5,mobile,(direct),(none),(direct),new_session,284,284,2424,888,136,12,0,7,4,2,73,7,2,2,6,0,9,2,4.0,2,3,0.7,25.7,9.59,28.57,100.0,2.74,85.71,0.0,3.17,2.0,0.01,0.01,0.01,0.48,0.04,0.02
2021-01-28,2021-01,4,5,desktop,google,organic,(organic),new_session,583,583,5347,1910,405,15,0,10,4,2,141,10,4,2,8,2,19,2,13.0,1,2,0.34,24.19,7.09,40.0,50.0,1.42,80.0,50.0,3.26,6.5,0.02,0.02,0.0,0.69,0.03,0.02
2021-01-28,2021-01,4,5,desktop,google,organic,(organic),returning_session,129,127,1203,427,93,20,0,11,2,2,30,12,4,2,10,2,35,2,78.0,2,3,1.55,23.26,40.0,33.33,50.0,6.67,83.33,50.0,27.13,39.0,0.61,0.6,0.02,0.72,0.16,0.09
2021-01-28,2021-01,4,5,desktop,(direct),(none),(direct),new_session,450,450,4750,1677,364,37,0,18,8,2,110,18,6,2,17,4,19,2,0.0,0,2,0.44,24.44,16.36,33.33,33.33,1.82,94.44,66.67,4.22,0.0,0.0,0.0,0.0,0.81,0.08,0.04
2021-01-28,2021-01,4,5,mobile,<Other>,organic,(organic),new_session,40,40,325,118,17,4,0,4,1,3,7,2,1,1,1,0,2,1,0.0,0,3,2.5,17.5,28.57,50.0,100.0,14.29,50.0,0.0,5.0,0.0,0.0,0.0,0.03,0.42,0.1,0.1
2021-01-28,2021-01,4,5,mobile,<Other>,referral,(referral),returning_session,52,49,800,267,79,18,0,12,6,3,16,6,3,3,3,0,11,3,0.0,0,3,5.77,30.77,37.5,50.0,100.0,18.75,50.0,0.0,21.15,0.0,0.0,0.0,0.06,1.52,0.35,0.23
2021-01-28,2021-01,4,5,mobile,google,organic,(organic),returning_session,97,95,1148,393,102,11,0,16,6,4,24,5,6,4,2,2,30,4,0.0,0,4,4.12,24.74,20.83,120.0,66.67,16.67,40.0,33.33,30.93,0.0,0.0,0.0,0.04,1.05,0.11,0.16
2021-01-28,2021-01,4,5,mobile,(direct),(none),(direct),returning_session,109,103,1532,519,113,28,0,32,13,4,27,10,8,4,6,4,32,4,0.0,0,4,3.67,24.77,37.04,80.0,50.0,14.81,60.0,50.0,29.36,0.0,0.0,0.0,0.04,1.04,0.26,0.29
2021-01-28,2021-01,4,5,desktop,<Other>,<Other>,<Other>,returning_session,37,37,494,169,40,11,0,14,5,5,12,5,5,5,1,0,7,5,0.0,0,5,13.51,32.43,41.67,100.0,100.0,41.67,20.0,0.0,18.92,0.0,0.0,0.0,0.14,1.08,0.3,0.38
2021-01-28,2021-01,4,5,mobile,(data deleted),(data deleted),(data deleted),returning_session,102,100,1404,477,158,23,0,25,13,5,27,11,6,5,7,1,29,5,19.0,1,5,4.9,26.47,40.74,54.55,83.33,18.52,63.64,16.67,28.43,3.8,0.19,0.19,0.05,1.55,0.23,0.25
2021-01-28,2021-01,4,5,desktop,(direct),(none),(direct),returning_session,159,155,1996,687,247,38,0,13,11,5,41,12,5,5,8,0,42,5,14.0,8,8,3.14,25.79,29.27,41.67,100.0,12.2,66.67,0.0,26.42,2.8,0.09,0.09,0.03,1.55,0.24,0.08
2021-01-28,2021-01,4,5,desktop,(data deleted),(data deleted),(data deleted),returning_session,154,150,1878,626,171,44,0,28,13,6,49,18,7,6,13,1,47,6,0.0,0,6,3.9,31.82,36.73,38.89,85.71,12.24,72.22,14.29,30.52,0.0,0.0,0.0,0.04,1.11,0.29,0.18
2021-01-28,2021-01,4,5,mobile,shop.googlemerchandisestore.com,referral,(referral),returning_session,78,77,1309,422,111,31,0,58,20,15,21,9,7,4,5,3,21,4,0.0,0,15,5.13,26.92,42.86,77.78,57.14,19.05,55.56,42.86,26.92,0.0,0.0,0.0,0.05,1.42,0.4,0.74
2020-11-18,2020-11,46,4,desktop,<Other>,organic,(organic),new_session,42,42,309,83,17,1,0,0,0,0,10,1,0,0,1,0,21,0,0.0,0,0,0.0,23.81,10.0,0.0,,0.0,100.0,,50.0,,0.0,0.0,0.0,0.4,0.02,0.0
2020-11-18,2020-11,46,4,tablet,google,cpc,<Other>,returning_session,2,2,5,1,0,0,0,0,0,0,0,0,0,0,0,0,2,0,0.0,0,0,0.0,0.0,,,,,,,100.0,,0.0,0.0,0.0,0.0,0.0,0.0
2020-11-18,2020-11,46,4,mobile,<Other>,(data deleted),(data deleted),returning_session,2,2,8,3,0,0,0,0,0,0,0,0,0,0,0,0,1,0,0.0,0,0,0.0,0.0,,,,,,,50.0,,0.0,0.0,0.0,0.0,0.0,0.0
2020-11-18,2020-11,46,4,mobile,(data deleted),(data deleted),<Other>,returning_session,2,2,4,0,0,0,0,0,0,0,0,0,0,0,0,0,2,0,0.0,0,0,0.0,0.0,,,,,,,100.0,,0.0,0.0,0.0,0.0,0.0,0.0
2020-11-18,2020-11,46,4,desktop,(data deleted),(data deleted),<Other>,returning_session,4,4,31,9,1,0,0,0,0,0,1,0,0,0,0,0,2,0,0.0,0,0,0.0,25.0,0.0,,,0.0,,,50.0,,0.0,0.0,0.0,0.25,0.0,0.0
2020-11-18,2020-11,46,4,tablet,<Other>,<Other>,<Other>,new_session,8,8,86,25,4,0,0,0,0,0,3,0,0,0,0,0,2,0,0.0,0,0,0.0,37.5,0.0,,,0.0,,,25.0,,0.0,0.0,0.0,0.5,0.0,0.0
2020-11-18,2020-11,46,4,tablet,shop.googlemerchandisestore.com,referral,(referral),returning_session,9,8,35,9,1,0,0,0,0,0,1,0,0,0,0,0,6,0,0.0,0,0,0.0,11.11,0.0,,,0.0,,,66.67,,0.0,0.0,0.0,0.11,0.0,0.0
2020-11-18,2020-11,46,4,desktop,<Other>,organic,(organic),returning_session,18,18,104,29,9,0,0,0,0,0,2,0,0,0,0,0,14,0,0.0,0,0,0.0,11.11,0.0,,,0.0,,,77.78,,0.0,0.0,0.0,0.5,0.0,0.0
2020-11-18,2020-11,46,4,desktop,(data deleted),(data deleted),(data deleted),new_session,6,6,57,21,3,0,0,0,0,0,3,0,0,0,0,0,3,0,0.0,0,0,0.0,50.0,0.0,,,0.0,,,50.0,,0.0,0.0,0.0,0.5,0.0,0.0
2020-11-18,2020-11,46,4,tablet,(direct),(none),(direct),returning_session,6,5,23,5,2,0,0,0,0,0,1,0,0,0,0,0,5,0,0.0,0,0,0.0,16.67,0.0,,,0.0,,,83.33,,0.0,0.0,0.0,0.33,0.0,0.0
2020-11-18,2020-11,46,4,mobile,<Other>,(data deleted),(data deleted),new_session,1,1,12,6,0,0,0,0,0,0,0,0,0,0,0,0,0,0,0.0,0,0,0.0,0.0,,,,,,,0.0,,0.0,0.0,0.0,0.0,0.0,0.0
2020-11-18,2020-11,46,4,mobile,<Other>,referral,(referral),returning_session,57,57,652,189,91,5,0,0,0,0,16,3,0,0,3,0,35,0,0.0,0,0,0.0,28.07,18.75,0.0,,0.0,100.0,,61.4,,0.0,0.0,0.0,1.6,0.09,0.0
2020-11-18,2020-11,46,4,tablet,google,organic,(organic),returning_session,10,10,62,17,2,0,0,0,0,0,1,0,0,0,0,0,6,0,0.0,0,0,0.0,10.0,0.0,,,0.0,,,60.0,,0.0,0.0,0.0,0.2,0.0,0.0
2020-11-18,2020-11,46,4,tablet,<Other>,referral,(referral),returning_session,2,2,68,22,13,0,0,0,0,0,1,0,0,0,0,0,1,0,0.0,0,0,0.0,50.0,0.0,,,0.0,,,50.0,,0.0,0.0,0.0,6.5,0.0,0.0
2020-11-18,2020-11,46,4,mobile,(data deleted),(data deleted),<Other>,new_session,1,1,1,1,0,0,0,0,0,0,0,0,0,0,0,0,1,0,0.0,0,0,0.0,0.0,,,,,,,100.0,,0.0,0.0,0.0,0.0,0.0,0.0
2020-11-18,2020-11,46,4,tablet,google,organic,(organic),new_session,24,24,175,51,5,0,0,0,0,0,4,0,0,0,0,0,14,0,0.0,0,0,0.0,16.67,0.0,,,0.0,,,58.33,,0.0,0.0,0.0,0.21,0.0,0.0
2020-11-18,2020-11,46,4,tablet,(data deleted),(data deleted),(data deleted),returning_session,9,8,85,27,10,0,0,0,0,0,2,0,0,0,0,0,5,0,0.0,0,0,0.0,22.22,0.0,,,0.0,,,55.56,,0.0,0.0,0.0,1.11,0.0,0.0
2020-11-18,2020-11,46,4,desktop,<Other>,(data deleted),(data deleted),returning_session,4,4,21,6,1,0,0,0,0,0,1,0,0,0,0,0,3,0,0.0,0,0,0.0,25.0,0.0,,,0.0,,,75.0,,0.0,0.0,0.0,0.25,0.0,0.0
2020-11-18,2020-11,46,4,tablet,(direct),(none),(direct),new_session,15,15,145,37,18,0,0,0,0,0,1,0,0,0,0,0,9,0,0.0,0,0,0.0,6.67,0.0,,,0.0,,,60.0,,0.0,0.0,0.0,1.2,0.0,0.0
2020-11-18,2020-11,46,4,tablet,google,cpc,<Other>,new_session,1,1,7,2,0,0,0,0,0,0,0,0,0,0,0,0,0,0,0.0,0,0,0.0,0.0,,,,,,,0.0,,0.0,0.0,0.0,0.0,0.0,0.0
2020-11-18,2020-11,46,4,tablet,<Other>,<Other>,<Other>,returning_session,3,3,36,11,0,0,0,0,0,0,0,0,0,0,0,0,2,0,0.0,0,0,0.0,0.0,,,,,,,66.67,,0.0,0.0,0.0,0.0,0.0,0.0
2020-11-18,2020-11,46,4,mobile,shop.googlemerchandisestore.com,referral,(referral),new_session,48,48,506,149,42,3,0,0,0,0,12,3,0,0,3,0,29,0,0.0,0,0,0.0,25.0,25.0,0.0,,0.0,100.0,,60.42,,0.0,0.0,0.0,0.88,0.06,0.0
2020-11-18,2020-11,46,4,mobile,<Other>,organic,(organic),new_session,37,37,975,343,145,7,0,4,0,0,11,4,4,0,4,4,15,0,0.0,0,0,0.0,29.73,36.36,100.0,0.0,0.0,100.0,100.0,40.54,,0.0,0.0,0.0,3.92,0.19,0.11
2020-11-18,2020-11,46,4,mobile,<Other>,<Other>,<Other>,returning_session,27,27,251,74,22,3,0,2,0,0,6,2,1,0,2,1,12,0,0.0,0,0,0.0,22.22,33.33,50.0,0.0,0.0,100.0,100.0,44.44,,0.0,0.0,0.0,0.81,0.11,0.07
2020-11-18,2020-11,46,4,mobile,<Other>,referral,(referral),new_session,119,119,1638,469,139,19,0,7,4,0,34,9,5,0,9,5,52,0,0.0,0,0,0.0,28.57,26.47,55.56,0.0,0.0,100.0,100.0,43.7,,0.0,0.0,0.0,1.17,0.16,0.06
2020-11-18,2020-11,46,4,mobile,google,cpc,<Other>,returning_session,7,7,315,92,42,15,0,6,3,0,2,2,1,0,2,1,4,0,0.0,0,0,0.0,28.57,100.0,50.0,0.0,0.0,100.0,100.0,57.14,,0.0,0.0,0.0,6.0,2.14,0.86
2020-11-18,2020-11,46,4,tablet,shop.googlemerchandisestore.com,referral,(referral),new_session,3,3,320,120,59,2,0,1,0,0,2,1,1,0,1,1,1,0,0.0,0,0,0.0,66.67,50.0,100.0,0.0,0.0,100.0,100.0,33.33,,0.0,0.0,0.0,19.67,0.67,0.33
2020-11-18,2020-11,46,4,desktop,shop.googlemerchandisestore.com,referral,(referral),new_session,62,62,1087,349,110,6,0,8,0,0,20,4,4,0,4,4,21,0,0.0,0,0,0.0,32.26,20.0,100.0,0.0,0.0,100.0,100.0,33.87,,0.0,0.0,0.0,1.77,0.1,0.13
2020-11-18,2020-11,46,4,tablet,<Other>,referral,(referral),new_session,6,6,372,133,63,3,0,2,2,0,3,1,2,0,1,2,2,0,0.0,0,0,0.0,50.0,33.33,200.0,0.0,0.0,100.0,100.0,33.33,,0.0,0.0,0.0,10.5,0.5,0.33
2020-11-18,2020-11,46,4,desktop,google,organic,(organic),new_session,555,555,6624,1969,509,71,0,17,5,1,146,26,11,1,25,10,248,1,71.0,5,4,0.18,26.31,17.81,42.31,9.09,0.68,96.15,90.91,44.68,71.0,0.13,0.13,0.0,0.92,0.13,0.03
2020-11-18,2020-11,46,4,desktop,<Other>,<Other>,<Other>,returning_session,55,54,1226,332,164,74,0,22,15,2,13,6,6,1,6,5,32,1,48.0,2,2,1.82,23.64,46.15,100.0,16.67,7.69,100.0,83.33,58.18,48.0,0.89,0.87,0.02,2.98,1.35,0.4
2020-11-18,2020-11,46,4,desktop,<Other>,<Other>,<Other>,new_session,252,252,2541,722,184,19,0,11,5,2,62,14,6,1,14,5,121,1,48.0,4,4,0.4,24.6,22.58,42.86,16.67,1.61,100.0,83.33,48.02,48.0,0.19,0.19,0.0,0.73,0.08,0.04
2020-11-18,2020-11,46,4,desktop,<Other>,referral,(referral),returning_session,89,89,1049,301,89,7,0,23,4,1,19,4,5,1,3,4,57,1,44.0,1,1,1.12,21.35,21.05,125.0,20.0,5.26,75.0,80.0,64.04,44.0,0.49,0.49,0.01,1.0,0.08,0.26
2020-11-18,2020-11,46,4,desktop,shop.googlemerchandisestore.com,referral,(referral),returning_session,145,136,1772,546,175,21,0,11,11,1,34,6,5,1,5,4,82,1,5.0,1,1,0.69,23.45,17.65,83.33,20.0,2.94,83.33,80.0,56.55,5.0,0.04,0.03,0.01,1.21,0.14,0.08
2020-11-18,2020-11,46,4,mobile,google,cpc,<Other>,new_session,62,62,769,215,63,16,0,4,3,1,16,4,3,1,3,2,30,1,144.0,6,4,1.61,25.81,25.0,75.0,33.33,6.25,75.0,66.67,48.39,144.0,2.32,2.32,0.02,1.02,0.26,0.06
2020-11-18,2020-11,46,4,desktop,google,cpc,<Other>,new_session,69,69,667,194,35,1,0,8,2,1,17,1,3,1,1,2,32,1,19.0,12,2,1.45,24.64,5.88,300.0,33.33,5.88,100.0,66.67,46.38,19.0,0.28,0.28,0.01,0.51,0.01,0.12
2020-11-18,2020-11,46,4,desktop,google,cpc,<Other>,returning_session,13,13,157,45,9,1,0,6,5,1,2,1,2,1,0,1,8,1,48.0,1,1,7.69,15.38,50.0,200.0,50.0,50.0,0.0,50.0,61.54,48.0,3.69,3.69,0.08,0.69,0.08,0.46
2020-11-18,2020-11,46,4,mobile,<Other>,organic,(organic),returning_session,13,13,136,40,8,0,0,3,1,2,1,0,1,1,0,0,6,1,96.0,2,2,7.69,7.69,0.0,,100.0,100.0,,0.0,46.15,96.0,7.38,7.38,0.08,0.62,0.0,0.23
2020-11-18,2020-11,46,4,mobile,google,organic,(organic),returning_session,118,113,1347,396,124,19,0,7,6,2,35,9,6,2,7,4,62,2,653.0,13,13,1.69,29.66,25.71,66.67,33.33,5.71,77.78,66.67,52.54,326.5,5.78,5.53,0.02,1.05,0.16,0.06
2020-11-18,2020-11,46,4,mobile,<Other>,<Other>,<Other>,new_session,178,178,2348,740,205,7,0,7,4,2,42,5,5,2,3,3,86,2,21.0,5,2,1.12,23.6,11.9,100.0,40.0,4.76,60.0,60.0,48.31,10.5,0.12,0.12,0.01,1.15,0.04,0.04
2020-11-18,2020-11,46,4,desktop,google,organic,(organic),returning_session,178,166,2032,612,199,27,0,9,11,4,39,7,4,2,6,2,108,4,156.0,4,4,1.12,21.91,17.95,57.14,50.0,5.13,85.71,50.0,60.67,39.0,0.94,0.88,0.02,1.12,0.15,0.05
2020-11-18,2020-11,46,4,mobile,(data deleted),(data deleted),(data deleted),returning_session,123,121,1270,367,129,26,0,10,8,3,28,5,4,2,4,2,79,2,288.0,4,4,1.63,22.76,17.86,80.0,50.0,7.14,80.0,50.0,64.23,144.0,2.38,2.34,0.02,1.05,0.21,0.08
2020-11-18,2020-11,46,4,desktop,<Other>,referral,(referral),new_session,140,140,3042,938,363,40,0,26,26,4,34,8,7,3,6,4,65,4,704.0,119,36,2.14,24.29,23.53,87.5,42.86,8.82,75.0,57.14,46.43,176.0,5.03,5.03,0.03,2.59,0.29,0.19
2020-11-18,2020-11,46,4,mobile,(direct),(none),(direct),returning_session,123,120,1763,532,227,21,0,18,12,5,31,8,6,3,6,3,61,3,210.0,9,9,2.44,25.2,25.81,75.0,50.0,9.68,75.0,50.0,49.59,70.0,1.75,1.71,0.03,1.85,0.17,0.15
2020-11-18,2020-11,46,4,mobile,(direct),(none),(direct),new_session,266,266,5036,1643,543,31,0,35,17,4,62,17,16,4,15,12,131,4,148.0,7,7,1.5,23.31,27.42,94.12,25.0,6.45,88.24,75.0,49.25,37.0,0.56,0.56,0.02,2.04,0.12,0.13
2020-11-18,2020-11,46,4,desktop,(direct),(none),(direct),new_session,373,373,5029,1507,493,29,0,18,11,5,96,17,10,4,14,6,174,5,289.0,18,14,1.07,25.74,17.71,58.82,40.0,4.17,82.35,60.0,46.65,57.8,0.77,0.77,0.01,1.32,0.08,0.05
2020-11-18,2020-11,46,4,mobile,shop.googlemerchandisestore.com,referral,(referral),returning_session,88,85,1176,345,85,51,0,12,11,5,22,3,4,4,0,0,49,4,185.0,11,11,4.55,25.0,13.64,133.33,100.0,18.18,0.0,0.0,55.68,46.25,2.18,2.1,0.05,0.97,0.58,0.14
2020-11-18,2020-11,46,4,desktop,(direct),(none),(direct),returning_session,193,182,2688,796,273,44,0,26,25,7,48,11,13,5,8,8,108,7,697.0,31,30,2.59,24.87,22.92,118.18,38.46,10.42,72.73,61.54,55.96,99.57,3.83,3.61,0.04,1.41,0.23,0.13
2020-11-18,2020-11,46,4,mobile,google,organic,(organic),new_session,393,393,4950,1500,405,31,0,35,11,8,93,15,12,5,14,7,197,7,331.0,7,8,1.27,23.66,16.13,80.0,41.67,5.38,93.33,58.33,50.13,47.29,0.84,0.84,0.02,1.03,0.08,0.09
2020-11-18,2020-11,46,4,desktop,(data deleted),(data deleted),(data deleted),returning_session,165,161,2516,749,254,21,0,27,21,7,51,10,12,5,10,7,86,6,370.0,28,18,3.03,30.91,19.61,120.0,41.67,9.8,100.0,58.33,52.12,61.67,2.3,2.24,0.04,1.54,0.13,0.16
2021-01-31,2021-01,5,1,tablet,shop.googlemerchandisestore.com,referral,(referral),returning_session,3,3,11,5,0,0,0,0,0,0,0,0,0,0,0,0,1,0,0.0,0,0,0.0,0.0,,,,,,,33.33,,0.0,0.0,0.0,0.0,0.0,0.0
2021-01-02,2021-01,0,7,desktop,<Other>,organic,(organic),returning_session,5,5,25,10,0,0,0,0,0,0,0,0,0,0,0,0,2,0,0.0,0,0,0.0,0.0,,,,,,,40.0,,0.0,0.0,0.0,0.0,0.0,0.0
2021-01-02,2021-01,0,7,desktop,(data deleted),(data deleted),(data deleted),new_session,1,1,2,1,0,0,0,0,0,0,0,0,0,0,0,0,1,0,0.0,0,0,0.0,0.0,,,,,,,100.0,,0.0,0.0,0.0,0.0,0.0,0.0
2021-01-02,2021-01,0,7,tablet,shop.googlemerchandisestore.com,referral,(referral),new_session,2,2,10,4,0,0,0,0,0,0,0,0,0,0,0,0,0,0,0.0,0,0,0.0,0.0,,,,,,,0.0,,0.0,0.0,0.0,0.0,0.0,0.0
2021-01-02,2021-01,0,7,mobile,<Other>,<Other>,<Other>,returning_session,5,5,23,11,0,0,0,0,0,0,0,0,0,0,0,0,0,0,0.0,0,0,0.0,0.0,,,,,,,0.0,,0.0,0.0,0.0,0.0,0.0,0.0
2021-01-02,2021-01,0,7,tablet,google,cpc,<Other>,new_session,10,10,61,23,0,0,0,0,0,0,0,0,0,0,0,0,0,0,0.0,0,0,0.0,0.0,,,,,,,0.0,,0.0,0.0,0.0,0.0,0.0,0.0
2021-01-02,2021-01,0,7,tablet,shop.googlemerchandisestore.com,referral,(referral),returning_session,1,1,4,2,0,0,0,0,0,0,0,0,0,0,0,0,0,0,0.0,0,0,0.0,0.0,,,,,,,0.0,,0.0,0.0,0.0,0.0,0.0,0.0
2021-01-02,2021-01,0,7,mobile,google,cpc,<Other>,returning_session,1,1,2,0,0,0,0,0,0,0,0,0,0,0,0,0,1,0,0.0,0,0,0.0,0.0,,,,,,,100.0,,0.0,0.0,0.0,0.0,0.0,0.0
2021-01-02,2021-01,0,7,tablet,<Other>,organic,(organic),new_session,1,1,18,6,0,0,0,0,0,0,0,0,0,0,0,0,0,0,0.0,0,0,0.0,0.0,,,,,,,0.0,,0.0,0.0,0.0,0.0,0.0,0.0
2021-01-02,2021-01,0,7,mobile,(data deleted),(data deleted),<Other>,returning_session,2,2,7,2,0,0,0,0,0,0,0,0,0,0,0,0,1,0,0.0,0,0,0.0,0.0,,,,,,,50.0,,0.0,0.0,0.0,0.0,0.0,0.0
2021-01-02,2021-01,0,7,mobile,<Other>,organic,(organic),returning_session,3,3,18,8,0,0,0,0,0,0,0,0,0,0,0,0,0,0,0.0,0,0,0.0,0.0,,,,,,,0.0,,0.0,0.0,0.0,0.0,0.0,0.0
2021-01-02,2021-01,0,7,mobile,google,cpc,<Other>,new_session,42,42,370,133,24,7,0,0,0,0,6,1,0,0,1,0,3,0,0.0,0,0,0.0,14.29,16.67,0.0,,0.0,100.0,,7.14,,0.0,0.0,0.0,0.57,0.17,0.0
2021-01-02,2021-01,0,7,desktop,google,cpc,<Other>,returning_session,4,4,30,7,13,0,0,0,0,0,1,0,0,0,0,0,2,0,0.0,0,0,0.0,25.0,0.0,,,0.0,,,50.0,,0.0,0.0,0.0,3.25,0.0,0.0
2021-01-02,2021-01,0,7,desktop,shop.googlemerchandisestore.com,referral,(referral),new_session,63,63,507,190,33,0,0,0,0,0,5,0,0,0,0,0,2,0,0.0,0,0,0.0,7.94,0.0,,,0.0,,,3.17,,0.0,0.0,0.0,0.52,0.0,0.0
2021-01-02,2021-01,0,7,tablet,<Other>,referral,(referral),returning_session,1,1,20,7,3,0,0,0,0,0,1,0,0,0,0,0,0,0,0.0,0,0,0.0,100.0,0.0,,,0.0,,,0.0,,0.0,0.0,0.0,3.0,0.0,0.0
2021-01-02,2021-01,0,7,tablet,<Other>,referral,(referral),new_session,5,5,24,9,1,0,0,0,0,0,1,0,0,0,0,0,1,0,0.0,0,0,0.0,20.0,0.0,,,0.0,,,20.0,,0.0,0.0,0.0,0.2,0.0,0.0
2021-01-02,2021-01,0,7,mobile,(data deleted),(data deleted),(data deleted),returning_session,30,29,233,86,20,0,0,0,0,0,4,0,0,0,0,0,6,0,0.0,0,0,0.0,13.33,0.0,,,0.0,,,20.0,,0.0,0.0,0.0,0.67,0.0,0.0
2021-01-02,2021-01,0,7,mobile,shop.googlemerchandisestore.com,referral,(referral),new_session,32,32,226,88,1,0,0,0,0,0,1,0,0,0,0,0,1,0,0.0,0,0,0.0,3.13,0.0,,,0.0,,,3.13,,0.0,0.0,0.0,0.03,0.0,0.0
2021-01-02,2021-01,0,7,desktop,<Other>,organic,(organic),new_session,43,43,344,127,13,0,0,0,0,0,9,0,0,0,0,0,5,0,0.0,0,0,0.0,20.93,0.0,,,0.0,,,11.63,,0.0,0.0,0.0,0.3,0.0,0.0
2021-01-02,2021-01,0,7,mobile,(data deleted),(data deleted),(data deleted),new_session,2,2,8,2,2,0,0,0,0,0,1,0,0,0,0,0,1,0,0.0,0,0,0.0,50.0,0.0,,,0.0,,,50.0,,0.0,0.0,0.0,1.0,0.0,0.0
2021-01-02,2021-01,0,7,desktop,google,cpc,<Other>,new_session,90,90,539,205,11,0,0,0,0,0,8,0,0,0,0,0,11,0,0.0,0,0,0.0,8.89,0.0,,,0.0,,,12.22,,0.0,0.0,0.0,0.12,0.0,0.0
2021-01-02,2021-01,0,7,tablet,<Other>,<Other>,<Other>,new_session,10,10,77,27,5,0,0,0,0,0,3,0,0,0,0,0,1,0,0.0,0,0,0.0,30.0,0.0,,,0.0,,,10.0,,0.0,0.0,0.0,0.5,0.0,0.0
2021-01-02,2021-01,0,7,mobile,(direct),(none),(direct),returning_session,28,28,228,91,23,0,0,0,0,0,5,0,0,0,0,0,9,0,0.0,0,0,0.0,17.86,0.0,,,0.0,,,32.14,,0.0,0.0,0.0,0.82,0.0,0.0
2021-01-02,2021-01,0,7,mobile,<Other>,organic,(organic),new_session,20,20,162,58,1,0,0,0,0,0,1,0,0,0,0,0,0,0,0.0,0,0,0.0,5.0,0.0,,,0.0,,,0.0,,0.0,0.0,0.0,0.05,0.0,0.0
2021-01-02,2021-01,0,7,desktop,(data deleted),(data deleted),<Other>,returning_session,1,1,4,2,1,0,0,0,0,0,1,0,0,0,0,0,0,0,0.0,0,0,0.0,100.0,0.0,,,0.0,,,0.0,,0.0,0.0,0.0,1.0,0.0,0.0
2021-01-02,2021-01,0,7,desktop,shop.googlemerchandisestore.com,referral,(referral),returning_session,33,31,275,94,20,5,0,0,0,0,6,2,0,0,2,0,13,0,0.0,0,0,0.0,18.18,33.33,0.0,,0.0,100.0,,39.39,,0.0,0.0,0.0,0.61,0.15,0.0
2021-01-02,2021-01,0,7,desktop,<Other>,referral,(referral),returning_session,22,22,197,71,12,0,0,0,0,0,3,0,0,0,0,0,9,0,0.0,0,0,0.0,13.64,0.0,,,0.0,,,40.91,,0.0,0.0,0.0,0.55,0.0,0.0
2021-01-02,2021-01,0,7,tablet,google,organic,(organic),returning_session,4,4,29,11,4,0,0,0,0,0,2,0,0,0,0,0,1,0,0.0,0,0,0.0,50.0,0.0,,,0.0,,,25.0,,0.0,0.0,0.0,1.0,0.0,0.0
2021-01-02,2021-01,0,7,tablet,(direct),(none),(direct),new_session,11,11,59,23,2,0,0,0,0,0,1,0,0,0,0,0,1,0,0.0,0,0,0.0,9.09,0.0,,,0.0,,,9.09,,0.0,0.0,0.0,0.18,0.0,0.0
2021-01-02,2021-01,0,7,desktop,<Other>,referral,(referral),new_session,138,138,1253,445,61,18,0,3,0,0,15,4,1,0,4,1,6,0,0.0,0,0,0.0,10.87,26.67,25.0,0.0,0.0,100.0,100.0,4.35,,0.0,0.0,0.0,0.44,0.13,0.02
2021-01-02,2021-01,0,7,desktop,<Other>,<Other>,<Other>,new_session,246,246,2330,806,148,35,0,15,1,0,41,9,3,0,9,3,9,0,0.0,0,0,0.0,16.67,21.95,33.33,0.0,0.0,100.0,100.0,3.66,,0.0,0.0,0.0,0.6,0.14,0.06
2021-01-02,2021-01,0,7,desktop,(direct),(none),(direct),returning_session,56,55,437,153,35,4,0,6,2,0,11,2,1,0,2,1,19,0,0.0,0,0,0.0,19.64,18.18,50.0,0.0,0.0,100.0,100.0,33.93,,0.0,0.0,0.0,0.63,0.07,0.11
2021-01-02,2021-01,0,7,desktop,(data deleted),(data deleted),(data deleted),returning_session,66,63,895,303,94,28,0,21,2,1,17,4,5,1,3,4,16,1,36.0,4,4,1.52,25.76,23.53,125.0,20.0,5.88,75.0,80.0,24.24,36.0,0.57,0.55,0.02,1.42,0.42,0.32
2021-01-02,2021-01,0,7,desktop,google,organic,(organic),new_session,481,480,3719,1380,149,8,0,14,1,1,64,6,4,1,6,3,26,1,11.0,3,1,0.21,13.31,9.38,66.67,25.0,1.56,100.0,75.0,5.41,11.0,0.02,0.02,0.0,0.31,0.02,0.03
2021-01-02,2021-01,0,7,desktop,(direct),(none),(direct),new_session,340,340,2696,980,158,38,0,12,2,1,50,6,2,1,5,1,18,1,21.0,6,3,0.29,14.71,12.0,33.33,50.0,2.0,83.33,50.0,5.29,21.0,0.06,0.06,0.0,0.46,0.11,0.04
2021-01-02,2021-01,0,7,mobile,google,organic,(organic),new_session,304,304,2379,868,92,10,0,8,1,1,46,5,2,1,4,1,15,1,0.0,0,1,0.33,15.13,10.87,40.0,50.0,2.17,80.0,50.0,4.93,0.0,0.0,0.0,0.0,0.3,0.03,0.03
2021-01-02,2021-01,0,7,mobile,(direct),(none),(direct),new_session,205,205,1883,667,94,20,0,12,2,1,28,7,2,1,6,1,15,1,87.0,27,3,0.49,13.66,25.0,28.57,50.0,3.57,85.71,50.0,7.32,87.0,0.42,0.42,0.0,0.46,0.1,0.06
2021-01-02,2021-01,0,7,mobile,<Other>,<Other>,<Other>,new_session,157,157,1305,482,75,8,0,6,2,1,26,5,2,1,5,1,8,1,48.0,1,1,0.64,16.56,19.23,40.0,50.0,3.85,100.0,50.0,5.1,48.0,0.31,0.31,0.01,0.48,0.05,0.04
2021-01-02,2021-01,0,7,mobile,google,organic,(organic),returning_session,33,31,403,133,43,24,0,7,2,1,8,4,2,1,3,1,8,1,13.0,1,1,3.03,24.24,50.0,50.0,50.0,12.5,75.0,50.0,24.24,13.0,0.42,0.39,0.03,1.3,0.73,0.21
2021-01-02,2021-01,0,7,tablet,google,organic,(organic),new_session,19,19,294,101,22,8,0,6,2,1,5,2,2,1,1,1,0,1,42.0,4,1,5.26,26.32,40.0,100.0,50.0,20.0,50.0,50.0,0.0,42.0,2.21,2.21,0.05,1.16,0.42,0.32
2021-01-02,2021-01,0,7,mobile,<Other>,referral,(referral),new_session,98,98,901,313,51,9,0,15,3,1,15,2,1,1,1,0,4,1,183.0,11,7,1.02,15.31,13.33,50.0,100.0,6.67,50.0,0.0,4.08,183.0,1.87,1.87,0.01,0.52,0.09,0.15
2021-01-02,2021-01,0,7,desktop,google,organic,(organic),returning_session,60,57,1051,367,115,17,0,9,5,2,12,2,2,2,0,0,16,2,225.0,5,4,3.33,20.0,16.67,100.0,100.0,16.67,0.0,0.0,26.67,112.5,3.95,3.75,0.04,1.92,0.28,0.15
2021-01-02,2021-01,0,7,desktop,<Other>,<Other>,<Other>,returning_session,11,11,452,120,74,64,0,3,1,1,5,3,1,1,2,0,4,1,341.0,32,10,9.09,45.45,60.0,33.33,100.0,20.0,66.67,0.0,36.36,341.0,31.0,31.0,0.09,6.73,5.82,0.27
2021-01-02,2021-01,0,7,mobile,<Other>,referral,(referral),returning_session,19,19,101,38,2,0,0,3,1,1,2,0,1,1,0,0,6,1,12.0,6,4,5.26,10.53,0.0,,100.0,50.0,,0.0,31.58,12.0,0.63,0.63,0.05,0.11,0.0,0.16
2021-01-02,2021-01,0,7,mobile,shop.googlemerchandisestore.com,referral,(referral),returning_session,23,23,116,37,1,1,0,3,1,1,1,1,1,1,0,0,12,1,7.0,1,1,4.35,4.35,100.0,100.0,100.0,100.0,0.0,0.0,52.17,7.0,0.3,0.3,0.04,0.04,0.04,0.13
2021-01-07,2021-01,1,5,tablet,<Other>,organic,(organic),returning_session,1,1,3,1,0,0,0,0,0,0,0,0,0,0,0,0,1,0,0.0,0,0,0.0,0.0,,,,,,,100.0,,0.0,0.0,0.0,0.0,0.0,0.0
2021-01-07,2021-01,1,5,desktop,<Other>,(data deleted),(data deleted),returning_session,1,1,2,0,0,0,0,0,0,0,0,0,0,0,0,0,1,0,0.0,0,0,0.0,0.0,,,,,,,100.0,,0.0,0.0,0.0,0.0,0.0,0.0
2021-01-07,2021-01,1,5,tablet,google,organic,(organic),returning_session,7,7,33,12,0,0,0,0,0,0,0,0,0,0,0,0,3,0,0.0,0,0,0.0,0.0,,,,,,,42.86,,0.0,0.0,0.0,0.0,0.0,0.0
2021-01-07,2021-01,1,5,desktop,google,cpc,<Other>,returning_session,4,4,10,5,0,0,0,0,0,0,0,0,0,0,0,0,2,0,0.0,0,0,0.0,0.0,,,,,,,50.0,,0.0,0.0,0.0,0.0,0.0,0.0
2021-01-07,2021-01,1,5,desktop,<Other>,(data deleted),(data deleted),new_session,1,1,3,1,0,0,0,0,0,0,0,0,0,0,0,0,1,0,0.0,0,0,0.0,0.0,,,,,,,100.0,,0.0,0.0,0.0,0.0,0.0,0.0
2021-01-07,2021-01,1,5,desktop,(data deleted),(data deleted),<Other>,returning_session,3,3,18,9,0,0,0,0,0,0,0,0,0,0,0,0,0,0,0.0,0,0,0.0,0.0,,,,,,,0.0,,0.0,0.0,0.0,0.0,0.0,0.0
2021-01-07,2021-01,1,5,mobile,<Other>,(data deleted),(data deleted),new_session,1,1,3,1,0,0,0,0,0,0,0,0,0,0,0,0,1,0,0.0,0,0,0.0,0.0,,,,,,,100.0,,0.0,0.0,0.0,0.0,0.0,0.0
2021-01-07,2021-01,1,5,desktop,<Other>,organic,(organic),returning_session,12,12,112,45,1,0,0,0,0,0,1,0,0,0,0,0,3,0,0.0,0,0,0.0,8.33,0.0,,,0.0,,,25.0,,0.0,0.0,0.0,0.08,0.0,0.0
2021-01-07,2021-01,1,5,desktop,(data deleted),(data deleted),(data deleted),new_session,7,7,67,26,1,0,0,0,0,0,1,0,0,0,0,0,1,0,0.0,0,0,0.0,14.29,0.0,,,0.0,,,14.29,,0.0,0.0,0.0,0.14,0.0,0.0
2021-01-07,2021-01,1,5,tablet,shop.googlemerchandisestore.com,referral,(referral),returning_session,6,6,18,4,1,0,0,0,0,0,1,0,0,0,0,0,4,0,0.0,0,0,0.0,16.67,0.0,,,0.0,,,66.67,,0.0,0.0,0.0,0.17,0.0,0.0
2021-01-07,2021-01,1,5,tablet,shop.googlemerchandisestore.com,referral,(referral),new_session,5,5,31,11,1,0,0,0,0,0,1,0,0,0,0,0,0,0,0.0,0,0,0.0,20.0,0.0,,,0.0,,,0.0,,0.0,0.0,0.0,0.2,0.0,0.0
2021-01-07,2021-01,1,5,tablet,<Other>,<Other>,<Other>,returning_session,3,3,27,10,1,0,0,0,0,0,1,0,0,0,0,0,1,0,0.0,0,0,0.0,33.33,0.0,,,0.0,,,33.33,,0.0,0.0,0.0,0.33,0.0,0.0
2021-01-07,2021-01,1,5,mobile,(data deleted),(data deleted),<Other>,returning_session,1,1,6,2,1,1,0,0,0,0,1,1,0,0,1,0,0,0,0.0,0,0,0.0,100.0,100.0,0.0,,0.0,100.0,,0.0,,0.0,0.0,0.0,1.0,1.0,0.0
2021-01-07,2021-01,1,5,tablet,<Other>,referral,(referral),returning_session,5,5,23,6,2,0,0,0,0,0,1,0,0,0,0,0,3,0,0.0,0,0,0.0,20.0,0.0,,,0.0,,,60.0,,0.0,0.0,0.0,0.4,0.0,0.0
2021-01-07,2021-01,1,5,tablet,(data deleted),(data deleted),(data deleted),returning_session,6,6,68,25,4,0,0,0,0,0,2,0,0,0,0,0,2,0,0.0,0,0,0.0,33.33,0.0,,,0.0,,,33.33,,0.0,0.0,0.0,0.67,0.0,0.0
2021-01-07,2021-01,1,5,tablet,<Other>,referral,(referral),new_session,7,7,59,21,4,0,0,0,0,0,2,0,0,0,0,0,0,0,0.0,0,0,0.0,28.57,0.0,,,0.0,,,0.0,,0.0,0.0,0.0,0.57,0.0,0.0
2021-01-07,2021-01,1,5,tablet,<Other>,<Other>,<Other>,new_session,16,16,144,50,7,1,0,0,0,0,4,1,0,0,1,0,0,0,0.0,0,0,0.0,25.0,25.0,0.0,,0.0,100.0,,0.0,,0.0,0.0,0.0,0.44,0.06,0.0
2021-01-07,2021-01,1,5,tablet,(direct),(none),(direct),returning_session,10,9,128,45,7,3,0,0,0,0,2,1,0,0,1,0,2,0,0.0,0,0,0.0,20.0,50.0,0.0,,0.0,100.0,,20.0,,0.0,0.0,0.0,0.7,0.3,0.0
2021-01-07,2021-01,1,5,mobile,<Other>,organic,(organic),new_session,47,47,398,139,13,4,0,0,0,0,6,1,0,0,1,0,1,0,0.0,0,0,0.0,12.77,16.67,0.0,,0.0,100.0,,2.13,,0.0,0.0,0.0,0.28,0.09,0.0
2021-01-07,2021-01,1,5,desktop,<Other>,<Other>,<Other>,returning_session,28,27,159,50,17,1,0,0,0,0,4,1,0,0,1,0,15,0,0.0,0,0,0.0,14.29,25.0,0.0,,0.0,100.0,,53.57,,0.0,0.0,0.0,0.61,0.04,0.0
2021-01-07,2021-01,1,5,mobile,google,cpc,<Other>,returning_session,8,8,159,49,20,15,0,0,0,0,3,2,0,0,2,0,1,0,0.0,0,0,0.0,37.5,66.67,0.0,,0.0,100.0,,12.5,,0.0,0.0,0.0,2.5,1.88,0.0
2021-01-07,2021-01,1,5,mobile,google,cpc,<Other>,new_session,75,75,698,254,22,4,0,0,0,0,10,3,0,0,3,0,0,0,0.0,0,0,0.0,13.33,30.0,0.0,,0.0,100.0,,0.0,,0.0,0.0,0.0,0.29,0.05,0.0
2021-01-07,2021-01,1,5,tablet,(direct),(none),(direct),new_session,24,24,281,97,23,1,0,0,0,0,6,1,0,0,1,0,0,0,0.0,0,0,0.0,25.0,16.67,0.0,,0.0,100.0,,0.0,,0.0,0.0,0.0,0.96,0.04,0.0
2021-01-07,2021-01,1,5,mobile,<Other>,referral,(referral),returning_session,49,47,304,96,27,8,0,0,0,0,8,2,0,0,2,0,25,0,0.0,0,0,0.0,16.33,25.0,0.0,,0.0,100.0,,51.02,,0.0,0.0,0.0,0.55,0.16,0.0
2021-01-07,2021-01,1,5,desktop,shop.googlemerchandisestore.com,referral,(referral),new_session,97,97,787,283,29,2,0,0,0,0,13,2,0,0,2,0,1,0,0.0,0,0,0.0,13.4,15.38,0.0,,0.0,100.0,,1.03,,0.0,0.0,0.0,0.3,0.02,0.0
2021-01-07,2021-01,1,5,desktop,<Other>,organic,(organic),new_session,67,67,600,207,32,18,0,0,0,0,10,2,0,0,2,0,1,0,0.0,0,0,0.0,14.93,20.0,0.0,,0.0,100.0,,1.49,,0.0,0.0,0.0,0.48,0.27,0.0
2021-01-07,2021-01,1,5,mobile,shop.googlemerchandisestore.com,referral,(referral),new_session,72,72,693,250,34,8,0,0,0,0,10,2,0,0,2,0,1,0,0.0,0,0,0.0,13.89,20.0,0.0,,0.0,100.0,,1.39,,0.0,0.0,0.0,0.47,0.11,0.0
2021-01-07,2021-01,1,5,desktop,google,cpc,<Other>,new_session,114,114,917,329,43,1,0,0,0,0,13,1,0,0,1,0,2,0,0.0,0,0,0.0,11.4,7.69,0.0,,0.0,100.0,,1.75,,0.0,0.0,0.0,0.38,0.01,0.0
2021-01-07,2021-01,1,5,desktop,<Other>,referral,(referral),new_session,155,155,1198,431,51,10,0,0,0,0,17,3,0,0,3,0,8,0,0.0,0,0,0.0,10.97,17.65,0.0,,0.0,100.0,,5.16,,0.0,0.0,0.0,0.33,0.06,0.0
2021-01-07,2021-01,1,5,mobile,<Other>,organic,(organic),returning_session,9,9,103,35,9,0,0,3,1,1,3,0,1,1,0,0,1,1,68.0,2,2,11.11,33.33,0.0,,100.0,33.33,,0.0,11.11,68.0,7.56,7.56,0.11,1.0,0.0,0.33
2021-01-07,2021-01,1,5,mobile,<Other>,<Other>,<Other>,returning_session,23,23,163,49,11,0,0,3,0,0,3,0,1,0,0,1,15,0,0.0,0,0,0.0,13.04,0.0,,0.0,0.0,,100.0,65.22,,0.0,0.0,0.0,0.48,0.0,0.13
2021-01-07,2021-01,1,5,mobile,(data deleted),(data deleted),(data deleted),new_session,5,5,163,43,21,16,0,3,0,0,3,2,1,0,2,1,1,0,0.0,0,0,0.0,60.0,66.67,50.0,0.0,0.0,100.0,100.0,20.0,,0.0,0.0,0.0,4.2,3.2,0.6
2021-01-07,2021-01,1,5,mobile,<Other>,referral,(referral),new_session,133,133,1161,416,43,4,0,3,0,0,18,1,1,0,1,1,8,0,0.0,0,0,0.0,13.53,5.56,100.0,0.0,0.0,100.0,100.0,6.02,,0.0,0.0,0.0,0.32,0.03,0.02
2021-01-07,2021-01,1,5,mobile,<Other>,<Other>,<Other>,new_session,252,252,2138,767,104,19,0,3,0,0,33,6,1,0,6,1,7,0,0.0,0,0,0.0,13.1,18.18,16.67,0.0,0.0,100.0,100.0,2.78,,0.0,0.0,0.0,0.41,0.08,0.01
2021-01-07,2021-01,1,5,tablet,google,organic,(organic),new_session,28,28,369,116,36,7,0,6,4,0,5,1,1,0,1,1,2,0,0.0,0,0,0.0,17.86,20.0,100.0,0.0,0.0,100.0,100.0,7.14,,0.0,0.0,0.0,1.29,0.25,0.21
2021-01-07,2021-01,1,5,mobile,(direct),(none),(direct),returning_session,87,84,675,218,66,15,0,6,1,0,18,7,1,0,7,1,30,0,0.0,0,0,0.0,20.69,38.89,14.29,0.0,0.0,100.0,100.0,34.48,,0.0,0.0,0.0,0.76,0.17,0.07
2021-01-07,2021-01,1,5,tablet,google,cpc,<Other>,new_session,6,6,190,65,19,0,0,9,3,0,4,0,1,0,0,1,0,0,0.0,0,0,0.0,66.67,0.0,,0.0,0.0,,100.0,0.0,,0.0,0.0,0.0,3.17,0.0,1.5
2021-01-07,2021-01,1,5,mobile,shop.googlemerchandisestore.com,referral,(referral),returning_session,68,64,620,217,35,10,0,9,4,0,11,7,3,0,7,3,22,0,0.0,0,0,0.0,16.18,63.64,42.86,0.0,0.0,100.0,100.0,32.35,,0.0,0.0,0.0,0.51,0.15,0.13
2021-01-07,2021-01,1,5,desktop,shop.googlemerchandisestore.com,referral,(referral),returning_session,93,92,945,308,88,29,0,9,1,0,23,10,3,0,10,3,34,0,0.0,0,0,0.0,24.73,43.48,30.0,0.0,0.0,100.0,100.0,36.56,,0.0,0.0,0.0,0.95,0.31,0.1
2021-01-07,2021-01,1,5,desktop,(direct),(none),(direct),returning_session,145,139,1810,608,218,38,0,9,4,3,36,6,3,3,5,0,37,3,175.0,31,9,2.07,24.83,16.67,50.0,100.0,8.33,83.33,0.0,25.52,58.33,1.26,1.21,0.02,1.5,0.26,0.06
2021-01-07,2021-01,1,5,desktop,<Other>,referral,(referral),returning_session,61,59,923,318,90,7,0,15,4,1,19,4,2,1,3,1,13,1,8.0,2,2,1.64,31.15,21.05,50.0,50.0,5.26,75.0,50.0,21.31,8.0,0.14,0.13,0.02,1.48,0.11,0.25
2021-01-07,2021-01,1,5,desktop,google,organic,(organic),new_session,761,761,7035,2499,416,49,0,17,4,3,110,18,3,3,15,0,34,3,86.0,10,11,0.39,14.45,16.36,16.67,100.0,2.73,83.33,0.0,4.47,28.67,0.11,0.11,0.0,0.55,0.06,0.02
2021-01-07,2021-01,1,5,desktop,<Other>,<Other>,<Other>,new_session,359,359,3338,1159,176,70,0,21,2,1,41,16,3,1,15,2,12,1,31.0,4,4,0.28,11.42,39.02,18.75,33.33,2.44,93.75,66.67,3.34,31.0,0.09,0.09,0.0,0.49,0.19,0.06
2021-01-07,2021-01,1,5,desktop,(direct),(none),(direct),new_session,474,474,4183,1464,202,33,0,25,4,3,76,14,3,2,12,1,25,3,36.0,2,3,0.42,16.03,18.42,21.43,66.67,2.63,85.71,33.33,5.27,12.0,0.08,0.08,0.01,0.43,0.07,0.05
2021-01-07,2021-01,1,5,mobile,google,organic,(organic),returning_session,101,97,1230,404,103,17,0,27,4,2,23,6,4,2,6,2,35,2,126.0,3,3,1.98,22.77,26.09,66.67,50.0,8.7,100.0,50.0,34.65,63.0,1.3,1.25,0.02,1.02,0.17,0.27
2021-01-07,2021-01,1,5,mobile,google,organic,(organic),new_session,493,493,4416,1545,243,51,0,27,6,2,72,9,5,2,8,3,20,2,95.0,4,4,0.41,14.6,12.5,55.56,40.0,2.78,88.89,60.0,4.06,47.5,0.19,0.19,0.0,0.49,0.1,0.05
2021-01-07,2021-01,1,5,mobile,(data deleted),(data deleted),(data deleted),returning_session,89,84,1097,347,95,27,0,35,2,1,18,5,4,1,4,3,32,1,50.0,5,5,1.12,20.22,27.78,80.0,25.0,5.56,80.0,75.0,35.96,50.0,0.6,0.56,0.01,1.07,0.3,0.39
2021-01-07,2021-01,1,5,desktop,(data deleted),(data deleted),(data deleted),returning_session,147,140,1587,515,143,26,0,45,10,4,40,9,6,4,7,2,46,4,147.0,5,5,2.72,27.21,22.5,66.67,66.67,10.0,77.78,33.33,31.29,36.75,1.05,1.0,0.03,0.97,0.18,0.31
2021-01-07,2021-01,1,5,mobile,(direct),(none),(direct),new_session,331,331,3250,1126,162,53,0,47,6,2,48,14,6,2,12,4,17,2,170.0,8,6,0.6,14.5,29.17,42.86,33.33,4.17,85.71,66.67,5.14,85.0,0.51,0.51,0.01,0.49,0.16,0.14
2021-01-07,2021-01,1,5,desktop,google,organic,(organic),returning_session,163,155,2017,664,163,41,0,54,9,4,47,17,9,4,14,5,50,4,488.0,17,11,2.45,28.83,36.17,52.94,44.44,8.51,82.35,55.56,30.67,122.0,3.15,2.99,0.03,1.0,0.25,0.33
2020-12-16,2020-12,50,4,tablet,<Other>,referral,(referral),returning_session,6,6,144,39,27,5,0,0,0,0,3,1,0,0,1,0,3,0,0.0,0,0,0.0,50.0,33.33,0.0,,0.0,100.0,,50.0,,0.0,0.0,0.0,4.5,0.83,0.0
2020-12-16,2020-12,50,4,tablet,<Other>,<Other>,<Other>,new_session,24,24,176,51,5,1,0,0,0,0,5,1,0,0,1,0,14,0,0.0,0,0,0.0,20.83,20.0,0.0,,0.0,100.0,,58.33,,0.0,0.0,0.0,0.21,0.04,0.0
2020-12-16,2020-12,50,4,tablet,google,organic,(organic),returning_session,4,4,44,14,7,0,0,0,0,0,2,0,0,0,0,0,2,0,0.0,0,0,0.0,50.0,0.0,,,0.0,,,50.0,,0.0,0.0,0.0,1.75,0.0,0.0
2020-12-16,2020-12,50,4,tablet,<Other>,referral,(referral),new_session,9,9,56,15,0,0,0,0,0,0,0,0,0,0,0,0,6,0,0.0,0,0,0.0,0.0,,,,,,,66.67,,0.0,0.0,0.0,0.0,0.0,0.0
2020-12-16,2020-12,50,4,tablet,shop.googlemerchandisestore.com,referral,(referral),returning_session,8,7,74,25,3,0,0,0,0,0,2,0,0,0,0,0,4,0,0.0,0,0,0.0,25.0,0.0,,,0.0,,,50.0,,0.0,0.0,0.0,0.38,0.0,0.0
2020-12-16,2020-12,50,4,mobile,(data deleted),(data deleted),(data deleted),new_session,2,2,10,4,1,0,0,0,0,0,1,0,0,0,0,0,0,0,0.0,0,0,0.0,50.0,0.0,,,0.0,,,0.0,,0.0,0.0,0.0,0.5,0.0,0.0
2020-12-16,2020-12,50,4,desktop,(data deleted),(data deleted),<Other>,returning_session,4,4,48,10,10,0,0,0,0,0,2,0,0,0,0,0,2,0,0.0,0,0,0.0,50.0,0.0,,,0.0,,,50.0,,0.0,0.0,0.0,2.5,0.0,0.0
2020-12-16,2020-12,50,4,tablet,<Other>,organic,(organic),returning_session,1,1,2,0,0,0,0,0,0,0,0,0,0,0,0,0,1,0,0.0,0,0,0.0,0.0,,,,,,,100.0,,0.0,0.0,0.0,0.0,0.0,0.0
2020-12-16,2020-12,50,4,tablet,google,organic,(organic),new_session,24,24,168,47,8,0,0,0,0,0,1,0,0,0,0,0,16,0,0.0,0,0,0.0,4.17,0.0,,,0.0,,,66.67,,0.0,0.0,0.0,0.33,0.0,0.0
2020-12-16,2020-12,50,4,mobile,<Other>,(data deleted),(data deleted),returning_session,4,4,10,1,0,0,0,0,0,0,0,0,0,0,0,0,4,0,0.0,0,0,0.0,0.0,,,,,,,100.0,,0.0,0.0,0.0,0.0,0.0,0.0
2020-12-16,2020-12,50,4,mobile,<Other>,organic,(organic),returning_session,6,6,140,44,25,2,0,0,0,0,2,1,0,0,1,0,2,0,0.0,0,0,0.0,33.33,50.0,0.0,,0.0,100.0,,33.33,,0.0,0.0,0.0,4.17,0.33,0.0
2020-12-16,2020-12,50,4,mobile,google,cpc,<Other>,new_session,70,70,535,151,15,0,0,0,0,0,8,0,0,0,0,0,44,0,0.0,0,0,0.0,11.43,0.0,,,0.0,,,62.86,,0.0,0.0,0.0,0.21,0.0,0.0
2020-12-16,2020-12,50,4,desktop,<Other>,organic,(organic),new_session,82,82,568,158,23,0,0,0,0,0,11,0,0,0,0,0,54,0,0.0,0,0,0.0,13.41,0.0,,,0.0,,,65.85,,0.0,0.0,0.0,0.28,0.0,0.0
2020-12-16,2020-12,50,4,tablet,(direct),(none),(direct),new_session,19,19,125,34,7,0,0,0,0,0,3,0,0,0,0,0,14,0,0.0,0,0,0.0,15.79,0.0,,,0.0,,,73.68,,0.0,0.0,0.0,0.37,0.0,0.0
2020-12-16,2020-12,50,4,desktop,<Other>,(data deleted),(data deleted),returning_session,1,1,3,0,0,0,0,0,0,0,0,0,0,0,0,0,1,0,0.0,0,0,0.0,0.0,,,,,,,100.0,,0.0,0.0,0.0,0.0,0.0,0.0
2020-12-16,2020-12,50,4,tablet,<Other>,organic,(organic),new_session,2,2,9,2,0,0,0,0,0,0,0,0,0,0,0,0,2,0,0.0,0,0,0.0,0.0,,,,,,,100.0,,0.0,0.0,0.0,0.0,0.0,0.0
2020-12-16,2020-12,50,4,desktop,<Other>,cpc,<Other>,returning_session,1,1,52,12,10,9,0,0,0,0,1,1,0,0,1,0,0,0,0.0,0,0,0.0,100.0,100.0,0.0,,0.0,100.0,,0.0,,0.0,0.0,0.0,10.0,9.0,0.0
2020-12-16,2020-12,50,4,desktop,google,cpc,<Other>,new_session,141,141,1074,295,61,10,0,0,0,0,17,4,0,0,4,0,97,0,0.0,0,0,0.0,12.06,23.53,0.0,,0.0,100.0,,68.79,,0.0,0.0,0.0,0.43,0.07,0.0
2020-12-16,2020-12,50,4,mobile,shop.googlemerchandisestore.com,referral,(referral),new_session,79,79,722,203,48,13,0,2,1,0,14,4,1,0,4,1,48,0,0.0,0,0,0.0,17.72,28.57,25.0,0.0,0.0,100.0,100.0,60.76,,0.0,0.0,0.0,0.61,0.16,0.03
2020-12-16,2020-12,50,4,desktop,<Other>,referral,(referral),new_session,210,210,1980,542,178,63,0,2,0,0,41,11,1,0,11,1,125,0,0.0,0,0,0.0,19.52,26.83,9.09,0.0,0.0,100.0,100.0,59.52,,0.0,0.0,0.0,0.85,0.3,0.01
2020-12-16,2020-12,50,4,tablet,(direct),(none),(direct),returning_session,7,7,161,51,14,1,0,2,1,0,3,1,1,0,1,1,2,0,0.0,0,0,0.0,42.86,33.33,100.0,0.0,0.0,100.0,100.0,28.57,,0.0,0.0,0.0,2.0,0.14,0.29
2020-12-16,2020-12,50,4,tablet,google,cpc,<Other>,returning_session,3,3,74,20,7,3,0,4,2,0,1,1,1,0,1,1,0,0,0.0,0,0,0.0,33.33,100.0,100.0,0.0,0.0,100.0,100.0,0.0,,0.0,0.0,0.0,2.33,1.0,1.33
2020-12-16,2020-12,50,4,tablet,google,cpc,<Other>,new_session,5,5,164,56,14,1,0,4,0,0,1,1,1,0,1,1,4,0,0.0,0,0,0.0,20.0,100.0,100.0,0.0,0.0,100.0,100.0,80.0,,0.0,0.0,0.0,2.8,0.2,0.8
2020-12-16,2020-12,50,4,mobile,<Other>,referral,(referral),new_session,140,140,1292,375,92,5,0,4,2,0,28,2,1,0,2,1,87,0,0.0,0,0,0.0,20.0,7.14,50.0,0.0,0.0,100.0,100.0,62.14,,0.0,0.0,0.0,0.66,0.04,0.03
2020-12-16,2020-12,50,4,mobile,<Other>,<Other>,<Other>,new_session,283,283,2913,823,253,56,0,14,3,2,39,11,5,2,9,3,188,2,227.0,14,13,0.71,13.78,28.21,45.45,40.0,5.13,81.82,60.0,66.43,113.5,0.8,0.8,0.01,0.89,0.2,0.05
2020-12-16,2020-12,50,4,desktop,<Other>,<Other>,<Other>,new_session,386,386,3637,1012,276,88,0,10,3,2,60,12,4,2,10,2,252,2,222.0,39,14,0.52,15.54,20.0,33.33,50.0,3.33,83.33,50.0,65.28,111.0,0.58,0.58,0.01,0.72,0.23,0.03
2020-12-16,2020-12,50,4,desktop,google,organic,(organic),new_session,755,755,7505,2107,655,89,0,34,13,6,157,26,11,6,22,5,468,6,406.0,20,14,0.79,20.79,16.56,42.31,54.55,3.82,84.62,45.45,61.99,67.67,0.54,0.54,0.01,0.87,0.12,0.05
2020-12-16,2020-12,50,4,mobile,google,organic,(organic),new_session,561,561,5037,1395,387,63,0,38,13,7,95,18,11,7,14,4,356,7,413.0,12,10,1.25,16.93,18.95,61.11,63.64,7.37,77.78,36.36,63.46,59.0,0.74,0.74,0.01,0.69,0.11,0.07
2020-12-16,2020-12,50,4,desktop,shop.googlemerchandisestore.com,referral,(referral),new_session,137,137,1120,313,67,21,0,10,3,2,27,3,2,2,2,0,89,2,203.0,3,3,1.46,19.71,11.11,66.67,100.0,7.41,66.67,0.0,64.96,101.5,1.48,1.48,0.01,0.49,0.15,0.07
2020-12-16,2020-12,50,4,desktop,<Other>,<Other>,<Other>,returning_session,44,43,608,188,75,8,0,8,1,1,17,3,2,1,3,1,19,1,70.0,2,2,2.27,38.64,17.65,66.67,50.0,5.88,100.0,50.0,43.18,70.0,1.63,1.59,0.02,1.7,0.18,0.18
2020-12-16,2020-12,50,4,mobile,(direct),(none),(direct),new_session,359,359,3730,1067,261,51,0,30,16,7,62,17,8,7,11,1,223,7,314.0,16,16,1.95,17.27,27.42,47.06,87.5,11.29,64.71,12.5,62.12,44.86,0.87,0.87,0.02,0.73,0.14,0.08
2020-12-16,2020-12,50,4,desktop,(direct),(none),(direct),new_session,538,538,5851,1666,472,134,0,40,19,10,102,26,11,10,20,1,334,10,845.0,37,32,1.86,18.96,25.49,42.31,90.91,9.8,76.92,9.09,62.08,84.5,1.57,1.57,0.02,0.88,0.25,0.07
2020-12-16,2020-12,50,4,mobile,<Other>,organic,(organic),new_session,46,46,671,211,73,0,0,6,3,1,11,0,1,1,0,0,30,1,44.0,1,1,2.17,23.91,0.0,,100.0,9.09,,0.0,65.22,44.0,0.96,0.96,0.02,1.59,0.0,0.13
2020-12-16,2020-12,50,4,mobile,google,organic,(organic),returning_session,156,143,2340,706,248,61,0,30,16,5,42,16,11,5,15,6,82,5,589.0,30,26,3.21,26.92,38.1,68.75,45.45,11.9,93.75,54.55,52.56,117.8,4.12,3.78,0.03,1.59,0.39,0.19
2020-12-16,2020-12,50,4,mobile,(direct),(none),(direct),returning_session,146,132,2676,775,294,83,0,64,24,6,45,20,10,5,15,5,75,6,357.0,15,14,3.42,30.82,44.44,50.0,50.0,11.11,75.0,50.0,51.37,59.5,2.7,2.45,0.05,2.01,0.57,0.44
2020-12-16,2020-12,50,4,desktop,shop.googlemerchandisestore.com,referral,(referral),returning_session,163,154,3147,868,437,156,0,64,30,8,56,22,16,8,16,8,80,8,558.0,28,27,4.91,34.36,39.29,72.73,50.0,14.29,72.73,50.0,49.08,69.75,3.62,3.42,0.05,2.68,0.96,0.39
2020-12-16,2020-12,50,4,desktop,(direct),(none),(direct),returning_session,209,196,3672,1053,419,137,0,64,37,10,56,24,14,10,16,4,112,10,1371.0,213,52,4.78,26.79,42.86,58.33,71.43,17.86,66.67,28.57,53.59,137.1,6.99,6.56,0.05,2.0,0.66,0.31
2020-12-16,2020-12,50,4,mobile,<Other>,referral,(referral),returning_session,58,58,822,237,114,14,0,14,5,3,17,3,4,3,1,1,32,3,263.0,22,14,5.17,29.31,17.65,133.33,75.0,17.65,33.33,25.0,55.17,87.67,4.53,4.53,0.05,1.97,0.24,0.24
2020-12-16,2020-12,50,4,desktop,google,organic,(organic),returning_session,212,198,3579,1016,412,145,0,74,38,14,69,23,13,6,20,7,105,14,1583.0,74,61,2.83,32.55,33.33,56.52,46.15,8.7,86.96,53.85,49.53,113.07,7.99,7.47,0.07,1.94,0.68,0.35
2020-12-16,2020-12,50,4,desktop,(data deleted),(data deleted),(data deleted),returning_session,221,204,3754,1085,431,110,0,96,39,14,57,22,18,12,13,6,126,14,759.0,64,50,5.43,25.79,38.6,81.82,66.67,21.05,59.09,33.33,57.01,54.21,3.72,3.43,0.07,1.95,0.5,0.43
2020-12-16,2020-12,50,4,mobile,(data deleted),(data deleted),(data deleted),returning_session,123,115,2271,697,211,84,0,69,30,8,34,17,12,8,10,4,73,8,571.0,29,27,6.5,27.64,50.0,70.59,66.67,23.53,58.82,33.33,59.35,71.38,4.97,4.64,0.07,1.72,0.68,0.56
2020-12-16,2020-12,50,4,desktop,<Other>,organic,(organic),returning_session,14,14,435,113,69,25,0,2,1,1,5,3,1,1,2,0,5,1,138.0,27,10,7.14,35.71,60.0,33.33,100.0,20.0,66.67,0.0,35.71,138.0,9.86,9.86,0.07,4.93,1.79,0.14
2020-12-16,2020-12,50,4,mobile,<Other>,<Other>,<Other>,returning_session,26,26,575,173,64,31,0,8,3,2,9,4,1,1,3,0,11,2,66.0,6,6,3.85,34.62,44.44,25.0,100.0,11.11,75.0,0.0,42.31,33.0,2.54,2.54,0.08,2.46,1.19,0.31
2020-12-16,2020-12,50,4,mobile,shop.googlemerchandisestore.com,referral,(referral),returning_session,91,87,1652,481,176,73,0,34,19,9,28,16,6,5,11,1,47,9,572.0,51,27,5.49,30.77,57.14,37.5,83.33,17.86,68.75,16.67,51.65,63.56,6.57,6.29,0.1,1.93,0.8,0.37
2020-12-16,2020-12,50,4,desktop,<Other>,referral,(referral),returning_session,109,105,1882,532,204,50,0,56,24,15,33,12,9,6,7,3,57,14,661.0,25,24,5.5,30.28,36.36,75.0,66.67,18.18,58.33,33.33,52.29,47.21,6.3,6.06,0.13,1.87,0.46,0.51
2020-12-16,2020-12,50,4,desktop,(data deleted),(data deleted),(data deleted),new_session,8,8,127,37,14,6,0,2,1,1,2,1,1,1,0,0,4,1,17.0,4,4,12.5,25.0,50.0,100.0,100.0,50.0,0.0,0.0,50.0,17.0,2.13,2.13,0.13,1.75,0.75,0.25
2020-12-16,2020-12,50,4,desktop,google,cpc,<Other>,returning_session,13,13,566,171,77,29,0,14,5,2,5,2,2,2,0,0,5,2,313.0,18,11,15.38,38.46,40.0,100.0,100.0,40.0,0.0,0.0,38.46,156.5,24.08,24.08,0.15,5.92,2.23,1.08
2020-12-16,2020-12,50,4,mobile,google,cpc,<Other>,returning_session,10,10,311,66,62,43,0,8,8,2,4,2,1,1,1,0,5,2,97.0,3,3,10.0,40.0,50.0,50.0,100.0,25.0,50.0,0.0,50.0,48.5,9.7,9.7,0.2,6.2,4.3,0.8
2020-12-16,2020-12,50,4,tablet,(data deleted),(data deleted),(data deleted),returning_session,4,4,95,27,9,1,0,4,5,1,3,1,1,1,0,0,1,1,100.0,3,3,25.0,75.0,33.33,100.0,100.0,33.33,0.0,0.0,25.0,100.0,25.0,25.0,0.25,2.25,0.25,1.0
2020-12-16,2020-12,50,4,mobile,(data deleted),(data deleted),<Other>,returning_session,3,3,310,93,32,1,0,16,5,1,1,1,1,1,0,0,2,1,58.0,4,3,33.33,33.33,100.0,100.0,100.0,100.0,0.0,0.0,66.67,58.0,19.33,19.33,0.33,10.67,0.33,5.33
2020-12-16,2020-12,50,4,tablet,shop.googlemerchandisestore.com,referral,(referral),new_session,1,1,50,14,4,3,0,4,2,1,1,1,1,1,0,0,0,1,60.0,4,2,100.0,100.0,100.0,100.0,100.0,100.0,0.0,0.0,0.0,60.0,60.0,60.0,1.0,4.0,3.0,4.0
2020-11-30,2020-11,48,2,mobile,(data deleted),(data deleted),<Other>,returning_session,1,1,3,1,0,0,0,0,0,0,0,0,0,0,0,0,1,0,0.0,0,0,0.0,0.0,,,,,,,100.0,,0.0,0.0,0.0,0.0,0.0,0.0
2020-11-30,2020-11,48,2,desktop,<Other>,(data deleted),(data deleted),returning_session,1,1,2,0,0,0,0,0,0,0,0,0,0,0,0,0,1,0,0.0,0,0,0.0,0.0,,,,,,,100.0,,0.0,0.0,0.0,0.0,0.0,0.0
2020-11-30,2020-11,48,2,tablet,<Other>,<Other>,<Other>,new_session,10,10,74,23,0,0,0,0,0,0,0,0,0,0,0,0,6,0,0.0,0,0,0.0,0.0,,,,,,,60.0,,0.0,0.0,0.0,0.0,0.0,0.0
2020-11-30,2020-11,48,2,mobile,(data deleted),(data deleted),(data deleted),new_session,4,4,25,8,0,0,0,0,0,0,0,0,0,0,0,0,2,0,0.0,0,0,0.0,0.0,,,,,,,50.0,,0.0,0.0,0.0,0.0,0.0,0.0
2020-11-30,2020-11,48,2,desktop,(data deleted),(data deleted),<Other>,returning_session,1,1,2,0,0,0,0,0,0,0,0,0,0,0,0,0,1,0,0.0,0,0,0.0,0.0,,,,,,,100.0,,0.0,0.0,0.0,0.0,0.0,0.0
2020-11-30,2020-11,48,2,tablet,<Other>,referral,(referral),returning_session,4,4,12,3,0,0,0,0,0,0,0,0,0,0,0,0,4,0,0.0,0,0,0.0,0.0,,,,,,,100.0,,0.0,0.0,0.0,0.0,0.0,0.0
2020-11-30,2020-11,48,2,tablet,<Other>,organic,(organic),returning_session,1,1,6,2,0,0,0,0,0,0,0,0,0,0,0,0,0,0,0.0,0,0,0.0,0.0,,,,,,,0.0,,0.0,0.0,0.0,0.0,0.0,0.0
2020-11-30,2020-11,48,2,desktop,(data deleted),(data deleted),(data deleted),new_session,11,11,42,15,1,0,0,0,0,0,1,0,0,0,0,0,7,0,0.0,0,0,0.0,9.09,0.0,,,0.0,,,63.64,,0.0,0.0,0.0,0.09,0.0,0.0
2020-11-30,2020-11,48,2,tablet,shop.googlemerchandisestore.com,referral,(referral),new_session,2,2,9,2,1,0,0,0,0,0,1,0,0,0,0,0,1,0,0.0,0,0,0.0,50.0,0.0,,,0.0,,,50.0,,0.0,0.0,0.0,0.5,0.0,0.0
2020-11-30,2020-11,48,2,tablet,(direct),(none),(direct),returning_session,7,7,23,6,2,0,0,0,0,0,2,0,0,0,0,0,4,0,0.0,0,0,0.0,28.57,0.0,,,0.0,,,57.14,,0.0,0.0,0.0,0.29,0.0,0.0
2020-11-30,2020-11,48,2,tablet,google,cpc,<Other>,new_session,5,5,38,10,2,0,0,0,0,0,1,0,0,0,0,0,4,0,0.0,0,0,0.0,20.0,0.0,,,0.0,,,80.0,,0.0,0.0,0.0,0.4,0.0,0.0
2020-11-30,2020-11,48,2,tablet,google,organic,(organic),returning_session,8,8,120,35,3,0,0,6,1,0,2,0,1,0,0,1,5,0,0.0,0,0,0.0,25.0,0.0,,0.0,0.0,,100.0,62.5,,0.0,0.0,0.0,0.38,0.0,0.75
2020-11-30,2020-11,48,2,tablet,(data deleted),(data deleted),(data deleted),returning_session,5,5,34,11,3,0,0,0,0,0,2,0,0,0,0,0,1,0,0.0,0,0,0.0,40.0,0.0,,,0.0,,,20.0,,0.0,0.0,0.0,0.6,0.0,0.0
2020-11-30,2020-11,48,2,tablet,(direct),(none),(direct),new_session,13,13,102,29,5,0,0,2,0,0,2,0,1,0,0,1,10,0,0.0,0,0,0.0,15.38,0.0,,0.0,0.0,,100.0,76.92,,0.0,0.0,0.0,0.38,0.0,0.15
2020-11-30,2020-11,48,2,mobile,<Other>,organic,(organic),returning_session,10,10,142,43,11,5,0,0,0,0,3,1,0,0,1,0,4,0,0.0,0,0,0.0,30.0,33.33,0.0,,0.0,100.0,,40.0,,0.0,0.0,0.0,1.1,0.5,0.0
2020-11-30,2020-11,48,2,tablet,google,organic,(organic),new_session,40,40,303,82,12,1,0,0,0,0,5,1,0,0,1,0,25,0,0.0,0,0,0.0,12.5,20.0,0.0,,0.0,100.0,,62.5,,0.0,0.0,0.0,0.3,0.03,0.0
2020-11-30,2020-11,48,2,tablet,shop.googlemerchandisestore.com,referral,(referral),returning_session,4,4,101,33,14,4,0,0,0,0,2,1,0,0,1,0,1,0,0.0,0,0,0.0,50.0,50.0,0.0,,0.0,100.0,,25.0,,0.0,0.0,0.0,3.5,1.0,0.0
2020-11-30,2020-11,48,2,tablet,<Other>,referral,(referral),new_session,5,5,93,25,17,8,0,0,0,0,2,2,0,0,2,0,3,0,0.0,0,0,0.0,40.0,100.0,0.0,,0.0,100.0,,60.0,,0.0,0.0,0.0,3.4,1.6,0.0
2020-11-30,2020-11,48,2,desktop,<Other>,organic,(organic),returning_session,12,12,385,117,55,22,0,4,0,0,6,3,1,0,3,1,2,0,0.0,0,0,0.0,50.0,50.0,33.33,0.0,0.0,100.0,100.0,16.67,,0.0,0.0,0.0,4.58,1.83,0.33
2020-11-30,2020-11,48,2,mobile,google,cpc,<Other>,new_session,85,85,1125,345,100,32,0,2,0,0,16,7,1,0,7,1,48,0,0.0,0,0,0.0,18.82,43.75,14.29,0.0,0.0,100.0,100.0,56.47,,0.0,0.0,0.0,1.18,0.38,0.02
2020-11-30,2020-11,48,2,tablet,<Other>,<Other>,<Other>,returning_session,2,2,208,68,10,5,0,10,7,1,2,2,1,1,1,0,0,1,7.0,1,1,50.0,100.0,100.0,50.0,100.0,50.0,50.0,0.0,0.0,7.0,3.5,3.5,0.5,5.0,2.5,5.0
2020-11-30,2020-11,48,2,mobile,google,cpc,<Other>,returning_session,9,9,179,56,17,2,0,4,2,1,2,1,1,1,0,0,4,1,71.0,1,1,11.11,22.22,50.0,100.0,100.0,50.0,0.0,0.0,44.44,71.0,7.89,7.89,0.11,1.89,0.22,0.44
2020-11-30,2020-11,48,2,mobile,<Other>,(data deleted),(data deleted),returning_session,3,3,123,32,22,6,0,2,4,1,1,1,1,1,0,0,2,1,52.0,4,4,33.33,33.33,100.0,100.0,100.0,100.0,0.0,0.0,66.67,52.0,17.33,17.33,0.33,7.33,2.0,0.67
2020-11-30,2020-11,48,2,mobile,<Other>,organic,(organic),new_session,41,41,492,140,34,5,0,10,2,1,8,2,2,1,2,1,17,1,24.0,1,1,2.44,19.51,25.0,100.0,50.0,12.5,100.0,50.0,41.46,24.0,0.59,0.59,0.02,0.83,0.12,0.24
2020-11-30,2020-11,48,2,desktop,<Other>,<Other>,<Other>,returning_session,57,57,503,143,38,4,0,6,3,1,12,2,1,1,2,0,34,1,22.0,1,1,1.75,21.05,16.67,50.0,100.0,8.33,100.0,0.0,59.65,22.0,0.39,0.39,0.02,0.67,0.07,0.11
2020-11-30,2020-11,48,2,desktop,<Other>,organic,(organic),new_session,72,72,1060,313,96,30,0,4,2,1,22,6,1,1,5,0,30,1,97.0,3,3,1.39,30.56,27.27,16.67,100.0,4.55,83.33,0.0,41.67,97.0,1.35,1.35,0.01,1.33,0.42,0.06
2020-11-30,2020-11,48,2,desktop,google,cpc,<Other>,returning_session,16,16,438,133,44,9,0,6,3,2,9,4,2,2,3,0,4,2,130.0,6,5,12.5,56.25,44.44,50.0,100.0,22.22,75.0,0.0,25.0,65.0,8.13,8.13,0.13,2.75,0.56,0.38
2020-11-30,2020-11,48,2,desktop,shop.googlemerchandisestore.com,referral,(referral),new_session,95,95,1761,593,195,16,0,18,6,2,19,8,6,2,6,4,55,2,123.0,2,2,2.11,20.0,42.11,75.0,33.33,10.53,75.0,66.67,57.89,61.5,1.29,1.29,0.02,2.05,0.17,0.19
2020-11-30,2020-11,48,2,mobile,<Other>,referral,(referral),new_session,121,121,1844,541,214,53,0,16,4,4,28,12,6,2,11,4,56,2,225.0,12,12,1.65,23.14,42.86,50.0,33.33,7.14,91.67,66.67,46.28,112.5,1.86,1.86,0.02,1.77,0.44,0.13
2020-11-30,2020-11,48,2,desktop,<Other>,referral,(referral),new_session,169,169,2460,741,237,49,0,14,3,2,51,18,5,2,16,3,89,2,107.0,15,7,1.18,30.18,35.29,27.78,40.0,3.92,88.89,60.0,52.66,53.5,0.63,0.63,0.01,1.4,0.29,0.08
2020-11-30,2020-11,48,2,mobile,(direct),(none),(direct),returning_session,121,119,1630,496,179,43,0,11,7,3,28,9,4,3,6,1,76,3,514.0,29,20,2.48,23.14,32.14,44.44,75.0,10.71,66.67,25.0,62.81,171.33,4.32,4.25,0.03,1.48,0.36,0.09
2020-11-30,2020-11,48,2,mobile,shop.googlemerchandisestore.com,referral,(referral),new_session,56,56,1289,394,120,21,0,36,11,4,16,6,5,3,3,2,26,4,254.0,11,9,5.36,28.57,37.5,83.33,60.0,18.75,50.0,40.0,46.43,63.5,4.54,4.54,0.07,2.14,0.38,0.64
2020-11-30,2020-11,48,2,desktop,google,cpc,<Other>,new_session,111,111,1776,542,185,41,0,14,7,4,30,11,5,4,7,1,53,4,255.0,21,19,3.6,27.03,36.67,45.45,80.0,13.33,63.64,20.0,47.75,63.75,2.3,2.3,0.04,1.67,0.37,0.13
2020-11-30,2020-11,48,2,desktop,<Other>,<Other>,<Other>,new_session,338,338,4967,1492,560,105,0,44,16,4,96,26,17,4,22,13,166,4,190.0,10,10,1.18,28.4,27.08,65.38,23.53,4.17,84.62,76.47,49.11,47.5,0.56,0.56,0.01,1.66,0.31,0.13
2020-11-30,2020-11,48,2,mobile,<Other>,<Other>,<Other>,returning_session,23,23,559,165,60,28,0,18,9,5,5,2,2,2,0,0,12,5,831.0,29,29,8.7,21.74,40.0,100.0,100.0,40.0,0.0,0.0,52.17,166.2,36.13,36.13,0.22,2.61,1.22,0.78
2020-11-30,2020-11,48,2,mobile,<Other>,referral,(referral),returning_session,57,56,1440,430,144,23,0,22,13,5,26,12,8,5,7,3,21,5,368.0,13,13,8.77,45.61,46.15,66.67,62.5,19.23,58.33,37.5,36.84,73.6,6.57,6.46,0.09,2.53,0.4,0.39
2020-11-30,2020-11,48,2,mobile,(data deleted),(data deleted),(data deleted),returning_session,145,134,2069,591,227,89,0,36,16,5,44,22,9,5,17,4,85,5,500.0,34,26,3.45,30.34,50.0,40.91,55.56,11.36,77.27,44.44,58.62,100.0,3.73,3.45,0.04,1.57,0.61,0.25
2020-11-30,2020-11,48,2,mobile,<Other>,<Other>,<Other>,new_session,209,209,3311,1016,335,35,0,31,13,5,59,18,9,5,14,4,97,5,232.0,18,11,2.39,28.23,30.51,50.0,55.56,8.47,77.78,44.44,46.41,46.4,1.11,1.11,0.02,1.6,0.17,0.15
2020-11-30,2020-11,48,2,mobile,shop.googlemerchandisestore.com,referral,(referral),returning_session,84,82,1286,368,115,23,0,44,13,6,20,8,6,4,4,2,54,6,403.0,21,13,4.76,23.81,40.0,75.0,66.67,20.0,50.0,33.33,64.29,67.17,4.91,4.8,0.07,1.37,0.27,0.52
2020-11-30,2020-11,48,2,desktop,<Other>,referral,(referral),returning_session,102,98,1730,481,178,95,0,46,21,6,27,11,9,6,5,3,60,6,786.0,42,29,5.88,26.47,40.74,81.82,66.67,22.22,45.45,33.33,58.82,131.0,8.02,7.71,0.06,1.75,0.93,0.45
2020-11-30,2020-11,48,2,mobile,(direct),(none),(direct),new_session,270,270,3311,941,292,126,0,41,18,7,66,24,16,7,17,9,143,7,470.0,32,20,2.59,24.44,36.36,66.67,43.75,10.61,70.83,56.25,52.96,67.14,1.74,1.74,0.03,1.08,0.47,0.15
2020-11-30,2020-11,48,2,mobile,google,organic,(organic),returning_session,116,109,2683,785,360,105,0,56,31,7,39,14,11,7,8,4,62,7,577.0,29,22,6.03,33.62,35.9,78.57,63.64,17.95,57.14,36.36,53.45,82.43,5.29,4.97,0.06,3.1,0.91,0.48
2020-11-30,2020-11,48,2,desktop,(direct),(none),(direct),new_session,387,387,6453,1931,619,141,0,69,15,7,105,41,23,7,35,16,192,7,565.0,19,19,1.81,27.13,39.05,56.1,30.43,6.67,85.37,69.57,49.61,80.71,1.46,1.46,0.02,1.6,0.36,0.18
2020-11-30,2020-11,48,2,desktop,(direct),(none),(direct),returning_session,191,181,3071,875,321,97,0,55,18,8,47,18,10,6,12,4,117,8,815.0,33,31,3.14,24.61,38.3,55.56,60.0,12.77,66.67,40.0,61.26,101.88,4.5,4.27,0.04,1.68,0.51,0.29
2020-11-30,2020-11,48,2,desktop,google,organic,(organic),returning_session,194,186,2561,738,257,56,0,62,29,9,46,18,15,9,10,6,112,9,1394.0,57,34,4.64,23.71,39.13,83.33,60.0,19.57,55.56,40.0,57.73,154.89,7.49,7.19,0.05,1.32,0.29,0.32
2020-11-30,2020-11,48,2,desktop,shop.googlemerchandisestore.com,referral,(referral),returning_session,126,121,2395,709,267,72,0,58,27,9,41,15,11,8,9,3,72,9,581.0,32,23,6.35,32.54,36.59,73.33,72.73,19.51,60.0,27.27,57.14,64.56,4.8,4.61,0.07,2.12,0.57,0.46
2020-11-30,2020-11,48,2,desktop,(data deleted),(data deleted),(data deleted),returning_session,173,166,2653,763,249,102,0,56,18,10,37,20,10,8,13,2,114,10,501.0,26,25,4.62,21.39,54.05,50.0,80.0,21.62,65.0,20.0,65.9,50.1,3.02,2.9,0.06,1.44,0.59,0.32
2020-11-30,2020-11,48,2,mobile,google,organic,(organic),new_session,429,429,5668,1679,509,113,0,61,29,10,101,30,16,9,24,7,229,10,763.0,33,26,2.1,23.54,29.7,53.33,56.25,8.91,80.0,43.75,53.38,76.3,1.78,1.78,0.02,1.19,0.26,0.14
2020-11-30,2020-11,48,2,desktop,google,organic,(organic),new_session,637,637,9624,2965,938,164,0,75,18,10,159,51,25,10,42,15,329,10,1087.0,128,65,1.57,24.96,32.08,49.02,40.0,6.29,82.35,60.0,51.65,108.7,1.71,1.71,0.02,1.47,0.26,0.12
2020-11-09,2020-11,45,2,mobile,<Other>,(data deleted),(data deleted),returning_session,3,3,6,0,0,0,0,0,0,0,0,0,0,0,0,0,3,0,0.0,0,0,0.0,0.0,,,,,,,100.0,,0.0,0.0,0.0,0.0,0.0,0.0
2020-11-09,2020-11,45,2,tablet,shop.googlemerchandisestore.com,referral,(referral),new_session,4,4,22,6,0,0,0,0,0,0,0,0,0,0,0,0,2,0,0.0,0,0,0.0,0.0,,,,,,,50.0,,0.0,0.0,0.0,0.0,0.0,0.0
2020-11-09,2020-11,45,2,tablet,<Other>,organic,(organic),returning_session,1,1,4,1,0,0,0,0,0,0,0,0,0,0,0,0,1,0,0.0,0,0,0.0,0.0,,,,,,,100.0,,0.0,0.0,0.0,0.0,0.0,0.0
2020-11-09,2020-11,45,2,desktop,<Other>,(data deleted),(data deleted),returning_session,4,4,17,5,0,0,0,0,0,0,0,0,0,0,0,0,2,0,0.0,0,0,0.0,0.0,,,,,,,50.0,,0.0,0.0,0.0,0.0,0.0,0.0
2020-11-09,2020-11,45,2,desktop,(data deleted),(data deleted),(data deleted),new_session,2,2,12,4,0,0,0,0,0,0,0,0,0,0,0,0,0,0,0.0,0,0,0.0,0.0,,,,,,,0.0,,0.0,0.0,0.0,0.0,0.0,0.0
2020-11-09,2020-11,45,2,tablet,(data deleted),(data deleted),(data deleted),returning_session,9,9,24,5,0,0,0,0,0,0,0,0,0,0,0,0,9,0,0.0,0,0,0.0,0.0,,,,,,,100.0,,0.0,0.0,0.0,0.0,0.0,0.0
2020-11-09,2020-11,45,2,mobile,(data deleted),(data deleted),<Other>,returning_session,3,3,7,1,0,0,0,0,0,0,0,0,0,0,0,0,3,0,0.0,0,0,0.0,0.0,,,,,,,100.0,,0.0,0.0,0.0,0.0,0.0,0.0
2020-11-09,2020-11,45,2,tablet,google,organic,(organic),returning_session,5,5,13,3,0,0,0,0,0,0,0,0,0,0,0,0,5,0,0.0,0,0,0.0,0.0,,,,,,,100.0,,0.0,0.0,0.0,0.0,0.0,0.0
2020-11-09,2020-11,45,2,desktop,(data deleted),(data deleted),<Other>,returning_session,3,3,6,0,0,0,0,0,0,0,0,0,0,0,0,0,3,0,0.0,0,0,0.0,0.0,,,,,,,100.0,,0.0,0.0,0.0,0.0,0.0,0.0
2020-11-09,2020-11,45,2,tablet,shop.googlemerchandisestore.com,referral,(referral),returning_session,6,5,26,8,0,0,0,0,0,0,0,0,0,0,0,0,5,0,0.0,0,0,0.0,0.0,,,,,,,83.33,,0.0,0.0,0.0,0.0,0.0,0.0
2020-11-09,2020-11,45,2,tablet,google,cpc,<Other>,new_session,2,2,13,3,0,0,0,0,0,0,0,0,0,0,0,0,1,0,0.0,0,0,0.0,0.0,,,,,,,50.0,,0.0,0.0,0.0,0.0,0.0,0.0
2020-11-09,2020-11,45,2,tablet,<Other>,(data deleted),(data deleted),returning_session,1,1,2,0,0,0,0,0,0,0,0,0,0,0,0,0,1,0,0.0,0,0,0.0,0.0,,,,,,,100.0,,0.0,0.0,0.0,0.0,0.0,0.0
2020-11-09,2020-11,45,2,tablet,<Other>,referral,(referral),new_session,1,1,8,2,0,0,0,0,0,0,0,0,0,0,0,0,0,0,0.0,0,0,0.0,0.0,,,,,,,0.0,,0.0,0.0,0.0,0.0,0.0,0.0
2020-11-09,2020-11,45,2,mobile,<Other>,referral,(referral),returning_session,45,45,404,117,55,0,0,0,0,0,15,0,0,0,0,0,25,0,0.0,0,0,0.0,33.33,0.0,,,0.0,,,55.56,,0.0,0.0,0.0,1.22,0.0,0.0
2020-11-09,2020-11,45,2,mobile,<Other>,organic,(organic),returning_session,6,6,46,13,4,0,0,0,0,0,1,0,0,0,0,0,4,0,0.0,0,0,0.0,16.67,0.0,,,0.0,,,66.67,,0.0,0.0,0.0,0.67,0.0,0.0
2020-11-09,2020-11,45,2,tablet,(direct),(none),(direct),new_session,13,13,132,39,13,0,0,0,0,0,3,0,0,0,0,0,7,0,0.0,0,0,0.0,23.08,0.0,,,0.0,,,53.85,,0.0,0.0,0.0,1.0,0.0,0.0
2020-11-09,2020-11,45,2,tablet,(direct),(none),(direct),returning_session,5,5,35,9,1,0,0,0,0,0,1,0,0,0,0,0,4,0,0.0,0,0,0.0,20.0,0.0,,,0.0,,,80.0,,0.0,0.0,0.0,0.2,0.0,0.0
2020-11-09,2020-11,45,2,mobile,google,cpc,<Other>,returning_session,4,4,137,47,28,0,0,0,0,0,1,0,0,0,0,0,2,0,0.0,0,0,0.0,25.0,0.0,,,0.0,,,50.0,,0.0,0.0,0.0,7.0,0.0,0.0
2020-11-09,2020-11,45,2,mobile,google,cpc,<Other>,new_session,38,38,420,123,35,0,0,0,0,0,7,0,0,0,0,0,21,0,0.0,0,0,0.0,18.42,0.0,,,0.0,,,55.26,,0.0,0.0,0.0,0.92,0.0,0.0
2020-11-09,2020-11,45,2,tablet,<Other>,organic,(organic),new_session,4,4,46,14,7,0,0,0,0,0,3,0,0,0,0,0,1,0,0.0,0,0,0.0,75.0,0.0,,,0.0,,,25.0,,0.0,0.0,0.0,1.75,0.0,0.0
2020-11-09,2020-11,45,2,desktop,<Other>,organic,(organic),returning_session,14,14,80,24,2,0,0,0,0,0,2,0,0,0,0,0,8,0,0.0,0,0,0.0,14.29,0.0,,,0.0,,,57.14,,0.0,0.0,0.0,0.14,0.0,0.0
2020-11-09,2020-11,45,2,desktop,google,cpc,<Other>,returning_session,6,6,164,48,35,0,0,0,0,0,3,0,0,0,0,0,2,0,0.0,0,0,0.0,50.0,0.0,,,0.0,,,33.33,,0.0,0.0,0.0,5.83,0.0,0.0
2020-11-09,2020-11,45,2,tablet,<Other>,<Other>,<Other>,returning_session,3,3,16,4,4,0,0,0,0,0,2,0,0,0,0,0,1,0,0.0,0,0,0.0,66.67,0.0,,,0.0,,,33.33,,0.0,0.0,0.0,1.33,0.0,0.0
2020-11-09,2020-11,45,2,tablet,<Other>,<Other>,<Other>,new_session,6,6,60,19,1,0,0,0,0,0,1,0,0,0,0,0,2,0,0.0,0,0,0.0,16.67,0.0,,,0.0,,,33.33,,0.0,0.0,0.0,0.17,0.0,0.0
2020-11-09,2020-11,45,2,tablet,google,organic,(organic),new_session,30,30,183,51,2,0,0,0,0,0,2,0,0,0,0,0,19,0,0.0,0,0,0.0,6.67,0.0,,,0.0,,,63.33,,0.0,0.0,0.0,0.07,0.0,0.0
2020-11-09,2020-11,45,2,tablet,<Other>,referral,(referral),returning_session,3,3,17,5,2,0,0,0,0,0,1,0,0,0,0,0,2,0,0.0,0,0,0.0,33.33,0.0,,,0.0,,,66.67,,0.0,0.0,0.0,0.67,0.0,0.0
2020-11-09,2020-11,45,2,desktop,google,cpc,<Other>,new_session,73,73,1071,362,98,0,0,4,2,0,16,0,4,0,0,4,36,0,0.0,0,0,0.0,21.92,0.0,,0.0,0.0,,100.0,49.32,,0.0,0.0,0.0,1.34,0.0,0.05
2020-11-09,2020-11,45,2,mobile,shop.googlemerchandisestore.com,referral,(referral),new_session,43,43,1081,367,166,0,0,3,0,0,13,0,3,0,0,3,21,0,0.0,0,0,0.0,30.23,0.0,,0.0,0.0,,100.0,48.84,,0.0,0.0,0.0,3.86,0.0,0.07
2020-11-09,2020-11,45,2,mobile,<Other>,organic,(organic),new_session,24,24,589,202,86,0,0,1,0,0,8,0,1,0,0,1,15,0,0.0,0,0,0.0,33.33,0.0,,0.0,0.0,,100.0,62.5,,0.0,0.0,0.0,3.58,0.0,0.04
2020-11-09,2020-11,45,2,desktop,shop.googlemerchandisestore.com,referral,(referral),new_session,55,55,848,273,92,0,0,5,1,0,11,0,3,0,0,3,23,0,0.0,0,0,0.0,20.0,0.0,,0.0,0.0,,100.0,41.82,,0.0,0.0,0.0,1.67,0.0,0.09
2020-11-09,2020-11,45,2,mobile,(direct),(none),(direct),new_session,189,189,3225,1067,371,0,0,12,2,0,49,0,10,0,0,10,92,0,0.0,0,0,0.0,25.93,0.0,,0.0,0.0,,100.0,48.68,,0.0,0.0,0.0,1.96,0.0,0.06
2020-11-09,2020-11,45,2,mobile,<Other>,referral,(referral),new_session,70,70,829,245,60,0,0,8,2,0,19,0,4,0,0,4,33,0,0.0,0,0,0.0,27.14,0.0,,0.0,0.0,,100.0,47.14,,0.0,0.0,0.0,0.86,0.0,0.11
2020-11-09,2020-11,45,2,desktop,(direct),(none),(direct),new_session,317,317,4841,1569,485,0,0,22,9,2,76,0,16,2,0,14,144,2,71.0,2,2,0.63,23.97,0.0,,12.5,2.63,,87.5,45.43,35.5,0.22,0.22,0.01,1.53,0.0,0.07
2020-11-09,2020-11,45,2,mobile,google,organic,(organic),new_session,286,286,4552,1434,432,0,0,27,15,3,72,0,13,2,0,11,134,2,118.0,27,5,0.7,25.17,0.0,,15.38,2.78,,84.62,46.85,59.0,0.41,0.41,0.01,1.51,0.0,0.09
2020-11-09,2020-11,45,2,desktop,google,organic,(organic),returning_session,140,135,1703,511,153,0,0,9,6,2,33,0,5,1,0,4,85,1,66.0,3,3,0.71,23.57,0.0,,20.0,3.03,,80.0,60.71,66.0,0.49,0.47,0.01,1.09,0.0,0.06
2020-11-09,2020-11,45,2,desktop,<Other>,<Other>,<Other>,new_session,221,221,3179,978,350,0,0,11,5,2,61,0,10,2,0,8,101,2,59.0,7,7,0.9,27.6,0.0,,20.0,3.28,,80.0,45.7,29.5,0.27,0.27,0.01,1.58,0.0,0.05
2020-11-09,2020-11,45,2,desktop,google,organic,(organic),new_session,419,419,5378,1634,436,0,0,21,10,4,101,0,14,4,0,10,218,4,200.0,21,15,0.95,24.11,0.0,,28.57,3.96,,71.43,52.03,50.0,0.48,0.48,0.01,1.04,0.0,0.05
2020-11-09,2020-11,45,2,mobile,<Other>,<Other>,<Other>,new_session,168,168,1839,532,142,0,0,8,2,1,41,0,3,1,0,2,81,1,34.0,2,2,0.6,24.4,0.0,,33.33,2.44,,66.67,48.21,34.0,0.2,0.2,0.01,0.85,0.0,0.05
2020-11-09,2020-11,45,2,desktop,(data deleted),(data deleted),(data deleted),returning_session,140,136,1984,662,158,0,0,15,17,6,30,0,8,3,0,5,77,3,141.0,7,7,2.14,21.43,0.0,,37.5,10.0,,62.5,55.0,47.0,1.04,1.01,0.02,1.13,0.0,0.11
2020-11-09,2020-11,45,2,desktop,<Other>,referral,(referral),new_session,113,113,1351,414,126,0,0,2,2,1,26,0,2,1,0,1,62,1,46.0,1,1,0.88,23.01,0.0,,50.0,3.85,,50.0,54.87,46.0,0.41,0.41,0.01,1.12,0.0,0.02
2020-11-09,2020-11,45,2,desktop,(direct),(none),(direct),returning_session,157,148,1928,590,182,0,0,14,13,6,40,0,8,4,0,4,90,4,112.0,14,11,2.55,25.48,0.0,,50.0,10.0,,50.0,57.32,28.0,0.76,0.71,0.03,1.16,0.0,0.09
2020-11-09,2020-11,45,2,desktop,<Other>,referral,(referral),returning_session,65,65,1030,306,114,0,0,5,6,2,15,0,4,2,0,2,39,2,148.0,7,6,3.08,23.08,0.0,,50.0,13.33,,50.0,60.0,74.0,2.28,2.28,0.03,1.75,0.0,0.08
2020-11-09,2020-11,45,2,mobile,(direct),(none),(direct),returning_session,116,109,1622,524,152,0,0,13,11,5,32,0,8,5,0,3,63,5,168.0,14,13,4.31,27.59,0.0,,62.5,15.63,,37.5,54.31,33.6,1.54,1.45,0.05,1.31,0.0,0.11
2020-11-09,2020-11,45,2,desktop,shop.googlemerchandisestore.com,referral,(referral),returning_session,95,94,1099,342,113,0,0,4,5,2,25,0,3,2,0,1,54,2,174.0,4,4,2.11,26.32,0.0,,66.67,8.0,,33.33,56.84,87.0,1.85,1.83,0.02,1.19,0.0,0.04
2020-11-09,2020-11,45,2,mobile,google,organic,(organic),returning_session,106,102,1409,439,116,0,0,6,15,3,22,0,4,3,0,1,65,3,291.0,9,6,2.83,20.75,0.0,,75.0,13.64,,25.0,61.32,97.0,2.85,2.75,0.03,1.09,0.0,0.06
2020-11-09,2020-11,45,2,mobile,(data deleted),(data deleted),(data deleted),returning_session,83,81,993,297,123,0,0,9,11,6,15,0,4,3,0,1,58,3,167.0,20,19,3.61,18.07,0.0,,75.0,20.0,,25.0,69.88,55.67,2.06,2.01,0.04,1.48,0.0,0.11
2020-11-09,2020-11,45,2,desktop,<Other>,organic,(organic),new_session,42,42,442,129,28,0,0,1,1,1,8,0,1,1,0,0,23,1,98.0,3,3,2.38,19.05,0.0,,100.0,12.5,,0.0,54.76,98.0,2.33,2.33,0.02,0.67,0.0,0.02
2020-11-09,2020-11,45,2,mobile,shop.googlemerchandisestore.com,referral,(referral),returning_session,70,68,1014,314,120,0,0,3,6,3,19,0,3,3,0,0,42,3,156.0,8,7,4.29,27.14,0.0,,100.0,15.79,,0.0,60.0,52.0,2.29,2.23,0.04,1.71,0.0,0.04
2020-11-09,2020-11,45,2,desktop,<Other>,<Other>,<Other>,returning_session,38,37,420,126,48,0,0,5,5,2,8,0,2,2,0,0,23,2,64.0,3,3,5.26,21.05,0.0,,100.0,25.0,,0.0,60.53,32.0,1.73,1.68,0.05,1.26,0.0,0.13
2020-11-09,2020-11,45,2,mobile,<Other>,<Other>,<Other>,returning_session,20,20,306,92,40,0,0,2,3,2,7,0,2,2,0,0,12,2,68.0,5,5,10.0,35.0,0.0,,100.0,28.57,,0.0,60.0,34.0,3.4,3.4,0.1,2.0,0.0,0.1
2021-01-27,2021-01,4,4,tablet,(data deleted),(data deleted),(data deleted),returning_session,7,7,41,12,4,0,0,0,0,0,1,0,0,0,0,0,4,0,0.0,0,0,0.0,14.29,0.0,,,0.0,,,57.14,,0.0,0.0,0.0,0.57,0.0,0.0
2021-01-27,2021-01,4,4,tablet,(direct),(none),(direct),new_session,20,20,178,67,7,1,0,0,0,0,3,1,0,0,1,0,1,0,0.0,0,0,0.0,15.0,33.33,0.0,,0.0,100.0,,5.0,,0.0,0.0,0.0,0.35,0.05,0.0
2021-01-27,2021-01,4,4,mobile,(data deleted),(data deleted),<Other>,returning_session,4,4,21,6,2,0,0,0,0,0,1,0,0,0,0,0,2,0,0.0,0,0,0.0,25.0,0.0,,,0.0,,,50.0,,0.0,0.0,0.0,0.5,0.0,0.0
2021-01-27,2021-01,4,4,tablet,<Other>,referral,(referral),new_session,8,8,54,20,2,0,0,0,0,0,2,0,0,0,0,0,0,0,0.0,0,0,0.0,25.0,0.0,,,0.0,,,0.0,,0.0,0.0,0.0,0.25,0.0,0.0
2021-01-27,2021-01,4,4,tablet,<Other>,organic,(organic),new_session,2,2,13,6,0,0,0,0,0,0,0,0,0,0,0,0,0,0,0.0,0,0,0.0,0.0,,,,,,,0.0,,0.0,0.0,0.0,0.0,0.0,0.0
2021-01-27,2021-01,4,4,tablet,<Other>,<Other>,<Other>,returning_session,2,2,36,12,2,0,0,0,0,0,1,0,0,0,0,0,1,0,0.0,0,0,0.0,50.0,0.0,,,0.0,,,50.0,,0.0,0.0,0.0,1.0,0.0,0.0
2021-01-27,2021-01,4,4,desktop,<Other>,(data deleted),(data deleted),new_session,1,1,4,2,1,0,0,0,0,0,1,0,0,0,0,0,0,0,0.0,0,0,0.0,100.0,0.0,,,0.0,,,0.0,,0.0,0.0,0.0,1.0,0.0,0.0
2021-01-27,2021-01,4,4,mobile,<Other>,(data deleted),(data deleted),new_session,1,1,18,7,1,0,0,0,0,0,1,0,0,0,0,0,0,0,0.0,0,0,0.0,100.0,0.0,,,0.0,,,0.0,,0.0,0.0,0.0,1.0,0.0,0.0
2021-01-27,2021-01,4,4,tablet,shop.googlemerchandisestore.com,referral,(referral),returning_session,2,2,30,10,5,0,0,0,0,0,2,0,0,0,0,0,0,0,0.0,0,0,0.0,100.0,0.0,,,0.0,,,0.0,,0.0,0.0,0.0,2.5,0.0,0.0
2021-01-27,2021-01,4,4,desktop,<Other>,(data deleted),(data deleted),returning_session,5,5,30,9,3,0,0,0,0,0,1,0,0,0,0,0,3,0,0.0,0,0,0.0,20.0,0.0,,,0.0,,,60.0,,0.0,0.0,0.0,0.6,0.0,0.0
2021-01-27,2021-01,4,4,tablet,(direct),(none),(direct),returning_session,2,2,7,3,1,0,0,0,0,0,1,0,0,0,0,0,0,0,0.0,0,0,0.0,50.0,0.0,,,0.0,,,0.0,,0.0,0.0,0.0,0.5,0.0,0.0
2021-01-27,2021-01,4,4,mobile,<Other>,(data deleted),(data deleted),returning_session,1,1,5,2,0,0,0,0,0,0,0,0,0,0,0,0,0,0,0.0,0,0,0.0,0.0,,,,,,,0.0,,0.0,0.0,0.0,0.0,0.0,0.0
2021-01-27,2021-01,4,4,mobile,google,cpc,<Other>,new_session,62,62,580,209,39,5,0,0,0,0,20,3,0,0,3,0,6,0,0.0,0,0,0.0,32.26,15.0,0.0,,0.0,100.0,,9.68,,0.0,0.0,0.0,0.63,0.08,0.0
2021-01-27,2021-01,4,4,desktop,google,cpc,<Other>,returning_session,10,10,143,44,20,9,0,0,0,0,1,1,0,0,1,0,4,0,0.0,0,0,0.0,10.0,100.0,0.0,,0.0,100.0,,40.0,,0.0,0.0,0.0,2.0,0.9,0.0
2021-01-27,2021-01,4,4,tablet,<Other>,<Other>,<Other>,new_session,5,5,31,11,2,0,0,0,0,0,2,0,0,0,0,0,0,0,0.0,0,0,0.0,40.0,0.0,,,0.0,,,0.0,,0.0,0.0,0.0,0.4,0.0,0.0
2021-01-27,2021-01,4,4,mobile,(data deleted),(data deleted),(data deleted),new_session,22,22,244,84,34,3,0,0,0,0,15,2,0,0,2,0,4,0,0.0,0,0,0.0,68.18,13.33,0.0,,0.0,100.0,,18.18,,0.0,0.0,0.0,1.55,0.14,0.0
2021-01-27,2021-01,4,4,desktop,<Other>,referral,(referral),new_session,180,180,1691,613,151,6,0,0,0,0,52,5,0,0,5,0,8,0,0.0,0,0,0.0,28.89,9.62,0.0,,0.0,100.0,,4.44,,0.0,0.0,0.0,0.84,0.03,0.0
2021-01-27,2021-01,4,4,mobile,<Other>,organic,(organic),returning_session,8,8,34,14,1,0,0,0,0,0,1,0,0,0,0,0,3,0,0.0,0,0,0.0,12.5,0.0,,,0.0,,,37.5,,0.0,0.0,0.0,0.13,0.0,0.0
2021-01-27,2021-01,4,4,tablet,<Other>,referral,(referral),returning_session,3,3,24,8,4,0,0,0,0,0,1,0,0,0,0,0,1,0,0.0,0,0,0.0,33.33,0.0,,,0.0,,,33.33,,0.0,0.0,0.0,1.33,0.0,0.0
2021-01-27,2021-01,4,4,desktop,(data deleted),(data deleted),<Other>,returning_session,4,4,56,21,4,0,0,0,0,0,1,0,0,0,0,0,1,0,0.0,0,0,0.0,25.0,0.0,,,0.0,,,25.0,,0.0,0.0,0.0,1.0,0.0,0.0
2021-01-27,2021-01,4,4,tablet,google,organic,(organic),returning_session,8,8,84,26,11,2,0,0,0,0,2,1,0,0,1,0,4,0,0.0,0,0,0.0,25.0,50.0,0.0,,0.0,100.0,,50.0,,0.0,0.0,0.0,1.38,0.25,0.0
2021-01-27,2021-01,4,4,tablet,google,organic,(organic),new_session,33,33,299,106,17,5,0,0,0,0,5,2,0,0,2,0,2,0,0.0,0,0,0.0,15.15,40.0,0.0,,0.0,100.0,,6.06,,0.0,0.0,0.0,0.52,0.15,0.0
2021-01-27,2021-01,4,4,mobile,google,cpc,<Other>,returning_session,7,7,27,12,2,0,0,0,0,0,1,0,0,0,0,0,2,0,0.0,0,0,0.0,14.29,0.0,,,0.0,,,28.57,,0.0,0.0,0.0,0.29,0.0,0.0
2021-01-27,2021-01,4,4,desktop,<Other>,organic,(organic),returning_session,11,11,162,55,10,4,0,6,1,0,2,1,1,0,1,1,3,0,0.0,0,0,0.0,18.18,50.0,100.0,0.0,0.0,100.0,100.0,27.27,,0.0,0.0,0.0,0.91,0.36,0.55
2021-01-27,2021-01,4,4,desktop,shop.googlemerchandisestore.com,referral,(referral),new_session,105,105,932,328,74,2,0,6,2,0,27,2,2,0,2,2,8,0,0.0,0,0,0.0,25.71,7.41,100.0,0.0,0.0,100.0,100.0,7.62,,0.0,0.0,0.0,0.7,0.02,0.06
2021-01-27,2021-01,4,4,tablet,google,cpc,<Other>,new_session,4,4,92,25,13,2,0,2,0,0,2,1,1,0,1,1,0,0,0.0,0,0,0.0,50.0,50.0,100.0,0.0,0.0,100.0,100.0,0.0,,0.0,0.0,0.0,3.25,0.5,0.5
2021-01-27,2021-01,4,4,desktop,(data deleted),(data deleted),(data deleted),new_session,31,31,237,88,36,5,0,2,1,0,20,4,1,0,4,1,6,0,0.0,0,0,0.0,64.52,20.0,25.0,0.0,0.0,100.0,100.0,19.35,,0.0,0.0,0.0,1.16,0.16,0.06
2021-01-27,2021-01,4,4,desktop,<Other>,<Other>,<Other>,returning_session,46,46,532,185,58,10,0,5,0,0,13,5,1,0,5,1,18,0,0.0,0,0,0.0,28.26,38.46,20.0,0.0,0.0,100.0,100.0,39.13,,0.0,0.0,0.0,1.26,0.22,0.11
2021-01-27,2021-01,4,4,mobile,google,organic,(organic),new_session,439,439,4078,1453,307,18,0,8,1,0,114,13,3,0,13,3,11,0,0.0,0,0,0.0,25.97,11.4,23.08,0.0,0.0,100.0,100.0,2.51,,0.0,0.0,0.0,0.7,0.04,0.02
2021-01-27,2021-01,4,4,desktop,google,organic,(organic),returning_session,172,161,1898,646,160,25,0,31,3,1,55,11,6,1,11,5,53,1,16.0,1,1,0.58,31.98,20.0,54.55,16.67,1.82,100.0,83.33,30.81,16.0,0.1,0.09,0.01,0.93,0.15,0.18
2021-01-27,2021-01,4,4,desktop,shop.googlemerchandisestore.com,referral,(referral),returning_session,115,108,1181,407,84,15,0,7,6,1,16,8,3,1,8,2,34,1,0.0,0,1,0.87,13.91,50.0,37.5,33.33,6.25,100.0,66.67,29.57,0.0,0.0,0.0,0.01,0.73,0.13,0.06
2021-01-27,2021-01,4,4,desktop,<Other>,referral,(referral),returning_session,85,83,974,343,85,25,0,10,4,1,25,8,2,1,7,1,19,1,0.0,0,1,1.18,29.41,32.0,25.0,50.0,4.0,87.5,50.0,22.35,0.0,0.0,0.0,0.01,1.0,0.29,0.12
2021-01-27,2021-01,4,4,desktop,<Other>,organic,(organic),new_session,65,65,701,229,64,18,0,6,1,1,21,5,2,1,4,1,7,1,0.0,0,1,1.54,32.31,23.81,40.0,50.0,4.76,80.0,50.0,10.77,0.0,0.0,0.0,0.02,0.98,0.28,0.09
2021-01-27,2021-01,4,4,desktop,google,cpc,<Other>,new_session,100,100,947,344,61,8,0,2,1,1,17,2,1,1,1,0,8,1,0.0,0,1,1.0,17.0,11.76,50.0,100.0,5.88,50.0,0.0,8.0,0.0,0.0,0.0,0.01,0.61,0.08,0.02
2021-01-27,2021-01,4,4,tablet,shop.googlemerchandisestore.com,referral,(referral),new_session,6,6,61,20,7,0,0,2,1,1,2,0,1,1,0,0,2,1,0.0,0,1,16.67,33.33,0.0,,100.0,50.0,,0.0,33.33,0.0,0.0,0.0,0.17,1.17,0.0,0.33
2021-01-27,2021-01,4,4,desktop,<Other>,<Other>,<Other>,new_session,322,322,3276,1166,194,27,0,30,10,2,81,10,7,1,10,6,19,2,16.0,1,2,0.31,25.16,12.35,70.0,14.29,1.23,100.0,85.71,5.9,8.0,0.05,0.05,0.01,0.6,0.08,0.09
2021-01-27,2021-01,4,4,desktop,(data deleted),(data deleted),(data deleted),returning_session,184,174,2041,708,141,22,0,46,11,2,52,11,9,2,10,7,56,2,0.0,0,2,1.09,28.26,21.15,81.82,22.22,3.85,90.91,77.78,30.43,0.0,0.0,0.0,0.01,0.77,0.12,0.25
2021-01-27,2021-01,4,4,mobile,(direct),(none),(direct),new_session,288,288,3233,1161,205,46,0,45,14,2,71,15,8,2,13,6,10,2,0.0,0,2,0.69,24.65,21.13,53.33,25.0,2.82,86.67,75.0,3.47,0.0,0.0,0.0,0.01,0.71,0.16,0.16
2021-01-27,2021-01,4,4,mobile,<Other>,organic,(organic),new_session,50,50,617,205,45,7,0,15,2,2,10,2,3,1,1,2,3,2,17.0,2,2,2.0,20.0,20.0,150.0,33.33,10.0,50.0,66.67,6.0,8.5,0.34,0.34,0.04,0.9,0.14,0.3
2021-01-27,2021-01,4,4,desktop,google,organic,(organic),new_session,665,665,6191,2216,389,48,0,13,4,2,145,20,5,2,18,3,33,2,0.0,0,2,0.3,21.8,13.79,25.0,40.0,1.38,90.0,60.0,4.96,0.0,0.0,0.0,0.0,0.58,0.07,0.02
2021-01-27,2021-01,4,4,mobile,<Other>,<Other>,<Other>,new_session,222,222,2858,982,272,44,0,19,3,2,62,15,5,2,13,3,7,2,29.0,3,2,0.9,27.93,24.19,33.33,40.0,3.23,86.67,60.0,3.15,14.5,0.13,0.13,0.01,1.23,0.2,0.09
2021-01-27,2021-01,4,4,mobile,<Other>,referral,(referral),new_session,122,122,1218,432,63,14,0,19,4,2,30,8,4,2,7,2,5,2,0.0,0,2,1.64,24.59,26.67,50.0,50.0,6.67,87.5,50.0,4.1,0.0,0.0,0.0,0.02,0.52,0.11,0.16
2021-01-27,2021-01,4,4,mobile,shop.googlemerchandisestore.com,referral,(referral),new_session,78,78,641,229,47,4,0,5,2,2,21,4,2,2,2,0,5,2,5.0,3,2,2.56,26.92,19.05,50.0,100.0,9.52,50.0,0.0,6.41,2.5,0.06,0.06,0.03,0.6,0.05,0.06
2021-01-27,2021-01,4,4,mobile,shop.googlemerchandisestore.com,referral,(referral),returning_session,81,76,1517,491,175,33,0,32,10,3,28,12,9,3,11,6,24,3,0.0,0,3,3.7,34.57,42.86,75.0,33.33,10.71,91.67,66.67,29.63,0.0,0.0,0.0,0.04,2.16,0.41,0.4
2021-01-27,2021-01,4,4,mobile,(direct),(none),(direct),returning_session,96,87,1403,471,134,24,0,37,9,3,30,12,6,3,11,3,30,3,19.0,1,3,3.13,31.25,40.0,50.0,50.0,10.0,91.67,50.0,31.25,6.33,0.22,0.2,0.03,1.4,0.25,0.39
2021-01-27,2021-01,4,4,desktop,(direct),(none),(direct),returning_session,162,155,1715,599,143,25,0,22,7,4,41,13,9,4,12,5,47,4,70.0,1,4,2.47,25.31,31.71,69.23,44.44,9.76,92.31,55.56,29.01,17.5,0.45,0.43,0.03,0.88,0.15,0.14
2021-01-27,2021-01,4,4,mobile,<Other>,referral,(referral),returning_session,57,54,750,254,61,10,0,21,8,4,11,5,5,4,2,1,18,4,0.0,0,4,7.02,19.3,45.45,100.0,80.0,36.36,40.0,20.0,31.58,0.0,0.0,0.0,0.07,1.07,0.18,0.37
2021-01-27,2021-01,4,4,mobile,<Other>,<Other>,<Other>,returning_session,34,33,625,206,80,23,0,17,6,4,10,4,4,4,1,0,11,4,10.0,1,4,11.76,29.41,40.0,100.0,100.0,40.0,25.0,0.0,32.35,2.5,0.3,0.29,0.12,2.35,0.68,0.5
2021-01-27,2021-01,4,4,desktop,(direct),(none),(direct),new_session,451,451,4533,1562,381,46,0,37,6,5,117,18,8,5,14,3,20,5,86.0,2,5,1.11,25.94,15.38,44.44,62.5,4.27,77.78,37.5,4.43,17.2,0.19,0.19,0.01,0.84,0.1,0.08
2021-01-27,2021-01,4,4,mobile,(data deleted),(data deleted),(data deleted),returning_session,98,95,1256,420,86,11,0,52,13,5,23,4,6,4,2,2,38,4,0.0,0,5,4.08,23.47,17.39,150.0,66.67,17.39,50.0,33.33,38.78,0.0,0.0,0.0,0.04,0.88,0.11,0.53
2021-01-27,2021-01,4,4,mobile,google,organic,(organic),returning_session,113,108,1472,500,140,29,0,29,13,5,30,7,6,4,5,2,40,5,189.0,36,5,3.54,26.55,23.33,85.71,66.67,13.33,71.43,33.33,35.4,37.8,1.75,1.67,0.05,1.24,0.26,0.26
2020-11-08,2020-11,45,1,tablet,(direct),(none),(direct),returning_session,3,3,10,2,0,0,0,0,0,0,0,0,0,0,0,0,3,0,0.0,0,0,0.0,0.0,,,,,,,100.0,,0.0,0.0,0.0,0.0,0.0,0.0
2020-11-08,2020-11,45,1,tablet,<Other>,(data deleted),(data deleted),returning_session,1,1,2,0,0,0,0,0,0,0,0,0,0,0,0,0,1,0,0.0,0,0,0.0,0.0,,,,,,,100.0,,0.0,0.0,0.0,0.0,0.0,0.0
2020-11-08,2020-11,45,1,tablet,<Other>,referral,(referral),returning_session,1,1,3,1,0,0,0,0,0,0,0,0,0,0,0,0,1,0,0.0,0,0,0.0,0.0,,,,,,,100.0,,0.0,0.0,0.0,0.0,0.0,0.0
2020-11-08,2020-11,45,1,tablet,shop.googlemerchandisestore.com,referral,(referral),returning_session,2,2,11,4,0,0,0,0,0,0,0,0,0,0,0,0,1,0,0.0,0,0,0.0,0.0,,,,,,,50.0,,0.0,0.0,0.0,0.0,0.0,0.0
2020-11-08,2020-11,45,1,desktop,<Other>,organic,(organic),returning_session,5,5,15,4,0,0,0,0,0,0,0,0,0,0,0,0,5,0,0.0,0,0,0.0,0.0,,,,,,,100.0,,0.0,0.0,0.0,0.0,0.0,0.0
2020-11-08,2020-11,45,1,tablet,<Other>,referral,(referral),new_session,2,2,7,2,0,0,0,0,0,0,0,0,0,0,0,0,2,0,0.0,0,0,0.0,0.0,,,,,,,100.0,,0.0,0.0,0.0,0.0,0.0,0.0
2020-11-08,2020-11,45,1,mobile,<Other>,(data deleted),(data deleted),returning_session,1,1,2,1,0,0,0,0,0,0,0,0,0,0,0,0,1,0,0.0,0,0,0.0,0.0,,,,,,,100.0,,0.0,0.0,0.0,0.0,0.0,0.0
2020-11-08,2020-11,45,1,tablet,google,organic,(organic),returning_session,4,4,28,11,0,0,0,0,0,0,0,0,0,0,0,0,3,0,0.0,0,0,0.0,0.0,,,,,,,75.0,,0.0,0.0,0.0,0.0,0.0,0.0
2020-11-08,2020-11,45,1,mobile,<Other>,organic,(organic),returning_session,1,1,13,5,0,0,0,0,0,0,0,0,0,0,0,0,0,0,0.0,0,0,0.0,0.0,,,,,,,0.0,,0.0,0.0,0.0,0.0,0.0,0.0
2020-11-08,2020-11,45,1,mobile,(data deleted),(data deleted),(data deleted),new_session,1,1,3,1,0,0,0,0,0,0,0,0,0,0,0,0,1,0,0.0,0,0,0.0,0.0,,,,,,,100.0,,0.0,0.0,0.0,0.0,0.0,0.0
2020-11-08,2020-11,45,1,desktop,<Other>,(data deleted),(data deleted),returning_session,1,1,2,1,0,0,0,0,0,0,0,0,0,0,0,0,1,0,0.0,0,0,0.0,0.0,,,,,,,100.0,,0.0,0.0,0.0,0.0,0.0,0.0
2020-11-08,2020-11,45,1,tablet,shop.googlemerchandisestore.com,referral,(referral),new_session,4,4,25,7,1,0,0,0,0,0,1,0,0,0,0,0,2,0,0.0,0,0,0.0,25.0,0.0,,,0.0,,,50.0,,0.0,0.0,0.0,0.25,0.0,0.0
2020-11-08,2020-11,45,1,mobile,(data deleted),(data deleted),(data deleted),returning_session,53,49,446,135,51,0,0,0,0,0,9,0,0,0,0,0,38,0,0.0,0,0,0.0,16.98,0.0,,,0.0,,,71.7,,0.0,0.0,0.0,0.96,0.0,0.0
2020-11-08,2020-11,45,1,desktop,google,cpc,<Other>,returning_session,9,9,49,12,4,0,0,0,0,0,2,0,0,0,0,0,7,0,0.0,0,0,0.0,22.22,0.0,,,0.0,,,77.78,,0.0,0.0,0.0,0.44,0.0,0.0
2020-11-08,2020-11,45,1,mobile,<Other>,<Other>,<Other>,returning_session,11,10,63,17,5,0,0,0,0,0,2,0,0,0,0,0,8,0,0.0,0,0,0.0,18.18,0.0,,,0.0,,,72.73,,0.0,0.0,0.0,0.45,0.0,0.0
2020-11-08,2020-11,45,1,desktop,google,cpc,<Other>,new_session,48,48,407,117,28,0,0,0,0,0,10,0,0,0,0,0,25,0,0.0,0,0,0.0,20.83,0.0,,,0.0,,,52.08,,0.0,0.0,0.0,0.58,0.0,0.0
2020-11-08,2020-11,45,1,mobile,(data deleted),(data deleted),<Other>,returning_session,1,1,13,5,2,0,0,0,0,0,1,0,0,0,0,0,0,0,0.0,0,0,0.0,100.0,0.0,,,0.0,,,0.0,,0.0,0.0,0.0,2.0,0.0,0.0
2020-11-08,2020-11,45,1,mobile,google,cpc,<Other>,new_session,30,30,452,143,28,0,0,0,0,0,12,0,0,0,0,0,10,0,0.0,0,0,0.0,40.0,0.0,,,0.0,,,33.33,,0.0,0.0,0.0,0.93,0.0,0.0
2020-11-08,2020-11,45,1,desktop,<Other>,referral,(referral),returning_session,43,43,377,108,42,0,0,0,0,0,7,0,0,0,0,0,27,0,0.0,0,0,0.0,16.28,0.0,,,0.0,,,62.79,,0.0,0.0,0.0,0.98,0.0,0.0
2020-11-08,2020-11,45,1,tablet,google,organic,(organic),new_session,6,6,73,20,4,0,0,0,0,0,2,0,0,0,0,0,1,0,0.0,0,0,0.0,33.33,0.0,,,0.0,,,16.67,,0.0,0.0,0.0,0.67,0.0,0.0
2020-11-08,2020-11,45,1,mobile,<Other>,organic,(organic),new_session,18,18,247,78,13,0,0,0,0,0,5,0,0,0,0,0,4,0,0.0,0,0,0.0,27.78,0.0,,,0.0,,,22.22,,0.0,0.0,0.0,0.72,0.0,0.0
2020-11-08,2020-11,45,1,mobile,google,cpc,<Other>,returning_session,2,2,22,6,4,0,0,0,0,0,1,0,0,0,0,0,0,0,0.0,0,0,0.0,50.0,0.0,,,0.0,,,0.0,,0.0,0.0,0.0,2.0,0.0,0.0
2020-11-08,2020-11,45,1,tablet,(direct),(none),(direct),new_session,7,7,59,15,7,0,0,0,0,0,3,0,0,0,0,0,3,0,0.0,0,0,0.0,42.86,0.0,,,0.0,,,42.86,,0.0,0.0,0.0,1.0,0.0,0.0
2020-11-08,2020-11,45,1,desktop,(data deleted),(data deleted),(data deleted),new_session,4,4,68,20,10,0,0,0,0,0,2,0,0,0,0,0,1,0,0.0,0,0,0.0,50.0,0.0,,,0.0,,,25.0,,0.0,0.0,0.0,2.5,0.0,0.0
2020-11-08,2020-11,45,1,desktop,<Other>,organic,(organic),new_session,32,32,307,82,25,0,0,0,0,0,7,0,0,0,0,0,19,0,0.0,0,0,0.0,21.88,0.0,,,0.0,,,59.38,,0.0,0.0,0.0,0.78,0.0,0.0
2020-11-08,2020-11,45,1,tablet,<Other>,<Other>,<Other>,new_session,9,9,70,19,3,0,0,1,0,0,1,0,1,0,0,1,6,0,0.0,0,0,0.0,11.11,0.0,,0.0,0.0,,100.0,66.67,,0.0,0.0,0.0,0.33,0.0,0.11
2020-11-08,2020-11,45,1,desktop,<Other>,<Other>,<Other>,returning_session,15,15,369,125,46,0,0,3,3,0,4,0,2,0,0,2,7,0,0.0,0,0,0.0,26.67,0.0,,0.0,0.0,,100.0,46.67,,0.0,0.0,0.0,3.07,0.0,0.2
2020-11-08,2020-11,45,1,desktop,(direct),(none),(direct),new_session,196,196,2465,787,237,0,0,9,3,0,48,0,8,0,0,8,91,0,0.0,0,0,0.0,24.49,0.0,,0.0,0.0,,100.0,46.43,,0.0,0.0,0.0,1.21,0.0,0.05
2020-11-08,2020-11,45,1,desktop,shop.googlemerchandisestore.com,referral,(referral),new_session,61,61,761,243,75,0,0,2,0,0,6,0,2,0,0,2,36,0,0.0,0,0,0.0,9.84,0.0,,0.0,0.0,,100.0,59.02,,0.0,0.0,0.0,1.23,0.0,0.03
2020-11-08,2020-11,45,1,mobile,<Other>,referral,(referral),new_session,57,57,891,287,103,0,0,5,2,0,19,0,3,0,0,3,24,0,0.0,0,0,0.0,33.33,0.0,,0.0,0.0,,100.0,42.11,,0.0,0.0,0.0,1.81,0.0,0.09
2020-11-08,2020-11,45,1,mobile,shop.googlemerchandisestore.com,referral,(referral),new_session,38,38,822,280,118,0,0,3,0,0,16,0,3,0,0,3,14,0,0.0,0,0,0.0,42.11,0.0,,0.0,0.0,,100.0,36.84,,0.0,0.0,0.0,3.11,0.0,0.08
2020-11-08,2020-11,45,1,desktop,google,organic,(organic),new_session,329,329,4841,1550,554,0,0,18,1,1,80,0,15,1,0,14,178,1,149.0,8,8,0.3,24.32,0.0,,6.67,1.25,,93.33,54.1,149.0,0.45,0.45,0.0,1.68,0.0,0.05
2020-11-08,2020-11,45,1,mobile,(direct),(none),(direct),new_session,145,145,1983,635,213,0,0,7,1,1,35,0,6,1,0,5,71,1,100.0,2,2,0.69,24.14,0.0,,16.67,2.86,,83.33,48.97,100.0,0.69,0.69,0.01,1.47,0.0,0.05
2020-11-08,2020-11,45,1,desktop,<Other>,<Other>,<Other>,new_session,167,167,3383,1131,422,0,0,16,11,2,42,0,12,2,0,10,76,2,100.0,5,5,1.2,25.15,0.0,,16.67,4.76,,83.33,45.51,50.0,0.6,0.6,0.01,2.53,0.0,0.1
2020-11-08,2020-11,45,1,mobile,google,organic,(organic),new_session,198,198,3220,1028,336,0,0,17,8,4,49,0,14,4,0,10,91,4,126.0,6,6,2.02,24.75,0.0,,28.57,8.16,,71.43,45.96,31.5,0.64,0.64,0.02,1.7,0.0,0.09
2020-11-08,2020-11,45,1,desktop,<Other>,referral,(referral),new_session,85,85,1666,547,212,0,0,9,4,2,24,0,6,2,0,4,37,2,166.0,7,7,2.35,28.24,0.0,,33.33,8.33,,66.67,43.53,83.0,1.95,1.95,0.02,2.49,0.0,0.11
2020-11-08,2020-11,45,1,mobile,google,organic,(organic),returning_session,51,48,440,134,34,0,0,2,1,1,10,0,2,1,0,1,33,1,26.0,6,3,1.96,19.61,0.0,,50.0,10.0,,50.0,64.71,26.0,0.54,0.51,0.02,0.67,0.0,0.04
2020-11-08,2020-11,45,1,mobile,<Other>,<Other>,<Other>,new_session,109,109,1681,541,191,0,0,11,9,3,28,0,6,3,0,3,57,3,91.0,15,5,2.75,25.69,0.0,,50.0,10.71,,50.0,52.29,30.33,0.83,0.83,0.03,1.75,0.0,0.1
2020-11-08,2020-11,45,1,mobile,<Other>,referral,(referral),returning_session,29,25,417,137,21,0,0,2,3,1,5,0,2,1,0,1,15,1,128.0,3,3,3.45,17.24,0.0,,50.0,20.0,,50.0,51.72,128.0,5.12,4.41,0.04,0.72,0.0,0.07
2020-11-08,2020-11,45,1,desktop,(data deleted),(data deleted),(data deleted),returning_session,80,77,1099,351,102,0,0,4,2,3,15,0,3,2,0,1,48,2,490.0,8,7,2.5,18.75,0.0,,66.67,13.33,,33.33,60.0,245.0,6.36,6.13,0.03,1.27,0.0,0.05
2020-11-08,2020-11,45,1,desktop,google,organic,(organic),returning_session,75,74,661,205,51,0,0,6,7,3,12,0,4,3,0,1,48,3,534.0,21,12,4.0,16.0,0.0,,75.0,25.0,,25.0,64.0,178.0,7.22,7.12,0.04,0.68,0.0,0.08
2020-11-08,2020-11,45,1,desktop,shop.googlemerchandisestore.com,referral,(referral),returning_session,51,46,390,114,24,0,0,1,2,1,7,0,1,1,0,0,30,1,718.0,55,11,1.96,13.73,0.0,,100.0,14.29,,0.0,58.82,718.0,15.61,14.08,0.02,0.47,0.0,0.02
2020-11-08,2020-11,45,1,mobile,(direct),(none),(direct),returning_session,54,52,952,299,134,0,0,4,4,2,9,0,2,2,0,0,34,2,67.0,4,4,3.7,16.67,0.0,,100.0,22.22,,0.0,62.96,33.5,1.29,1.24,0.04,2.48,0.0,0.07
2020-11-08,2020-11,45,1,desktop,(direct),(none),(direct),returning_session,75,69,727,218,43,0,0,3,4,2,9,0,2,2,0,0,49,2,321.0,8,7,2.67,12.0,0.0,,100.0,22.22,,0.0,65.33,160.5,4.65,4.28,0.03,0.57,0.0,0.04
2020-11-08,2020-11,45,1,mobile,shop.googlemerchandisestore.com,referral,(referral),returning_session,44,43,471,136,46,0,0,3,5,3,11,0,3,3,0,0,31,3,354.0,10,10,6.82,25.0,0.0,,100.0,27.27,,0.0,70.45,118.0,8.23,8.05,0.07,1.05,0.0,0.07
2020-11-08,2020-11,45,1,tablet,(data deleted),(data deleted),(data deleted),returning_session,4,4,150,48,21,0,0,3,3,2,3,0,2,2,0,0,1,2,184.0,17,9,50.0,75.0,0.0,,100.0,66.67,,0.0,25.0,92.0,46.0,46.0,0.5,5.25,0.0,0.75
2020-11-08,2020-11,45,1,desktop,(data deleted),(data deleted),<Other>,returning_session,1,1,243,84,27,0,0,3,1,1,1,0,1,1,0,0,0,1,206.0,5,5,100.0,100.0,0.0,,100.0,100.0,,0.0,0.0,206.0,206.0,206.0,1.0,27.0,0.0,3.0
2021-01-12,2021-01,2,3,tablet,(direct),(none),(direct),returning_session,8,8,61,17,6,5,0,0,0,0,1,1,0,0,1,0,6,0,0.0,0,0,0.0,12.5,100.0,0.0,,0.0,100.0,,75.0,,0.0,0.0,0.0,0.75,0.63,0.0
2021-01-12,2021-01,2,3,tablet,<Other>,organic,(organic),new_session,4,4,27,11,1,0,0,0,0,0,1,0,0,0,0,0,0,0,0.0,0,0,0.0,25.0,0.0,,,0.0,,,0.0,,0.0,0.0,0.0,0.25,0.0,0.0
2021-01-12,2021-01,2,3,desktop,<Other>,organic,(organic),new_session,55,55,425,154,11,0,0,0,0,0,10,0,0,0,0,0,0,0,0.0,0,0,0.0,18.18,0.0,,,0.0,,,0.0,,0.0,0.0,0.0,0.2,0.0,0.0
2021-01-12,2021-01,2,3,desktop,(data deleted),(data deleted),(data deleted),new_session,7,7,46,19,1,0,0,0,0,0,1,0,0,0,0,0,3,0,0.0,0,0,0.0,14.29,0.0,,,0.0,,,42.86,,0.0,0.0,0.0,0.14,0.0,0.0
2021-01-12,2021-01,2,3,mobile,<Other>,referral,(referral),new_session,134,134,1058,382,52,1,0,0,0,0,26,1,0,0,1,0,3,0,0.0,0,0,0.0,19.4,3.85,0.0,,0.0,100.0,,2.24,,0.0,0.0,0.0,0.39,0.01,0.0
2021-01-12,2021-01,2,3,tablet,<Other>,<Other>,<Other>,returning_session,3,3,70,22,10,0,0,0,0,0,2,0,0,0,0,0,1,0,0.0,0,0,0.0,66.67,0.0,,,0.0,,,33.33,,0.0,0.0,0.0,3.33,0.0,0.0
2021-01-12,2021-01,2,3,tablet,google,organic,(organic),returning_session,3,3,23,9,0,0,0,0,0,0,0,0,0,0,0,0,1,0,0.0,0,0,0.0,0.0,,,,,,,33.33,,0.0,0.0,0.0,0.0,0.0,0.0
2021-01-12,2021-01,2,3,tablet,<Other>,<Other>,<Other>,new_session,12,12,136,46,8,0,0,0,0,0,1,0,0,0,0,0,1,0,0.0,0,0,0.0,8.33,0.0,,,0.0,,,8.33,,0.0,0.0,0.0,0.67,0.0,0.0
2021-01-12,2021-01,2,3,desktop,google,cpc,<Other>,returning_session,6,6,60,26,4,0,0,0,0,0,1,0,0,0,0,0,0,0,0.0,0,0,0.0,16.67,0.0,,,0.0,,,0.0,,0.0,0.0,0.0,0.67,0.0,0.0
2021-01-12,2021-01,2,3,mobile,(data deleted),(data deleted),<Other>,returning_session,2,2,70,24,9,1,0,0,0,0,1,1,0,0,1,0,1,0,0.0,0,0,0.0,50.0,100.0,0.0,,0.0,100.0,,50.0,,0.0,0.0,0.0,4.5,0.5,0.0
2021-01-12,2021-01,2,3,tablet,(data deleted),(data deleted),(data deleted),returning_session,5,5,34,14,1,0,0,0,0,0,1,0,0,0,0,0,1,0,0.0,0,0,0.0,20.0,0.0,,,0.0,,,20.0,,0.0,0.0,0.0,0.2,0.0,0.0
2021-01-12,2021-01,2,3,desktop,(data deleted),(data deleted),<Other>,returning_session,3,3,12,4,0,0,0,0,0,0,0,0,0,0,0,0,2,0,0.0,0,0,0.0,0.0,,,,,,,66.67,,0.0,0.0,0.0,0.0,0.0,0.0
2021-01-12,2021-01,2,3,desktop,<Other>,(data deleted),(data deleted),returning_session,3,3,20,6,0,0,0,0,0,0,0,0,0,0,0,0,1,0,0.0,0,0,0.0,0.0,,,,,,,33.33,,0.0,0.0,0.0,0.0,0.0,0.0
2021-01-12,2021-01,2,3,mobile,google,cpc,<Other>,returning_session,8,8,61,18,3,1,0,0,0,0,2,1,0,0,1,0,3,0,0.0,0,0,0.0,25.0,50.0,0.0,,0.0,100.0,,37.5,,0.0,0.0,0.0,0.38,0.13,0.0
2021-01-12,2021-01,2,3,tablet,<Other>,organic,(organic),returning_session,1,1,24,9,0,0,0,0,0,0,0,0,0,0,0,0,0,0,0.0,0,0,0.0,0.0,,,,,,,0.0,,0.0,0.0,0.0,0.0,0.0,0.0
2021-01-12,2021-01,2,3,tablet,google,cpc,<Other>,new_session,4,4,36,13,0,0,0,0,0,0,0,0,0,0,0,0,0,0,0.0,0,0,0.0,0.0,,,,,,,0.0,,0.0,0.0,0.0,0.0,0.0,0.0
2021-01-12,2021-01,2,3,tablet,(direct),(none),(direct),new_session,19,19,155,56,7,2,0,0,0,0,5,1,0,0,1,0,2,0,0.0,0,0,0.0,26.32,20.0,0.0,,0.0,100.0,,10.53,,0.0,0.0,0.0,0.37,0.11,0.0
2021-01-12,2021-01,2,3,mobile,<Other>,(data deleted),(data deleted),returning_session,2,2,22,7,0,0,0,0,0,0,0,0,0,0,0,0,1,0,0.0,0,0,0.0,0.0,,,,,,,50.0,,0.0,0.0,0.0,0.0,0.0,0.0
2021-01-12,2021-01,2,3,mobile,(data deleted),(data deleted),(data deleted),new_session,3,3,14,5,1,0,0,0,0,0,1,0,0,0,0,0,2,0,0.0,0,0,0.0,33.33,0.0,,,0.0,,,66.67,,0.0,0.0,0.0,0.33,0.0,0.0
2021-01-12,2021-01,2,3,tablet,shop.googlemerchandisestore.com,referral,(referral),new_session,5,5,33,12,1,0,0,0,0,0,1,0,0,0,0,0,0,0,0.0,0,0,0.0,20.0,0.0,,,0.0,,,0.0,,0.0,0.0,0.0,0.2,0.0,0.0
2021-01-12,2021-01,2,3,tablet,<Other>,referral,(referral),new_session,8,8,49,19,0,0,0,0,0,0,0,0,0,0,0,0,0,0,0.0,0,0,0.0,0.0,,,,,,,0.0,,0.0,0.0,0.0,0.0,0.0,0.0
2021-01-12,2021-01,2,3,mobile,<Other>,organic,(organic),returning_session,8,8,51,21,2,0,0,0,0,0,1,0,0,0,0,0,1,0,0.0,0,0,0.0,12.5,0.0,,,0.0,,,12.5,,0.0,0.0,0.0,0.25,0.0,0.0
2021-01-12,2021-01,2,3,mobile,<Other>,<Other>,<Other>,returning_session,32,32,185,66,6,1,0,0,0,0,4,1,0,0,1,0,12,0,0.0,0,0,0.0,12.5,25.0,0.0,,0.0,100.0,,37.5,,0.0,0.0,0.0,0.19,0.03,0.0
2021-01-12,2021-01,2,3,mobile,<Other>,referral,(referral),returning_session,66,62,719,265,47,12,0,3,1,0,15,3,1,0,3,1,18,0,0.0,0,0,0.0,22.73,20.0,33.33,0.0,0.0,100.0,100.0,27.27,,0.0,0.0,0.0,0.71,0.18,0.05
2021-01-12,2021-01,2,3,desktop,<Other>,referral,(referral),returning_session,71,69,783,252,92,15,0,21,2,0,18,5,2,0,5,2,20,0,0.0,0,0,0.0,25.35,27.78,40.0,0.0,0.0,100.0,100.0,28.17,,0.0,0.0,0.0,1.3,0.21,0.3
2021-01-12,2021-01,2,3,desktop,google,cpc,<Other>,new_session,107,107,873,303,41,10,0,3,0,0,16,1,1,0,1,1,1,0,0.0,0,0,0.0,14.95,6.25,100.0,0.0,0.0,100.0,100.0,0.93,,0.0,0.0,0.0,0.38,0.09,0.03
2021-01-12,2021-01,2,3,tablet,<Other>,referral,(referral),returning_session,5,4,149,47,19,1,0,9,0,0,2,1,1,0,1,1,1,0,0.0,0,0,0.0,40.0,50.0,100.0,0.0,0.0,100.0,100.0,20.0,,0.0,0.0,0.0,3.8,0.2,1.8
2021-01-12,2021-01,2,3,desktop,<Other>,organic,(organic),returning_session,16,16,354,104,52,18,0,12,1,0,7,4,2,0,4,2,4,0,0.0,0,0,0.0,43.75,57.14,50.0,0.0,0.0,100.0,100.0,25.0,,0.0,0.0,0.0,3.25,1.13,0.75
2021-01-12,2021-01,2,3,desktop,google,organic,(organic),new_session,712,712,6630,2329,345,72,0,30,4,1,119,21,6,1,20,5,26,1,11.0,1,1,0.14,16.71,17.65,28.57,16.67,0.84,95.24,83.33,3.65,11.0,0.02,0.02,0.0,0.48,0.1,0.04
2021-01-12,2021-01,2,3,mobile,google,organic,(organic),new_session,508,508,4752,1680,249,16,0,21,4,1,80,8,4,1,8,3,13,1,75.0,3,2,0.2,15.75,10.0,50.0,25.0,1.25,100.0,75.0,2.56,75.0,0.15,0.15,0.0,0.49,0.03,0.04
2021-01-12,2021-01,2,3,mobile,(data deleted),(data deleted),(data deleted),returning_session,98,90,1072,346,89,15,0,27,4,1,22,5,4,1,4,3,25,1,14.0,1,1,1.02,22.45,22.73,80.0,25.0,4.55,80.0,75.0,25.51,14.0,0.16,0.14,0.01,0.91,0.15,0.28
2021-01-12,2021-01,2,3,mobile,<Other>,<Other>,<Other>,new_session,256,256,2624,898,152,59,0,20,6,1,42,7,3,1,6,2,11,1,37.0,2,2,0.39,16.41,16.67,42.86,33.33,2.38,85.71,66.67,4.3,37.0,0.14,0.14,0.0,0.59,0.23,0.08
2021-01-12,2021-01,2,3,mobile,<Other>,organic,(organic),new_session,55,55,534,187,17,4,0,6,1,1,10,3,2,1,2,1,3,1,79.0,1,1,1.82,18.18,30.0,66.67,50.0,10.0,66.67,50.0,5.45,79.0,1.44,1.44,0.02,0.31,0.07,0.11
2021-01-12,2021-01,2,3,mobile,shop.googlemerchandisestore.com,referral,(referral),returning_session,66,64,748,246,69,15,0,5,1,1,12,3,2,1,2,1,23,1,65.0,4,4,1.52,18.18,25.0,66.67,50.0,8.33,66.67,50.0,34.85,65.0,1.02,0.98,0.02,1.05,0.23,0.08
2021-01-12,2021-01,2,3,desktop,shop.googlemerchandisestore.com,referral,(referral),new_session,90,90,872,302,47,30,0,3,1,1,14,5,1,1,4,0,3,1,55.0,1,1,1.11,15.56,35.71,20.0,100.0,7.14,80.0,0.0,3.33,55.0,0.61,0.61,0.01,0.52,0.33,0.03
2021-01-12,2021-01,2,3,tablet,google,organic,(organic),new_session,24,24,380,110,42,46,0,6,3,1,4,1,1,1,0,0,0,1,101.0,6,6,4.17,16.67,25.0,100.0,100.0,25.0,0.0,0.0,0.0,101.0,4.21,4.21,0.04,1.75,1.92,0.25
2021-01-12,2021-01,2,3,tablet,shop.googlemerchandisestore.com,referral,(referral),returning_session,2,2,88,21,19,9,0,3,1,1,1,1,1,1,0,0,0,1,71.0,3,3,50.0,50.0,100.0,100.0,100.0,100.0,0.0,0.0,0.0,71.0,35.5,35.5,0.5,9.5,4.5,1.5
2021-01-12,2021-01,2,3,mobile,google,cpc,<Other>,new_session,77,77,689,246,31,0,0,6,2,1,10,0,1,1,0,0,2,1,42.0,2,2,1.3,12.99,0.0,,100.0,10.0,,0.0,2.6,42.0,0.55,0.55,0.01,0.4,0.0,0.08
2021-01-12,2021-01,2,3,mobile,shop.googlemerchandisestore.com,referral,(referral),new_session,82,82,932,309,87,24,0,9,1,1,13,3,1,1,2,0,4,1,130.0,10,10,1.22,15.85,23.08,33.33,100.0,7.69,66.67,0.0,4.88,130.0,1.59,1.59,0.01,1.06,0.29,0.11
2021-01-12,2021-01,2,3,desktop,<Other>,<Other>,<Other>,new_session,364,364,3722,1290,254,34,0,12,5,2,54,9,3,2,8,1,10,2,73.0,2,2,0.55,14.84,16.67,33.33,66.67,3.7,88.89,33.33,2.75,36.5,0.2,0.2,0.01,0.7,0.09,0.03
2021-01-12,2021-01,2,3,desktop,(direct),(none),(direct),new_session,477,477,4993,1753,302,34,0,10,2,2,74,12,3,2,11,1,17,2,55.0,1,2,0.42,15.51,16.22,25.0,66.67,2.7,91.67,33.33,3.56,27.5,0.12,0.12,0.0,0.63,0.07,0.02
2021-01-12,2021-01,2,3,desktop,shop.googlemerchandisestore.com,referral,(referral),returning_session,101,100,952,336,66,3,0,9,5,2,21,2,2,2,1,0,29,2,58.0,3,3,1.98,20.79,9.52,100.0,100.0,9.52,50.0,0.0,28.71,29.0,0.58,0.57,0.02,0.65,0.03,0.09
2021-01-12,2021-01,2,3,desktop,<Other>,referral,(referral),new_session,183,183,1932,673,147,36,0,11,2,2,38,11,2,2,9,0,6,2,13.0,1,2,1.09,20.77,28.95,18.18,100.0,5.26,81.82,0.0,3.28,6.5,0.07,0.07,0.01,0.8,0.2,0.06
2021-01-12,2021-01,2,3,mobile,google,organic,(organic),returning_session,98,89,1242,418,96,30,0,30,7,6,25,10,6,3,7,3,29,6,212.0,10,10,3.06,25.51,40.0,60.0,50.0,12.0,70.0,50.0,29.59,35.33,2.38,2.16,0.07,0.98,0.31,0.31
2021-01-12,2021-01,2,3,desktop,<Other>,<Other>,<Other>,returning_session,56,54,787,267,65,20,0,27,6,5,12,7,4,3,4,1,14,5,335.0,10,7,5.36,21.43,58.33,57.14,75.0,25.0,57.14,25.0,25.0,67.0,6.2,5.98,0.09,1.16,0.36,0.48
2021-01-12,2021-01,2,3,mobile,(direct),(none),(direct),new_session,333,333,3250,1134,183,20,0,21,3,3,45,6,4,3,4,1,13,3,179.0,7,7,0.9,13.51,13.33,66.67,75.0,6.67,66.67,25.0,3.9,59.67,0.54,0.54,0.01,0.55,0.06,0.06
2021-01-12,2021-01,2,3,mobile,(direct),(none),(direct),returning_session,106,102,970,331,58,13,0,12,5,3,21,6,3,3,4,0,40,3,85.0,4,4,2.83,19.81,28.57,50.0,100.0,14.29,66.67,0.0,37.74,28.33,0.83,0.8,0.03,0.55,0.12,0.11
2021-01-12,2021-01,2,3,desktop,google,organic,(organic),returning_session,141,132,1899,656,184,77,0,37,8,4,39,15,7,4,12,3,47,4,121.0,11,9,2.84,27.66,38.46,46.67,57.14,10.26,80.0,42.86,33.33,30.25,0.92,0.86,0.03,1.3,0.55,0.26
2021-01-12,2021-01,2,3,desktop,(direct),(none),(direct),returning_session,147,139,2199,700,259,63,0,39,11,4,43,9,6,4,7,2,42,4,238.0,16,16,2.72,29.25,20.93,66.67,66.67,9.3,77.78,33.33,28.57,59.5,1.71,1.62,0.03,1.76,0.43,0.27
2021-01-12,2021-01,2,3,desktop,(data deleted),(data deleted),(data deleted),returning_session,145,143,1686,535,173,53,0,36,9,4,30,6,6,4,3,2,50,4,498.0,26,24,2.76,20.69,20.0,100.0,66.67,13.33,50.0,33.33,34.48,124.5,3.48,3.43,0.03,1.19,0.37,0.25
2020-12-21,2020-12,51,2,desktop,google,cpc,<Other>,returning_session,12,12,80,19,7,0,0,0,0,0,1,0,0,0,0,0,11,0,0.0,0,0,0.0,8.33,0.0,,,0.0,,,91.67,,0.0,0.0,0.0,0.58,0.0,0.0
2020-12-21,2020-12,51,2,tablet,<Other>,organic,(organic),returning_session,1,1,7,2,1,0,0,0,0,0,1,0,0,0,0,0,0,0,0.0,0,0,0.0,100.0,0.0,,,0.0,,,0.0,,0.0,0.0,0.0,1.0,0.0,0.0
2020-12-21,2020-12,51,2,desktop,(data deleted),(data deleted),(data deleted),new_session,2,2,10,3,0,0,0,0,0,0,0,0,0,0,0,0,1,0,0.0,0,0,0.0,0.0,,,,,,,50.0,,0.0,0.0,0.0,0.0,0.0,0.0
2020-12-21,2020-12,51,2,mobile,google,cpc,<Other>,returning_session,3,3,8,1,0,0,0,0,0,0,0,0,0,0,0,0,3,0,0.0,0,0,0.0,0.0,,,,,,,100.0,,0.0,0.0,0.0,0.0,0.0,0.0
2020-12-21,2020-12,51,2,tablet,google,cpc,<Other>,returning_session,1,1,35,11,4,0,0,0,0,0,1,0,0,0,0,0,0,0,0.0,0,0,0.0,100.0,0.0,,,0.0,,,0.0,,0.0,0.0,0.0,4.0,0.0,0.0
2020-12-21,2020-12,51,2,tablet,<Other>,<Other>,<Other>,new_session,11,11,139,41,11,0,0,0,0,0,2,0,0,0,0,0,7,0,0.0,0,0,0.0,18.18,0.0,,,0.0,,,63.64,,0.0,0.0,0.0,1.0,0.0,0.0
2020-12-21,2020-12,51,2,mobile,(data deleted),(data deleted),<Other>,returning_session,3,3,41,15,0,0,0,0,0,0,0,0,0,0,0,0,1,0,0.0,0,0,0.0,0.0,,,,,,,33.33,,0.0,0.0,0.0,0.0,0.0,0.0
2020-12-21,2020-12,51,2,desktop,(data deleted),(data deleted),<Other>,returning_session,1,1,2,0,0,0,0,0,0,0,0,0,0,0,0,0,1,0,0.0,0,0,0.0,0.0,,,,,,,100.0,,0.0,0.0,0.0,0.0,0.0,0.0
2020-12-21,2020-12,51,2,tablet,<Other>,referral,(referral),new_session,9,9,56,16,0,0,0,0,0,0,0,0,0,0,0,0,8,0,0.0,0,0,0.0,0.0,,,,,,,88.89,,0.0,0.0,0.0,0.0,0.0,0.0
2020-12-21,2020-12,51,2,tablet,(data deleted),(data deleted),(data deleted),returning_session,3,3,11,3,0,0,0,0,0,0,0,0,0,0,0,0,2,0,0.0,0,0,0.0,0.0,,,,,,,66.67,,0.0,0.0,0.0,0.0,0.0,0.0
2020-12-21,2020-12,51,2,mobile,(data deleted),(data deleted),<Other>,new_session,1,1,36,14,4,0,0,0,0,0,1,0,0,0,0,0,0,0,0.0,0,0,0.0,100.0,0.0,,,0.0,,,0.0,,0.0,0.0,0.0,4.0,0.0,0.0
2020-12-21,2020-12,51,2,mobile,<Other>,(data deleted),(data deleted),returning_session,1,1,3,1,0,0,0,0,0,0,0,0,0,0,0,0,1,0,0.0,0,0,0.0,0.0,,,,,,,100.0,,0.0,0.0,0.0,0.0,0.0,0.0
2020-12-21,2020-12,51,2,tablet,<Other>,(data deleted),(data deleted),returning_session,1,1,2,1,0,0,0,0,0,0,0,0,0,0,0,0,1,0,0.0,0,0,0.0,0.0,,,,,,,100.0,,0.0,0.0,0.0,0.0,0.0,0.0
2020-12-21,2020-12,51,2,tablet,<Other>,<Other>,<Other>,returning_session,2,2,8,2,0,0,0,0,0,0,0,0,0,0,0,0,1,0,0.0,0,0,0.0,0.0,,,,,,,50.0,,0.0,0.0,0.0,0.0,0.0,0.0
2020-12-21,2020-12,51,2,tablet,google,cpc,<Other>,new_session,2,2,18,5,0,0,0,0,0,0,0,0,0,0,0,0,0,0,0.0,0,0,0.0,0.0,,,,,,,0.0,,0.0,0.0,0.0,0.0,0.0,0.0
2020-12-21,2020-12,51,2,mobile,(data deleted),(data deleted),(data deleted),new_session,9,9,32,11,1,0,0,0,0,0,1,0,0,0,0,0,6,0,0.0,0,0,0.0,11.11,0.0,,,0.0,,,66.67,,0.0,0.0,0.0,0.11,0.0,0.0
2020-12-21,2020-12,51,2,tablet,shop.googlemerchandisestore.com,referral,(referral),new_session,4,4,39,12,5,0,0,0,0,0,1,0,0,0,0,0,3,0,0.0,0,0,0.0,25.0,0.0,,,0.0,,,75.0,,0.0,0.0,0.0,1.25,0.0,0.0
2020-12-21,2020-12,51,2,tablet,<Other>,organic,(organic),new_session,3,3,15,4,1,0,0,0,0,0,1,0,0,0,0,0,1,0,0.0,0,0,0.0,33.33,0.0,,,0.0,,,33.33,,0.0,0.0,0.0,0.33,0.0,0.0
2020-12-21,2020-12,51,2,mobile,<Other>,organic,(organic),returning_session,7,7,50,14,2,0,0,0,0,0,1,0,0,0,0,0,5,0,0.0,0,0,0.0,14.29,0.0,,,0.0,,,71.43,,0.0,0.0,0.0,0.29,0.0,0.0
2020-12-21,2020-12,51,2,desktop,<Other>,(data deleted),(data deleted),returning_session,3,3,63,24,0,0,0,0,0,0,0,0,0,0,0,0,1,0,0.0,0,0,0.0,0.0,,,,,,,33.33,,0.0,0.0,0.0,0.0,0.0,0.0
2020-12-21,2020-12,51,2,tablet,<Other>,referral,(referral),returning_session,3,3,76,20,7,1,0,3,1,1,1,1,1,1,0,0,1,1,16.0,1,1,33.33,33.33,100.0,100.0,100.0,100.0,0.0,0.0,33.33,16.0,5.33,5.33,0.33,2.33,0.33,1.0
2020-12-21,2020-12,51,2,tablet,google,organic,(organic),returning_session,5,5,184,49,15,7,0,18,5,2,3,1,2,2,0,0,0,2,116.0,7,7,40.0,60.0,33.33,200.0,100.0,66.67,0.0,0.0,0.0,58.0,23.2,23.2,0.4,3.0,1.4,3.6
2020-12-21,2020-12,51,2,tablet,(direct),(none),(direct),returning_session,2,2,154,38,4,2,0,24,5,1,1,1,1,1,0,0,0,1,71.0,3,3,50.0,50.0,100.0,100.0,100.0,100.0,0.0,0.0,0.0,71.0,35.5,35.5,0.5,2.0,1.0,12.0
2020-12-21,2020-12,51,2,desktop,<Other>,organic,(organic),returning_session,5,5,105,28,14,2,0,6,1,1,3,1,1,1,0,0,2,1,41.0,7,2,20.0,60.0,33.33,100.0,100.0,33.33,0.0,0.0,40.0,41.0,8.2,8.2,0.2,2.8,0.4,1.2
2020-12-21,2020-12,51,2,mobile,google,cpc,<Other>,new_session,51,51,452,130,50,8,0,6,2,1,6,1,1,1,0,0,40,1,14.0,1,1,1.96,11.76,16.67,100.0,100.0,16.67,0.0,0.0,78.43,14.0,0.27,0.27,0.02,0.98,0.16,0.12
2020-12-21,2020-12,51,2,desktop,google,cpc,<Other>,new_session,93,93,722,207,29,3,0,15,2,1,14,2,1,1,1,0,62,1,61.0,1,1,1.08,15.05,14.29,50.0,100.0,7.14,50.0,0.0,66.67,61.0,0.66,0.66,0.01,0.31,0.03,0.16
2020-12-21,2020-12,51,2,mobile,(direct),(none),(direct),new_session,288,288,3411,963,273,77,0,44,13,7,61,11,7,5,6,2,172,7,400.0,66,22,1.74,21.18,18.03,63.64,71.43,8.2,54.55,28.57,59.72,57.14,1.39,1.39,0.02,0.95,0.27,0.15
2020-12-21,2020-12,51,2,desktop,<Other>,referral,(referral),returning_session,73,73,1479,452,152,29,0,39,13,4,22,6,6,4,4,2,33,4,1126.0,55,20,5.48,30.14,27.27,100.0,66.67,18.18,66.67,33.33,45.21,281.5,15.42,15.42,0.05,2.08,0.4,0.53
2020-12-21,2020-12,51,2,mobile,<Other>,organic,(organic),new_session,35,35,521,140,66,32,0,3,1,1,9,3,1,1,2,0,18,1,55.0,1,1,2.86,25.71,33.33,33.33,100.0,11.11,66.67,0.0,51.43,55.0,1.57,1.57,0.03,1.89,0.91,0.09
2020-12-21,2020-12,51,2,desktop,<Other>,organic,(organic),new_session,51,51,802,235,82,21,0,9,3,2,12,6,2,2,4,0,27,2,49.0,20,6,3.92,23.53,50.0,33.33,100.0,16.67,66.67,0.0,52.94,24.5,0.96,0.96,0.04,1.61,0.41,0.18
2020-12-21,2020-12,51,2,desktop,(direct),(none),(direct),returning_session,111,107,1707,504,154,48,0,54,17,6,35,10,9,6,7,3,55,6,294.0,8,8,5.41,31.53,28.57,90.0,66.67,17.14,70.0,33.33,49.55,49.0,2.75,2.65,0.06,1.39,0.43,0.49
2020-12-21,2020-12,51,2,mobile,shop.googlemerchandisestore.com,referral,(referral),returning_session,62,61,993,307,93,15,0,18,6,2,16,7,3,2,5,1,29,2,98.0,4,4,3.23,25.81,43.75,42.86,66.67,12.5,71.43,33.33,46.77,49.0,1.61,1.58,0.03,1.5,0.24,0.29
2020-12-21,2020-12,51,2,mobile,google,organic,(organic),returning_session,82,79,964,298,90,27,0,21,4,2,19,7,3,2,5,1,43,2,56.0,4,4,2.44,23.17,36.84,42.86,66.67,10.53,71.43,33.33,52.44,28.0,0.71,0.68,0.03,1.1,0.33,0.26
2020-12-21,2020-12,51,2,mobile,<Other>,referral,(referral),new_session,119,119,1312,343,119,46,0,21,5,3,18,5,3,1,4,2,80,3,30.0,3,3,0.84,15.13,27.78,60.0,33.33,5.56,80.0,66.67,67.23,10.0,0.25,0.25,0.03,1.0,0.39,0.18
2020-12-21,2020-12,51,2,desktop,<Other>,<Other>,<Other>,new_session,316,316,2549,708,169,13,0,6,2,2,58,6,2,2,5,0,205,2,122.0,3,2,0.63,18.35,10.34,33.33,100.0,3.45,83.33,0.0,64.87,61.0,0.39,0.39,0.01,0.53,0.04,0.02
2020-12-21,2020-12,51,2,desktop,(direct),(none),(direct),new_session,393,393,4094,1153,287,99,0,45,6,6,74,19,8,5,16,3,241,5,302.0,15,15,1.27,18.83,25.68,42.11,62.5,6.76,84.21,37.5,61.32,60.4,0.77,0.77,0.01,0.73,0.25,0.11
2020-12-21,2020-12,51,2,desktop,google,organic,(organic),returning_session,123,120,1782,545,180,59,0,30,10,3,34,13,6,3,11,3,67,3,411.0,44,14,2.44,27.64,38.24,46.15,50.0,8.82,84.62,50.0,54.47,137.0,3.42,3.34,0.03,1.46,0.48,0.24
2020-12-21,2020-12,51,2,mobile,<Other>,<Other>,<Other>,new_session,213,213,1788,492,97,25,0,27,3,2,34,7,4,2,6,2,141,2,71.0,2,2,0.94,15.96,20.59,57.14,50.0,5.88,85.71,50.0,66.2,35.5,0.33,0.33,0.01,0.46,0.12,0.13
2020-12-21,2020-12,51,2,desktop,google,organic,(organic),new_session,608,608,5297,1523,359,50,0,30,3,3,113,20,6,3,18,3,375,3,51.0,4,3,0.49,18.59,17.7,30.0,50.0,2.65,90.0,50.0,61.68,17.0,0.08,0.08,0.0,0.59,0.08,0.05
2020-12-21,2020-12,51,2,mobile,<Other>,referral,(referral),returning_session,44,44,419,122,31,8,0,0,0,0,7,3,0,0,3,0,24,0,0.0,0,0,0.0,15.91,42.86,0.0,,0.0,100.0,,54.55,,0.0,0.0,0.0,0.7,0.18,0.0
2020-12-21,2020-12,51,2,tablet,google,organic,(organic),new_session,30,30,262,70,24,6,0,0,0,0,4,1,0,0,1,0,21,0,0.0,0,0,0.0,13.33,25.0,0.0,,0.0,100.0,,70.0,,0.0,0.0,0.0,0.8,0.2,0.0
2020-12-21,2020-12,51,2,mobile,<Other>,<Other>,<Other>,returning_session,23,22,159,51,5,2,0,0,0,0,4,1,0,0,1,0,16,0,0.0,0,0,0.0,17.39,25.0,0.0,,0.0,100.0,,69.57,,0.0,0.0,0.0,0.22,0.09,0.0
2020-12-21,2020-12,51,2,desktop,shop.googlemerchandisestore.com,referral,(referral),new_session,99,99,619,169,39,2,0,0,0,0,17,1,0,0,1,0,59,0,0.0,0,0,0.0,17.17,5.88,0.0,,0.0,100.0,,59.6,,0.0,0.0,0.0,0.39,0.02,0.0
2020-12-21,2020-12,51,2,desktop,<Other>,referral,(referral),new_session,162,162,1699,507,127,22,0,12,0,0,23,7,1,0,7,1,100,0,0.0,0,0,0.0,14.2,30.43,14.29,0.0,0.0,100.0,100.0,61.73,,0.0,0.0,0.0,0.78,0.14,0.07
2020-12-21,2020-12,51,2,desktop,shop.googlemerchandisestore.com,referral,(referral),returning_session,98,96,978,274,90,39,0,3,1,0,23,9,1,0,9,1,49,0,0.0,0,0,0.0,23.47,39.13,11.11,0.0,0.0,100.0,100.0,50.0,,0.0,0.0,0.0,0.92,0.4,0.03
2020-12-21,2020-12,51,2,desktop,<Other>,<Other>,<Other>,returning_session,25,25,349,101,41,7,0,12,0,0,6,2,1,0,2,1,16,0,0.0,0,0,0.0,24.0,33.33,50.0,0.0,0.0,100.0,100.0,64.0,,0.0,0.0,0.0,1.64,0.28,0.48
2020-12-21,2020-12,51,2,tablet,(direct),(none),(direct),new_session,20,20,205,55,13,1,0,12,0,0,4,1,1,0,1,1,14,0,0.0,0,0,0.0,20.0,25.0,100.0,0.0,0.0,100.0,100.0,70.0,,0.0,0.0,0.0,0.65,0.05,0.6
2020-12-21,2020-12,51,2,mobile,shop.googlemerchandisestore.com,referral,(referral),new_session,58,58,505,144,34,3,0,6,1,0,17,3,1,0,3,1,29,0,0.0,0,0,0.0,29.31,17.65,33.33,0.0,0.0,100.0,100.0,50.0,,0.0,0.0,0.0,0.59,0.05,0.1
2020-12-21,2020-12,51,2,tablet,shop.googlemerchandisestore.com,referral,(referral),returning_session,3,3,273,79,44,6,0,9,2,0,1,1,1,0,1,1,1,0,0.0,0,0,0.0,33.33,100.0,100.0,0.0,0.0,100.0,100.0,33.33,,0.0,0.0,0.0,14.67,2.0,3.0
2020-12-21,2020-12,51,2,mobile,google,organic,(organic),new_session,408,408,3559,1026,236,33,0,27,2,1,84,14,5,1,14,4,247,1,63.0,1,1,0.25,20.59,16.67,35.71,20.0,1.19,100.0,80.0,60.54,63.0,0.15,0.15,0.0,0.58,0.08,0.07
2020-12-21,2020-12,51,2,desktop,(data deleted),(data deleted),(data deleted),returning_session,140,134,2324,648,343,89,0,28,3,2,40,14,7,2,14,5,77,2,19.0,1,2,1.43,28.57,35.0,50.0,28.57,5.0,100.0,71.43,55.0,9.5,0.14,0.14,0.01,2.45,0.64,0.2
2020-12-21,2020-12,51,2,mobile,(data deleted),(data deleted),(data deleted),returning_session,87,84,949,291,114,20,0,6,1,1,24,10,2,1,10,1,48,1,58.0,2,2,1.15,27.59,41.67,20.0,50.0,4.17,100.0,50.0,55.17,58.0,0.69,0.67,0.01,1.31,0.23,0.07
2020-12-21,2020-12,51,2,mobile,(direct),(none),(direct),returning_session,97,92,1370,446,137,44,0,9,4,1,23,7,2,1,7,1,50,1,28.0,1,1,1.03,23.71,30.43,28.57,50.0,4.35,100.0,50.0,51.55,28.0,0.3,0.29,0.01,1.41,0.45,0.09
2020-11-16,2020-11,46,2,tablet,google,organic,(organic),returning_session,4,4,12,2,0,0,0,0,0,0,0,0,0,0,0,0,4,0,0.0,0,0,0.0,0.0,,,,,,,100.0,,0.0,0.0,0.0,0.0,0.0,0.0
2020-11-16,2020-11,46,2,desktop,(data deleted),(data deleted),(data deleted),new_session,1,1,2,1,0,0,0,0,0,0,0,0,0,0,0,0,1,0,0.0,0,0,0.0,0.0,,,,,,,100.0,,0.0,0.0,0.0,0.0,0.0,0.0
2020-11-16,2020-11,46,2,tablet,(data deleted),(data deleted),<Other>,returning_session,1,1,2,0,0,0,0,0,0,0,0,0,0,0,0,0,1,0,0.0,0,0,0.0,0.0,,,,,,,100.0,,0.0,0.0,0.0,0.0,0.0,0.0
2020-11-16,2020-11,46,2,tablet,<Other>,<Other>,<Other>,returning_session,1,1,9,3,0,0,0,0,0,0,0,0,0,0,0,0,0,0,0.0,0,0,0.0,0.0,,,,,,,0.0,,0.0,0.0,0.0,0.0,0.0,0.0
2020-11-16,2020-11,46,2,tablet,<Other>,referral,(referral),returning_session,2,2,16,5,0,0,0,0,0,0,0,0,0,0,0,0,1,0,0.0,0,0,0.0,0.0,,,,,,,50.0,,0.0,0.0,0.0,0.0,0.0,0.0
2020-11-16,2020-11,46,2,mobile,<Other>,organic,(organic),returning_session,4,4,36,12,0,0,0,0,0,0,0,0,0,0,0,0,1,0,0.0,0,0,0.0,0.0,,,,,,,25.0,,0.0,0.0,0.0,0.0,0.0,0.0
2020-11-16,2020-11,46,2,tablet,<Other>,(data deleted),(data deleted),returning_session,2,2,9,3,0,0,0,0,0,0,0,0,0,0,0,0,1,0,0.0,0,0,0.0,0.0,,,,,,,50.0,,0.0,0.0,0.0,0.0,0.0,0.0
2020-11-16,2020-11,46,2,tablet,<Other>,referral,(referral),new_session,2,2,11,3,0,0,0,0,0,0,0,0,0,0,0,0,1,0,0.0,0,0,0.0,0.0,,,,,,,50.0,,0.0,0.0,0.0,0.0,0.0,0.0
2020-11-16,2020-11,46,2,mobile,<Other>,(data deleted),(data deleted),new_session,1,1,2,1,0,0,0,0,0,0,0,0,0,0,0,0,1,0,0.0,0,0,0.0,0.0,,,,,,,100.0,,0.0,0.0,0.0,0.0,0.0,0.0
2020-11-16,2020-11,46,2,tablet,google,cpc,<Other>,returning_session,1,1,3,1,0,0,0,0,0,0,0,0,0,0,0,0,1,0,0.0,0,0,0.0,0.0,,,,,,,100.0,,0.0,0.0,0.0,0.0,0.0,0.0
2020-11-16,2020-11,46,2,mobile,(data deleted),(data deleted),<Other>,returning_session,2,2,13,6,0,0,0,0,0,0,0,0,0,0,0,0,1,0,0.0,0,0,0.0,0.0,,,,,,,50.0,,0.0,0.0,0.0,0.0,0.0,0.0
2020-11-16,2020-11,46,2,desktop,<Other>,(data deleted),(data deleted),returning_session,1,1,12,3,3,0,0,0,0,0,1,0,0,0,0,0,0,0,0.0,0,0,0.0,100.0,0.0,,,0.0,,,0.0,,0.0,0.0,0.0,3.0,0.0,0.0
2020-11-16,2020-11,46,2,mobile,<Other>,referral,(referral),new_session,74,74,1188,378,116,0,0,10,0,0,15,0,4,0,0,4,37,0,0.0,0,0,0.0,20.27,0.0,,0.0,0.0,,100.0,50.0,,0.0,0.0,0.0,1.57,0.0,0.14
2020-11-16,2020-11,46,2,desktop,(data deleted),(data deleted),<Other>,returning_session,3,3,30,10,1,0,0,0,0,0,1,0,0,0,0,0,1,0,0.0,0,0,0.0,33.33,0.0,,,0.0,,,33.33,,0.0,0.0,0.0,0.33,0.0,0.0
2020-11-16,2020-11,46,2,tablet,(data deleted),(data deleted),(data deleted),returning_session,5,5,97,33,11,0,0,0,0,0,2,0,0,0,0,0,2,0,0.0,0,0,0.0,40.0,0.0,,,0.0,,,40.0,,0.0,0.0,0.0,2.2,0.0,0.0
2020-11-16,2020-11,46,2,tablet,shop.googlemerchandisestore.com,referral,(referral),new_session,4,4,29,9,1,0,0,0,0,0,1,0,0,0,0,0,3,0,0.0,0,0,0.0,25.0,0.0,,,0.0,,,75.0,,0.0,0.0,0.0,0.25,0.0,0.0
2020-11-16,2020-11,46,2,tablet,<Other>,organic,(organic),new_session,2,2,16,3,6,0,0,0,0,0,1,0,0,0,0,0,1,0,0.0,0,0,0.0,50.0,0.0,,,0.0,,,50.0,,0.0,0.0,0.0,3.0,0.0,0.0
2020-11-16,2020-11,46,2,desktop,<Other>,organic,(organic),returning_session,7,7,150,46,16,0,0,4,2,0,1,0,1,0,0,1,3,0,0.0,0,0,0.0,14.29,0.0,,0.0,0.0,,100.0,42.86,,0.0,0.0,0.0,2.29,0.0,0.57
2020-11-16,2020-11,46,2,mobile,(data deleted),(data deleted),(data deleted),new_session,1,1,39,14,4,0,0,0,0,0,1,0,0,0,0,0,0,0,0.0,0,0,0.0,100.0,0.0,,,0.0,,,0.0,,0.0,0.0,0.0,4.0,0.0,0.0
2020-11-16,2020-11,46,2,mobile,<Other>,(data deleted),(data deleted),returning_session,3,3,17,5,1,0,0,0,0,0,1,0,0,0,0,0,1,0,0.0,0,0,0.0,33.33,0.0,,,0.0,,,33.33,,0.0,0.0,0.0,0.33,0.0,0.0
2020-11-16,2020-11,46,2,desktop,google,cpc,<Other>,new_session,69,69,1326,444,161,0,0,4,0,0,17,0,2,0,0,2,36,0,0.0,0,0,0.0,24.64,0.0,,0.0,0.0,,100.0,52.17,,0.0,0.0,0.0,2.33,0.0,0.06
2020-11-16,2020-11,46,2,tablet,shop.googlemerchandisestore.com,referral,(referral),returning_session,6,5,45,12,6,0,0,0,0,0,2,0,0,0,0,0,4,0,0.0,0,0,0.0,33.33,0.0,,,0.0,,,66.67,,0.0,0.0,0.0,1.0,0.0,0.0
2020-11-16,2020-11,46,2,tablet,google,cpc,<Other>,new_session,3,3,34,10,5,0,0,0,0,0,2,0,0,0,0,0,0,0,0.0,0,0,0.0,66.67,0.0,,,0.0,,,0.0,,0.0,0.0,0.0,1.67,0.0,0.0
2020-11-16,2020-11,46,2,mobile,google,cpc,<Other>,returning_session,8,8,190,60,24,0,0,4,3,0,4,0,1,0,0,1,2,0,0.0,0,0,0.0,50.0,0.0,,0.0,0.0,,100.0,25.0,,0.0,0.0,0.0,3.0,0.0,0.5
2020-11-16,2020-11,46,2,mobile,(data deleted),(data deleted),(data deleted),returning_session,101,97,1228,357,147,0,0,10,5,1,24,0,4,1,0,3,55,1,15.0,3,3,0.99,23.76,0.0,,25.0,4.17,,75.0,54.46,15.0,0.15,0.15,0.01,1.46,0.0,0.1
2020-11-16,2020-11,46,2,desktop,<Other>,referral,(referral),returning_session,69,68,665,205,50,0,0,8,5,1,17,0,2,1,0,1,37,1,63.0,1,1,1.45,24.64,0.0,,50.0,5.88,,50.0,53.62,63.0,0.93,0.91,0.01,0.72,0.0,0.12
2020-11-16,2020-11,46,2,mobile,<Other>,referral,(referral),returning_session,52,51,652,190,96,0,0,10,10,1,15,0,3,1,0,2,26,1,48.0,2,2,1.92,28.85,0.0,,33.33,6.67,,66.67,50.0,48.0,0.94,0.92,0.02,1.85,0.0,0.19
2020-11-16,2020-11,46,2,mobile,google,cpc,<Other>,new_session,51,51,603,171,43,0,0,12,5,1,14,0,2,1,0,1,28,1,38.0,2,1,1.96,27.45,0.0,,50.0,7.14,,50.0,54.9,38.0,0.75,0.75,0.02,0.84,0.0,0.24
2020-11-16,2020-11,46,2,mobile,shop.googlemerchandisestore.com,referral,(referral),returning_session,73,70,878,263,84,0,0,14,6,2,15,0,6,2,0,4,45,2,153.0,4,3,2.74,20.55,0.0,,33.33,13.33,,66.67,61.64,76.5,2.19,2.1,0.03,1.15,0.0,0.19
2020-11-16,2020-11,46,2,mobile,shop.googlemerchandisestore.com,referral,(referral),new_session,51,51,990,307,128,0,0,12,5,3,13,0,5,3,0,2,26,3,381.0,13,11,5.88,25.49,0.0,,60.0,23.08,,40.0,50.98,127.0,7.47,7.47,0.06,2.51,0.0,0.24
2020-11-16,2020-11,46,2,mobile,<Other>,<Other>,<Other>,returning_session,23,23,356,103,41,0,0,6,5,2,8,0,3,2,0,1,10,2,195.0,8,8,8.7,34.78,0.0,,66.67,25.0,,33.33,43.48,97.5,8.48,8.48,0.09,1.78,0.0,0.26
2020-11-16,2020-11,46,2,tablet,<Other>,<Other>,<Other>,new_session,8,8,151,42,7,0,0,8,4,1,3,0,2,1,0,1,4,1,22.0,1,1,12.5,37.5,0.0,,50.0,33.33,,50.0,50.0,22.0,2.75,2.75,0.13,0.88,0.0,1.0
2020-11-16,2020-11,46,2,tablet,(direct),(none),(direct),new_session,12,12,251,76,18,0,0,2,2,1,2,0,1,1,0,0,5,1,34.0,5,5,8.33,16.67,0.0,,100.0,50.0,,0.0,41.67,34.0,2.83,2.83,0.08,1.5,0.0,0.17
2020-11-16,2020-11,46,2,tablet,(direct),(none),(direct),returning_session,5,5,118,36,17,0,0,2,2,1,2,0,1,1,0,0,3,1,40.0,2,2,20.0,40.0,0.0,,100.0,50.0,,0.0,60.0,40.0,8.0,8.0,0.2,3.4,0.0,0.4
2020-11-16,2020-11,46,2,desktop,google,cpc,<Other>,returning_session,6,6,108,32,3,0,0,6,4,2,2,0,2,2,0,0,2,2,54.0,2,2,33.33,33.33,0.0,,100.0,100.0,,0.0,33.33,27.0,9.0,9.0,0.33,0.5,0.0,1.0
2020-11-16,2020-11,46,2,desktop,<Other>,<Other>,<Other>,new_session,260,260,3655,1133,355,5,0,22,6,3,57,1,9,3,0,6,139,3,524.0,17,17,1.15,21.92,1.75,900.0,33.33,5.26,0.0,66.67,53.46,174.67,2.02,2.02,0.01,1.37,0.02,0.08
2020-11-16,2020-11,46,2,mobile,google,organic,(organic),returning_session,101,97,1721,531,203,5,0,36,17,6,33,1,8,6,0,2,50,6,541.0,32,26,5.94,32.67,3.03,800.0,75.0,18.18,0.0,25.0,49.5,90.17,5.58,5.36,0.06,2.01,0.05,0.36
2020-11-16,2020-11,46,2,desktop,(direct),(none),(direct),returning_session,125,122,2370,739,237,12,0,70,38,8,35,1,13,8,0,5,67,8,470.0,39,19,6.4,28.0,2.86,1300.0,61.54,22.86,0.0,38.46,53.6,58.75,3.85,3.76,0.07,1.9,0.1,0.56
2020-11-16,2020-11,46,2,desktop,(data deleted),(data deleted),(data deleted),returning_session,171,161,2063,637,155,6,0,46,22,5,40,3,7,5,1,2,86,5,403.0,17,16,2.92,23.39,7.5,233.33,71.43,12.5,33.33,28.57,50.29,80.6,2.5,2.36,0.03,0.91,0.04,0.27
2020-11-16,2020-11,46,2,mobile,<Other>,<Other>,<Other>,new_session,189,189,2923,936,300,5,0,16,1,1,46,2,8,1,1,7,91,1,25.0,3,3,0.53,24.34,4.35,400.0,12.5,2.17,50.0,87.5,48.15,25.0,0.13,0.13,0.01,1.59,0.03,0.08
2020-11-16,2020-11,46,2,desktop,<Other>,<Other>,<Other>,returning_session,39,39,506,140,51,12,0,4,3,2,9,2,2,2,1,0,20,2,71.0,5,5,5.13,23.08,22.22,100.0,100.0,22.22,50.0,0.0,51.28,35.5,1.82,1.82,0.05,1.31,0.31,0.1
2020-11-16,2020-11,46,2,desktop,shop.googlemerchandisestore.com,referral,(referral),new_session,93,93,1257,405,96,1,0,8,0,0,18,1,4,0,1,4,50,0,0.0,0,0,0.0,19.35,5.56,400.0,0.0,0.0,100.0,100.0,53.76,,0.0,0.0,0.0,1.03,0.01,0.09
2020-11-16,2020-11,46,2,mobile,<Other>,organic,(organic),new_session,32,32,392,105,69,1,0,0,0,0,9,1,0,0,1,0,15,0,0.0,0,0,0.0,28.13,11.11,0.0,,0.0,100.0,,46.88,,0.0,0.0,0.0,2.16,0.03,0.0
2020-11-16,2020-11,46,2,tablet,google,organic,(organic),new_session,16,16,150,46,6,1,0,2,0,0,2,1,1,0,1,1,9,0,0.0,0,0,0.0,12.5,50.0,100.0,0.0,0.0,100.0,100.0,56.25,,0.0,0.0,0.0,0.38,0.06,0.13
2020-11-16,2020-11,46,2,desktop,<Other>,organic,(organic),new_session,39,39,395,111,37,1,0,4,0,0,12,1,2,0,1,2,16,0,0.0,0,0,0.0,30.77,8.33,200.0,0.0,0.0,100.0,100.0,41.03,,0.0,0.0,0.0,0.95,0.03,0.1
2020-11-16,2020-11,46,2,desktop,<Other>,referral,(referral),new_session,125,125,1454,433,127,3,0,20,3,1,32,3,5,1,3,4,63,1,6.0,2,1,0.8,25.6,9.38,166.67,20.0,3.13,100.0,80.0,50.4,6.0,0.05,0.05,0.01,1.02,0.02,0.16
2020-11-16,2020-11,46,2,desktop,shop.googlemerchandisestore.com,referral,(referral),returning_session,104,98,1682,505,193,1,0,20,7,1,25,1,6,1,1,5,58,1,46.0,5,5,0.96,24.04,4.0,600.0,16.67,4.0,100.0,83.33,55.77,46.0,0.47,0.44,0.01,1.86,0.01,0.19
2020-11-16,2020-11,46,2,desktop,google,organic,(organic),new_session,488,488,6162,1887,529,14,0,32,12,5,120,6,12,5,6,7,234,5,198.0,11,7,1.02,24.59,5.0,200.0,41.67,4.17,100.0,58.33,47.95,39.6,0.41,0.41,0.01,1.08,0.03,0.07
2020-11-16,2020-11,46,2,mobile,(direct),(none),(direct),new_session,230,230,2745,817,246,6,0,20,8,3,58,2,8,3,2,5,105,3,174.0,12,11,1.3,25.22,3.45,400.0,37.5,5.17,100.0,62.5,45.65,58.0,0.76,0.76,0.01,1.07,0.03,0.09
2020-11-16,2020-11,46,2,desktop,(direct),(none),(direct),new_session,308,308,5222,1658,565,10,0,42,13,5,88,6,16,5,6,11,129,5,366.0,15,11,1.62,28.57,6.82,266.67,31.25,5.68,100.0,68.75,41.88,73.2,1.19,1.19,0.02,1.83,0.03,0.14
2020-11-16,2020-11,46,2,mobile,google,organic,(organic),new_session,303,303,4711,1505,489,2,0,44,12,5,65,1,15,5,1,10,157,5,618.0,89,19,1.65,21.45,1.54,1500.0,33.33,7.69,100.0,66.67,51.82,123.6,2.04,2.04,0.02,1.61,0.01,0.15
2020-11-16,2020-11,46,2,mobile,(direct),(none),(direct),returning_session,116,110,1631,504,152,1,0,20,20,3,32,1,5,3,1,2,56,3,330.0,6,6,2.59,27.59,3.13,500.0,60.0,9.38,100.0,40.0,48.28,110.0,3.0,2.84,0.03,1.31,0.01,0.17
2020-11-16,2020-11,46,2,desktop,google,organic,(organic),returning_session,135,121,1503,455,151,1,0,28,13,3,30,1,5,3,1,2,86,3,161.0,19,17,2.22,22.22,3.33,500.0,60.0,10.0,100.0,40.0,63.7,53.67,1.33,1.19,0.02,1.12,0.01,0.21
2020-11-29,2020-11,48,1,tablet,google,organic,(organic),new_session,16,16,93,25,4,0,0,0,0,0,3,0,0,0,0,0,11,0,0.0,0,0,0.0,18.75,0.0,,,0.0,,,68.75,,0.0,0.0,0.0,0.25,0.0,0.0
2020-11-29,2020-11,48,1,mobile,<Other>,(data deleted),(data deleted),returning_session,1,1,2,0,0,0,0,0,0,0,0,0,0,0,0,0,1,0,0.0,0,0,0.0,0.0,,,,,,,100.0,,0.0,0.0,0.0,0.0,0.0,0.0
2020-11-29,2020-11,48,1,tablet,shop.googlemerchandisestore.com,referral,(referral),new_session,4,4,75,23,4,0,0,0,0,0,1,0,0,0,0,0,0,0,0.0,0,0,0.0,25.0,0.0,,,0.0,,,0.0,,0.0,0.0,0.0,1.0,0.0,0.0
2020-11-29,2020-11,48,1,tablet,google,cpc,<Other>,new_session,3,3,27,7,2,2,0,0,0,0,1,1,0,0,1,0,2,0,0.0,0,0,0.0,33.33,100.0,0.0,,0.0,100.0,,66.67,,0.0,0.0,0.0,0.67,0.67,0.0
2020-11-29,2020-11,48,1,desktop,<Other>,organic,(organic),returning_session,12,12,38,7,1,0,0,0,0,0,1,0,0,0,0,0,10,0,0.0,0,0,0.0,8.33,0.0,,,0.0,,,83.33,,0.0,0.0,0.0,0.08,0.0,0.0
2020-11-29,2020-11,48,1,desktop,google,cpc,<Other>,returning_session,5,5,16,4,0,0,0,0,0,0,0,0,0,0,0,0,3,0,0.0,0,0,0.0,0.0,,,,,,,60.0,,0.0,0.0,0.0,0.0,0.0,0.0
2020-11-29,2020-11,48,1,tablet,<Other>,referral,(referral),returning_session,1,1,37,12,0,0,0,0,0,0,0,0,0,0,0,0,0,0,0.0,0,0,0.0,0.0,,,,,,,0.0,,0.0,0.0,0.0,0.0,0.0,0.0
2020-11-29,2020-11,48,1,tablet,<Other>,organic,(organic),new_session,1,1,4,1,0,0,0,0,0,0,0,0,0,0,0,0,1,0,0.0,0,0,0.0,0.0,,,,,,,100.0,,0.0,0.0,0.0,0.0,0.0,0.0
2020-11-29,2020-11,48,1,mobile,google,cpc,<Other>,returning_session,8,8,37,13,0,0,0,0,0,0,0,0,0,0,0,0,6,0,0.0,0,0,0.0,0.0,,,,,,,75.0,,0.0,0.0,0.0,0.0,0.0,0.0
2020-11-29,2020-11,48,1,tablet,<Other>,referral,(referral),new_session,3,3,17,5,0,0,0,0,0,0,0,0,0,0,0,0,2,0,0.0,0,0,0.0,0.0,,,,,,,66.67,,0.0,0.0,0.0,0.0,0.0,0.0
2020-11-29,2020-11,48,1,mobile,shop.googlemerchandisestore.com,referral,(referral),new_session,42,42,361,102,21,7,0,0,0,0,9,3,0,0,3,0,26,0,0.0,0,0,0.0,21.43,33.33,0.0,,0.0,100.0,,61.9,,0.0,0.0,0.0,0.5,0.17,0.0
2020-11-29,2020-11,48,1,mobile,<Other>,organic,(organic),new_session,36,36,277,78,6,0,0,0,0,0,5,0,0,0,0,0,19,0,0.0,0,0,0.0,13.89,0.0,,,0.0,,,52.78,,0.0,0.0,0.0,0.17,0.0,0.0
2020-11-29,2020-11,48,1,mobile,google,cpc,<Other>,new_session,40,40,257,73,9,1,0,0,0,0,4,1,0,0,1,0,25,0,0.0,0,0,0.0,10.0,25.0,0.0,,0.0,100.0,,62.5,,0.0,0.0,0.0,0.23,0.03,0.0
2020-11-29,2020-11,48,1,tablet,<Other>,<Other>,<Other>,returning_session,1,1,4,1,1,0,0,0,0,0,1,0,0,0,0,0,0,0,0.0,0,0,0.0,100.0,0.0,,,0.0,,,0.0,,0.0,0.0,0.0,1.0,0.0,0.0
2020-11-29,2020-11,48,1,desktop,(data deleted),(data deleted),(data deleted),new_session,1,1,5,2,0,0,0,0,0,0,0,0,0,0,0,0,0,0,0.0,0,0,0.0,0.0,,,,,,,0.0,,0.0,0.0,0.0,0.0,0.0,0.0
2020-11-29,2020-11,48,1,mobile,(data deleted),(data deleted),(data deleted),new_session,2,2,10,4,0,0,0,0,0,0,0,0,0,0,0,0,1,0,0.0,0,0,0.0,0.0,,,,,,,50.0,,0.0,0.0,0.0,0.0,0.0,0.0
2020-11-29,2020-11,48,1,tablet,google,organic,(organic),returning_session,3,2,8,2,0,0,0,0,0,0,0,0,0,0,0,0,3,0,0.0,0,0,0.0,0.0,,,,,,,100.0,,0.0,0.0,0.0,0.0,0.0,0.0
2020-11-29,2020-11,48,1,desktop,(data deleted),(data deleted),<Other>,returning_session,4,4,114,36,12,1,0,0,0,0,1,1,0,0,1,0,1,0,0.0,0,0,0.0,25.0,100.0,0.0,,0.0,100.0,,25.0,,0.0,0.0,0.0,3.0,0.25,0.0
2020-11-29,2020-11,48,1,desktop,shop.googlemerchandisestore.com,referral,(referral),new_session,71,71,760,222,66,7,0,1,0,0,20,7,1,0,7,1,34,0,0.0,0,0,0.0,28.17,35.0,14.29,0.0,0.0,100.0,100.0,47.89,,0.0,0.0,0.0,0.93,0.1,0.01
2020-11-29,2020-11,48,1,tablet,(data deleted),(data deleted),(data deleted),returning_session,6,6,175,60,29,0,0,1,0,0,1,0,1,0,0,1,3,0,0.0,0,0,0.0,16.67,0.0,,0.0,0.0,,100.0,50.0,,0.0,0.0,0.0,4.83,0.0,0.17
2020-11-29,2020-11,48,1,tablet,(direct),(none),(direct),new_session,10,10,344,128,48,2,0,1,0,0,2,1,1,0,1,1,6,0,0.0,0,0,0.0,20.0,50.0,100.0,0.0,0.0,100.0,100.0,60.0,,0.0,0.0,0.0,4.8,0.2,0.1
2020-11-29,2020-11,48,1,tablet,<Other>,<Other>,<Other>,new_session,8,8,405,143,67,17,0,1,0,0,3,2,1,0,2,1,3,0,0.0,0,0,0.0,37.5,66.67,50.0,0.0,0.0,100.0,100.0,37.5,,0.0,0.0,0.0,8.38,2.13,0.13
2020-11-29,2020-11,48,1,desktop,<Other>,referral,(referral),returning_session,51,50,717,237,59,12,0,4,3,0,12,3,3,0,3,3,33,0,0.0,0,0,0.0,23.53,25.0,100.0,0.0,0.0,100.0,100.0,64.71,,0.0,0.0,0.0,1.16,0.24,0.08
2020-11-29,2020-11,48,1,desktop,<Other>,<Other>,<Other>,returning_session,35,34,329,99,19,8,0,4,5,0,6,3,2,0,3,2,19,0,0.0,0,0,0.0,17.14,50.0,66.67,0.0,0.0,100.0,100.0,54.29,,0.0,0.0,0.0,0.54,0.23,0.11
2020-11-29,2020-11,48,1,mobile,<Other>,<Other>,<Other>,returning_session,21,21,267,78,26,9,0,2,0,0,4,2,2,0,2,2,12,0,0.0,0,0,0.0,19.05,50.0,100.0,0.0,0.0,100.0,100.0,57.14,,0.0,0.0,0.0,1.24,0.43,0.1
2020-11-29,2020-11,48,1,mobile,shop.googlemerchandisestore.com,referral,(referral),returning_session,47,47,539,157,47,9,0,1,0,0,12,4,1,0,4,1,26,0,0.0,0,0,0.0,25.53,33.33,25.0,0.0,0.0,100.0,100.0,55.32,,0.0,0.0,0.0,1.0,0.19,0.02
2020-11-29,2020-11,48,1,desktop,(direct),(none),(direct),new_session,317,317,4858,1566,511,63,0,16,5,1,70,28,11,1,27,10,171,1,60.0,1,1,0.32,22.08,40.0,39.29,9.09,1.43,96.43,90.91,53.94,60.0,0.19,0.19,0.0,1.61,0.2,0.05
2020-11-29,2020-11,48,1,mobile,(direct),(none),(direct),new_session,233,233,2925,938,272,39,0,11,1,1,51,21,8,1,20,7,131,1,54.0,3,3,0.43,21.89,41.18,38.1,12.5,1.96,95.24,87.5,56.22,54.0,0.23,0.23,0.0,1.17,0.17,0.05
2020-11-29,2020-11,48,1,mobile,<Other>,<Other>,<Other>,new_session,189,189,2016,624,156,17,0,11,2,1,33,11,6,1,10,5,107,1,150.0,10,1,0.53,17.46,33.33,54.55,16.67,3.03,90.91,83.33,56.61,150.0,0.79,0.79,0.01,0.83,0.09,0.06
2020-11-29,2020-11,48,1,desktop,<Other>,organic,(organic),new_session,42,42,709,222,78,21,0,2,2,1,10,4,2,1,3,1,25,1,63.0,5,5,2.38,23.81,40.0,50.0,50.0,10.0,75.0,50.0,59.52,63.0,1.5,1.5,0.02,1.86,0.5,0.05
2020-11-29,2020-11,48,1,desktop,google,cpc,<Other>,new_session,74,74,1106,356,129,17,0,2,1,1,17,5,2,1,5,1,43,1,233.0,13,4,1.35,22.97,29.41,40.0,50.0,5.88,100.0,50.0,58.11,233.0,3.15,3.15,0.01,1.74,0.23,0.03
2020-11-29,2020-11,48,1,tablet,(direct),(none),(direct),returning_session,6,6,89,26,5,1,0,1,3,1,1,1,1,1,0,0,5,1,34.0,3,1,16.67,16.67,100.0,100.0,100.0,100.0,0.0,0.0,83.33,34.0,5.67,5.67,0.17,0.83,0.17,0.17
2020-11-29,2020-11,48,1,mobile,<Other>,organic,(organic),returning_session,7,7,64,19,3,0,0,1,1,1,1,0,1,1,0,0,4,1,24.0,1,1,14.29,14.29,0.0,,100.0,100.0,,0.0,57.14,24.0,3.43,3.43,0.14,0.43,0.0,0.14
2020-11-29,2020-11,48,1,desktop,<Other>,(data deleted),(data deleted),returning_session,3,3,40,13,0,0,0,2,1,1,0,0,1,1,0,0,0,1,24.0,1,1,33.33,0.0,,,100.0,,,0.0,0.0,24.0,8.0,8.0,0.33,0.0,0.0,0.67
2020-11-29,2020-11,48,1,mobile,<Other>,referral,(referral),returning_session,38,37,411,108,72,14,0,1,1,1,7,3,1,1,2,0,23,1,61.0,8,8,2.63,18.42,42.86,33.33,100.0,14.29,66.67,0.0,60.53,61.0,1.65,1.61,0.03,1.89,0.37,0.03
2020-11-29,2020-11,48,1,tablet,shop.googlemerchandisestore.com,referral,(referral),returning_session,3,3,106,28,12,12,0,2,2,1,2,2,1,1,1,0,1,1,243.0,5,5,33.33,66.67,100.0,50.0,100.0,50.0,50.0,0.0,33.33,243.0,81.0,81.0,0.33,4.0,4.0,0.67
2020-11-29,2020-11,48,1,mobile,(direct),(none),(direct),returning_session,78,74,1185,340,139,50,0,8,4,2,18,10,4,2,8,2,47,2,70.0,2,3,2.56,23.08,55.56,40.0,50.0,11.11,80.0,50.0,60.26,35.0,0.95,0.9,0.03,1.78,0.64,0.1
2020-11-29,2020-11,48,1,desktop,google,organic,(organic),returning_session,90,88,776,223,72,11,0,5,7,2,20,7,3,2,5,1,50,2,79.0,4,3,2.22,22.22,35.0,42.86,66.67,10.0,71.43,33.33,55.56,39.5,0.9,0.88,0.02,0.8,0.12,0.06
2020-11-29,2020-11,48,1,desktop,<Other>,referral,(referral),new_session,141,141,1755,498,234,48,0,8,9,2,34,11,3,2,9,1,74,2,37.0,2,3,1.42,24.11,32.35,27.27,66.67,5.88,81.82,33.33,52.48,18.5,0.26,0.26,0.01,1.66,0.34,0.06
2020-11-29,2020-11,48,1,mobile,<Other>,referral,(referral),new_session,75,75,1707,553,174,34,0,31,7,3,14,6,4,1,5,3,37,3,144.0,8,8,1.33,18.67,42.86,66.67,25.0,7.14,83.33,75.0,49.33,48.0,1.92,1.92,0.04,2.32,0.45,0.41
2020-11-29,2020-11,48,1,mobile,google,organic,(organic),returning_session,84,83,921,256,77,40,0,12,13,3,15,5,4,3,2,1,61,3,215.0,15,15,3.57,17.86,33.33,80.0,75.0,20.0,40.0,25.0,72.62,71.67,2.59,2.56,0.04,0.92,0.48,0.14
2020-11-29,2020-11,48,1,desktop,(direct),(none),(direct),returning_session,109,102,1406,433,133,46,0,12,11,3,20,5,3,3,2,0,66,3,463.0,19,17,2.75,18.35,25.0,60.0,100.0,15.0,40.0,0.0,60.55,154.33,4.54,4.25,0.03,1.22,0.42,0.11
2020-11-29,2020-11,48,1,desktop,google,organic,(organic),new_session,464,464,6034,1874,524,84,0,37,13,4,102,37,17,4,34,13,242,4,247.0,11,11,0.86,21.98,36.27,45.95,23.53,3.92,91.89,76.47,52.16,61.75,0.53,0.53,0.01,1.13,0.18,0.08
2020-11-29,2020-11,48,1,mobile,(data deleted),(data deleted),(data deleted),returning_session,83,77,1203,362,110,32,0,17,17,4,20,9,5,4,5,1,51,4,154.0,5,6,4.82,24.1,45.0,55.56,80.0,20.0,55.56,20.0,61.45,38.5,2.0,1.86,0.05,1.33,0.39,0.2
2020-11-29,2020-11,48,1,desktop,shop.googlemerchandisestore.com,referral,(referral),returning_session,93,90,1171,355,114,38,0,13,9,4,18,9,5,4,5,1,63,4,528.0,30,18,4.3,19.35,50.0,55.56,80.0,22.22,55.56,20.0,67.74,132.0,5.87,5.68,0.04,1.23,0.41,0.14
2020-11-29,2020-11,48,1,desktop,<Other>,<Other>,<Other>,new_session,241,241,3320,1054,324,57,0,17,15,5,64,22,10,4,18,6,123,5,217.0,12,12,1.66,26.56,34.38,45.45,40.0,6.25,81.82,60.0,51.04,43.4,0.9,0.9,0.02,1.34,0.24,0.07
2020-11-29,2020-11,48,1,desktop,(data deleted),(data deleted),(data deleted),returning_session,111,104,1521,456,165,34,0,17,15,5,27,12,7,5,7,2,68,5,237.0,10,10,4.5,24.32,44.44,58.33,71.43,18.52,58.33,28.57,61.26,47.4,2.28,2.14,0.05,1.49,0.31,0.15
2020-11-29,2020-11,48,1,mobile,google,organic,(organic),new_session,340,340,4535,1366,455,119,0,20,10,6,78,31,16,6,25,10,195,6,601.0,39,23,1.76,22.94,39.74,51.61,37.5,7.69,80.65,62.5,57.35,100.17,1.77,1.77,0.02,1.34,0.35,0.06
2021-01-14,2021-01,2,5,mobile,(data deleted),(data deleted),(data deleted),new_session,3,3,16,7,0,0,0,0,0,0,0,0,0,0,0,0,2,0,0.0,0,0,0.0,0.0,,,,,,,66.67,,0.0,0.0,0.0,0.0,0.0,0.0
2021-01-14,2021-01,2,5,tablet,<Other>,referral,(referral),returning_session,3,3,10,3,0,0,0,0,0,0,0,0,0,0,0,0,2,0,0.0,0,0,0.0,0.0,,,,,,,66.67,,0.0,0.0,0.0,0.0,0.0,0.0
2021-01-14,2021-01,2,5,tablet,(data deleted),(data deleted),<Other>,returning_session,1,1,2,0,0,0,0,0,0,0,0,0,0,0,0,0,1,0,0.0,0,0,0.0,0.0,,,,,,,100.0,,0.0,0.0,0.0,0.0,0.0,0.0
2021-01-14,2021-01,2,5,tablet,<Other>,organic,(organic),new_session,1,1,5,2,0,0,0,0,0,0,0,0,0,0,0,0,0,0,0.0,0,0,0.0,0.0,,,,,,,0.0,,0.0,0.0,0.0,0.0,0.0,0.0
2021-01-14,2021-01,2,5,desktop,(data deleted),(data deleted),<Other>,returning_session,1,1,2,0,0,0,0,0,0,0,0,0,0,0,0,0,1,0,0.0,0,0,0.0,0.0,,,,,,,100.0,,0.0,0.0,0.0,0.0,0.0,0.0
2021-01-14,2021-01,2,5,tablet,<Other>,(data deleted),(data deleted),returning_session,1,1,5,2,0,0,0,0,0,0,0,0,0,0,0,0,0,0,0.0,0,0,0.0,0.0,,,,,,,0.0,,0.0,0.0,0.0,0.0,0.0,0.0
2021-01-14,2021-01,2,5,tablet,google,cpc,<Other>,new_session,3,3,18,6,0,0,0,0,0,0,0,0,0,0,0,0,0,0,0.0,0,0,0.0,0.0,,,,,,,0.0,,0.0,0.0,0.0,0.0,0.0,0.0
2021-01-14,2021-01,2,5,mobile,(data deleted),(data deleted),<Other>,new_session,1,1,2,1,0,0,0,0,0,0,0,0,0,0,0,0,1,0,0.0,0,0,0.0,0.0,,,,,,,100.0,,0.0,0.0,0.0,0.0,0.0,0.0
2021-01-14,2021-01,2,5,desktop,(data deleted),(data deleted),(data deleted),new_session,3,3,23,8,0,0,0,0,0,0,0,0,0,0,0,0,1,0,0.0,0,0,0.0,0.0,,,,,,,33.33,,0.0,0.0,0.0,0.0,0.0,0.0
2021-01-14,2021-01,2,5,tablet,shop.googlemerchandisestore.com,referral,(referral),new_session,4,4,32,11,1,0,0,0,0,0,1,0,0,0,0,0,0,0,0.0,0,0,0.0,25.0,0.0,,,0.0,,,0.0,,0.0,0.0,0.0,0.25,0.0,0.0
2021-01-14,2021-01,2,5,desktop,<Other>,organic,(organic),returning_session,18,18,126,46,3,0,0,0,0,0,2,0,0,0,0,0,5,0,0.0,0,0,0.0,11.11,0.0,,,0.0,,,27.78,,0.0,0.0,0.0,0.17,0.0,0.0
2021-01-14,2021-01,2,5,tablet,<Other>,referral,(referral),new_session,7,7,44,18,3,0,0,0,0,0,2,0,0,0,0,0,2,0,0.0,0,0,0.0,28.57,0.0,,,0.0,,,28.57,,0.0,0.0,0.0,0.43,0.0,0.0
2021-01-14,2021-01,2,5,tablet,<Other>,<Other>,<Other>,new_session,10,10,82,28,2,0,0,0,0,0,2,0,0,0,0,0,0,0,0.0,0,0,0.0,20.0,0.0,,,0.0,,,0.0,,0.0,0.0,0.0,0.2,0.0,0.0
2021-01-14,2021-01,2,5,tablet,(direct),(none),(direct),returning_session,4,3,21,7,2,0,0,0,0,0,1,0,0,0,0,0,2,0,0.0,0,0,0.0,25.0,0.0,,,0.0,,,50.0,,0.0,0.0,0.0,0.5,0.0,0.0
2021-01-14,2021-01,2,5,mobile,google,cpc,<Other>,new_session,73,73,558,207,10,0,0,0,0,0,9,0,0,0,0,0,0,0,0.0,0,0,0.0,12.33,0.0,,,0.0,,,0.0,,0.0,0.0,0.0,0.14,0.0,0.0
2021-01-14,2021-01,2,5,tablet,shop.googlemerchandisestore.com,referral,(referral),returning_session,4,4,31,11,2,0,0,0,0,0,1,0,0,0,0,0,2,0,0.0,0,0,0.0,25.0,0.0,,,0.0,,,50.0,,0.0,0.0,0.0,0.5,0.0,0.0
2021-01-14,2021-01,2,5,tablet,(direct),(none),(direct),new_session,19,19,150,52,10,0,0,0,0,0,7,0,0,0,0,0,2,0,0.0,0,0,0.0,36.84,0.0,,,0.0,,,10.53,,0.0,0.0,0.0,0.53,0.0,0.0
2021-01-14,2021-01,2,5,desktop,<Other>,(data deleted),(data deleted),returning_session,5,5,36,12,3,0,0,0,0,0,1,0,0,0,0,0,2,0,0.0,0,0,0.0,20.0,0.0,,,0.0,,,40.0,,0.0,0.0,0.0,0.6,0.0,0.0
2021-01-14,2021-01,2,5,tablet,(data deleted),(data deleted),(data deleted),returning_session,8,8,45,12,1,3,0,0,0,0,1,1,0,0,1,0,4,0,0.0,0,0,0.0,12.5,100.0,0.0,,0.0,100.0,,50.0,,0.0,0.0,0.0,0.13,0.38,0.0
2021-01-14,2021-01,2,5,tablet,<Other>,<Other>,<Other>,returning_session,2,2,16,5,2,2,0,0,0,0,1,1,0,0,1,0,0,0,0.0,0,0,0.0,50.0,100.0,0.0,,0.0,100.0,,0.0,,0.0,0.0,0.0,1.0,1.0,0.0
2021-01-14,2021-01,2,5,desktop,google,cpc,<Other>,new_session,104,104,991,351,44,10,0,0,0,0,19,4,0,0,4,0,4,0,0.0,0,0,0.0,18.27,21.05,0.0,,0.0,100.0,,3.85,,0.0,0.0,0.0,0.42,0.1,0.0
2021-01-14,2021-01,2,5,mobile,<Other>,organic,(organic),new_session,46,46,367,136,15,2,0,0,0,0,7,2,0,0,2,0,3,0,0.0,0,0,0.0,15.22,28.57,0.0,,0.0,100.0,,6.52,,0.0,0.0,0.0,0.33,0.04,0.0
2021-01-14,2021-01,2,5,desktop,google,cpc,<Other>,returning_session,4,4,114,32,19,9,0,0,0,0,3,3,0,0,3,0,1,0,0.0,0,0,0.0,75.0,100.0,0.0,,0.0,100.0,,25.0,,0.0,0.0,0.0,4.75,2.25,0.0
2021-01-14,2021-01,2,5,tablet,google,organic,(organic),new_session,29,29,269,94,19,5,0,0,0,0,5,2,0,0,2,0,0,0,0.0,0,0,0.0,17.24,40.0,0.0,,0.0,100.0,,0.0,,0.0,0.0,0.0,0.66,0.17,0.0
2021-01-14,2021-01,2,5,mobile,<Other>,organic,(organic),returning_session,4,4,65,22,6,1,0,0,0,0,2,1,0,0,1,0,1,0,0.0,0,0,0.0,50.0,50.0,0.0,,0.0,100.0,,25.0,,0.0,0.0,0.0,1.5,0.25,0.0
2021-01-14,2021-01,2,5,tablet,google,organic,(organic),returning_session,6,6,61,20,6,3,0,0,0,0,3,1,0,0,1,0,1,0,0.0,0,0,0.0,50.0,33.33,0.0,,0.0,100.0,,16.67,,0.0,0.0,0.0,1.0,0.5,0.0
2021-01-14,2021-01,2,5,mobile,google,cpc,<Other>,returning_session,4,4,50,14,3,3,0,0,0,0,1,1,0,0,1,0,2,0,0.0,0,0,0.0,25.0,100.0,0.0,,0.0,100.0,,50.0,,0.0,0.0,0.0,0.75,0.75,0.0
2021-01-14,2021-01,2,5,mobile,<Other>,referral,(referral),new_session,140,140,1378,485,69,8,0,0,0,0,23,3,0,0,3,0,6,0,0.0,0,0,0.0,16.43,13.04,0.0,,0.0,100.0,,4.29,,0.0,0.0,0.0,0.49,0.06,0.0
2021-01-14,2021-01,2,5,desktop,<Other>,<Other>,<Other>,new_session,332,332,3014,1050,160,28,0,9,2,2,54,10,2,2,9,0,16,2,87.0,4,4,0.6,16.27,18.52,20.0,100.0,3.7,90.0,0.0,4.82,43.5,0.26,0.26,0.01,0.48,0.08,0.03
2021-01-14,2021-01,2,5,desktop,(direct),(none),(direct),new_session,482,482,5290,1813,386,90,0,41,8,1,89,26,7,1,25,6,26,1,41.0,2,2,0.21,18.46,29.21,26.92,14.29,1.12,96.15,85.71,5.39,41.0,0.09,0.09,0.0,0.8,0.19,0.09
2021-01-14,2021-01,2,5,desktop,<Other>,organic,(organic),new_session,67,67,746,259,52,3,0,3,0,0,12,3,1,0,3,1,2,0,0.0,0,0,0.0,17.91,25.0,33.33,0.0,0.0,100.0,100.0,2.99,,0.0,0.0,0.0,0.78,0.04,0.04
2021-01-14,2021-01,2,5,mobile,google,organic,(organic),returning_session,98,92,956,323,92,24,0,18,5,2,27,6,2,2,4,0,26,2,110.0,2,2,2.04,27.55,22.22,33.33,100.0,7.41,66.67,0.0,26.53,55.0,1.2,1.12,0.02,0.94,0.24,0.18
2021-01-14,2021-01,2,5,desktop,<Other>,<Other>,<Other>,returning_session,38,37,342,107,39,18,0,3,1,1,10,3,1,1,2,0,10,1,42.0,2,2,2.63,26.32,30.0,33.33,100.0,10.0,66.67,0.0,26.32,42.0,1.14,1.11,0.03,1.03,0.47,0.08
2021-01-14,2021-01,2,5,desktop,<Other>,referral,(referral),returning_session,65,64,913,288,151,17,0,15,5,2,19,6,2,2,5,0,21,2,186.0,22,18,3.08,29.23,31.58,33.33,100.0,10.53,83.33,0.0,32.31,93.0,2.91,2.86,0.03,2.32,0.26,0.23
2021-01-14,2021-01,2,5,desktop,shop.googlemerchandisestore.com,referral,(referral),returning_session,102,100,1034,345,73,23,0,24,7,4,23,11,4,4,9,0,32,4,162.0,7,7,3.92,22.55,47.83,36.36,100.0,17.39,81.82,0.0,31.37,40.5,1.62,1.59,0.04,0.72,0.23,0.24
2021-01-14,2021-01,2,5,desktop,shop.googlemerchandisestore.com,referral,(referral),new_session,94,94,1327,429,139,28,0,5,2,1,28,5,2,1,4,1,3,1,0.0,0,1,1.06,29.79,17.86,40.0,50.0,3.57,80.0,50.0,3.19,0.0,0.0,0.0,0.01,1.48,0.3,0.05
2021-01-14,2021-01,2,5,desktop,google,organic,(organic),new_session,667,667,6315,2224,311,62,0,27,8,2,121,19,8,2,18,6,36,2,134.0,7,7,0.3,18.14,15.7,42.11,25.0,1.65,94.74,75.0,5.4,67.0,0.2,0.2,0.0,0.47,0.09,0.04
2021-01-14,2021-01,2,5,mobile,(direct),(none),(direct),new_session,331,331,3097,1086,166,31,0,27,7,2,60,11,5,1,10,4,17,2,140.0,11,2,0.3,18.13,18.33,45.45,20.0,1.67,90.91,80.0,5.14,70.0,0.42,0.42,0.01,0.5,0.09,0.08
2021-01-14,2021-01,2,5,mobile,<Other>,<Other>,<Other>,new_session,217,217,2047,725,109,6,0,13,4,1,34,4,2,1,4,1,15,1,55.0,1,1,0.46,15.67,11.76,50.0,50.0,2.94,100.0,50.0,6.91,55.0,0.25,0.25,0.0,0.5,0.03,0.06
2021-01-14,2021-01,2,5,desktop,<Other>,referral,(referral),new_session,149,149,1615,551,105,9,0,12,2,1,29,4,2,1,3,1,5,1,70.0,1,1,0.67,19.46,13.79,50.0,50.0,3.45,75.0,50.0,3.36,70.0,0.47,0.47,0.01,0.7,0.06,0.08
2021-01-14,2021-01,2,5,mobile,(data deleted),(data deleted),(data deleted),returning_session,95,90,793,259,73,19,0,9,3,2,21,4,2,1,3,1,33,1,166.0,18,12,1.05,22.11,19.05,50.0,50.0,4.76,75.0,50.0,34.74,166.0,1.84,1.75,0.01,0.77,0.2,0.09
2021-01-14,2021-01,2,5,mobile,google,organic,(organic),new_session,428,428,4838,1643,341,54,0,62,16,8,67,18,9,6,14,3,19,8,213.0,13,13,1.4,15.65,26.87,50.0,66.67,8.96,77.78,33.33,4.44,26.63,0.5,0.5,0.02,0.8,0.13,0.14
2021-01-14,2021-01,2,5,desktop,google,organic,(organic),returning_session,145,139,1606,527,130,28,0,21,8,3,29,10,5,3,8,2,49,3,91.0,19,13,2.07,20.0,34.48,50.0,60.0,10.34,80.0,40.0,33.79,30.33,0.65,0.63,0.02,0.9,0.19,0.14
2021-01-14,2021-01,2,5,mobile,shop.googlemerchandisestore.com,referral,(referral),new_session,73,73,686,234,41,16,0,9,3,2,16,4,2,2,3,0,1,2,56.0,8,6,2.74,21.92,25.0,50.0,100.0,12.5,75.0,0.0,1.37,28.0,0.77,0.77,0.03,0.56,0.22,0.12
2021-01-14,2021-01,2,5,mobile,<Other>,referral,(referral),returning_session,35,35,570,171,73,30,0,12,5,2,9,6,3,2,5,1,13,2,124.0,5,5,5.71,25.71,66.67,50.0,66.67,22.22,83.33,33.33,37.14,62.0,3.54,3.54,0.06,2.09,0.86,0.34
2021-01-14,2021-01,2,5,mobile,(direct),(none),(direct),returning_session,88,85,1024,335,101,21,0,25,4,2,16,8,5,2,6,3,35,2,865.0,15,9,2.27,18.18,50.0,62.5,40.0,12.5,75.0,60.0,39.77,432.5,10.18,9.83,0.02,1.15,0.24,0.28
2021-01-14,2021-01,2,5,desktop,(data deleted),(data deleted),(data deleted),returning_session,122,119,2189,709,253,45,0,60,12,5,39,11,7,4,8,3,32,5,262.0,38,17,3.28,31.97,28.21,63.64,57.14,10.26,72.73,42.86,26.23,52.4,2.2,2.15,0.04,2.07,0.37,0.49
2021-01-14,2021-01,2,5,desktop,(direct),(none),(direct),returning_session,123,121,1774,577,198,38,0,26,8,7,28,7,5,5,4,0,42,6,195.0,5,8,4.07,22.76,25.0,71.43,100.0,17.86,57.14,0.0,34.15,32.5,1.61,1.59,0.05,1.61,0.31,0.21
2021-01-14,2021-01,2,5,mobile,shop.googlemerchandisestore.com,referral,(referral),returning_session,76,75,1053,314,101,44,0,33,8,3,20,7,6,3,5,3,23,3,143.0,19,18,3.95,26.32,35.0,85.71,50.0,15.0,71.43,50.0,30.26,47.67,1.91,1.88,0.04,1.33,0.58,0.43
2021-01-14,2021-01,2,5,mobile,<Other>,<Other>,<Other>,returning_session,28,28,262,86,15,5,0,15,5,1,4,1,1,1,0,0,9,1,132.0,3,3,3.57,14.29,25.0,100.0,100.0,25.0,0.0,0.0,32.14,132.0,4.71,4.71,0.04,0.54,0.18,0.54
2020-12-07,2020-12,49,2,tablet,google,cpc,<Other>,new_session,8,8,35,9,0,0,0,0,0,0,0,0,0,0,0,0,7,0,0.0,0,0,0.0,0.0,,,,,,,87.5,,0.0,0.0,0.0,0.0,0.0,0.0
2020-12-07,2020-12,49,2,desktop,(data deleted),(data deleted),(data deleted),new_session,4,4,16,6,0,0,0,0,0,0,0,0,0,0,0,0,3,0,0.0,0,0,0.0,0.0,,,,,,,75.0,,0.0,0.0,0.0,0.0,0.0,0.0
2020-12-07,2020-12,49,2,tablet,<Other>,organic,(organic),returning_session,1,1,2,1,0,0,0,0,0,0,0,0,0,0,0,0,1,0,0.0,0,0,0.0,0.0,,,,,,,100.0,,0.0,0.0,0.0,0.0,0.0,0.0
2020-12-07,2020-12,49,2,tablet,<Other>,organic,(organic),new_session,3,3,16,4,0,0,0,0,0,0,0,0,0,0,0,0,2,0,0.0,0,0,0.0,0.0,,,,,,,66.67,,0.0,0.0,0.0,0.0,0.0,0.0
2020-12-07,2020-12,49,2,mobile,(data deleted),(data deleted),<Other>,returning_session,5,5,54,17,0,0,0,0,0,0,0,0,0,0,0,0,2,0,0.0,0,0,0.0,0.0,,,,,,,40.0,,0.0,0.0,0.0,0.0,0.0,0.0
2020-12-07,2020-12,49,2,tablet,<Other>,referral,(referral),returning_session,1,1,4,1,0,0,0,0,0,0,0,0,0,0,0,0,1,0,0.0,0,0,0.0,0.0,,,,,,,100.0,,0.0,0.0,0.0,0.0,0.0,0.0
2020-12-07,2020-12,49,2,tablet,shop.googlemerchandisestore.com,referral,(referral),new_session,5,5,29,8,0,0,0,0,0,0,0,0,0,0,0,0,3,0,0.0,0,0,0.0,0.0,,,,,,,60.0,,0.0,0.0,0.0,0.0,0.0,0.0
2020-12-07,2020-12,49,2,tablet,(data deleted),(data deleted),(data deleted),new_session,1,1,12,4,0,0,0,0,0,0,0,0,0,0,0,0,0,0,0.0,0,0,0.0,0.0,,,,,,,0.0,,0.0,0.0,0.0,0.0,0.0,0.0
2020-12-07,2020-12,49,2,tablet,(data deleted),(data deleted),(data deleted),returning_session,3,3,7,1,0,0,0,0,0,0,0,0,0,0,0,0,3,0,0.0,0,0,0.0,0.0,,,,,,,100.0,,0.0,0.0,0.0,0.0,0.0,0.0
2020-12-07,2020-12,49,2,desktop,(data deleted),(data deleted),<Other>,returning_session,7,7,43,15,1,0,0,0,0,0,1,0,0,0,0,0,5,0,0.0,0,0,0.0,14.29,0.0,,,0.0,,,71.43,,0.0,0.0,0.0,0.14,0.0,0.0
2020-12-07,2020-12,49,2,mobile,(data deleted),(data deleted),(data deleted),new_session,3,3,13,5,1,0,0,0,0,0,1,0,0,0,0,0,1,0,0.0,0,0,0.0,33.33,0.0,,,0.0,,,33.33,,0.0,0.0,0.0,0.33,0.0,0.0
2020-12-07,2020-12,49,2,mobile,<Other>,organic,(organic),new_session,58,58,460,125,23,1,0,0,0,0,8,1,0,0,1,0,32,0,0.0,0,0,0.0,13.79,12.5,0.0,,0.0,100.0,,55.17,,0.0,0.0,0.0,0.4,0.02,0.0
2020-12-07,2020-12,49,2,mobile,<Other>,organic,(organic),returning_session,9,9,78,24,5,0,0,0,0,0,4,0,0,0,0,0,1,0,0.0,0,0,0.0,44.44,0.0,,,0.0,,,11.11,,0.0,0.0,0.0,0.56,0.0,0.0
2020-12-07,2020-12,49,2,desktop,<Other>,organic,(organic),new_session,79,79,900,260,67,12,0,0,0,0,15,6,0,0,6,0,52,0,0.0,0,0,0.0,18.99,40.0,0.0,,0.0,100.0,,65.82,,0.0,0.0,0.0,0.85,0.15,0.0
2020-12-07,2020-12,49,2,tablet,google,organic,(organic),returning_session,6,5,25,6,1,0,0,0,0,0,1,0,0,0,0,0,5,0,0.0,0,0,0.0,16.67,0.0,,,0.0,,,83.33,,0.0,0.0,0.0,0.17,0.0,0.0
2020-12-07,2020-12,49,2,tablet,shop.googlemerchandisestore.com,referral,(referral),returning_session,10,10,35,9,1,0,0,0,0,0,1,0,0,0,0,0,8,0,0.0,0,0,0.0,10.0,0.0,,,0.0,,,80.0,,0.0,0.0,0.0,0.1,0.0,0.0
2020-12-07,2020-12,49,2,tablet,(direct),(none),(direct),new_session,16,16,96,23,6,0,0,0,0,0,3,0,0,0,0,0,10,0,0.0,0,0,0.0,18.75,0.0,,,0.0,,,62.5,,0.0,0.0,0.0,0.38,0.0,0.0
2020-12-07,2020-12,49,2,tablet,<Other>,referral,(referral),new_session,6,6,149,47,19,1,0,0,0,0,3,1,0,0,1,0,2,0,0.0,0,0,0.0,50.0,33.33,0.0,,0.0,100.0,,33.33,,0.0,0.0,0.0,3.17,0.17,0.0
2020-12-07,2020-12,49,2,mobile,google,cpc,<Other>,returning_session,8,8,190,72,13,3,0,0,0,0,4,2,0,0,2,0,3,0,0.0,0,0,0.0,50.0,50.0,0.0,,0.0,100.0,,37.5,,0.0,0.0,0.0,1.63,0.38,0.0
2020-12-07,2020-12,49,2,tablet,<Other>,<Other>,<Other>,new_session,15,15,114,31,8,2,0,2,0,0,4,2,1,0,2,1,9,0,0.0,0,0,0.0,26.67,50.0,50.0,0.0,0.0,100.0,100.0,60.0,,0.0,0.0,0.0,0.53,0.13,0.13
2020-12-07,2020-12,49,2,tablet,(direct),(none),(direct),returning_session,3,3,32,8,1,1,0,2,0,0,1,1,1,0,1,1,2,0,0.0,0,0,0.0,33.33,100.0,100.0,0.0,0.0,100.0,100.0,66.67,,0.0,0.0,0.0,0.33,0.33,0.67
2020-12-07,2020-12,49,2,mobile,shop.googlemerchandisestore.com,referral,(referral),new_session,74,74,802,228,74,20,0,2,0,0,17,6,1,0,6,1,41,0,0.0,0,0,0.0,22.97,35.29,16.67,0.0,0.0,100.0,100.0,55.41,,0.0,0.0,0.0,1.0,0.27,0.03
2020-12-07,2020-12,49,2,desktop,<Other>,(data deleted),(data deleted),returning_session,8,8,508,161,89,1,0,4,1,0,3,1,1,0,1,1,3,0,0.0,0,0,0.0,37.5,33.33,100.0,0.0,0.0,100.0,100.0,37.5,,0.0,0.0,0.0,11.13,0.13,0.5
2020-12-07,2020-12,49,2,desktop,google,organic,(organic),new_session,754,754,10079,3061,1004,126,0,44,7,3,170,47,17,2,46,15,416,3,612.0,34,22,0.27,22.55,27.65,36.17,11.76,1.18,97.87,88.24,55.17,204.0,0.81,0.81,0.0,1.33,0.17,0.06
2020-12-07,2020-12,49,2,mobile,(direct),(none),(direct),new_session,365,365,4220,1265,323,46,0,26,6,1,66,21,10,1,21,9,216,1,17.0,1,1,0.27,18.08,31.82,47.62,10.0,1.52,100.0,90.0,59.18,17.0,0.05,0.05,0.0,0.88,0.13,0.07
2020-12-07,2020-12,49,2,desktop,<Other>,referral,(referral),new_session,202,202,2551,762,244,26,0,14,1,2,45,14,6,1,13,5,118,1,64.0,4,4,0.5,22.28,31.11,42.86,16.67,2.22,92.86,83.33,58.42,64.0,0.32,0.32,0.0,1.21,0.13,0.07
2020-12-07,2020-12,49,2,desktop,(direct),(none),(direct),new_session,529,529,6962,2132,638,107,0,60,14,5,110,41,21,4,37,17,286,4,613.0,56,13,0.76,20.79,37.27,51.22,19.05,3.64,90.24,80.95,54.06,153.25,1.16,1.16,0.01,1.21,0.2,0.11
2020-12-07,2020-12,49,2,desktop,<Other>,<Other>,<Other>,new_session,407,407,4831,1429,463,55,0,29,6,5,84,19,12,4,16,8,233,4,242.0,10,8,0.98,20.64,22.62,63.16,33.33,4.76,84.21,66.67,57.25,60.5,0.59,0.59,0.01,1.14,0.14,0.07
2020-12-07,2020-12,49,2,mobile,<Other>,<Other>,<Other>,new_session,255,255,3150,925,304,54,0,22,9,3,58,20,9,3,17,6,142,3,134.0,6,5,1.18,22.75,34.48,45.0,33.33,5.17,85.0,66.67,55.69,44.67,0.53,0.53,0.01,1.19,0.21,0.09
2020-12-07,2020-12,49,2,mobile,google,cpc,<Other>,new_session,87,87,1081,315,98,18,0,8,1,1,17,4,3,1,3,2,43,1,29.0,1,1,1.15,19.54,23.53,75.0,33.33,5.88,75.0,66.67,49.43,29.0,0.33,0.33,0.01,1.13,0.21,0.09
2020-12-07,2020-12,49,2,desktop,shop.googlemerchandisestore.com,referral,(referral),new_session,104,104,934,259,34,9,0,14,4,1,17,3,2,1,3,1,66,1,84.0,3,3,0.96,16.35,17.65,66.67,50.0,5.88,100.0,50.0,63.46,84.0,0.81,0.81,0.01,0.33,0.09,0.13
2020-12-07,2020-12,49,2,mobile,google,organic,(organic),new_session,518,518,6954,2092,650,97,0,38,11,6,101,30,14,6,24,8,295,6,524.0,17,16,1.16,19.5,29.7,46.67,42.86,5.94,80.0,57.14,56.95,87.33,1.01,1.01,0.01,1.25,0.19,0.07
2020-12-07,2020-12,49,2,desktop,google,organic,(organic),returning_session,196,186,2185,646,243,37,0,20,7,3,49,10,6,3,10,3,110,3,984.0,21,11,1.53,25.0,20.41,60.0,50.0,6.12,100.0,50.0,56.12,328.0,5.29,5.02,0.02,1.24,0.19,0.1
2020-12-07,2020-12,49,2,mobile,<Other>,referral,(referral),new_session,147,147,1275,354,90,16,0,6,5,2,27,3,2,2,2,0,83,2,54.0,10,6,1.36,18.37,11.11,66.67,100.0,7.41,66.67,0.0,56.46,27.0,0.37,0.37,0.01,0.61,0.11,0.04
2020-12-07,2020-12,49,2,mobile,(direct),(none),(direct),returning_session,138,127,2298,689,263,44,0,36,16,5,41,15,6,4,12,2,71,5,290.0,12,12,2.9,29.71,36.59,40.0,66.67,9.76,80.0,33.33,51.45,58.0,2.28,2.1,0.04,1.91,0.32,0.26
2020-12-07,2020-12,49,2,mobile,<Other>,<Other>,<Other>,returning_session,28,28,332,101,24,3,0,2,2,1,8,2,1,1,1,0,14,1,113.0,4,3,3.57,28.57,25.0,50.0,100.0,12.5,50.0,0.0,50.0,113.0,4.04,4.04,0.04,0.86,0.11,0.07
2020-12-07,2020-12,49,2,mobile,google,organic,(organic),returning_session,146,141,2162,625,284,55,0,32,10,6,46,13,11,6,9,5,79,6,461.0,33,26,4.11,31.51,28.26,84.62,54.55,13.04,69.23,45.45,54.11,76.83,3.27,3.16,0.04,1.95,0.38,0.22
2020-12-07,2020-12,49,2,mobile,(data deleted),(data deleted),(data deleted),returning_session,148,140,1869,547,161,33,0,36,20,4,29,10,8,4,7,4,85,4,186.0,8,8,2.7,19.59,34.48,80.0,50.0,13.79,70.0,50.0,57.43,46.5,1.33,1.26,0.03,1.09,0.22,0.24
2020-12-07,2020-12,49,2,desktop,google,cpc,<Other>,new_session,108,108,1487,423,146,14,0,12,4,3,21,6,5,3,5,2,61,3,144.0,6,6,2.78,19.44,28.57,83.33,60.0,14.29,83.33,40.0,56.48,48.0,1.33,1.33,0.03,1.35,0.13,0.11
2020-12-07,2020-12,49,2,desktop,<Other>,<Other>,<Other>,returning_session,45,45,547,156,47,10,0,14,4,2,14,4,3,2,3,1,18,2,92.0,5,3,4.44,31.11,28.57,75.0,66.67,14.29,75.0,33.33,40.0,46.0,2.04,2.04,0.04,1.04,0.22,0.31
2020-12-07,2020-12,49,2,desktop,<Other>,referral,(referral),returning_session,100,94,1042,305,80,4,0,18,11,3,21,2,3,3,0,0,63,3,149.0,6,6,3.0,21.0,9.52,150.0,100.0,14.29,0.0,0.0,63.0,49.67,1.59,1.49,0.03,0.8,0.04,0.18
2020-12-07,2020-12,49,2,mobile,shop.googlemerchandisestore.com,referral,(referral),returning_session,100,96,1435,435,141,26,0,20,10,4,26,10,6,4,8,2,61,4,228.0,15,13,4.0,26.0,38.46,60.0,66.67,15.38,80.0,33.33,61.0,57.0,2.38,2.28,0.04,1.41,0.26,0.2
2020-12-07,2020-12,49,2,desktop,(data deleted),(data deleted),(data deleted),returning_session,223,208,4111,1227,350,71,0,126,55,18,68,23,19,11,16,8,109,18,713.0,36,32,4.93,30.49,33.82,82.61,57.89,16.18,69.57,42.11,48.88,39.61,3.43,3.2,0.09,1.57,0.32,0.57
2020-12-07,2020-12,49,2,desktop,(direct),(none),(direct),returning_session,222,208,3773,1094,399,123,0,75,29,14,63,26,16,11,21,5,118,14,1092.0,100,39,4.95,28.38,41.27,61.54,68.75,17.46,80.77,31.25,53.15,78.0,5.25,4.92,0.07,1.8,0.55,0.34
2020-12-07,2020-12,49,2,desktop,shop.googlemerchandisestore.com,referral,(referral),returning_session,158,151,2049,603,228,37,0,22,10,6,34,11,9,6,8,3,97,6,591.0,43,19,3.8,21.52,32.35,81.82,66.67,17.65,72.73,33.33,61.39,98.5,3.91,3.74,0.04,1.44,0.23,0.14
2020-12-07,2020-12,49,2,mobile,<Other>,referral,(referral),returning_session,70,68,1105,323,123,31,0,20,10,9,20,10,5,5,5,0,34,9,219.0,15,15,7.14,28.57,50.0,50.0,100.0,25.0,50.0,0.0,48.57,24.33,3.22,3.13,0.13,1.76,0.44,0.29
2020-12-07,2020-12,49,2,desktop,google,cpc,<Other>,returning_session,28,28,695,221,71,16,0,10,6,2,7,3,2,2,2,0,15,2,197.0,11,9,7.14,25.0,42.86,66.67,100.0,28.57,66.67,0.0,53.57,98.5,7.04,7.04,0.07,2.54,0.57,0.36
2020-12-07,2020-12,49,2,tablet,google,organic,(organic),new_session,24,24,279,74,28,4,0,2,1,1,3,2,1,1,1,0,14,1,46.0,1,1,4.17,12.5,66.67,50.0,100.0,33.33,50.0,0.0,58.33,46.0,1.92,1.92,0.04,1.17,0.17,0.08
2020-12-07,2020-12,49,2,desktop,<Other>,organic,(organic),returning_session,12,12,591,198,92,10,0,12,6,3,4,2,2,2,1,0,8,3,890.0,57,26,16.67,33.33,50.0,100.0,100.0,50.0,50.0,0.0,66.67,296.67,74.17,74.17,0.25,7.67,0.83,1.0
2020-12-07,2020-12,49,2,mobile,<Other>,(data deleted),(data deleted),returning_session,4,4,128,31,16,0,0,4,2,1,1,0,1,1,0,0,3,1,32.0,2,2,25.0,25.0,0.0,,100.0,100.0,,0.0,75.0,32.0,8.0,8.0,0.25,4.0,0.0,1.0
2021-01-05,2021-01,1,3,mobile,<Other>,(data deleted),(data deleted),returning_session,1,1,5,1,0,0,0,0,0,0,0,0,0,0,0,0,1,0,0.0,0,0,0.0,0.0,,,,,,,100.0,,0.0,0.0,0.0,0.0,0.0,0.0
2021-01-05,2021-01,1,3,desktop,<Other>,(data deleted),(data deleted),returning_session,1,1,6,3,0,0,0,0,0,0,0,0,0,0,0,0,0,0,0.0,0,0,0.0,0.0,,,,,,,0.0,,0.0,0.0,0.0,0.0,0.0,0.0
2021-01-05,2021-01,1,3,tablet,shop.googlemerchandisestore.com,referral,(referral),new_session,2,2,12,4,0,0,0,0,0,0,0,0,0,0,0,0,0,0,0.0,0,0,0.0,0.0,,,,,,,0.0,,0.0,0.0,0.0,0.0,0.0,0.0
2021-01-05,2021-01,1,3,mobile,(data deleted),(data deleted),(data deleted),new_session,5,5,13,5,0,0,0,0,0,0,0,0,0,0,0,0,4,0,0.0,0,0,0.0,0.0,,,,,,,80.0,,0.0,0.0,0.0,0.0,0.0,0.0
2021-01-05,2021-01,1,3,tablet,google,cpc,<Other>,new_session,5,5,41,15,0,0,0,0,0,0,0,0,0,0,0,0,0,0,0.0,0,0,0.0,0.0,,,,,,,0.0,,0.0,0.0,0.0,0.0,0.0,0.0
2021-01-05,2021-01,1,3,tablet,<Other>,referral,(referral),returning_session,3,3,11,3,0,0,0,0,0,0,0,0,0,0,0,0,2,0,0.0,0,0,0.0,0.0,,,,,,,66.67,,0.0,0.0,0.0,0.0,0.0,0.0
2021-01-05,2021-01,1,3,tablet,shop.googlemerchandisestore.com,referral,(referral),returning_session,4,4,23,11,0,0,0,0,0,0,0,0,0,0,0,0,0,0,0.0,0,0,0.0,0.0,,,,,,,0.0,,0.0,0.0,0.0,0.0,0.0,0.0
2021-01-05,2021-01,1,3,mobile,<Other>,organic,(organic),returning_session,5,5,17,5,1,0,0,0,0,0,1,0,0,0,0,0,3,0,0.0,0,0,0.0,20.0,0.0,,,0.0,,,60.0,,0.0,0.0,0.0,0.2,0.0,0.0
2021-01-05,2021-01,1,3,tablet,(direct),(none),(direct),new_session,18,18,126,50,1,0,0,0,0,0,1,0,0,0,0,0,1,0,0.0,0,0,0.0,5.56,0.0,,,0.0,,,5.56,,0.0,0.0,0.0,0.06,0.0,0.0
2021-01-05,2021-01,1,3,tablet,(direct),(none),(direct),returning_session,3,3,53,19,1,0,0,0,0,0,1,0,0,0,0,0,1,0,0.0,0,0,0.0,33.33,0.0,,,0.0,,,33.33,,0.0,0.0,0.0,0.33,0.0,0.0
2021-01-05,2021-01,1,3,tablet,<Other>,referral,(referral),new_session,11,11,112,40,10,0,0,0,0,0,7,0,0,0,0,0,0,0,0.0,0,0,0.0,63.64,0.0,,,0.0,,,0.0,,0.0,0.0,0.0,0.91,0.0,0.0
2021-01-05,2021-01,1,3,tablet,(data deleted),(data deleted),(data deleted),returning_session,4,4,71,26,6,0,0,0,0,0,1,0,0,0,0,0,2,0,0.0,0,0,0.0,25.0,0.0,,,0.0,,,50.0,,0.0,0.0,0.0,1.5,0.0,0.0
2021-01-05,2021-01,1,3,tablet,google,organic,(organic),returning_session,3,3,28,9,1,0,0,0,0,0,1,0,0,0,0,0,1,0,0.0,0,0,0.0,33.33,0.0,,,0.0,,,33.33,,0.0,0.0,0.0,0.33,0.0,0.0
2021-01-05,2021-01,1,3,desktop,(data deleted),(data deleted),(data deleted),new_session,7,7,57,24,1,0,0,0,0,0,1,0,0,0,0,0,4,0,0.0,0,0,0.0,14.29,0.0,,,0.0,,,57.14,,0.0,0.0,0.0,0.14,0.0,0.0
2021-01-05,2021-01,1,3,tablet,google,organic,(organic),new_session,30,30,193,70,6,0,0,0,0,0,3,0,0,0,0,0,4,0,0.0,0,0,0.0,10.0,0.0,,,0.0,,,13.33,,0.0,0.0,0.0,0.2,0.0,0.0
2021-01-05,2021-01,1,3,tablet,<Other>,organic,(organic),new_session,2,2,22,8,1,0,0,0,0,0,1,0,0,0,0,0,1,0,0.0,0,0,0.0,50.0,0.0,,,0.0,,,50.0,,0.0,0.0,0.0,0.5,0.0,0.0
2021-01-05,2021-01,1,3,desktop,google,organic,(organic),returning_session,118,113,1450,483,104,19,0,30,12,6,29,8,8,6,5,2,37,6,264.0,9,8,5.08,24.58,27.59,100.0,75.0,20.69,62.5,25.0,31.36,44.0,2.34,2.24,0.05,0.88,0.16,0.25
2021-01-05,2021-01,1,3,mobile,(data deleted),(data deleted),(data deleted),returning_session,65,64,999,308,121,23,0,21,5,3,15,3,3,3,2,0,22,3,122.0,16,4,4.62,23.08,20.0,100.0,100.0,20.0,66.67,0.0,33.85,40.67,1.91,1.88,0.05,1.86,0.35,0.32
2021-01-05,2021-01,1,3,desktop,<Other>,referral,(referral),new_session,192,192,1980,692,121,16,0,33,4,1,19,4,5,1,3,4,9,1,61.0,1,1,0.52,9.9,21.05,125.0,20.0,5.26,75.0,80.0,4.69,61.0,0.32,0.32,0.01,0.63,0.08,0.17
2021-01-05,2021-01,1,3,mobile,google,cpc,<Other>,new_session,68,68,831,274,50,26,0,12,4,2,10,4,1,1,3,0,2,2,27.0,2,2,1.47,14.71,40.0,25.0,100.0,10.0,75.0,0.0,2.94,13.5,0.4,0.4,0.03,0.74,0.38,0.18
2021-01-05,2021-01,1,3,mobile,google,organic,(organic),new_session,555,555,4871,1727,282,53,0,30,6,3,72,13,5,3,10,2,24,3,234.0,13,10,0.54,12.97,18.06,38.46,60.0,4.17,76.92,40.0,4.32,78.0,0.42,0.42,0.01,0.51,0.1,0.05
2021-01-05,2021-01,1,3,mobile,google,organic,(organic),returning_session,85,82,785,266,50,10,0,6,2,1,13,5,1,1,4,0,28,1,18.0,1,1,1.18,15.29,38.46,20.0,100.0,7.69,80.0,0.0,32.94,18.0,0.22,0.21,0.01,0.59,0.12,0.07
2021-01-05,2021-01,1,3,desktop,(direct),(none),(direct),returning_session,124,120,1368,472,136,8,0,9,2,2,32,6,3,2,5,1,36,2,32.0,2,2,1.61,25.81,18.75,50.0,66.67,6.25,83.33,33.33,29.03,16.0,0.27,0.26,0.02,1.1,0.06,0.07
2021-01-05,2021-01,1,3,desktop,(data deleted),(data deleted),(data deleted),returning_session,110,103,1157,400,100,13,0,12,3,2,22,6,2,2,5,0,29,2,13.0,1,2,1.82,20.0,27.27,33.33,100.0,9.09,83.33,0.0,26.36,6.5,0.13,0.12,0.02,0.91,0.12,0.11
2021-01-05,2021-01,1,3,desktop,shop.googlemerchandisestore.com,referral,(referral),returning_session,79,78,736,239,43,14,0,21,7,2,15,6,3,2,5,1,29,2,30.0,3,3,2.53,18.99,40.0,50.0,66.67,13.33,83.33,33.33,36.71,15.0,0.38,0.38,0.03,0.54,0.18,0.27
2021-01-05,2021-01,1,3,desktop,google,organic,(organic),new_session,709,709,6847,2357,441,110,0,24,3,4,111,20,6,3,17,3,33,3,140.0,6,6,0.42,15.66,18.02,30.0,50.0,2.7,85.0,50.0,4.65,46.67,0.2,0.2,0.0,0.62,0.16,0.03
2021-01-05,2021-01,1,3,desktop,<Other>,<Other>,<Other>,new_session,359,359,3186,1137,127,29,0,9,2,1,51,12,2,1,11,1,8,1,21.0,1,1,0.28,14.21,23.53,16.67,50.0,1.96,91.67,50.0,2.23,21.0,0.06,0.06,0.0,0.35,0.08,0.03
2021-01-05,2021-01,1,3,desktop,<Other>,organic,(organic),new_session,73,73,613,218,30,2,0,0,0,0,8,1,0,0,1,0,4,0,0.0,0,0,0.0,10.96,12.5,0.0,,0.0,100.0,,5.48,,0.0,0.0,0.0,0.41,0.03,0.0
2021-01-05,2021-01,1,3,mobile,shop.googlemerchandisestore.com,referral,(referral),new_session,68,68,557,198,26,4,0,3,0,0,11,2,1,0,2,1,8,0,0.0,0,0,0.0,16.18,18.18,50.0,0.0,0.0,100.0,100.0,11.76,,0.0,0.0,0.0,0.38,0.06,0.04
2021-01-05,2021-01,1,3,mobile,<Other>,referral,(referral),new_session,131,131,1057,380,60,9,0,0,0,0,15,2,0,0,2,0,6,0,0.0,0,0,0.0,11.45,13.33,0.0,,0.0,100.0,,4.58,,0.0,0.0,0.0,0.46,0.07,0.0
2021-01-05,2021-01,1,3,tablet,<Other>,<Other>,<Other>,new_session,18,18,143,51,4,1,0,0,0,0,2,1,0,0,1,0,0,0,0.0,0,0,0.0,11.11,50.0,0.0,,0.0,100.0,,0.0,,0.0,0.0,0.0,0.22,0.06,0.0
2021-01-05,2021-01,1,3,desktop,google,cpc,<Other>,new_session,104,104,867,311,36,9,0,0,0,0,17,1,0,0,1,0,3,0,0.0,0,0,0.0,16.35,5.88,0.0,,0.0,100.0,,2.88,,0.0,0.0,0.0,0.35,0.09,0.0
2021-01-05,2021-01,1,3,desktop,<Other>,<Other>,<Other>,returning_session,27,27,209,68,11,1,0,0,0,0,3,1,0,0,1,0,11,0,0.0,0,0,0.0,11.11,33.33,0.0,,0.0,100.0,,40.74,,0.0,0.0,0.0,0.41,0.04,0.0
2021-01-05,2021-01,1,3,desktop,<Other>,organic,(organic),returning_session,11,11,107,31,11,10,0,0,0,0,3,1,0,0,1,0,4,0,0.0,0,0,0.0,27.27,33.33,0.0,,0.0,100.0,,36.36,,0.0,0.0,0.0,1.0,0.91,0.0
2021-01-05,2021-01,1,3,mobile,<Other>,referral,(referral),returning_session,41,41,494,171,52,2,0,0,0,0,9,1,0,0,1,0,13,0,0.0,0,0,0.0,21.95,11.11,0.0,,0.0,100.0,,31.71,,0.0,0.0,0.0,1.27,0.05,0.0
2021-01-05,2021-01,1,3,mobile,<Other>,<Other>,<Other>,new_session,253,253,1965,701,80,6,0,2,0,0,27,4,1,0,4,1,14,0,0.0,0,0,0.0,10.67,14.81,25.0,0.0,0.0,100.0,100.0,5.53,,0.0,0.0,0.0,0.32,0.02,0.01
2021-01-05,2021-01,1,3,desktop,<Other>,referral,(referral),returning_session,68,66,869,283,52,25,0,18,2,0,21,10,4,0,10,4,24,0,0.0,0,0,0.0,30.88,47.62,40.0,0.0,0.0,100.0,100.0,35.29,,0.0,0.0,0.0,0.76,0.37,0.26
2021-01-05,2021-01,1,3,mobile,<Other>,organic,(organic),new_session,40,40,303,110,14,3,0,0,0,0,6,2,0,0,2,0,1,0,0.0,0,0,0.0,15.0,33.33,0.0,,0.0,100.0,,2.5,,0.0,0.0,0.0,0.35,0.07,0.0
2021-01-05,2021-01,1,3,desktop,google,cpc,<Other>,returning_session,12,12,358,121,36,6,0,0,0,0,4,3,0,0,3,0,0,0,0.0,0,0,0.0,33.33,75.0,0.0,,0.0,100.0,,0.0,,0.0,0.0,0.0,3.0,0.5,0.0
2021-01-05,2021-01,1,3,desktop,shop.googlemerchandisestore.com,referral,(referral),new_session,86,86,1041,334,87,43,0,3,0,0,14,6,1,0,6,1,4,0,0.0,0,0,0.0,16.28,42.86,16.67,0.0,0.0,100.0,100.0,4.65,,0.0,0.0,0.0,1.01,0.5,0.03
2021-01-05,2021-01,1,3,mobile,google,cpc,<Other>,returning_session,8,8,66,20,7,1,0,3,0,0,3,1,1,0,1,1,4,0,0.0,0,0,0.0,37.5,33.33,100.0,0.0,0.0,100.0,100.0,50.0,,0.0,0.0,0.0,0.88,0.13,0.38
2021-01-05,2021-01,1,3,mobile,(direct),(none),(direct),new_session,347,347,3129,1102,181,21,0,0,0,0,48,7,0,0,7,0,14,0,0.0,0,0,0.0,13.83,14.58,0.0,,0.0,100.0,,4.03,,0.0,0.0,0.0,0.52,0.06,0.0
2021-01-05,2021-01,1,3,mobile,<Other>,<Other>,<Other>,returning_session,12,12,66,21,7,1,0,0,0,0,5,1,0,0,1,0,4,0,0.0,0,0,0.0,41.67,20.0,0.0,,0.0,100.0,,33.33,,0.0,0.0,0.0,0.58,0.08,0.0
2021-01-05,2021-01,1,3,desktop,(direct),(none),(direct),new_session,453,453,3963,1419,196,21,0,6,2,1,65,9,2,1,9,1,18,1,48.0,1,1,0.22,14.35,13.85,22.22,50.0,1.54,100.0,50.0,3.97,48.0,0.11,0.11,0.0,0.43,0.05,0.01
2021-01-05,2021-01,1,3,mobile,shop.googlemerchandisestore.com,referral,(referral),returning_session,75,74,1046,340,135,23,0,9,1,1,19,6,3,1,6,2,26,1,133.0,4,4,1.33,25.33,31.58,50.0,33.33,5.26,100.0,66.67,34.67,133.0,1.8,1.77,0.01,1.8,0.31,0.12
2021-01-05,2021-01,1,3,mobile,(direct),(none),(direct),returning_session,90,88,897,291,81,29,0,9,4,1,15,6,2,1,6,1,27,1,24.0,2,1,1.11,16.67,40.0,33.33,50.0,6.67,100.0,50.0,30.0,24.0,0.27,0.27,0.01,0.9,0.32,0.1
2020-12-06,2020-12,49,1,tablet,shop.googlemerchandisestore.com,referral,(referral),new_session,2,2,12,3,2,0,0,0,0,0,1,0,0,0,0,0,1,0,0.0,0,0,0.0,50.0,0.0,,,0.0,,,50.0,,0.0,0.0,0.0,1.0,0.0,0.0
2020-12-06,2020-12,49,1,mobile,(data deleted),(data deleted),(data deleted),new_session,2,2,18,5,2,0,0,0,0,0,1,0,0,0,0,0,1,0,0.0,0,0,0.0,50.0,0.0,,,0.0,,,50.0,,0.0,0.0,0.0,1.0,0.0,0.0
2020-12-06,2020-12,49,1,desktop,(data deleted),(data deleted),(data deleted),new_session,2,2,9,4,0,0,0,0,0,0,0,0,0,0,0,0,1,0,0.0,0,0,0.0,0.0,,,,,,,50.0,,0.0,0.0,0.0,0.0,0.0,0.0
2020-12-06,2020-12,49,1,mobile,(data deleted),(data deleted),<Other>,returning_session,2,2,11,3,3,0,0,0,0,0,2,0,0,0,0,0,0,0,0.0,0,0,0.0,100.0,0.0,,,0.0,,,0.0,,0.0,0.0,0.0,1.5,0.0,0.0
2020-12-06,2020-12,49,1,tablet,<Other>,<Other>,<Other>,returning_session,2,2,5,1,0,0,0,0,0,0,0,0,0,0,0,0,2,0,0.0,0,0,0.0,0.0,,,,,,,100.0,,0.0,0.0,0.0,0.0,0.0,0.0
2020-12-06,2020-12,49,1,mobile,google,cpc,<Other>,returning_session,9,9,30,9,0,0,0,0,0,0,0,0,0,0,0,0,7,0,0.0,0,0,0.0,0.0,,,,,,,77.78,,0.0,0.0,0.0,0.0,0.0,0.0
2020-12-06,2020-12,49,1,tablet,(direct),(none),(direct),returning_session,4,4,21,6,2,0,0,0,0,0,2,0,0,0,0,0,2,0,0.0,0,0,0.0,50.0,0.0,,,0.0,,,50.0,,0.0,0.0,0.0,0.5,0.0,0.0
2020-12-06,2020-12,49,1,tablet,shop.googlemerchandisestore.com,referral,(referral),returning_session,3,3,14,4,0,0,0,0,0,0,0,0,0,0,0,0,2,0,0.0,0,0,0.0,0.0,,,,,,,66.67,,0.0,0.0,0.0,0.0,0.0,0.0
2020-12-06,2020-12,49,1,tablet,<Other>,referral,(referral),returning_session,2,2,18,5,0,0,0,0,0,0,0,0,0,0,0,0,1,0,0.0,0,0,0.0,0.0,,,,,,,50.0,,0.0,0.0,0.0,0.0,0.0,0.0
2020-12-06,2020-12,49,1,tablet,google,cpc,<Other>,returning_session,1,1,2,0,0,0,0,0,0,0,0,0,0,0,0,0,1,0,0.0,0,0,0.0,0.0,,,,,,,100.0,,0.0,0.0,0.0,0.0,0.0,0.0
2020-12-06,2020-12,49,1,tablet,google,organic,(organic),returning_session,6,5,20,4,0,0,0,0,0,0,0,0,0,0,0,0,5,0,0.0,0,0,0.0,0.0,,,,,,,83.33,,0.0,0.0,0.0,0.0,0.0,0.0
2020-12-06,2020-12,49,1,desktop,<Other>,(data deleted),(data deleted),returning_session,1,1,3,1,1,0,0,0,0,0,1,0,0,0,0,0,0,0,0.0,0,0,0.0,100.0,0.0,,,0.0,,,0.0,,0.0,0.0,0.0,1.0,0.0,0.0
2020-12-06,2020-12,49,1,desktop,(data deleted),(data deleted),<Other>,returning_session,3,3,8,2,0,0,0,0,0,0,0,0,0,0,0,0,3,0,0.0,0,0,0.0,0.0,,,,,,,100.0,,0.0,0.0,0.0,0.0,0.0,0.0
2020-12-06,2020-12,49,1,mobile,<Other>,<Other>,<Other>,returning_session,20,20,300,89,38,12,0,0,0,0,9,5,0,0,5,0,7,0,0.0,0,0,0.0,45.0,55.56,0.0,,0.0,100.0,,35.0,,0.0,0.0,0.0,1.9,0.6,0.0
2020-12-06,2020-12,49,1,tablet,google,cpc,<Other>,new_session,1,1,32,7,8,6,0,0,0,0,1,1,0,0,1,0,0,0,0.0,0,0,0.0,100.0,100.0,0.0,,0.0,100.0,,0.0,,0.0,0.0,0.0,8.0,6.0,0.0
2020-12-06,2020-12,49,1,mobile,google,cpc,<Other>,new_session,60,60,321,88,11,1,0,0,0,0,6,1,0,0,1,0,47,0,0.0,0,0,0.0,10.0,16.67,0.0,,0.0,100.0,,78.33,,0.0,0.0,0.0,0.18,0.02,0.0
2020-12-06,2020-12,49,1,desktop,<Other>,organic,(organic),returning_session,8,8,35,8,2,3,0,0,0,0,1,1,0,0,1,0,6,0,0.0,0,0,0.0,12.5,100.0,0.0,,0.0,100.0,,75.0,,0.0,0.0,0.0,0.25,0.38,0.0
2020-12-06,2020-12,49,1,desktop,google,cpc,<Other>,returning_session,9,9,73,22,2,1,0,0,0,0,1,1,0,0,1,0,5,0,0.0,0,0,0.0,11.11,100.0,0.0,,0.0,100.0,,55.56,,0.0,0.0,0.0,0.22,0.11,0.0
2020-12-06,2020-12,49,1,tablet,(direct),(none),(direct),new_session,13,13,112,33,8,1,0,0,0,0,4,1,0,0,1,0,5,0,0.0,0,0,0.0,30.77,25.0,0.0,,0.0,100.0,,38.46,,0.0,0.0,0.0,0.62,0.08,0.0
2020-12-06,2020-12,49,1,mobile,(direct),(none),(direct),returning_session,80,75,431,121,23,3,0,0,0,0,9,2,0,0,2,0,56,0,0.0,0,0,0.0,11.25,22.22,0.0,,0.0,100.0,,70.0,,0.0,0.0,0.0,0.29,0.04,0.0
2020-12-06,2020-12,49,1,tablet,google,organic,(organic),new_session,21,21,242,71,13,1,0,0,0,0,4,1,0,0,1,0,12,0,0.0,0,0,0.0,19.05,25.0,0.0,,0.0,100.0,,57.14,,0.0,0.0,0.0,0.62,0.05,0.0
2020-12-06,2020-12,49,1,tablet,<Other>,referral,(referral),new_session,9,9,53,13,3,1,0,0,0,0,1,1,0,0,1,0,7,0,0.0,0,0,0.0,11.11,100.0,0.0,,0.0,100.0,,77.78,,0.0,0.0,0.0,0.33,0.11,0.0
2020-12-06,2020-12,49,1,mobile,<Other>,organic,(organic),returning_session,10,10,124,38,17,0,0,4,0,0,3,0,1,0,0,1,5,0,0.0,0,0,0.0,30.0,0.0,,0.0,0.0,,100.0,50.0,,0.0,0.0,0.0,1.7,0.0,0.4
2020-12-06,2020-12,49,1,mobile,<Other>,referral,(referral),returning_session,50,47,296,94,24,0,0,1,0,0,8,0,1,0,0,1,33,0,0.0,0,0,0.0,16.0,0.0,,0.0,0.0,,100.0,66.0,,0.0,0.0,0.0,0.48,0.0,0.02
2020-12-06,2020-12,49,1,mobile,shop.googlemerchandisestore.com,referral,(referral),new_session,52,52,678,194,71,15,0,2,1,0,14,5,1,0,5,1,26,0,0.0,0,0,0.0,26.92,35.71,20.0,0.0,0.0,100.0,100.0,50.0,,0.0,0.0,0.0,1.37,0.29,0.04
2020-12-06,2020-12,49,1,desktop,google,cpc,<Other>,new_session,71,71,621,176,36,11,0,2,0,0,13,5,1,0,5,1,43,0,0.0,0,0,0.0,18.31,38.46,20.0,0.0,0.0,100.0,100.0,60.56,,0.0,0.0,0.0,0.51,0.15,0.03
2020-12-06,2020-12,49,1,mobile,<Other>,organic,(organic),new_session,30,30,846,309,99,11,0,8,0,0,8,5,4,0,5,4,13,0,0.0,0,0,0.0,26.67,62.5,80.0,0.0,0.0,100.0,100.0,43.33,,0.0,0.0,0.0,3.3,0.37,0.27
2020-12-06,2020-12,49,1,desktop,<Other>,<Other>,<Other>,returning_session,26,25,344,109,23,2,0,4,1,0,7,1,1,0,1,1,10,0,0.0,0,0,0.0,26.92,14.29,100.0,0.0,0.0,100.0,100.0,38.46,,0.0,0.0,0.0,0.88,0.08,0.15
2020-12-06,2020-12,49,1,desktop,(direct),(none),(direct),new_session,317,317,4275,1331,443,70,0,36,5,1,80,28,14,1,28,13,160,1,22.0,1,1,0.32,25.24,35.0,50.0,7.14,1.25,100.0,92.86,50.47,22.0,0.07,0.07,0.0,1.4,0.22,0.11
2020-12-06,2020-12,49,1,mobile,google,organic,(organic),new_session,344,344,4893,1536,509,95,0,24,3,1,87,26,11,1,25,10,171,1,20.0,1,1,0.29,25.29,29.89,42.31,9.09,1.15,96.15,90.91,49.71,20.0,0.06,0.06,0.0,1.48,0.28,0.07
2020-12-06,2020-12,49,1,desktop,<Other>,<Other>,<Other>,new_session,252,252,2756,840,212,30,0,18,3,1,50,16,7,1,15,6,145,1,39.0,5,5,0.4,19.84,32.0,43.75,14.29,2.0,93.75,85.71,57.54,39.0,0.15,0.15,0.0,0.84,0.12,0.07
2020-12-06,2020-12,49,1,desktop,google,organic,(organic),new_session,457,457,5372,1606,429,96,0,44,11,5,95,32,18,4,29,14,255,5,293.0,13,12,0.88,20.79,33.68,56.25,22.22,4.21,90.63,77.78,55.8,58.6,0.64,0.64,0.01,0.94,0.21,0.1
2020-12-06,2020-12,49,1,desktop,shop.googlemerchandisestore.com,referral,(referral),new_session,79,79,836,234,58,8,0,12,4,1,18,3,4,1,2,3,43,1,68.0,2,2,1.27,22.78,16.67,133.33,25.0,5.56,66.67,75.0,54.43,68.0,0.86,0.86,0.01,0.73,0.1,0.15
2020-12-06,2020-12,49,1,mobile,(direct),(none),(direct),new_session,246,246,3641,1145,325,63,0,29,9,3,58,17,11,3,14,8,130,3,58.0,3,4,1.22,23.58,29.31,64.71,27.27,5.17,82.35,72.73,52.85,19.33,0.24,0.24,0.01,1.32,0.26,0.12
2020-12-06,2020-12,49,1,desktop,<Other>,referral,(referral),new_session,153,153,2876,957,323,37,0,34,6,4,39,13,11,3,11,8,75,4,269.0,13,9,1.96,25.49,33.33,84.62,27.27,7.69,84.62,72.73,49.02,67.25,1.76,1.76,0.03,2.11,0.24,0.22
2020-12-06,2020-12,49,1,mobile,<Other>,<Other>,<Other>,new_session,180,180,2156,676,202,27,0,14,3,2,39,11,7,2,9,5,98,2,161.0,4,3,1.11,21.67,28.21,63.64,28.57,5.13,81.82,71.43,54.44,80.5,0.89,0.89,0.01,1.12,0.15,0.08
2020-12-06,2020-12,49,1,desktop,shop.googlemerchandisestore.com,referral,(referral),returning_session,72,70,1553,454,193,56,0,32,9,2,21,11,7,2,9,5,36,2,208.0,21,20,2.78,29.17,52.38,63.64,28.57,9.52,81.82,71.43,50.0,104.0,2.97,2.89,0.03,2.68,0.78,0.44
2020-12-06,2020-12,49,1,mobile,<Other>,referral,(referral),new_session,69,69,836,238,78,24,0,8,2,1,14,8,3,1,7,2,39,1,54.0,5,3,1.45,20.29,57.14,37.5,33.33,7.14,87.5,66.67,56.52,54.0,0.78,0.78,0.01,1.13,0.35,0.12
2020-12-06,2020-12,49,1,desktop,google,organic,(organic),returning_session,109,108,1289,396,130,26,0,10,1,1,27,8,3,1,7,2,57,1,52.0,2,2,0.92,24.77,29.63,37.5,33.33,3.7,87.5,66.67,52.29,52.0,0.48,0.48,0.01,1.19,0.24,0.09
2020-12-06,2020-12,49,1,mobile,(data deleted),(data deleted),(data deleted),returning_session,86,82,1403,422,115,26,0,22,4,2,18,8,6,2,7,4,51,2,183.0,24,10,2.33,20.93,44.44,75.0,33.33,11.11,87.5,66.67,59.3,91.5,2.23,2.13,0.02,1.34,0.3,0.26
2020-12-06,2020-12,49,1,desktop,<Other>,organic,(organic),new_session,46,46,546,158,57,19,0,8,1,1,15,6,2,1,6,1,18,1,89.0,1,1,2.17,32.61,40.0,33.33,50.0,6.67,100.0,50.0,39.13,89.0,1.93,1.93,0.02,1.24,0.41,0.17
2020-12-06,2020-12,49,1,desktop,<Other>,referral,(referral),returning_session,51,51,895,265,87,26,0,16,7,1,14,4,2,1,3,1,25,1,68.0,4,4,1.96,27.45,28.57,50.0,50.0,7.14,75.0,50.0,49.02,68.0,1.33,1.33,0.02,1.71,0.51,0.31
2020-12-06,2020-12,49,1,desktop,(direct),(none),(direct),returning_session,100,95,1397,413,147,24,0,24,10,4,19,6,7,4,4,3,68,4,303.0,8,8,4.0,19.0,31.58,116.67,57.14,21.05,66.67,42.86,68.0,75.75,3.19,3.03,0.04,1.47,0.24,0.24
2020-12-06,2020-12,49,1,mobile,shop.googlemerchandisestore.com,referral,(referral),returning_session,58,54,856,231,101,40,0,26,8,3,19,7,5,3,5,2,34,3,80.0,4,4,5.17,32.76,36.84,71.43,60.0,15.79,71.43,40.0,58.62,26.67,1.48,1.38,0.06,1.74,0.69,0.45
2020-12-06,2020-12,49,1,desktop,(data deleted),(data deleted),(data deleted),returning_session,116,104,1737,517,195,48,0,28,10,4,34,13,6,4,11,2,58,4,388.0,36,20,3.45,29.31,38.24,46.15,66.67,11.76,84.62,33.33,50.0,97.0,3.73,3.34,0.04,1.68,0.41,0.24
2020-12-06,2020-12,49,1,mobile,google,organic,(organic),returning_session,73,69,882,253,91,29,0,18,9,4,17,9,5,4,5,1,40,4,93.0,6,5,5.48,23.29,52.94,55.56,80.0,23.53,55.56,20.0,54.79,23.25,1.35,1.27,0.06,1.25,0.4,0.25
2020-12-06,2020-12,49,1,tablet,(data deleted),(data deleted),(data deleted),returning_session,3,3,117,33,12,3,0,2,1,1,1,1,1,1,0,0,2,1,20.0,3,3,33.33,33.33,100.0,100.0,100.0,100.0,0.0,0.0,66.67,20.0,6.67,6.67,0.33,4.0,1.0,0.67
2020-12-06,2020-12,49,1,tablet,<Other>,<Other>,<Other>,new_session,17,17,228,69,12,1,0,10,3,1,5,1,1,1,0,0,9,1,30.0,1,1,5.88,29.41,20.0,100.0,100.0,20.0,0.0,0.0,52.94,30.0,1.76,1.76,0.06,0.71,0.06,0.59
2020-11-05,2020-11,44,5,tablet,google,organic,(organic),returning_session,8,8,32,9,0,0,0,0,0,0,0,0,0,0,0,0,5,0,0.0,0,0,0.0,0.0,,,,,,,62.5,,0.0,0.0,0.0,0.0,0.0,0.0
2020-11-05,2020-11,44,5,desktop,(data deleted),(data deleted),(data deleted),new_session,1,1,1,1,0,0,0,0,0,0,0,0,0,0,0,0,1,0,0.0,0,0,0.0,0.0,,,,,,,100.0,,0.0,0.0,0.0,0.0,0.0,0.0
2020-11-05,2020-11,44,5,mobile,(data deleted),(data deleted),<Other>,returning_session,2,2,25,8,0,0,0,0,0,0,0,0,0,0,0,0,1,0,0.0,0,0,0.0,0.0,,,,,,,50.0,,0.0,0.0,0.0,0.0,0.0,0.0
2020-11-05,2020-11,44,5,tablet,<Other>,<Other>,<Other>,returning_session,2,2,5,1,0,0,0,0,0,0,0,0,0,0,0,0,2,0,0.0,0,0,0.0,0.0,,,,,,,100.0,,0.0,0.0,0.0,0.0,0.0,0.0
2020-11-05,2020-11,44,5,tablet,shop.googlemerchandisestore.com,referral,(referral),returning_session,3,3,17,6,0,0,0,0,0,0,0,0,0,0,0,0,2,0,0.0,0,0,0.0,0.0,,,,,,,66.67,,0.0,0.0,0.0,0.0,0.0,0.0
2020-11-05,2020-11,44,5,tablet,(direct),(none),(direct),returning_session,8,8,39,9,4,0,0,0,0,0,1,0,0,0,0,0,6,0,0.0,0,0,0.0,12.5,0.0,,,0.0,,,75.0,,0.0,0.0,0.0,0.5,0.0,0.0
2020-11-05,2020-11,44,5,tablet,<Other>,referral,(referral),returning_session,4,4,54,18,7,0,0,0,0,0,1,0,0,0,0,0,3,0,0.0,0,0,0.0,25.0,0.0,,,0.0,,,75.0,,0.0,0.0,0.0,1.75,0.0,0.0
2020-11-05,2020-11,44,5,desktop,google,cpc,<Other>,returning_session,10,10,52,14,3,0,0,0,0,0,1,0,0,0,0,0,8,0,0.0,0,0,0.0,10.0,0.0,,,0.0,,,80.0,,0.0,0.0,0.0,0.3,0.0,0.0
2020-11-05,2020-11,44,5,tablet,(data deleted),(data deleted),(data deleted),returning_session,6,6,116,34,10,0,0,0,0,0,2,0,0,0,0,0,2,0,0.0,0,0,0.0,33.33,0.0,,,0.0,,,33.33,,0.0,0.0,0.0,1.67,0.0,0.0
2020-11-05,2020-11,44,5,tablet,<Other>,organic,(organic),new_session,4,4,37,11,1,0,0,0,0,0,1,0,0,0,0,0,2,0,0.0,0,0,0.0,25.0,0.0,,,0.0,,,50.0,,0.0,0.0,0.0,0.25,0.0,0.0
2020-11-05,2020-11,44,5,mobile,<Other>,<Other>,<Other>,returning_session,23,23,178,54,5,0,0,0,0,0,2,0,0,0,0,0,14,0,0.0,0,0,0.0,8.7,0.0,,,0.0,,,60.87,,0.0,0.0,0.0,0.22,0.0,0.0
2020-11-05,2020-11,44,5,mobile,(data deleted),(data deleted),(data deleted),new_session,6,6,19,7,1,0,0,0,0,0,1,0,0,0,0,0,4,0,0.0,0,0,0.0,16.67,0.0,,,0.0,,,66.67,,0.0,0.0,0.0,0.17,0.0,0.0
2020-11-05,2020-11,44,5,tablet,shop.googlemerchandisestore.com,referral,(referral),new_session,4,4,33,8,1,0,0,0,0,0,1,0,0,0,0,0,2,0,0.0,0,0,0.0,25.0,0.0,,,0.0,,,50.0,,0.0,0.0,0.0,0.25,0.0,0.0
2020-11-05,2020-11,44,5,desktop,<Other>,<Other>,<Other>,returning_session,38,38,372,110,44,0,0,0,0,0,9,0,0,0,0,0,22,0,0.0,0,0,0.0,23.68,0.0,,,0.0,,,57.89,,0.0,0.0,0.0,1.16,0.0,0.0
2020-11-05,2020-11,44,5,mobile,google,organic,(organic),new_session,353,353,4227,1311,343,0,0,10,0,0,76,0,8,0,0,8,178,0,0.0,0,0,0.0,21.53,0.0,,0.0,0.0,,100.0,50.42,,0.0,0.0,0.0,0.97,0.0,0.03
2020-11-05,2020-11,44,5,tablet,google,cpc,<Other>,new_session,2,2,70,17,13,0,0,2,2,0,1,0,1,0,0,1,1,0,0.0,0,0,0.0,50.0,0.0,,0.0,0.0,,100.0,50.0,,0.0,0.0,0.0,6.5,0.0,1.0
2020-11-05,2020-11,44,5,mobile,<Other>,<Other>,<Other>,new_session,172,172,3155,1054,358,0,0,8,0,0,35,0,8,0,0,8,84,0,0.0,0,0,0.0,20.35,0.0,,0.0,0.0,,100.0,48.84,,0.0,0.0,0.0,2.08,0.0,0.05
2020-11-05,2020-11,44,5,desktop,shop.googlemerchandisestore.com,referral,(referral),new_session,71,71,748,213,51,0,0,5,2,0,17,0,3,0,0,3,39,0,0.0,0,0,0.0,23.94,0.0,,0.0,0.0,,100.0,54.93,,0.0,0.0,0.0,0.72,0.0,0.07
2020-11-05,2020-11,44,5,tablet,<Other>,referral,(referral),new_session,7,7,121,38,8,0,0,1,0,0,3,0,1,0,0,1,1,0,0.0,0,0,0.0,42.86,0.0,,0.0,0.0,,100.0,14.29,,0.0,0.0,0.0,1.14,0.0,0.14
2020-11-05,2020-11,44,5,tablet,<Other>,<Other>,<Other>,new_session,12,12,142,41,8,0,0,1,0,0,5,0,1,0,0,1,3,0,0.0,0,0,0.0,41.67,0.0,,0.0,0.0,,100.0,25.0,,0.0,0.0,0.0,0.67,0.0,0.08
2020-11-05,2020-11,44,5,mobile,<Other>,organic,(organic),returning_session,8,8,108,33,12,0,0,1,0,0,3,0,1,0,0,1,2,0,0.0,0,0,0.0,37.5,0.0,,0.0,0.0,,100.0,25.0,,0.0,0.0,0.0,1.5,0.0,0.13
2020-11-05,2020-11,44,5,mobile,(direct),(none),(direct),new_session,237,237,3910,1252,474,0,0,6,0,0,48,0,6,0,0,6,110,0,0.0,0,0,0.0,20.25,0.0,,0.0,0.0,,100.0,46.41,,0.0,0.0,0.0,2.0,0.0,0.03
2020-11-05,2020-11,44,5,mobile,<Other>,organic,(organic),new_session,33,33,842,303,127,0,0,2,0,0,7,0,2,0,0,2,13,0,0.0,0,0,0.0,21.21,0.0,,0.0,0.0,,100.0,39.39,,0.0,0.0,0.0,3.85,0.0,0.06
2020-11-05,2020-11,44,5,mobile,shop.googlemerchandisestore.com,referral,(referral),returning_session,95,92,917,263,98,0,0,4,2,0,18,0,3,0,0,3,57,0,0.0,0,0,0.0,18.95,0.0,,0.0,0.0,,100.0,60.0,,0.0,0.0,0.0,1.03,0.0,0.04
2020-11-05,2020-11,44,5,desktop,<Other>,organic,(organic),returning_session,11,11,149,46,12,0,0,1,0,0,4,0,1,0,0,1,6,0,0.0,0,0,0.0,36.36,0.0,,0.0,0.0,,100.0,54.55,,0.0,0.0,0.0,1.09,0.0,0.09
2020-11-05,2020-11,44,5,desktop,<Other>,organic,(organic),new_session,36,36,322,90,10,0,0,1,0,0,7,0,1,0,0,1,18,0,0.0,0,0,0.0,19.44,0.0,,0.0,0.0,,100.0,50.0,,0.0,0.0,0.0,0.28,0.0,0.03
2020-11-05,2020-11,44,5,mobile,google,cpc,<Other>,returning_session,13,13,322,92,64,0,0,1,0,0,4,0,1,0,0,1,3,0,0.0,0,0,0.0,30.77,0.0,,0.0,0.0,,100.0,23.08,,0.0,0.0,0.0,4.92,0.0,0.08
2020-11-05,2020-11,44,5,tablet,google,organic,(organic),new_session,17,17,437,155,67,0,0,1,0,0,7,0,1,0,0,1,7,0,0.0,0,0,0.0,41.18,0.0,,0.0,0.0,,100.0,41.18,,0.0,0.0,0.0,3.94,0.0,0.06
2020-11-05,2020-11,44,5,mobile,google,organic,(organic),returning_session,134,128,1677,513,208,0,0,3,0,0,31,0,1,0,0,1,77,0,0.0,0,0,0.0,23.13,0.0,,0.0,0.0,,100.0,57.46,,0.0,0.0,0.0,1.55,0.0,0.02
2020-11-05,2020-11,44,5,desktop,<Other>,referral,(referral),new_session,137,137,1779,545,155,0,0,6,2,0,36,0,5,0,0,5,56,0,0.0,0,0,0.0,26.28,0.0,,0.0,0.0,,100.0,40.88,,0.0,0.0,0.0,1.13,0.0,0.04
2020-11-05,2020-11,44,5,desktop,google,organic,(organic),returning_session,165,160,1350,405,133,0,0,3,0,0,34,0,1,0,0,1,100,0,0.0,0,0,0.0,20.61,0.0,,0.0,0.0,,100.0,60.61,,0.0,0.0,0.0,0.81,0.0,0.02
2020-11-05,2020-11,44,5,mobile,google,cpc,<Other>,new_session,56,56,944,300,114,0,0,4,2,0,15,0,3,0,0,3,22,0,0.0,0,0,0.0,26.79,0.0,,0.0,0.0,,100.0,39.29,,0.0,0.0,0.0,2.04,0.0,0.07
2020-11-05,2020-11,44,5,mobile,shop.googlemerchandisestore.com,referral,(referral),new_session,55,55,862,279,125,0,0,2,0,0,9,0,2,0,0,2,30,0,0.0,0,0,0.0,16.36,0.0,,0.0,0.0,,100.0,54.55,,0.0,0.0,0.0,2.27,0.0,0.04
2020-11-05,2020-11,44,5,desktop,google,organic,(organic),new_session,505,505,7345,2270,672,0,0,40,16,1,117,0,17,1,0,16,238,1,18.0,3,2,0.2,23.17,0.0,,5.88,0.85,,94.12,47.13,18.0,0.04,0.04,0.0,1.33,0.0,0.08
2020-11-05,2020-11,44,5,desktop,(direct),(none),(direct),new_session,335,335,5262,1670,566,0,0,10,3,1,83,0,10,1,0,9,162,1,47.0,10,7,0.3,24.78,0.0,,10.0,1.2,,90.0,48.36,47.0,0.14,0.14,0.0,1.69,0.0,0.03
2020-11-05,2020-11,44,5,desktop,(direct),(none),(direct),returning_session,154,148,1806,569,179,0,0,2,1,1,38,0,2,1,0,1,75,1,53.0,3,2,0.65,24.68,0.0,,50.0,2.63,,50.0,48.7,53.0,0.36,0.34,0.01,1.16,0.0,0.01
2020-11-05,2020-11,44,5,desktop,(data deleted),(data deleted),(data deleted),returning_session,197,184,2206,691,185,0,0,15,8,2,47,0,6,2,0,4,103,2,36.0,2,2,1.02,23.86,0.0,,33.33,4.26,,66.67,52.28,18.0,0.2,0.18,0.01,0.94,0.0,0.08
2020-11-05,2020-11,44,5,desktop,google,cpc,<Other>,new_session,74,74,705,198,49,0,0,3,3,1,18,0,3,1,0,2,32,1,87.0,8,8,1.35,24.32,0.0,,33.33,5.56,,66.67,43.24,87.0,1.18,1.18,0.01,0.66,0.0,0.04
2020-11-05,2020-11,44,5,desktop,<Other>,<Other>,<Other>,new_session,233,233,2832,826,236,0,0,13,9,3,51,0,8,3,0,5,115,3,319.0,31,17,1.29,21.89,0.0,,37.5,5.88,,62.5,49.36,106.33,1.37,1.37,0.01,1.01,0.0,0.06
2020-11-05,2020-11,44,5,mobile,<Other>,referral,(referral),returning_session,52,51,660,223,44,0,0,3,3,1,12,0,3,1,0,2,32,1,92.0,1,1,1.92,23.08,0.0,,33.33,8.33,,66.67,61.54,92.0,1.8,1.77,0.02,0.85,0.0,0.06
2020-11-05,2020-11,44,5,mobile,<Other>,referral,(referral),new_session,84,84,2148,734,295,0,0,7,5,2,22,0,6,2,0,4,35,2,63.0,4,4,2.38,26.19,0.0,,33.33,9.09,,66.67,41.67,31.5,0.75,0.75,0.02,3.51,0.0,0.08
2020-11-05,2020-11,44,5,mobile,(data deleted),(data deleted),(data deleted),returning_session,135,122,2029,608,277,0,0,11,10,3,33,0,5,3,0,2,73,3,382.0,39,21,2.22,24.44,0.0,,60.0,9.09,,40.0,54.07,127.33,3.13,2.83,0.02,2.05,0.0,0.08
2020-11-05,2020-11,44,5,mobile,(direct),(none),(direct),returning_session,114,112,1518,482,126,0,0,11,9,3,29,0,7,3,0,4,61,3,160.0,12,11,2.63,25.44,0.0,,42.86,10.34,,57.14,53.51,53.33,1.43,1.4,0.03,1.11,0.0,0.1
2020-11-05,2020-11,44,5,desktop,shop.googlemerchandisestore.com,referral,(referral),returning_session,122,119,1493,480,123,0,0,13,9,3,26,0,5,3,0,2,62,3,269.0,24,17,2.46,21.31,0.0,,60.0,11.54,,40.0,50.82,89.67,2.26,2.2,0.03,1.01,0.0,0.11
2020-11-05,2020-11,44,5,desktop,<Other>,referral,(referral),returning_session,75,74,585,164,32,0,0,3,3,2,15,0,2,2,0,0,47,2,60.0,2,2,2.67,20.0,0.0,,100.0,13.33,,0.0,62.67,30.0,0.81,0.8,0.03,0.43,0.0,0.04
2020-11-05,2020-11,44,5,tablet,(direct),(none),(direct),new_session,14,14,161,45,12,0,0,1,1,1,5,0,1,1,0,0,7,1,120.0,2,1,7.14,35.71,0.0,,100.0,20.0,,0.0,50.0,120.0,8.57,8.57,0.07,0.86,0.0,0.07
2020-11-05,2020-11,44,5,desktop,(data deleted),(data deleted),<Other>,returning_session,6,6,114,34,11,0,0,1,2,1,2,0,1,1,0,0,4,1,23.0,1,1,16.67,33.33,0.0,,100.0,50.0,,0.0,66.67,23.0,3.83,3.83,0.17,1.83,0.0,0.17
2020-11-05,2020-11,44,5,desktop,<Other>,(data deleted),(data deleted),returning_session,7,7,142,48,10,0,0,2,3,1,1,0,1,1,0,0,4,1,63.0,1,1,14.29,14.29,0.0,,100.0,100.0,,0.0,57.14,63.0,9.0,9.0,0.14,1.43,0.0,0.29
2021-01-16,2021-01,2,7,desktop,<Other>,(data deleted),(data deleted),returning_session,2,2,12,5,0,0,0,0,0,0,0,0,0,0,0,0,0,0,0.0,0,0,0.0,0.0,,,,,,,0.0,,0.0,0.0,0.0,0.0,0.0,0.0
2021-01-16,2021-01,2,7,tablet,shop.googlemerchandisestore.com,referral,(referral),returning_session,5,5,124,44,12,0,0,0,0,0,1,0,0,0,0,0,2,0,0.0,0,0,0.0,20.0,0.0,,,0.0,,,40.0,,0.0,0.0,0.0,2.4,0.0,0.0
2021-01-16,2021-01,2,7,desktop,(data deleted),(data deleted),(data deleted),new_session,6,6,18,7,1,0,0,0,0,0,1,0,0,0,0,0,3,0,0.0,0,0,0.0,16.67,0.0,,,0.0,,,50.0,,0.0,0.0,0.0,0.17,0.0,0.0
2021-01-16,2021-01,2,7,tablet,google,organic,(organic),returning_session,5,5,26,10,0,0,0,0,0,0,0,0,0,0,0,0,1,0,0.0,0,0,0.0,0.0,,,,,,,20.0,,0.0,0.0,0.0,0.0,0.0,0.0
2021-01-16,2021-01,2,7,tablet,<Other>,organic,(organic),new_session,2,2,15,5,1,0,0,0,0,0,1,0,0,0,0,0,0,0,0.0,0,0,0.0,50.0,0.0,,,0.0,,,0.0,,0.0,0.0,0.0,0.5,0.0,0.0
2021-01-16,2021-01,2,7,tablet,(direct),(none),(direct),returning_session,4,4,44,16,3,0,0,0,0,0,2,0,0,0,0,0,1,0,0.0,0,0,0.0,50.0,0.0,,,0.0,,,25.0,,0.0,0.0,0.0,0.75,0.0,0.0
2021-01-16,2021-01,2,7,mobile,<Other>,(data deleted),(data deleted),returning_session,1,1,3,2,0,0,0,0,0,0,0,0,0,0,0,0,0,0,0.0,0,0,0.0,0.0,,,,,,,0.0,,0.0,0.0,0.0,0.0,0.0,0.0
2021-01-16,2021-01,2,7,tablet,<Other>,referral,(referral),returning_session,3,3,9,2,0,0,0,0,0,0,0,0,0,0,0,0,2,0,0.0,0,0,0.0,0.0,,,,,,,66.67,,0.0,0.0,0.0,0.0,0.0,0.0
2021-01-16,2021-01,2,7,desktop,shop.googlemerchandisestore.com,referral,(referral),new_session,71,71,518,190,20,0,0,0,0,0,11,0,0,0,0,0,5,0,0.0,0,0,0.0,15.49,0.0,,,0.0,,,7.04,,0.0,0.0,0.0,0.28,0.0,0.0
2021-01-16,2021-01,2,7,desktop,<Other>,<Other>,<Other>,returning_session,16,16,127,48,1,0,0,0,0,0,1,0,0,0,0,0,5,0,0.0,0,0,0.0,6.25,0.0,,,0.0,,,31.25,,0.0,0.0,0.0,0.06,0.0,0.0
2021-01-16,2021-01,2,7,desktop,<Other>,organic,(organic),returning_session,8,8,46,20,1,0,0,0,0,0,1,0,0,0,0,0,1,0,0.0,0,0,0.0,12.5,0.0,,,0.0,,,12.5,,0.0,0.0,0.0,0.13,0.0,0.0
2021-01-16,2021-01,2,7,mobile,(data deleted),(data deleted),(data deleted),new_session,1,1,4,2,0,0,0,0,0,0,0,0,0,0,0,0,0,0,0.0,0,0,0.0,0.0,,,,,,,0.0,,0.0,0.0,0.0,0.0,0.0,0.0
2021-01-16,2021-01,2,7,tablet,<Other>,referral,(referral),new_session,5,5,35,14,1,0,0,0,0,0,1,0,0,0,0,0,0,0,0.0,0,0,0.0,20.0,0.0,,,0.0,,,0.0,,0.0,0.0,0.0,0.2,0.0,0.0
2021-01-16,2021-01,2,7,desktop,google,cpc,<Other>,returning_session,5,5,26,12,2,0,0,0,0,0,1,0,0,0,0,0,1,0,0.0,0,0,0.0,20.0,0.0,,,0.0,,,20.0,,0.0,0.0,0.0,0.4,0.0,0.0
2021-01-16,2021-01,2,7,tablet,shop.googlemerchandisestore.com,referral,(referral),new_session,2,2,28,10,0,0,0,0,0,0,0,0,0,0,0,0,0,0,0.0,0,0,0.0,0.0,,,,,,,0.0,,0.0,0.0,0.0,0.0,0.0,0.0
2021-01-16,2021-01,2,7,tablet,google,organic,(organic),new_session,22,22,145,56,3,0,0,0,0,0,2,0,0,0,0,0,0,0,0.0,0,0,0.0,9.09,0.0,,,0.0,,,0.0,,0.0,0.0,0.0,0.14,0.0,0.0
2021-01-16,2021-01,2,7,mobile,<Other>,organic,(organic),returning_session,3,3,11,4,0,0,0,0,0,0,0,0,0,0,0,0,1,0,0.0,0,0,0.0,0.0,,,,,,,33.33,,0.0,0.0,0.0,0.0,0.0,0.0
2021-01-16,2021-01,2,7,tablet,(data deleted),(data deleted),(data deleted),returning_session,2,2,6,3,0,0,0,0,0,0,0,0,0,0,0,0,1,0,0.0,0,0,0.0,0.0,,,,,,,50.0,,0.0,0.0,0.0,0.0,0.0,0.0
2021-01-16,2021-01,2,7,tablet,(direct),(none),(direct),new_session,14,14,120,45,4,0,0,0,0,0,3,0,0,0,0,0,0,0,0.0,0,0,0.0,21.43,0.0,,,0.0,,,0.0,,0.0,0.0,0.0,0.29,0.0,0.0
2021-01-16,2021-01,2,7,tablet,google,cpc,<Other>,new_session,4,4,25,10,0,0,0,0,0,0,0,0,0,0,0,0,0,0,0.0,0,0,0.0,0.0,,,,,,,0.0,,0.0,0.0,0.0,0.0,0.0,0.0
2021-01-16,2021-01,2,7,mobile,<Other>,<Other>,<Other>,new_session,192,192,1627,572,121,21,0,0,0,0,29,6,0,0,6,0,9,0,0.0,0,0,0.0,15.1,20.69,0.0,,0.0,100.0,,4.69,,0.0,0.0,0.0,0.63,0.11,0.0
2021-01-16,2021-01,2,7,mobile,google,cpc,<Other>,returning_session,1,1,31,9,1,1,0,0,0,0,1,1,0,0,1,0,0,0,0.0,0,0,0.0,100.0,100.0,0.0,,0.0,100.0,,0.0,,0.0,0.0,0.0,1.0,1.0,0.0
2021-01-16,2021-01,2,7,desktop,<Other>,referral,(referral),new_session,149,149,1190,432,48,4,0,0,0,0,21,3,0,0,3,0,8,0,0.0,0,0,0.0,14.09,14.29,0.0,,0.0,100.0,,5.37,,0.0,0.0,0.0,0.32,0.03,0.0
2021-01-16,2021-01,2,7,mobile,<Other>,organic,(organic),new_session,40,40,360,130,7,1,0,0,0,0,4,1,0,0,1,0,2,0,0.0,0,0,0.0,10.0,25.0,0.0,,0.0,100.0,,5.0,,0.0,0.0,0.0,0.17,0.03,0.0
2021-01-16,2021-01,2,7,desktop,<Other>,organic,(organic),new_session,43,43,350,130,9,2,0,0,0,0,5,1,0,0,1,0,2,0,0.0,0,0,0.0,11.63,20.0,0.0,,0.0,100.0,,4.65,,0.0,0.0,0.0,0.21,0.05,0.0
2021-01-16,2021-01,2,7,mobile,google,cpc,<Other>,new_session,45,45,473,160,33,8,0,0,0,0,7,2,0,0,2,0,1,0,0.0,0,0,0.0,15.56,28.57,0.0,,0.0,100.0,,2.22,,0.0,0.0,0.0,0.73,0.18,0.0
2021-01-16,2021-01,2,7,tablet,<Other>,<Other>,<Other>,new_session,18,18,150,52,10,1,0,0,0,0,2,1,0,0,1,0,1,0,0.0,0,0,0.0,11.11,50.0,0.0,,0.0,100.0,,5.56,,0.0,0.0,0.0,0.56,0.06,0.0
2021-01-16,2021-01,2,7,desktop,(data deleted),(data deleted),<Other>,returning_session,4,4,79,24,15,3,0,0,0,0,3,1,0,0,1,0,0,0,0.0,0,0,0.0,75.0,33.33,0.0,,0.0,100.0,,0.0,,0.0,0.0,0.0,3.75,0.75,0.0
2021-01-16,2021-01,2,7,mobile,<Other>,referral,(referral),new_session,104,104,957,334,50,9,0,3,0,0,17,4,1,0,4,1,3,0,0.0,0,0,0.0,16.35,23.53,25.0,0.0,0.0,100.0,100.0,2.88,,0.0,0.0,0.0,0.48,0.09,0.03
2021-01-16,2021-01,2,7,mobile,shop.googlemerchandisestore.com,referral,(referral),new_session,59,59,507,182,25,2,0,3,0,0,13,1,1,0,1,1,2,0,0.0,0,0,0.0,22.03,7.69,100.0,0.0,0.0,100.0,100.0,3.39,,0.0,0.0,0.0,0.42,0.03,0.05
2021-01-16,2021-01,2,7,mobile,(direct),(none),(direct),returning_session,60,56,420,152,20,5,0,6,0,0,9,3,1,0,3,1,19,0,0.0,0,0,0.0,15.0,33.33,33.33,0.0,0.0,100.0,100.0,31.67,,0.0,0.0,0.0,0.33,0.08,0.1
2021-01-16,2021-01,2,7,desktop,(direct),(none),(direct),returning_session,92,89,1154,367,86,34,0,33,5,1,18,7,6,1,6,5,29,1,65.0,4,3,1.09,19.57,38.89,85.71,16.67,5.56,85.71,83.33,31.52,65.0,0.73,0.71,0.01,0.93,0.37,0.36
2021-01-16,2021-01,2,7,desktop,(direct),(none),(direct),new_session,348,348,3461,1251,198,27,0,24,3,1,59,15,5,1,14,4,17,1,14.0,1,1,0.29,16.95,25.42,33.33,20.0,1.69,93.33,80.0,4.89,14.0,0.04,0.04,0.0,0.57,0.08,0.07
2021-01-16,2021-01,2,7,desktop,(data deleted),(data deleted),(data deleted),returning_session,76,73,850,273,90,12,0,11,3,1,17,5,4,1,5,3,24,1,16.0,2,1,1.32,22.37,29.41,80.0,25.0,5.88,100.0,75.0,31.58,16.0,0.22,0.21,0.01,1.18,0.16,0.14
2021-01-16,2021-01,2,7,desktop,google,organic,(organic),new_session,493,493,4355,1530,237,20,0,31,2,3,80,15,7,2,13,5,29,2,164.0,4,4,0.41,16.23,18.75,46.67,28.57,2.5,86.67,71.43,5.88,82.0,0.33,0.33,0.0,0.48,0.04,0.06
2021-01-16,2021-01,2,7,desktop,google,cpc,<Other>,new_session,62,62,539,192,25,9,0,5,1,1,11,3,2,1,2,1,1,1,0.0,0,1,1.61,17.74,27.27,66.67,50.0,9.09,66.67,50.0,1.61,0.0,0.0,0.0,0.02,0.4,0.15,0.08
2021-01-16,2021-01,2,7,mobile,google,organic,(organic),new_session,361,361,3468,1204,185,26,0,55,10,5,56,10,6,4,6,2,20,5,99.0,7,8,1.11,15.51,17.86,60.0,66.67,7.14,60.0,33.33,5.54,19.8,0.27,0.27,0.01,0.51,0.07,0.15
2021-01-16,2021-01,2,7,mobile,google,organic,(organic),returning_session,56,54,877,279,92,13,0,27,5,2,14,3,3,2,2,1,23,2,194.0,15,8,3.57,25.0,21.43,100.0,66.67,14.29,66.67,33.33,41.07,97.0,3.59,3.46,0.04,1.64,0.23,0.48
2021-01-16,2021-01,2,7,mobile,(data deleted),(data deleted),(data deleted),returning_session,50,49,992,325,130,24,0,15,3,2,19,7,3,2,5,1,15,2,226.0,11,9,4.0,38.0,36.84,42.86,66.67,10.53,71.43,33.33,30.0,113.0,4.61,4.52,0.04,2.6,0.48,0.3
2021-01-16,2021-01,2,7,mobile,(direct),(none),(direct),new_session,256,256,2313,830,134,15,0,18,5,2,44,8,3,2,6,1,14,2,81.0,3,3,0.78,17.19,18.18,37.5,66.67,4.55,75.0,33.33,5.47,40.5,0.32,0.32,0.01,0.52,0.06,0.07
2021-01-16,2021-01,2,7,desktop,<Other>,referral,(referral),returning_session,48,46,402,134,33,15,0,9,2,2,9,5,3,2,4,1,14,2,144.0,4,4,4.17,18.75,55.56,60.0,66.67,22.22,80.0,33.33,29.17,72.0,3.13,3.0,0.04,0.69,0.31,0.19
2021-01-16,2021-01,2,7,mobile,shop.googlemerchandisestore.com,referral,(referral),returning_session,35,35,354,122,20,2,0,6,1,1,6,1,1,1,0,0,11,1,49.0,2,2,2.86,17.14,16.67,100.0,100.0,16.67,0.0,0.0,31.43,49.0,1.4,1.4,0.03,0.57,0.06,0.17
2021-01-16,2021-01,2,7,mobile,<Other>,referral,(referral),returning_session,26,25,255,85,19,9,0,3,3,1,6,1,1,1,0,0,7,1,170.0,6,4,3.85,23.08,16.67,100.0,100.0,16.67,0.0,0.0,26.92,170.0,6.8,6.54,0.04,0.73,0.35,0.12
2021-01-16,2021-01,2,7,desktop,shop.googlemerchandisestore.com,referral,(referral),returning_session,49,45,403,135,26,8,0,12,1,1,8,1,1,1,0,0,18,1,98.0,3,3,2.04,16.33,12.5,100.0,100.0,12.5,0.0,0.0,36.73,98.0,2.18,2.0,0.02,0.53,0.16,0.24
2021-01-16,2021-01,2,7,desktop,google,organic,(organic),returning_session,69,66,553,200,41,10,0,2,1,1,8,3,1,1,2,0,20,1,0.0,0,1,1.45,11.59,37.5,33.33,100.0,12.5,66.67,0.0,28.99,0.0,0.0,0.0,0.02,0.59,0.14,0.03
2021-01-16,2021-01,2,7,mobile,<Other>,<Other>,<Other>,returning_session,18,18,299,78,33,33,0,9,3,2,4,3,1,1,2,0,7,2,131.0,5,3,5.56,22.22,75.0,33.33,100.0,25.0,66.67,0.0,38.89,65.5,7.28,7.28,0.11,1.83,1.83,0.5
2021-01-16,2021-01,2,7,desktop,<Other>,<Other>,<Other>,new_session,242,242,2415,838,190,43,0,6,1,1,37,9,1,1,8,0,7,1,10.0,5,1,0.41,15.29,24.32,11.11,100.0,2.7,88.89,0.0,2.89,10.0,0.04,0.04,0.0,0.79,0.18,0.02
2020-12-30,2020-12,52,4,tablet,google,cpc,<Other>,new_session,6,6,38,12,5,0,0,0,0,0,2,0,0,0,0,0,0,0,0.0,0,0,0.0,33.33,0.0,,,0.0,,,0.0,,0.0,0.0,0.0,0.83,0.0,0.0
2020-12-30,2020-12,52,4,tablet,<Other>,referral,(referral),new_session,4,4,70,21,1,0,0,0,0,0,1,0,0,0,0,0,0,0,0.0,0,0,0.0,25.0,0.0,,,0.0,,,0.0,,0.0,0.0,0.0,0.25,0.0,0.0
2020-12-30,2020-12,52,4,tablet,<Other>,organic,(organic),returning_session,1,1,4,2,1,0,0,0,0,0,1,0,0,0,0,0,0,0,0.0,0,0,0.0,100.0,0.0,,,0.0,,,0.0,,0.0,0.0,0.0,1.0,0.0,0.0
2020-12-30,2020-12,52,4,mobile,<Other>,organic,(organic),returning_session,4,4,79,30,6,0,0,0,0,0,1,0,0,0,0,0,0,0,0.0,0,0,0.0,25.0,0.0,,,0.0,,,0.0,,0.0,0.0,0.0,1.5,0.0,0.0
2020-12-30,2020-12,52,4,desktop,(data deleted),(data deleted),(data deleted),new_session,4,4,11,4,0,0,0,0,0,0,0,0,0,0,0,0,4,0,0.0,0,0,0.0,0.0,,,,,,,100.0,,0.0,0.0,0.0,0.0,0.0,0.0
2020-12-30,2020-12,52,4,tablet,<Other>,<Other>,<Other>,returning_session,1,1,2,0,0,0,0,0,0,0,0,0,0,0,0,0,1,0,0.0,0,0,0.0,0.0,,,,,,,100.0,,0.0,0.0,0.0,0.0,0.0,0.0
2020-12-30,2020-12,52,4,desktop,<Other>,(data deleted),(data deleted),new_session,1,1,3,1,1,0,0,0,0,0,1,0,0,0,0,0,0,0,0.0,0,0,0.0,100.0,0.0,,,0.0,,,0.0,,0.0,0.0,0.0,1.0,0.0,0.0
2020-12-30,2020-12,52,4,tablet,<Other>,organic,(organic),new_session,5,5,69,24,1,0,0,0,0,0,1,0,0,0,0,0,0,0,0.0,0,0,0.0,20.0,0.0,,,0.0,,,0.0,,0.0,0.0,0.0,0.2,0.0,0.0
2020-12-30,2020-12,52,4,desktop,<Other>,organic,(organic),returning_session,10,10,118,52,9,0,0,0,0,0,2,0,0,0,0,0,1,0,0.0,0,0,0.0,20.0,0.0,,,0.0,,,10.0,,0.0,0.0,0.0,0.9,0.0,0.0
2020-12-30,2020-12,52,4,tablet,(data deleted),(data deleted),(data deleted),new_session,1,1,3,1,1,0,0,0,0,0,1,0,0,0,0,0,0,0,0.0,0,0,0.0,100.0,0.0,,,0.0,,,0.0,,0.0,0.0,0.0,1.0,0.0,0.0
2020-12-30,2020-12,52,4,mobile,google,cpc,<Other>,new_session,42,42,322,116,10,0,0,0,0,0,2,0,0,0,0,0,0,0,0.0,0,0,0.0,4.76,0.0,,,0.0,,,0.0,,0.0,0.0,0.0,0.24,0.0,0.0
2020-12-30,2020-12,52,4,tablet,(direct),(none),(direct),new_session,10,10,78,30,2,0,0,0,0,0,1,0,0,0,0,0,0,0,0.0,0,0,0.0,10.0,0.0,,,0.0,,,0.0,,0.0,0.0,0.0,0.2,0.0,0.0
2020-12-30,2020-12,52,4,tablet,<Other>,referral,(referral),returning_session,3,3,21,9,1,0,0,0,0,0,1,0,0,0,0,0,1,0,0.0,0,0,0.0,33.33,0.0,,,0.0,,,33.33,,0.0,0.0,0.0,0.33,0.0,0.0
2020-12-30,2020-12,52,4,tablet,(direct),(none),(direct),returning_session,4,4,20,10,0,0,0,0,0,0,0,0,0,0,0,0,0,0,0.0,0,0,0.0,0.0,,,,,,,0.0,,0.0,0.0,0.0,0.0,0.0,0.0
2020-12-30,2020-12,52,4,mobile,(data deleted),(data deleted),<Other>,returning_session,1,1,5,3,0,0,0,0,0,0,0,0,0,0,0,0,0,0,0.0,0,0,0.0,0.0,,,,,,,0.0,,0.0,0.0,0.0,0.0,0.0,0.0
2020-12-30,2020-12,52,4,tablet,(data deleted),(data deleted),(data deleted),returning_session,5,5,61,22,9,0,0,0,0,0,2,0,0,0,0,0,0,0,0.0,0,0,0.0,40.0,0.0,,,0.0,,,0.0,,0.0,0.0,0.0,1.8,0.0,0.0
2020-12-30,2020-12,52,4,desktop,google,<Other>,<Other>,new_session,1,1,6,2,0,0,0,0,0,0,0,0,0,0,0,0,0,0,0.0,0,0,0.0,0.0,,,,,,,0.0,,0.0,0.0,0.0,0.0,0.0,0.0
2020-12-30,2020-12,52,4,mobile,<Other>,referral,(referral),returning_session,23,22,269,98,16,0,0,3,1,0,6,0,1,0,0,1,3,0,0.0,0,0,0.0,26.09,0.0,,0.0,0.0,,100.0,13.04,,0.0,0.0,0.0,0.7,0.0,0.13
2020-12-30,2020-12,52,4,desktop,<Other>,<Other>,<Other>,returning_session,24,24,287,101,35,2,0,3,2,1,7,1,1,1,0,0,2,1,192.0,7,3,4.17,29.17,14.29,100.0,100.0,14.29,0.0,0.0,8.33,192.0,8.0,8.0,0.04,1.46,0.08,0.13
2020-12-30,2020-12,52,4,desktop,shop.googlemerchandisestore.com,referral,(referral),returning_session,67,66,612,201,36,9,0,21,2,2,9,4,3,2,2,1,26,2,198.0,20,10,2.99,13.43,44.44,75.0,66.67,22.22,50.0,33.33,38.81,99.0,3.0,2.96,0.03,0.54,0.13,0.31
2020-12-30,2020-12,52,4,desktop,(direct),(none),(direct),returning_session,92,88,728,260,43,6,0,3,2,1,14,3,1,1,2,0,29,1,6.0,1,1,1.09,15.22,21.43,33.33,100.0,7.14,66.67,0.0,31.52,6.0,0.07,0.07,0.01,0.47,0.07,0.03
2020-12-30,2020-12,52,4,mobile,shop.googlemerchandisestore.com,referral,(referral),returning_session,39,36,412,131,40,19,0,15,3,3,12,3,1,1,2,0,9,2,93.0,7,6,2.56,30.77,25.0,33.33,100.0,8.33,66.67,0.0,23.08,46.5,2.58,2.38,0.06,1.03,0.49,0.38
2020-12-30,2020-12,52,4,desktop,(data deleted),(data deleted),(data deleted),returning_session,77,73,1064,336,115,19,0,18,5,4,19,6,3,3,4,0,30,4,332.0,97,8,3.9,24.68,31.58,50.0,100.0,15.79,66.67,0.0,38.96,83.0,4.55,4.31,0.05,1.49,0.25,0.23
2020-12-30,2020-12,52,4,mobile,(data deleted),(data deleted),(data deleted),returning_session,50,49,840,266,83,28,0,24,5,2,17,8,3,2,6,1,14,2,58.0,3,3,4.0,34.0,47.06,37.5,66.67,11.76,75.0,33.33,28.0,29.0,1.18,1.16,0.04,1.66,0.56,0.48
2020-12-30,2020-12,52,4,desktop,google,organic,(organic),returning_session,69,69,946,302,116,37,0,24,6,2,18,5,3,2,4,1,14,2,82.0,9,8,2.9,26.09,27.78,60.0,66.67,11.11,80.0,33.33,20.29,41.0,1.19,1.19,0.03,1.68,0.54,0.35
2020-12-30,2020-12,52,4,mobile,google,organic,(organic),returning_session,69,66,888,278,84,31,0,24,8,2,13,7,3,2,6,1,24,2,41.0,4,4,2.9,18.84,53.85,42.86,66.67,15.38,85.71,33.33,34.78,20.5,0.62,0.59,0.03,1.22,0.45,0.35
2020-12-30,2020-12,52,4,mobile,google,organic,(organic),new_session,352,352,3606,1257,217,39,0,48,17,15,49,13,3,2,12,1,14,2,27.0,3,17,0.57,13.92,26.53,23.08,66.67,4.08,92.31,33.33,3.98,13.5,0.08,0.08,0.01,0.62,0.11,0.14
2020-12-30,2020-12,52,4,desktop,<Other>,referral,(referral),new_session,174,174,1313,491,41,5,0,0,0,0,20,3,0,0,3,0,7,0,0.0,0,0,0.0,11.49,15.0,0.0,,0.0,100.0,,4.02,,0.0,0.0,0.0,0.24,0.03,0.0
2020-12-30,2020-12,52,4,desktop,google,cpc,<Other>,new_session,80,80,812,293,38,1,0,0,0,0,15,1,0,0,1,0,3,0,0.0,0,0,0.0,18.75,6.67,0.0,,0.0,100.0,,3.75,,0.0,0.0,0.0,0.47,0.01,0.0
2020-12-30,2020-12,52,4,desktop,google,cpc,<Other>,returning_session,5,5,45,17,4,1,0,0,0,0,2,1,0,0,1,0,2,0,0.0,0,0,0.0,40.0,50.0,0.0,,0.0,100.0,,40.0,,0.0,0.0,0.0,0.8,0.2,0.0
2020-12-30,2020-12,52,4,tablet,<Other>,<Other>,<Other>,new_session,12,12,85,30,4,1,0,0,0,0,3,1,0,0,1,0,2,0,0.0,0,0,0.0,25.0,33.33,0.0,,0.0,100.0,,16.67,,0.0,0.0,0.0,0.33,0.08,0.0
2020-12-30,2020-12,52,4,mobile,<Other>,organic,(organic),new_session,35,35,395,134,33,11,0,0,0,0,7,3,0,0,3,0,3,0,0.0,0,0,0.0,20.0,42.86,0.0,,0.0,100.0,,8.57,,0.0,0.0,0.0,0.94,0.31,0.0
2020-12-30,2020-12,52,4,tablet,google,organic,(organic),returning_session,4,4,36,14,2,1,0,0,0,0,1,1,0,0,1,0,0,0,0.0,0,0,0.0,25.0,100.0,0.0,,0.0,100.0,,0.0,,0.0,0.0,0.0,0.5,0.25,0.0
2020-12-30,2020-12,52,4,mobile,<Other>,<Other>,<Other>,new_session,158,158,1223,445,71,6,0,0,0,0,21,2,0,0,2,0,6,0,0.0,0,0,0.0,13.29,9.52,0.0,,0.0,100.0,,3.8,,0.0,0.0,0.0,0.45,0.04,0.0
2020-12-30,2020-12,52,4,mobile,google,cpc,<Other>,returning_session,2,2,24,9,3,1,0,0,0,0,1,1,0,0,1,0,0,0,0.0,0,0,0.0,50.0,100.0,0.0,,0.0,100.0,,0.0,,0.0,0.0,0.0,1.5,0.5,0.0
2020-12-30,2020-12,52,4,mobile,<Other>,referral,(referral),new_session,95,95,782,275,46,8,0,0,0,0,19,2,0,0,2,0,5,0,0.0,0,0,0.0,20.0,10.53,0.0,,0.0,100.0,,5.26,,0.0,0.0,0.0,0.48,0.08,0.0
2020-12-30,2020-12,52,4,desktop,<Other>,referral,(referral),returning_session,38,37,584,195,81,9,0,0,0,0,7,4,0,0,4,0,12,0,0.0,0,0,0.0,18.42,57.14,0.0,,0.0,100.0,,31.58,,0.0,0.0,0.0,2.13,0.24,0.0
2020-12-30,2020-12,52,4,mobile,(data deleted),(data deleted),(data deleted),new_session,4,4,110,41,4,6,0,0,0,0,1,1,0,0,1,0,1,0,0.0,0,0,0.0,25.0,100.0,0.0,,0.0,100.0,,25.0,,0.0,0.0,0.0,1.0,1.5,0.0
2020-12-30,2020-12,52,4,desktop,<Other>,<Other>,<Other>,new_session,248,248,2305,820,124,13,0,15,0,0,41,6,1,0,6,1,14,0,0.0,0,0,0.0,16.53,14.63,16.67,0.0,0.0,100.0,100.0,5.65,,0.0,0.0,0.0,0.5,0.05,0.06
2020-12-30,2020-12,52,4,desktop,(direct),(none),(direct),new_session,346,346,2634,960,85,20,0,6,0,0,40,6,1,0,6,1,13,0,0.0,0,0,0.0,11.56,15.0,16.67,0.0,0.0,100.0,100.0,3.76,,0.0,0.0,0.0,0.25,0.06,0.02
2020-12-30,2020-12,52,4,mobile,(direct),(none),(direct),new_session,234,234,2112,737,108,29,0,9,1,0,39,8,2,0,8,2,13,0,0.0,0,0,0.0,16.67,20.51,25.0,0.0,0.0,100.0,100.0,5.56,,0.0,0.0,0.0,0.46,0.12,0.04
2020-12-30,2020-12,52,4,desktop,google,organic,(organic),new_session,507,507,4176,1501,211,34,0,12,2,0,68,9,3,0,9,3,25,0,0.0,0,0,0.0,13.41,13.24,33.33,0.0,0.0,100.0,100.0,4.93,,0.0,0.0,0.0,0.42,0.07,0.02
2020-12-30,2020-12,52,4,mobile,shop.googlemerchandisestore.com,referral,(referral),new_session,63,63,533,193,18,5,0,3,0,0,8,1,1,0,1,1,1,0,0.0,0,0,0.0,12.7,12.5,100.0,0.0,0.0,100.0,100.0,1.59,,0.0,0.0,0.0,0.29,0.08,0.05
2020-12-30,2020-12,52,4,desktop,<Other>,organic,(organic),new_session,43,43,336,120,11,6,0,3,0,0,3,1,1,0,1,1,2,0,0.0,0,0,0.0,6.98,33.33,100.0,0.0,0.0,100.0,100.0,4.65,,0.0,0.0,0.0,0.26,0.14,0.07
2020-12-30,2020-12,52,4,mobile,<Other>,<Other>,<Other>,returning_session,18,18,287,89,22,1,0,15,2,1,5,1,2,1,1,1,5,1,19.0,1,1,5.56,27.78,20.0,200.0,50.0,20.0,100.0,50.0,27.78,19.0,1.06,1.06,0.06,1.22,0.06,0.83
2020-12-30,2020-12,52,4,desktop,shop.googlemerchandisestore.com,referral,(referral),new_session,89,89,842,275,61,27,0,12,4,1,18,4,2,1,4,1,7,1,480.0,160,1,1.12,20.22,22.22,50.0,50.0,5.56,100.0,50.0,7.87,480.0,5.39,5.39,0.01,0.69,0.3,0.13
2020-12-30,2020-12,52,4,mobile,(direct),(none),(direct),returning_session,69,63,804,277,71,24,0,5,3,2,12,6,2,2,6,0,23,2,26.0,1,2,2.9,17.39,50.0,33.33,100.0,16.67,100.0,0.0,33.33,13.0,0.41,0.38,0.03,1.03,0.35,0.07
2020-12-30,2020-12,52,4,tablet,google,organic,(organic),new_session,24,24,195,69,5,6,0,6,1,1,2,1,1,1,1,0,2,1,50.0,4,4,4.17,8.33,50.0,100.0,100.0,50.0,100.0,0.0,8.33,50.0,2.08,2.08,0.04,0.21,0.25,0.25
2020-12-11,2020-12,49,6,mobile,(data deleted),(data deleted),(data deleted),new_session,8,8,64,25,5,0,0,0,0,0,3,0,0,0,0,0,3,0,0.0,0,0,0.0,37.5,0.0,,,0.0,,,37.5,,0.0,0.0,0.0,0.63,0.0,0.0
2020-12-11,2020-12,49,6,mobile,(data deleted),(data deleted),<Other>,returning_session,3,3,13,5,0,0,0,0,0,0,0,0,0,0,0,0,1,0,0.0,0,0,0.0,0.0,,,,,,,33.33,,0.0,0.0,0.0,0.0,0.0,0.0
2020-12-11,2020-12,49,6,tablet,google,cpc,<Other>,new_session,6,6,45,12,0,0,0,0,0,0,0,0,0,0,0,0,3,0,0.0,0,0,0.0,0.0,,,,,,,50.0,,0.0,0.0,0.0,0.0,0.0,0.0
2020-12-11,2020-12,49,6,mobile,<Other>,(data deleted),(data deleted),returning_session,1,1,42,14,4,0,0,0,0,0,1,0,0,0,0,0,0,0,0.0,0,0,0.0,100.0,0.0,,,0.0,,,0.0,,0.0,0.0,0.0,4.0,0.0,0.0
2020-12-11,2020-12,49,6,tablet,(direct),(none),(direct),new_session,17,17,220,64,24,0,0,0,0,0,3,0,0,0,0,0,10,0,0.0,0,0,0.0,17.65,0.0,,,0.0,,,58.82,,0.0,0.0,0.0,1.41,0.0,0.0
2020-12-11,2020-12,49,6,tablet,(data deleted),(data deleted),(data deleted),new_session,1,1,20,7,0,0,0,0,0,0,0,0,0,0,0,0,0,0,0.0,0,0,0.0,0.0,,,,,,,0.0,,0.0,0.0,0.0,0.0,0.0,0.0
2020-12-11,2020-12,49,6,tablet,<Other>,organic,(organic),new_session,3,3,12,3,0,0,0,0,0,0,0,0,0,0,0,0,3,0,0.0,0,0,0.0,0.0,,,,,,,100.0,,0.0,0.0,0.0,0.0,0.0,0.0
2020-12-11,2020-12,49,6,tablet,<Other>,referral,(referral),new_session,7,7,29,7,0,0,0,0,0,0,0,0,0,0,0,0,7,0,0.0,0,0,0.0,0.0,,,,,,,100.0,,0.0,0.0,0.0,0.0,0.0,0.0
2020-12-11,2020-12,49,6,tablet,<Other>,<Other>,<Other>,new_session,17,17,172,46,22,11,0,0,0,0,4,2,0,0,2,0,10,0,0.0,0,0,0.0,23.53,50.0,0.0,,0.0,100.0,,58.82,,0.0,0.0,0.0,1.29,0.65,0.0
2020-12-11,2020-12,49,6,tablet,google,organic,(organic),returning_session,8,8,220,51,32,32,0,6,2,0,2,2,2,0,2,2,5,0,0.0,0,0,0.0,25.0,100.0,100.0,0.0,0.0,100.0,100.0,62.5,,0.0,0.0,0.0,4.0,4.0,0.75
2020-12-11,2020-12,49,6,desktop,(data deleted),(data deleted),(data deleted),new_session,12,12,237,78,37,3,0,2,2,0,6,1,1,0,1,1,3,0,0.0,0,0,0.0,50.0,16.67,100.0,0.0,0.0,100.0,100.0,25.0,,0.0,0.0,0.0,3.08,0.25,0.17
2020-12-11,2020-12,49,6,tablet,google,organic,(organic),new_session,30,30,301,78,32,2,0,2,0,0,7,1,1,0,1,1,16,0,0.0,0,0,0.0,23.33,14.29,100.0,0.0,0.0,100.0,100.0,53.33,,0.0,0.0,0.0,1.07,0.07,0.07
2020-12-11,2020-12,49,6,tablet,shop.googlemerchandisestore.com,referral,(referral),returning_session,3,3,15,3,2,3,0,0,0,0,1,1,0,0,1,0,2,0,0.0,0,0,0.0,33.33,100.0,0.0,,0.0,100.0,,66.67,,0.0,0.0,0.0,0.67,1.0,0.0
2020-12-11,2020-12,49,6,tablet,shop.googlemerchandisestore.com,referral,(referral),new_session,7,7,102,35,8,1,0,0,0,0,2,1,0,0,1,0,5,0,0.0,0,0,0.0,28.57,50.0,0.0,,0.0,100.0,,71.43,,0.0,0.0,0.0,1.14,0.14,0.0
2020-12-11,2020-12,49,6,mobile,<Other>,<Other>,<Other>,new_session,304,304,2827,824,216,48,0,22,4,0,59,20,8,0,20,8,185,0,0.0,0,0,0.0,19.41,33.9,40.0,0.0,0.0,100.0,100.0,60.86,,0.0,0.0,0.0,0.71,0.16,0.07
2020-12-11,2020-12,49,6,tablet,(data deleted),(data deleted),(data deleted),returning_session,8,8,46,14,1,1,0,0,0,0,1,1,0,0,1,0,6,0,0.0,0,0,0.0,12.5,100.0,0.0,,0.0,100.0,,75.0,,0.0,0.0,0.0,0.13,0.13,0.0
2020-12-11,2020-12,49,6,desktop,(data deleted),(data deleted),<Other>,returning_session,4,4,117,35,22,6,0,0,0,0,2,2,0,0,2,0,1,0,0.0,0,0,0.0,50.0,100.0,0.0,,0.0,100.0,,25.0,,0.0,0.0,0.0,5.5,1.5,0.0
2020-12-11,2020-12,49,6,tablet,<Other>,referral,(referral),returning_session,8,8,72,22,4,3,0,0,0,0,2,1,0,0,1,0,3,0,0.0,0,0,0.0,25.0,50.0,0.0,,0.0,100.0,,37.5,,0.0,0.0,0.0,0.5,0.38,0.0
2020-12-11,2020-12,49,6,mobile,<Other>,organic,(organic),new_session,49,49,823,201,138,75,0,0,0,0,12,3,0,0,3,0,27,0,0.0,0,0,0.0,24.49,25.0,0.0,,0.0,100.0,,55.1,,0.0,0.0,0.0,2.82,1.53,0.0
2020-12-11,2020-12,49,6,tablet,(direct),(none),(direct),returning_session,7,5,91,25,6,2,0,2,2,1,1,1,1,1,0,0,6,1,56.0,2,2,14.29,14.29,100.0,100.0,100.0,100.0,0.0,0.0,85.71,56.0,11.2,8.0,0.2,0.86,0.29,0.29
2020-12-11,2020-12,49,6,mobile,<Other>,organic,(organic),returning_session,5,5,169,35,23,21,0,10,3,2,2,1,1,1,0,0,3,2,173.0,25,19,20.0,40.0,50.0,100.0,100.0,50.0,0.0,0.0,60.0,86.5,34.6,34.6,0.4,4.6,4.2,2.0
2020-12-11,2020-12,49,6,mobile,google,cpc,<Other>,returning_session,14,14,431,133,61,21,0,6,2,1,6,2,2,1,1,1,7,1,176.0,4,3,7.14,42.86,33.33,100.0,50.0,16.67,50.0,50.0,50.0,176.0,12.57,12.57,0.07,4.36,1.5,0.43
2020-12-11,2020-12,49,6,desktop,<Other>,organic,(organic),new_session,64,64,583,156,33,6,0,6,1,1,15,2,1,1,1,0,39,1,17.0,1,1,1.56,23.44,13.33,50.0,100.0,6.67,50.0,0.0,60.94,17.0,0.27,0.27,0.02,0.52,0.09,0.09
2020-12-11,2020-12,49,6,desktop,<Other>,referral,(referral),new_session,231,231,3427,1066,392,98,0,30,2,1,48,14,10,1,13,9,132,1,44.0,3,3,0.43,20.78,29.17,71.43,10.0,2.08,92.86,90.0,57.14,44.0,0.19,0.19,0.0,1.7,0.42,0.13
2020-12-11,2020-12,49,6,mobile,google,cpc,<Other>,new_session,93,93,888,258,77,6,0,2,1,1,19,4,1,1,4,0,57,1,24.0,1,1,1.08,20.43,21.05,25.0,100.0,5.26,100.0,0.0,61.29,24.0,0.26,0.26,0.01,0.83,0.06,0.02
2020-12-11,2020-12,49,6,mobile,<Other>,<Other>,<Other>,returning_session,43,42,858,250,89,29,0,24,13,2,15,4,4,2,2,2,21,2,143.0,11,8,4.65,34.88,26.67,100.0,50.0,13.33,50.0,50.0,48.84,71.5,3.4,3.33,0.05,2.07,0.67,0.56
2020-12-11,2020-12,49,6,desktop,google,cpc,<Other>,returning_session,15,15,296,72,45,23,0,10,4,2,5,3,3,2,2,1,8,2,82.0,6,5,13.33,33.33,60.0,100.0,66.67,40.0,66.67,33.33,53.33,41.0,5.47,5.47,0.13,3.0,1.53,0.67
2020-12-11,2020-12,49,6,mobile,shop.googlemerchandisestore.com,referral,(referral),new_session,79,79,917,265,71,11,0,8,2,2,13,4,4,2,3,2,45,2,108.0,10,9,2.53,16.46,30.77,100.0,50.0,15.38,75.0,50.0,56.96,54.0,1.37,1.37,0.03,0.9,0.14,0.1
2020-12-11,2020-12,49,6,mobile,<Other>,referral,(referral),new_session,153,153,1333,378,65,18,0,12,2,2,24,7,4,2,6,2,97,2,99.0,8,8,1.31,15.69,29.17,57.14,50.0,8.33,85.71,50.0,63.4,49.5,0.65,0.65,0.01,0.42,0.12,0.08
2020-12-11,2020-12,49,6,mobile,(direct),(none),(direct),new_session,338,338,3561,1089,293,33,0,28,6,2,61,21,10,2,19,8,201,2,83.0,2,2,0.59,18.05,34.43,47.62,20.0,3.28,90.48,80.0,59.47,41.5,0.25,0.25,0.01,0.87,0.1,0.08
2020-12-11,2020-12,49,6,desktop,google,cpc,<Other>,new_session,133,133,1392,382,112,39,0,9,6,3,22,7,5,3,4,2,85,3,150.0,6,7,2.26,16.54,31.82,71.43,60.0,13.64,57.14,40.0,63.91,50.0,1.13,1.13,0.02,0.84,0.29,0.07
2020-12-11,2020-12,49,6,desktop,<Other>,<Other>,<Other>,new_session,414,414,4673,1425,425,61,0,20,6,3,78,20,8,3,17,5,246,3,150.0,12,10,0.72,18.84,25.64,40.0,37.5,3.85,85.0,62.5,59.42,50.0,0.36,0.36,0.01,1.03,0.15,0.05
2020-12-11,2020-12,49,6,mobile,<Other>,referral,(referral),returning_session,72,72,1024,310,79,18,0,16,5,4,15,3,4,4,0,0,35,4,190.0,12,12,5.56,20.83,20.0,133.33,100.0,26.67,0.0,0.0,48.61,47.5,2.64,2.64,0.06,1.1,0.25,0.22
2020-12-11,2020-12,49,6,desktop,<Other>,organic,(organic),returning_session,20,20,526,160,42,10,0,16,9,4,10,6,4,4,2,0,4,4,225.0,6,6,20.0,50.0,60.0,66.67,100.0,40.0,33.33,0.0,20.0,56.25,11.25,11.25,0.2,2.1,0.5,0.8
2020-12-11,2020-12,49,6,desktop,shop.googlemerchandisestore.com,referral,(referral),new_session,125,125,1581,445,124,48,0,36,9,4,21,7,7,4,4,3,75,4,256.0,9,9,3.2,16.8,33.33,100.0,57.14,19.05,57.14,42.86,60.0,64.0,2.05,2.05,0.03,0.99,0.38,0.29
2020-12-11,2020-12,49,6,desktop,shop.googlemerchandisestore.com,referral,(referral),returning_session,147,139,2043,584,234,73,0,32,12,5,46,13,7,5,10,2,75,5,751.0,36,7,3.4,31.29,28.26,53.85,71.43,10.87,76.92,28.57,51.02,150.2,5.4,5.11,0.04,1.59,0.5,0.22
2020-12-11,2020-12,49,6,desktop,<Other>,referral,(referral),returning_session,93,91,1468,425,152,53,0,38,16,9,31,12,7,6,8,1,47,9,451.0,21,19,6.45,33.33,38.71,58.33,85.71,19.35,66.67,14.29,50.54,50.11,4.96,4.85,0.1,1.63,0.57,0.41
2020-12-11,2020-12,49,6,desktop,(direct),(none),(direct),new_session,536,536,5656,1679,413,88,0,36,12,6,107,29,12,6,24,6,317,6,221.0,12,12,1.12,19.96,27.1,41.38,50.0,5.61,82.76,50.0,59.14,36.83,0.41,0.41,0.01,0.77,0.16,0.07
2020-12-11,2020-12,49,6,desktop,<Other>,<Other>,<Other>,returning_session,58,56,1707,480,233,83,0,34,15,7,24,12,7,7,6,0,25,7,529.0,42,32,12.07,41.38,50.0,58.33,100.0,29.17,50.0,0.0,43.1,75.57,9.45,9.12,0.13,4.02,1.43,0.59
2020-12-11,2020-12,49,6,mobile,(data deleted),(data deleted),(data deleted),returning_session,135,128,1766,523,161,64,0,32,12,7,31,17,9,7,11,2,80,7,565.0,20,18,5.19,22.96,54.84,52.94,77.78,22.58,64.71,22.22,59.26,80.71,4.41,4.19,0.05,1.19,0.47,0.24
2020-12-11,2020-12,49,6,mobile,shop.googlemerchandisestore.com,referral,(referral),returning_session,90,88,2044,567,280,142,0,39,18,10,30,15,12,8,7,4,47,10,666.0,26,24,8.89,33.33,50.0,80.0,66.67,26.67,46.67,33.33,52.22,66.6,7.57,7.4,0.11,3.11,1.58,0.43
2020-12-11,2020-12,49,6,mobile,google,organic,(organic),new_session,548,548,6569,1969,608,145,0,56,17,8,114,32,20,8,25,12,327,8,780.0,57,38,1.46,20.8,28.07,62.5,40.0,7.02,78.13,60.0,59.67,97.5,1.42,1.42,0.01,1.11,0.26,0.1
2020-12-11,2020-12,49,6,desktop,google,organic,(organic),returning_session,189,180,3314,942,466,129,0,52,19,10,67,21,13,10,13,3,100,10,413.0,29,28,5.29,35.45,31.34,61.9,76.92,14.93,61.9,23.08,52.91,41.3,2.29,2.19,0.06,2.47,0.68,0.28
2020-12-11,2020-12,49,6,mobile,google,organic,(organic),returning_session,145,139,3128,920,567,57,0,51,19,10,38,15,12,10,10,2,73,10,753.0,41,26,6.9,26.21,39.47,80.0,83.33,26.32,66.67,16.67,50.34,75.3,5.42,5.19,0.07,3.91,0.39,0.35
2020-12-11,2020-12,49,6,desktop,google,organic,(organic),new_session,799,799,9019,2693,766,133,0,80,22,11,147,35,23,10,29,13,494,11,623.0,32,27,1.25,18.4,23.81,65.71,43.48,6.8,82.86,56.52,61.83,56.64,0.78,0.78,0.01,0.96,0.17,0.1
2020-12-11,2020-12,49,6,mobile,(direct),(none),(direct),returning_session,125,118,2979,828,382,186,0,61,23,14,49,27,16,11,17,5,55,14,648.0,39,37,8.8,39.2,55.1,59.26,68.75,22.45,62.96,31.25,44.0,46.29,5.49,5.18,0.12,3.06,1.49,0.49
2020-12-11,2020-12,49,6,desktop,(data deleted),(data deleted),(data deleted),returning_session,220,208,4264,1244,554,178,0,64,29,11,57,24,19,11,16,8,120,11,517.0,47,38,5.0,25.91,42.11,79.17,57.89,19.3,66.67,42.11,54.55,47.0,2.49,2.35,0.05,2.52,0.81,0.29
2020-12-11,2020-12,49,6,desktop,(direct),(none),(direct),returning_session,220,205,4395,1301,580,155,0,83,33,13,80,36,22,12,27,10,106,13,1236.0,70,41,5.45,36.36,45.0,61.11,54.55,15.0,75.0,45.45,48.18,95.08,6.03,5.62,0.06,2.64,0.7,0.38
2021-01-29,2021-01,4,6,desktop,<Other>,organic,(organic),returning_session,7,7,33,10,3,0,0,0,0,0,2,0,0,0,0,0,3,0,0.0,0,0,0.0,28.57,0.0,,,0.0,,,42.86,,0.0,0.0,0.0,0.43,0.0,0.0
2021-01-29,2021-01,4,6,tablet,<Other>,organic,(organic),new_session,1,1,4,2,0,0,0,0,0,0,0,0,0,0,0,0,0,0,0.0,0,0,0.0,0.0,,,,,,,0.0,,0.0,0.0,0.0,0.0,0.0,0.0
2021-01-29,2021-01,4,6,tablet,(data deleted),(data deleted),(data deleted),returning_session,6,6,41,17,0,0,0,0,0,0,0,0,0,0,0,0,1,0,0.0,0,0,0.0,0.0,,,,,,,16.67,,0.0,0.0,0.0,0.0,0.0,0.0
2021-01-29,2021-01,4,6,desktop,<Other>,(data deleted),(data deleted),returning_session,2,2,7,2,0,0,0,0,0,0,0,0,0,0,0,0,1,0,0.0,0,0,0.0,0.0,,,,,,,50.0,,0.0,0.0,0.0,0.0,0.0,0.0
2021-01-29,2021-01,4,6,desktop,(data deleted),(data deleted),(data deleted),new_session,3,3,28,9,3,1,0,0,0,0,1,1,0,0,1,0,2,0,0.0,0,0,0.0,33.33,100.0,0.0,,0.0,100.0,,66.67,,0.0,0.0,0.0,1.0,0.33,0.0
2021-01-29,2021-01,4,6,tablet,<Other>,referral,(referral),new_session,5,5,35,13,3,0,0,0,0,0,2,0,0,0,0,0,0,0,0.0,0,0,0.0,40.0,0.0,,,0.0,,,0.0,,0.0,0.0,0.0,0.6,0.0,0.0
2021-01-29,2021-01,4,6,mobile,<Other>,organic,(organic),returning_session,8,8,25,10,1,0,0,0,0,0,1,0,0,0,0,0,4,0,0.0,0,0,0.0,12.5,0.0,,,0.0,,,50.0,,0.0,0.0,0.0,0.13,0.0,0.0
2021-01-29,2021-01,4,6,mobile,google,cpc,<Other>,new_session,43,43,431,151,39,3,0,0,0,0,10,2,0,0,2,0,3,0,0.0,0,0,0.0,23.26,20.0,0.0,,0.0,100.0,,6.98,,0.0,0.0,0.0,0.91,0.07,0.0
2021-01-29,2021-01,4,6,mobile,(data deleted),(data deleted),(data deleted),new_session,2,2,29,11,2,1,0,0,0,0,1,1,0,0,1,0,0,0,0.0,0,0,0.0,50.0,100.0,0.0,,0.0,100.0,,0.0,,0.0,0.0,0.0,1.0,0.5,0.0
2021-01-29,2021-01,4,6,tablet,(direct),(none),(direct),returning_session,3,3,22,8,0,0,0,0,0,0,0,0,0,0,0,0,1,0,0.0,0,0,0.0,0.0,,,,,,,33.33,,0.0,0.0,0.0,0.0,0.0,0.0
2021-01-29,2021-01,4,6,tablet,<Other>,referral,(referral),returning_session,2,2,19,9,0,0,0,0,0,0,0,0,0,0,0,0,0,0,0.0,0,0,0.0,0.0,,,,,,,0.0,,0.0,0.0,0.0,0.0,0.0,0.0
2021-01-29,2021-01,4,6,tablet,(data deleted),(data deleted),(data deleted),new_session,1,1,28,9,4,0,0,0,0,0,1,0,0,0,0,0,0,0,0.0,0,0,0.0,100.0,0.0,,,0.0,,,0.0,,0.0,0.0,0.0,4.0,0.0,0.0
2021-01-29,2021-01,4,6,tablet,<Other>,<Other>,<Other>,new_session,10,10,96,36,7,0,0,0,0,0,3,0,0,0,0,0,0,0,0.0,0,0,0.0,30.0,0.0,,,0.0,,,0.0,,0.0,0.0,0.0,0.7,0.0,0.0
2021-01-29,2021-01,4,6,mobile,<Other>,organic,(organic),new_session,52,52,521,194,47,10,0,0,0,0,14,4,0,0,4,0,4,0,0.0,0,0,0.0,26.92,28.57,0.0,,0.0,100.0,,7.69,,0.0,0.0,0.0,0.9,0.19,0.0
2021-01-29,2021-01,4,6,desktop,(data deleted),(data deleted),<Other>,returning_session,3,3,23,8,2,0,0,0,0,0,1,0,0,0,0,0,1,0,0.0,0,0,0.0,33.33,0.0,,,0.0,,,33.33,,0.0,0.0,0.0,0.67,0.0,0.0
2021-01-29,2021-01,4,6,tablet,google,organic,(organic),returning_session,7,7,79,29,13,0,0,0,0,0,4,0,0,0,0,0,2,0,0.0,0,0,0.0,57.14,0.0,,,0.0,,,28.57,,0.0,0.0,0.0,1.86,0.0,0.0
2021-01-29,2021-01,4,6,tablet,shop.googlemerchandisestore.com,referral,(referral),returning_session,3,3,23,5,7,0,0,0,0,0,2,0,0,0,0,0,1,0,0.0,0,0,0.0,66.67,0.0,,,0.0,,,33.33,,0.0,0.0,0.0,2.33,0.0,0.0
2021-01-29,2021-01,4,6,tablet,shop.googlemerchandisestore.com,referral,(referral),new_session,1,1,21,6,3,0,0,0,0,0,1,0,0,0,0,0,0,0,0.0,0,0,0.0,100.0,0.0,,,0.0,,,0.0,,0.0,0.0,0.0,3.0,0.0,0.0
2021-01-29,2021-01,4,6,mobile,(data deleted),(data deleted),<Other>,returning_session,1,1,4,2,0,0,0,0,0,0,0,0,0,0,0,0,0,0,0.0,0,0,0.0,0.0,,,,,,,0.0,,0.0,0.0,0.0,0.0,0.0,0.0
2021-01-29,2021-01,4,6,mobile,google,cpc,<Other>,returning_session,6,6,78,26,5,3,0,3,0,0,2,1,1,0,1,1,1,0,0.0,0,0,0.0,33.33,50.0,100.0,0.0,0.0,100.0,100.0,16.67,,0.0,0.0,0.0,0.83,0.5,0.5
2021-01-29,2021-01,4,6,desktop,google,cpc,<Other>,new_session,91,91,1022,352,80,9,0,4,3,0,24,4,1,0,4,1,5,0,0.0,0,0,0.0,26.37,16.67,25.0,0.0,0.0,100.0,100.0,5.49,,0.0,0.0,0.0,0.88,0.1,0.04
2021-01-29,2021-01,4,6,desktop,google,cpc,<Other>,returning_session,14,13,155,57,17,3,0,2,0,0,6,2,1,0,2,1,1,0,0.0,0,0,0.0,42.86,33.33,50.0,0.0,0.0,100.0,100.0,7.14,,0.0,0.0,0.0,1.21,0.21,0.14
2021-01-29,2021-01,4,6,mobile,<Other>,<Other>,<Other>,returning_session,17,17,268,84,8,1,0,24,4,0,4,1,1,0,1,1,5,0,0.0,0,0,0.0,23.53,25.0,100.0,0.0,0.0,100.0,100.0,29.41,,0.0,0.0,0.0,0.47,0.06,1.41
2021-01-29,2021-01,4,6,mobile,shop.googlemerchandisestore.com,referral,(referral),new_session,56,56,442,165,19,0,0,2,0,0,11,0,1,0,0,1,1,0,0.0,0,0,0.0,19.64,0.0,,0.0,0.0,,100.0,1.79,,0.0,0.0,0.0,0.34,0.0,0.04
2021-01-29,2021-01,4,6,desktop,<Other>,organic,(organic),new_session,57,57,576,201,43,6,0,6,0,0,11,3,1,0,3,1,3,0,0.0,0,0,0.0,19.3,27.27,33.33,0.0,0.0,100.0,100.0,5.26,,0.0,0.0,0.0,0.75,0.11,0.11
2021-01-29,2021-01,4,6,desktop,<Other>,<Other>,<Other>,returning_session,36,36,393,140,28,7,0,14,2,0,10,5,2,0,5,2,8,0,0.0,0,0,0.0,27.78,50.0,40.0,0.0,0.0,100.0,100.0,22.22,,0.0,0.0,0.0,0.78,0.19,0.39
2021-01-29,2021-01,4,6,desktop,(data deleted),(data deleted),(data deleted),returning_session,137,125,1141,411,91,10,0,10,2,0,34,7,3,0,7,3,41,0,0.0,0,0,0.0,24.82,20.59,42.86,0.0,0.0,100.0,100.0,29.93,,0.0,0.0,0.0,0.66,0.07,0.07
2021-01-29,2021-01,4,6,mobile,<Other>,referral,(referral),new_session,90,90,886,306,86,2,0,6,0,0,21,1,1,0,1,1,7,0,0.0,0,0,0.0,23.33,4.76,100.0,0.0,0.0,100.0,100.0,7.78,,0.0,0.0,0.0,0.96,0.02,0.07
2021-01-29,2021-01,4,6,desktop,<Other>,<Other>,<Other>,new_session,254,254,2224,794,106,7,0,13,3,1,48,5,4,1,5,3,11,1,0.0,0,1,0.39,18.9,10.42,80.0,25.0,2.08,100.0,75.0,4.33,0.0,0.0,0.0,0.0,0.42,0.03,0.05
2021-01-29,2021-01,4,6,mobile,(direct),(none),(direct),new_session,253,253,2816,1031,213,45,0,11,2,1,42,10,4,1,9,3,16,1,0.0,0,1,0.4,16.6,23.81,40.0,25.0,2.38,90.0,75.0,6.32,0.0,0.0,0.0,0.0,0.84,0.18,0.04
2021-01-29,2021-01,4,6,desktop,<Other>,referral,(referral),new_session,147,147,1699,608,94,12,0,9,4,1,27,4,2,1,3,1,2,1,48.0,20,1,0.68,18.37,14.81,50.0,50.0,3.7,75.0,50.0,1.36,48.0,0.33,0.33,0.01,0.64,0.08,0.06
2021-01-29,2021-01,4,6,mobile,<Other>,referral,(referral),returning_session,56,54,545,188,54,1,0,4,1,1,11,1,2,1,1,1,17,1,0.0,0,1,1.79,19.64,9.09,200.0,50.0,9.09,100.0,50.0,30.36,0.0,0.0,0.0,0.02,0.96,0.02,0.07
2021-01-29,2021-01,4,6,tablet,(direct),(none),(direct),new_session,18,18,213,70,21,4,0,4,2,1,5,1,2,1,1,1,0,1,0.0,0,1,5.56,27.78,20.0,200.0,50.0,20.0,100.0,50.0,0.0,0.0,0.0,0.0,0.06,1.17,0.22,0.22
2021-01-29,2021-01,4,6,mobile,google,organic,(organic),returning_session,80,77,882,313,75,10,0,10,1,1,16,2,2,1,2,1,19,1,30.0,10,10,1.25,20.0,12.5,100.0,50.0,6.25,100.0,50.0,23.75,30.0,0.39,0.38,0.01,0.94,0.13,0.13
2021-01-29,2021-01,4,6,tablet,google,cpc,<Other>,new_session,3,3,53,20,3,2,0,2,1,1,2,1,1,1,0,0,0,1,0.0,0,1,33.33,66.67,50.0,100.0,100.0,50.0,0.0,0.0,0.0,0.0,0.0,0.0,0.33,1.0,0.67,0.67
2021-01-29,2021-01,4,6,tablet,google,organic,(organic),new_session,28,28,307,104,17,0,0,6,2,1,7,0,1,1,0,0,1,1,0.0,0,1,3.57,25.0,0.0,,100.0,14.29,,0.0,3.57,0.0,0.0,0.0,0.04,0.61,0.0,0.21
2021-01-29,2021-01,4,6,mobile,shop.googlemerchandisestore.com,referral,(referral),returning_session,58,55,704,224,81,31,0,12,4,2,16,6,3,2,4,1,19,2,0.0,0,2,3.45,27.59,37.5,50.0,66.67,12.5,66.67,33.33,32.76,0.0,0.0,0.0,0.04,1.4,0.53,0.21
2021-01-29,2021-01,4,6,desktop,shop.googlemerchandisestore.com,referral,(referral),new_session,90,90,749,263,48,10,0,4,3,2,18,3,2,2,1,0,7,2,0.0,0,2,2.22,20.0,16.67,66.67,100.0,11.11,33.33,0.0,7.78,0.0,0.0,0.0,0.02,0.53,0.11,0.04
2021-01-29,2021-01,4,6,mobile,<Other>,<Other>,<Other>,new_session,222,222,2178,777,114,19,0,8,2,2,41,8,2,2,7,0,9,2,0.0,0,2,0.9,18.47,19.51,25.0,100.0,4.88,87.5,0.0,4.05,0.0,0.0,0.0,0.01,0.51,0.09,0.04
2021-01-29,2021-01,4,6,desktop,google,organic,(organic),returning_session,140,132,1993,684,277,44,0,19,10,3,45,12,7,3,9,4,32,3,0.0,0,3,2.14,32.14,26.67,58.33,42.86,6.67,75.0,57.14,22.86,0.0,0.0,0.0,0.02,1.98,0.31,0.14
2021-01-29,2021-01,4,6,desktop,google,organic,(organic),new_session,557,557,5581,1963,412,40,0,16,6,4,135,17,5,3,14,2,20,3,0.0,0,4,0.54,24.24,12.59,29.41,60.0,2.22,82.35,40.0,3.59,0.0,0.0,0.0,0.01,0.74,0.07,0.03
2021-01-29,2021-01,4,6,mobile,google,organic,(organic),new_session,381,381,3312,1207,157,11,0,15,4,3,74,4,3,3,2,0,14,3,37.0,3,4,0.79,19.42,5.41,75.0,100.0,4.05,50.0,0.0,3.67,12.33,0.1,0.1,0.01,0.41,0.03,0.04
2021-01-29,2021-01,4,6,desktop,(direct),(none),(direct),new_session,406,406,4356,1517,336,42,0,21,8,4,98,14,7,4,11,3,12,4,5.0,1,4,0.99,24.14,14.29,50.0,57.14,4.08,78.57,42.86,2.96,1.25,0.01,0.01,0.01,0.83,0.1,0.05
2021-01-29,2021-01,4,6,desktop,shop.googlemerchandisestore.com,referral,(referral),returning_session,85,83,1232,422,124,25,0,28,10,4,27,8,5,4,5,1,24,4,0.0,0,4,4.71,31.76,29.63,62.5,80.0,14.81,62.5,20.0,28.24,0.0,0.0,0.0,0.05,1.46,0.29,0.33
2021-01-29,2021-01,4,6,desktop,(direct),(none),(direct),returning_session,119,111,1506,478,146,39,0,36,19,5,33,11,8,5,9,3,42,5,0.0,0,5,4.2,27.73,33.33,72.73,62.5,15.15,81.82,37.5,35.29,0.0,0.0,0.0,0.05,1.23,0.33,0.3
2021-01-29,2021-01,4,6,mobile,(direct),(none),(direct),returning_session,92,87,1416,444,179,36,0,37,13,5,28,5,7,5,1,2,23,5,0.0,0,5,5.43,30.43,17.86,140.0,71.43,17.86,20.0,28.57,25.0,0.0,0.0,0.0,0.06,1.95,0.39,0.4
2021-01-29,2021-01,4,6,mobile,(data deleted),(data deleted),(data deleted),returning_session,82,79,1757,558,162,39,0,81,32,8,27,11,8,6,8,2,24,6,0.0,0,8,7.32,32.93,40.74,72.73,75.0,22.22,72.73,25.0,29.27,0.0,0.0,0.0,0.08,1.98,0.48,0.99
2021-01-29,2021-01,4,6,desktop,<Other>,referral,(referral),returning_session,56,54,1066,345,126,20,0,21,12,6,18,6,6,6,1,0,9,6,70.0,1,6,10.71,32.14,33.33,100.0,100.0,33.33,16.67,0.0,16.07,11.67,1.3,1.25,0.11,2.25,0.36,0.38
2021-01-04,2021-01,1,2,tablet,(direct),(none),(direct),returning_session,6,6,42,20,0,0,0,0,0,0,0,0,0,0,0,0,0,0,0.0,0,0,0.0,0.0,,,,,,,0.0,,0.0,0.0,0.0,0.0,0.0,0.0
2021-01-04,2021-01,1,2,desktop,(data deleted),(data deleted),<Other>,returning_session,2,2,6,0,0,0,0,0,0,0,0,0,0,0,0,0,2,0,0.0,0,0,0.0,0.0,,,,,,,100.0,,0.0,0.0,0.0,0.0,0.0,0.0
2021-01-04,2021-01,1,2,mobile,(data deleted),(data deleted),<Other>,returning_session,1,1,3,2,0,0,0,0,0,0,0,0,0,0,0,0,0,0,0.0,0,0,0.0,0.0,,,,,,,0.0,,0.0,0.0,0.0,0.0,0.0,0.0
2021-01-04,2021-01,1,2,tablet,(data deleted),(data deleted),(data deleted),returning_session,3,3,18,7,0,0,0,0,0,0,0,0,0,0,0,0,1,0,0.0,0,0,0.0,0.0,,,,,,,33.33,,0.0,0.0,0.0,0.0,0.0,0.0
2021-01-04,2021-01,1,2,tablet,<Other>,organic,(organic),new_session,2,2,9,4,0,0,0,0,0,0,0,0,0,0,0,0,0,0,0.0,0,0,0.0,0.0,,,,,,,0.0,,0.0,0.0,0.0,0.0,0.0,0.0
2021-01-04,2021-01,1,2,mobile,<Other>,organic,(organic),returning_session,4,4,19,8,0,0,0,0,0,0,0,0,0,0,0,0,0,0,0.0,0,0,0.0,0.0,,,,,,,0.0,,0.0,0.0,0.0,0.0,0.0,0.0
2021-01-04,2021-01,1,2,tablet,shop.googlemerchandisestore.com,referral,(referral),returning_session,1,1,2,0,0,0,0,0,0,0,0,0,0,0,0,0,1,0,0.0,0,0,0.0,0.0,,,,,,,100.0,,0.0,0.0,0.0,0.0,0.0,0.0
2021-01-04,2021-01,1,2,tablet,<Other>,<Other>,<Other>,returning_session,1,1,2,0,0,0,0,0,0,0,0,0,0,0,0,0,1,0,0.0,0,0,0.0,0.0,,,,,,,100.0,,0.0,0.0,0.0,0.0,0.0,0.0
2021-01-04,2021-01,1,2,desktop,google,cpc,<Other>,returning_session,5,5,44,15,6,0,0,0,0,0,1,0,0,0,0,0,2,0,0.0,0,0,0.0,20.0,0.0,,,0.0,,,40.0,,0.0,0.0,0.0,1.2,0.0,0.0
2021-01-04,2021-01,1,2,desktop,(data deleted),(data deleted),(data deleted),new_session,5,5,47,15,8,0,0,0,0,0,1,0,0,0,0,0,3,0,0.0,0,0,0.0,20.0,0.0,,,0.0,,,60.0,,0.0,0.0,0.0,1.6,0.0,0.0
2021-01-04,2021-01,1,2,desktop,<Other>,<Other>,<Other>,returning_session,19,19,125,47,6,0,0,0,0,0,2,0,0,0,0,0,6,0,0.0,0,0,0.0,10.53,0.0,,,0.0,,,31.58,,0.0,0.0,0.0,0.32,0.0,0.0
2021-01-04,2021-01,1,2,desktop,<Other>,(data deleted),(data deleted),returning_session,3,3,14,5,1,0,0,0,0,0,1,0,0,0,0,0,1,0,0.0,0,0,0.0,33.33,0.0,,,0.0,,,33.33,,0.0,0.0,0.0,0.33,0.0,0.0
2021-01-04,2021-01,1,2,tablet,google,cpc,<Other>,new_session,1,1,6,2,1,0,0,0,0,0,1,0,0,0,0,0,0,0,0.0,0,0,0.0,100.0,0.0,,,0.0,,,0.0,,0.0,0.0,0.0,1.0,0.0,0.0
2021-01-04,2021-01,1,2,tablet,<Other>,<Other>,<Other>,new_session,14,14,119,44,11,0,0,0,0,0,4,0,0,0,0,0,1,0,0.0,0,0,0.0,28.57,0.0,,,0.0,,,7.14,,0.0,0.0,0.0,0.79,0.0,0.0
2021-01-04,2021-01,1,2,tablet,<Other>,referral,(referral),returning_session,2,2,33,12,1,0,0,0,0,0,1,0,0,0,0,0,0,0,0.0,0,0,0.0,50.0,0.0,,,0.0,,,0.0,,0.0,0.0,0.0,0.5,0.0,0.0
2021-01-04,2021-01,1,2,mobile,<Other>,organic,(organic),new_session,33,33,194,74,5,0,0,0,0,0,4,0,0,0,0,0,1,0,0.0,0,0,0.0,12.12,0.0,,,0.0,,,3.03,,0.0,0.0,0.0,0.15,0.0,0.0
2021-01-04,2021-01,1,2,desktop,<Other>,organic,(organic),returning_session,11,11,95,40,2,0,0,0,0,0,1,0,0,0,0,0,3,0,0.0,0,0,0.0,9.09,0.0,,,0.0,,,27.27,,0.0,0.0,0.0,0.18,0.0,0.0
2021-01-04,2021-01,1,2,tablet,google,organic,(organic),returning_session,3,3,25,8,4,0,0,0,0,0,1,0,0,0,0,0,1,0,0.0,0,0,0.0,33.33,0.0,,,0.0,,,33.33,,0.0,0.0,0.0,1.33,0.0,0.0
2021-01-04,2021-01,1,2,mobile,google,cpc,<Other>,returning_session,5,5,44,9,12,0,0,0,0,0,1,0,0,0,0,0,3,0,0.0,0,0,0.0,20.0,0.0,,,0.0,,,60.0,,0.0,0.0,0.0,2.4,0.0,0.0
2021-01-04,2021-01,1,2,mobile,(data deleted),(data deleted),(data deleted),new_session,4,4,21,9,2,0,0,0,0,0,1,0,0,0,0,0,2,0,0.0,0,0,0.0,25.0,0.0,,,0.0,,,50.0,,0.0,0.0,0.0,0.5,0.0,0.0
2021-01-04,2021-01,1,2,tablet,<Other>,referral,(referral),new_session,7,7,101,32,12,4,0,0,0,0,3,1,0,0,1,0,1,0,0.0,0,0,0.0,42.86,33.33,0.0,,0.0,100.0,,14.29,,0.0,0.0,0.0,1.71,0.57,0.0
2021-01-04,2021-01,1,2,mobile,<Other>,referral,(referral),new_session,98,98,834,295,45,8,0,0,0,0,19,4,0,0,4,0,3,0,0.0,0,0,0.0,19.39,21.05,0.0,,0.0,100.0,,3.06,,0.0,0.0,0.0,0.46,0.08,0.0
2021-01-04,2021-01,1,2,tablet,shop.googlemerchandisestore.com,referral,(referral),new_session,2,2,21,7,1,1,0,0,0,0,1,1,0,0,1,0,0,0,0.0,0,0,0.0,50.0,100.0,0.0,,0.0,100.0,,0.0,,0.0,0.0,0.0,0.5,0.5,0.0
2021-01-04,2021-01,1,2,desktop,shop.googlemerchandisestore.com,referral,(referral),new_session,76,76,516,194,10,1,0,0,0,0,8,1,0,0,1,0,5,0,0.0,0,0,0.0,10.53,12.5,0.0,,0.0,100.0,,6.58,,0.0,0.0,0.0,0.13,0.01,0.0
2021-01-04,2021-01,1,2,desktop,shop.googlemerchandisestore.com,referral,(referral),returning_session,62,61,476,170,25,2,0,0,0,0,6,1,0,0,1,0,21,0,0.0,0,0,0.0,9.68,16.67,0.0,,0.0,100.0,,33.87,,0.0,0.0,0.0,0.4,0.03,0.0
2021-01-04,2021-01,1,2,mobile,shop.googlemerchandisestore.com,referral,(referral),returning_session,51,50,594,199,41,6,0,0,0,0,14,2,0,0,2,0,9,0,0.0,0,0,0.0,27.45,14.29,0.0,,0.0,100.0,,17.65,,0.0,0.0,0.0,0.8,0.12,0.0
2021-01-04,2021-01,1,2,mobile,shop.googlemerchandisestore.com,referral,(referral),new_session,43,43,316,119,5,2,0,0,0,0,3,1,0,0,1,0,3,0,0.0,0,0,0.0,6.98,33.33,0.0,,0.0,100.0,,6.98,,0.0,0.0,0.0,0.12,0.05,0.0
2021-01-04,2021-01,1,2,mobile,<Other>,referral,(referral),returning_session,31,31,262,98,15,4,0,0,0,0,6,2,0,0,2,0,7,0,0.0,0,0,0.0,19.35,33.33,0.0,,0.0,100.0,,22.58,,0.0,0.0,0.0,0.48,0.13,0.0
2021-01-04,2021-01,1,2,tablet,google,organic,(organic),new_session,21,21,257,78,31,16,0,0,0,0,5,1,0,0,1,0,1,0,0.0,0,0,0.0,23.81,20.0,0.0,,0.0,100.0,,4.76,,0.0,0.0,0.0,1.48,0.76,0.0
2021-01-04,2021-01,1,2,desktop,google,cpc,<Other>,new_session,95,95,806,291,35,1,0,0,0,0,18,1,0,0,1,0,6,0,0.0,0,0,0.0,18.95,5.56,0.0,,0.0,100.0,,6.32,,0.0,0.0,0.0,0.37,0.01,0.0
2021-01-04,2021-01,1,2,desktop,<Other>,referral,(referral),new_session,155,155,1656,571,116,41,0,3,1,0,15,5,1,0,5,1,8,0,0.0,0,0,0.0,9.68,33.33,20.0,0.0,0.0,100.0,100.0,5.16,,0.0,0.0,0.0,0.75,0.26,0.02
2021-01-04,2021-01,1,2,desktop,<Other>,<Other>,<Other>,new_session,265,265,2152,782,68,6,0,3,0,0,32,4,1,0,4,1,13,0,0.0,0,0,0.0,12.08,12.5,25.0,0.0,0.0,100.0,100.0,4.91,,0.0,0.0,0.0,0.26,0.02,0.01
2021-01-04,2021-01,1,2,mobile,(direct),(none),(direct),new_session,224,224,1680,618,46,4,0,3,1,0,27,4,1,0,4,1,9,0,0.0,0,0,0.0,12.05,14.81,25.0,0.0,0.0,100.0,100.0,4.02,,0.0,0.0,0.0,0.21,0.02,0.01
2021-01-04,2021-01,1,2,desktop,<Other>,organic,(organic),new_session,44,44,553,189,71,4,0,3,0,0,5,2,1,0,2,1,2,0,0.0,0,0,0.0,11.36,40.0,50.0,0.0,0.0,100.0,100.0,4.55,,0.0,0.0,0.0,1.61,0.09,0.07
2021-01-04,2021-01,1,2,mobile,<Other>,<Other>,<Other>,returning_session,18,18,151,57,3,1,0,3,0,0,3,1,1,0,1,1,4,0,0.0,0,0,0.0,16.67,33.33,100.0,0.0,0.0,100.0,100.0,22.22,,0.0,0.0,0.0,0.17,0.06,0.17
2021-01-04,2021-01,1,2,desktop,(direct),(none),(direct),new_session,395,395,3590,1264,244,19,0,12,2,1,77,8,2,1,7,1,27,1,14.0,4,4,0.25,19.49,10.39,25.0,50.0,1.3,87.5,50.0,6.84,14.0,0.04,0.04,0.0,0.62,0.05,0.03
2021-01-04,2021-01,1,2,mobile,google,organic,(organic),new_session,351,351,3077,1095,190,43,0,6,1,1,58,12,2,1,12,1,24,1,11.0,3,3,0.28,16.52,20.69,16.67,50.0,1.72,100.0,50.0,6.84,11.0,0.03,0.03,0.0,0.54,0.12,0.02
2021-01-04,2021-01,1,2,desktop,google,organic,(organic),new_session,550,550,5071,1799,276,45,0,12,2,2,78,18,3,2,17,1,33,2,62.0,3,2,0.36,14.18,23.08,16.67,66.67,2.56,94.44,33.33,6.0,31.0,0.11,0.11,0.0,0.5,0.08,0.02
2021-01-04,2021-01,1,2,mobile,<Other>,<Other>,<Other>,new_session,197,197,2295,779,200,40,0,24,4,1,27,6,2,1,5,1,14,1,26.0,2,1,0.51,13.71,22.22,33.33,50.0,3.7,83.33,50.0,7.11,26.0,0.13,0.13,0.01,1.02,0.2,0.12
2021-01-04,2021-01,1,2,desktop,google,organic,(organic),returning_session,79,77,837,311,39,8,0,15,3,1,16,4,3,1,4,2,20,1,32.0,2,2,1.27,20.25,25.0,75.0,33.33,6.25,100.0,66.67,25.32,32.0,0.42,0.41,0.01,0.49,0.1,0.19
2021-01-04,2021-01,1,2,mobile,google,organic,(organic),returning_session,73,71,972,310,81,27,0,27,13,1,15,5,2,1,4,1,19,1,123.0,2,2,1.37,20.55,33.33,40.0,50.0,6.67,80.0,50.0,26.03,123.0,1.73,1.68,0.01,1.11,0.37,0.37
2021-01-04,2021-01,1,2,mobile,(data deleted),(data deleted),(data deleted),returning_session,54,50,670,227,57,30,0,6,3,1,12,2,2,1,1,1,15,1,49.0,5,5,1.85,22.22,16.67,100.0,50.0,8.33,50.0,50.0,27.78,49.0,0.98,0.91,0.02,1.06,0.56,0.11
2021-01-04,2021-01,1,2,mobile,(direct),(none),(direct),returning_session,63,60,532,182,45,9,0,3,1,1,11,3,1,1,2,0,18,1,92.0,3,3,1.59,17.46,27.27,33.33,100.0,9.09,66.67,0.0,28.57,92.0,1.53,1.46,0.02,0.71,0.14,0.05
2021-01-04,2021-01,1,2,desktop,(direct),(none),(direct),returning_session,91,88,906,315,52,6,0,27,12,1,11,1,2,1,1,1,18,1,70.0,2,2,1.1,12.09,9.09,200.0,50.0,9.09,100.0,50.0,19.78,70.0,0.8,0.77,0.01,0.57,0.07,0.3
2021-01-04,2021-01,1,2,mobile,google,cpc,<Other>,new_session,58,58,637,212,58,1,0,6,1,1,10,1,1,1,1,0,2,1,13.0,1,1,1.72,17.24,10.0,100.0,100.0,10.0,100.0,0.0,3.45,13.0,0.22,0.22,0.02,1.0,0.02,0.1
2021-01-04,2021-01,1,2,desktop,<Other>,referral,(referral),returning_session,33,33,372,118,36,14,0,9,1,1,8,3,2,1,3,1,12,1,45.0,3,3,3.03,24.24,37.5,66.67,50.0,12.5,100.0,50.0,36.36,45.0,1.36,1.36,0.03,1.09,0.42,0.27
2021-01-04,2021-01,1,2,desktop,(data deleted),(data deleted),(data deleted),returning_session,89,85,992,321,107,47,0,9,2,2,15,6,2,2,4,0,32,2,154.0,22,8,2.25,16.85,40.0,33.33,100.0,13.33,66.67,0.0,35.96,77.0,1.81,1.73,0.02,1.2,0.53,0.1
2021-01-04,2021-01,1,2,tablet,(direct),(none),(direct),new_session,17,17,235,74,15,6,0,9,2,1,3,1,1,1,0,0,0,1,42.0,2,1,5.88,17.65,33.33,100.0,100.0,33.33,0.0,0.0,0.0,42.0,2.47,2.47,0.06,0.88,0.35,0.53
2021-01-25,2021-01,4,2,tablet,<Other>,<Other>,<Other>,returning_session,1,1,10,4,0,0,0,0,0,0,0,0,0,0,0,0,0,0,0.0,0,0,0.0,0.0,,,,,,,0.0,,0.0,0.0,0.0,0.0,0.0,0.0
2021-01-25,2021-01,4,2,mobile,(data deleted),(data deleted),(data deleted),new_session,2,2,10,4,0,0,0,0,0,0,0,0,0,0,0,0,1,0,0.0,0,0,0.0,0.0,,,,,,,50.0,,0.0,0.0,0.0,0.0,0.0,0.0
2021-01-25,2021-01,4,2,desktop,<Other>,(data deleted),(data deleted),returning_session,2,2,5,2,0,0,0,0,0,0,0,0,0,0,0,0,1,0,0.0,0,0,0.0,0.0,,,,,,,50.0,,0.0,0.0,0.0,0.0,0.0,0.0
2021-01-25,2021-01,4,2,desktop,(data deleted),(data deleted),(data deleted),new_session,2,2,13,6,0,0,0,0,0,0,0,0,0,0,0,0,0,0,0.0,0,0,0.0,0.0,,,,,,,0.0,,0.0,0.0,0.0,0.0,0.0,0.0
2021-01-25,2021-01,4,2,tablet,<Other>,organic,(organic),new_session,3,3,26,11,0,0,0,0,0,0,0,0,0,0,0,0,1,0,0.0,0,0,0.0,0.0,,,,,,,33.33,,0.0,0.0,0.0,0.0,0.0,0.0
2021-01-25,2021-01,4,2,tablet,<Other>,referral,(referral),returning_session,2,2,15,7,0,0,0,0,0,0,0,0,0,0,0,0,0,0,0.0,0,0,0.0,0.0,,,,,,,0.0,,0.0,0.0,0.0,0.0,0.0,0.0
2021-01-25,2021-01,4,2,mobile,(data deleted),(data deleted),<Other>,returning_session,3,3,10,2,0,0,0,0,0,0,0,0,0,0,0,0,2,0,0.0,0,0,0.0,0.0,,,,,,,66.67,,0.0,0.0,0.0,0.0,0.0,0.0
2021-01-25,2021-01,4,2,tablet,(data deleted),(data deleted),(data deleted),returning_session,6,6,16,5,0,0,0,0,0,0,0,0,0,0,0,0,4,0,0.0,0,0,0.0,0.0,,,,,,,66.67,,0.0,0.0,0.0,0.0,0.0,0.0
2021-01-25,2021-01,4,2,tablet,(data deleted),(data deleted),<Other>,returning_session,1,1,2,0,0,0,0,0,0,0,0,0,0,0,0,0,1,0,0.0,0,0,0.0,0.0,,,,,,,100.0,,0.0,0.0,0.0,0.0,0.0,0.0
2021-01-25,2021-01,4,2,tablet,shop.googlemerchandisestore.com,referral,(referral),returning_session,2,2,8,4,0,0,0,0,0,0,0,0,0,0,0,0,0,0,0.0,0,0,0.0,0.0,,,,,,,0.0,,0.0,0.0,0.0,0.0,0.0,0.0
2021-01-25,2021-01,4,2,tablet,google,organic,(organic),returning_session,1,1,2,0,0,0,0,0,0,0,0,0,0,0,0,0,1,0,0.0,0,0,0.0,0.0,,,,,,,100.0,,0.0,0.0,0.0,0.0,0.0,0.0
2021-01-25,2021-01,4,2,tablet,google,cpc,<Other>,new_session,6,6,107,31,10,5,0,0,0,0,3,1,0,0,1,0,0,0,0.0,0,0,0.0,50.0,33.33,0.0,,0.0,100.0,,0.0,,0.0,0.0,0.0,1.67,0.83,0.0
2021-01-25,2021-01,4,2,desktop,<Other>,organic,(organic),returning_session,9,9,102,29,18,0,0,0,0,0,3,0,0,0,0,0,4,0,0.0,0,0,0.0,33.33,0.0,,,0.0,,,44.44,,0.0,0.0,0.0,2.0,0.0,0.0
2021-01-25,2021-01,4,2,desktop,<Other>,organic,(organic),new_session,51,51,411,149,24,0,0,0,0,0,14,0,0,0,0,0,1,0,0.0,0,0,0.0,27.45,0.0,,,0.0,,,1.96,,0.0,0.0,0.0,0.47,0.0,0.0
2021-01-25,2021-01,4,2,mobile,<Other>,referral,(referral),new_session,97,97,790,296,41,3,0,0,0,0,21,1,0,0,1,0,3,0,0.0,0,0,0.0,21.65,4.76,0.0,,0.0,100.0,,3.09,,0.0,0.0,0.0,0.42,0.03,0.0
2021-01-25,2021-01,4,2,desktop,shop.googlemerchandisestore.com,referral,(referral),new_session,87,87,772,288,31,0,0,0,0,0,15,0,0,0,0,0,8,0,0.0,0,0,0.0,17.24,0.0,,,0.0,,,9.2,,0.0,0.0,0.0,0.36,0.0,0.0
2021-01-25,2021-01,4,2,tablet,(direct),(none),(direct),new_session,19,19,134,50,1,0,0,0,0,0,1,0,0,0,0,0,2,0,0.0,0,0,0.0,5.26,0.0,,,0.0,,,10.53,,0.0,0.0,0.0,0.05,0.0,0.0
2021-01-25,2021-01,4,2,tablet,<Other>,<Other>,<Other>,new_session,11,11,69,25,2,0,0,0,0,0,2,0,0,0,0,0,0,0,0.0,0,0,0.0,18.18,0.0,,,0.0,,,0.0,,0.0,0.0,0.0,0.18,0.0,0.0
2021-01-25,2021-01,4,2,desktop,google,cpc,<Other>,new_session,98,98,1014,349,126,5,0,0,0,0,30,3,0,0,3,0,6,0,0.0,0,0,0.0,30.61,10.0,0.0,,0.0,100.0,,6.12,,0.0,0.0,0.0,1.29,0.05,0.0
2021-01-25,2021-01,4,2,desktop,(data deleted),(data deleted),<Other>,returning_session,5,5,44,17,6,3,0,0,0,0,2,1,0,0,1,0,0,0,0.0,0,0,0.0,40.0,50.0,0.0,,0.0,100.0,,0.0,,0.0,0.0,0.0,1.2,0.6,0.0
2021-01-25,2021-01,4,2,tablet,<Other>,referral,(referral),new_session,5,5,27,10,2,0,0,0,0,0,2,0,0,0,0,0,0,0,0.0,0,0,0.0,40.0,0.0,,,0.0,,,0.0,,0.0,0.0,0.0,0.4,0.0,0.0
2021-01-25,2021-01,4,2,mobile,<Other>,organic,(organic),new_session,39,39,380,132,38,0,0,0,0,0,7,0,0,0,0,0,2,0,0.0,0,0,0.0,17.95,0.0,,,0.0,,,5.13,,0.0,0.0,0.0,0.97,0.0,0.0
2021-01-25,2021-01,4,2,tablet,google,organic,(organic),new_session,25,25,216,81,7,0,0,0,0,0,6,0,0,0,0,0,0,0,0.0,0,0,0.0,24.0,0.0,,,0.0,,,0.0,,0.0,0.0,0.0,0.28,0.0,0.0
2021-01-25,2021-01,4,2,mobile,shop.googlemerchandisestore.com,referral,(referral),new_session,55,55,514,181,44,3,0,6,0,0,21,2,1,0,2,1,3,0,0.0,0,0,0.0,38.18,9.52,50.0,0.0,0.0,100.0,100.0,5.45,,0.0,0.0,0.0,0.8,0.05,0.11
2021-01-25,2021-01,4,2,mobile,google,organic,(organic),new_session,421,421,3687,1336,194,15,0,9,1,0,96,9,2,0,9,2,18,0,0.0,0,0,0.0,22.8,9.38,22.22,0.0,0.0,100.0,100.0,4.28,,0.0,0.0,0.0,0.46,0.04,0.02
2021-01-25,2021-01,4,2,tablet,shop.googlemerchandisestore.com,referral,(referral),new_session,3,3,80,26,6,1,0,3,0,0,1,1,1,0,1,1,0,0,0.0,0,0,0.0,33.33,100.0,100.0,0.0,0.0,100.0,100.0,0.0,,0.0,0.0,0.0,2.0,0.33,1.0
2021-01-25,2021-01,4,2,desktop,(direct),(none),(direct),new_session,409,409,3551,1280,188,33,0,24,5,2,95,11,5,2,10,3,18,2,168.0,6,3,0.49,23.23,11.58,45.45,40.0,2.11,90.91,60.0,4.4,84.0,0.41,0.41,0.0,0.46,0.08,0.06
2021-01-25,2021-01,4,2,desktop,(data deleted),(data deleted),(data deleted),returning_session,122,119,1625,576,171,32,0,33,6,3,37,10,7,3,7,4,32,3,123.0,11,9,2.46,30.33,27.03,70.0,42.86,8.11,70.0,57.14,26.23,41.0,1.03,1.01,0.03,1.4,0.26,0.27
2021-01-25,2021-01,4,2,mobile,<Other>,<Other>,<Other>,new_session,194,194,1951,682,132,6,0,15,1,1,44,5,2,1,4,1,8,1,17.0,1,1,0.52,22.68,11.36,40.0,50.0,2.27,80.0,50.0,4.12,17.0,0.09,0.09,0.01,0.68,0.03,0.08
2021-01-25,2021-01,4,2,desktop,<Other>,<Other>,<Other>,new_session,316,316,3208,1140,217,14,0,30,6,2,75,10,4,2,8,2,13,2,189.0,17,5,0.63,23.73,13.33,40.0,50.0,2.67,80.0,50.0,4.11,94.5,0.6,0.6,0.01,0.69,0.04,0.09
2021-01-25,2021-01,4,2,mobile,(direct),(none),(direct),returning_session,71,71,805,266,79,20,0,21,7,1,12,3,2,1,2,1,31,1,51.0,4,4,1.41,16.9,25.0,66.67,50.0,8.33,66.67,50.0,43.66,51.0,0.72,0.72,0.01,1.11,0.28,0.3
2021-01-25,2021-01,4,2,desktop,<Other>,<Other>,<Other>,returning_session,34,34,684,227,82,24,0,12,2,1,8,3,2,1,2,1,9,1,76.0,12,11,2.94,23.53,37.5,66.67,50.0,12.5,66.67,50.0,26.47,76.0,2.24,2.24,0.03,2.41,0.71,0.35
2021-01-25,2021-01,4,2,desktop,google,organic,(organic),new_session,567,567,5758,2053,399,41,0,41,11,6,130,18,9,6,13,3,20,6,237.0,19,17,1.06,22.93,13.85,50.0,66.67,4.62,72.22,33.33,3.53,39.5,0.42,0.42,0.01,0.7,0.07,0.07
2021-01-25,2021-01,4,2,desktop,google,organic,(organic),returning_session,148,143,1390,503,111,27,0,8,3,2,28,6,3,2,5,1,46,2,22.0,1,2,1.35,18.92,21.43,50.0,66.67,7.14,83.33,33.33,31.08,11.0,0.15,0.15,0.01,0.75,0.18,0.05
2021-01-25,2021-01,4,2,mobile,(data deleted),(data deleted),(data deleted),returning_session,87,81,1044,370,88,8,0,12,3,2,20,5,3,2,3,1,31,2,118.0,6,4,2.3,22.99,25.0,60.0,66.67,10.0,60.0,33.33,35.63,59.0,1.46,1.36,0.02,1.01,0.09,0.14
2021-01-25,2021-01,4,2,mobile,shop.googlemerchandisestore.com,referral,(referral),returning_session,62,62,954,313,114,27,0,9,2,2,19,5,3,2,3,1,16,2,129.0,6,6,3.23,30.65,26.32,60.0,66.67,10.53,60.0,33.33,25.81,64.5,2.08,2.08,0.03,1.84,0.44,0.15
2021-01-25,2021-01,4,2,mobile,(direct),(none),(direct),new_session,267,267,2687,921,185,28,0,23,4,3,72,9,4,3,6,1,13,3,40.0,5,6,1.12,26.97,12.5,44.44,75.0,4.17,66.67,25.0,4.87,13.33,0.15,0.15,0.01,0.69,0.1,0.09
2021-01-25,2021-01,4,2,mobile,<Other>,<Other>,<Other>,returning_session,29,29,516,148,66,29,0,16,4,3,8,3,4,3,1,1,11,3,82.0,8,9,10.34,27.59,37.5,133.33,75.0,37.5,33.33,25.0,37.93,27.33,2.83,2.83,0.1,2.28,1.0,0.55
2021-01-25,2021-01,4,2,desktop,<Other>,referral,(referral),returning_session,64,64,996,318,102,15,0,23,5,4,17,4,5,4,3,1,18,4,268.0,10,11,6.25,26.56,23.53,125.0,80.0,23.53,75.0,20.0,28.13,67.0,4.19,4.19,0.06,1.59,0.23,0.36
2021-01-25,2021-01,4,2,mobile,google,organic,(organic),returning_session,97,94,2069,710,262,39,0,44,14,6,31,11,7,6,6,1,25,6,327.0,17,17,6.19,31.96,35.48,63.64,85.71,19.35,54.55,14.29,25.77,54.5,3.48,3.37,0.06,2.7,0.4,0.45
2021-01-25,2021-01,4,2,mobile,google,cpc,<Other>,new_session,60,60,552,199,28,0,0,6,1,1,17,0,1,1,0,0,1,1,52.0,3,3,1.67,28.33,0.0,,100.0,5.88,,0.0,1.67,52.0,0.87,0.87,0.02,0.47,0.0,0.1
2021-01-25,2021-01,4,2,desktop,<Other>,referral,(referral),new_session,140,140,1499,511,130,17,0,23,5,3,37,4,3,3,1,0,8,3,204.0,7,7,2.14,26.43,10.81,75.0,100.0,8.11,25.0,0.0,5.71,68.0,1.46,1.46,0.02,0.93,0.12,0.16
2021-01-25,2021-01,4,2,mobile,<Other>,referral,(referral),returning_session,44,43,385,116,40,14,0,3,1,1,7,3,1,1,2,0,22,1,194.0,6,6,2.27,15.91,42.86,33.33,100.0,14.29,66.67,0.0,50.0,194.0,4.51,4.41,0.02,0.91,0.32,0.07
2021-01-25,2021-01,4,2,desktop,shop.googlemerchandisestore.com,referral,(referral),returning_session,98,96,1439,482,108,36,0,63,22,6,28,5,4,4,2,0,23,6,167.0,15,14,4.08,28.57,17.86,80.0,100.0,14.29,40.0,0.0,23.47,27.83,1.74,1.7,0.06,1.1,0.37,0.64
2021-01-25,2021-01,4,2,desktop,(direct),(none),(direct),returning_session,121,116,1599,539,171,20,0,26,11,4,25,9,4,4,5,0,40,4,217.0,17,6,3.31,20.66,36.0,44.44,100.0,16.0,55.56,0.0,33.06,54.25,1.87,1.79,0.03,1.41,0.17,0.21
2021-01-25,2021-01,4,2,mobile,<Other>,organic,(organic),returning_session,6,6,275,92,29,8,0,9,3,2,4,3,2,2,1,0,0,2,35.0,8,6,33.33,66.67,75.0,66.67,100.0,50.0,33.33,0.0,0.0,17.5,5.83,5.83,0.33,4.83,1.33,1.5
2021-01-25,2021-01,4,2,mobile,google,cpc,<Other>,returning_session,4,4,109,33,10,0,0,5,2,2,3,0,2,2,0,0,1,2,17.0,1,2,50.0,75.0,0.0,,100.0,66.67,,0.0,25.0,8.5,4.25,4.25,0.5,2.5,0.0,1.25
2021-01-25,2021-01,4,2,desktop,google,cpc,<Other>,returning_session,6,6,215,78,12,8,0,6,3,1,1,1,1,1,0,0,0,1,162.0,5,4,16.67,16.67,100.0,100.0,100.0,100.0,0.0,0.0,0.0,162.0,27.0,27.0,0.17,2.0,1.33,1.0
2021-01-25,2021-01,4,2,tablet,(direct),(none),(direct),returning_session,4,4,191,54,19,10,0,15,4,2,2,2,2,2,0,0,1,2,132.0,8,8,50.0,50.0,100.0,100.0,100.0,100.0,0.0,0.0,25.0,66.0,33.0,33.0,0.5,4.75,2.5,3.75
2021-01-08,2021-01,1,6,desktop,<Other>,organic,(organic),returning_session,12,12,87,27,11,2,0,0,0,0,1,1,0,0,1,0,7,0,0.0,0,0,0.0,8.33,100.0,0.0,,0.0,100.0,,58.33,,0.0,0.0,0.0,0.92,0.17,0.0
2021-01-08,2021-01,1,6,desktop,<Other>,(data deleted),(data deleted),returning_session,2,2,58,21,4,0,0,0,0,0,1,0,0,0,0,0,0,0,0.0,0,0,0.0,50.0,0.0,,,0.0,,,0.0,,0.0,0.0,0.0,2.0,0.0,0.0
2021-01-08,2021-01,1,6,desktop,(data deleted),(data deleted),(data deleted),new_session,4,4,35,11,4,0,0,0,0,0,1,0,0,0,0,0,0,0,0.0,0,0,0.0,25.0,0.0,,,0.0,,,0.0,,0.0,0.0,0.0,1.0,0.0,0.0
2021-01-08,2021-01,1,6,desktop,(data deleted),(data deleted),<Other>,returning_session,5,5,58,24,0,0,0,0,0,0,0,0,0,0,0,0,1,0,0.0,0,0,0.0,0.0,,,,,,,20.0,,0.0,0.0,0.0,0.0,0.0,0.0
2021-01-08,2021-01,1,6,desktop,google,cpc,<Other>,returning_session,5,5,132,42,29,0,0,0,0,0,2,0,0,0,0,0,1,0,0.0,0,0,0.0,40.0,0.0,,,0.0,,,20.0,,0.0,0.0,0.0,5.8,0.0,0.0
2021-01-08,2021-01,1,6,desktop,<Other>,organic,(organic),new_session,61,61,485,170,26,10,0,3,0,0,8,4,1,0,4,1,4,0,0.0,0,0,0.0,13.11,50.0,25.0,0.0,0.0,100.0,100.0,6.56,,0.0,0.0,0.0,0.43,0.16,0.05
2021-01-08,2021-01,1,6,desktop,shop.googlemerchandisestore.com,referral,(referral),new_session,96,96,997,351,55,20,0,6,0,0,14,4,2,0,4,2,9,0,0.0,0,0,0.0,14.58,28.57,50.0,0.0,0.0,100.0,100.0,9.38,,0.0,0.0,0.0,0.57,0.21,0.06
2021-01-08,2021-01,1,6,desktop,<Other>,referral,(referral),returning_session,63,59,480,168,26,7,0,9,1,0,11,4,2,0,4,2,24,0,0.0,0,0,0.0,17.46,36.36,50.0,0.0,0.0,100.0,100.0,38.1,,0.0,0.0,0.0,0.41,0.11,0.14
2021-01-08,2021-01,1,6,desktop,(data deleted),(data deleted),(data deleted),returning_session,124,120,1462,493,126,43,0,6,3,0,31,11,2,0,11,2,44,0,0.0,0,0,0.0,25.0,35.48,18.18,0.0,0.0,100.0,100.0,35.48,,0.0,0.0,0.0,1.02,0.35,0.05
2021-01-08,2021-01,1,6,desktop,shop.googlemerchandisestore.com,referral,(referral),returning_session,89,86,1345,445,154,84,0,27,6,1,20,9,3,1,8,2,14,1,51.0,2,2,1.12,22.47,45.0,33.33,33.33,5.0,88.89,66.67,15.73,51.0,0.59,0.57,0.01,1.73,0.94,0.3
2021-01-08,2021-01,1,6,desktop,google,organic,(organic),new_session,627,627,5675,2001,319,44,0,9,1,1,93,15,3,1,14,2,32,1,32.0,3,2,0.16,14.83,16.13,20.0,33.33,1.08,93.33,66.67,5.1,32.0,0.05,0.05,0.0,0.51,0.07,0.01
2021-01-08,2021-01,1,6,desktop,<Other>,referral,(referral),new_session,174,174,1668,588,86,2,0,9,1,1,25,2,3,1,1,2,7,1,221.0,4,1,0.57,14.37,8.0,150.0,33.33,4.0,50.0,66.67,4.02,221.0,1.27,1.27,0.01,0.49,0.01,0.05
2021-01-08,2021-01,1,6,desktop,(direct),(none),(direct),new_session,437,437,4003,1430,181,38,0,30,6,4,56,15,6,4,12,2,22,4,132.0,11,9,0.92,12.81,26.79,40.0,66.67,7.14,80.0,33.33,5.03,33.0,0.3,0.3,0.01,0.41,0.09,0.07
2021-01-08,2021-01,1,6,desktop,google,organic,(organic),returning_session,134,129,1541,485,183,45,0,33,7,2,32,9,3,2,7,1,48,2,101.0,5,5,1.49,23.88,28.13,33.33,66.67,6.25,77.78,33.33,35.82,50.5,0.78,0.75,0.02,1.37,0.34,0.25
2021-01-08,2021-01,1,6,desktop,<Other>,<Other>,<Other>,new_session,340,340,3049,1092,157,15,0,15,4,3,47,6,4,3,5,1,10,3,153.0,5,5,0.88,13.82,12.77,66.67,75.0,6.38,83.33,25.0,2.94,51.0,0.45,0.45,0.01,0.46,0.04,0.04
2021-01-08,2021-01,1,6,desktop,(direct),(none),(direct),returning_session,131,125,1567,522,150,18,0,36,12,5,26,5,6,5,3,1,37,5,205.0,10,8,3.82,19.85,19.23,120.0,83.33,19.23,60.0,16.67,28.24,41.0,1.64,1.56,0.04,1.15,0.14,0.27
2021-01-08,2021-01,1,6,desktop,google,cpc,<Other>,new_session,106,106,1076,362,56,20,0,14,6,3,19,5,3,3,2,0,6,3,50.0,3,3,2.83,17.92,26.32,60.0,100.0,15.79,40.0,0.0,5.66,16.67,0.47,0.47,0.03,0.53,0.19,0.13
2021-01-08,2021-01,1,6,desktop,<Other>,<Other>,<Other>,returning_session,39,39,299,96,15,7,0,6,1,1,8,5,1,1,4,0,15,1,55.0,1,1,2.56,20.51,62.5,20.0,100.0,12.5,80.0,0.0,38.46,55.0,1.41,1.41,0.03,0.38,0.18,0.15
2021-01-08,2021-01,1,6,mobile,google,cpc,<Other>,new_session,58,58,566,191,56,8,0,0,0,0,12,3,0,0,3,0,1,0,0.0,0,0,0.0,20.69,25.0,0.0,,0.0,100.0,,1.72,,0.0,0.0,0.0,0.97,0.14,0.0
2021-01-08,2021-01,1,6,mobile,<Other>,organic,(organic),returning_session,8,8,73,26,5,0,0,0,0,0,1,0,0,0,0,0,3,0,0.0,0,0,0.0,12.5,0.0,,,0.0,,,37.5,,0.0,0.0,0.0,0.63,0.0,0.0
2021-01-08,2021-01,1,6,mobile,google,cpc,<Other>,returning_session,8,8,65,21,7,0,0,0,0,0,2,0,0,0,0,0,3,0,0.0,0,0,0.0,25.0,0.0,,,0.0,,,37.5,,0.0,0.0,0.0,0.88,0.0,0.0
2021-01-08,2021-01,1,6,mobile,google,organic,(organic),returning_session,91,87,762,281,59,9,0,0,0,0,15,5,0,0,5,0,23,0,0.0,0,0,0.0,16.48,33.33,0.0,,0.0,100.0,,25.27,,0.0,0.0,0.0,0.65,0.1,0.0
2021-01-08,2021-01,1,6,mobile,(data deleted),(data deleted),(data deleted),new_session,2,2,25,11,0,0,0,0,0,0,0,0,0,0,0,0,1,0,0.0,0,0,0.0,0.0,,,,,,,50.0,,0.0,0.0,0.0,0.0,0.0,0.0
2021-01-08,2021-01,1,6,mobile,shop.googlemerchandisestore.com,referral,(referral),new_session,73,73,522,194,17,2,0,0,0,0,6,2,0,0,2,0,3,0,0.0,0,0,0.0,8.22,33.33,0.0,,0.0,100.0,,4.11,,0.0,0.0,0.0,0.23,0.03,0.0
2021-01-08,2021-01,1,6,mobile,<Other>,<Other>,<Other>,returning_session,25,24,128,39,7,4,0,0,0,0,2,2,0,0,2,0,12,0,0.0,0,0,0.0,8.0,100.0,0.0,,0.0,100.0,,48.0,,0.0,0.0,0.0,0.28,0.16,0.0
2021-01-08,2021-01,1,6,mobile,<Other>,(data deleted),(data deleted),returning_session,1,1,6,2,0,0,0,0,0,0,0,0,0,0,0,0,0,0,0.0,0,0,0.0,0.0,,,,,,,0.0,,0.0,0.0,0.0,0.0,0.0,0.0
2021-01-08,2021-01,1,6,mobile,(data deleted),(data deleted),<Other>,returning_session,3,3,19,9,0,0,0,0,0,0,0,0,0,0,0,0,1,0,0.0,0,0,0.0,0.0,,,,,,,33.33,,0.0,0.0,0.0,0.0,0.0,0.0
2021-01-08,2021-01,1,6,mobile,google,organic,(organic),new_session,462,462,3945,1426,182,10,0,12,2,0,65,9,3,0,9,3,13,0,0.0,0,0,0.0,14.07,13.85,33.33,0.0,0.0,100.0,100.0,2.81,,0.0,0.0,0.0,0.39,0.02,0.03
2021-01-08,2021-01,1,6,mobile,<Other>,<Other>,<Other>,new_session,205,205,1673,606,71,11,0,9,1,1,25,3,2,1,2,1,7,1,60.0,3,2,0.49,12.2,12.0,66.67,50.0,4.0,66.67,50.0,3.41,60.0,0.29,0.29,0.0,0.35,0.05,0.04
2021-01-08,2021-01,1,6,mobile,shop.googlemerchandisestore.com,referral,(referral),returning_session,50,48,842,282,104,6,0,9,2,1,14,3,2,1,2,1,13,1,63.0,2,2,2.0,28.0,21.43,66.67,50.0,7.14,66.67,50.0,26.0,63.0,1.31,1.26,0.02,2.08,0.12,0.18
2021-01-08,2021-01,1,6,mobile,(data deleted),(data deleted),(data deleted),returning_session,81,78,1067,341,93,20,0,22,7,2,21,6,4,2,4,2,23,2,113.0,4,4,2.47,25.93,28.57,66.67,50.0,9.52,66.67,50.0,28.4,56.5,1.45,1.4,0.03,1.15,0.25,0.27
2021-01-08,2021-01,1,6,mobile,(direct),(none),(direct),new_session,330,330,3069,1080,153,20,0,30,8,3,39,9,5,3,6,2,14,3,321.0,29,10,0.91,11.82,23.08,55.56,60.0,7.69,66.67,40.0,4.24,107.0,0.97,0.97,0.01,0.46,0.06,0.09
2021-01-08,2021-01,1,6,mobile,<Other>,referral,(referral),returning_session,40,39,817,268,122,18,0,3,2,1,18,4,1,1,4,0,8,1,16.0,1,1,2.5,45.0,22.22,25.0,100.0,5.56,100.0,0.0,20.0,16.0,0.41,0.4,0.03,3.05,0.45,0.07
2021-01-08,2021-01,1,6,mobile,<Other>,organic,(organic),new_session,52,52,459,162,16,0,0,3,2,1,9,0,1,1,0,0,2,1,30.0,1,1,1.92,17.31,0.0,,100.0,11.11,,0.0,3.85,30.0,0.58,0.58,0.02,0.31,0.0,0.06
2021-01-08,2021-01,1,6,mobile,<Other>,referral,(referral),new_session,121,121,1158,407,47,5,0,3,2,1,13,4,1,1,3,0,5,1,13.0,1,1,0.83,10.74,30.77,25.0,100.0,7.69,75.0,0.0,4.13,13.0,0.11,0.11,0.01,0.39,0.04,0.02
2021-01-08,2021-01,1,6,mobile,(direct),(none),(direct),returning_session,89,78,1060,387,70,16,0,3,2,1,17,8,1,1,7,0,20,1,55.0,1,1,1.12,19.1,47.06,12.5,100.0,5.88,87.5,0.0,22.47,55.0,0.71,0.62,0.01,0.79,0.18,0.03
2021-01-08,2021-01,1,6,tablet,google,organic,(organic),new_session,28,28,164,63,7,0,0,0,0,0,3,0,0,0,0,0,0,0,0.0,0,0,0.0,10.71,0.0,,,0.0,,,0.0,,0.0,0.0,0.0,0.25,0.0,0.0
2021-01-08,2021-01,1,6,tablet,(direct),(none),(direct),new_session,20,20,156,58,7,0,0,0,0,0,2,0,0,0,0,0,0,0,0.0,0,0,0.0,10.0,0.0,,,0.0,,,0.0,,0.0,0.0,0.0,0.35,0.0,0.0
2021-01-08,2021-01,1,6,tablet,google,organic,(organic),returning_session,5,3,46,19,2,0,0,0,0,0,1,0,0,0,0,0,1,0,0.0,0,0,0.0,20.0,0.0,,,0.0,,,20.0,,0.0,0.0,0.0,0.4,0.0,0.0
2021-01-08,2021-01,1,6,tablet,shop.googlemerchandisestore.com,referral,(referral),returning_session,10,9,50,20,0,0,0,0,0,0,0,0,0,0,0,0,3,0,0.0,0,0,0.0,0.0,,,,,,,30.0,,0.0,0.0,0.0,0.0,0.0,0.0
2021-01-08,2021-01,1,6,tablet,<Other>,organic,(organic),new_session,3,3,11,5,0,0,0,0,0,0,0,0,0,0,0,0,1,0,0.0,0,0,0.0,0.0,,,,,,,33.33,,0.0,0.0,0.0,0.0,0.0,0.0
2021-01-08,2021-01,1,6,tablet,google,cpc,<Other>,new_session,6,6,40,15,0,0,0,0,0,0,0,0,0,0,0,0,0,0,0.0,0,0,0.0,0.0,,,,,,,0.0,,0.0,0.0,0.0,0.0,0.0,0.0
2021-01-08,2021-01,1,6,tablet,<Other>,referral,(referral),returning_session,5,5,18,6,0,0,0,0,0,0,0,0,0,0,0,0,2,0,0.0,0,0,0.0,0.0,,,,,,,40.0,,0.0,0.0,0.0,0.0,0.0,0.0
2021-01-08,2021-01,1,6,tablet,<Other>,<Other>,<Other>,returning_session,2,2,13,5,0,0,0,0,0,0,0,0,0,0,0,0,0,0,0.0,0,0,0.0,0.0,,,,,,,0.0,,0.0,0.0,0.0,0.0,0.0,0.0
2021-01-08,2021-01,1,6,tablet,<Other>,referral,(referral),new_session,5,5,42,14,2,0,0,0,0,0,2,0,0,0,0,0,0,0,0.0,0,0,0.0,40.0,0.0,,,0.0,,,0.0,,0.0,0.0,0.0,0.4,0.0,0.0
2021-01-08,2021-01,1,6,tablet,<Other>,<Other>,<Other>,new_session,10,10,81,29,4,0,0,0,0,0,3,0,0,0,0,0,0,0,0.0,0,0,0.0,30.0,0.0,,,0.0,,,0.0,,0.0,0.0,0.0,0.4,0.0,0.0
2021-01-08,2021-01,1,6,tablet,shop.googlemerchandisestore.com,referral,(referral),new_session,3,3,18,6,1,0,0,0,0,0,1,0,0,0,0,0,0,0,0.0,0,0,0.0,33.33,0.0,,,0.0,,,0.0,,0.0,0.0,0.0,0.33,0.0,0.0
2021-01-08,2021-01,1,6,tablet,(direct),(none),(direct),returning_session,8,6,114,27,24,15,0,3,1,0,1,1,1,0,1,1,3,0,0.0,0,0,0.0,12.5,100.0,100.0,0.0,0.0,100.0,100.0,37.5,,0.0,0.0,0.0,3.0,1.88,0.38
2021-01-08,2021-01,1,6,tablet,(data deleted),(data deleted),(data deleted),returning_session,8,8,101,34,8,1,0,3,1,0,3,1,1,0,1,1,1,0,0.0,0,0,0.0,37.5,33.33,100.0,0.0,0.0,100.0,100.0,12.5,,0.0,0.0,0.0,1.0,0.13,0.38
2021-01-08,2021-01,1,6,tablet,<Other>,organic,(organic),returning_session,1,1,121,37,18,2,0,2,1,1,1,1,1,1,0,0,0,1,0.0,0,1,100.0,100.0,100.0,100.0,100.0,100.0,0.0,0.0,0.0,0.0,0.0,0.0,1.0,18.0,2.0,2.0
2020-12-05,2020-12,48,7,tablet,shop.googlemerchandisestore.com,referral,(referral),returning_session,1,1,5,2,0,0,0,0,0,0,0,0,0,0,0,0,0,0,0.0,0,0,0.0,0.0,,,,,,,0.0,,0.0,0.0,0.0,0.0,0.0,0.0
2020-12-05,2020-12,48,7,mobile,google,cpc,<Other>,returning_session,7,7,16,4,0,0,0,0,0,0,0,0,0,0,0,0,7,0,0.0,0,0,0.0,0.0,,,,,,,100.0,,0.0,0.0,0.0,0.0,0.0,0.0
2020-12-05,2020-12,48,7,mobile,<Other>,organic,(organic),returning_session,5,5,11,2,0,0,0,0,0,0,0,0,0,0,0,0,5,0,0.0,0,0,0.0,0.0,,,,,,,100.0,,0.0,0.0,0.0,0.0,0.0,0.0
2020-12-05,2020-12,48,7,desktop,(data deleted),(data deleted),<Other>,returning_session,3,3,12,3,0,0,0,0,0,0,0,0,0,0,0,0,2,0,0.0,0,0,0.0,0.0,,,,,,,66.67,,0.0,0.0,0.0,0.0,0.0,0.0
2020-12-05,2020-12,48,7,tablet,<Other>,referral,(referral),new_session,4,4,27,8,0,0,0,0,0,0,0,0,0,0,0,0,2,0,0.0,0,0,0.0,0.0,,,,,,,50.0,,0.0,0.0,0.0,0.0,0.0,0.0
2020-12-05,2020-12,48,7,tablet,<Other>,organic,(organic),returning_session,1,1,2,0,0,0,0,0,0,0,0,0,0,0,0,0,1,0,0.0,0,0,0.0,0.0,,,,,,,100.0,,0.0,0.0,0.0,0.0,0.0,0.0
2020-12-05,2020-12,48,7,mobile,<Other>,(data deleted),(data deleted),returning_session,2,2,6,1,0,0,0,0,0,0,0,0,0,0,0,0,2,0,0.0,0,0,0.0,0.0,,,,,,,100.0,,0.0,0.0,0.0,0.0,0.0,0.0
2020-12-05,2020-12,48,7,tablet,<Other>,referral,(referral),returning_session,1,1,4,1,0,0,0,0,0,0,0,0,0,0,0,0,1,0,0.0,0,0,0.0,0.0,,,,,,,100.0,,0.0,0.0,0.0,0.0,0.0,0.0
2020-12-05,2020-12,48,7,tablet,<Other>,<Other>,<Other>,returning_session,1,1,2,0,0,0,0,0,0,0,0,0,0,0,0,0,1,0,0.0,0,0,0.0,0.0,,,,,,,100.0,,0.0,0.0,0.0,0.0,0.0,0.0
2020-12-05,2020-12,48,7,mobile,(data deleted),(data deleted),<Other>,returning_session,2,2,4,0,0,0,0,0,0,0,0,0,0,0,0,0,2,0,0.0,0,0,0.0,0.0,,,,,,,100.0,,0.0,0.0,0.0,0.0,0.0,0.0
2020-12-05,2020-12,48,7,mobile,<Other>,organic,(organic),new_session,25,25,165,43,8,0,0,0,0,0,5,0,0,0,0,0,14,0,0.0,0,0,0.0,20.0,0.0,,,0.0,,,56.0,,0.0,0.0,0.0,0.32,0.0,0.0
2020-12-05,2020-12,48,7,desktop,<Other>,(data deleted),(data deleted),returning_session,4,4,27,9,2,0,0,0,0,0,1,0,0,0,0,0,2,0,0.0,0,0,0.0,25.0,0.0,,,0.0,,,50.0,,0.0,0.0,0.0,0.5,0.0,0.0
2020-12-05,2020-12,48,7,tablet,<Other>,<Other>,<Other>,new_session,7,7,46,13,2,1,0,0,0,0,2,1,0,0,1,0,2,0,0.0,0,0,0.0,28.57,50.0,0.0,,0.0,100.0,,28.57,,0.0,0.0,0.0,0.29,0.14,0.0
2020-12-05,2020-12,48,7,tablet,(direct),(none),(direct),returning_session,4,3,74,21,8,4,0,0,0,0,2,2,0,0,2,0,2,0,0.0,0,0,0.0,50.0,100.0,0.0,,0.0,100.0,,50.0,,0.0,0.0,0.0,2.0,1.0,0.0
2020-12-05,2020-12,48,7,tablet,<Other>,organic,(organic),new_session,2,2,17,4,4,1,0,0,0,0,1,1,0,0,1,0,1,0,0.0,0,0,0.0,50.0,100.0,0.0,,0.0,100.0,,50.0,,0.0,0.0,0.0,2.0,0.5,0.0
2020-12-05,2020-12,48,7,tablet,google,cpc,<Other>,new_session,6,6,53,14,3,3,0,0,0,0,2,1,0,0,1,0,4,0,0.0,0,0,0.0,33.33,50.0,0.0,,0.0,100.0,,66.67,,0.0,0.0,0.0,0.5,0.5,0.0
2020-12-05,2020-12,48,7,desktop,<Other>,organic,(organic),new_session,43,43,381,107,29,1,0,0,0,0,9,1,0,0,1,0,23,0,0.0,0,0,0.0,20.93,11.11,0.0,,0.0,100.0,,53.49,,0.0,0.0,0.0,0.67,0.02,0.0
2020-12-05,2020-12,48,7,desktop,<Other>,organic,(organic),returning_session,10,10,78,25,6,0,0,0,0,0,3,0,0,0,0,0,6,0,0.0,0,0,0.0,30.0,0.0,,,0.0,,,60.0,,0.0,0.0,0.0,0.6,0.0,0.0
2020-12-05,2020-12,48,7,tablet,shop.googlemerchandisestore.com,referral,(referral),new_session,2,2,35,10,2,0,0,0,0,0,1,0,0,0,0,0,1,0,0.0,0,0,0.0,50.0,0.0,,,0.0,,,50.0,,0.0,0.0,0.0,1.0,0.0,0.0
2020-12-05,2020-12,48,7,tablet,(data deleted),(data deleted),(data deleted),returning_session,2,2,35,9,2,1,0,2,1,0,1,1,1,0,1,1,1,0,0.0,0,0,0.0,50.0,100.0,100.0,0.0,0.0,100.0,100.0,50.0,,0.0,0.0,0.0,1.0,0.5,1.0
2020-12-05,2020-12,48,7,mobile,google,cpc,<Other>,new_session,55,55,468,132,18,10,0,2,0,0,8,2,1,0,2,1,29,0,0.0,0,0,0.0,14.55,25.0,50.0,0.0,0.0,100.0,100.0,52.73,,0.0,0.0,0.0,0.33,0.18,0.04
2020-12-05,2020-12,48,7,desktop,<Other>,<Other>,<Other>,returning_session,41,40,295,74,34,13,0,2,1,0,8,4,1,0,4,1,27,0,0.0,0,0,0.0,19.51,50.0,25.0,0.0,0.0,100.0,100.0,65.85,,0.0,0.0,0.0,0.83,0.32,0.05
2020-12-05,2020-12,48,7,tablet,(direct),(none),(direct),new_session,12,12,100,27,4,2,0,2,0,0,3,2,1,0,2,1,5,0,0.0,0,0,0.0,25.0,66.67,50.0,0.0,0.0,100.0,100.0,41.67,,0.0,0.0,0.0,0.33,0.17,0.17
2020-12-05,2020-12,48,7,desktop,google,cpc,<Other>,returning_session,14,14,286,86,26,9,0,6,3,0,6,4,1,0,4,1,6,0,0.0,0,0,0.0,42.86,66.67,25.0,0.0,0.0,100.0,100.0,42.86,,0.0,0.0,0.0,1.86,0.64,0.43
2020-12-05,2020-12,48,7,desktop,(direct),(none),(direct),new_session,373,373,5663,1832,554,75,0,34,5,2,82,28,13,2,26,11,195,2,214.0,5,4,0.54,21.98,34.15,46.43,15.38,2.44,92.86,84.62,52.28,107.0,0.57,0.57,0.01,1.49,0.2,0.09
2020-12-05,2020-12,48,7,desktop,<Other>,referral,(referral),new_session,119,119,1076,304,77,28,0,10,2,1,26,8,3,1,7,2,70,1,194.0,4,4,0.84,21.85,30.77,37.5,33.33,3.85,87.5,66.67,58.82,194.0,1.63,1.63,0.01,0.65,0.24,0.08
2020-12-05,2020-12,48,7,desktop,<Other>,<Other>,<Other>,new_session,266,266,3739,1186,356,46,0,40,5,3,66,27,18,3,24,15,149,3,245.0,14,11,1.13,24.81,40.91,66.67,16.67,4.55,88.89,83.33,56.02,81.67,0.92,0.92,0.01,1.34,0.17,0.15
2020-12-05,2020-12,48,7,desktop,google,organic,(organic),new_session,472,472,6888,2092,733,150,0,72,27,5,108,40,19,5,36,14,261,5,226.0,27,10,1.06,22.88,37.04,47.5,26.32,4.63,90.0,73.68,55.3,45.2,0.48,0.48,0.01,1.55,0.32,0.15
2020-12-05,2020-12,48,7,desktop,google,cpc,<Other>,new_session,94,94,1148,353,111,11,0,12,2,1,21,6,3,1,5,2,58,1,307.0,7,7,1.06,22.34,28.57,50.0,33.33,4.76,83.33,66.67,61.7,307.0,3.27,3.27,0.01,1.18,0.12,0.13
2020-12-05,2020-12,48,7,mobile,(direct),(none),(direct),new_session,242,242,3515,1091,373,50,0,34,5,3,53,16,14,3,14,11,142,3,107.0,7,8,1.24,21.9,30.19,87.5,21.43,5.66,87.5,78.57,58.68,35.67,0.44,0.44,0.01,1.54,0.21,0.14
2020-12-05,2020-12,48,7,mobile,google,organic,(organic),returning_session,102,94,854,260,55,9,0,6,4,1,17,4,2,1,3,1,63,1,61.0,2,2,0.98,16.67,23.53,50.0,50.0,5.88,75.0,50.0,61.76,61.0,0.65,0.6,0.01,0.54,0.09,0.06
2020-12-05,2020-12,48,7,mobile,shop.googlemerchandisestore.com,referral,(referral),new_session,54,54,802,232,63,26,0,10,2,1,17,10,2,1,9,1,26,1,39.0,2,2,1.85,31.48,58.82,20.0,50.0,5.88,90.0,50.0,48.15,39.0,0.72,0.72,0.02,1.17,0.48,0.19
2020-12-05,2020-12,48,7,mobile,<Other>,<Other>,<Other>,new_session,187,187,2302,670,210,36,0,24,7,4,47,11,8,3,9,5,94,4,137.0,7,7,1.6,25.13,23.4,72.73,37.5,6.38,81.82,62.5,50.27,34.25,0.73,0.73,0.02,1.12,0.19,0.13
2020-12-05,2020-12,48,7,desktop,shop.googlemerchandisestore.com,referral,(referral),new_session,79,79,1075,336,75,7,0,14,3,1,14,5,4,1,4,3,42,1,273.0,5,5,1.27,17.72,35.71,80.0,25.0,7.14,80.0,75.0,53.16,273.0,3.46,3.46,0.01,0.95,0.09,0.18
2020-12-05,2020-12,48,7,mobile,google,organic,(organic),new_session,375,375,4906,1430,505,132,0,38,12,9,86,24,12,7,17,5,216,9,827.0,41,37,1.87,22.93,27.91,50.0,58.33,8.14,70.83,41.67,57.6,91.89,2.21,2.21,0.02,1.35,0.35,0.1
2020-12-05,2020-12,48,7,mobile,<Other>,referral,(referral),new_session,84,84,1660,521,198,44,0,16,3,2,23,9,6,2,7,4,46,2,192.0,6,5,2.38,27.38,39.13,66.67,33.33,8.7,77.78,66.67,54.76,96.0,2.29,2.29,0.02,2.36,0.52,0.19
2020-12-05,2020-12,48,7,desktop,<Other>,referral,(referral),returning_session,52,49,1112,338,141,32,0,18,7,2,20,9,5,2,7,3,25,2,79.0,9,6,3.85,38.46,45.0,55.56,40.0,10.0,77.78,60.0,48.08,39.5,1.61,1.52,0.04,2.71,0.62,0.35
2020-12-05,2020-12,48,7,desktop,shop.googlemerchandisestore.com,referral,(referral),returning_session,86,80,1514,459,179,38,0,22,9,4,24,10,6,4,6,2,43,4,192.0,9,9,4.65,27.91,41.67,60.0,66.67,16.67,60.0,33.33,50.0,48.0,2.4,2.23,0.05,2.08,0.44,0.26
2020-12-05,2020-12,48,7,mobile,(data deleted),(data deleted),(data deleted),returning_session,77,72,1086,314,97,31,0,24,8,5,23,6,4,4,4,0,44,5,309.0,20,17,5.19,29.87,26.09,66.67,100.0,17.39,66.67,0.0,57.14,61.8,4.29,4.01,0.07,1.26,0.4,0.31
2020-12-05,2020-12,48,7,mobile,shop.googlemerchandisestore.com,referral,(referral),returning_session,63,63,733,215,43,13,0,16,6,3,17,6,5,3,5,2,32,3,112.0,4,4,4.76,26.98,35.29,83.33,60.0,17.65,83.33,40.0,50.79,37.33,1.78,1.78,0.05,0.68,0.21,0.25
2020-12-05,2020-12,48,7,mobile,<Other>,referral,(referral),returning_session,39,39,639,189,72,8,0,12,3,2,10,3,2,2,2,0,22,2,205.0,6,6,5.13,25.64,30.0,66.67,100.0,20.0,66.67,0.0,56.41,102.5,5.26,5.26,0.05,1.85,0.21,0.31
2020-12-05,2020-12,48,7,desktop,(data deleted),(data deleted),(data deleted),returning_session,101,98,2122,637,243,75,0,44,17,8,27,16,10,6,11,4,57,7,652.0,36,32,5.94,26.73,59.26,62.5,60.0,22.22,68.75,40.0,56.44,93.14,6.65,6.46,0.07,2.41,0.74,0.44
2020-12-05,2020-12,48,7,mobile,<Other>,<Other>,<Other>,returning_session,19,19,337,106,37,3,0,6,1,1,4,1,2,1,0,1,10,1,119.0,4,4,5.26,21.05,25.0,200.0,50.0,25.0,0.0,50.0,52.63,119.0,6.26,6.26,0.05,1.95,0.16,0.32
2020-12-05,2020-12,48,7,desktop,(direct),(none),(direct),returning_session,123,112,2122,606,227,91,0,54,24,12,32,15,10,8,8,2,64,12,507.0,29,28,6.5,26.02,46.88,66.67,80.0,25.0,53.33,20.0,52.03,42.25,4.53,4.12,0.11,1.85,0.74,0.44
2020-12-05,2020-12,48,7,tablet,google,organic,(organic),new_session,13,13,199,60,16,0,0,2,1,1,4,0,1,1,0,0,6,1,50.0,3,3,7.69,30.77,0.0,,100.0,25.0,,0.0,46.15,50.0,3.85,3.85,0.08,1.23,0.0,0.15
2020-12-05,2020-12,48,7,mobile,(direct),(none),(direct),returning_session,93,87,1480,432,169,28,0,20,14,5,20,6,5,5,2,0,54,5,395.0,17,16,5.38,21.51,30.0,83.33,100.0,25.0,33.33,0.0,58.06,79.0,4.54,4.25,0.06,1.82,0.3,0.22
2020-12-05,2020-12,48,7,desktop,google,organic,(organic),returning_session,120,116,1691,486,179,59,0,31,19,8,26,13,10,8,7,2,65,8,736.0,54,41,6.67,21.67,50.0,76.92,80.0,30.77,53.85,20.0,54.17,92.0,6.34,6.13,0.07,1.49,0.49,0.26
2020-12-05,2020-12,48,7,tablet,google,organic,(organic),returning_session,6,5,152,46,8,11,0,8,3,1,2,2,2,1,1,1,4,1,71.0,3,3,16.67,33.33,100.0,100.0,50.0,50.0,50.0,50.0,66.67,71.0,14.2,11.83,0.2,1.33,1.83,1.33
2020-12-05,2020-12,48,7,desktop,(data deleted),(data deleted),(data deleted),new_session,5,5,283,85,21,1,0,10,7,1,1,1,1,1,0,0,1,1,72.0,3,1,20.0,20.0,100.0,100.0,100.0,100.0,0.0,0.0,20.0,72.0,14.4,14.4,0.2,4.2,0.2,2.0
2020-12-18,2020-12,50,6,tablet,google,organic,(organic),returning_session,6,6,65,18,11,0,0,0,0,0,2,0,0,0,0,0,2,0,0.0,0,0,0.0,33.33,0.0,,,0.0,,,33.33,,0.0,0.0,0.0,1.83,0.0,0.0
2020-12-18,2020-12,50,6,desktop,google,cpc,<Other>,returning_session,7,7,146,50,11,0,0,0,0,0,3,0,0,0,0,0,4,0,0.0,0,0,0.0,42.86,0.0,,,0.0,,,57.14,,0.0,0.0,0.0,1.57,0.0,0.0
2020-12-18,2020-12,50,6,mobile,google,cpc,<Other>,returning_session,4,4,37,13,0,0,0,0,0,0,0,0,0,0,0,0,2,0,0.0,0,0,0.0,0.0,,,,,,,50.0,,0.0,0.0,0.0,0.0,0.0,0.0
2020-12-18,2020-12,50,6,mobile,(data deleted),(data deleted),<Other>,returning_session,8,8,38,13,1,0,0,0,0,0,1,0,0,0,0,0,5,0,0.0,0,0,0.0,12.5,0.0,,,0.0,,,62.5,,0.0,0.0,0.0,0.13,0.0,0.0
2020-12-18,2020-12,50,6,desktop,(data deleted),(data deleted),(data deleted),new_session,5,5,50,16,5,0,0,0,0,0,2,0,0,0,0,0,2,0,0.0,0,0,0.0,40.0,0.0,,,0.0,,,40.0,,0.0,0.0,0.0,1.0,0.0,0.0
2020-12-18,2020-12,50,6,tablet,<Other>,referral,(referral),returning_session,2,2,6,2,0,0,0,0,0,0,0,0,0,0,0,0,1,0,0.0,0,0,0.0,0.0,,,,,,,50.0,,0.0,0.0,0.0,0.0,0.0,0.0
2020-12-18,2020-12,50,6,tablet,<Other>,referral,(referral),new_session,5,5,23,7,0,0,0,0,0,0,0,0,0,0,0,0,3,0,0.0,0,0,0.0,0.0,,,,,,,60.0,,0.0,0.0,0.0,0.0,0.0,0.0
2020-12-18,2020-12,50,6,tablet,google,organic,(organic),new_session,25,25,166,51,5,0,0,0,0,0,3,0,0,0,0,0,17,0,0.0,0,0,0.0,12.0,0.0,,,0.0,,,68.0,,0.0,0.0,0.0,0.2,0.0,0.0
2020-12-18,2020-12,50,6,desktop,<Other>,(data deleted),(data deleted),returning_session,2,2,19,3,5,0,0,0,0,0,1,0,0,0,0,0,1,0,0.0,0,0,0.0,50.0,0.0,,,0.0,,,50.0,,0.0,0.0,0.0,2.5,0.0,0.0
2020-12-18,2020-12,50,6,tablet,google,cpc,<Other>,new_session,1,1,17,6,0,0,0,0,0,0,0,0,0,0,0,0,0,0,0.0,0,0,0.0,0.0,,,,,,,0.0,,0.0,0.0,0.0,0.0,0.0,0.0
2020-12-18,2020-12,50,6,tablet,<Other>,organic,(organic),returning_session,1,1,6,2,0,0,0,0,0,0,0,0,0,0,0,0,0,0,0.0,0,0,0.0,0.0,,,,,,,0.0,,0.0,0.0,0.0,0.0,0.0,0.0
2020-12-18,2020-12,50,6,tablet,shop.googlemerchandisestore.com,referral,(referral),returning_session,4,3,30,9,0,0,0,0,0,0,0,0,0,0,0,0,2,0,0.0,0,0,0.0,0.0,,,,,,,50.0,,0.0,0.0,0.0,0.0,0.0,0.0
2020-12-18,2020-12,50,6,desktop,(data deleted),(data deleted),<Other>,returning_session,1,1,4,2,0,0,0,0,0,0,0,0,0,0,0,0,0,0,0.0,0,0,0.0,0.0,,,,,,,0.0,,0.0,0.0,0.0,0.0,0.0,0.0
2020-12-18,2020-12,50,6,tablet,<Other>,organic,(organic),new_session,10,10,53,14,0,0,0,0,0,0,0,0,0,0,0,0,8,0,0.0,0,0,0.0,0.0,,,,,,,80.0,,0.0,0.0,0.0,0.0,0.0,0.0
2020-12-18,2020-12,50,6,tablet,<Other>,<Other>,<Other>,returning_session,1,1,2,0,0,0,0,0,0,0,0,0,0,0,0,0,1,0,0.0,0,0,0.0,0.0,,,,,,,100.0,,0.0,0.0,0.0,0.0,0.0,0.0
2020-12-18,2020-12,50,6,mobile,(data deleted),(data deleted),(data deleted),new_session,1,1,4,1,0,0,0,0,0,0,0,0,0,0,0,0,1,0,0.0,0,0,0.0,0.0,,,,,,,100.0,,0.0,0.0,0.0,0.0,0.0,0.0
2020-12-18,2020-12,50,6,mobile,google,cpc,<Other>,new_session,80,80,621,182,24,0,0,0,0,0,9,0,0,0,0,0,51,0,0.0,0,0,0.0,11.25,0.0,,,0.0,,,63.75,,0.0,0.0,0.0,0.3,0.0,0.0
2020-12-18,2020-12,50,6,tablet,(data deleted),(data deleted),(data deleted),returning_session,2,2,4,0,0,0,0,0,0,0,0,0,0,0,0,0,2,0,0.0,0,0,0.0,0.0,,,,,,,100.0,,0.0,0.0,0.0,0.0,0.0,0.0
2020-12-18,2020-12,50,6,tablet,shop.googlemerchandisestore.com,referral,(referral),new_session,5,5,25,7,0,0,0,0,0,0,0,0,0,0,0,0,3,0,0.0,0,0,0.0,0.0,,,,,,,60.0,,0.0,0.0,0.0,0.0,0.0,0.0
2020-12-18,2020-12,50,6,mobile,<Other>,(data deleted),(data deleted),returning_session,2,2,67,23,9,1,0,0,0,0,1,1,0,0,1,0,0,0,0.0,0,0,0.0,50.0,100.0,0.0,,0.0,100.0,,0.0,,0.0,0.0,0.0,4.5,0.5,0.0
2020-12-18,2020-12,50,6,desktop,<Other>,organic,(organic),returning_session,11,11,96,28,7,3,0,0,0,0,2,1,0,0,1,0,5,0,0.0,0,0,0.0,18.18,50.0,0.0,,0.0,100.0,,45.45,,0.0,0.0,0.0,0.64,0.27,0.0
2020-12-18,2020-12,50,6,desktop,<Other>,organic,(organic),new_session,50,50,463,138,32,1,0,0,0,0,12,1,0,0,1,0,26,0,0.0,0,0,0.0,24.0,8.33,0.0,,0.0,100.0,,52.0,,0.0,0.0,0.0,0.64,0.02,0.0
2020-12-18,2020-12,50,6,mobile,<Other>,organic,(organic),new_session,39,39,303,85,22,1,0,0,0,0,7,1,0,0,1,0,21,0,0.0,0,0,0.0,17.95,14.29,0.0,,0.0,100.0,,53.85,,0.0,0.0,0.0,0.56,0.03,0.0
2020-12-18,2020-12,50,6,tablet,(direct),(none),(direct),new_session,20,20,217,64,16,2,0,0,0,0,3,1,0,0,1,0,12,0,0.0,0,0,0.0,15.0,33.33,0.0,,0.0,100.0,,60.0,,0.0,0.0,0.0,0.8,0.1,0.0
2020-12-18,2020-12,50,6,mobile,shop.googlemerchandisestore.com,referral,(referral),new_session,82,82,956,286,63,22,0,0,0,0,14,7,0,0,7,0,48,0,0.0,0,0,0.0,17.07,50.0,0.0,,0.0,100.0,,58.54,,0.0,0.0,0.0,0.77,0.27,0.0
2020-12-18,2020-12,50,6,mobile,<Other>,referral,(referral),new_session,128,128,1202,330,84,43,0,3,0,0,21,7,1,0,7,1,81,0,0.0,0,0,0.0,16.41,33.33,14.29,0.0,0.0,100.0,100.0,63.28,,0.0,0.0,0.0,0.66,0.34,0.02
2020-12-18,2020-12,50,6,tablet,<Other>,<Other>,<Other>,new_session,19,19,273,69,34,26,0,3,0,0,6,3,1,0,3,1,8,0,0.0,0,0,0.0,31.58,50.0,33.33,0.0,0.0,100.0,100.0,42.11,,0.0,0.0,0.0,1.79,1.37,0.16
2020-12-18,2020-12,50,6,desktop,<Other>,referral,(referral),new_session,193,193,1839,512,171,43,0,18,9,1,49,12,2,1,11,1,117,1,19.0,4,1,0.52,25.39,24.49,16.67,50.0,2.04,91.67,50.0,60.62,19.0,0.1,0.1,0.01,0.89,0.22,0.09
2020-12-18,2020-12,50,6,mobile,<Other>,referral,(referral),returning_session,52,50,801,224,119,45,0,18,1,1,10,7,2,1,6,1,30,1,184.0,13,12,1.92,19.23,70.0,28.57,50.0,10.0,85.71,50.0,57.69,184.0,3.68,3.54,0.02,2.29,0.87,0.35
2020-12-18,2020-12,50,6,mobile,<Other>,organic,(organic),returning_session,19,19,297,91,28,16,0,8,2,1,4,3,1,1,2,0,11,1,112.0,6,6,5.26,21.05,75.0,33.33,100.0,25.0,66.67,0.0,57.89,112.0,5.89,5.89,0.05,1.47,0.84,0.42
2020-12-18,2020-12,50,6,desktop,<Other>,<Other>,<Other>,returning_session,33,33,568,170,76,9,0,3,1,1,8,3,1,1,3,0,21,1,96.0,1,1,3.03,24.24,37.5,33.33,100.0,12.5,100.0,0.0,63.64,96.0,2.91,2.91,0.03,2.3,0.27,0.09
2020-12-18,2020-12,50,6,desktop,shop.googlemerchandisestore.com,referral,(referral),new_session,102,102,850,239,47,8,0,9,3,1,15,2,1,1,1,0,65,1,14.0,1,1,0.98,14.71,13.33,50.0,100.0,6.67,50.0,0.0,63.73,14.0,0.14,0.14,0.01,0.46,0.08,0.09
2020-12-18,2020-12,50,6,desktop,<Other>,referral,(referral),returning_session,74,72,1416,418,201,45,0,34,6,1,24,9,6,1,8,5,36,1,75.0,11,5,1.35,32.43,37.5,66.67,16.67,4.17,88.89,83.33,48.65,75.0,1.04,1.01,0.01,2.72,0.61,0.46
2020-12-18,2020-12,50,6,tablet,(direct),(none),(direct),returning_session,9,9,225,67,25,2,0,7,2,1,3,1,3,1,1,2,4,1,79.0,1,1,11.11,33.33,33.33,300.0,33.33,33.33,100.0,66.67,44.44,79.0,8.78,8.78,0.11,2.78,0.22,0.78
2020-12-18,2020-12,50,6,mobile,(direct),(none),(direct),new_session,353,353,3269,894,353,109,0,18,4,2,71,14,4,2,12,2,224,2,162.0,15,11,0.57,20.11,19.72,28.57,50.0,2.82,85.71,50.0,63.46,81.0,0.46,0.46,0.01,1.0,0.31,0.05
2020-12-18,2020-12,50,6,mobile,<Other>,<Other>,<Other>,returning_session,30,30,519,142,37,18,0,30,7,4,7,6,4,2,4,2,14,4,71.0,4,4,6.67,23.33,85.71,66.67,50.0,28.57,66.67,50.0,46.67,17.75,2.37,2.37,0.13,1.23,0.6,1.0
2020-12-18,2020-12,50,6,desktop,google,cpc,<Other>,new_session,95,95,1073,308,89,37,0,18,4,2,15,4,4,2,3,2,53,2,134.0,7,6,2.11,15.79,26.67,100.0,50.0,13.33,75.0,50.0,55.79,67.0,1.41,1.41,0.02,0.94,0.39,0.19
2020-12-18,2020-12,50,6,desktop,google,organic,(organic),new_session,740,740,7305,2071,567,139,0,77,14,4,157,31,13,3,28,10,431,3,189.0,10,10,0.41,21.22,19.75,41.94,23.08,1.91,90.32,76.92,58.24,63.0,0.26,0.26,0.0,0.77,0.19,0.1
2020-12-18,2020-12,50,6,mobile,shop.googlemerchandisestore.com,referral,(referral),returning_session,76,74,1509,420,171,62,0,55,20,9,24,9,5,3,7,2,41,9,595.0,36,29,3.95,31.58,37.5,55.56,60.0,12.5,77.78,40.0,53.95,66.11,8.04,7.83,0.12,2.25,0.82,0.72
2020-12-18,2020-12,50,6,mobile,<Other>,<Other>,<Other>,new_session,260,260,2889,820,242,50,0,39,9,3,61,12,8,3,10,5,147,3,201.0,6,6,1.15,23.46,19.67,66.67,37.5,4.92,83.33,62.5,56.54,67.0,0.77,0.77,0.01,0.93,0.19,0.15
2020-12-18,2020-12,50,6,desktop,<Other>,<Other>,<Other>,new_session,379,379,4303,1182,410,145,0,57,11,4,79,20,7,4,17,3,232,4,510.0,26,16,1.06,20.84,25.32,35.0,57.14,5.06,85.0,42.86,61.21,127.5,1.35,1.35,0.01,1.08,0.38,0.15
2020-12-18,2020-12,50,6,desktop,shop.googlemerchandisestore.com,referral,(referral),returning_session,120,117,1641,479,173,44,0,36,6,4,35,17,8,4,13,4,62,4,383.0,46,18,3.33,29.17,48.57,47.06,50.0,11.43,76.47,50.0,51.67,95.75,3.27,3.19,0.03,1.44,0.37,0.3
2020-12-18,2020-12,50,6,mobile,(data deleted),(data deleted),(data deleted),returning_session,107,100,1969,584,251,73,0,57,14,4,36,16,8,4,14,4,52,4,238.0,20,20,3.74,33.64,44.44,50.0,50.0,11.11,87.5,50.0,48.6,59.5,2.38,2.22,0.04,2.35,0.68,0.53
2020-12-18,2020-12,50,6,mobile,google,organic,(organic),returning_session,133,123,1635,468,181,26,0,28,10,4,39,13,7,4,11,3,69,4,432.0,17,17,3.01,29.32,33.33,53.85,57.14,10.26,84.62,42.86,51.88,108.0,3.51,3.25,0.03,1.36,0.2,0.21
2020-12-18,2020-12,50,6,mobile,(direct),(none),(direct),returning_session,99,92,1469,442,129,69,0,35,7,5,25,12,7,4,8,3,44,5,220.0,6,6,4.04,25.25,48.0,58.33,57.14,16.0,66.67,42.86,44.44,44.0,2.39,2.22,0.05,1.3,0.7,0.35
2020-12-18,2020-12,50,6,mobile,google,organic,(organic),new_session,481,481,4985,1372,373,125,0,69,11,5,87,28,15,5,23,10,298,5,286.0,9,9,1.04,18.09,32.18,53.57,33.33,5.75,82.14,66.67,61.95,57.2,0.59,0.59,0.01,0.78,0.26,0.14
2020-12-18,2020-12,50,6,desktop,(direct),(none),(direct),new_session,509,509,5262,1446,460,172,0,47,14,8,99,29,10,7,22,3,319,8,497.0,37,30,1.38,19.45,29.29,34.48,70.0,7.07,75.86,30.0,62.67,62.13,0.98,0.98,0.02,0.9,0.34,0.09
2020-12-18,2020-12,50,6,desktop,(direct),(none),(direct),returning_session,167,163,2722,761,300,92,0,99,31,19,37,17,9,7,12,2,95,19,1058.0,62,49,4.19,22.16,45.95,52.94,77.78,18.92,70.59,22.22,56.89,55.68,6.49,6.34,0.12,1.8,0.55,0.59
2020-12-18,2020-12,50,6,desktop,google,organic,(organic),returning_session,150,147,2850,839,321,44,0,101,26,13,46,12,12,8,11,4,75,13,696.0,43,33,5.33,30.67,26.09,100.0,66.67,17.39,91.67,33.33,50.0,53.54,4.73,4.64,0.09,2.14,0.29,0.67
2020-12-18,2020-12,50,6,desktop,(data deleted),(data deleted),(data deleted),returning_session,122,120,2486,668,305,148,0,90,26,9,39,21,14,9,15,5,57,9,508.0,28,25,7.38,31.97,53.85,66.67,64.29,23.08,71.43,35.71,46.72,56.44,4.23,4.16,0.07,2.5,1.21,0.74
2020-12-29,2020-12,52,3,mobile,google,cpc,<Other>,returning_session,4,4,15,4,0,0,0,0,0,0,0,0,0,0,0,0,2,0,0.0,0,0,0.0,0.0,,,,,,,50.0,,0.0,0.0,0.0,0.0,0.0,0.0
2020-12-29,2020-12,52,3,mobile,(data deleted),(data deleted),(data deleted),new_session,6,6,34,12,0,0,0,0,0,0,0,0,0,0,0,0,4,0,0.0,0,0,0.0,0.0,,,,,,,66.67,,0.0,0.0,0.0,0.0,0.0,0.0
2020-12-29,2020-12,52,3,tablet,<Other>,referral,(referral),new_session,2,2,27,9,0,0,0,0,0,0,0,0,0,0,0,0,1,0,0.0,0,0,0.0,0.0,,,,,,,50.0,,0.0,0.0,0.0,0.0,0.0,0.0
2020-12-29,2020-12,52,3,mobile,(data deleted),(data deleted),<Other>,returning_session,1,1,2,0,0,0,0,0,0,0,0,0,0,0,0,0,1,0,0.0,0,0,0.0,0.0,,,,,,,100.0,,0.0,0.0,0.0,0.0,0.0,0.0
2020-12-29,2020-12,52,3,tablet,(data deleted),(data deleted),(data deleted),returning_session,1,1,2,0,0,0,0,0,0,0,0,0,0,0,0,0,1,0,0.0,0,0,0.0,0.0,,,,,,,100.0,,0.0,0.0,0.0,0.0,0.0,0.0
2020-12-29,2020-12,52,3,mobile,<Other>,(data deleted),(data deleted),returning_session,2,2,9,5,0,0,0,0,0,0,0,0,0,0,0,0,0,0,0.0,0,0,0.0,0.0,,,,,,,0.0,,0.0,0.0,0.0,0.0,0.0,0.0
2020-12-29,2020-12,52,3,tablet,<Other>,<Other>,<Other>,returning_session,3,3,9,4,0,0,0,0,0,0,0,0,0,0,0,0,1,0,0.0,0,0,0.0,0.0,,,,,,,33.33,,0.0,0.0,0.0,0.0,0.0,0.0
2020-12-29,2020-12,52,3,tablet,(direct),(none),(direct),returning_session,7,7,24,8,1,0,0,0,0,0,1,0,0,0,0,0,5,0,0.0,0,0,0.0,14.29,0.0,,,0.0,,,71.43,,0.0,0.0,0.0,0.14,0.0,0.0
2020-12-29,2020-12,52,3,tablet,(direct),(none),(direct),new_session,9,9,46,19,1,0,0,0,0,0,1,0,0,0,0,0,1,0,0.0,0,0,0.0,11.11,0.0,,,0.0,,,11.11,,0.0,0.0,0.0,0.11,0.0,0.0
2020-12-29,2020-12,52,3,tablet,<Other>,organic,(organic),new_session,2,2,21,7,2,0,0,0,0,0,1,0,0,0,0,0,0,0,0.0,0,0,0.0,50.0,0.0,,,0.0,,,0.0,,0.0,0.0,0.0,1.0,0.0,0.0
2020-12-29,2020-12,52,3,tablet,google,cpc,<Other>,new_session,4,4,23,9,2,0,0,0,0,0,2,0,0,0,0,0,0,0,0.0,0,0,0.0,50.0,0.0,,,0.0,,,0.0,,0.0,0.0,0.0,0.5,0.0,0.0
2020-12-29,2020-12,52,3,desktop,google,cpc,<Other>,returning_session,5,5,51,19,2,0,0,0,0,0,2,0,0,0,0,0,2,0,0.0,0,0,0.0,40.0,0.0,,,0.0,,,40.0,,0.0,0.0,0.0,0.4,0.0,0.0
2020-12-29,2020-12,52,3,tablet,<Other>,<Other>,<Other>,new_session,10,10,102,36,2,4,0,0,0,0,1,1,0,0,1,0,1,0,0.0,0,0,0.0,10.0,100.0,0.0,,0.0,100.0,,10.0,,0.0,0.0,0.0,0.2,0.4,0.0
2020-12-29,2020-12,52,3,tablet,<Other>,referral,(referral),returning_session,5,5,33,13,3,0,0,0,0,0,1,0,0,0,0,0,1,0,0.0,0,0,0.0,20.0,0.0,,,0.0,,,20.0,,0.0,0.0,0.0,0.6,0.0,0.0
2020-12-29,2020-12,52,3,tablet,google,organic,(organic),returning_session,6,6,52,17,3,0,0,0,0,0,2,0,0,0,0,0,1,0,0.0,0,0,0.0,33.33,0.0,,,0.0,,,16.67,,0.0,0.0,0.0,0.5,0.0,0.0
2020-12-29,2020-12,52,3,tablet,shop.googlemerchandisestore.com,referral,(referral),new_session,8,8,67,24,4,0,0,0,0,0,1,0,0,0,0,0,2,0,0.0,0,0,0.0,12.5,0.0,,,0.0,,,25.0,,0.0,0.0,0.0,0.5,0.0,0.0
2020-12-29,2020-12,52,3,desktop,<Other>,organic,(organic),new_session,48,48,361,130,5,3,0,0,0,0,2,1,0,0,1,0,5,0,0.0,0,0,0.0,4.17,50.0,0.0,,0.0,100.0,,10.42,,0.0,0.0,0.0,0.1,0.06,0.0
2020-12-29,2020-12,52,3,mobile,<Other>,organic,(organic),new_session,35,35,235,82,7,5,0,0,0,0,3,2,0,0,2,0,3,0,0.0,0,0,0.0,8.57,66.67,0.0,,0.0,100.0,,8.57,,0.0,0.0,0.0,0.2,0.14,0.0
2020-12-29,2020-12,52,3,mobile,<Other>,organic,(organic),returning_session,10,10,87,31,8,1,0,0,0,0,4,1,0,0,1,0,2,0,0.0,0,0,0.0,40.0,25.0,0.0,,0.0,100.0,,20.0,,0.0,0.0,0.0,0.8,0.1,0.0
2020-12-29,2020-12,52,3,desktop,<Other>,organic,(organic),returning_session,12,12,200,76,15,2,0,0,0,0,1,1,0,0,1,0,4,0,0.0,0,0,0.0,8.33,100.0,0.0,,0.0,100.0,,33.33,,0.0,0.0,0.0,1.25,0.17,0.0
2020-12-29,2020-12,52,3,tablet,shop.googlemerchandisestore.com,referral,(referral),returning_session,5,5,94,29,15,5,0,0,0,0,3,2,0,0,2,0,1,0,0.0,0,0,0.0,60.0,66.67,0.0,,0.0,100.0,,20.0,,0.0,0.0,0.0,3.0,1.0,0.0
2020-12-29,2020-12,52,3,desktop,shop.googlemerchandisestore.com,referral,(referral),new_session,68,68,594,227,27,6,0,0,0,0,10,2,0,0,2,0,4,0,0.0,0,0,0.0,14.71,20.0,0.0,,0.0,100.0,,5.88,,0.0,0.0,0.0,0.4,0.09,0.0
2020-12-29,2020-12,52,3,mobile,google,organic,(organic),returning_session,59,56,533,191,34,3,0,0,0,0,8,3,0,0,3,0,25,0,0.0,0,0,0.0,13.56,37.5,0.0,,0.0,100.0,,42.37,,0.0,0.0,0.0,0.58,0.05,0.0
2020-12-29,2020-12,52,3,desktop,google,cpc,<Other>,new_session,84,84,701,253,38,5,0,0,0,0,13,1,0,0,1,0,7,0,0.0,0,0,0.0,15.48,7.69,0.0,,0.0,100.0,,8.33,,0.0,0.0,0.0,0.45,0.06,0.0
2020-12-29,2020-12,52,3,desktop,<Other>,referral,(referral),returning_session,55,54,627,219,44,5,0,0,0,0,12,4,0,0,4,0,15,0,0.0,0,0,0.0,21.82,33.33,0.0,,0.0,100.0,,27.27,,0.0,0.0,0.0,0.8,0.09,0.0
2020-12-29,2020-12,52,3,mobile,<Other>,<Other>,<Other>,new_session,190,190,1355,500,44,7,0,0,0,0,18,3,0,0,3,0,13,0,0.0,0,0,0.0,9.47,16.67,0.0,,0.0,100.0,,6.84,,0.0,0.0,0.0,0.23,0.04,0.0
2020-12-29,2020-12,52,3,mobile,<Other>,referral,(referral),returning_session,29,28,376,121,46,14,0,0,0,0,8,3,0,0,3,0,7,0,0.0,0,0,0.0,27.59,37.5,0.0,,0.0,100.0,,24.14,,0.0,0.0,0.0,1.59,0.48,0.0
2020-12-29,2020-12,52,3,mobile,(direct),(none),(direct),returning_session,65,59,618,221,49,13,0,0,0,0,10,2,0,0,2,0,20,0,0.0,0,0,0.0,15.38,20.0,0.0,,0.0,100.0,,30.77,,0.0,0.0,0.0,0.75,0.2,0.0
2020-12-29,2020-12,52,3,mobile,google,cpc,<Other>,new_session,59,59,666,229,60,6,0,0,0,0,14,2,0,0,2,0,4,0,0.0,0,0,0.0,23.73,14.29,0.0,,0.0,100.0,,6.78,,0.0,0.0,0.0,1.02,0.1,0.0
2020-12-29,2020-12,52,3,mobile,shop.googlemerchandisestore.com,referral,(referral),returning_session,39,39,561,166,91,29,0,0,0,0,11,5,0,0,5,0,14,0,0.0,0,0,0.0,28.21,45.45,0.0,,0.0,100.0,,35.9,,0.0,0.0,0.0,2.33,0.74,0.0
2020-12-29,2020-12,52,3,mobile,shop.googlemerchandisestore.com,referral,(referral),new_session,45,45,415,151,15,4,0,3,0,0,4,2,1,0,2,1,0,0,0.0,0,0,0.0,8.89,50.0,50.0,0.0,0.0,100.0,100.0,0.0,,0.0,0.0,0.0,0.33,0.09,0.07
2020-12-29,2020-12,52,3,desktop,google,organic,(organic),returning_session,88,85,935,351,44,13,0,6,2,0,15,4,1,0,4,1,31,0,0.0,0,0,0.0,17.05,26.67,25.0,0.0,0.0,100.0,100.0,35.23,,0.0,0.0,0.0,0.5,0.15,0.07
2020-12-29,2020-12,52,3,desktop,<Other>,referral,(referral),new_session,120,120,988,357,45,19,0,6,3,0,16,5,2,0,5,2,7,0,0.0,0,0,0.0,13.33,31.25,40.0,0.0,0.0,100.0,100.0,5.83,,0.0,0.0,0.0,0.38,0.16,0.05
2020-12-29,2020-12,52,3,desktop,(data deleted),(data deleted),(data deleted),returning_session,97,94,993,322,79,12,0,15,3,1,24,4,3,1,4,2,41,1,19.0,1,1,1.03,24.74,16.67,75.0,33.33,4.17,100.0,66.67,42.27,19.0,0.2,0.2,0.01,0.81,0.12,0.15
2020-12-29,2020-12,52,3,desktop,(direct),(none),(direct),new_session,385,385,3701,1304,220,45,0,27,7,4,58,9,5,2,8,3,32,4,126.0,6,6,0.52,15.06,15.52,55.56,40.0,3.45,88.89,60.0,8.31,31.5,0.33,0.33,0.01,0.57,0.12,0.07
2020-12-29,2020-12,52,3,mobile,<Other>,<Other>,<Other>,returning_session,12,12,215,63,24,9,0,6,3,1,5,2,2,1,1,1,5,1,48.0,1,1,8.33,41.67,40.0,100.0,50.0,20.0,50.0,50.0,41.67,48.0,4.0,4.0,0.08,2.0,0.75,0.5
2020-12-29,2020-12,52,3,mobile,(direct),(none),(direct),new_session,269,269,2441,883,112,27,0,6,1,1,32,5,2,1,4,1,16,1,13.0,1,1,0.37,11.9,15.63,40.0,50.0,3.13,80.0,50.0,5.95,13.0,0.05,0.05,0.0,0.42,0.1,0.02
2020-12-29,2020-12,52,3,mobile,(data deleted),(data deleted),(data deleted),returning_session,69,67,1176,365,154,39,0,24,6,1,18,7,2,1,7,1,22,1,57.0,3,2,1.45,26.09,38.89,28.57,50.0,5.56,100.0,50.0,31.88,57.0,0.85,0.83,0.01,2.23,0.57,0.35
2020-12-29,2020-12,52,3,desktop,shop.googlemerchandisestore.com,referral,(referral),returning_session,69,67,1637,518,187,45,0,60,12,3,14,7,6,3,5,3,29,3,430.0,17,8,4.35,20.29,50.0,85.71,50.0,21.43,71.43,50.0,42.03,143.33,6.42,6.23,0.04,2.71,0.65,0.87
2020-12-29,2020-12,52,3,mobile,google,organic,(organic),new_session,379,379,3579,1234,235,31,0,20,8,3,62,11,6,3,9,3,20,3,86.0,7,6,0.79,16.36,17.74,54.55,50.0,4.84,81.82,50.0,5.28,28.67,0.23,0.23,0.01,0.62,0.08,0.05
2020-12-29,2020-12,52,3,desktop,(direct),(none),(direct),returning_session,93,89,1554,464,187,86,0,33,11,3,25,13,5,3,11,2,33,3,282.0,45,6,3.23,26.88,52.0,38.46,60.0,12.0,84.62,40.0,35.48,94.0,3.17,3.03,0.03,2.01,0.92,0.35
2020-12-29,2020-12,52,3,desktop,<Other>,<Other>,<Other>,new_session,282,282,2937,1001,226,64,0,12,3,2,37,11,3,2,9,1,22,2,126.0,19,14,0.71,13.12,29.73,27.27,66.67,5.41,81.82,33.33,7.8,63.0,0.45,0.45,0.01,0.8,0.23,0.04
2020-12-29,2020-12,52,3,desktop,<Other>,<Other>,<Other>,returning_session,29,29,271,90,18,1,0,3,1,1,5,1,1,1,1,0,11,1,67.0,2,2,3.45,17.24,20.0,100.0,100.0,20.0,100.0,0.0,37.93,67.0,2.31,2.31,0.03,0.62,0.03,0.1
2020-12-29,2020-12,52,3,tablet,google,organic,(organic),new_session,26,26,304,97,26,5,0,9,4,1,8,2,1,1,1,0,1,1,16.0,2,2,3.85,30.77,25.0,50.0,100.0,12.5,50.0,0.0,3.85,16.0,0.62,0.62,0.04,1.0,0.19,0.35
2020-12-29,2020-12,52,3,mobile,<Other>,referral,(referral),new_session,98,98,789,278,41,16,0,3,1,1,11,1,1,1,0,0,9,1,68.0,3,3,1.02,11.22,9.09,100.0,100.0,9.09,0.0,0.0,9.18,68.0,0.69,0.69,0.01,0.42,0.16,0.03
2020-12-29,2020-12,52,3,desktop,google,organic,(organic),new_session,541,541,4474,1617,190,32,0,3,1,1,68,10,1,1,10,0,35,1,30.0,1,1,0.18,12.57,14.71,10.0,100.0,1.47,100.0,0.0,6.47,30.0,0.06,0.06,0.0,0.35,0.06,0.01
2020-11-01,2020-11,44,1,tablet,(direct),(none),(direct),returning_session,1,1,4,1,0,0,0,0,0,0,0,0,0,0,0,0,1,0,0.0,0,0,0.0,0.0,,,,,,,100.0,,0.0,0.0,0.0,0.0,0.0,0.0
2020-11-01,2020-11,44,1,tablet,<Other>,<Other>,<Other>,new_session,12,12,87,24,0,0,0,0,0,0,0,0,0,0,0,0,7,0,0.0,0,0,0.0,0.0,,,,,,,58.33,,0.0,0.0,0.0,0.0,0.0,0.0
2020-11-01,2020-11,44,1,tablet,shop.googlemerchandisestore.com,referral,(referral),returning_session,3,3,13,4,0,0,0,0,0,0,0,0,0,0,0,0,2,0,0.0,0,0,0.0,0.0,,,,,,,66.67,,0.0,0.0,0.0,0.0,0.0,0.0
2020-11-01,2020-11,44,1,tablet,google,cpc,<Other>,returning_session,1,1,2,1,0,0,0,0,0,0,0,0,0,0,0,0,1,0,0.0,0,0,0.0,0.0,,,,,,,100.0,,0.0,0.0,0.0,0.0,0.0,0.0
2020-11-01,2020-11,44,1,tablet,google,organic,(organic),returning_session,2,2,13,4,0,0,0,0,0,0,0,0,0,0,0,0,1,0,0.0,0,0,0.0,0.0,,,,,,,50.0,,0.0,0.0,0.0,0.0,0.0,0.0
2020-11-01,2020-11,44,1,tablet,<Other>,<Other>,<Other>,returning_session,1,1,3,1,0,0,0,0,0,0,0,0,0,0,0,0,1,0,0.0,0,0,0.0,0.0,,,,,,,100.0,,0.0,0.0,0.0,0.0,0.0,0.0
2020-11-01,2020-11,44,1,tablet,(data deleted),(data deleted),(data deleted),returning_session,2,2,18,6,1,0,0,0,0,0,1,0,0,0,0,0,1,0,0.0,0,0,0.0,50.0,0.0,,,0.0,,,50.0,,0.0,0.0,0.0,0.5,0.0,0.0
2020-11-01,2020-11,44,1,mobile,<Other>,organic,(organic),returning_session,3,3,25,9,1,0,0,0,0,0,1,0,0,0,0,0,1,0,0.0,0,0,0.0,33.33,0.0,,,0.0,,,33.33,,0.0,0.0,0.0,0.33,0.0,0.0
2020-11-01,2020-11,44,1,desktop,<Other>,organic,(organic),returning_session,6,6,25,9,1,0,0,0,0,0,1,0,0,0,0,0,3,0,0.0,0,0,0.0,16.67,0.0,,,0.0,,,50.0,,0.0,0.0,0.0,0.17,0.0,0.0
2020-11-01,2020-11,44,1,tablet,<Other>,referral,(referral),returning_session,2,2,51,16,6,0,0,0,0,0,1,0,0,0,0,0,0,0,0.0,0,0,0.0,50.0,0.0,,,0.0,,,0.0,,0.0,0.0,0.0,3.0,0.0,0.0
2020-11-01,2020-11,44,1,tablet,<Other>,referral,(referral),new_session,4,4,27,7,1,0,0,0,0,0,1,0,0,0,0,0,3,0,0.0,0,0,0.0,25.0,0.0,,,0.0,,,75.0,,0.0,0.0,0.0,0.25,0.0,0.0
2020-11-01,2020-11,44,1,tablet,<Other>,organic,(organic),returning_session,1,1,29,10,5,0,0,0,0,0,1,0,0,0,0,0,0,0,0.0,0,0,0.0,100.0,0.0,,,0.0,,,0.0,,0.0,0.0,0.0,5.0,0.0,0.0
2020-11-01,2020-11,44,1,tablet,(direct),(none),(direct),new_session,5,5,25,6,1,0,0,0,0,0,1,0,0,0,0,0,3,0,0.0,0,0,0.0,20.0,0.0,,,0.0,,,60.0,,0.0,0.0,0.0,0.2,0.0,0.0
2020-11-01,2020-11,44,1,mobile,google,cpc,<Other>,returning_session,4,4,21,5,2,0,0,0,0,0,1,0,0,0,0,0,3,0,0.0,0,0,0.0,25.0,0.0,,,0.0,,,75.0,,0.0,0.0,0.0,0.5,0.0,0.0
2020-11-01,2020-11,44,1,tablet,shop.googlemerchandisestore.com,referral,(referral),new_session,3,3,103,37,8,0,0,0,0,0,1,0,0,0,0,0,2,0,0.0,0,0,0.0,33.33,0.0,,,0.0,,,66.67,,0.0,0.0,0.0,2.67,0.0,0.0
2020-11-01,2020-11,44,1,tablet,google,organic,(organic),new_session,8,8,78,23,4,0,0,0,0,0,3,0,0,0,0,0,4,0,0.0,0,0,0.0,37.5,0.0,,,0.0,,,50.0,,0.0,0.0,0.0,0.5,0.0,0.0
2020-11-01,2020-11,44,1,mobile,google,organic,(organic),returning_session,55,53,326,90,30,0,0,0,0,0,9,0,0,0,0,0,40,0,0.0,0,0,0.0,16.36,0.0,,,0.0,,,72.73,,0.0,0.0,0.0,0.55,0.0,0.0
2020-11-01,2020-11,44,1,desktop,<Other>,(data deleted),(data deleted),returning_session,1,1,33,8,10,0,0,0,0,0,1,0,0,0,0,0,0,0,0.0,0,0,0.0,100.0,0.0,,,0.0,,,0.0,,0.0,0.0,0.0,10.0,0.0,0.0
2020-11-01,2020-11,44,1,mobile,<Other>,(data deleted),(data deleted),returning_session,2,2,40,12,4,0,0,0,0,0,1,0,0,0,0,0,0,0,0.0,0,0,0.0,50.0,0.0,,,0.0,,,0.0,,0.0,0.0,0.0,2.0,0.0,0.0
2020-11-01,2020-11,44,1,desktop,<Other>,<Other>,<Other>,returning_session,19,19,114,35,13,0,0,0,0,0,2,0,0,0,0,0,14,0,0.0,0,0,0.0,10.53,0.0,,,0.0,,,73.68,,0.0,0.0,0.0,0.68,0.0,0.0
2020-11-01,2020-11,44,1,tablet,<Other>,organic,(organic),new_session,4,4,41,11,2,0,0,0,0,0,2,0,0,0,0,0,1,0,0.0,0,0,0.0,50.0,0.0,,,0.0,,,25.0,,0.0,0.0,0.0,0.5,0.0,0.0
2020-11-01,2020-11,44,1,desktop,(data deleted),(data deleted),<Other>,returning_session,1,1,69,21,15,0,0,0,0,0,1,0,0,0,0,0,0,0,0.0,0,0,0.0,100.0,0.0,,,0.0,,,0.0,,0.0,0.0,0.0,15.0,0.0,0.0
2020-11-01,2020-11,44,1,tablet,google,cpc,<Other>,new_session,1,1,10,3,1,0,0,0,0,0,1,0,0,0,0,0,0,0,0.0,0,0,0.0,100.0,0.0,,,0.0,,,0.0,,0.0,0.0,0.0,1.0,0.0,0.0
2020-11-01,2020-11,44,1,desktop,google,cpc,<Other>,returning_session,6,6,101,30,11,0,0,1,2,0,2,0,1,0,0,1,4,0,0.0,0,0,0.0,33.33,0.0,,0.0,0.0,,100.0,66.67,,0.0,0.0,0.0,1.83,0.0,0.17
2020-11-01,2020-11,44,1,desktop,google,cpc,<Other>,new_session,62,62,689,224,69,0,0,1,0,0,10,0,1,0,0,1,35,0,0.0,0,0,0.0,16.13,0.0,,0.0,0.0,,100.0,56.45,,0.0,0.0,0.0,1.11,0.0,0.02
2020-11-01,2020-11,44,1,desktop,<Other>,<Other>,<Other>,new_session,182,182,2286,719,248,0,0,5,2,0,27,0,5,0,0,5,115,0,0.0,0,0,0.0,14.84,0.0,,0.0,0.0,,100.0,63.19,,0.0,0.0,0.0,1.36,0.0,0.03
2020-11-01,2020-11,44,1,mobile,<Other>,referral,(referral),returning_session,25,25,109,29,6,0,0,1,0,0,3,0,1,0,0,1,22,0,0.0,0,0,0.0,12.0,0.0,,0.0,0.0,,100.0,88.0,,0.0,0.0,0.0,0.24,0.0,0.04
2020-11-01,2020-11,44,1,desktop,<Other>,organic,(organic),new_session,44,44,617,202,78,0,0,2,0,0,12,0,2,0,0,2,21,0,0.0,0,0,0.0,27.27,0.0,,0.0,0.0,,100.0,47.73,,0.0,0.0,0.0,1.77,0.0,0.05
2020-11-01,2020-11,44,1,mobile,(data deleted),(data deleted),(data deleted),returning_session,52,51,474,135,54,0,0,5,0,0,11,0,1,0,0,1,36,0,0.0,0,0,0.0,21.15,0.0,,0.0,0.0,,100.0,69.23,,0.0,0.0,0.0,1.04,0.0,0.1
2020-11-01,2020-11,44,1,desktop,google,organic,(organic),new_session,401,401,4270,1288,431,0,0,11,0,0,79,0,11,0,0,11,240,0,0.0,0,0,0.0,19.7,0.0,,0.0,0.0,,100.0,59.85,,0.0,0.0,0.0,1.07,0.0,0.03
2020-11-01,2020-11,44,1,mobile,shop.googlemerchandisestore.com,referral,(referral),new_session,37,37,327,105,10,0,0,2,0,0,7,0,2,0,0,2,20,0,0.0,0,0,0.0,18.92,0.0,,0.0,0.0,,100.0,54.05,,0.0,0.0,0.0,0.27,0.0,0.05
2020-11-01,2020-11,44,1,desktop,(data deleted),(data deleted),(data deleted),new_session,5,5,45,17,4,0,0,1,0,0,2,0,1,0,0,1,2,0,0.0,0,0,0.0,40.0,0.0,,0.0,0.0,,100.0,40.0,,0.0,0.0,0.0,0.8,0.0,0.2
2020-11-01,2020-11,44,1,mobile,<Other>,<Other>,<Other>,returning_session,15,15,141,42,11,0,0,1,0,0,5,0,1,0,0,1,5,0,0.0,0,0,0.0,33.33,0.0,,0.0,0.0,,100.0,33.33,,0.0,0.0,0.0,0.73,0.0,0.07
2020-11-01,2020-11,44,1,desktop,shop.googlemerchandisestore.com,referral,(referral),new_session,64,64,1373,452,199,0,0,6,0,0,22,0,4,0,0,4,31,0,0.0,0,0,0.0,34.38,0.0,,0.0,0.0,,100.0,48.44,,0.0,0.0,0.0,3.11,0.0,0.09
2020-11-01,2020-11,44,1,desktop,<Other>,referral,(referral),returning_session,38,38,298,97,10,0,0,1,0,0,8,0,1,0,0,1,25,0,0.0,0,0,0.0,21.05,0.0,,0.0,0.0,,100.0,65.79,,0.0,0.0,0.0,0.26,0.0,0.03
2020-11-01,2020-11,44,1,mobile,<Other>,organic,(organic),new_session,31,31,508,172,66,0,0,1,0,0,5,0,1,0,0,1,21,0,0.0,0,0,0.0,16.13,0.0,,0.0,0.0,,100.0,67.74,,0.0,0.0,0.0,2.13,0.0,0.03
2020-11-01,2020-11,44,1,mobile,google,organic,(organic),new_session,268,268,3175,997,374,0,0,8,0,0,62,0,8,0,0,8,153,0,0.0,0,0,0.0,23.13,0.0,,0.0,0.0,,100.0,57.09,,0.0,0.0,0.0,1.4,0.0,0.03
2020-11-01,2020-11,44,1,mobile,<Other>,referral,(referral),new_session,65,65,677,194,61,0,0,1,0,0,10,0,1,0,0,1,43,0,0.0,0,0,0.0,15.38,0.0,,0.0,0.0,,100.0,66.15,,0.0,0.0,0.0,0.94,0.0,0.02
2020-11-01,2020-11,44,1,mobile,google,cpc,<Other>,new_session,34,34,558,189,75,0,0,2,0,0,7,0,2,0,0,2,20,0,0.0,0,0,0.0,20.59,0.0,,0.0,0.0,,100.0,58.82,,0.0,0.0,0.0,2.21,0.0,0.06
2020-11-01,2020-11,44,1,desktop,(direct),(none),(direct),new_session,272,272,3502,1102,387,0,0,8,2,1,58,0,8,1,0,7,157,0,87.0,4,4,0.37,21.32,0.0,,12.5,1.72,,87.5,57.72,,0.32,0.32,0.0,1.42,0.0,0.03
2020-11-01,2020-11,44,1,mobile,<Other>,<Other>,<Other>,new_session,142,142,2238,728,287,0,0,13,4,1,31,0,7,1,0,6,89,0,34.0,2,2,0.7,21.83,0.0,,14.29,3.23,,85.71,62.68,,0.24,0.24,0.0,2.02,0.0,0.09
2020-11-01,2020-11,44,1,desktop,(data deleted),(data deleted),(data deleted),returning_session,69,67,827,255,109,0,0,7,9,1,13,0,4,1,0,3,46,0,60.0,3,2,1.45,18.84,0.0,,25.0,7.69,,75.0,66.67,,0.9,0.87,0.0,1.58,0.0,0.1
2020-11-01,2020-11,44,1,desktop,(direct),(none),(direct),returning_session,75,71,619,207,48,0,0,5,2,1,11,0,4,1,0,3,54,0,72.0,3,2,1.33,14.67,0.0,,25.0,9.09,,75.0,72.0,,1.01,0.96,0.0,0.64,0.0,0.07
2020-11-01,2020-11,44,1,desktop,shop.googlemerchandisestore.com,referral,(referral),returning_session,62,59,1323,400,183,0,0,14,18,2,13,0,8,2,0,6,34,0,179.0,4,4,3.23,20.97,0.0,,25.0,15.38,,75.0,54.84,,3.03,2.89,0.0,2.95,0.0,0.23
2020-11-01,2020-11,44,1,mobile,(direct),(none),(direct),new_session,202,202,2538,805,243,0,0,10,8,3,42,0,8,2,0,6,115,0,160.0,11,6,0.99,20.79,0.0,,25.0,4.76,,75.0,56.93,,0.79,0.79,0.0,1.2,0.0,0.05
2020-11-01,2020-11,44,1,mobile,(direct),(none),(direct),returning_session,63,57,909,287,129,0,0,3,5,1,20,0,3,1,0,2,34,0,13.0,1,1,1.59,31.75,0.0,,33.33,5.0,,66.67,53.97,,0.23,0.21,0.0,2.05,0.0,0.05
2020-11-01,2020-11,44,1,desktop,<Other>,referral,(referral),new_session,126,126,1224,364,64,0,0,8,8,2,24,0,5,2,0,3,69,0,73.0,6,5,1.59,19.05,0.0,,40.0,8.33,,60.0,54.76,,0.58,0.58,0.0,0.51,0.0,0.06
2020-11-01,2020-11,44,1,desktop,google,organic,(organic),returning_session,95,91,819,253,63,0,0,6,11,2,17,0,3,2,0,1,55,0,95.0,7,7,2.11,17.89,0.0,,66.67,11.76,,33.33,57.89,,1.04,1.0,0.0,0.66,0.0,0.06
2020-11-01,2020-11,44,1,mobile,shop.googlemerchandisestore.com,referral,(referral),returning_session,49,48,487,138,55,4,0,4,2,0,7,1,2,0,1,2,33,0,0.0,0,0,0.0,14.29,14.29,200.0,0.0,0.0,100.0,100.0,67.35,,0.0,0.0,0.0,1.12,0.08,0.08
2020-12-25,2020-12,51,6,desktop,(data deleted),(data deleted),<Other>,new_session,1,1,4,2,0,0,0,0,0,0,0,0,0,0,0,0,0,0,0.0,0,0,0.0,0.0,,,,,,,0.0,,0.0,0.0,0.0,0.0,0.0,0.0
2020-12-25,2020-12,51,6,tablet,<Other>,<Other>,<Other>,returning_session,1,1,14,4,0,0,0,0,0,0,0,0,0,0,0,0,0,0,0.0,0,0,0.0,0.0,,,,,,,0.0,,0.0,0.0,0.0,0.0,0.0,0.0
2020-12-25,2020-12,51,6,tablet,shop.googlemerchandisestore.com,referral,(referral),new_session,2,2,8,2,0,0,0,0,0,0,0,0,0,0,0,0,2,0,0.0,0,0,0.0,0.0,,,,,,,100.0,,0.0,0.0,0.0,0.0,0.0,0.0
2020-12-25,2020-12,51,6,tablet,google,cpc,<Other>,new_session,1,1,5,1,0,0,0,0,0,0,0,0,0,0,0,0,1,0,0.0,0,0,0.0,0.0,,,,,,,100.0,,0.0,0.0,0.0,0.0,0.0,0.0
2020-12-25,2020-12,51,6,desktop,<Other>,(data deleted),(data deleted),returning_session,1,1,4,1,0,0,0,0,0,0,0,0,0,0,0,0,1,0,0.0,0,0,0.0,0.0,,,,,,,100.0,,0.0,0.0,0.0,0.0,0.0,0.0
2020-12-25,2020-12,51,6,tablet,<Other>,organic,(organic),new_session,1,1,5,1,0,0,0,0,0,0,0,0,0,0,0,0,1,0,0.0,0,0,0.0,0.0,,,,,,,100.0,,0.0,0.0,0.0,0.0,0.0,0.0
2020-12-25,2020-12,51,6,mobile,(data deleted),(data deleted),(data deleted),new_session,1,1,3,1,0,0,0,0,0,0,0,0,0,0,0,0,1,0,0.0,0,0,0.0,0.0,,,,,,,100.0,,0.0,0.0,0.0,0.0,0.0,0.0
2020-12-25,2020-12,51,6,desktop,<Other>,<Other>,<Other>,returning_session,5,5,13,5,0,0,0,0,0,0,0,0,0,0,0,0,4,0,0.0,0,0,0.0,0.0,,,,,,,80.0,,0.0,0.0,0.0,0.0,0.0,0.0
2020-12-25,2020-12,51,6,tablet,(data deleted),(data deleted),(data deleted),returning_session,3,3,10,2,0,0,0,0,0,0,0,0,0,0,0,0,2,0,0.0,0,0,0.0,0.0,,,,,,,66.67,,0.0,0.0,0.0,0.0,0.0,0.0
2020-12-25,2020-12,51,6,tablet,google,organic,(organic),new_session,16,16,119,38,2,0,0,0,0,0,2,0,0,0,0,0,9,0,0.0,0,0,0.0,12.5,0.0,,,0.0,,,56.25,,0.0,0.0,0.0,0.13,0.0,0.0
2020-12-25,2020-12,51,6,tablet,shop.googlemerchandisestore.com,referral,(referral),returning_session,2,2,41,14,2,0,0,0,0,0,1,0,0,0,0,0,0,0,0.0,0,0,0.0,50.0,0.0,,,0.0,,,0.0,,0.0,0.0,0.0,1.0,0.0,0.0
2020-12-25,2020-12,51,6,mobile,<Other>,referral,(referral),new_session,66,66,341,92,16,5,0,0,0,0,6,2,0,0,2,0,54,0,0.0,0,0,0.0,9.09,33.33,0.0,,0.0,100.0,,81.82,,0.0,0.0,0.0,0.24,0.08,0.0
2020-12-25,2020-12,51,6,tablet,google,organic,(organic),returning_session,2,2,23,6,3,2,0,0,0,0,1,1,0,0,1,0,1,0,0.0,0,0,0.0,50.0,100.0,0.0,,0.0,100.0,,50.0,,0.0,0.0,0.0,1.5,1.0,0.0
2020-12-25,2020-12,51,6,desktop,(data deleted),(data deleted),(data deleted),new_session,2,2,53,18,4,3,0,0,0,0,1,1,0,0,1,0,0,0,0.0,0,0,0.0,50.0,100.0,0.0,,0.0,100.0,,0.0,,0.0,0.0,0.0,2.0,1.5,0.0
2020-12-25,2020-12,51,6,mobile,<Other>,organic,(organic),new_session,28,28,193,57,2,0,0,0,0,0,1,0,0,0,0,0,20,0,0.0,0,0,0.0,3.57,0.0,,,0.0,,,71.43,,0.0,0.0,0.0,0.07,0.0,0.0
2020-12-25,2020-12,51,6,mobile,google,cpc,<Other>,new_session,54,54,294,82,7,0,0,0,0,0,3,0,0,0,0,0,40,0,0.0,0,0,0.0,5.56,0.0,,,0.0,,,74.07,,0.0,0.0,0.0,0.13,0.0,0.0
2020-12-25,2020-12,51,6,desktop,<Other>,organic,(organic),returning_session,3,3,30,10,4,0,0,0,0,0,1,0,0,0,0,0,2,0,0.0,0,0,0.0,33.33,0.0,,,0.0,,,66.67,,0.0,0.0,0.0,1.33,0.0,0.0
2020-12-25,2020-12,51,6,desktop,shop.googlemerchandisestore.com,referral,(referral),new_session,66,66,354,92,22,0,0,0,0,0,9,0,0,0,0,0,54,0,0.0,0,0,0.0,13.64,0.0,,,0.0,,,81.82,,0.0,0.0,0.0,0.33,0.0,0.0
2020-12-25,2020-12,51,6,desktop,google,cpc,<Other>,returning_session,4,4,24,8,1,0,0,0,0,0,1,0,0,0,0,0,2,0,0.0,0,0,0.0,25.0,0.0,,,0.0,,,50.0,,0.0,0.0,0.0,0.25,0.0,0.0
2020-12-25,2020-12,51,6,mobile,<Other>,organic,(organic),returning_session,3,3,61,22,12,0,0,0,0,0,3,0,0,0,0,0,0,0,0.0,0,0,0.0,100.0,0.0,,,0.0,,,0.0,,0.0,0.0,0.0,4.0,0.0,0.0
2020-12-25,2020-12,51,6,mobile,<Other>,<Other>,<Other>,returning_session,13,12,233,77,41,3,0,0,0,0,6,2,0,0,2,0,6,0,0.0,0,0,0.0,46.15,33.33,0.0,,0.0,100.0,,46.15,,0.0,0.0,0.0,3.15,0.23,0.0
2020-12-25,2020-12,51,6,tablet,(direct),(none),(direct),new_session,16,16,89,25,3,0,0,0,0,0,3,0,0,0,0,0,11,0,0.0,0,0,0.0,18.75,0.0,,,0.0,,,68.75,,0.0,0.0,0.0,0.19,0.0,0.0
2020-12-25,2020-12,51,6,desktop,(data deleted),(data deleted),<Other>,returning_session,1,1,34,9,4,4,0,0,0,0,1,1,0,0,1,0,0,0,0.0,0,0,0.0,100.0,100.0,0.0,,0.0,100.0,,0.0,,0.0,0.0,0.0,4.0,4.0,0.0
2020-12-25,2020-12,51,6,tablet,<Other>,referral,(referral),new_session,4,4,24,5,2,1,0,0,0,0,1,1,0,0,1,0,3,0,0.0,0,0,0.0,25.0,100.0,0.0,,0.0,100.0,,75.0,,0.0,0.0,0.0,0.5,0.25,0.0
2020-12-25,2020-12,51,6,desktop,google,cpc,<Other>,new_session,83,83,475,130,20,1,0,0,0,0,11,1,0,0,1,0,60,0,0.0,0,0,0.0,13.25,9.09,0.0,,0.0,100.0,,72.29,,0.0,0.0,0.0,0.24,0.01,0.0
2020-12-25,2020-12,51,6,desktop,(direct),(none),(direct),new_session,282,282,1684,460,77,11,0,3,2,0,34,5,1,0,5,1,210,0,0.0,0,0,0.0,12.06,14.71,20.0,0.0,0.0,100.0,100.0,74.47,,0.0,0.0,0.0,0.27,0.04,0.01
2020-12-25,2020-12,51,6,desktop,<Other>,<Other>,<Other>,new_session,232,232,1653,457,108,16,0,3,0,0,28,6,1,0,6,1,177,0,0.0,0,0,0.0,12.07,21.43,16.67,0.0,0.0,100.0,100.0,76.29,,0.0,0.0,0.0,0.47,0.07,0.01
2020-12-25,2020-12,51,6,mobile,<Other>,<Other>,<Other>,new_session,149,149,1163,331,61,8,0,9,1,0,19,4,2,0,4,2,104,0,0.0,0,0,0.0,12.75,21.05,50.0,0.0,0.0,100.0,100.0,69.8,,0.0,0.0,0.0,0.41,0.05,0.06
2020-12-25,2020-12,51,6,tablet,<Other>,<Other>,<Other>,new_session,10,10,98,27,7,0,0,3,0,0,3,0,1,0,0,1,4,0,0.0,0,0,0.0,30.0,0.0,,0.0,0.0,,100.0,40.0,,0.0,0.0,0.0,0.7,0.0,0.3
2020-12-25,2020-12,51,6,desktop,shop.googlemerchandisestore.com,referral,(referral),returning_session,46,45,380,102,43,20,0,3,0,0,5,1,1,0,1,1,34,0,0.0,0,0,0.0,10.87,20.0,100.0,0.0,0.0,100.0,100.0,73.91,,0.0,0.0,0.0,0.93,0.43,0.07
2020-12-25,2020-12,51,6,desktop,<Other>,referral,(referral),new_session,151,151,1207,314,94,70,0,9,0,0,17,7,2,0,7,2,112,0,0.0,0,0,0.0,11.26,41.18,28.57,0.0,0.0,100.0,100.0,74.17,,0.0,0.0,0.0,0.62,0.46,0.06
2020-12-25,2020-12,51,6,mobile,google,organic,(organic),new_session,314,314,2109,588,91,13,0,9,1,0,38,2,1,0,2,1,223,0,0.0,0,0,0.0,12.1,5.26,50.0,0.0,0.0,100.0,100.0,71.02,,0.0,0.0,0.0,0.29,0.04,0.03
2020-12-25,2020-12,51,6,desktop,google,organic,(organic),new_session,463,463,3326,931,192,16,0,24,8,2,61,7,5,2,6,3,341,2,64.0,2,2,0.43,13.17,11.48,71.43,40.0,3.28,85.71,60.0,73.65,32.0,0.14,0.14,0.0,0.41,0.03,0.05
2020-12-25,2020-12,51,6,mobile,(direct),(none),(direct),new_session,200,200,1332,353,74,27,0,7,2,2,24,3,2,2,1,0,145,2,11.0,1,2,1.0,12.0,12.5,66.67,100.0,8.33,33.33,0.0,72.5,5.5,0.06,0.06,0.01,0.37,0.14,0.04
2020-12-25,2020-12,51,6,desktop,(data deleted),(data deleted),(data deleted),returning_session,52,52,743,216,77,19,0,21,4,1,10,5,4,1,4,3,32,1,22.0,3,3,1.92,19.23,50.0,80.0,25.0,10.0,80.0,75.0,61.54,22.0,0.42,0.42,0.02,1.48,0.37,0.4
2020-12-25,2020-12,51,6,desktop,google,organic,(organic),returning_session,43,41,369,108,40,11,0,6,1,1,10,4,1,1,3,0,26,1,44.0,1,1,2.33,23.26,40.0,25.0,100.0,10.0,75.0,0.0,60.47,44.0,1.07,1.02,0.02,0.93,0.26,0.14
2020-12-25,2020-12,51,6,desktop,(direct),(none),(direct),returning_session,56,54,523,153,52,31,0,15,3,1,9,2,3,1,1,2,35,1,48.0,2,2,1.79,16.07,22.22,150.0,33.33,11.11,50.0,66.67,62.5,48.0,0.89,0.86,0.02,0.93,0.55,0.27
2020-12-25,2020-12,51,6,mobile,shop.googlemerchandisestore.com,referral,(referral),returning_session,28,28,656,202,79,25,0,6,1,1,9,4,1,1,4,0,17,1,45.0,1,1,3.57,32.14,44.44,25.0,100.0,11.11,100.0,0.0,60.71,45.0,1.61,1.61,0.04,2.82,0.89,0.21
2020-12-25,2020-12,51,6,mobile,(direct),(none),(direct),returning_session,37,33,365,110,39,6,0,3,1,1,8,2,1,1,2,0,26,1,58.0,2,2,2.7,21.62,25.0,50.0,100.0,12.5,100.0,0.0,70.27,58.0,1.76,1.57,0.03,1.05,0.16,0.08
2020-12-25,2020-12,51,6,mobile,(data deleted),(data deleted),(data deleted),returning_session,38,37,1140,317,141,78,0,39,16,2,12,9,4,2,7,2,17,2,54.0,4,4,5.26,31.58,75.0,44.44,50.0,16.67,77.78,50.0,44.74,27.0,1.46,1.42,0.05,3.71,2.05,1.03
2020-12-25,2020-12,51,6,desktop,<Other>,organic,(organic),new_session,36,36,355,99,33,4,0,6,1,1,6,2,1,1,1,0,23,1,91.0,8,3,2.78,16.67,33.33,50.0,100.0,16.67,50.0,0.0,63.89,91.0,2.53,2.53,0.03,0.92,0.11,0.17
2020-12-25,2020-12,51,6,mobile,<Other>,referral,(referral),returning_session,23,22,335,77,55,37,0,9,1,1,5,3,1,1,2,0,17,1,26.0,1,1,4.35,21.74,60.0,33.33,100.0,20.0,66.67,0.0,73.91,26.0,1.18,1.13,0.05,2.39,1.61,0.39
2020-12-25,2020-12,51,6,desktop,<Other>,referral,(referral),returning_session,23,23,204,59,17,5,0,9,1,1,4,2,1,1,1,0,14,1,19.0,1,1,4.35,17.39,50.0,50.0,100.0,25.0,50.0,0.0,60.87,19.0,0.83,0.83,0.04,0.74,0.22,0.39
2020-12-25,2020-12,51,6,mobile,google,organic,(organic),returning_session,35,34,728,204,178,29,0,3,1,1,4,2,1,1,1,0,27,1,14.0,1,1,2.86,11.43,50.0,50.0,100.0,25.0,50.0,0.0,77.14,14.0,0.41,0.4,0.03,5.09,0.83,0.09
2020-12-25,2020-12,51,6,mobile,shop.googlemerchandisestore.com,referral,(referral),new_session,46,46,450,121,30,12,0,12,2,1,3,1,1,1,0,0,35,1,30.0,9,5,2.17,6.52,33.33,100.0,100.0,33.33,0.0,0.0,76.09,30.0,0.65,0.65,0.02,0.65,0.26,0.26
2020-12-25,2020-12,51,6,mobile,google,cpc,<Other>,returning_session,2,2,66,17,6,5,0,3,1,1,1,1,1,1,0,0,0,1,26.0,4,4,50.0,50.0,100.0,100.0,100.0,100.0,0.0,0.0,0.0,26.0,13.0,13.0,0.5,3.0,2.5,1.5
2021-01-01,2021-01,0,6,tablet,shop.googlemerchandisestore.com,referral,(referral),new_session,4,4,29,11,0,0,0,0,0,0,0,0,0,0,0,0,2,0,0.0,0,0,0.0,0.0,,,,,,,50.0,,0.0,0.0,0.0,0.0,0.0,0.0
2021-01-01,2021-01,0,6,tablet,shop.googlemerchandisestore.com,referral,(referral),returning_session,1,1,4,2,0,0,0,0,0,0,0,0,0,0,0,0,0,0,0.0,0,0,0.0,0.0,,,,,,,0.0,,0.0,0.0,0.0,0.0,0.0,0.0
2021-01-01,2021-01,0,6,mobile,<Other>,organic,(organic),returning_session,3,3,17,8,0,0,0,0,0,0,0,0,0,0,0,0,0,0,0.0,0,0,0.0,0.0,,,,,,,0.0,,0.0,0.0,0.0,0.0,0.0,0.0
2021-01-01,2021-01,0,6,mobile,google,cpc,<Other>,returning_session,4,4,16,9,0,0,0,0,0,0,0,0,0,0,0,0,0,0,0.0,0,0,0.0,0.0,,,,,,,0.0,,0.0,0.0,0.0,0.0,0.0,0.0
2021-01-01,2021-01,0,6,desktop,google,cpc,<Other>,returning_session,2,2,10,4,0,0,0,0,0,0,0,0,0,0,0,0,0,0,0.0,0,0,0.0,0.0,,,,,,,0.0,,0.0,0.0,0.0,0.0,0.0,0.0
2021-01-01,2021-01,0,6,tablet,(direct),(none),(direct),returning_session,1,1,2,1,0,0,0,0,0,0,0,0,0,0,0,0,1,0,0.0,0,0,0.0,0.0,,,,,,,100.0,,0.0,0.0,0.0,0.0,0.0,0.0
2021-01-01,2021-01,0,6,desktop,(data deleted),(data deleted),<Other>,returning_session,3,3,13,6,0,0,0,0,0,0,0,0,0,0,0,0,0,0,0.0,0,0,0.0,0.0,,,,,,,0.0,,0.0,0.0,0.0,0.0,0.0,0.0
2021-01-01,2021-01,0,6,tablet,<Other>,<Other>,<Other>,returning_session,1,1,2,0,0,0,0,0,0,0,0,0,0,0,0,0,1,0,0.0,0,0,0.0,0.0,,,,,,,100.0,,0.0,0.0,0.0,0.0,0.0,0.0
2021-01-01,2021-01,0,6,tablet,<Other>,organic,(organic),new_session,2,2,10,4,0,0,0,0,0,0,0,0,0,0,0,0,0,0,0.0,0,0,0.0,0.0,,,,,,,0.0,,0.0,0.0,0.0,0.0,0.0,0.0
2021-01-01,2021-01,0,6,mobile,google,cpc,<Other>,new_session,34,34,163,63,1,0,0,0,0,0,1,0,0,0,0,0,7,0,0.0,0,0,0.0,2.94,0.0,,,0.0,,,20.59,,0.0,0.0,0.0,0.03,0.0,0.0
2021-01-01,2021-01,0,6,tablet,google,organic,(organic),new_session,7,7,39,15,1,0,0,0,0,0,1,0,0,0,0,0,1,0,0.0,0,0,0.0,14.29,0.0,,,0.0,,,14.29,,0.0,0.0,0.0,0.14,0.0,0.0
2021-01-01,2021-01,0,6,mobile,<Other>,organic,(organic),new_session,18,18,125,46,2,0,0,0,0,0,2,0,0,0,0,0,0,0,0.0,0,0,0.0,11.11,0.0,,,0.0,,,0.0,,0.0,0.0,0.0,0.11,0.0,0.0
2021-01-01,2021-01,0,6,desktop,shop.googlemerchandisestore.com,referral,(referral),new_session,44,44,369,133,20,0,0,0,0,0,6,0,0,0,0,0,3,0,0.0,0,0,0.0,13.64,0.0,,,0.0,,,6.82,,0.0,0.0,0.0,0.45,0.0,0.0
2021-01-01,2021-01,0,6,desktop,<Other>,organic,(organic),new_session,33,33,244,89,6,0,0,0,0,0,4,0,0,0,0,0,0,0,0.0,0,0,0.0,12.12,0.0,,,0.0,,,0.0,,0.0,0.0,0.0,0.18,0.0,0.0
2021-01-01,2021-01,0,6,tablet,(direct),(none),(direct),new_session,12,12,90,35,6,0,0,0,0,0,2,0,0,0,0,0,2,0,0.0,0,0,0.0,16.67,0.0,,,0.0,,,16.67,,0.0,0.0,0.0,0.5,0.0,0.0
2021-01-01,2021-01,0,6,tablet,<Other>,referral,(referral),new_session,9,9,55,22,2,0,0,0,0,0,2,0,0,0,0,0,0,0,0.0,0,0,0.0,22.22,0.0,,,0.0,,,0.0,,0.0,0.0,0.0,0.22,0.0,0.0
2021-01-01,2021-01,0,6,desktop,<Other>,<Other>,<Other>,returning_session,8,8,41,16,1,0,0,0,0,0,1,0,0,0,0,0,3,0,0.0,0,0,0.0,12.5,0.0,,,0.0,,,37.5,,0.0,0.0,0.0,0.13,0.0,0.0
2021-01-01,2021-01,0,6,mobile,<Other>,(data deleted),(data deleted),returning_session,1,1,37,12,2,0,0,0,0,0,1,0,0,0,0,0,0,0,0.0,0,0,0.0,100.0,0.0,,,0.0,,,0.0,,0.0,0.0,0.0,2.0,0.0,0.0
2021-01-01,2021-01,0,6,desktop,<Other>,(data deleted),(data deleted),returning_session,1,1,13,4,2,0,0,0,0,0,1,0,0,0,0,0,0,0,0.0,0,0,0.0,100.0,0.0,,,0.0,,,0.0,,0.0,0.0,0.0,2.0,0.0,0.0
2021-01-01,2021-01,0,6,tablet,<Other>,<Other>,<Other>,new_session,12,12,89,36,3,0,0,0,0,0,2,0,0,0,0,0,0,0,0.0,0,0,0.0,16.67,0.0,,,0.0,,,0.0,,0.0,0.0,0.0,0.25,0.0,0.0
2021-01-01,2021-01,0,6,mobile,shop.googlemerchandisestore.com,referral,(referral),new_session,38,38,285,105,11,0,0,0,0,0,7,0,0,0,0,0,4,0,0.0,0,0,0.0,18.42,0.0,,,0.0,,,10.53,,0.0,0.0,0.0,0.29,0.0,0.0
2021-01-01,2021-01,0,6,desktop,<Other>,referral,(referral),returning_session,26,26,261,87,32,1,0,0,0,0,8,1,0,0,1,0,12,0,0.0,0,0,0.0,30.77,12.5,0.0,,0.0,100.0,,46.15,,0.0,0.0,0.0,1.23,0.04,0.0
2021-01-01,2021-01,0,6,desktop,<Other>,organic,(organic),returning_session,8,8,136,49,20,1,0,0,0,0,2,1,0,0,1,0,0,0,0.0,0,0,0.0,25.0,50.0,0.0,,0.0,100.0,,0.0,,0.0,0.0,0.0,2.5,0.13,0.0
2021-01-01,2021-01,0,6,mobile,google,organic,(organic),returning_session,32,31,246,91,17,1,0,0,0,0,5,1,0,0,1,0,9,0,0.0,0,0,0.0,15.63,20.0,0.0,,0.0,100.0,,28.13,,0.0,0.0,0.0,0.53,0.03,0.0
2021-01-01,2021-01,0,6,desktop,shop.googlemerchandisestore.com,referral,(referral),returning_session,33,33,510,167,94,2,0,0,0,0,6,2,0,0,2,0,7,0,0.0,0,0,0.0,18.18,33.33,0.0,,0.0,100.0,,21.21,,0.0,0.0,0.0,2.85,0.06,0.0
2021-01-01,2021-01,0,6,desktop,google,cpc,<Other>,new_session,62,62,513,187,15,2,0,0,0,0,6,1,0,0,1,0,3,0,0.0,0,0,0.0,9.68,16.67,0.0,,0.0,100.0,,4.84,,0.0,0.0,0.0,0.24,0.03,0.0
2021-01-01,2021-01,0,6,mobile,<Other>,<Other>,<Other>,returning_session,9,9,118,39,17,2,0,0,0,0,2,1,0,0,1,0,1,0,0.0,0,0,0.0,22.22,50.0,0.0,,0.0,100.0,,11.11,,0.0,0.0,0.0,1.89,0.22,0.0
2021-01-01,2021-01,0,6,mobile,shop.googlemerchandisestore.com,referral,(referral),returning_session,18,18,122,39,9,2,0,0,0,0,3,1,0,0,1,0,7,0,0.0,0,0,0.0,16.67,33.33,0.0,,0.0,100.0,,38.89,,0.0,0.0,0.0,0.5,0.11,0.0
2021-01-01,2021-01,0,6,desktop,<Other>,referral,(referral),new_session,99,99,653,249,17,2,0,0,0,0,11,1,0,0,1,0,3,0,0.0,0,0,0.0,11.11,9.09,0.0,,0.0,100.0,,3.03,,0.0,0.0,0.0,0.17,0.02,0.0
2021-01-01,2021-01,0,6,mobile,<Other>,referral,(referral),returning_session,9,9,168,56,27,4,0,0,0,0,4,2,0,0,2,0,1,0,0.0,0,0,0.0,44.44,50.0,0.0,,0.0,100.0,,11.11,,0.0,0.0,0.0,3.0,0.44,0.0
2021-01-01,2021-01,0,6,mobile,<Other>,referral,(referral),new_session,70,70,575,211,28,4,0,3,1,1,7,2,1,1,1,0,6,1,19.0,3,3,1.43,10.0,28.57,50.0,100.0,14.29,50.0,0.0,8.57,19.0,0.27,0.27,0.01,0.4,0.06,0.04
2021-01-01,2021-01,0,6,desktop,(data deleted),(data deleted),(data deleted),returning_session,49,47,565,191,79,5,0,12,4,3,9,1,1,1,1,0,14,2,72.0,3,3,2.04,18.37,11.11,100.0,100.0,11.11,100.0,0.0,28.57,36.0,1.53,1.47,0.04,1.61,0.1,0.24
2021-01-01,2021-01,0,6,desktop,<Other>,<Other>,<Other>,new_session,206,206,1593,577,60,6,0,9,1,0,22,3,3,0,3,3,17,0,0.0,0,0,0.0,10.68,13.64,100.0,0.0,0.0,100.0,100.0,8.25,,0.0,0.0,0.0,0.29,0.03,0.04
2021-01-01,2021-01,0,6,desktop,(direct),(none),(direct),returning_session,52,52,557,192,53,14,0,9,1,0,13,4,2,0,4,2,9,0,0.0,0,0,0.0,25.0,30.77,50.0,0.0,0.0,100.0,100.0,17.31,,0.0,0.0,0.0,1.02,0.27,0.17
2021-01-01,2021-01,0,6,mobile,(direct),(none),(direct),new_session,185,185,1809,628,98,14,0,21,6,2,27,5,3,2,3,1,15,2,72.0,3,3,1.08,14.59,18.52,60.0,66.67,7.41,60.0,33.33,8.11,36.0,0.39,0.39,0.01,0.53,0.08,0.11
2021-01-01,2021-01,0,6,mobile,(data deleted),(data deleted),(data deleted),returning_session,36,35,427,149,39,18,0,3,2,1,7,4,1,1,3,0,8,1,34.0,3,3,2.78,19.44,57.14,25.0,100.0,14.29,75.0,0.0,22.22,34.0,0.97,0.94,0.03,1.08,0.5,0.08
2021-01-01,2021-01,0,6,mobile,google,organic,(organic),new_session,261,261,2161,792,67,21,0,36,5,1,32,9,5,1,9,4,13,1,22.0,1,1,0.38,12.26,28.13,55.56,20.0,3.13,100.0,80.0,4.98,22.0,0.08,0.08,0.0,0.26,0.08,0.14
2021-01-01,2021-01,0,6,mobile,<Other>,<Other>,<Other>,new_session,144,144,1450,509,93,24,0,15,3,0,18,3,3,0,3,3,10,0,0.0,0,0,0.0,12.5,16.67,100.0,0.0,0.0,100.0,100.0,6.94,,0.0,0.0,0.0,0.65,0.17,0.1
2021-01-01,2021-01,0,6,desktop,google,organic,(organic),returning_session,42,42,866,262,147,24,0,15,5,2,8,3,2,2,1,0,12,2,181.0,20,15,4.76,19.05,37.5,66.67,100.0,25.0,33.33,0.0,28.57,90.5,4.31,4.31,0.05,3.5,0.57,0.36
2021-01-01,2021-01,0,6,tablet,google,cpc,<Other>,new_session,2,2,153,29,42,26,0,6,1,1,1,1,1,1,0,0,0,1,137.0,5,5,50.0,50.0,100.0,100.0,100.0,100.0,0.0,0.0,0.0,137.0,68.5,68.5,0.5,21.0,13.0,3.0
2021-01-01,2021-01,0,6,desktop,(direct),(none),(direct),new_session,284,284,3667,1415,265,34,0,6,1,1,42,11,1,1,10,0,15,1,305.0,49,14,0.35,14.79,26.19,9.09,100.0,2.38,90.91,0.0,5.28,305.0,1.07,1.07,0.0,0.93,0.12,0.02
2021-01-01,2021-01,0,6,mobile,(direct),(none),(direct),returning_session,36,34,442,138,56,34,0,9,2,2,9,4,2,2,2,0,9,2,133.0,10,10,5.56,25.0,44.44,50.0,100.0,22.22,50.0,0.0,25.0,66.5,3.91,3.69,0.06,1.56,0.94,0.25
2021-01-01,2021-01,0,6,desktop,google,organic,(organic),new_session,407,407,3378,1204,164,54,0,6,1,0,49,7,1,0,7,1,23,0,0.0,0,0,0.0,12.04,14.29,14.29,0.0,0.0,100.0,100.0,5.65,,0.0,0.0,0.0,0.4,0.13,0.01
2021-01-20,2021-01,3,4,tablet,<Other>,<Other>,<Other>,returning_session,1,1,2,0,0,0,0,0,0,0,0,0,0,0,0,0,1,0,0.0,0,0,0.0,0.0,,,,,,,100.0,,0.0,0.0,0.0,0.0,0.0,0.0
2021-01-20,2021-01,3,4,desktop,google,cpc,<Other>,returning_session,11,11,170,60,18,6,0,0,0,0,3,1,0,0,1,0,2,0,0.0,0,0,0.0,27.27,33.33,0.0,,0.0,100.0,,18.18,,0.0,0.0,0.0,1.64,0.55,0.0
2021-01-20,2021-01,3,4,tablet,<Other>,referral,(referral),returning_session,3,3,84,33,5,0,0,0,0,0,1,0,0,0,0,0,0,0,0.0,0,0,0.0,33.33,0.0,,,0.0,,,0.0,,0.0,0.0,0.0,1.67,0.0,0.0
2021-01-20,2021-01,3,4,tablet,(data deleted),(data deleted),(data deleted),new_session,1,1,1,0,0,0,0,0,0,0,0,0,0,0,0,0,1,0,0.0,0,0,0.0,0.0,,,,,,,100.0,,0.0,0.0,0.0,0.0,0.0,0.0
2021-01-20,2021-01,3,4,tablet,(direct),(none),(direct),new_session,19,19,120,44,5,0,0,0,0,0,4,0,0,0,0,0,0,0,0.0,0,0,0.0,21.05,0.0,,,0.0,,,0.0,,0.0,0.0,0.0,0.26,0.0,0.0
2021-01-20,2021-01,3,4,mobile,(data deleted),(data deleted),<Other>,returning_session,5,5,161,44,37,0,0,0,0,0,3,0,0,0,0,0,0,0,0.0,0,0,0.0,60.0,0.0,,,0.0,,,0.0,,0.0,0.0,0.0,7.4,0.0,0.0
2021-01-20,2021-01,3,4,mobile,<Other>,organic,(organic),returning_session,9,9,111,36,13,0,0,0,0,0,4,0,0,0,0,0,2,0,0.0,0,0,0.0,44.44,0.0,,,0.0,,,22.22,,0.0,0.0,0.0,1.44,0.0,0.0
2021-01-20,2021-01,3,4,tablet,google,cpc,<Other>,returning_session,1,1,2,0,0,0,0,0,0,0,0,0,0,0,0,0,1,0,0.0,0,0,0.0,0.0,,,,,,,100.0,,0.0,0.0,0.0,0.0,0.0,0.0
2021-01-20,2021-01,3,4,tablet,shop.googlemerchandisestore.com,referral,(referral),new_session,2,2,10,4,0,0,0,0,0,0,0,0,0,0,0,0,0,0,0.0,0,0,0.0,0.0,,,,,,,0.0,,0.0,0.0,0.0,0.0,0.0,0.0
2021-01-20,2021-01,3,4,tablet,shop.googlemerchandisestore.com,referral,(referral),returning_session,2,2,19,6,3,0,0,0,0,0,2,0,0,0,0,0,0,0,0.0,0,0,0.0,100.0,0.0,,,0.0,,,0.0,,0.0,0.0,0.0,1.5,0.0,0.0
2021-01-20,2021-01,3,4,mobile,<Other>,(data deleted),(data deleted),returning_session,1,1,32,12,4,0,0,0,0,0,1,0,0,0,0,0,0,0,0.0,0,0,0.0,100.0,0.0,,,0.0,,,0.0,,0.0,0.0,0.0,4.0,0.0,0.0
2021-01-20,2021-01,3,4,tablet,(data deleted),(data deleted),(data deleted),returning_session,4,4,14,3,1,0,0,0,0,0,1,0,0,0,0,0,3,0,0.0,0,0,0.0,25.0,0.0,,,0.0,,,75.0,,0.0,0.0,0.0,0.25,0.0,0.0
2021-01-20,2021-01,3,4,tablet,<Other>,referral,(referral),new_session,6,6,51,20,1,0,0,0,0,0,1,0,0,0,0,0,0,0,0.0,0,0,0.0,16.67,0.0,,,0.0,,,0.0,,0.0,0.0,0.0,0.17,0.0,0.0
2021-01-20,2021-01,3,4,tablet,<Other>,<Other>,<Other>,new_session,9,9,147,49,13,0,0,0,0,0,6,0,0,0,0,0,0,0,0.0,0,0,0.0,66.67,0.0,,,0.0,,,0.0,,0.0,0.0,0.0,1.44,0.0,0.0
2021-01-20,2021-01,3,4,desktop,(data deleted),(data deleted),(data deleted),new_session,7,7,17,8,1,0,0,0,0,0,1,0,0,0,0,0,5,0,0.0,0,0,0.0,14.29,0.0,,,0.0,,,71.43,,0.0,0.0,0.0,0.14,0.0,0.0
2021-01-20,2021-01,3,4,mobile,google,cpc,<Other>,returning_session,8,8,53,20,0,0,0,0,0,0,0,0,0,0,0,0,2,0,0.0,0,0,0.0,0.0,,,,,,,25.0,,0.0,0.0,0.0,0.0,0.0,0.0
2021-01-20,2021-01,3,4,tablet,google,cpc,<Other>,new_session,5,5,54,19,0,0,0,0,0,0,0,0,0,0,0,0,0,0,0.0,0,0,0.0,0.0,,,,,,,0.0,,0.0,0.0,0.0,0.0,0.0,0.0
2021-01-20,2021-01,3,4,mobile,(data deleted),(data deleted),(data deleted),new_session,6,6,33,12,0,0,0,0,0,0,0,0,0,0,0,0,4,0,0.0,0,0,0.0,0.0,,,,,,,66.67,,0.0,0.0,0.0,0.0,0.0,0.0
2021-01-20,2021-01,3,4,tablet,(direct),(none),(direct),returning_session,5,5,118,39,6,0,0,6,0,0,2,0,1,0,0,1,0,0,0.0,0,0,0.0,40.0,0.0,,0.0,0.0,,100.0,0.0,,0.0,0.0,0.0,1.2,0.0,1.2
2021-01-20,2021-01,3,4,desktop,(data deleted),(data deleted),<Other>,returning_session,4,4,66,20,5,2,0,3,1,0,1,1,1,0,1,1,1,0,0.0,0,0,0.0,25.0,100.0,100.0,0.0,0.0,100.0,100.0,25.0,,0.0,0.0,0.0,1.25,0.5,0.75
2021-01-20,2021-01,3,4,mobile,<Other>,organic,(organic),new_session,58,58,712,241,41,4,0,18,1,0,13,1,3,0,1,3,0,0,0.0,0,0,0.0,22.41,7.69,300.0,0.0,0.0,100.0,100.0,0.0,,0.0,0.0,0.0,0.71,0.07,0.31
2021-01-20,2021-01,3,4,tablet,google,organic,(organic),new_session,32,32,294,101,17,2,0,3,4,0,5,1,1,0,1,1,2,0,0.0,0,0,0.0,15.63,20.0,100.0,0.0,0.0,100.0,100.0,6.25,,0.0,0.0,0.0,0.53,0.06,0.09
2021-01-20,2021-01,3,4,desktop,shop.googlemerchandisestore.com,referral,(referral),new_session,102,102,1142,395,82,24,0,6,3,0,29,4,1,0,4,1,7,0,0.0,0,0,0.0,28.43,13.79,25.0,0.0,0.0,100.0,100.0,6.86,,0.0,0.0,0.0,0.8,0.24,0.06
2021-01-20,2021-01,3,4,desktop,<Other>,referral,(referral),new_session,191,191,2583,869,206,26,0,12,3,1,48,7,3,1,6,2,6,1,230.0,18,18,0.52,25.13,14.58,42.86,33.33,2.08,85.71,66.67,3.14,230.0,1.2,1.2,0.01,1.08,0.14,0.06
2021-01-20,2021-01,3,4,desktop,<Other>,organic,(organic),returning_session,21,21,500,163,49,5,0,7,3,1,7,3,2,1,2,1,8,1,0.0,0,1,4.76,33.33,42.86,66.67,50.0,14.29,66.67,50.0,38.1,0.0,0.0,0.0,0.05,2.33,0.24,0.33
2021-01-20,2021-01,3,4,mobile,<Other>,referral,(referral),new_session,129,129,1050,385,43,5,0,9,4,1,28,2,2,1,2,1,7,1,55.0,1,1,0.78,21.71,7.14,100.0,50.0,3.57,100.0,50.0,5.43,55.0,0.43,0.43,0.01,0.33,0.04,0.07
2021-01-20,2021-01,3,4,mobile,google,cpc,<Other>,new_session,71,71,659,222,36,3,0,15,2,1,15,2,2,1,1,1,1,1,96.0,1,1,1.41,21.13,13.33,100.0,50.0,6.67,50.0,50.0,1.41,96.0,1.35,1.35,0.01,0.51,0.04,0.21
2021-01-20,2021-01,3,4,mobile,<Other>,<Other>,<Other>,returning_session,24,24,323,101,32,4,0,5,1,1,10,3,2,1,3,1,8,1,0.0,0,1,4.17,41.67,30.0,66.67,50.0,10.0,100.0,50.0,33.33,0.0,0.0,0.0,0.04,1.33,0.17,0.21
2021-01-20,2021-01,3,4,mobile,shop.googlemerchandisestore.com,referral,(referral),new_session,65,65,728,250,35,8,0,15,4,1,16,3,1,1,2,0,6,1,31.0,3,3,1.54,24.62,18.75,33.33,100.0,6.25,66.67,0.0,9.23,31.0,0.48,0.48,0.02,0.54,0.12,0.23
2021-01-20,2021-01,3,4,desktop,google,cpc,<Other>,new_session,103,103,938,334,38,2,0,3,1,1,22,1,1,1,1,0,2,1,110.0,2,2,0.97,21.36,4.55,100.0,100.0,4.55,100.0,0.0,1.94,110.0,1.07,1.07,0.01,0.37,0.02,0.03
2021-01-20,2021-01,3,4,desktop,<Other>,(data deleted),(data deleted),returning_session,4,4,75,23,2,1,0,3,1,1,2,1,1,1,0,0,1,1,12.0,1,1,25.0,50.0,50.0,100.0,100.0,50.0,0.0,0.0,25.0,12.0,3.0,3.0,0.25,0.5,0.25,0.75
2021-01-20,2021-01,3,4,tablet,google,organic,(organic),returning_session,8,7,137,34,19,8,0,3,1,1,1,1,1,1,0,0,5,1,93.0,12,8,12.5,12.5,100.0,100.0,100.0,100.0,0.0,0.0,62.5,93.0,13.29,11.63,0.14,2.38,1.0,0.38
2021-01-20,2021-01,3,4,desktop,<Other>,organic,(organic),new_session,58,58,744,243,42,10,0,16,6,2,15,5,4,2,3,2,3,2,176.0,7,7,3.45,25.86,33.33,80.0,50.0,13.33,60.0,50.0,5.17,88.0,3.03,3.03,0.03,0.72,0.17,0.28
2021-01-20,2021-01,3,4,mobile,<Other>,referral,(referral),returning_session,63,62,1225,364,149,39,0,12,4,2,19,7,2,2,6,0,14,2,262.0,15,8,3.17,30.16,36.84,28.57,100.0,10.53,85.71,0.0,22.22,131.0,4.23,4.16,0.03,2.37,0.62,0.19
2021-01-20,2021-01,3,4,mobile,google,organic,(organic),new_session,487,487,5085,1748,337,71,0,15,3,2,109,17,2,2,15,0,18,2,164.0,9,9,0.41,22.38,15.6,11.76,100.0,1.83,88.24,0.0,3.7,82.0,0.34,0.34,0.0,0.69,0.15,0.03
2021-01-20,2021-01,3,4,desktop,<Other>,<Other>,<Other>,returning_session,40,40,804,246,87,28,0,15,4,3,9,5,3,3,3,0,12,3,285.0,12,12,7.5,22.5,55.56,60.0,100.0,33.33,60.0,0.0,30.0,95.0,7.13,7.13,0.07,2.17,0.7,0.38
2021-01-20,2021-01,3,4,desktop,(direct),(none),(direct),new_session,498,498,5928,2014,424,45,0,36,13,4,110,15,9,4,13,5,15,4,191.0,15,13,0.8,22.09,13.64,60.0,44.44,3.64,86.67,55.56,3.01,47.75,0.38,0.38,0.01,0.85,0.09,0.07
2021-01-20,2021-01,3,4,mobile,(direct),(none),(direct),new_session,328,328,4173,1418,267,43,0,63,15,5,70,14,7,3,12,4,10,4,312.0,7,7,0.91,21.34,20.0,50.0,42.86,4.29,85.71,57.14,3.05,78.0,0.95,0.95,0.01,0.81,0.13,0.19
2021-01-20,2021-01,3,4,desktop,(data deleted),(data deleted),(data deleted),returning_session,154,147,2734,858,320,35,0,30,10,5,39,12,7,5,9,2,57,5,289.0,14,14,3.25,25.32,30.77,58.33,71.43,12.82,75.0,28.57,37.01,57.8,1.97,1.88,0.03,2.08,0.23,0.19
2021-01-20,2021-01,3,4,mobile,shop.googlemerchandisestore.com,referral,(referral),returning_session,87,83,1812,553,188,61,0,69,16,5,25,9,7,5,5,2,24,5,522.0,42,38,5.75,28.74,36.0,77.78,71.43,20.0,55.56,28.57,27.59,104.4,6.29,6.0,0.06,2.16,0.7,0.79
2021-01-20,2021-01,3,4,desktop,(direct),(none),(direct),returning_session,156,146,2210,667,292,49,0,32,8,5,33,12,7,5,9,2,51,5,195.0,21,16,3.21,21.15,36.36,58.33,71.43,15.15,75.0,28.57,32.69,39.0,1.34,1.25,0.03,1.87,0.31,0.21
2021-01-20,2021-01,3,4,mobile,google,organic,(organic),returning_session,104,98,2155,639,260,56,0,27,11,5,32,10,6,5,5,1,37,5,467.0,23,23,4.81,30.77,31.25,60.0,83.33,15.63,50.0,16.67,35.58,93.4,4.77,4.49,0.05,2.5,0.54,0.26
2021-01-20,2021-01,3,4,desktop,<Other>,referral,(referral),returning_session,77,74,1278,369,171,22,0,32,12,5,25,8,6,5,4,1,26,5,177.0,9,11,6.49,32.47,32.0,75.0,83.33,20.0,50.0,16.67,33.77,35.4,2.39,2.3,0.07,2.22,0.29,0.42
2021-01-20,2021-01,3,4,mobile,<Other>,<Other>,<Other>,new_session,243,243,2671,912,170,29,0,30,9,5,64,7,6,5,3,1,5,5,256.0,11,11,2.06,26.34,10.94,85.71,83.33,7.81,42.86,16.67,2.06,51.2,1.05,1.05,0.02,0.7,0.12,0.12
2021-01-20,2021-01,3,4,mobile,(data deleted),(data deleted),(data deleted),returning_session,114,102,2029,644,196,15,0,38,12,6,33,8,8,6,6,2,31,6,201.0,10,14,5.26,28.95,24.24,100.0,75.0,18.18,75.0,25.0,27.19,33.5,1.97,1.76,0.06,1.72,0.13,0.33
2021-01-20,2021-01,3,4,desktop,shop.googlemerchandisestore.com,referral,(referral),returning_session,106,103,2045,634,262,50,0,35,10,6,29,10,7,6,4,1,29,6,262.0,11,12,5.66,27.36,34.48,70.0,85.71,20.69,40.0,14.29,27.36,43.67,2.54,2.47,0.06,2.47,0.47,0.33
2021-01-20,2021-01,3,4,mobile,(direct),(none),(direct),returning_session,111,105,1983,604,225,28,0,35,16,6,38,10,7,6,5,1,32,6,789.0,22,22,5.41,34.23,26.32,70.0,85.71,15.79,50.0,14.29,28.83,131.5,7.51,7.11,0.06,2.03,0.25,0.32
2021-01-20,2021-01,3,4,desktop,google,organic,(organic),returning_session,168,156,3260,1031,276,55,0,78,18,7,53,16,13,7,12,6,53,7,554.0,39,30,4.17,31.55,30.19,81.25,53.85,13.21,75.0,46.15,31.55,79.14,3.55,3.3,0.04,1.64,0.33,0.46
2021-01-20,2021-01,3,4,desktop,<Other>,<Other>,<Other>,new_session,392,392,5421,1728,574,92,0,78,18,7,89,19,10,7,13,3,8,7,576.0,30,24,1.79,22.7,21.35,52.63,70.0,7.87,68.42,30.0,2.04,82.29,1.47,1.47,0.02,1.46,0.23,0.2
2021-01-20,2021-01,3,4,desktop,google,organic,(organic),new_session,702,702,7915,2688,541,93,0,70,24,8,175,28,10,8,22,2,38,8,504.0,67,29,1.14,24.93,16.0,35.71,80.0,4.57,78.57,20.0,5.41,63.0,0.72,0.72,0.01,0.77,0.13,0.1
2021-01-03,2021-01,1,1,mobile,<Other>,organic,(organic),returning_session,2,2,8,4,0,0,0,0,0,0,0,0,0,0,0,0,0,0,0.0,0,0,0.0,0.0,,,,,,,0.0,,0.0,0.0,0.0,0.0,0.0,0.0
2021-01-03,2021-01,1,1,desktop,<Other>,referral,(referral),new_session,131,131,977,363,34,0,0,0,0,0,16,0,0,0,0,0,2,0,0.0,0,0,0.0,12.21,0.0,,,0.0,,,1.53,,0.0,0.0,0.0,0.26,0.0,0.0
2021-01-03,2021-01,1,1,tablet,<Other>,referral,(referral),new_session,2,2,10,4,0,0,0,0,0,0,0,0,0,0,0,0,0,0,0.0,0,0,0.0,0.0,,,,,,,0.0,,0.0,0.0,0.0,0.0,0.0,0.0
2021-01-03,2021-01,1,1,tablet,google,cpc,<Other>,new_session,1,1,5,2,0,0,0,0,0,0,0,0,0,0,0,0,0,0,0.0,0,0,0.0,0.0,,,,,,,0.0,,0.0,0.0,0.0,0.0,0.0,0.0
2021-01-03,2021-01,1,1,tablet,<Other>,referral,(referral),returning_session,3,3,9,2,0,0,0,0,0,0,0,0,0,0,0,0,2,0,0.0,0,0,0.0,0.0,,,,,,,66.67,,0.0,0.0,0.0,0.0,0.0,0.0
2021-01-03,2021-01,1,1,mobile,(data deleted),(data deleted),(data deleted),new_session,3,3,18,8,2,0,0,0,0,0,1,0,0,0,0,0,1,0,0.0,0,0,0.0,33.33,0.0,,,0.0,,,33.33,,0.0,0.0,0.0,0.67,0.0,0.0
2021-01-03,2021-01,1,1,mobile,(data deleted),(data deleted),<Other>,returning_session,3,3,13,6,0,0,0,0,0,0,0,0,0,0,0,0,0,0,0.0,0,0,0.0,0.0,,,,,,,0.0,,0.0,0.0,0.0,0.0,0.0,0.0
2021-01-03,2021-01,1,1,mobile,<Other>,organic,(organic),new_session,38,38,244,86,12,0,0,0,0,0,8,0,0,0,0,0,1,0,0.0,0,0,0.0,21.05,0.0,,,0.0,,,2.63,,0.0,0.0,0.0,0.32,0.0,0.0
2021-01-03,2021-01,1,1,tablet,shop.googlemerchandisestore.com,referral,(referral),new_session,1,1,5,2,0,0,0,0,0,0,0,0,0,0,0,0,0,0,0.0,0,0,0.0,0.0,,,,,,,0.0,,0.0,0.0,0.0,0.0,0.0,0.0
2021-01-03,2021-01,1,1,desktop,<Other>,organic,(organic),returning_session,8,8,52,24,2,0,0,0,0,0,1,0,0,0,0,0,1,0,0.0,0,0,0.0,12.5,0.0,,,0.0,,,12.5,,0.0,0.0,0.0,0.25,0.0,0.0
2021-01-03,2021-01,1,1,tablet,google,organic,(organic),new_session,19,19,105,39,2,0,0,0,0,0,2,0,0,0,0,0,2,0,0.0,0,0,0.0,10.53,0.0,,,0.0,,,10.53,,0.0,0.0,0.0,0.11,0.0,0.0
2021-01-03,2021-01,1,1,tablet,google,organic,(organic),returning_session,1,1,2,1,0,0,0,0,0,0,0,0,0,0,0,0,1,0,0.0,0,0,0.0,0.0,,,,,,,100.0,,0.0,0.0,0.0,0.0,0.0,0.0
2021-01-03,2021-01,1,1,desktop,<Other>,(data deleted),(data deleted),returning_session,2,2,10,5,0,0,0,0,0,0,0,0,0,0,0,0,0,0,0.0,0,0,0.0,0.0,,,,,,,0.0,,0.0,0.0,0.0,0.0,0.0,0.0
2021-01-03,2021-01,1,1,mobile,google,cpc,<Other>,new_session,45,45,333,118,14,0,0,0,0,0,6,0,0,0,0,0,4,0,0.0,0,0,0.0,13.33,0.0,,,0.0,,,8.89,,0.0,0.0,0.0,0.31,0.0,0.0
2021-01-03,2021-01,1,1,mobile,<Other>,<Other>,<Other>,returning_session,12,12,42,14,3,0,0,0,0,0,2,0,0,0,0,0,7,0,0.0,0,0,0.0,16.67,0.0,,,0.0,,,58.33,,0.0,0.0,0.0,0.25,0.0,0.0
2021-01-03,2021-01,1,1,desktop,(data deleted),(data deleted),<Other>,returning_session,1,1,2,0,0,0,0,0,0,0,0,0,0,0,0,0,1,0,0.0,0,0,0.0,0.0,,,,,,,100.0,,0.0,0.0,0.0,0.0,0.0,0.0
2021-01-03,2021-01,1,1,tablet,<Other>,organic,(organic),new_session,1,1,9,3,1,0,0,0,0,0,1,0,0,0,0,0,0,0,0.0,0,0,0.0,100.0,0.0,,,0.0,,,0.0,,0.0,0.0,0.0,1.0,0.0,0.0
2021-01-03,2021-01,1,1,desktop,google,cpc,<Other>,returning_session,8,8,88,33,3,0,0,3,0,0,1,0,1,0,0,1,3,0,0.0,0,0,0.0,12.5,0.0,,0.0,0.0,,100.0,37.5,,0.0,0.0,0.0,0.38,0.0,0.38
2021-01-03,2021-01,1,1,desktop,google,organic,(organic),returning_session,64,63,613,225,25,0,0,9,1,0,12,0,1,0,0,1,19,0,0.0,0,0,0.0,18.75,0.0,,0.0,0.0,,100.0,29.69,,0.0,0.0,0.0,0.39,0.0,0.14
2021-01-03,2021-01,1,1,desktop,google,cpc,<Other>,new_session,52,52,424,156,18,0,0,3,2,1,8,0,1,1,0,0,2,1,15.0,1,1,1.92,15.38,0.0,,100.0,12.5,,0.0,3.85,15.0,0.29,0.29,0.02,0.35,0.0,0.06
2021-01-03,2021-01,1,1,mobile,(direct),(none),(direct),returning_session,42,39,351,128,27,0,0,3,1,1,9,0,1,1,0,0,12,1,14.0,1,1,2.38,21.43,0.0,,100.0,11.11,,0.0,28.57,14.0,0.36,0.33,0.03,0.64,0.0,0.07
2021-01-03,2021-01,1,1,mobile,<Other>,referral,(referral),returning_session,15,15,223,59,42,28,0,3,1,1,3,1,1,1,0,0,5,1,72.0,6,6,6.67,20.0,33.33,100.0,100.0,33.33,0.0,0.0,33.33,72.0,4.8,4.8,0.07,2.8,1.87,0.2
2021-01-03,2021-01,1,1,desktop,shop.googlemerchandisestore.com,referral,(referral),new_session,55,55,564,184,37,15,0,6,2,1,8,1,1,1,0,0,5,1,217.0,10,9,1.82,14.55,12.5,100.0,100.0,12.5,0.0,0.0,9.09,217.0,3.95,3.95,0.02,0.67,0.27,0.11
2021-01-03,2021-01,1,1,desktop,(data deleted),(data deleted),(data deleted),returning_session,60,60,756,251,112,18,0,6,4,2,9,5,2,2,3,0,17,2,47.0,3,3,3.33,15.0,55.56,40.0,100.0,22.22,60.0,0.0,28.33,23.5,0.78,0.78,0.03,1.87,0.3,0.1
2021-01-03,2021-01,1,1,desktop,(direct),(none),(direct),returning_session,65,64,631,207,85,13,0,6,1,1,13,3,2,1,2,1,21,1,41.0,4,2,1.54,20.0,23.08,66.67,50.0,7.69,66.67,50.0,32.31,41.0,0.64,0.63,0.02,1.31,0.2,0.09
2021-01-03,2021-01,1,1,mobile,google,organic,(organic),returning_session,52,52,641,235,28,12,0,7,2,1,7,3,2,1,2,1,13,1,0.0,0,1,1.92,13.46,42.86,66.67,50.0,14.29,66.67,50.0,25.0,0.0,0.0,0.0,0.02,0.54,0.23,0.13
2021-01-03,2021-01,1,1,mobile,<Other>,<Other>,<Other>,new_session,172,171,1491,540,53,5,0,27,7,2,25,3,2,2,2,0,9,2,50.0,5,2,1.16,14.53,12.0,66.67,100.0,8.0,66.67,0.0,5.23,25.0,0.29,0.29,0.01,0.31,0.03,0.16
2021-01-03,2021-01,1,1,desktop,<Other>,<Other>,<Other>,new_session,273,273,2571,912,155,44,0,24,4,2,46,8,5,2,7,3,10,2,26.0,2,2,0.73,16.85,17.39,62.5,40.0,4.35,87.5,60.0,3.66,13.0,0.1,0.1,0.01,0.57,0.16,0.09
2021-01-03,2021-01,1,1,mobile,shop.googlemerchandisestore.com,referral,(referral),new_session,39,39,392,140,39,1,0,0,0,0,8,1,0,0,1,0,2,0,0.0,0,0,0.0,20.51,12.5,0.0,,0.0,100.0,,5.13,,0.0,0.0,0.0,1.0,0.03,0.0
2021-01-03,2021-01,1,1,desktop,<Other>,organic,(organic),new_session,42,42,319,114,17,5,0,0,0,0,8,1,0,0,1,0,2,0,0.0,0,0,0.0,19.05,12.5,0.0,,0.0,100.0,,4.76,,0.0,0.0,0.0,0.4,0.12,0.0
2021-01-03,2021-01,1,1,mobile,<Other>,referral,(referral),new_session,97,97,654,247,13,3,0,0,0,0,9,1,0,0,1,0,4,0,0.0,0,0,0.0,9.28,11.11,0.0,,0.0,100.0,,4.12,,0.0,0.0,0.0,0.13,0.03,0.0
2021-01-03,2021-01,1,1,desktop,<Other>,referral,(referral),returning_session,33,33,215,74,8,8,0,0,0,0,2,1,0,0,1,0,9,0,0.0,0,0,0.0,6.06,50.0,0.0,,0.0,100.0,,27.27,,0.0,0.0,0.0,0.24,0.24,0.0
2021-01-03,2021-01,1,1,tablet,(direct),(none),(direct),new_session,12,12,85,30,4,1,0,0,0,0,2,1,0,0,1,0,0,0,0.0,0,0,0.0,16.67,50.0,0.0,,0.0,100.0,,0.0,,0.0,0.0,0.0,0.33,0.08,0.0
2021-01-03,2021-01,1,1,tablet,<Other>,<Other>,<Other>,new_session,7,7,64,20,6,1,0,0,0,0,2,1,0,0,1,0,1,0,0.0,0,0,0.0,28.57,50.0,0.0,,0.0,100.0,,14.29,,0.0,0.0,0.0,0.86,0.14,0.0
2021-01-03,2021-01,1,1,desktop,(data deleted),(data deleted),(data deleted),new_session,6,6,51,16,7,5,0,0,0,0,2,1,0,0,1,0,3,0,0.0,0,0,0.0,33.33,50.0,0.0,,0.0,100.0,,50.0,,0.0,0.0,0.0,1.17,0.83,0.0
2021-01-03,2021-01,1,1,mobile,google,cpc,<Other>,returning_session,3,3,62,21,11,2,0,0,0,0,2,1,0,0,1,0,0,0,0.0,0,0,0.0,66.67,50.0,0.0,,0.0,100.0,,0.0,,0.0,0.0,0.0,3.67,0.67,0.0
2021-01-03,2021-01,1,1,desktop,google,organic,(organic),new_session,468,468,3982,1445,242,12,0,15,3,0,65,7,3,0,7,3,27,0,0.0,0,0,0.0,13.89,10.77,42.86,0.0,0.0,100.0,100.0,5.77,,0.0,0.0,0.0,0.52,0.03,0.03
2021-01-03,2021-01,1,1,mobile,google,organic,(organic),new_session,297,297,2746,988,181,13,0,3,0,0,42,6,1,0,6,1,17,0,0.0,0,0,0.0,14.14,14.29,16.67,0.0,0.0,100.0,100.0,5.72,,0.0,0.0,0.0,0.61,0.04,0.01
2021-01-03,2021-01,1,1,mobile,(direct),(none),(direct),new_session,200,200,1799,632,123,4,0,3,0,0,33,2,1,0,2,1,11,0,0.0,0,0,0.0,16.5,6.06,50.0,0.0,0.0,100.0,100.0,5.5,,0.0,0.0,0.0,0.61,0.02,0.01
2021-01-03,2021-01,1,1,desktop,<Other>,<Other>,<Other>,returning_session,15,15,109,38,4,3,0,3,0,0,1,1,1,0,1,1,5,0,0.0,0,0,0.0,6.67,100.0,100.0,0.0,0.0,100.0,100.0,33.33,,0.0,0.0,0.0,0.27,0.2,0.2
2021-01-03,2021-01,1,1,desktop,(direct),(none),(direct),new_session,320,320,2392,883,89,9,0,3,0,0,37,5,1,0,5,1,15,0,0.0,0,0,0.0,11.56,13.51,20.0,0.0,0.0,100.0,100.0,4.69,,0.0,0.0,0.0,0.28,0.03,0.01
2021-01-03,2021-01,1,1,desktop,shop.googlemerchandisestore.com,referral,(referral),returning_session,43,42,693,224,117,2,0,6,1,1,12,2,2,1,2,1,16,1,101.0,9,9,2.33,27.91,16.67,100.0,50.0,8.33,100.0,50.0,37.21,101.0,2.4,2.35,0.02,2.72,0.05,0.14
2021-01-03,2021-01,1,1,mobile,(data deleted),(data deleted),(data deleted),returning_session,32,32,296,104,15,3,0,9,2,1,8,2,2,1,2,1,7,1,28.0,2,2,3.13,25.0,25.0,100.0,50.0,12.5,100.0,50.0,21.88,28.0,0.88,0.88,0.03,0.47,0.09,0.28
2021-01-03,2021-01,1,1,mobile,shop.googlemerchandisestore.com,referral,(referral),returning_session,40,39,601,194,74,22,0,12,3,1,9,2,2,1,2,1,7,1,42.0,30,1,2.5,22.5,22.22,100.0,50.0,11.11,100.0,50.0,17.5,42.0,1.08,1.05,0.03,1.85,0.55,0.3
2020-12-08,2020-12,49,3,tablet,(direct),(none),(direct),returning_session,12,11,74,24,5,0,0,0,0,0,2,0,0,0,0,0,8,0,0.0,0,0,0.0,16.67,0.0,,,0.0,,,66.67,,0.0,0.0,0.0,0.42,0.0,0.0
2020-12-08,2020-12,49,3,tablet,google,cpc,<Other>,returning_session,1,1,2,0,0,0,0,0,0,0,0,0,0,0,0,0,1,0,0.0,0,0,0.0,0.0,,,,,,,100.0,,0.0,0.0,0.0,0.0,0.0,0.0
2020-12-08,2020-12,49,3,tablet,shop.googlemerchandisestore.com,referral,(referral),new_session,8,8,42,11,0,0,0,0,0,0,0,0,0,0,0,0,5,0,0.0,0,0,0.0,0.0,,,,,,,62.5,,0.0,0.0,0.0,0.0,0.0,0.0
2020-12-08,2020-12,49,3,tablet,<Other>,organic,(organic),new_session,3,3,26,7,0,0,0,0,0,0,0,0,0,0,0,0,2,0,0.0,0,0,0.0,0.0,,,,,,,66.67,,0.0,0.0,0.0,0.0,0.0,0.0
2020-12-08,2020-12,49,3,tablet,google,cpc,<Other>,new_session,6,6,36,9,0,0,0,0,0,0,0,0,0,0,0,0,3,0,0.0,0,0,0.0,0.0,,,,,,,50.0,,0.0,0.0,0.0,0.0,0.0,0.0
2020-12-08,2020-12,49,3,tablet,shop.googlemerchandisestore.com,referral,(referral),returning_session,6,6,19,5,0,0,0,0,0,0,0,0,0,0,0,0,5,0,0.0,0,0,0.0,0.0,,,,,,,83.33,,0.0,0.0,0.0,0.0,0.0,0.0
2020-12-08,2020-12,49,3,tablet,(data deleted),(data deleted),(data deleted),returning_session,13,13,152,38,35,5,0,0,0,0,3,1,0,0,1,0,6,0,0.0,0,0,0.0,23.08,33.33,0.0,,0.0,100.0,,46.15,,0.0,0.0,0.0,2.69,0.38,0.0
2020-12-08,2020-12,49,3,mobile,google,cpc,<Other>,returning_session,13,13,50,12,1,1,0,0,0,0,1,1,0,0,1,0,10,0,0.0,0,0,0.0,7.69,100.0,0.0,,0.0,100.0,,76.92,,0.0,0.0,0.0,0.08,0.08,0.0
2020-12-08,2020-12,49,3,desktop,(data deleted),(data deleted),(data deleted),new_session,8,8,140,41,17,9,0,0,0,0,2,1,0,0,1,0,2,0,0.0,0,0,0.0,25.0,50.0,0.0,,0.0,100.0,,25.0,,0.0,0.0,0.0,2.13,1.13,0.0
2020-12-08,2020-12,49,3,mobile,<Other>,organic,(organic),returning_session,10,9,92,23,13,1,0,0,0,0,2,1,0,0,1,0,7,0,0.0,0,0,0.0,20.0,50.0,0.0,,0.0,100.0,,70.0,,0.0,0.0,0.0,1.3,0.1,0.0
2020-12-08,2020-12,49,3,mobile,(data deleted),(data deleted),<Other>,returning_session,3,3,35,12,0,0,0,0,0,0,0,0,0,0,0,0,2,0,0.0,0,0,0.0,0.0,,,,,,,66.67,,0.0,0.0,0.0,0.0,0.0,0.0
2020-12-08,2020-12,49,3,desktop,<Other>,(data deleted),(data deleted),returning_session,4,4,12,2,0,0,0,0,0,0,0,0,0,0,0,0,4,0,0.0,0,0,0.0,0.0,,,,,,,100.0,,0.0,0.0,0.0,0.0,0.0,0.0
2020-12-08,2020-12,49,3,mobile,(data deleted),(data deleted),(data deleted),new_session,5,5,105,36,4,0,0,0,0,0,1,0,0,0,0,0,2,0,0.0,0,0,0.0,20.0,0.0,,,0.0,,,40.0,,0.0,0.0,0.0,0.8,0.0,0.0
2020-12-08,2020-12,49,3,tablet,<Other>,<Other>,<Other>,returning_session,2,2,4,0,0,0,0,0,0,0,0,0,0,0,0,0,2,0,0.0,0,0,0.0,0.0,,,,,,,100.0,,0.0,0.0,0.0,0.0,0.0,0.0
2020-12-08,2020-12,49,3,mobile,<Other>,(data deleted),(data deleted),returning_session,5,5,16,3,2,1,0,0,0,0,2,1,0,0,1,0,3,0,0.0,0,0,0.0,40.0,50.0,0.0,,0.0,100.0,,60.0,,0.0,0.0,0.0,0.4,0.2,0.0
2020-12-08,2020-12,49,3,tablet,<Other>,referral,(referral),new_session,9,9,55,15,1,0,0,0,0,0,1,0,0,0,0,0,4,0,0.0,0,0,0.0,11.11,0.0,,,0.0,,,44.44,,0.0,0.0,0.0,0.11,0.0,0.0
2020-12-08,2020-12,49,3,desktop,google,cpc,<Other>,returning_session,21,21,217,69,18,4,0,2,0,0,6,3,1,0,3,1,12,0,0.0,0,0,0.0,28.57,50.0,33.33,0.0,0.0,100.0,100.0,57.14,,0.0,0.0,0.0,0.86,0.19,0.1
2020-12-08,2020-12,49,3,desktop,(data deleted),(data deleted),<Other>,returning_session,3,3,35,10,3,1,0,2,0,0,2,1,1,0,1,1,1,0,0.0,0,0,0.0,66.67,50.0,100.0,0.0,0.0,100.0,100.0,33.33,,0.0,0.0,0.0,1.0,0.33,0.67
2020-12-08,2020-12,49,3,mobile,<Other>,organic,(organic),new_session,71,71,600,167,16,2,0,4,3,0,7,2,1,0,2,1,39,0,0.0,0,0,0.0,9.86,28.57,50.0,0.0,0.0,100.0,100.0,54.93,,0.0,0.0,0.0,0.23,0.03,0.06
2020-12-08,2020-12,49,3,mobile,shop.googlemerchandisestore.com,referral,(referral),new_session,102,102,1087,348,72,3,0,2,0,0,14,2,1,0,2,1,70,0,0.0,0,0,0.0,13.73,14.29,50.0,0.0,0.0,100.0,100.0,68.63,,0.0,0.0,0.0,0.71,0.03,0.02
2020-12-08,2020-12,49,3,mobile,<Other>,referral,(referral),new_session,209,209,2184,655,163,16,0,6,0,0,39,8,3,0,8,3,128,0,0.0,0,0,0.0,18.66,20.51,37.5,0.0,0.0,100.0,100.0,61.24,,0.0,0.0,0.0,0.78,0.08,0.03
2020-12-08,2020-12,49,3,tablet,google,organic,(organic),returning_session,8,7,158,46,13,7,0,6,2,0,3,2,2,0,2,2,3,0,0.0,0,0,0.0,37.5,66.67,100.0,0.0,0.0,100.0,100.0,37.5,,0.0,0.0,0.0,1.63,0.88,0.75
2020-12-08,2020-12,49,3,mobile,<Other>,<Other>,<Other>,new_session,390,390,4059,1198,307,58,0,24,3,0,62,19,9,0,19,9,242,0,0.0,0,0,0.0,15.9,30.65,47.37,0.0,0.0,100.0,100.0,62.05,,0.0,0.0,0.0,0.79,0.15,0.06
2020-12-08,2020-12,49,3,tablet,(direct),(none),(direct),new_session,33,33,649,213,86,15,0,2,0,0,7,4,1,0,4,1,19,0,0.0,0,0,0.0,21.21,57.14,25.0,0.0,0.0,100.0,100.0,57.58,,0.0,0.0,0.0,2.61,0.45,0.06
2020-12-08,2020-12,49,3,desktop,(direct),(none),(direct),new_session,780,780,9246,2786,756,122,0,61,8,1,147,43,22,1,42,21,468,1,18.0,1,1,0.13,18.85,29.25,51.16,4.55,0.68,97.67,95.45,60.0,18.0,0.02,0.02,0.0,0.97,0.16,0.08
2020-12-08,2020-12,49,3,desktop,<Other>,organic,(organic),new_session,81,81,1155,379,119,5,0,8,1,1,15,3,3,1,2,2,46,1,17.0,1,1,1.23,18.52,20.0,100.0,33.33,6.67,66.67,66.67,56.79,17.0,0.21,0.21,0.01,1.47,0.06,0.1
2020-12-08,2020-12,49,3,tablet,google,organic,(organic),new_session,38,38,379,110,26,8,0,4,1,1,5,2,2,1,1,1,24,1,33.0,2,2,2.63,13.16,40.0,100.0,50.0,20.0,50.0,50.0,63.16,33.0,0.87,0.87,0.03,0.68,0.21,0.11
2020-12-08,2020-12,49,3,mobile,google,cpc,<Other>,new_session,129,129,1206,335,88,4,0,8,2,1,22,4,2,1,3,1,89,1,16.0,1,1,0.78,17.05,18.18,50.0,50.0,4.55,75.0,50.0,68.99,16.0,0.12,0.12,0.01,0.68,0.03,0.06
2020-12-08,2020-12,49,3,tablet,<Other>,<Other>,<Other>,new_session,28,28,348,94,15,7,0,20,3,1,3,3,2,1,2,1,18,1,20.0,3,3,3.57,10.71,100.0,66.67,50.0,33.33,66.67,50.0,64.29,20.0,0.71,0.71,0.04,0.54,0.25,0.71
2020-12-08,2020-12,49,3,desktop,<Other>,organic,(organic),returning_session,14,14,652,199,141,6,0,6,3,1,6,2,2,1,1,1,6,1,42.0,3,2,7.14,42.86,33.33,100.0,50.0,16.67,50.0,50.0,42.86,42.0,3.0,3.0,0.07,10.07,0.43,0.43
2020-12-08,2020-12,49,3,tablet,<Other>,referral,(referral),returning_session,8,8,159,40,30,20,0,2,1,1,3,2,1,1,1,0,4,1,362.0,5,5,12.5,37.5,66.67,50.0,100.0,33.33,50.0,0.0,50.0,362.0,45.25,45.25,0.13,3.75,2.5,0.25
2020-12-08,2020-12,49,3,desktop,shop.googlemerchandisestore.com,referral,(referral),new_session,171,171,2002,584,167,32,0,10,4,2,29,11,5,2,9,3,112,2,160.0,8,7,1.17,16.96,37.93,45.45,40.0,6.9,81.82,60.0,65.5,80.0,0.94,0.94,0.01,0.98,0.19,0.06
2020-12-08,2020-12,49,3,mobile,<Other>,<Other>,<Other>,returning_session,47,47,736,227,61,17,0,10,4,2,14,5,4,2,4,2,24,2,102.0,3,3,4.26,29.79,35.71,80.0,50.0,14.29,80.0,50.0,51.06,51.0,2.17,2.17,0.04,1.3,0.36,0.21
2020-12-08,2020-12,49,3,mobile,<Other>,referral,(referral),returning_session,80,77,1026,314,79,23,0,16,7,2,17,5,3,2,4,1,45,2,217.0,10,7,2.5,21.25,29.41,60.0,66.67,11.76,80.0,33.33,56.25,108.5,2.82,2.71,0.03,0.99,0.29,0.2
2020-12-08,2020-12,49,3,desktop,<Other>,referral,(referral),new_session,306,306,3400,1029,237,25,0,30,12,4,56,15,10,3,14,7,191,4,215.0,6,5,0.98,18.3,26.79,66.67,30.0,5.36,93.33,70.0,62.42,53.75,0.7,0.7,0.01,0.77,0.08,0.1
2020-12-08,2020-12,49,3,mobile,google,organic,(organic),returning_session,177,168,2301,677,213,48,0,46,13,4,39,15,10,4,15,6,101,4,326.0,13,10,2.26,22.03,38.46,66.67,40.0,10.26,100.0,60.0,57.06,81.5,1.94,1.84,0.02,1.2,0.27,0.26
2020-12-08,2020-12,49,3,desktop,google,organic,(organic),returning_session,274,258,3487,994,430,126,0,36,15,4,70,20,10,4,18,6,163,4,132.0,48,11,1.46,25.55,28.57,50.0,40.0,5.71,90.0,60.0,59.49,33.0,0.51,0.48,0.02,1.57,0.46,0.13
2020-12-08,2020-12,49,3,desktop,shop.googlemerchandisestore.com,referral,(referral),returning_session,177,168,2728,793,302,63,0,52,11,4,58,16,9,4,13,5,97,4,248.0,19,8,2.26,32.77,27.59,56.25,44.44,6.9,81.25,55.56,54.8,62.0,1.48,1.4,0.02,1.71,0.36,0.29
2020-12-08,2020-12,49,3,desktop,<Other>,<Other>,<Other>,returning_session,70,69,1268,385,123,17,0,24,9,4,21,7,6,3,6,3,39,4,162.0,6,5,4.29,30.0,33.33,85.71,50.0,14.29,85.71,50.0,55.71,40.5,2.35,2.31,0.06,1.76,0.24,0.34
2020-12-08,2020-12,49,3,desktop,google,cpc,<Other>,new_session,163,163,1462,394,76,22,0,16,7,4,19,10,6,4,6,2,115,4,167.0,5,5,2.45,11.66,52.63,60.0,66.67,21.05,60.0,33.33,70.55,41.75,1.02,1.02,0.02,0.47,0.13,0.1
2020-12-08,2020-12,49,3,mobile,google,organic,(organic),new_session,734,734,7836,2260,567,98,0,40,13,5,125,32,15,5,27,10,464,5,299.0,17,13,0.68,17.03,25.6,46.88,33.33,4.0,84.38,66.67,63.22,59.8,0.41,0.41,0.01,0.77,0.13,0.05
2020-12-08,2020-12,49,3,mobile,(direct),(none),(direct),new_session,511,511,6262,1896,485,99,0,56,16,5,89,28,14,5,25,9,301,5,136.0,8,8,0.98,17.42,31.46,50.0,35.71,5.62,89.29,64.29,58.9,27.2,0.27,0.27,0.01,0.95,0.19,0.11
2020-12-08,2020-12,49,3,desktop,google,organic,(organic),new_session,1143,1143,11545,3451,831,164,0,53,13,6,182,55,23,6,50,17,720,6,278.0,17,14,0.52,15.92,30.22,41.82,26.09,3.3,90.91,73.91,62.99,46.33,0.24,0.24,0.01,0.73,0.14,0.05
2020-12-08,2020-12,49,3,mobile,(data deleted),(data deleted),(data deleted),returning_session,180,172,2664,766,217,66,0,63,31,6,45,18,13,6,13,7,102,6,473.0,46,11,3.33,25.0,40.0,72.22,46.15,13.33,72.22,53.85,56.67,78.83,2.75,2.63,0.03,1.21,0.37,0.35
2020-12-08,2020-12,49,3,desktop,(data deleted),(data deleted),(data deleted),returning_session,246,235,3854,1110,463,113,0,60,16,7,68,26,15,7,21,8,130,7,588.0,45,22,2.85,27.64,38.24,57.69,46.67,10.29,80.77,53.33,52.85,84.0,2.5,2.39,0.03,1.88,0.46,0.24
2020-12-08,2020-12,49,3,mobile,(direct),(none),(direct),returning_session,165,153,2822,831,325,105,0,46,17,7,42,20,14,7,13,7,96,7,1279.0,134,37,4.24,25.45,47.62,70.0,50.0,16.67,65.0,50.0,58.18,182.71,8.36,7.75,0.05,1.97,0.64,0.28
2020-12-08,2020-12,49,3,desktop,<Other>,<Other>,<Other>,new_session,587,587,6271,1810,434,96,0,42,13,8,81,20,11,6,15,5,360,8,393.0,19,19,1.02,13.8,24.69,55.0,54.55,7.41,75.0,45.45,61.33,49.13,0.67,0.67,0.01,0.74,0.16,0.07
2020-12-08,2020-12,49,3,mobile,shop.googlemerchandisestore.com,referral,(referral),returning_session,122,117,1945,559,176,47,0,54,24,9,30,19,13,9,11,4,70,9,585.0,25,20,7.38,24.59,63.33,68.42,69.23,30.0,57.89,30.77,57.38,65.0,5.0,4.8,0.08,1.44,0.39,0.44
2020-12-08,2020-12,49,3,desktop,<Other>,referral,(referral),returning_session,137,132,2354,665,230,98,0,56,34,11,36,11,10,7,6,3,75,11,422.0,34,27,5.11,26.28,30.56,90.91,70.0,19.44,54.55,30.0,54.74,38.36,3.2,3.08,0.08,1.68,0.72,0.41
2020-12-08,2020-12,49,3,desktop,(direct),(none),(direct),returning_session,249,238,4680,1330,493,209,0,101,60,16,67,29,22,14,19,8,141,16,1507.0,74,67,5.62,26.91,43.28,75.86,63.64,20.9,65.52,36.36,56.63,94.19,6.33,6.05,0.07,1.98,0.84,0.41
2020-12-03,2020-12,48,5,mobile,(data deleted),(data deleted),(data deleted),new_session,1,1,2,1,0,0,0,0,0,0,0,0,0,0,0,0,1,0,0.0,0,0,0.0,0.0,,,,,,,100.0,,0.0,0.0,0.0,0.0,0.0,0.0
2020-12-03,2020-12,48,5,tablet,<Other>,organic,(organic),returning_session,1,1,9,3,0,0,0,0,0,0,0,0,0,0,0,0,0,0,0.0,0,0,0.0,0.0,,,,,,,0.0,,0.0,0.0,0.0,0.0,0.0,0.0
2020-12-03,2020-12,48,5,desktop,(data deleted),(data deleted),(data deleted),new_session,2,2,19,6,0,0,0,0,0,0,0,0,0,0,0,0,1,0,0.0,0,0,0.0,0.0,,,,,,,50.0,,0.0,0.0,0.0,0.0,0.0,0.0
2020-12-03,2020-12,48,5,mobile,<Other>,(data deleted),(data deleted),returning_session,2,2,8,2,0,0,0,0,0,0,0,0,0,0,0,0,2,0,0.0,0,0,0.0,0.0,,,,,,,100.0,,0.0,0.0,0.0,0.0,0.0,0.0
2020-12-03,2020-12,48,5,desktop,<Other>,(data deleted),(data deleted),returning_session,1,1,6,2,0,0,0,0,0,0,0,0,0,0,0,0,0,0,0.0,0,0,0.0,0.0,,,,,,,0.0,,0.0,0.0,0.0,0.0,0.0,0.0
2020-12-03,2020-12,48,5,tablet,google,organic,(organic),returning_session,4,4,57,17,10,0,0,0,0,0,1,0,0,0,0,0,2,0,0.0,0,0,0.0,25.0,0.0,,,0.0,,,50.0,,0.0,0.0,0.0,2.5,0.0,0.0
2020-12-03,2020-12,48,5,mobile,<Other>,organic,(organic),returning_session,13,13,215,68,35,2,0,0,0,0,6,2,0,0,2,0,6,0,0.0,0,0,0.0,46.15,33.33,0.0,,0.0,100.0,,46.15,,0.0,0.0,0.0,2.69,0.15,0.0
2020-12-03,2020-12,48,5,tablet,(direct),(none),(direct),new_session,19,19,155,41,11,3,0,0,0,0,3,1,0,0,1,0,11,0,0.0,0,0,0.0,15.79,33.33,0.0,,0.0,100.0,,57.89,,0.0,0.0,0.0,0.58,0.16,0.0
2020-12-03,2020-12,48,5,mobile,<Other>,<Other>,<Other>,returning_session,38,38,452,144,64,1,0,0,0,0,9,1,0,0,1,0,22,0,0.0,0,0,0.0,23.68,11.11,0.0,,0.0,100.0,,57.89,,0.0,0.0,0.0,1.68,0.03,0.0
2020-12-03,2020-12,48,5,desktop,(data deleted),(data deleted),<Other>,returning_session,1,1,9,3,2,1,0,0,0,0,1,1,0,0,1,0,0,0,0.0,0,0,0.0,100.0,100.0,0.0,,0.0,100.0,,0.0,,0.0,0.0,0.0,2.0,1.0,0.0
2020-12-03,2020-12,48,5,tablet,google,cpc,<Other>,new_session,5,5,86,27,7,0,0,0,0,0,2,0,0,0,0,0,2,0,0.0,0,0,0.0,40.0,0.0,,,0.0,,,40.0,,0.0,0.0,0.0,1.4,0.0,0.0
2020-12-03,2020-12,48,5,tablet,(data deleted),(data deleted),(data deleted),returning_session,10,10,70,22,7,0,0,0,0,0,2,0,0,0,0,0,5,0,0.0,0,0,0.0,20.0,0.0,,,0.0,,,50.0,,0.0,0.0,0.0,0.7,0.0,0.0
2020-12-03,2020-12,48,5,tablet,(direct),(none),(direct),returning_session,6,6,24,6,1,0,0,0,0,0,1,0,0,0,0,0,5,0,0.0,0,0,0.0,16.67,0.0,,,0.0,,,83.33,,0.0,0.0,0.0,0.17,0.0,0.0
2020-12-03,2020-12,48,5,tablet,<Other>,referral,(referral),returning_session,9,8,162,52,18,1,0,0,0,0,2,1,0,0,1,0,4,0,0.0,0,0,0.0,22.22,50.0,0.0,,0.0,100.0,,44.44,,0.0,0.0,0.0,2.0,0.11,0.0
2020-12-03,2020-12,48,5,tablet,shop.googlemerchandisestore.com,referral,(referral),returning_session,3,3,65,25,5,0,0,0,0,0,1,0,0,0,0,0,0,0,0.0,0,0,0.0,33.33,0.0,,,0.0,,,0.0,,0.0,0.0,0.0,1.67,0.0,0.0
2020-12-03,2020-12,48,5,desktop,google,cpc,<Other>,returning_session,19,19,188,60,14,2,0,0,0,0,2,1,0,0,1,0,10,0,0.0,0,0,0.0,10.53,50.0,0.0,,0.0,100.0,,52.63,,0.0,0.0,0.0,0.74,0.11,0.0
2020-12-03,2020-12,48,5,mobile,(data deleted),(data deleted),<Other>,returning_session,2,2,11,2,2,0,0,0,0,0,1,0,0,0,0,0,1,0,0.0,0,0,0.0,50.0,0.0,,,0.0,,,50.0,,0.0,0.0,0.0,1.0,0.0,0.0
2020-12-03,2020-12,48,5,tablet,google,organic,(organic),new_session,24,24,330,86,34,11,0,0,0,0,8,4,0,0,4,0,10,0,0.0,0,0,0.0,33.33,50.0,0.0,,0.0,100.0,,41.67,,0.0,0.0,0.0,1.42,0.46,0.0
2020-12-03,2020-12,48,5,mobile,google,cpc,<Other>,new_session,71,71,1031,344,83,5,0,8,1,0,12,4,4,0,4,4,39,0,0.0,0,0,0.0,16.9,33.33,100.0,0.0,0.0,100.0,100.0,54.93,,0.0,0.0,0.0,1.17,0.07,0.11
2020-12-03,2020-12,48,5,desktop,shop.googlemerchandisestore.com,referral,(referral),new_session,111,111,1428,433,145,25,0,4,0,0,31,9,2,0,9,2,57,0,0.0,0,0,0.0,27.93,29.03,22.22,0.0,0.0,100.0,100.0,51.35,,0.0,0.0,0.0,1.31,0.23,0.04
2020-12-03,2020-12,48,5,tablet,shop.googlemerchandisestore.com,referral,(referral),new_session,8,8,355,130,53,3,0,4,0,0,3,2,2,0,2,2,3,0,0.0,0,0,0.0,37.5,66.67,100.0,0.0,0.0,100.0,100.0,37.5,,0.0,0.0,0.0,6.63,0.38,0.5
2020-12-03,2020-12,48,5,tablet,<Other>,<Other>,<Other>,new_session,13,13,393,144,49,2,0,2,0,0,4,1,1,0,1,1,4,0,0.0,0,0,0.0,30.77,25.0,100.0,0.0,0.0,100.0,100.0,30.77,,0.0,0.0,0.0,3.77,0.15,0.15
2020-12-03,2020-12,48,5,mobile,google,cpc,<Other>,returning_session,9,9,153,42,9,7,0,10,2,0,3,2,2,0,2,2,5,0,0.0,0,0,0.0,33.33,66.67,100.0,0.0,0.0,100.0,100.0,55.56,,0.0,0.0,0.0,1.0,0.78,1.11
2020-12-03,2020-12,48,5,mobile,<Other>,<Other>,<Other>,new_session,229,229,3730,1139,374,75,0,23,6,1,66,21,10,1,20,9,97,1,258.0,26,8,0.44,28.82,31.82,47.62,10.0,1.52,95.24,90.0,42.36,258.0,1.13,1.13,0.0,1.63,0.33,0.1
2020-12-03,2020-12,48,5,desktop,<Other>,referral,(referral),new_session,194,194,2437,702,193,14,0,10,2,1,51,10,4,1,9,3,92,1,149.0,8,6,0.52,26.29,19.61,40.0,25.0,1.96,90.0,75.0,47.42,149.0,0.77,0.77,0.01,0.99,0.07,0.05
2020-12-03,2020-12,48,5,mobile,google,organic,(organic),new_session,509,509,6548,1898,602,143,0,68,11,4,130,43,24,3,41,21,265,3,162.0,9,9,0.59,25.54,33.08,55.81,12.5,2.31,95.35,87.5,52.06,54.0,0.32,0.32,0.01,1.18,0.28,0.13
2020-12-03,2020-12,48,5,mobile,<Other>,referral,(referral),new_session,103,103,1139,315,98,30,0,8,1,1,30,6,4,1,6,3,46,1,46.0,1,1,0.97,29.13,20.0,66.67,25.0,3.33,100.0,75.0,44.66,46.0,0.45,0.45,0.01,0.95,0.29,0.08
2020-12-03,2020-12,48,5,desktop,google,organic,(organic),new_session,766,765,10149,3069,875,111,0,77,23,7,187,48,25,7,43,18,392,7,261.0,17,13,0.91,24.41,25.67,52.08,28.0,3.74,89.58,72.0,51.17,37.29,0.34,0.34,0.01,1.14,0.14,0.1
2020-12-03,2020-12,48,5,desktop,google,cpc,<Other>,new_session,125,125,1718,533,169,13,0,8,2,1,25,7,4,1,6,3,73,1,50.0,3,3,0.8,20.0,28.0,57.14,25.0,4.0,85.71,75.0,58.4,50.0,0.4,0.4,0.01,1.35,0.1,0.06
2020-12-03,2020-12,48,5,mobile,(direct),(none),(direct),new_session,307,307,4292,1327,413,63,0,34,7,3,68,28,13,3,25,10,159,3,187.0,7,7,0.98,22.15,41.18,46.43,23.08,4.41,89.29,76.92,51.79,62.33,0.61,0.61,0.01,1.35,0.21,0.11
2020-12-03,2020-12,48,5,desktop,(direct),(none),(direct),new_session,507,507,7020,2152,656,95,0,56,17,6,133,37,21,6,31,15,251,6,250.0,16,15,1.18,26.23,27.82,56.76,28.57,4.51,83.78,71.43,49.51,41.67,0.49,0.49,0.01,1.29,0.19,0.11
2020-12-03,2020-12,48,5,mobile,(direct),(none),(direct),returning_session,132,125,2028,580,265,61,0,36,17,2,42,13,5,2,11,3,67,2,133.0,10,9,1.52,31.82,30.95,38.46,40.0,4.76,84.62,60.0,50.76,66.5,1.06,1.01,0.02,2.01,0.46,0.27
2020-12-03,2020-12,48,5,desktop,<Other>,<Other>,<Other>,new_session,358,358,4661,1398,431,73,0,38,8,5,94,27,12,5,22,7,185,5,174.0,10,9,1.4,26.26,28.72,44.44,41.67,5.32,81.48,58.33,51.68,34.8,0.49,0.49,0.01,1.2,0.2,0.11
2020-12-03,2020-12,48,5,mobile,shop.googlemerchandisestore.com,referral,(referral),new_session,65,65,693,194,47,3,0,6,5,1,18,2,2,1,1,1,35,1,40.0,5,5,1.54,27.69,11.11,100.0,50.0,5.56,50.0,50.0,53.85,40.0,0.62,0.62,0.02,0.72,0.05,0.09
2020-12-03,2020-12,48,5,desktop,<Other>,organic,(organic),new_session,75,75,1066,303,81,23,0,6,4,1,17,4,2,1,3,1,39,1,76.0,7,5,1.33,22.67,23.53,50.0,50.0,5.88,75.0,50.0,52.0,76.0,1.01,1.01,0.01,1.08,0.31,0.08
2020-12-03,2020-12,48,5,desktop,<Other>,referral,(referral),returning_session,108,102,1496,428,199,44,0,22,4,2,30,9,4,2,8,2,58,2,90.0,7,7,1.85,27.78,30.0,44.44,50.0,6.67,88.89,50.0,53.7,45.0,0.88,0.83,0.02,1.84,0.41,0.2
2020-12-03,2020-12,48,5,mobile,google,organic,(organic),returning_session,165,156,2032,585,206,47,0,28,8,3,44,15,8,3,12,5,92,3,73.0,9,9,1.82,26.67,34.09,53.33,37.5,6.82,80.0,62.5,55.76,24.33,0.47,0.44,0.02,1.25,0.28,0.17
2020-12-03,2020-12,48,5,mobile,<Other>,organic,(organic),new_session,41,41,1019,354,132,7,0,8,2,1,12,3,3,1,3,2,19,1,40.0,1,1,2.44,29.27,25.0,100.0,33.33,8.33,100.0,66.67,46.34,40.0,0.98,0.98,0.02,3.22,0.17,0.2
2020-12-03,2020-12,48,5,desktop,(data deleted),(data deleted),(data deleted),returning_session,192,183,2491,725,284,66,0,34,13,6,53,16,10,5,13,5,96,6,233.0,13,13,2.6,27.6,30.19,62.5,50.0,9.43,81.25,50.0,50.0,38.83,1.27,1.21,0.03,1.48,0.34,0.18
2020-12-03,2020-12,48,5,mobile,(data deleted),(data deleted),(data deleted),returning_session,130,122,1375,388,156,49,0,10,5,3,30,12,4,3,9,1,77,3,148.0,14,11,2.31,23.08,40.0,33.33,75.0,10.0,75.0,25.0,59.23,49.33,1.21,1.14,0.02,1.2,0.38,0.08
2020-12-03,2020-12,48,5,desktop,shop.googlemerchandisestore.com,referral,(referral),returning_session,159,148,2294,648,236,63,0,64,20,5,39,15,10,5,12,5,82,5,247.0,10,10,3.14,24.53,38.46,66.67,50.0,12.82,80.0,50.0,51.57,49.4,1.67,1.55,0.03,1.48,0.4,0.4
2020-12-03,2020-12,48,5,mobile,shop.googlemerchandisestore.com,referral,(referral),returning_session,105,102,1778,518,189,32,0,38,14,7,34,8,8,5,5,3,50,7,323.0,22,21,4.76,32.38,23.53,100.0,62.5,14.71,62.5,37.5,47.62,46.14,3.17,3.08,0.07,1.8,0.3,0.36
2020-12-03,2020-12,48,5,mobile,<Other>,referral,(referral),returning_session,69,69,1004,299,90,14,0,16,6,3,20,7,5,3,5,2,35,3,129.0,11,11,4.35,28.99,35.0,71.43,60.0,15.0,71.43,40.0,50.72,43.0,1.87,1.87,0.04,1.3,0.2,0.23
2020-12-03,2020-12,48,5,desktop,<Other>,organic,(organic),returning_session,16,16,330,98,28,10,0,6,2,1,6,3,3,1,2,2,8,1,127.0,9,6,6.25,37.5,50.0,100.0,33.33,16.67,66.67,66.67,50.0,127.0,7.94,7.94,0.06,1.75,0.63,0.38
2020-12-03,2020-12,48,5,desktop,(direct),(none),(direct),returning_session,198,188,3020,859,352,93,0,58,25,9,53,16,13,9,9,5,110,9,501.0,43,27,4.55,26.77,30.19,81.25,69.23,16.98,56.25,38.46,55.56,55.67,2.66,2.53,0.05,1.78,0.47,0.29
2020-12-03,2020-12,48,5,desktop,google,organic,(organic),returning_session,183,176,2934,842,323,55,0,73,33,9,47,15,14,9,9,5,96,9,374.0,24,23,4.92,25.68,31.91,93.33,64.29,19.15,60.0,35.71,52.46,41.56,2.13,2.04,0.05,1.77,0.3,0.4
2020-12-03,2020-12,48,5,desktop,<Other>,<Other>,<Other>,returning_session,57,55,804,231,72,19,0,24,8,5,15,5,6,5,2,1,35,5,212.0,25,20,8.77,26.32,33.33,120.0,83.33,33.33,40.0,16.67,61.4,42.4,3.85,3.72,0.09,1.26,0.33,0.42
2020-12-03,2020-12,48,5,tablet,<Other>,<Other>,<Other>,returning_session,5,5,257,73,42,19,0,2,2,1,3,1,1,1,0,0,2,1,0.0,0,1,20.0,60.0,33.33,100.0,100.0,33.33,0.0,0.0,40.0,0.0,0.0,0.0,0.2,8.4,3.8,0.4
2020-12-03,2020-12,48,5,tablet,<Other>,organic,(organic),new_session,5,5,63,17,6,1,0,2,1,1,3,1,1,1,1,0,2,1,28.0,2,2,20.0,60.0,33.33,100.0,100.0,33.33,100.0,0.0,40.0,28.0,5.6,5.6,0.2,1.2,0.2,0.4
2020-12-03,2020-12,48,5,tablet,<Other>,referral,(referral),new_session,7,7,91,24,4,3,0,2,1,1,2,2,1,1,1,0,3,1,13.0,1,1,14.29,28.57,100.0,50.0,100.0,50.0,50.0,0.0,42.86,13.0,1.86,1.86,0.14,0.57,0.43,0.29
2020-12-24,2020-12,51,5,tablet,<Other>,organic,(organic),new_session,2,2,7,2,0,0,0,0,0,0,0,0,0,0,0,0,2,0,0.0,0,0,0.0,0.0,,,,,,,100.0,,0.0,0.0,0.0,0.0,0.0,0.0
2020-12-24,2020-12,51,5,mobile,<Other>,(data deleted),(data deleted),returning_session,1,1,3,1,0,0,0,0,0,0,0,0,0,0,0,0,1,0,0.0,0,0,0.0,0.0,,,,,,,100.0,,0.0,0.0,0.0,0.0,0.0,0.0
2020-12-24,2020-12,51,5,tablet,<Other>,referral,(referral),new_session,3,3,11,3,0,0,0,0,0,0,0,0,0,0,0,0,3,0,0.0,0,0,0.0,0.0,,,,,,,100.0,,0.0,0.0,0.0,0.0,0.0,0.0
2020-12-24,2020-12,51,5,mobile,(data deleted),(data deleted),<Other>,returning_session,1,1,4,1,0,0,0,0,0,0,0,0,0,0,0,0,1,0,0.0,0,0,0.0,0.0,,,,,,,100.0,,0.0,0.0,0.0,0.0,0.0,0.0
2020-12-24,2020-12,51,5,tablet,shop.googlemerchandisestore.com,referral,(referral),returning_session,1,1,2,0,0,0,0,0,0,0,0,0,0,0,0,0,1,0,0.0,0,0,0.0,0.0,,,,,,,100.0,,0.0,0.0,0.0,0.0,0.0,0.0
2020-12-24,2020-12,51,5,desktop,(data deleted),(data deleted),<Other>,returning_session,1,1,16,5,0,0,0,0,0,0,0,0,0,0,0,0,0,0,0.0,0,0,0.0,0.0,,,,,,,0.0,,0.0,0.0,0.0,0.0,0.0,0.0
2020-12-24,2020-12,51,5,tablet,(direct),(none),(direct),returning_session,2,1,8,3,0,0,0,0,0,0,0,0,0,0,0,0,1,0,0.0,0,0,0.0,0.0,,,,,,,50.0,,0.0,0.0,0.0,0.0,0.0,0.0
2020-12-24,2020-12,51,5,desktop,<Other>,organic,(organic),returning_session,2,2,7,2,0,0,0,0,0,0,0,0,0,0,0,0,2,0,0.0,0,0,0.0,0.0,,,,,,,100.0,,0.0,0.0,0.0,0.0,0.0,0.0
2020-12-24,2020-12,51,5,tablet,<Other>,referral,(referral),returning_session,2,2,9,3,0,0,0,0,0,0,0,0,0,0,0,0,1,0,0.0,0,0,0.0,0.0,,,,,,,50.0,,0.0,0.0,0.0,0.0,0.0,0.0
2020-12-24,2020-12,51,5,mobile,(data deleted),(data deleted),(data deleted),new_session,3,3,27,8,0,0,0,0,0,0,0,0,0,0,0,0,1,0,0.0,0,0,0.0,0.0,,,,,,,33.33,,0.0,0.0,0.0,0.0,0.0,0.0
2020-12-24,2020-12,51,5,tablet,(direct),(none),(direct),new_session,13,13,169,48,19,0,0,0,0,0,2,0,0,0,0,0,9,0,0.0,0,0,0.0,15.38,0.0,,,0.0,,,69.23,,0.0,0.0,0.0,1.46,0.0,0.0
2020-12-24,2020-12,51,5,mobile,<Other>,organic,(organic),returning_session,4,4,45,14,2,0,0,0,0,0,1,0,0,0,0,0,1,0,0.0,0,0,0.0,25.0,0.0,,,0.0,,,25.0,,0.0,0.0,0.0,0.5,0.0,0.0
2020-12-24,2020-12,51,5,tablet,<Other>,<Other>,<Other>,new_session,13,13,105,31,5,0,0,0,0,0,1,0,0,0,0,0,9,0,0.0,0,0,0.0,7.69,0.0,,,0.0,,,69.23,,0.0,0.0,0.0,0.38,0.0,0.0
2020-12-24,2020-12,51,5,desktop,shop.googlemerchandisestore.com,referral,(referral),new_session,65,65,452,123,20,0,0,0,0,0,8,0,0,0,0,0,44,0,0.0,0,0,0.0,12.31,0.0,,,0.0,,,67.69,,0.0,0.0,0.0,0.31,0.0,0.0
2020-12-24,2020-12,51,5,desktop,(data deleted),(data deleted),(data deleted),new_session,1,1,8,2,2,0,0,0,0,0,1,0,0,0,0,0,0,0,0.0,0,0,0.0,100.0,0.0,,,0.0,,,0.0,,0.0,0.0,0.0,2.0,0.0,0.0
2020-12-24,2020-12,51,5,mobile,<Other>,<Other>,<Other>,returning_session,19,19,108,33,11,0,0,0,0,0,2,0,0,0,0,0,13,0,0.0,0,0,0.0,10.53,0.0,,,0.0,,,68.42,,0.0,0.0,0.0,0.58,0.0,0.0
2020-12-24,2020-12,51,5,tablet,google,organic,(organic),returning_session,1,1,176,48,39,0,0,6,2,1,1,0,1,1,0,0,0,1,76.0,1,1,100.0,100.0,0.0,,100.0,100.0,,0.0,0.0,76.0,76.0,76.0,1.0,39.0,0.0,6.0
2020-12-24,2020-12,51,5,mobile,google,cpc,<Other>,new_session,61,61,382,98,18,6,0,0,0,0,5,2,0,0,2,0,45,0,0.0,0,0,0.0,8.2,40.0,0.0,,0.0,100.0,,73.77,,0.0,0.0,0.0,0.3,0.1,0.0
2020-12-24,2020-12,51,5,tablet,google,organic,(organic),new_session,15,15,260,76,27,1,0,0,0,0,5,1,0,0,1,0,6,0,0.0,0,0,0.0,33.33,20.0,0.0,,0.0,100.0,,40.0,,0.0,0.0,0.0,1.8,0.07,0.0
2020-12-24,2020-12,51,5,mobile,google,organic,(organic),returning_session,43,42,515,144,83,15,0,0,0,0,13,2,0,0,2,0,24,0,0.0,0,0,0.0,30.23,15.38,0.0,,0.0,100.0,,55.81,,0.0,0.0,0.0,1.93,0.35,0.0
2020-12-24,2020-12,51,5,desktop,google,organic,(organic),returning_session,59,57,502,151,38,4,0,0,0,0,9,2,0,0,2,0,43,0,0.0,0,0,0.0,15.25,22.22,0.0,,0.0,100.0,,72.88,,0.0,0.0,0.0,0.64,0.07,0.0
2020-12-24,2020-12,51,5,desktop,<Other>,<Other>,<Other>,new_session,245,245,1705,471,92,3,0,0,0,0,28,3,0,0,3,0,181,0,0.0,0,0,0.0,11.43,10.71,0.0,,0.0,100.0,,73.88,,0.0,0.0,0.0,0.38,0.01,0.0
2020-12-24,2020-12,51,5,mobile,shop.googlemerchandisestore.com,referral,(referral),new_session,44,44,391,108,45,8,0,0,0,0,8,2,0,0,2,0,26,0,0.0,0,0,0.0,18.18,25.0,0.0,,0.0,100.0,,59.09,,0.0,0.0,0.0,1.02,0.18,0.0
2020-12-24,2020-12,51,5,desktop,<Other>,referral,(referral),new_session,115,115,775,210,55,16,0,0,0,0,24,5,0,0,5,0,77,0,0.0,0,0,0.0,20.87,20.83,0.0,,0.0,100.0,,66.96,,0.0,0.0,0.0,0.48,0.14,0.0
2020-12-24,2020-12,51,5,mobile,google,cpc,<Other>,returning_session,4,4,39,10,3,4,0,0,0,0,2,1,0,0,1,0,2,0,0.0,0,0,0.0,50.0,50.0,0.0,,0.0,100.0,,50.0,,0.0,0.0,0.0,0.75,1.0,0.0
2020-12-24,2020-12,51,5,desktop,google,cpc,<Other>,new_session,68,68,569,159,25,10,0,0,0,0,9,2,0,0,2,0,47,0,0.0,0,0,0.0,13.24,22.22,0.0,,0.0,100.0,,69.12,,0.0,0.0,0.0,0.37,0.15,0.0
2020-12-24,2020-12,51,5,tablet,google,cpc,<Other>,new_session,5,5,28,7,4,1,0,0,0,0,2,1,0,0,1,0,1,0,0.0,0,0,0.0,40.0,50.0,0.0,,0.0,100.0,,20.0,,0.0,0.0,0.0,0.8,0.2,0.0
2020-12-24,2020-12,51,5,desktop,<Other>,organic,(organic),new_session,53,53,358,102,16,1,0,0,0,0,7,1,0,0,1,0,36,0,0.0,0,0,0.0,13.21,14.29,0.0,,0.0,100.0,,67.92,,0.0,0.0,0.0,0.3,0.02,0.0
2020-12-24,2020-12,51,5,desktop,<Other>,referral,(referral),returning_session,32,32,533,156,63,14,0,6,1,0,12,4,1,0,4,1,15,0,0.0,0,0,0.0,37.5,33.33,25.0,0.0,0.0,100.0,100.0,46.88,,0.0,0.0,0.0,1.97,0.44,0.19
2020-12-24,2020-12,51,5,desktop,(direct),(none),(direct),new_session,297,297,2654,747,239,30,0,6,1,0,54,8,2,0,8,2,187,0,0.0,0,0,0.0,18.18,14.81,25.0,0.0,0.0,100.0,100.0,62.96,,0.0,0.0,0.0,0.8,0.1,0.02
2020-12-24,2020-12,51,5,desktop,google,organic,(organic),new_session,440,440,3492,988,187,22,0,12,2,1,59,7,2,1,7,1,297,1,99.0,1,1,0.23,13.41,11.86,28.57,50.0,1.69,100.0,50.0,67.5,99.0,0.23,0.23,0.0,0.42,0.05,0.03
2020-12-24,2020-12,51,5,desktop,(direct),(none),(direct),returning_session,67,66,920,289,102,22,0,5,2,1,17,7,2,1,6,1,35,1,0.0,0,1,1.49,25.37,41.18,28.57,50.0,5.88,85.71,50.0,52.24,0.0,0.0,0.0,0.02,1.52,0.33,0.07
2020-12-24,2020-12,51,5,mobile,google,organic,(organic),new_session,324,324,2591,708,163,47,0,15,4,1,54,13,4,1,12,3,214,1,26.0,2,2,0.31,16.67,24.07,30.77,25.0,1.85,92.31,75.0,66.05,26.0,0.08,0.08,0.0,0.5,0.15,0.05
2020-12-24,2020-12,51,5,mobile,<Other>,organic,(organic),new_session,28,28,323,99,21,3,0,3,0,0,5,3,1,0,3,1,21,0,0.0,0,0,0.0,17.86,60.0,33.33,0.0,0.0,100.0,100.0,75.0,,0.0,0.0,0.0,0.75,0.11,0.11
2020-12-24,2020-12,51,5,mobile,<Other>,referral,(referral),new_session,89,89,1088,317,104,40,0,6,1,0,11,3,1,0,3,1,61,0,0.0,0,0,0.0,12.36,27.27,33.33,0.0,0.0,100.0,100.0,68.54,,0.0,0.0,0.0,1.17,0.45,0.07
2020-12-24,2020-12,51,5,mobile,(direct),(none),(direct),new_session,213,213,1663,463,106,24,0,6,1,0,33,5,2,0,5,2,135,0,0.0,0,0,0.0,15.49,15.15,40.0,0.0,0.0,100.0,100.0,63.38,,0.0,0.0,0.0,0.5,0.11,0.03
2020-12-24,2020-12,51,5,desktop,shop.googlemerchandisestore.com,referral,(referral),returning_session,56,56,1040,311,159,25,0,9,1,1,21,5,2,1,4,1,25,1,153.0,4,4,1.79,37.5,23.81,40.0,50.0,4.76,80.0,50.0,44.64,153.0,2.73,2.73,0.02,2.84,0.45,0.16
2020-12-24,2020-12,51,5,mobile,shop.googlemerchandisestore.com,referral,(referral),returning_session,37,35,379,104,32,9,0,9,4,1,9,3,2,1,2,1,24,1,19.0,1,1,2.7,24.32,33.33,66.67,50.0,11.11,66.67,50.0,64.86,19.0,0.54,0.51,0.03,0.86,0.24,0.24
2020-12-24,2020-12,51,5,desktop,(data deleted),(data deleted),(data deleted),returning_session,61,60,1117,304,163,61,0,30,8,5,15,6,4,4,3,0,34,5,344.0,25,17,6.56,24.59,40.0,66.67,100.0,26.67,50.0,0.0,55.74,68.8,5.73,5.64,0.08,2.67,1.0,0.49
2020-12-24,2020-12,51,5,desktop,google,cpc,<Other>,returning_session,8,8,395,108,53,34,0,15,3,2,5,3,2,2,1,0,2,2,68.0,10,8,25.0,62.5,60.0,66.67,100.0,40.0,33.33,0.0,25.0,34.0,8.5,8.5,0.25,6.63,4.25,1.88
2020-12-24,2020-12,51,5,mobile,<Other>,<Other>,<Other>,new_session,166,166,1535,403,160,35,0,18,6,3,25,4,4,3,1,1,113,3,68.0,5,5,1.81,15.06,16.0,100.0,75.0,12.0,25.0,25.0,68.07,22.67,0.41,0.41,0.02,0.96,0.21,0.11
2020-12-24,2020-12,51,5,mobile,(data deleted),(data deleted),(data deleted),returning_session,48,45,650,196,84,19,0,18,3,2,11,4,4,2,2,2,30,2,71.0,4,4,4.17,22.92,36.36,100.0,50.0,18.18,50.0,50.0,62.5,35.5,1.58,1.48,0.04,1.75,0.4,0.38
2020-12-24,2020-12,51,5,desktop,<Other>,<Other>,<Other>,returning_session,14,14,206,54,20,1,0,6,3,1,4,1,1,1,1,0,9,1,59.0,2,2,7.14,28.57,25.0,100.0,100.0,25.0,100.0,0.0,64.29,59.0,4.21,4.21,0.07,1.43,0.07,0.43
2020-12-24,2020-12,51,5,mobile,<Other>,referral,(referral),returning_session,23,23,194,55,21,1,0,6,1,1,4,1,1,1,0,0,15,1,120.0,1,1,4.35,17.39,25.0,100.0,100.0,25.0,0.0,0.0,65.22,120.0,5.22,5.22,0.04,0.91,0.04,0.26
2020-12-24,2020-12,51,5,tablet,(data deleted),(data deleted),(data deleted),returning_session,7,7,154,50,12,11,0,6,1,1,1,1,1,1,0,0,4,1,25.0,4,4,14.29,14.29,100.0,100.0,100.0,100.0,0.0,0.0,57.14,25.0,3.57,3.57,0.14,1.71,1.57,0.86
2020-12-24,2020-12,51,5,mobile,(direct),(none),(direct),returning_session,42,41,502,138,77,14,0,6,3,2,9,1,2,2,0,0,32,2,64.0,9,9,4.76,21.43,11.11,200.0,100.0,22.22,0.0,0.0,76.19,32.0,1.56,1.52,0.05,1.83,0.33,0.14
2020-12-19,2020-12,50,7,tablet,<Other>,organic,(organic),returning_session,1,1,2,0,0,0,0,0,0,0,0,0,0,0,0,0,1,0,0.0,0,0,0.0,0.0,,,,,,,100.0,,0.0,0.0,0.0,0.0,0.0,0.0
2020-12-19,2020-12,50,7,mobile,(data deleted),(data deleted),(data deleted),new_session,1,1,2,0,0,0,0,0,0,0,0,0,0,0,0,0,1,0,0.0,0,0,0.0,0.0,,,,,,,100.0,,0.0,0.0,0.0,0.0,0.0,0.0
2020-12-19,2020-12,50,7,desktop,(data deleted),(data deleted),<Other>,new_session,1,1,1,1,0,0,0,0,0,0,0,0,0,0,0,0,1,0,0.0,0,0,0.0,0.0,,,,,,,100.0,,0.0,0.0,0.0,0.0,0.0,0.0
2020-12-19,2020-12,50,7,tablet,google,cpc,<Other>,returning_session,1,1,4,1,0,0,0,0,0,0,0,0,0,0,0,0,1,0,0.0,0,0,0.0,0.0,,,,,,,100.0,,0.0,0.0,0.0,0.0,0.0,0.0
2020-12-19,2020-12,50,7,desktop,<Other>,(data deleted),(data deleted),new_session,1,1,3,1,0,0,0,0,0,0,0,0,0,0,0,0,1,0,0.0,0,0,0.0,0.0,,,,,,,100.0,,0.0,0.0,0.0,0.0,0.0,0.0
2020-12-19,2020-12,50,7,mobile,(data deleted),(data deleted),<Other>,returning_session,1,1,5,2,0,0,0,0,0,0,0,0,0,0,0,0,0,0,0.0,0,0,0.0,0.0,,,,,,,0.0,,0.0,0.0,0.0,0.0,0.0,0.0
2020-12-19,2020-12,50,7,tablet,<Other>,<Other>,<Other>,returning_session,1,1,6,2,0,0,0,0,0,0,0,0,0,0,0,0,0,0,0.0,0,0,0.0,0.0,,,,,,,0.0,,0.0,0.0,0.0,0.0,0.0,0.0
2020-12-19,2020-12,50,7,desktop,<Other>,organic,(organic),returning_session,3,3,8,2,0,0,0,0,0,0,0,0,0,0,0,0,3,0,0.0,0,0,0.0,0.0,,,,,,,100.0,,0.0,0.0,0.0,0.0,0.0,0.0
2020-12-19,2020-12,50,7,desktop,(data deleted),(data deleted),<Other>,returning_session,1,1,7,3,0,0,0,0,0,0,0,0,0,0,0,0,0,0,0.0,0,0,0.0,0.0,,,,,,,0.0,,0.0,0.0,0.0,0.0,0.0,0.0
2020-12-19,2020-12,50,7,tablet,google,cpc,<Other>,new_session,3,3,11,3,1,0,0,0,0,0,1,0,0,0,0,0,2,0,0.0,0,0,0.0,33.33,0.0,,,0.0,,,66.67,,0.0,0.0,0.0,0.33,0.0,0.0
2020-12-19,2020-12,50,7,tablet,google,organic,(organic),returning_session,2,2,9,3,1,0,0,0,0,0,1,0,0,0,0,0,1,0,0.0,0,0,0.0,50.0,0.0,,,0.0,,,50.0,,0.0,0.0,0.0,0.5,0.0,0.0
2020-12-19,2020-12,50,7,tablet,<Other>,organic,(organic),new_session,3,3,12,3,0,0,0,0,0,0,0,0,0,0,0,0,3,0,0.0,0,0,0.0,0.0,,,,,,,100.0,,0.0,0.0,0.0,0.0,0.0,0.0
2020-12-19,2020-12,50,7,tablet,shop.googlemerchandisestore.com,referral,(referral),new_session,2,2,11,4,0,0,0,0,0,0,0,0,0,0,0,0,0,0,0.0,0,0,0.0,0.0,,,,,,,0.0,,0.0,0.0,0.0,0.0,0.0,0.0
2020-12-19,2020-12,50,7,tablet,(direct),(none),(direct),returning_session,3,3,17,4,0,0,0,0,0,0,0,0,0,0,0,0,2,0,0.0,0,0,0.0,0.0,,,,,,,66.67,,0.0,0.0,0.0,0.0,0.0,0.0
2020-12-19,2020-12,50,7,tablet,<Other>,referral,(referral),new_session,3,3,18,5,0,0,0,0,0,0,0,0,0,0,0,0,2,0,0.0,0,0,0.0,0.0,,,,,,,66.67,,0.0,0.0,0.0,0.0,0.0,0.0
2020-12-19,2020-12,50,7,tablet,<Other>,referral,(referral),returning_session,2,2,13,5,0,0,0,0,0,0,0,0,0,0,0,0,1,0,0.0,0,0,0.0,0.0,,,,,,,50.0,,0.0,0.0,0.0,0.0,0.0,0.0
2020-12-19,2020-12,50,7,mobile,<Other>,organic,(organic),returning_session,5,5,31,8,5,0,0,0,0,0,1,0,0,0,0,0,2,0,0.0,0,0,0.0,20.0,0.0,,,0.0,,,40.0,,0.0,0.0,0.0,1.0,0.0,0.0
2020-12-19,2020-12,50,7,tablet,<Other>,<Other>,<Other>,new_session,10,10,53,14,4,0,0,0,0,0,3,0,0,0,0,0,5,0,0.0,0,0,0.0,30.0,0.0,,,0.0,,,50.0,,0.0,0.0,0.0,0.4,0.0,0.0
2020-12-19,2020-12,50,7,tablet,(data deleted),(data deleted),(data deleted),returning_session,2,2,54,16,10,0,0,0,0,0,1,0,0,0,0,0,1,0,0.0,0,0,0.0,50.0,0.0,,,0.0,,,50.0,,0.0,0.0,0.0,5.0,0.0,0.0
2020-12-19,2020-12,50,7,tablet,shop.googlemerchandisestore.com,referral,(referral),returning_session,6,5,76,19,14,0,0,0,0,0,2,0,0,0,0,0,2,0,0.0,0,0,0.0,33.33,0.0,,,0.0,,,33.33,,0.0,0.0,0.0,2.33,0.0,0.0
2020-12-19,2020-12,50,7,mobile,google,cpc,<Other>,returning_session,8,8,55,20,5,0,0,0,0,0,4,0,0,0,0,0,4,0,0.0,0,0,0.0,50.0,0.0,,,0.0,,,50.0,,0.0,0.0,0.0,0.63,0.0,0.0
2020-12-19,2020-12,50,7,desktop,(data deleted),(data deleted),(data deleted),new_session,4,4,68,26,0,0,0,0,0,0,0,0,0,0,0,0,1,0,0.0,0,0,0.0,0.0,,,,,,,25.0,,0.0,0.0,0.0,0.0,0.0,0.0
2020-12-19,2020-12,50,7,tablet,google,organic,(organic),new_session,16,16,93,27,1,0,0,0,0,0,1,0,0,0,0,0,9,0,0.0,0,0,0.0,6.25,0.0,,,0.0,,,56.25,,0.0,0.0,0.0,0.06,0.0,0.0
2020-12-19,2020-12,50,7,desktop,<Other>,referral,(referral),returning_session,44,43,297,88,40,5,0,0,0,0,6,1,0,0,1,0,33,0,0.0,0,0,0.0,13.64,16.67,0.0,,0.0,100.0,,75.0,,0.0,0.0,0.0,0.91,0.11,0.0
2020-12-19,2020-12,50,7,desktop,<Other>,organic,(organic),new_session,50,50,344,95,23,0,0,0,0,0,13,0,0,0,0,0,27,0,0.0,0,0,0.0,26.0,0.0,,,0.0,,,54.0,,0.0,0.0,0.0,0.46,0.0,0.0
2020-12-19,2020-12,50,7,mobile,<Other>,<Other>,<Other>,new_session,193,193,1494,420,93,13,0,0,0,0,35,6,0,0,6,0,125,0,0.0,0,0,0.0,18.13,17.14,0.0,,0.0,100.0,,64.77,,0.0,0.0,0.0,0.48,0.07,0.0
2020-12-19,2020-12,50,7,mobile,<Other>,(data deleted),(data deleted),returning_session,1,1,26,8,1,1,0,3,0,0,1,1,1,0,1,1,0,0,0.0,0,0,0.0,100.0,100.0,100.0,0.0,0.0,100.0,100.0,0.0,,0.0,0.0,0.0,1.0,1.0,3.0
2020-12-19,2020-12,50,7,tablet,(direct),(none),(direct),new_session,17,17,166,47,17,3,0,3,0,0,3,1,1,0,1,1,10,0,0.0,0,0,0.0,17.65,33.33,100.0,0.0,0.0,100.0,100.0,58.82,,0.0,0.0,0.0,1.0,0.18,0.18
2020-12-19,2020-12,50,7,mobile,<Other>,organic,(organic),new_session,31,31,239,62,11,3,0,3,0,0,6,1,1,0,1,1,19,0,0.0,0,0,0.0,19.35,16.67,100.0,0.0,0.0,100.0,100.0,61.29,,0.0,0.0,0.0,0.35,0.1,0.1
2020-12-19,2020-12,50,7,desktop,<Other>,<Other>,<Other>,returning_session,23,23,388,110,63,5,0,6,1,0,5,1,1,0,1,1,16,0,0.0,0,0,0.0,21.74,20.0,100.0,0.0,0.0,100.0,100.0,69.57,,0.0,0.0,0.0,2.74,0.22,0.26
2020-12-19,2020-12,50,7,mobile,<Other>,<Other>,<Other>,returning_session,23,23,432,130,58,12,0,2,0,0,7,4,1,0,4,1,12,0,0.0,0,0,0.0,30.43,57.14,25.0,0.0,0.0,100.0,100.0,52.17,,0.0,0.0,0.0,2.52,0.52,0.09
2020-12-19,2020-12,50,7,mobile,google,cpc,<Other>,new_session,65,65,470,130,15,6,0,3,0,0,6,4,1,0,4,1,46,0,0.0,0,0,0.0,9.23,66.67,25.0,0.0,0.0,100.0,100.0,70.77,,0.0,0.0,0.0,0.23,0.09,0.05
2020-12-19,2020-12,50,7,mobile,shop.googlemerchandisestore.com,referral,(referral),new_session,62,62,486,135,30,6,0,6,1,0,14,3,1,0,3,1,36,0,0.0,0,0,0.0,22.58,21.43,33.33,0.0,0.0,100.0,100.0,58.06,,0.0,0.0,0.0,0.48,0.1,0.1
2020-12-19,2020-12,50,7,desktop,shop.googlemerchandisestore.com,referral,(referral),new_session,72,72,521,146,26,4,0,9,0,0,12,1,1,0,1,1,51,0,0.0,0,0,0.0,16.67,8.33,100.0,0.0,0.0,100.0,100.0,70.83,,0.0,0.0,0.0,0.36,0.06,0.13
2020-12-19,2020-12,50,7,desktop,google,cpc,<Other>,new_session,95,95,1017,302,65,11,0,9,0,0,24,5,2,0,5,2,54,0,0.0,0,0,0.0,25.26,20.83,40.0,0.0,0.0,100.0,100.0,56.84,,0.0,0.0,0.0,0.68,0.12,0.09
2020-12-19,2020-12,50,7,desktop,<Other>,referral,(referral),new_session,150,150,1101,304,62,16,0,6,1,0,27,3,1,0,3,1,94,0,0.0,0,0,0.0,18.0,11.11,33.33,0.0,0.0,100.0,100.0,62.67,,0.0,0.0,0.0,0.41,0.11,0.04
2020-12-19,2020-12,50,7,desktop,<Other>,<Other>,<Other>,new_session,284,284,2741,768,207,64,0,24,2,1,51,14,6,1,14,5,168,1,88.0,1,1,0.35,17.96,27.45,42.86,16.67,1.96,100.0,83.33,59.15,88.0,0.31,0.31,0.0,0.73,0.23,0.08
2020-12-19,2020-12,50,7,desktop,(direct),(none),(direct),new_session,407,407,3665,1026,248,40,0,21,3,1,71,15,6,1,14,5,260,1,16.0,2,2,0.25,17.44,21.13,40.0,16.67,1.41,93.33,83.33,63.88,16.0,0.04,0.04,0.0,0.61,0.1,0.05
2020-12-19,2020-12,50,7,mobile,google,organic,(organic),new_session,368,368,3525,989,325,43,0,39,7,3,70,15,8,2,14,6,231,2,68.0,5,5,0.54,19.02,21.43,53.33,25.0,2.86,93.33,75.0,62.77,34.0,0.18,0.18,0.01,0.88,0.12,0.11
2020-12-19,2020-12,50,7,desktop,shop.googlemerchandisestore.com,referral,(referral),returning_session,54,53,550,161,32,6,0,14,2,1,10,2,3,1,2,2,34,1,22.0,1,1,1.85,18.52,20.0,150.0,33.33,10.0,100.0,66.67,62.96,22.0,0.42,0.41,0.02,0.59,0.11,0.26
2020-12-19,2020-12,50,7,mobile,<Other>,referral,(referral),returning_session,42,40,876,242,88,47,0,36,15,3,11,6,3,1,5,2,25,3,233.0,8,5,2.38,26.19,54.55,50.0,33.33,9.09,83.33,66.67,59.52,77.67,5.83,5.55,0.07,2.1,1.12,0.86
2020-12-19,2020-12,50,7,mobile,shop.googlemerchandisestore.com,referral,(referral),returning_session,54,50,830,270,67,15,0,21,4,1,11,2,2,1,1,1,29,1,39.0,5,5,1.85,20.37,18.18,100.0,50.0,9.09,50.0,50.0,53.7,39.0,0.78,0.72,0.02,1.24,0.28,0.39
2020-12-19,2020-12,50,7,mobile,google,organic,(organic),returning_session,79,75,952,278,102,28,0,21,4,2,23,11,4,2,9,2,41,2,242.0,14,3,2.53,29.11,47.83,36.36,50.0,8.7,81.82,50.0,51.9,121.0,3.23,3.06,0.03,1.29,0.35,0.27
2020-12-19,2020-12,50,7,mobile,(direct),(none),(direct),new_session,289,289,2864,817,228,66,0,12,2,2,60,14,4,2,12,2,181,2,76.0,2,2,0.69,20.76,23.33,28.57,50.0,3.33,85.71,50.0,62.63,38.0,0.26,0.26,0.01,0.79,0.23,0.04
2020-12-19,2020-12,50,7,desktop,google,organic,(organic),new_session,553,553,5411,1512,429,166,0,63,13,7,100,25,10,5,21,5,343,7,247.0,15,16,0.9,18.08,25.0,40.0,50.0,5.0,84.0,50.0,62.03,35.29,0.45,0.45,0.01,0.78,0.3,0.11
2020-12-19,2020-12,50,7,desktop,(direct),(none),(direct),returning_session,99,93,1374,401,178,16,0,39,8,5,27,9,9,5,5,4,55,5,338.0,16,14,5.05,27.27,33.33,100.0,55.56,18.52,55.56,44.44,55.56,67.6,3.63,3.41,0.05,1.8,0.16,0.39
2020-12-19,2020-12,50,7,desktop,(data deleted),(data deleted),(data deleted),returning_session,99,95,1410,403,165,58,0,24,4,3,27,9,5,3,7,2,53,3,112.0,5,5,3.03,27.27,33.33,55.56,60.0,11.11,77.78,40.0,53.54,37.33,1.18,1.13,0.03,1.67,0.59,0.24
2020-12-19,2020-12,50,7,mobile,(direct),(none),(direct),returning_session,77,72,1225,408,95,19,0,33,11,4,24,8,5,3,5,2,43,4,240.0,11,10,3.9,31.17,33.33,62.5,60.0,12.5,62.5,40.0,55.84,60.0,3.33,3.12,0.06,1.23,0.25,0.43
2020-12-19,2020-12,50,7,mobile,(data deleted),(data deleted),(data deleted),returning_session,73,71,1382,421,170,53,0,30,8,5,18,10,5,4,6,1,44,5,392.0,17,15,5.48,24.66,55.56,50.0,80.0,22.22,60.0,20.0,60.27,78.4,5.52,5.37,0.07,2.33,0.73,0.41
2020-12-19,2020-12,50,7,desktop,google,organic,(organic),returning_session,86,81,1420,437,105,27,0,60,19,9,26,8,5,4,5,1,44,9,191.0,11,12,4.65,30.23,30.77,62.5,80.0,15.38,62.5,20.0,51.16,21.22,2.36,2.22,0.11,1.22,0.31,0.7
2020-12-19,2020-12,50,7,desktop,google,cpc,<Other>,returning_session,5,5,241,66,35,11,0,12,3,2,2,2,2,2,0,0,3,2,83.0,6,6,40.0,40.0,100.0,100.0,100.0,100.0,0.0,0.0,60.0,41.5,16.6,16.6,0.4,7.0,2.2,2.4
2020-12-19,2020-12,50,7,mobile,<Other>,referral,(referral),new_session,112,112,1000,292,63,13,0,6,3,2,20,3,2,2,2,0,70,2,72.0,2,2,1.79,17.86,15.0,66.67,100.0,10.0,66.67,0.0,62.5,36.0,0.64,0.64,0.02,0.56,0.12,0.05
2020-12-23,2020-12,51,4,tablet,(data deleted),(data deleted),(data deleted),returning_session,1,1,3,0,0,0,0,0,0,0,0,0,0,0,0,0,1,0,0.0,0,0,0.0,0.0,,,,,,,100.0,,0.0,0.0,0.0,0.0,0.0,0.0
2020-12-23,2020-12,51,4,desktop,google,cpc,<Other>,new_session,64,64,445,128,11,0,0,0,0,0,9,0,0,0,0,0,37,0,0.0,0,0,0.0,14.06,0.0,,,0.0,,,57.81,,0.0,0.0,0.0,0.17,0.0,0.0
2020-12-23,2020-12,51,4,tablet,google,cpc,<Other>,new_session,2,2,36,14,0,0,0,0,0,0,0,0,0,0,0,0,0,0,0.0,0,0,0.0,0.0,,,,,,,0.0,,0.0,0.0,0.0,0.0,0.0,0.0
2020-12-23,2020-12,51,4,tablet,<Other>,organic,(organic),new_session,2,2,11,3,0,0,0,0,0,0,0,0,0,0,0,0,1,0,0.0,0,0,0.0,0.0,,,,,,,50.0,,0.0,0.0,0.0,0.0,0.0,0.0
2020-12-23,2020-12,51,4,mobile,(data deleted),(data deleted),(data deleted),new_session,3,3,16,4,5,0,0,0,0,0,1,0,0,0,0,0,1,0,0.0,0,0,0.0,33.33,0.0,,,0.0,,,33.33,,0.0,0.0,0.0,1.67,0.0,0.0
2020-12-23,2020-12,51,4,tablet,<Other>,referral,(referral),new_session,5,5,68,20,8,0,0,0,0,0,2,0,0,0,0,0,2,0,0.0,0,0,0.0,40.0,0.0,,,0.0,,,40.0,,0.0,0.0,0.0,1.6,0.0,0.0
2020-12-23,2020-12,51,4,desktop,<Other>,(data deleted),(data deleted),returning_session,1,1,17,6,0,0,0,0,0,0,0,0,0,0,0,0,0,0,0.0,0,0,0.0,0.0,,,,,,,0.0,,0.0,0.0,0.0,0.0,0.0,0.0
2020-12-23,2020-12,51,4,mobile,<Other>,organic,(organic),returning_session,1,1,2,0,0,0,0,0,0,0,0,0,0,0,0,0,1,0,0.0,0,0,0.0,0.0,,,,,,,100.0,,0.0,0.0,0.0,0.0,0.0,0.0
2020-12-23,2020-12,51,4,tablet,google,organic,(organic),new_session,18,18,148,44,4,0,0,0,0,0,2,0,0,0,0,0,13,0,0.0,0,0,0.0,11.11,0.0,,,0.0,,,72.22,,0.0,0.0,0.0,0.22,0.0,0.0
2020-12-23,2020-12,51,4,tablet,<Other>,<Other>,<Other>,new_session,12,12,85,24,3,0,0,0,0,0,2,0,0,0,0,0,7,0,0.0,0,0,0.0,16.67,0.0,,,0.0,,,58.33,,0.0,0.0,0.0,0.25,0.0,0.0
2020-12-23,2020-12,51,4,desktop,(data deleted),(data deleted),(data deleted),new_session,3,3,42,13,1,0,0,0,0,0,1,0,0,0,0,0,1,0,0.0,0,0,0.0,33.33,0.0,,,0.0,,,33.33,,0.0,0.0,0.0,0.33,0.0,0.0
2020-12-23,2020-12,51,4,tablet,shop.googlemerchandisestore.com,referral,(referral),new_session,2,2,22,6,0,0,0,0,0,0,0,0,0,0,0,0,1,0,0.0,0,0,0.0,0.0,,,,,,,50.0,,0.0,0.0,0.0,0.0,0.0,0.0
2020-12-23,2020-12,51,4,tablet,(direct),(none),(direct),returning_session,4,4,93,32,3,0,0,0,0,0,1,0,0,0,0,0,1,0,0.0,0,0,0.0,25.0,0.0,,,0.0,,,25.0,,0.0,0.0,0.0,0.75,0.0,0.0
2020-12-23,2020-12,51,4,tablet,shop.googlemerchandisestore.com,referral,(referral),returning_session,3,3,24,6,0,0,0,0,0,0,0,0,0,0,0,0,2,0,0.0,0,0,0.0,0.0,,,,,,,66.67,,0.0,0.0,0.0,0.0,0.0,0.0
2020-12-23,2020-12,51,4,mobile,(data deleted),(data deleted),<Other>,returning_session,1,1,2,0,0,0,0,0,0,0,0,0,0,0,0,0,1,0,0.0,0,0,0.0,0.0,,,,,,,100.0,,0.0,0.0,0.0,0.0,0.0,0.0
2020-12-23,2020-12,51,4,tablet,(direct),(none),(direct),new_session,15,15,133,37,12,4,0,0,0,0,6,1,0,0,1,0,6,0,0.0,0,0,0.0,40.0,16.67,0.0,,0.0,100.0,,40.0,,0.0,0.0,0.0,0.8,0.27,0.0
2020-12-23,2020-12,51,4,tablet,google,organic,(organic),returning_session,5,5,95,26,14,4,0,0,0,0,2,1,0,0,1,0,3,0,0.0,0,0,0.0,40.0,50.0,0.0,,0.0,100.0,,60.0,,0.0,0.0,0.0,2.8,0.8,0.0
2020-12-23,2020-12,51,4,desktop,<Other>,referral,(referral),new_session,144,144,1262,367,82,14,0,0,0,0,25,4,0,0,4,0,89,0,0.0,0,0,0.0,17.36,16.0,0.0,,0.0,100.0,,61.81,,0.0,0.0,0.0,0.57,0.1,0.0
2020-12-23,2020-12,51,4,mobile,<Other>,referral,(referral),returning_session,32,31,657,207,93,13,0,0,0,0,13,5,0,0,5,0,13,0,0.0,0,0,0.0,40.63,38.46,0.0,,0.0,100.0,,40.63,,0.0,0.0,0.0,2.91,0.41,0.0
2020-12-23,2020-12,51,4,desktop,shop.googlemerchandisestore.com,referral,(referral),new_session,63,63,644,190,52,6,0,0,0,0,16,2,0,0,2,0,33,0,0.0,0,0,0.0,25.4,12.5,0.0,,0.0,100.0,,52.38,,0.0,0.0,0.0,0.83,0.1,0.0
2020-12-23,2020-12,51,4,mobile,google,cpc,<Other>,new_session,62,62,751,212,75,16,0,6,1,0,16,4,2,0,4,2,41,0,0.0,0,0,0.0,25.81,25.0,50.0,0.0,0.0,100.0,100.0,66.13,,0.0,0.0,0.0,1.21,0.26,0.1
2020-12-23,2020-12,51,4,mobile,google,cpc,<Other>,returning_session,8,8,152,47,10,4,0,6,3,0,2,2,1,0,2,1,3,0,0.0,0,0,0.0,25.0,100.0,50.0,0.0,0.0,100.0,100.0,37.5,,0.0,0.0,0.0,1.25,0.5,0.75
2020-12-23,2020-12,51,4,mobile,<Other>,organic,(organic),new_session,38,38,443,127,41,10,0,3,1,0,9,1,1,0,1,1,20,0,0.0,0,0,0.0,23.68,11.11,100.0,0.0,0.0,100.0,100.0,52.63,,0.0,0.0,0.0,1.08,0.26,0.08
2020-12-23,2020-12,51,4,desktop,<Other>,organic,(organic),new_session,56,56,552,139,48,23,0,9,1,0,11,2,2,0,2,2,30,0,0.0,0,0,0.0,19.64,18.18,100.0,0.0,0.0,100.0,100.0,53.57,,0.0,0.0,0.0,0.86,0.41,0.16
2020-12-23,2020-12,51,4,desktop,<Other>,<Other>,<Other>,new_session,286,286,2760,803,159,42,0,12,2,1,55,15,3,1,14,2,174,1,30.0,1,1,0.35,19.23,27.27,20.0,33.33,1.82,93.33,66.67,60.84,30.0,0.1,0.1,0.0,0.56,0.15,0.04
2020-12-23,2020-12,51,4,desktop,(direct),(none),(direct),new_session,331,331,3316,950,269,62,0,12,1,1,72,16,3,1,15,2,201,1,35.0,2,2,0.3,21.75,22.22,18.75,33.33,1.39,93.75,66.67,60.73,35.0,0.11,0.11,0.0,0.81,0.19,0.04
2020-12-23,2020-12,51,4,mobile,(direct),(none),(direct),new_session,237,237,2383,688,161,17,0,27,6,2,46,9,5,2,8,3,147,2,104.0,2,2,0.84,19.41,19.57,55.56,40.0,4.35,88.89,60.0,62.03,52.0,0.44,0.44,0.01,0.68,0.07,0.11
2020-12-23,2020-12,51,4,desktop,(data deleted),(data deleted),(data deleted),returning_session,103,98,2055,564,322,135,0,48,13,5,37,22,9,4,18,5,54,5,401.0,18,17,3.88,35.92,59.46,40.91,44.44,10.81,81.82,55.56,52.43,80.2,4.09,3.89,0.05,3.13,1.31,0.47
2020-12-23,2020-12,51,4,mobile,<Other>,<Other>,<Other>,new_session,178,178,1478,404,105,28,0,12,4,1,26,1,2,1,0,1,117,1,39.0,17,11,0.56,14.61,3.85,200.0,50.0,3.85,0.0,50.0,65.73,39.0,0.22,0.22,0.01,0.59,0.16,0.07
2020-12-23,2020-12,51,4,mobile,<Other>,referral,(referral),new_session,100,100,1120,335,61,8,0,18,1,1,20,4,2,1,3,1,58,1,73.0,4,4,1.0,20.0,20.0,50.0,50.0,5.0,75.0,50.0,58.0,73.0,0.73,0.73,0.01,0.61,0.08,0.18
2020-12-23,2020-12,51,4,desktop,(direct),(none),(direct),returning_session,114,107,1560,430,218,67,0,24,9,3,33,13,6,3,11,3,59,3,711.0,95,5,2.63,28.95,39.39,46.15,50.0,9.09,84.62,50.0,51.75,237.0,6.64,6.24,0.03,1.91,0.59,0.21
2020-12-23,2020-12,51,4,mobile,google,organic,(organic),returning_session,79,73,845,233,70,38,0,27,4,2,19,9,4,2,8,2,46,2,122.0,2,2,2.53,24.05,47.37,44.44,50.0,10.53,88.89,50.0,58.23,61.0,1.67,1.54,0.03,0.89,0.48,0.34
2020-12-23,2020-12,51,4,desktop,google,organic,(organic),new_session,507,507,4962,1368,407,121,0,57,13,5,93,22,7,4,18,3,322,5,307.0,15,15,0.79,18.34,23.66,31.82,57.14,4.3,81.82,42.86,63.51,61.4,0.61,0.61,0.01,0.8,0.24,0.11
2020-12-23,2020-12,51,4,mobile,(direct),(none),(direct),returning_session,85,81,1517,417,205,111,0,36,10,5,21,9,6,4,5,2,52,5,523.0,16,14,4.71,24.71,42.86,66.67,66.67,19.05,55.56,33.33,61.18,104.6,6.46,6.15,0.06,2.41,1.31,0.42
2020-12-23,2020-12,51,4,mobile,google,organic,(organic),new_session,372,372,3922,1074,284,102,0,75,20,9,60,14,9,6,9,3,236,9,250.0,16,16,1.61,16.13,23.33,64.29,66.67,10.0,64.29,33.33,63.44,27.78,0.67,0.67,0.02,0.76,0.27,0.2
2020-12-23,2020-12,51,4,mobile,<Other>,<Other>,<Other>,returning_session,22,22,809,232,108,43,0,31,6,2,5,3,3,2,2,1,15,2,47.0,3,3,9.09,22.73,60.0,100.0,66.67,40.0,66.67,33.33,68.18,23.5,2.14,2.14,0.09,4.91,1.95,1.41
2020-12-23,2020-12,51,4,desktop,<Other>,referral,(referral),returning_session,47,44,646,206,58,3,0,12,3,2,15,3,3,2,2,1,17,2,142.0,4,4,4.26,31.91,20.0,100.0,66.67,13.33,66.67,33.33,36.17,71.0,3.23,3.02,0.05,1.23,0.06,0.26
2020-12-23,2020-12,51,4,desktop,shop.googlemerchandisestore.com,referral,(referral),returning_session,82,81,826,235,113,18,0,12,5,2,15,8,3,2,6,1,57,2,227.0,7,3,2.44,18.29,53.33,37.5,66.67,13.33,75.0,33.33,69.51,113.5,2.8,2.77,0.02,1.38,0.22,0.15
2020-12-23,2020-12,51,4,mobile,shop.googlemerchandisestore.com,referral,(referral),returning_session,63,59,738,215,69,11,0,15,6,3,16,4,4,3,3,1,37,3,142.0,10,10,4.76,25.4,25.0,100.0,75.0,18.75,75.0,25.0,58.73,47.33,2.41,2.25,0.05,1.1,0.17,0.24
2020-12-23,2020-12,51,4,desktop,google,organic,(organic),returning_session,102,96,1218,367,86,26,0,33,11,5,29,11,5,4,9,1,48,5,277.0,9,9,3.92,28.43,37.93,45.45,80.0,13.79,81.82,20.0,47.06,55.4,2.89,2.72,0.05,0.84,0.25,0.32
2020-12-23,2020-12,51,4,mobile,(data deleted),(data deleted),(data deleted),returning_session,84,81,1543,446,144,77,0,54,18,7,17,9,6,5,5,1,46,7,342.0,20,17,5.95,20.24,52.94,66.67,83.33,29.41,55.56,16.67,54.76,48.86,4.22,4.07,0.09,1.71,0.92,0.64
2020-12-23,2020-12,51,4,mobile,<Other>,(data deleted),(data deleted),returning_session,1,1,56,14,9,4,0,3,4,1,1,1,1,1,0,0,0,1,32.0,3,3,100.0,100.0,100.0,100.0,100.0,100.0,0.0,0.0,0.0,32.0,32.0,32.0,1.0,9.0,4.0,3.0
2020-12-23,2020-12,51,4,desktop,<Other>,organic,(organic),returning_session,7,7,135,35,22,3,0,3,1,1,2,1,1,1,0,0,3,1,42.0,3,3,14.29,28.57,50.0,100.0,100.0,50.0,0.0,0.0,42.86,42.0,6.0,6.0,0.14,3.14,0.43,0.43
2020-12-23,2020-12,51,4,desktop,google,cpc,<Other>,returning_session,8,8,80,19,12,5,0,3,1,1,2,1,1,1,0,0,6,1,17.0,4,4,12.5,25.0,50.0,100.0,100.0,50.0,0.0,0.0,75.0,17.0,2.13,2.13,0.13,1.5,0.63,0.38
2020-12-23,2020-12,51,4,desktop,(data deleted),(data deleted),<Other>,returning_session,5,5,194,40,31,25,0,15,5,2,1,1,1,1,0,0,4,2,163.0,12,9,20.0,20.0,100.0,100.0,100.0,100.0,0.0,0.0,80.0,81.5,32.6,32.6,0.4,6.2,5.0,3.0
2020-12-23,2020-12,51,4,mobile,shop.googlemerchandisestore.com,referral,(referral),new_session,54,54,718,182,81,45,0,3,1,1,10,5,1,1,4,0,29,1,42.0,3,3,1.85,18.52,50.0,20.0,100.0,10.0,80.0,0.0,53.7,42.0,0.78,0.78,0.02,1.5,0.83,0.06
2020-12-23,2020-12,51,4,desktop,<Other>,<Other>,<Other>,returning_session,31,31,1264,383,261,32,0,18,5,5,13,6,1,1,5,0,17,5,350.0,18,16,3.23,41.94,46.15,16.67,100.0,7.69,83.33,0.0,54.84,70.0,11.29,11.29,0.16,8.42,1.03,0.58
2021-01-17,2021-01,3,1,desktop,(data deleted),(data deleted),<Other>,returning_session,4,4,15,5,0,0,0,0,0,0,0,0,0,0,0,0,2,0,0.0,0,0,0.0,0.0,,,,,,,50.0,,0.0,0.0,0.0,0.0,0.0,0.0
2021-01-17,2021-01,3,1,tablet,shop.googlemerchandisestore.com,referral,(referral),new_session,1,1,4,2,0,0,0,0,0,0,0,0,0,0,0,0,0,0,0.0,0,0,0.0,0.0,,,,,,,0.0,,0.0,0.0,0.0,0.0,0.0,0.0
2021-01-17,2021-01,3,1,mobile,<Other>,organic,(organic),returning_session,4,4,72,23,10,0,0,0,0,0,1,0,0,0,0,0,3,0,0.0,0,0,0.0,25.0,0.0,,,0.0,,,75.0,,0.0,0.0,0.0,2.5,0.0,0.0
2021-01-17,2021-01,3,1,desktop,<Other>,<Other>,<Other>,returning_session,17,17,144,58,8,0,0,0,0,0,3,0,0,0,0,0,4,0,0.0,0,0,0.0,17.65,0.0,,,0.0,,,23.53,,0.0,0.0,0.0,0.47,0.0,0.0
2021-01-17,2021-01,3,1,mobile,(direct),(none),(direct),returning_session,47,44,218,84,6,0,0,0,0,0,2,0,0,0,0,0,15,0,0.0,0,0,0.0,4.26,0.0,,,0.0,,,31.91,,0.0,0.0,0.0,0.13,0.0,0.0
2021-01-17,2021-01,3,1,mobile,(data deleted),(data deleted),(data deleted),new_session,1,1,2,1,0,0,0,0,0,0,0,0,0,0,0,0,1,0,0.0,0,0,0.0,0.0,,,,,,,100.0,,0.0,0.0,0.0,0.0,0.0,0.0
2021-01-17,2021-01,3,1,tablet,<Other>,<Other>,<Other>,new_session,5,5,50,17,1,0,0,0,0,0,1,0,0,0,0,0,1,0,0.0,0,0,0.0,20.0,0.0,,,0.0,,,20.0,,0.0,0.0,0.0,0.2,0.0,0.0
2021-01-17,2021-01,3,1,mobile,<Other>,referral,(referral),returning_session,19,18,125,42,8,0,0,0,0,0,2,0,0,0,0,0,8,0,0.0,0,0,0.0,10.53,0.0,,,0.0,,,42.11,,0.0,0.0,0.0,0.42,0.0,0.0
2021-01-17,2021-01,3,1,mobile,google,cpc,<Other>,returning_session,4,4,18,8,1,0,0,0,0,0,1,0,0,0,0,0,0,0,0.0,0,0,0.0,25.0,0.0,,,0.0,,,0.0,,0.0,0.0,0.0,0.25,0.0,0.0
2021-01-17,2021-01,3,1,mobile,<Other>,<Other>,<Other>,returning_session,21,21,159,70,6,0,0,0,0,0,2,0,0,0,0,0,3,0,0.0,0,0,0.0,9.52,0.0,,,0.0,,,14.29,,0.0,0.0,0.0,0.29,0.0,0.0
2021-01-17,2021-01,3,1,tablet,<Other>,organic,(organic),new_session,1,1,7,3,0,0,0,0,0,0,0,0,0,0,0,0,0,0,0.0,0,0,0.0,0.0,,,,,,,0.0,,0.0,0.0,0.0,0.0,0.0,0.0
2021-01-17,2021-01,3,1,mobile,shop.googlemerchandisestore.com,referral,(referral),new_session,50,50,348,128,8,0,0,0,0,0,5,0,0,0,0,0,4,0,0.0,0,0,0.0,10.0,0.0,,,0.0,,,8.0,,0.0,0.0,0.0,0.16,0.0,0.0
2021-01-17,2021-01,3,1,tablet,<Other>,referral,(referral),new_session,6,6,40,14,3,0,0,0,0,0,1,0,0,0,0,0,1,0,0.0,0,0,0.0,16.67,0.0,,,0.0,,,16.67,,0.0,0.0,0.0,0.5,0.0,0.0
2021-01-17,2021-01,3,1,tablet,(direct),(none),(direct),new_session,11,11,97,36,4,0,0,0,0,0,3,0,0,0,0,0,1,0,0.0,0,0,0.0,27.27,0.0,,,0.0,,,9.09,,0.0,0.0,0.0,0.36,0.0,0.0
2021-01-17,2021-01,3,1,desktop,google,cpc,<Other>,returning_session,4,4,11,2,0,0,0,0,0,0,0,0,0,0,0,0,3,0,0.0,0,0,0.0,0.0,,,,,,,75.0,,0.0,0.0,0.0,0.0,0.0,0.0
2021-01-17,2021-01,3,1,tablet,google,cpc,<Other>,new_session,6,6,75,23,10,0,0,0,0,0,1,0,0,0,0,0,1,0,0.0,0,0,0.0,16.67,0.0,,,0.0,,,16.67,,0.0,0.0,0.0,1.67,0.0,0.0
2021-01-17,2021-01,3,1,tablet,(direct),(none),(direct),returning_session,3,3,7,2,0,0,0,0,0,0,0,0,0,0,0,0,2,0,0.0,0,0,0.0,0.0,,,,,,,66.67,,0.0,0.0,0.0,0.0,0.0,0.0
2021-01-17,2021-01,3,1,desktop,(data deleted),(data deleted),(data deleted),new_session,7,7,37,15,1,0,0,0,0,0,1,0,0,0,0,0,2,0,0.0,0,0,0.0,14.29,0.0,,,0.0,,,28.57,,0.0,0.0,0.0,0.14,0.0,0.0
2021-01-17,2021-01,3,1,desktop,google,organic,(organic),new_session,533,533,4633,1669,209,17,0,17,8,4,71,6,5,4,2,1,21,4,122.0,8,6,0.75,13.32,8.45,83.33,80.0,5.63,33.33,20.0,3.94,30.5,0.23,0.23,0.01,0.39,0.03,0.03
2021-01-17,2021-01,3,1,desktop,shop.googlemerchandisestore.com,referral,(referral),new_session,68,68,795,277,62,15,0,6,4,1,10,2,1,1,1,0,2,1,0.0,0,1,1.47,14.71,20.0,50.0,100.0,10.0,50.0,0.0,2.94,0.0,0.0,0.0,0.01,0.91,0.22,0.09
2021-01-17,2021-01,3,1,desktop,<Other>,<Other>,<Other>,new_session,238,238,1933,682,93,27,0,12,4,2,35,5,3,2,3,1,14,2,35.0,4,4,0.84,14.71,14.29,60.0,66.67,5.71,60.0,33.33,5.88,17.5,0.15,0.15,0.01,0.39,0.11,0.05
2021-01-17,2021-01,3,1,desktop,google,organic,(organic),returning_session,77,75,644,228,49,9,0,9,3,1,17,3,3,1,2,2,19,1,66.0,2,2,1.3,22.08,17.65,100.0,33.33,5.88,66.67,66.67,24.68,66.0,0.88,0.86,0.01,0.64,0.12,0.12
2021-01-17,2021-01,3,1,mobile,google,organic,(organic),returning_session,50,46,363,131,27,5,0,3,2,1,11,3,1,1,2,0,16,1,11.0,4,2,2.0,22.0,27.27,33.33,100.0,9.09,66.67,0.0,32.0,11.0,0.24,0.22,0.02,0.54,0.1,0.06
2021-01-17,2021-01,3,1,desktop,(data deleted),(data deleted),(data deleted),returning_session,83,80,887,310,46,11,0,39,4,1,12,5,4,1,4,3,28,1,55.0,1,1,1.2,14.46,41.67,80.0,25.0,8.33,80.0,75.0,33.73,55.0,0.69,0.66,0.01,0.55,0.13,0.47
2021-01-17,2021-01,3,1,desktop,<Other>,referral,(referral),new_session,147,147,1519,519,76,25,0,20,5,1,19,7,4,1,6,3,7,1,48.0,1,1,0.68,12.93,36.84,57.14,25.0,5.26,85.71,75.0,4.76,48.0,0.33,0.33,0.01,0.52,0.17,0.14
2021-01-17,2021-01,3,1,mobile,<Other>,<Other>,<Other>,new_session,160,160,1450,515,64,15,0,21,6,1,21,8,3,1,7,2,4,1,32.0,2,2,0.63,13.13,38.1,37.5,33.33,4.76,87.5,66.67,2.5,32.0,0.2,0.2,0.01,0.4,0.09,0.13
2021-01-17,2021-01,3,1,mobile,<Other>,referral,(referral),new_session,82,82,1054,351,114,24,0,0,0,0,17,4,0,0,4,0,4,0,0.0,0,0,0.0,20.73,23.53,0.0,,0.0,100.0,,4.88,,0.0,0.0,0.0,1.39,0.29,0.0
2021-01-17,2021-01,3,1,desktop,<Other>,referral,(referral),returning_session,37,35,314,101,27,10,0,0,0,0,7,1,0,0,1,0,14,0,0.0,0,0,0.0,18.92,14.29,0.0,,0.0,100.0,,37.84,,0.0,0.0,0.0,0.73,0.27,0.0
2021-01-17,2021-01,3,1,tablet,shop.googlemerchandisestore.com,referral,(referral),returning_session,4,3,38,13,2,2,0,0,0,0,1,1,0,0,1,0,0,0,0.0,0,0,0.0,25.0,100.0,0.0,,0.0,100.0,,0.0,,0.0,0.0,0.0,0.5,0.5,0.0
2021-01-17,2021-01,3,1,desktop,google,cpc,<Other>,new_session,66,66,508,190,7,1,0,0,0,0,5,1,0,0,1,0,4,0,0.0,0,0,0.0,7.58,20.0,0.0,,0.0,100.0,,6.06,,0.0,0.0,0.0,0.11,0.02,0.0
2021-01-17,2021-01,3,1,desktop,shop.googlemerchandisestore.com,referral,(referral),returning_session,43,41,399,136,26,12,0,0,0,0,6,3,0,0,3,0,14,0,0.0,0,0,0.0,13.95,50.0,0.0,,0.0,100.0,,32.56,,0.0,0.0,0.0,0.6,0.28,0.0
2021-01-17,2021-01,3,1,desktop,<Other>,organic,(organic),returning_session,3,3,39,13,4,2,0,0,0,0,2,1,0,0,1,0,1,0,0.0,0,0,0.0,66.67,50.0,0.0,,0.0,100.0,,33.33,,0.0,0.0,0.0,1.33,0.67,0.0
2021-01-17,2021-01,3,1,tablet,google,organic,(organic),new_session,25,25,409,139,58,17,0,0,0,0,9,3,0,0,3,0,0,0,0.0,0,0,0.0,36.0,33.33,0.0,,0.0,100.0,,0.0,,0.0,0.0,0.0,2.32,0.68,0.0
2021-01-17,2021-01,3,1,mobile,<Other>,organic,(organic),new_session,30,30,393,142,31,11,0,0,0,0,5,2,0,0,2,0,1,0,0.0,0,0,0.0,16.67,40.0,0.0,,0.0,100.0,,3.33,,0.0,0.0,0.0,1.03,0.37,0.0
2021-01-17,2021-01,3,1,mobile,(direct),(none),(direct),new_session,214,214,1988,713,90,30,0,0,0,0,34,6,0,0,6,0,8,0,0.0,0,0,0.0,15.89,17.65,0.0,,0.0,100.0,,3.74,,0.0,0.0,0.0,0.42,0.14,0.0
2021-01-17,2021-01,3,1,mobile,google,cpc,<Other>,new_session,49,49,329,117,19,7,0,0,0,0,6,2,0,0,2,0,3,0,0.0,0,0,0.0,12.24,33.33,0.0,,0.0,100.0,,6.12,,0.0,0.0,0.0,0.39,0.14,0.0
2021-01-17,2021-01,3,1,desktop,(direct),(none),(direct),new_session,328,328,3103,1089,185,20,0,24,2,0,60,9,6,0,9,6,6,0,0.0,0,0,0.0,18.29,15.0,66.67,0.0,0.0,100.0,100.0,1.83,,0.0,0.0,0.0,0.56,0.06,0.07
2021-01-17,2021-01,3,1,mobile,google,organic,(organic),new_session,327,327,2652,950,130,22,0,3,0,0,56,11,1,0,11,1,12,0,0.0,0,0,0.0,17.13,19.64,9.09,0.0,0.0,100.0,100.0,3.67,,0.0,0.0,0.0,0.4,0.07,0.01
2021-01-17,2021-01,3,1,desktop,<Other>,organic,(organic),new_session,42,42,421,146,15,2,0,6,1,0,5,2,1,0,2,1,3,0,0.0,0,0,0.0,11.9,40.0,50.0,0.0,0.0,100.0,100.0,7.14,,0.0,0.0,0.0,0.36,0.05,0.14
2021-01-17,2021-01,3,1,desktop,(direct),(none),(direct),returning_session,88,85,895,292,91,8,0,27,4,0,9,1,1,0,1,1,37,0,0.0,0,0,0.0,10.23,11.11,100.0,0.0,0.0,100.0,100.0,42.05,,0.0,0.0,0.0,1.03,0.09,0.31
2021-01-17,2021-01,3,1,mobile,shop.googlemerchandisestore.com,referral,(referral),returning_session,30,29,430,148,45,6,0,3,1,1,9,2,1,1,2,0,7,1,69.0,1,1,3.33,30.0,22.22,50.0,100.0,11.11,100.0,0.0,23.33,69.0,2.38,2.3,0.03,1.5,0.2,0.1
2021-01-17,2021-01,3,1,mobile,(data deleted),(data deleted),(data deleted),returning_session,53,53,468,166,32,3,0,3,3,1,5,2,1,1,2,0,19,1,43.0,3,3,1.89,9.43,40.0,50.0,100.0,20.0,100.0,0.0,35.85,43.0,0.81,0.81,0.02,0.6,0.06,0.06
2020-11-14,2020-11,45,7,tablet,shop.googlemerchandisestore.com,referral,(referral),returning_session,1,1,2,1,0,0,0,0,0,0,0,0,0,0,0,0,1,0,0.0,0,0,0.0,0.0,,,,,,,100.0,,0.0,0.0,0.0,0.0,0.0,0.0
2020-11-14,2020-11,45,7,mobile,<Other>,organic,(organic),returning_session,1,1,4,1,0,0,0,0,0,0,0,0,0,0,0,0,1,0,0.0,0,0,0.0,0.0,,,,,,,100.0,,0.0,0.0,0.0,0.0,0.0,0.0
2020-11-14,2020-11,45,7,tablet,<Other>,referral,(referral),new_session,3,3,15,3,0,0,0,0,0,0,0,0,0,0,0,0,3,0,0.0,0,0,0.0,0.0,,,,,,,100.0,,0.0,0.0,0.0,0.0,0.0,0.0
2020-11-14,2020-11,45,7,tablet,(data deleted),(data deleted),(data deleted),returning_session,4,4,13,3,0,0,0,0,0,0,0,0,0,0,0,0,3,0,0.0,0,0,0.0,0.0,,,,,,,75.0,,0.0,0.0,0.0,0.0,0.0,0.0
2020-11-14,2020-11,45,7,tablet,<Other>,organic,(organic),new_session,6,6,46,12,0,0,0,0,0,0,0,0,0,0,0,0,4,0,0.0,0,0,0.0,0.0,,,,,,,66.67,,0.0,0.0,0.0,0.0,0.0,0.0
2020-11-14,2020-11,45,7,desktop,<Other>,organic,(organic),returning_session,4,4,9,2,0,0,0,0,0,0,0,0,0,0,0,0,4,0,0.0,0,0,0.0,0.0,,,,,,,100.0,,0.0,0.0,0.0,0.0,0.0,0.0
2020-11-14,2020-11,45,7,tablet,google,organic,(organic),new_session,12,12,62,15,0,0,0,0,0,0,0,0,0,0,0,0,9,0,0.0,0,0,0.0,0.0,,,,,,,75.0,,0.0,0.0,0.0,0.0,0.0,0.0
2020-11-14,2020-11,45,7,mobile,(data deleted),(data deleted),<Other>,returning_session,1,1,2,0,0,0,0,0,0,0,0,0,0,0,0,0,1,0,0.0,0,0,0.0,0.0,,,,,,,100.0,,0.0,0.0,0.0,0.0,0.0,0.0
2020-11-14,2020-11,45,7,tablet,<Other>,<Other>,<Other>,returning_session,1,1,2,0,0,0,0,0,0,0,0,0,0,0,0,0,1,0,0.0,0,0,0.0,0.0,,,,,,,100.0,,0.0,0.0,0.0,0.0,0.0,0.0
2020-11-14,2020-11,45,7,tablet,google,cpc,<Other>,new_session,3,3,15,3,0,0,0,0,0,0,0,0,0,0,0,0,3,0,0.0,0,0,0.0,0.0,,,,,,,100.0,,0.0,0.0,0.0,0.0,0.0,0.0
2020-11-14,2020-11,45,7,desktop,(data deleted),(data deleted),(data deleted),new_session,5,5,35,14,4,0,0,0,0,0,2,0,0,0,0,0,2,0,0.0,0,0,0.0,40.0,0.0,,,0.0,,,40.0,,0.0,0.0,0.0,0.8,0.0,0.0
2020-11-14,2020-11,45,7,tablet,google,organic,(organic),returning_session,2,1,234,78,44,0,0,0,0,0,2,0,0,0,0,0,0,0,0.0,0,0,0.0,100.0,0.0,,,0.0,,,0.0,,0.0,0.0,0.0,22.0,0.0,0.0
2020-11-14,2020-11,45,7,mobile,google,cpc,<Other>,returning_session,4,4,17,5,1,0,0,0,0,0,1,0,0,0,0,0,2,0,0.0,0,0,0.0,25.0,0.0,,,0.0,,,50.0,,0.0,0.0,0.0,0.25,0.0,0.0
2020-11-14,2020-11,45,7,mobile,<Other>,(data deleted),(data deleted),returning_session,2,2,13,3,3,0,0,0,0,0,1,0,0,0,0,0,1,0,0.0,0,0,0.0,50.0,0.0,,,0.0,,,50.0,,0.0,0.0,0.0,1.5,0.0,0.0
2020-11-14,2020-11,45,7,tablet,<Other>,<Other>,<Other>,new_session,5,5,74,23,6,0,0,0,0,0,2,0,0,0,0,0,1,0,0.0,0,0,0.0,40.0,0.0,,,0.0,,,20.0,,0.0,0.0,0.0,1.2,0.0,0.0
2020-11-14,2020-11,45,7,desktop,<Other>,organic,(organic),new_session,28,28,290,92,18,0,0,0,0,0,6,0,0,0,0,0,11,0,0.0,0,0,0.0,21.43,0.0,,,0.0,,,39.29,,0.0,0.0,0.0,0.64,0.0,0.0
2020-11-14,2020-11,45,7,desktop,google,cpc,<Other>,returning_session,6,6,86,28,7,0,0,0,0,0,2,0,0,0,0,0,3,0,0.0,0,0,0.0,33.33,0.0,,,0.0,,,50.0,,0.0,0.0,0.0,1.17,0.0,0.0
2020-11-14,2020-11,45,7,tablet,(direct),(none),(direct),returning_session,7,6,63,18,1,0,0,0,0,0,1,0,0,0,0,0,3,0,0.0,0,0,0.0,14.29,0.0,,,0.0,,,42.86,,0.0,0.0,0.0,0.14,0.0,0.0
2020-11-14,2020-11,45,7,mobile,(data deleted),(data deleted),(data deleted),new_session,2,2,43,19,5,0,0,0,0,0,1,0,0,0,0,0,0,0,0.0,0,0,0.0,50.0,0.0,,,0.0,,,0.0,,0.0,0.0,0.0,2.5,0.0,0.0
2020-11-14,2020-11,45,7,tablet,shop.googlemerchandisestore.com,referral,(referral),new_session,2,2,74,21,6,0,0,4,1,0,1,0,1,0,0,1,1,0,0.0,0,0,0.0,50.0,0.0,,0.0,0.0,,100.0,50.0,,0.0,0.0,0.0,3.0,0.0,2.0
2020-11-14,2020-11,45,7,mobile,shop.googlemerchandisestore.com,referral,(referral),new_session,30,30,551,188,63,0,0,4,0,0,7,0,2,0,0,2,20,0,0.0,0,0,0.0,23.33,0.0,,0.0,0.0,,100.0,66.67,,0.0,0.0,0.0,2.1,0.0,0.13
2020-11-14,2020-11,45,7,mobile,google,cpc,<Other>,new_session,44,44,386,115,15,0,0,2,0,0,8,0,1,0,0,1,25,0,0.0,0,0,0.0,18.18,0.0,,0.0,0.0,,100.0,56.82,,0.0,0.0,0.0,0.34,0.0,0.05
2020-11-14,2020-11,45,7,mobile,<Other>,referral,(referral),new_session,57,57,687,194,50,0,0,2,0,0,16,0,1,0,0,1,24,0,0.0,0,0,0.0,28.07,0.0,,0.0,0.0,,100.0,42.11,,0.0,0.0,0.0,0.88,0.0,0.04
2020-11-14,2020-11,45,7,desktop,google,cpc,<Other>,new_session,48,48,729,237,85,0,0,6,1,0,8,0,2,0,0,2,26,0,0.0,0,0,0.0,16.67,0.0,,0.0,0.0,,100.0,54.17,,0.0,0.0,0.0,1.77,0.0,0.13
2020-11-14,2020-11,45,7,mobile,<Other>,organic,(organic),new_session,17,17,291,97,24,0,0,4,1,0,4,0,1,0,0,1,7,0,0.0,0,0,0.0,23.53,0.0,,0.0,0.0,,100.0,41.18,,0.0,0.0,0.0,1.41,0.0,0.24
2020-11-14,2020-11,45,7,tablet,(direct),(none),(direct),new_session,9,9,100,29,10,0,0,2,0,0,4,0,1,0,0,1,4,0,0.0,0,0,0.0,44.44,0.0,,0.0,0.0,,100.0,44.44,,0.0,0.0,0.0,1.11,0.0,0.22
2020-11-14,2020-11,45,7,mobile,google,organic,(organic),new_session,239,239,3852,1262,470,0,0,20,4,0,58,0,9,0,0,9,120,0,0.0,0,0,0.0,24.27,0.0,,0.0,0.0,,100.0,50.21,,0.0,0.0,0.0,1.97,0.0,0.08
2020-11-14,2020-11,45,7,desktop,shop.googlemerchandisestore.com,referral,(referral),new_session,53,53,537,157,40,0,0,6,0,0,17,0,3,0,0,3,23,0,0.0,0,0,0.0,32.08,0.0,,0.0,0.0,,100.0,43.4,,0.0,0.0,0.0,0.75,0.0,0.11
2020-11-14,2020-11,45,7,desktop,google,organic,(organic),new_session,319,319,5672,1856,626,0,0,40,5,1,89,0,16,1,0,15,145,1,64.0,4,4,0.31,27.9,0.0,,6.25,1.12,,93.75,45.45,64.0,0.2,0.2,0.0,1.96,0.0,0.13
2020-11-14,2020-11,45,7,desktop,(direct),(none),(direct),new_session,214,214,3918,1300,486,0,0,20,2,1,59,0,8,1,0,7,107,1,97.0,6,6,0.47,27.57,0.0,,12.5,1.69,,87.5,50.0,97.0,0.45,0.45,0.0,2.27,0.0,0.09
2020-11-14,2020-11,45,7,mobile,<Other>,<Other>,<Other>,new_session,130,130,1668,501,152,0,0,18,7,1,25,0,7,1,0,6,75,1,97.0,2,2,0.77,19.23,0.0,,14.29,4.0,,85.71,57.69,97.0,0.75,0.75,0.01,1.17,0.0,0.14
2020-11-14,2020-11,45,7,desktop,<Other>,referral,(referral),new_session,95,95,1434,453,133,0,0,16,1,1,23,0,5,1,0,4,54,1,67.0,3,3,1.05,24.21,0.0,,20.0,4.35,,80.0,56.84,67.0,0.71,0.71,0.01,1.4,0.0,0.17
2020-11-14,2020-11,45,7,mobile,(direct),(none),(direct),new_session,135,135,1438,428,93,0,0,10,2,1,36,0,4,1,0,3,62,1,44.0,4,4,0.74,26.67,0.0,,25.0,2.78,,75.0,45.93,44.0,0.33,0.33,0.01,0.69,0.0,0.07
2020-11-14,2020-11,45,7,desktop,<Other>,<Other>,<Other>,new_session,186,186,2481,733,218,0,0,36,8,3,43,0,10,3,0,7,94,3,178.0,12,10,1.61,23.12,0.0,,30.0,6.98,,70.0,50.54,59.33,0.96,0.96,0.02,1.17,0.0,0.19
2020-11-14,2020-11,45,7,desktop,(direct),(none),(direct),returning_session,87,86,1133,362,113,0,0,12,5,1,21,0,3,1,0,2,46,1,35.0,2,2,1.15,24.14,0.0,,33.33,4.76,,66.67,52.87,35.0,0.41,0.4,0.01,1.3,0.0,0.14
2020-11-14,2020-11,45,7,mobile,google,organic,(organic),returning_session,70,67,759,230,61,0,0,14,6,1,11,0,3,1,0,2,41,1,146.0,3,3,1.43,15.71,0.0,,33.33,9.09,,66.67,58.57,146.0,2.18,2.09,0.01,0.87,0.0,0.2
2020-11-14,2020-11,45,7,desktop,<Other>,<Other>,<Other>,returning_session,18,17,400,122,41,0,0,8,2,2,6,0,2,1,0,1,8,2,119.0,3,3,5.56,33.33,0.0,,50.0,16.67,,50.0,44.44,59.5,7.0,6.61,0.12,2.28,0.0,0.44
2020-11-14,2020-11,45,7,desktop,<Other>,referral,(referral),returning_session,49,49,879,284,108,0,0,10,5,2,16,0,4,2,0,2,23,2,402.0,13,13,4.08,32.65,0.0,,50.0,12.5,,50.0,46.94,201.0,8.2,8.2,0.04,2.2,0.0,0.2
2020-11-14,2020-11,45,7,mobile,(data deleted),(data deleted),(data deleted),returning_session,62,61,821,250,85,0,0,22,15,2,12,0,4,2,0,2,36,2,190.0,8,4,3.23,19.35,0.0,,50.0,16.67,,50.0,58.06,95.0,3.11,3.06,0.03,1.37,0.0,0.35
2020-11-14,2020-11,45,7,desktop,shop.googlemerchandisestore.com,referral,(referral),returning_session,62,60,645,189,33,0,0,10,5,2,13,0,4,2,0,2,35,2,122.0,3,3,3.23,20.97,0.0,,50.0,15.38,,50.0,56.45,61.0,2.03,1.97,0.03,0.53,0.0,0.16
2020-11-14,2020-11,45,7,desktop,(data deleted),(data deleted),(data deleted),returning_session,105,98,1156,357,88,0,0,18,8,3,27,0,5,3,0,2,60,3,287.0,12,8,2.86,25.71,0.0,,60.0,11.11,,40.0,57.14,95.67,2.93,2.73,0.03,0.84,0.0,0.17
2020-11-14,2020-11,45,7,mobile,(direct),(none),(direct),returning_session,58,56,770,214,120,0,0,12,7,2,16,0,3,2,0,1,30,2,122.0,8,4,3.45,27.59,0.0,,66.67,12.5,,33.33,51.72,61.0,2.18,2.1,0.04,2.07,0.0,0.21
2020-11-14,2020-11,45,7,mobile,<Other>,<Other>,<Other>,returning_session,6,6,95,29,3,0,0,4,1,1,2,0,1,1,0,0,3,1,18.0,1,1,16.67,33.33,0.0,,100.0,50.0,,0.0,50.0,18.0,3.0,3.0,0.17,0.5,0.0,0.67
2020-11-14,2020-11,45,7,mobile,shop.googlemerchandisestore.com,referral,(referral),returning_session,58,56,777,235,96,0,0,10,5,3,17,0,3,3,0,0,34,3,211.0,17,15,5.17,29.31,0.0,,100.0,17.65,,0.0,58.62,70.33,3.77,3.64,0.05,1.66,0.0,0.17
2020-11-14,2020-11,45,7,mobile,<Other>,referral,(referral),returning_session,34,34,319,96,23,0,0,2,2,1,7,0,1,1,0,0,20,1,28.0,1,1,2.94,20.59,0.0,,100.0,14.29,,0.0,58.82,28.0,0.82,0.82,0.03,0.68,0.0,0.06
2020-11-14,2020-11,45,7,desktop,google,organic,(organic),returning_session,76,75,1134,361,122,0,0,6,7,2,21,0,2,2,0,0,40,2,111.0,4,4,2.63,27.63,0.0,,100.0,9.52,,0.0,52.63,55.5,1.48,1.46,0.03,1.61,0.0,0.08
2020-11-20,2020-11,46,6,tablet,google,cpc,<Other>,returning_session,1,1,2,0,0,0,0,0,0,0,0,0,0,0,0,0,1,0,0.0,0,0,0.0,0.0,,,,,,,100.0,,0.0,0.0,0.0,0.0,0.0,0.0
2020-11-20,2020-11,46,6,tablet,<Other>,organic,(organic),new_session,3,3,14,4,0,0,0,0,0,0,0,0,0,0,0,0,2,0,0.0,0,0,0.0,0.0,,,,,,,66.67,,0.0,0.0,0.0,0.0,0.0,0.0
2020-11-20,2020-11,46,6,desktop,(data deleted),(data deleted),(data deleted),new_session,5,5,32,12,0,0,0,0,0,0,0,0,0,0,0,0,4,0,0.0,0,0,0.0,0.0,,,,,,,80.0,,0.0,0.0,0.0,0.0,0.0,0.0
2020-11-20,2020-11,46,6,tablet,shop.googlemerchandisestore.com,referral,(referral),new_session,3,3,28,9,0,0,0,0,0,0,0,0,0,0,0,0,1,0,0.0,0,0,0.0,0.0,,,,,,,33.33,,0.0,0.0,0.0,0.0,0.0,0.0
2020-11-20,2020-11,46,6,tablet,<Other>,organic,(organic),returning_session,1,1,30,13,0,0,0,0,0,0,0,0,0,0,0,0,0,0,0.0,0,0,0.0,0.0,,,,,,,0.0,,0.0,0.0,0.0,0.0,0.0,0.0
2020-11-20,2020-11,46,6,tablet,(data deleted),(data deleted),(data deleted),returning_session,5,5,22,5,1,0,0,0,0,0,1,0,0,0,0,0,4,0,0.0,0,0,0.0,20.0,0.0,,,0.0,,,80.0,,0.0,0.0,0.0,0.2,0.0,0.0
2020-11-20,2020-11,46,6,tablet,shop.googlemerchandisestore.com,referral,(referral),returning_session,2,2,9,1,2,0,0,0,0,0,1,0,0,0,0,0,1,0,0.0,0,0,0.0,50.0,0.0,,,0.0,,,50.0,,0.0,0.0,0.0,1.0,0.0,0.0
2020-11-20,2020-11,46,6,desktop,google,cpc,<Other>,returning_session,10,9,153,48,23,0,0,0,0,0,5,0,0,0,0,0,3,0,0.0,0,0,0.0,50.0,0.0,,,0.0,,,30.0,,0.0,0.0,0.0,2.3,0.0,0.0
2020-11-20,2020-11,46,6,desktop,<Other>,organic,(organic),returning_session,20,20,206,63,18,0,0,0,0,0,5,0,0,0,0,0,10,0,0.0,0,0,0.0,25.0,0.0,,,0.0,,,50.0,,0.0,0.0,0.0,0.9,0.0,0.0
2020-11-20,2020-11,46,6,mobile,(data deleted),(data deleted),(data deleted),new_session,4,4,36,14,1,0,0,0,0,0,1,0,0,0,0,0,1,0,0.0,0,0,0.0,25.0,0.0,,,0.0,,,25.0,,0.0,0.0,0.0,0.25,0.0,0.0
2020-11-20,2020-11,46,6,tablet,<Other>,<Other>,<Other>,new_session,7,7,45,12,2,0,0,0,0,0,1,0,0,0,0,0,4,0,0.0,0,0,0.0,14.29,0.0,,,0.0,,,57.14,,0.0,0.0,0.0,0.29,0.0,0.0
2020-11-20,2020-11,46,6,tablet,google,organic,(organic),returning_session,6,6,15,3,1,0,0,0,0,0,1,0,0,0,0,0,5,0,0.0,0,0,0.0,16.67,0.0,,,0.0,,,83.33,,0.0,0.0,0.0,0.17,0.0,0.0
2020-11-20,2020-11,46,6,desktop,(data deleted),(data deleted),<Other>,returning_session,8,8,66,21,6,0,0,0,0,0,4,0,0,0,0,0,4,0,0.0,0,0,0.0,50.0,0.0,,,0.0,,,50.0,,0.0,0.0,0.0,0.75,0.0,0.0
2020-11-20,2020-11,46,6,mobile,(data deleted),(data deleted),<Other>,returning_session,2,2,8,2,1,0,0,0,0,0,1,0,0,0,0,0,1,0,0.0,0,0,0.0,50.0,0.0,,,0.0,,,50.0,,0.0,0.0,0.0,0.5,0.0,0.0
2020-11-20,2020-11,46,6,tablet,google,organic,(organic),new_session,23,23,260,72,29,0,0,0,0,0,3,0,0,0,0,0,14,0,0.0,0,0,0.0,13.04,0.0,,,0.0,,,60.87,,0.0,0.0,0.0,1.26,0.0,0.0
2020-11-20,2020-11,46,6,mobile,<Other>,organic,(organic),returning_session,8,8,36,8,1,0,0,0,0,0,1,0,0,0,0,0,6,0,0.0,0,0,0.0,12.5,0.0,,,0.0,,,75.0,,0.0,0.0,0.0,0.13,0.0,0.0
2020-11-20,2020-11,46,6,mobile,google,cpc,<Other>,returning_session,7,7,101,31,18,0,0,0,0,0,2,0,0,0,0,0,5,0,0.0,0,0,0.0,28.57,0.0,,,0.0,,,71.43,,0.0,0.0,0.0,2.57,0.0,0.0
2020-11-20,2020-11,46,6,tablet,<Other>,referral,(referral),returning_session,3,3,20,6,3,0,0,0,0,0,1,0,0,0,0,0,2,0,0.0,0,0,0.0,33.33,0.0,,,0.0,,,66.67,,0.0,0.0,0.0,1.0,0.0,0.0
2020-11-20,2020-11,46,6,mobile,<Other>,organic,(organic),new_session,31,31,319,94,21,0,0,0,0,0,8,0,0,0,0,0,16,0,0.0,0,0,0.0,25.81,0.0,,,0.0,,,51.61,,0.0,0.0,0.0,0.68,0.0,0.0
2020-11-20,2020-11,46,6,tablet,<Other>,referral,(referral),new_session,5,5,65,19,2,0,0,0,0,0,2,0,0,0,0,0,2,0,0.0,0,0,0.0,40.0,0.0,,,0.0,,,40.0,,0.0,0.0,0.0,0.4,0.0,0.0
2020-11-20,2020-11,46,6,tablet,(direct),(none),(direct),returning_session,7,6,62,18,7,0,0,0,0,0,2,0,0,0,0,0,4,0,0.0,0,0,0.0,28.57,0.0,,,0.0,,,57.14,,0.0,0.0,0.0,1.0,0.0,0.0
2020-11-20,2020-11,46,6,desktop,<Other>,referral,(referral),returning_session,107,105,1005,308,85,9,0,6,1,0,26,1,2,0,1,2,56,0,0.0,0,0,0.0,24.3,3.85,200.0,0.0,0.0,100.0,100.0,52.34,,0.0,0.0,0.0,0.79,0.08,0.06
2020-11-20,2020-11,46,6,desktop,google,organic,(organic),new_session,520,520,7288,2286,716,0,0,16,3,0,131,0,13,0,0,13,239,0,0.0,0,0,0.0,25.19,0.0,,0.0,0.0,,100.0,45.96,,0.0,0.0,0.0,1.38,0.0,0.03
2020-11-20,2020-11,46,6,desktop,<Other>,(data deleted),(data deleted),returning_session,4,4,274,90,32,0,0,3,2,0,3,0,1,0,0,1,0,0,0.0,0,0,0.0,75.0,0.0,,0.0,0.0,,100.0,0.0,,0.0,0.0,0.0,8.0,0.0,0.75
2020-11-20,2020-11,46,6,tablet,(direct),(none),(direct),new_session,13,13,204,62,14,0,0,3,0,0,5,0,2,0,0,2,4,0,0.0,0,0,0.0,38.46,0.0,,0.0,0.0,,100.0,30.77,,0.0,0.0,0.0,1.08,0.0,0.23
2020-11-20,2020-11,46,6,desktop,<Other>,organic,(organic),new_session,61,61,880,262,87,0,0,1,0,0,14,0,1,0,0,1,34,0,0.0,0,0,0.0,22.95,0.0,,0.0,0.0,,100.0,55.74,,0.0,0.0,0.0,1.43,0.0,0.02
2020-11-20,2020-11,46,6,desktop,<Other>,<Other>,<Other>,new_session,246,246,3402,1080,366,0,0,8,1,2,59,0,7,1,0,6,122,1,110.0,2,2,0.41,23.98,0.0,,14.29,1.69,,85.71,49.59,110.0,0.45,0.45,0.0,1.49,0.0,0.03
2020-11-20,2020-11,46,6,desktop,(direct),(none),(direct),new_session,368,368,4171,1216,360,0,0,13,4,2,102,0,6,1,0,5,177,1,60.0,8,4,0.27,27.72,0.0,,16.67,0.98,,83.33,48.1,60.0,0.16,0.16,0.0,0.98,0.0,0.04
2020-11-20,2020-11,46,6,mobile,google,organic,(organic),new_session,381,381,6650,2139,773,0,0,19,3,6,106,0,17,3,0,14,183,3,156.0,6,6,0.79,27.82,0.0,,17.65,2.83,,82.35,48.03,52.0,0.41,0.41,0.01,2.03,0.0,0.05
2020-11-20,2020-11,46,6,mobile,<Other>,<Other>,<Other>,new_session,187,187,2571,804,232,0,0,9,3,2,49,0,5,1,0,4,92,1,46.0,4,4,0.53,26.2,0.0,,20.0,2.04,,80.0,49.2,46.0,0.25,0.25,0.01,1.24,0.0,0.05
2020-11-20,2020-11,46,6,mobile,(direct),(none),(direct),new_session,279,279,4776,1515,573,4,0,21,6,5,73,1,13,3,0,10,131,3,344.0,18,19,1.08,26.16,1.37,1300.0,23.08,4.11,0.0,76.92,46.95,114.67,1.23,1.23,0.01,2.05,0.01,0.08
2020-11-20,2020-11,46,6,desktop,<Other>,referral,(referral),new_session,137,137,1432,425,97,0,0,5,1,2,30,0,3,1,0,2,61,1,38.0,6,6,0.73,21.9,0.0,,33.33,3.33,,66.67,44.53,38.0,0.28,0.28,0.01,0.71,0.0,0.04
2020-11-20,2020-11,46,6,mobile,<Other>,referral,(referral),new_session,108,108,1533,494,162,0,0,4,1,2,25,0,3,1,0,2,50,1,260.0,60,10,0.93,23.15,0.0,,33.33,4.0,,66.67,46.3,260.0,2.41,2.41,0.01,1.5,0.0,0.04
2020-11-20,2020-11,46,6,mobile,shop.googlemerchandisestore.com,referral,(referral),new_session,65,65,1669,547,241,0,0,8,4,2,23,0,3,1,0,2,23,1,94.0,8,8,1.54,35.38,0.0,,33.33,4.35,,66.67,35.38,94.0,1.45,1.45,0.02,3.71,0.0,0.12
2020-11-20,2020-11,46,6,desktop,shop.googlemerchandisestore.com,referral,(referral),new_session,66,66,1073,345,107,0,0,6,1,2,20,0,3,1,0,2,29,1,34.0,2,2,1.52,30.3,0.0,,33.33,5.0,,66.67,43.94,34.0,0.52,0.52,0.02,1.62,0.0,0.09
2020-11-20,2020-11,46,6,mobile,google,cpc,<Other>,new_session,61,61,946,296,104,0,0,4,2,1,18,0,3,1,0,2,24,1,0.0,0,1,1.64,29.51,0.0,,33.33,5.56,,66.67,39.34,0.0,0.0,0.0,0.02,1.7,0.0,0.07
2020-11-20,2020-11,46,6,mobile,(direct),(none),(direct),returning_session,124,122,1507,459,135,0,0,15,8,5,26,0,8,3,0,5,68,3,218.0,10,9,2.42,20.97,0.0,,37.5,11.54,,62.5,54.84,72.67,1.79,1.76,0.02,1.09,0.0,0.12
2020-11-20,2020-11,46,6,mobile,(data deleted),(data deleted),(data deleted),returning_session,122,114,1875,572,205,0,0,22,14,10,38,0,9,4,0,5,66,5,824.0,38,38,3.28,31.15,0.0,,44.44,10.53,,55.56,54.1,164.8,7.23,6.75,0.04,1.68,0.0,0.18
2020-11-20,2020-11,46,6,mobile,shop.googlemerchandisestore.com,referral,(referral),returning_session,81,77,892,264,124,0,0,7,2,4,18,0,4,2,0,2,50,2,322.0,12,12,2.47,22.22,0.0,,50.0,11.11,,50.0,61.73,161.0,4.18,3.98,0.03,1.53,0.0,0.09
2020-11-20,2020-11,46,6,mobile,<Other>,<Other>,<Other>,returning_session,27,26,267,82,21,0,0,2,1,2,9,0,2,1,0,1,15,1,50.0,6,6,3.7,33.33,0.0,,50.0,11.11,,50.0,55.56,50.0,1.92,1.85,0.04,0.78,0.0,0.07
2020-11-20,2020-11,46,6,desktop,(direct),(none),(direct),returning_session,194,181,2448,734,285,0,0,28,15,12,49,0,10,6,0,4,111,6,1204.0,74,60,3.09,25.26,0.0,,60.0,12.24,,40.0,57.22,200.67,6.65,6.21,0.03,1.47,0.0,0.14
2020-11-20,2020-11,46,6,desktop,shop.googlemerchandisestore.com,referral,(referral),returning_session,123,115,1546,468,175,0,0,10,5,4,35,0,3,2,0,1,64,2,370.0,26,22,1.63,28.46,0.0,,66.67,5.71,,33.33,52.03,185.0,3.22,3.01,0.02,1.42,0.0,0.08
2020-11-20,2020-11,46,6,desktop,google,cpc,<Other>,new_session,85,85,1045,291,105,0,0,7,6,4,28,0,3,2,0,1,37,2,268.0,8,8,2.35,32.94,0.0,,66.67,7.14,,33.33,43.53,134.0,3.15,3.15,0.02,1.24,0.0,0.08
2020-11-20,2020-11,46,6,desktop,google,organic,(organic),returning_session,173,163,2807,839,283,0,0,27,13,15,54,0,12,8,0,4,92,8,1156.0,74,55,4.62,31.21,0.0,,66.67,14.81,,33.33,53.18,144.5,7.09,6.68,0.05,1.64,0.0,0.16
2020-11-20,2020-11,46,6,mobile,google,organic,(organic),returning_session,148,139,2227,672,249,2,0,25,17,13,40,1,12,8,1,4,82,8,1068.0,64,41,5.41,27.03,2.5,1200.0,66.67,20.0,100.0,33.33,55.41,133.5,7.68,7.22,0.06,1.68,0.01,0.17
2020-11-20,2020-11,46,6,desktop,(data deleted),(data deleted),(data deleted),returning_session,179,165,2401,704,278,0,0,26,16,10,45,0,10,7,0,3,103,7,200.0,20,22,3.91,25.14,0.0,,70.0,15.56,,30.0,57.54,28.57,1.21,1.12,0.04,1.55,0.0,0.15
2020-11-20,2020-11,46,6,mobile,<Other>,referral,(referral),returning_session,60,57,907,269,94,0,0,15,11,7,17,0,5,4,0,1,30,4,928.0,84,17,6.67,28.33,0.0,,80.0,23.53,,20.0,50.0,232.0,16.28,15.47,0.07,1.57,0.0,0.25
2020-11-20,2020-11,46,6,desktop,<Other>,<Other>,<Other>,returning_session,47,47,588,180,71,0,0,2,1,2,12,0,1,1,0,0,25,1,424.0,14,12,2.13,25.53,0.0,,100.0,8.33,,0.0,53.19,424.0,9.02,9.02,0.02,1.51,0.0,0.04
2020-11-12,2020-11,45,5,tablet,<Other>,referral,(referral),returning_session,1,1,2,0,0,0,0,0,0,0,0,0,0,0,0,0,1,0,0.0,0,0,0.0,0.0,,,,,,,100.0,,0.0,0.0,0.0,0.0,0.0,0.0
2020-11-12,2020-11,45,5,tablet,google,cpc,<Other>,new_session,3,3,24,7,0,0,0,0,0,0,0,0,0,0,0,0,1,0,0.0,0,0,0.0,0.0,,,,,,,33.33,,0.0,0.0,0.0,0.0,0.0,0.0
2020-11-12,2020-11,45,5,tablet,<Other>,organic,(organic),new_session,1,1,13,3,0,0,0,0,0,0,0,0,0,0,0,0,0,0,0.0,0,0,0.0,0.0,,,,,,,0.0,,0.0,0.0,0.0,0.0,0.0,0.0
2020-11-12,2020-11,45,5,tablet,google,cpc,<Other>,returning_session,1,1,4,1,0,0,0,0,0,0,0,0,0,0,0,0,1,0,0.0,0,0,0.0,0.0,,,,,,,100.0,,0.0,0.0,0.0,0.0,0.0,0.0
2020-11-12,2020-11,45,5,desktop,<Other>,(data deleted),(data deleted),returning_session,4,4,19,3,0,0,0,0,0,0,0,0,0,0,0,0,3,0,0.0,0,0,0.0,0.0,,,,,,,75.0,,0.0,0.0,0.0,0.0,0.0,0.0
2020-11-12,2020-11,45,5,tablet,google,organic,(organic),new_session,12,12,65,18,2,0,0,0,0,0,2,0,0,0,0,0,8,0,0.0,0,0,0.0,16.67,0.0,,,0.0,,,66.67,,0.0,0.0,0.0,0.17,0.0,0.0
2020-11-12,2020-11,45,5,tablet,shop.googlemerchandisestore.com,referral,(referral),returning_session,2,2,48,15,11,0,0,0,0,0,1,0,0,0,0,0,1,0,0.0,0,0,0.0,50.0,0.0,,,0.0,,,50.0,,0.0,0.0,0.0,5.5,0.0,0.0
2020-11-12,2020-11,45,5,mobile,<Other>,organic,(organic),returning_session,12,12,95,29,3,0,0,0,0,0,2,0,0,0,0,0,6,0,0.0,0,0,0.0,16.67,0.0,,,0.0,,,50.0,,0.0,0.0,0.0,0.25,0.0,0.0
2020-11-12,2020-11,45,5,tablet,<Other>,<Other>,<Other>,new_session,7,7,88,25,11,0,0,0,0,0,2,0,0,0,0,0,5,0,0.0,0,0,0.0,28.57,0.0,,,0.0,,,71.43,,0.0,0.0,0.0,1.57,0.0,0.0
2020-11-12,2020-11,45,5,desktop,(data deleted),(data deleted),(data deleted),new_session,7,7,40,15,5,0,0,0,0,0,1,0,0,0,0,0,3,0,0.0,0,0,0.0,14.29,0.0,,,0.0,,,42.86,,0.0,0.0,0.0,0.71,0.0,0.0
2020-11-12,2020-11,45,5,tablet,(direct),(none),(direct),new_session,12,12,85,22,4,0,0,0,0,0,1,0,0,0,0,0,8,0,0.0,0,0,0.0,8.33,0.0,,,0.0,,,66.67,,0.0,0.0,0.0,0.33,0.0,0.0
2020-11-12,2020-11,45,5,desktop,<Other>,organic,(organic),returning_session,7,7,51,15,6,0,0,0,0,0,2,0,0,0,0,0,4,0,0.0,0,0,0.0,28.57,0.0,,,0.0,,,57.14,,0.0,0.0,0.0,0.86,0.0,0.0
2020-11-12,2020-11,45,5,tablet,(direct),(none),(direct),returning_session,4,4,25,6,3,0,0,0,0,0,1,0,0,0,0,0,3,0,0.0,0,0,0.0,25.0,0.0,,,0.0,,,75.0,,0.0,0.0,0.0,0.75,0.0,0.0
2020-11-12,2020-11,45,5,tablet,shop.googlemerchandisestore.com,referral,(referral),new_session,3,3,42,12,8,0,0,0,0,0,2,0,0,0,0,0,1,0,0.0,0,0,0.0,66.67,0.0,,,0.0,,,33.33,,0.0,0.0,0.0,2.67,0.0,0.0
2020-11-12,2020-11,45,5,tablet,google,organic,(organic),returning_session,6,5,32,9,3,0,0,0,0,0,1,0,0,0,0,0,5,0,0.0,0,0,0.0,16.67,0.0,,,0.0,,,83.33,,0.0,0.0,0.0,0.5,0.0,0.0
2020-11-12,2020-11,45,5,tablet,(data deleted),(data deleted),(data deleted),returning_session,3,3,48,14,12,0,0,0,0,0,3,0,0,0,0,0,0,0,0.0,0,0,0.0,100.0,0.0,,,0.0,,,0.0,,0.0,0.0,0.0,4.0,0.0,0.0
2020-11-12,2020-11,45,5,mobile,<Other>,(data deleted),(data deleted),returning_session,2,2,10,3,1,0,0,0,0,0,1,0,0,0,0,0,0,0,0.0,0,0,0.0,50.0,0.0,,,0.0,,,0.0,,0.0,0.0,0.0,0.5,0.0,0.0
2020-11-12,2020-11,45,5,tablet,<Other>,referral,(referral),new_session,8,8,83,29,2,0,0,0,0,0,2,0,0,0,0,0,4,0,0.0,0,0,0.0,25.0,0.0,,,0.0,,,50.0,,0.0,0.0,0.0,0.25,0.0,0.0
2020-11-12,2020-11,45,5,desktop,google,cpc,<Other>,returning_session,13,13,177,53,34,0,0,0,0,0,3,0,0,0,0,0,8,0,0.0,0,0,0.0,23.08,0.0,,,0.0,,,61.54,,0.0,0.0,0.0,2.62,0.0,0.0
2020-11-12,2020-11,45,5,desktop,<Other>,organic,(organic),new_session,47,47,458,132,21,0,0,0,0,0,12,0,0,0,0,0,21,0,0.0,0,0,0.0,25.53,0.0,,,0.0,,,44.68,,0.0,0.0,0.0,0.45,0.0,0.0
2020-11-12,2020-11,45,5,mobile,(data deleted),(data deleted),<Other>,returning_session,4,4,49,13,6,0,0,0,0,0,2,0,0,0,0,0,1,0,0.0,0,0,0.0,50.0,0.0,,,0.0,,,25.0,,0.0,0.0,0.0,1.5,0.0,0.0
2020-11-12,2020-11,45,5,mobile,(data deleted),(data deleted),(data deleted),new_session,2,2,12,4,2,0,0,0,0,0,1,0,0,0,0,0,1,0,0.0,0,0,0.0,50.0,0.0,,,0.0,,,50.0,,0.0,0.0,0.0,1.0,0.0,0.0
2020-11-12,2020-11,45,5,mobile,google,cpc,<Other>,new_session,38,38,608,201,68,0,0,1,0,0,6,0,1,0,0,1,21,0,0.0,0,0,0.0,15.79,0.0,,0.0,0.0,,100.0,55.26,,0.0,0.0,0.0,1.79,0.0,0.03
2020-11-12,2020-11,45,5,mobile,<Other>,organic,(organic),new_session,29,29,320,90,39,0,0,3,2,0,7,0,2,0,0,2,15,0,0.0,0,0,0.0,24.14,0.0,,0.0,0.0,,100.0,51.72,,0.0,0.0,0.0,1.34,0.0,0.1
2020-11-12,2020-11,45,5,mobile,<Other>,referral,(referral),new_session,86,86,1111,352,115,0,0,6,0,0,22,0,5,0,0,5,42,0,0.0,0,0,0.0,25.58,0.0,,0.0,0.0,,100.0,48.84,,0.0,0.0,0.0,1.34,0.0,0.07
2020-11-12,2020-11,45,5,desktop,<Other>,referral,(referral),new_session,119,119,1402,420,123,0,0,5,2,0,33,0,4,0,0,4,51,0,0.0,0,0,0.0,27.73,0.0,,0.0,0.0,,100.0,42.86,,0.0,0.0,0.0,1.03,0.0,0.04
2020-11-12,2020-11,45,5,desktop,google,cpc,<Other>,new_session,71,71,681,198,33,0,0,3,0,0,16,0,3,0,0,3,37,0,0.0,0,0,0.0,22.54,0.0,,0.0,0.0,,100.0,52.11,,0.0,0.0,0.0,0.46,0.0,0.04
2020-11-12,2020-11,45,5,desktop,<Other>,<Other>,<Other>,new_session,251,251,3305,1014,252,0,0,24,9,1,55,0,12,1,0,11,124,1,16.0,1,1,0.4,21.91,0.0,,8.33,1.82,,91.67,49.4,16.0,0.06,0.06,0.0,1.0,0.0,0.1
2020-11-12,2020-11,45,5,mobile,google,organic,(organic),new_session,336,336,4367,1351,409,0,0,30,14,2,79,0,16,2,0,14,155,2,61.0,7,7,0.6,23.51,0.0,,12.5,2.53,,87.5,46.13,30.5,0.18,0.18,0.01,1.22,0.0,0.09
2020-11-12,2020-11,45,5,desktop,google,organic,(organic),new_session,464,464,7453,2375,811,0,0,40,22,4,117,0,22,4,0,18,224,4,227.0,13,12,0.86,25.22,0.0,,18.18,3.42,,81.82,48.28,56.75,0.49,0.49,0.01,1.75,0.0,0.09
2020-11-12,2020-11,45,5,mobile,<Other>,<Other>,<Other>,new_session,148,148,2322,734,245,0,0,12,7,1,44,0,5,1,0,4,65,1,16.0,3,3,0.68,29.73,0.0,,20.0,2.27,,80.0,43.92,16.0,0.11,0.11,0.01,1.66,0.0,0.08
2020-11-12,2020-11,45,5,desktop,(direct),(none),(direct),new_session,335,335,5011,1572,543,0,0,23,7,3,82,0,14,3,0,11,175,3,219.0,22,11,0.9,24.48,0.0,,21.43,3.66,,78.57,52.24,73.0,0.65,0.65,0.01,1.62,0.0,0.07
2020-11-12,2020-11,45,5,desktop,google,organic,(organic),returning_session,166,161,2133,664,209,0,0,22,10,3,55,0,12,3,0,9,80,3,216.0,10,10,1.81,33.13,0.0,,25.0,5.45,,75.0,48.19,72.0,1.34,1.3,0.02,1.26,0.0,0.13
2020-11-12,2020-11,45,5,mobile,(data deleted),(data deleted),(data deleted),returning_session,124,118,1221,368,128,0,0,9,6,1,33,0,4,1,0,3,71,1,32.0,1,1,0.81,26.61,0.0,,25.0,3.03,,75.0,57.26,32.0,0.27,0.26,0.01,1.03,0.0,0.07
2020-11-12,2020-11,45,5,mobile,<Other>,referral,(referral),returning_session,64,63,1061,329,97,0,0,8,7,1,19,0,4,1,0,3,24,1,53.0,3,3,1.56,29.69,0.0,,25.0,5.26,,75.0,37.5,53.0,0.84,0.83,0.02,1.52,0.0,0.13
2020-11-12,2020-11,45,5,mobile,(direct),(none),(direct),new_session,224,224,2356,669,171,0,0,19,8,2,55,0,7,2,0,5,112,2,181.0,4,4,0.89,24.55,0.0,,28.57,3.64,,71.43,50.0,90.5,0.81,0.81,0.01,0.76,0.0,0.08
2020-11-12,2020-11,45,5,mobile,google,organic,(organic),returning_session,107,102,1456,448,128,0,0,19,9,2,31,0,6,2,0,4,56,2,126.0,5,3,1.87,28.97,0.0,,33.33,6.45,,66.67,52.34,63.0,1.24,1.18,0.02,1.2,0.0,0.18
2020-11-12,2020-11,45,5,mobile,(direct),(none),(direct),returning_session,111,107,1451,434,159,0,0,16,20,2,30,0,6,2,0,4,55,2,192.0,8,5,1.8,27.03,0.0,,33.33,6.67,,66.67,49.55,96.0,1.79,1.73,0.02,1.43,0.0,0.14
2020-11-12,2020-11,45,5,mobile,<Other>,<Other>,<Other>,returning_session,31,30,932,278,122,0,0,21,13,3,11,0,5,2,0,3,19,3,302.0,12,11,6.45,35.48,0.0,,40.0,18.18,,60.0,61.29,100.67,10.07,9.74,0.1,3.94,0.0,0.68
2020-11-12,2020-11,45,5,desktop,(data deleted),(data deleted),<Other>,returning_session,5,5,140,39,21,0,0,6,4,1,3,0,2,1,0,1,2,1,46.0,1,1,20.0,60.0,0.0,,50.0,33.33,,50.0,40.0,46.0,9.2,9.2,0.2,4.2,0.0,1.2
2020-11-12,2020-11,45,5,desktop,<Other>,<Other>,<Other>,returning_session,51,51,443,119,63,0,0,3,1,1,9,0,2,1,0,1,30,1,10.0,1,1,1.96,17.65,0.0,,50.0,11.11,,50.0,58.82,10.0,0.2,0.2,0.02,1.24,0.0,0.06
2020-11-12,2020-11,45,5,desktop,(data deleted),(data deleted),(data deleted),returning_session,145,140,1444,413,166,0,0,9,7,2,31,0,4,2,0,2,94,2,222.0,11,11,1.38,21.38,0.0,,50.0,6.45,,50.0,64.83,111.0,1.59,1.53,0.01,1.14,0.0,0.06
2020-11-12,2020-11,45,5,desktop,(direct),(none),(direct),returning_session,196,194,2265,689,213,0,0,13,12,4,52,0,6,3,0,3,107,4,170.0,9,9,1.53,26.53,0.0,,50.0,5.77,,50.0,54.59,42.5,0.88,0.87,0.02,1.09,0.0,0.07
2020-11-12,2020-11,45,5,desktop,shop.googlemerchandisestore.com,referral,(referral),new_session,72,72,1026,321,120,0,0,5,2,2,21,0,3,2,0,1,35,2,87.0,4,4,2.78,29.17,0.0,,66.67,9.52,,33.33,48.61,43.5,1.21,1.21,0.03,1.67,0.0,0.07
2020-11-12,2020-11,45,5,desktop,shop.googlemerchandisestore.com,referral,(referral),returning_session,130,121,2153,620,253,0,0,24,29,6,35,0,9,6,0,3,78,6,413.0,25,23,4.62,26.92,0.0,,66.67,17.14,,33.33,60.0,68.83,3.41,3.18,0.05,1.95,0.0,0.18
2020-11-12,2020-11,45,5,desktop,<Other>,referral,(referral),returning_session,79,78,1009,318,83,0,0,9,6,3,18,0,4,3,0,1,46,3,168.0,4,4,3.8,22.78,0.0,,75.0,16.67,,25.0,58.23,56.0,2.15,2.13,0.04,1.05,0.0,0.11
2020-11-12,2020-11,45,5,mobile,shop.googlemerchandisestore.com,referral,(referral),returning_session,100,95,1315,383,145,0,0,22,17,8,31,0,9,7,0,2,58,8,409.0,49,28,7.0,31.0,0.0,,77.78,22.58,,22.22,58.0,51.13,4.31,4.09,0.08,1.45,0.0,0.22
2020-11-12,2020-11,45,5,mobile,shop.googlemerchandisestore.com,referral,(referral),new_session,43,43,526,153,43,0,0,4,3,1,11,0,1,1,0,0,25,1,21.0,11,2,2.33,25.58,0.0,,100.0,9.09,,0.0,58.14,21.0,0.49,0.49,0.02,1.0,0.0,0.09
2020-11-12,2020-11,45,5,mobile,google,cpc,<Other>,returning_session,7,7,213,70,28,0,0,2,3,1,2,0,1,1,0,0,4,1,162.0,8,8,14.29,28.57,0.0,,100.0,50.0,,0.0,57.14,162.0,23.14,23.14,0.14,4.0,0.0,0.29
2020-11-03,2020-11,44,3,tablet,(data deleted),(data deleted),(data deleted),returning_session,3,3,13,3,0,0,0,0,0,0,0,0,0,0,0,0,2,0,0.0,0,0,0.0,0.0,,,,,,,66.67,,0.0,0.0,0.0,0.0,0.0,0.0
2020-11-03,2020-11,44,3,tablet,google,cpc,<Other>,new_session,3,3,15,3,0,0,0,0,0,0,0,0,0,0,0,0,3,0,0.0,0,0,0.0,0.0,,,,,,,100.0,,0.0,0.0,0.0,0.0,0.0,0.0
2020-11-03,2020-11,44,3,tablet,google,organic,(organic),returning_session,5,5,30,8,0,0,0,0,0,0,0,0,0,0,0,0,4,0,0.0,0,0,0.0,0.0,,,,,,,80.0,,0.0,0.0,0.0,0.0,0.0,0.0
2020-11-03,2020-11,44,3,desktop,<Other>,(data deleted),(data deleted),returning_session,4,4,16,6,0,0,0,0,0,0,0,0,0,0,0,0,3,0,0.0,0,0,0.0,0.0,,,,,,,75.0,,0.0,0.0,0.0,0.0,0.0,0.0
2020-11-03,2020-11,44,3,tablet,(direct),(none),(direct),returning_session,3,3,10,2,0,0,0,0,0,0,0,0,0,0,0,0,3,0,0.0,0,0,0.0,0.0,,,,,,,100.0,,0.0,0.0,0.0,0.0,0.0,0.0
2020-11-03,2020-11,44,3,tablet,<Other>,organic,(organic),new_session,6,6,42,14,0,0,0,0,0,0,0,0,0,0,0,0,4,0,0.0,0,0,0.0,0.0,,,,,,,66.67,,0.0,0.0,0.0,0.0,0.0,0.0
2020-11-03,2020-11,44,3,desktop,(data deleted),(data deleted),(data deleted),new_session,4,4,28,10,0,0,0,0,0,0,0,0,0,0,0,0,3,0,0.0,0,0,0.0,0.0,,,,,,,75.0,,0.0,0.0,0.0,0.0,0.0,0.0
2020-11-03,2020-11,44,3,mobile,<Other>,(data deleted),(data deleted),returning_session,6,6,176,88,0,0,0,0,0,0,0,0,0,0,0,0,4,0,0.0,0,0,0.0,0.0,,,,,,,66.67,,0.0,0.0,0.0,0.0,0.0,0.0
2020-11-03,2020-11,44,3,tablet,google,cpc,<Other>,returning_session,1,1,4,1,0,0,0,0,0,0,0,0,0,0,0,0,1,0,0.0,0,0,0.0,0.0,,,,,,,100.0,,0.0,0.0,0.0,0.0,0.0,0.0
2020-11-03,2020-11,44,3,tablet,<Other>,referral,(referral),new_session,9,9,70,20,1,0,0,0,0,0,1,0,0,0,0,0,5,0,0.0,0,0,0.0,11.11,0.0,,,0.0,,,55.56,,0.0,0.0,0.0,0.11,0.0,0.0
2020-11-03,2020-11,44,3,mobile,<Other>,organic,(organic),returning_session,11,11,66,19,1,0,0,0,0,0,1,0,0,0,0,0,6,0,0.0,0,0,0.0,9.09,0.0,,,0.0,,,54.55,,0.0,0.0,0.0,0.09,0.0,0.0
2020-11-03,2020-11,44,3,mobile,google,cpc,<Other>,returning_session,7,7,48,13,3,0,0,0,0,0,2,0,0,0,0,0,3,0,0.0,0,0,0.0,28.57,0.0,,,0.0,,,42.86,,0.0,0.0,0.0,0.43,0.0,0.0
2020-11-03,2020-11,44,3,mobile,shop.googlemerchandisestore.com,referral,(referral),new_session,71,71,602,170,40,0,0,0,0,0,11,0,0,0,0,0,41,0,0.0,0,0,0.0,15.49,0.0,,,0.0,,,57.75,,0.0,0.0,0.0,0.56,0.0,0.0
2020-11-03,2020-11,44,3,tablet,shop.googlemerchandisestore.com,referral,(referral),returning_session,7,7,138,44,7,0,0,0,0,0,4,0,0,0,0,0,1,0,0.0,0,0,0.0,57.14,0.0,,,0.0,,,14.29,,0.0,0.0,0.0,1.0,0.0,0.0
2020-11-03,2020-11,44,3,tablet,<Other>,<Other>,<Other>,new_session,18,18,130,34,2,0,0,0,0,0,2,0,0,0,0,0,11,0,0.0,0,0,0.0,11.11,0.0,,,0.0,,,61.11,,0.0,0.0,0.0,0.11,0.0,0.0
2020-11-03,2020-11,44,3,mobile,google,cpc,<Other>,new_session,94,94,914,269,50,0,0,0,0,0,14,0,0,0,0,0,52,0,0.0,0,0,0.0,14.89,0.0,,,0.0,,,55.32,,0.0,0.0,0.0,0.53,0.0,0.0
2020-11-03,2020-11,44,3,desktop,<Other>,organic,(organic),returning_session,11,11,64,17,2,0,0,0,0,0,1,0,0,0,0,0,7,0,0.0,0,0,0.0,9.09,0.0,,,0.0,,,63.64,,0.0,0.0,0.0,0.18,0.0,0.0
2020-11-03,2020-11,44,3,desktop,<Other>,<Other>,<Other>,returning_session,47,46,412,113,43,0,0,0,0,0,12,0,0,0,0,0,27,0,0.0,0,0,0.0,25.53,0.0,,,0.0,,,57.45,,0.0,0.0,0.0,0.91,0.0,0.0
2020-11-03,2020-11,44,3,tablet,<Other>,<Other>,<Other>,returning_session,2,2,8,2,1,0,0,0,0,0,1,0,0,0,0,0,1,0,0.0,0,0,0.0,50.0,0.0,,,0.0,,,50.0,,0.0,0.0,0.0,0.5,0.0,0.0
2020-11-03,2020-11,44,3,mobile,(data deleted),(data deleted),<Other>,returning_session,3,3,57,19,8,0,0,0,0,0,1,0,0,0,0,0,1,0,0.0,0,0,0.0,33.33,0.0,,,0.0,,,33.33,,0.0,0.0,0.0,2.67,0.0,0.0
2020-11-03,2020-11,44,3,desktop,(data deleted),(data deleted),<Other>,returning_session,5,5,24,6,1,0,0,0,0,0,1,0,0,0,0,0,4,0,0.0,0,0,0.0,20.0,0.0,,,0.0,,,80.0,,0.0,0.0,0.0,0.2,0.0,0.0
2020-11-03,2020-11,44,3,tablet,(direct),(none),(direct),new_session,22,22,192,51,20,0,0,1,0,0,4,0,1,0,0,1,14,0,0.0,0,0,0.0,18.18,0.0,,0.0,0.0,,100.0,63.64,,0.0,0.0,0.0,0.91,0.0,0.05
2020-11-03,2020-11,44,3,desktop,shop.googlemerchandisestore.com,referral,(referral),new_session,96,96,898,249,51,0,0,1,1,0,13,0,1,0,0,1,59,0,0.0,0,0,0.0,13.54,0.0,,0.0,0.0,,100.0,61.46,,0.0,0.0,0.0,0.53,0.0,0.01
2020-11-03,2020-11,44,3,tablet,shop.googlemerchandisestore.com,referral,(referral),new_session,4,4,77,24,7,0,0,1,0,0,3,0,1,0,0,1,0,0,0.0,0,0,0.0,75.0,0.0,,0.0,0.0,,100.0,0.0,,0.0,0.0,0.0,1.75,0.0,0.25
2020-11-03,2020-11,44,3,mobile,<Other>,<Other>,<Other>,returning_session,45,44,257,73,11,0,0,2,3,0,7,0,1,0,0,1,31,0,0.0,0,0,0.0,15.56,0.0,,0.0,0.0,,100.0,68.89,,0.0,0.0,0.0,0.24,0.0,0.04
2020-11-03,2020-11,44,3,desktop,<Other>,organic,(organic),new_session,59,59,829,265,98,0,0,1,0,0,10,0,1,0,0,1,38,0,0.0,0,0,0.0,16.95,0.0,,0.0,0.0,,100.0,64.41,,0.0,0.0,0.0,1.66,0.0,0.02
2020-11-03,2020-11,44,3,mobile,<Other>,referral,(referral),new_session,144,144,1332,376,89,0,0,1,0,0,20,0,1,0,0,1,90,0,0.0,0,0,0.0,13.89,0.0,,0.0,0.0,,100.0,62.5,,0.0,0.0,0.0,0.62,0.0,0.01
2020-11-03,2020-11,44,3,mobile,google,organic,(organic),new_session,522,522,6841,2111,740,0,0,15,2,0,101,0,14,0,0,14,306,0,0.0,0,0,0.0,19.35,0.0,,0.0,0.0,,100.0,58.62,,0.0,0.0,0.0,1.42,0.0,0.03
2020-11-03,2020-11,44,3,tablet,google,organic,(organic),new_session,27,27,401,117,42,0,0,1,0,0,6,0,1,0,0,1,17,0,0.0,0,0,0.0,22.22,0.0,,0.0,0.0,,100.0,62.96,,0.0,0.0,0.0,1.56,0.0,0.04
2020-11-03,2020-11,44,3,mobile,(data deleted),(data deleted),(data deleted),new_session,6,6,141,56,12,0,0,1,0,0,3,0,1,0,0,1,2,0,0.0,0,0,0.0,50.0,0.0,,0.0,0.0,,100.0,33.33,,0.0,0.0,0.0,2.0,0.0,0.17
2020-11-03,2020-11,44,3,desktop,google,organic,(organic),new_session,788,788,8698,2580,679,0,0,30,6,3,146,0,18,3,0,15,435,3,222.0,15,6,0.38,18.53,0.0,,16.67,2.05,,83.33,55.2,74.0,0.28,0.28,0.0,0.86,0.0,0.04
2020-11-03,2020-11,44,3,desktop,google,cpc,<Other>,new_session,111,111,1773,547,183,0,0,11,7,1,19,0,6,1,0,5,62,1,87.0,7,6,0.9,17.12,0.0,,16.67,5.26,,83.33,55.86,87.0,0.78,0.78,0.01,1.65,0.0,0.1
2020-11-03,2020-11,44,3,desktop,(direct),(none),(direct),new_session,506,506,6354,1983,554,0,0,15,12,4,77,0,12,2,0,10,315,2,60.0,10,10,0.4,15.22,0.0,,16.67,2.6,,83.33,62.25,30.0,0.12,0.12,0.0,1.09,0.0,0.03
2020-11-03,2020-11,44,3,mobile,<Other>,<Other>,<Other>,new_session,233,233,2508,793,187,0,0,5,1,1,39,0,5,1,0,4,125,1,11.0,3,1,0.43,16.74,0.0,,20.0,2.56,,80.0,53.65,11.0,0.05,0.05,0.0,0.8,0.0,0.02
2020-11-03,2020-11,44,3,mobile,(direct),(none),(direct),new_session,346,346,3812,1161,312,0,0,8,4,2,52,0,8,2,0,6,220,2,120.0,4,4,0.58,15.03,0.0,,25.0,3.85,,75.0,63.58,60.0,0.35,0.35,0.01,0.9,0.0,0.02
2020-11-03,2020-11,44,3,mobile,google,organic,(organic),returning_session,146,137,1656,512,171,0,0,14,6,2,37,0,8,2,0,6,82,2,131.0,7,4,1.37,25.34,0.0,,25.0,5.41,,75.0,56.16,65.5,0.96,0.9,0.01,1.17,0.0,0.1
2020-11-03,2020-11,44,3,desktop,google,cpc,<Other>,returning_session,22,22,511,154,82,0,0,5,3,1,10,0,3,1,0,2,7,1,50.0,7,7,4.55,45.45,0.0,,33.33,10.0,,66.67,31.82,50.0,2.27,2.27,0.05,3.73,0.0,0.23
2020-11-03,2020-11,44,3,desktop,shop.googlemerchandisestore.com,referral,(referral),returning_session,138,134,1951,601,230,0,0,12,11,3,36,0,8,3,0,5,87,3,110.0,6,5,2.17,26.09,0.0,,37.5,8.33,,62.5,63.04,36.67,0.82,0.8,0.02,1.67,0.0,0.09
2020-11-03,2020-11,44,3,desktop,<Other>,referral,(referral),new_session,188,188,1839,518,110,0,0,7,3,2,35,0,5,2,0,3,100,2,67.0,4,4,1.06,18.62,0.0,,40.0,5.71,,60.0,53.19,33.5,0.36,0.36,0.01,0.59,0.0,0.04
2020-11-03,2020-11,44,3,desktop,<Other>,<Other>,<Other>,new_session,399,399,4814,1398,495,0,0,16,12,4,75,0,9,4,0,5,212,4,283.0,14,14,1.0,18.8,0.0,,44.44,5.33,,55.56,53.13,70.75,0.71,0.71,0.01,1.24,0.0,0.04
2020-11-03,2020-11,44,3,desktop,google,organic,(organic),returning_session,211,203,2464,778,334,0,0,13,8,2,48,0,4,2,0,2,121,2,54.0,3,3,0.95,22.75,0.0,,50.0,4.17,,50.0,57.35,27.0,0.27,0.26,0.01,1.58,0.0,0.06
2020-11-03,2020-11,44,3,mobile,shop.googlemerchandisestore.com,referral,(referral),returning_session,96,96,726,205,59,0,0,3,5,2,17,0,2,1,0,1,59,1,353.0,7,7,1.04,17.71,0.0,,50.0,5.88,,50.0,61.46,353.0,3.68,3.68,0.01,0.61,0.0,0.03
2020-11-03,2020-11,44,3,desktop,<Other>,referral,(referral),returning_session,107,103,1444,446,181,0,0,4,3,1,28,0,2,1,0,1,55,1,56.0,5,4,0.93,26.17,0.0,,50.0,3.57,,50.0,51.4,56.0,0.54,0.52,0.01,1.69,0.0,0.04
2020-11-03,2020-11,44,3,desktop,(direct),(none),(direct),returning_session,223,207,2299,706,266,0,0,9,9,4,38,0,7,4,0,3,143,4,461.0,19,18,1.79,17.04,0.0,,57.14,10.53,,42.86,64.13,115.25,2.23,2.07,0.02,1.19,0.0,0.04
2020-11-03,2020-11,44,3,mobile,(direct),(none),(direct),returning_session,151,144,1903,598,150,0,0,26,31,4,35,0,7,4,0,3,89,4,227.0,22,16,2.65,23.18,0.0,,57.14,11.43,,42.86,58.94,56.75,1.58,1.5,0.03,0.99,0.0,0.17
2020-11-03,2020-11,44,3,mobile,<Other>,referral,(referral),returning_session,68,61,849,261,83,0,0,7,6,2,15,0,3,2,0,1,42,2,102.0,9,8,2.94,22.06,0.0,,66.67,13.33,,33.33,61.76,51.0,1.67,1.5,0.03,1.22,0.0,0.1
2020-11-03,2020-11,44,3,desktop,(data deleted),(data deleted),(data deleted),returning_session,176,169,2105,623,242,0,0,13,16,6,40,0,7,6,0,1,102,6,629.0,21,17,3.41,22.73,0.0,,85.71,15.0,,14.29,57.95,104.83,3.72,3.57,0.04,1.38,0.0,0.07
2020-11-03,2020-11,44,3,mobile,(data deleted),(data deleted),(data deleted),returning_session,144,134,2192,655,304,0,0,14,20,6,40,0,7,6,0,1,83,6,291.0,20,19,4.17,27.78,0.0,,85.71,15.0,,14.29,57.64,48.5,2.17,2.02,0.04,2.11,0.0,0.1
2020-11-03,2020-11,44,3,mobile,<Other>,organic,(organic),new_session,49,49,389,100,14,0,0,2,2,1,5,0,1,1,0,0,31,1,183.0,6,6,2.04,10.2,0.0,,100.0,20.0,,0.0,63.27,183.0,3.73,3.73,0.02,0.29,0.0,0.04
2021-01-09,2021-01,1,7,tablet,shop.googlemerchandisestore.com,referral,(referral),returning_session,1,1,3,2,0,0,0,0,0,0,0,0,0,0,0,0,0,0,0.0,0,0,0.0,0.0,,,,,,,0.0,,0.0,0.0,0.0,0.0,0.0,0.0
2021-01-09,2021-01,1,7,tablet,shop.googlemerchandisestore.com,referral,(referral),new_session,1,1,3,1,0,0,0,0,0,0,0,0,0,0,0,0,1,0,0.0,0,0,0.0,0.0,,,,,,,100.0,,0.0,0.0,0.0,0.0,0.0,0.0
2021-01-09,2021-01,1,7,tablet,google,cpc,<Other>,new_session,3,3,15,5,0,0,0,0,0,0,0,0,0,0,0,0,1,0,0.0,0,0,0.0,0.0,,,,,,,33.33,,0.0,0.0,0.0,0.0,0.0,0.0
2021-01-09,2021-01,1,7,tablet,(data deleted),(data deleted),(data deleted),returning_session,2,2,6,2,0,0,0,0,0,0,0,0,0,0,0,0,1,0,0.0,0,0,0.0,0.0,,,,,,,50.0,,0.0,0.0,0.0,0.0,0.0,0.0
2021-01-09,2021-01,1,7,tablet,<Other>,<Other>,<Other>,returning_session,2,2,4,0,0,0,0,0,0,0,0,0,0,0,0,0,2,0,0.0,0,0,0.0,0.0,,,,,,,100.0,,0.0,0.0,0.0,0.0,0.0,0.0
2021-01-09,2021-01,1,7,desktop,(data deleted),(data deleted),(data deleted),new_session,1,1,2,1,0,0,0,0,0,0,0,0,0,0,0,0,1,0,0.0,0,0,0.0,0.0,,,,,,,100.0,,0.0,0.0,0.0,0.0,0.0,0.0
2021-01-09,2021-01,1,7,tablet,(direct),(none),(direct),returning_session,1,1,4,2,0,0,0,0,0,0,0,0,0,0,0,0,0,0,0.0,0,0,0.0,0.0,,,,,,,0.0,,0.0,0.0,0.0,0.0,0.0,0.0
2021-01-09,2021-01,1,7,mobile,(data deleted),(data deleted),<Other>,returning_session,1,1,4,2,0,0,0,0,0,0,0,0,0,0,0,0,0,0,0.0,0,0,0.0,0.0,,,,,,,0.0,,0.0,0.0,0.0,0.0,0.0,0.0
2021-01-09,2021-01,1,7,tablet,<Other>,organic,(organic),returning_session,1,1,8,3,0,0,0,0,0,0,0,0,0,0,0,0,0,0,0.0,0,0,0.0,0.0,,,,,,,0.0,,0.0,0.0,0.0,0.0,0.0,0.0
2021-01-09,2021-01,1,7,mobile,(data deleted),(data deleted),(data deleted),new_session,1,1,6,2,0,0,0,0,0,0,0,0,0,0,0,0,0,0,0.0,0,0,0.0,0.0,,,,,,,0.0,,0.0,0.0,0.0,0.0,0.0,0.0
2021-01-09,2021-01,1,7,tablet,<Other>,referral,(referral),new_session,8,8,85,30,2,0,0,0,0,0,2,0,0,0,0,0,2,0,0.0,0,0,0.0,25.0,0.0,,,0.0,,,25.0,,0.0,0.0,0.0,0.25,0.0,0.0
2021-01-09,2021-01,1,7,tablet,(direct),(none),(direct),new_session,15,15,178,65,16,1,0,0,0,0,3,1,0,0,1,0,1,0,0.0,0,0,0.0,20.0,33.33,0.0,,0.0,100.0,,6.67,,0.0,0.0,0.0,1.07,0.07,0.0
2021-01-09,2021-01,1,7,desktop,<Other>,organic,(organic),new_session,53,53,521,191,30,0,0,0,0,0,7,0,0,0,0,0,4,0,0.0,0,0,0.0,13.21,0.0,,,0.0,,,7.55,,0.0,0.0,0.0,0.57,0.0,0.0
2021-01-09,2021-01,1,7,mobile,google,cpc,<Other>,returning_session,3,3,39,12,9,0,0,0,0,0,3,0,0,0,0,0,0,0,0.0,0,0,0.0,100.0,0.0,,,0.0,,,0.0,,0.0,0.0,0.0,3.0,0.0,0.0
2021-01-09,2021-01,1,7,desktop,google,cpc,<Other>,returning_session,4,4,36,11,9,0,0,0,0,0,2,0,0,0,0,0,0,0,0.0,0,0,0.0,50.0,0.0,,,0.0,,,0.0,,0.0,0.0,0.0,2.25,0.0,0.0
2021-01-09,2021-01,1,7,mobile,google,organic,(organic),new_session,373,373,3001,1077,120,34,0,0,0,0,38,7,0,0,7,0,19,0,0.0,0,0,0.0,10.19,18.42,0.0,,0.0,100.0,,5.09,,0.0,0.0,0.0,0.32,0.09,0.0
2021-01-09,2021-01,1,7,tablet,google,organic,(organic),new_session,17,17,121,43,5,1,0,0,0,0,4,1,0,0,1,0,0,0,0.0,0,0,0.0,23.53,25.0,0.0,,0.0,100.0,,0.0,,0.0,0.0,0.0,0.29,0.06,0.0
2021-01-09,2021-01,1,7,tablet,<Other>,<Other>,<Other>,new_session,13,13,92,36,1,0,0,0,0,0,1,0,0,0,0,0,0,0,0.0,0,0,0.0,7.69,0.0,,,0.0,,,0.0,,0.0,0.0,0.0,0.08,0.0,0.0
2021-01-09,2021-01,1,7,mobile,<Other>,organic,(organic),new_session,36,36,242,88,1,0,0,0,0,0,1,0,0,0,0,0,5,0,0.0,0,0,0.0,2.78,0.0,,,0.0,,,13.89,,0.0,0.0,0.0,0.03,0.0,0.0
2021-01-09,2021-01,1,7,desktop,<Other>,organic,(organic),returning_session,9,9,63,20,9,0,0,0,0,0,2,0,0,0,0,0,3,0,0.0,0,0,0.0,22.22,0.0,,,0.0,,,33.33,,0.0,0.0,0.0,1.0,0.0,0.0
2021-01-09,2021-01,1,7,tablet,google,organic,(organic),returning_session,1,1,28,12,2,0,0,0,0,0,1,0,0,0,0,0,0,0,0.0,0,0,0.0,100.0,0.0,,,0.0,,,0.0,,0.0,0.0,0.0,2.0,0.0,0.0
2021-01-09,2021-01,1,7,mobile,(direct),(none),(direct),returning_session,67,59,474,182,25,4,0,0,0,0,14,3,0,0,3,0,14,0,0.0,0,0,0.0,20.9,21.43,0.0,,0.0,100.0,,20.9,,0.0,0.0,0.0,0.37,0.06,0.0
2021-01-09,2021-01,1,7,mobile,<Other>,<Other>,<Other>,returning_session,13,13,139,56,1,0,0,0,0,0,1,0,0,0,0,0,4,0,0.0,0,0,0.0,7.69,0.0,,,0.0,,,30.77,,0.0,0.0,0.0,0.08,0.0,0.0
2021-01-09,2021-01,1,7,desktop,<Other>,referral,(referral),new_session,142,142,1232,429,82,28,0,6,0,0,22,4,2,0,4,2,9,0,0.0,0,0,0.0,15.49,18.18,50.0,0.0,0.0,100.0,100.0,6.34,,0.0,0.0,0.0,0.58,0.2,0.04
2021-01-09,2021-01,1,7,mobile,google,cpc,<Other>,new_session,52,52,351,127,7,1,0,3,0,0,4,1,1,0,1,1,2,0,0.0,0,0,0.0,7.69,25.0,100.0,0.0,0.0,100.0,100.0,3.85,,0.0,0.0,0.0,0.13,0.02,0.06
2021-01-09,2021-01,1,7,desktop,shop.googlemerchandisestore.com,referral,(referral),new_session,82,82,955,329,100,6,0,3,0,0,15,3,1,0,3,1,6,0,0.0,0,0,0.0,18.29,20.0,33.33,0.0,0.0,100.0,100.0,7.32,,0.0,0.0,0.0,1.22,0.07,0.04
2021-01-09,2021-01,1,7,mobile,<Other>,<Other>,<Other>,new_session,190,190,1926,674,154,51,0,6,0,0,26,6,1,0,6,1,10,0,0.0,0,0,0.0,13.68,23.08,16.67,0.0,0.0,100.0,100.0,5.26,,0.0,0.0,0.0,0.81,0.27,0.03
2021-01-09,2021-01,1,7,desktop,<Other>,<Other>,<Other>,returning_session,23,23,277,92,25,11,0,3,0,0,5,3,1,0,3,1,5,0,0.0,0,0,0.0,21.74,60.0,33.33,0.0,0.0,100.0,100.0,21.74,,0.0,0.0,0.0,1.09,0.48,0.13
2021-01-09,2021-01,1,7,mobile,google,organic,(organic),returning_session,62,57,682,242,43,8,0,15,3,0,16,6,2,0,6,2,14,0,0.0,0,0,0.0,25.81,37.5,33.33,0.0,0.0,100.0,100.0,22.58,,0.0,0.0,0.0,0.69,0.13,0.24
2021-01-09,2021-01,1,7,desktop,(direct),(none),(direct),returning_session,88,81,1095,368,134,42,0,3,0,0,18,6,1,0,6,1,27,0,0.0,0,0,0.0,20.45,33.33,16.67,0.0,0.0,100.0,100.0,30.68,,0.0,0.0,0.0,1.52,0.48,0.03
2021-01-09,2021-01,1,7,mobile,shop.googlemerchandisestore.com,referral,(referral),new_session,56,56,415,151,18,2,0,3,0,0,10,1,1,0,1,1,3,0,0.0,0,0,0.0,17.86,10.0,100.0,0.0,0.0,100.0,100.0,5.36,,0.0,0.0,0.0,0.32,0.04,0.05
2021-01-09,2021-01,1,7,desktop,(direct),(none),(direct),new_session,342,342,3674,1260,231,56,0,39,11,3,50,10,5,1,9,4,18,3,322.0,12,12,0.29,14.62,20.0,50.0,20.0,2.0,90.0,80.0,5.26,107.33,0.94,0.94,0.01,0.68,0.16,0.11
2021-01-09,2021-01,1,7,desktop,google,organic,(organic),new_session,531,531,4330,1563,180,19,0,11,3,2,86,8,3,2,6,1,31,2,224.0,8,8,0.38,16.2,9.3,37.5,66.67,2.33,75.0,33.33,5.84,112.0,0.42,0.42,0.0,0.34,0.04,0.02
2021-01-09,2021-01,1,7,desktop,<Other>,<Other>,<Other>,new_session,245,245,2362,802,196,63,0,9,4,1,39,8,3,1,8,2,16,1,57.0,4,4,0.41,15.92,20.51,37.5,33.33,2.56,100.0,66.67,6.53,57.0,0.23,0.23,0.0,0.8,0.26,0.04
2021-01-09,2021-01,1,7,mobile,(direct),(none),(direct),new_session,248,248,2279,807,125,23,0,9,2,1,35,8,2,1,7,1,13,1,24.0,2,2,0.4,14.11,22.86,25.0,50.0,2.86,87.5,50.0,5.24,24.0,0.1,0.1,0.0,0.5,0.09,0.04
2021-01-09,2021-01,1,7,desktop,google,organic,(organic),returning_session,86,83,971,328,69,13,0,9,3,1,22,6,2,1,5,1,18,1,79.0,1,1,1.16,25.58,27.27,33.33,50.0,4.55,83.33,50.0,20.93,79.0,0.95,0.92,0.01,0.8,0.15,0.1
2021-01-09,2021-01,1,7,desktop,(data deleted),(data deleted),(data deleted),returning_session,85,82,1103,368,94,25,0,3,2,1,19,6,1,1,5,0,19,1,85.0,2,2,1.18,22.35,31.58,16.67,100.0,5.26,83.33,0.0,22.35,85.0,1.04,1.0,0.01,1.11,0.29,0.04
2021-01-09,2021-01,1,7,desktop,google,cpc,<Other>,new_session,73,73,658,223,32,9,0,6,1,1,13,3,1,1,2,0,0,1,40.0,2,2,1.37,17.81,23.08,33.33,100.0,7.69,66.67,0.0,0.0,40.0,0.55,0.55,0.01,0.44,0.12,0.08
2021-01-09,2021-01,1,7,mobile,shop.googlemerchandisestore.com,referral,(referral),returning_session,47,46,480,170,41,5,0,3,2,1,10,4,1,1,3,0,10,1,55.0,1,1,2.13,21.28,40.0,25.0,100.0,10.0,75.0,0.0,21.28,55.0,1.2,1.17,0.02,0.87,0.11,0.06
2021-01-09,2021-01,1,7,desktop,<Other>,referral,(referral),returning_session,35,33,376,137,21,0,0,6,2,1,8,0,2,1,0,1,9,1,55.0,1,1,2.86,22.86,0.0,,50.0,12.5,,50.0,25.71,55.0,1.67,1.57,0.03,0.6,0.0,0.17
2021-01-09,2021-01,1,7,desktop,shop.googlemerchandisestore.com,referral,(referral),returning_session,59,57,586,199,56,8,0,6,1,1,8,2,1,1,2,0,23,1,56.0,6,6,1.69,13.56,25.0,50.0,100.0,12.5,100.0,0.0,38.98,56.0,0.98,0.95,0.02,0.95,0.14,0.1
2021-01-09,2021-01,1,7,mobile,<Other>,referral,(referral),returning_session,37,36,584,198,83,4,0,3,1,1,6,3,1,1,2,0,16,1,44.0,1,1,2.7,16.22,50.0,33.33,100.0,16.67,66.67,0.0,43.24,44.0,1.22,1.19,0.03,2.24,0.11,0.08
2021-01-09,2021-01,1,7,mobile,(data deleted),(data deleted),(data deleted),returning_session,60,55,642,213,46,10,0,5,2,2,11,5,2,2,3,0,21,2,8.0,2,3,3.33,18.33,45.45,40.0,100.0,18.18,60.0,0.0,35.0,4.0,0.15,0.13,0.04,0.77,0.17,0.08
2021-01-09,2021-01,1,7,mobile,<Other>,referral,(referral),new_session,85,85,1293,436,109,3,0,18,3,3,16,2,4,3,0,1,2,3,213.0,9,9,3.53,18.82,12.5,200.0,75.0,18.75,0.0,25.0,2.35,71.0,2.51,2.51,0.04,1.28,0.04,0.21
2021-01-09,2021-01,1,7,mobile,<Other>,organic,(organic),returning_session,4,4,242,60,49,32,0,6,2,1,2,2,1,1,1,0,0,1,101.0,17,9,25.0,50.0,100.0,50.0,100.0,50.0,50.0,0.0,0.0,101.0,25.25,25.25,0.25,12.25,8.0,1.5
2020-11-23,2020-11,47,2,tablet,(direct),(none),(direct),returning_session,4,4,26,8,0,0,0,0,0,0,0,0,0,0,0,0,2,0,0.0,0,0,0.0,0.0,,,,,,,50.0,,0.0,0.0,0.0,0.0,0.0,0.0
2020-11-23,2020-11,47,2,desktop,<Other>,(data deleted),(data deleted),returning_session,4,4,9,2,0,0,0,0,0,0,0,0,0,0,0,0,4,0,0.0,0,0,0.0,0.0,,,,,,,100.0,,0.0,0.0,0.0,0.0,0.0,0.0
2020-11-23,2020-11,47,2,desktop,(data deleted),(data deleted),<Other>,returning_session,1,1,2,0,0,0,0,0,0,0,0,0,0,0,0,0,1,0,0.0,0,0,0.0,0.0,,,,,,,100.0,,0.0,0.0,0.0,0.0,0.0,0.0
2020-11-23,2020-11,47,2,tablet,<Other>,organic,(organic),returning_session,1,1,9,3,0,0,0,0,0,0,0,0,0,0,0,0,0,0,0.0,0,0,0.0,0.0,,,,,,,0.0,,0.0,0.0,0.0,0.0,0.0,0.0
2020-11-23,2020-11,47,2,desktop,(data deleted),(data deleted),<Other>,new_session,1,1,3,1,0,0,0,0,0,0,0,0,0,0,0,0,1,0,0.0,0,0,0.0,0.0,,,,,,,100.0,,0.0,0.0,0.0,0.0,0.0,0.0
2020-11-23,2020-11,47,2,mobile,(data deleted),(data deleted),<Other>,returning_session,2,2,6,2,0,0,0,0,0,0,0,0,0,0,0,0,2,0,0.0,0,0,0.0,0.0,,,,,,,100.0,,0.0,0.0,0.0,0.0,0.0,0.0
2020-11-23,2020-11,47,2,desktop,<Other>,organic,(organic),returning_session,9,9,57,17,0,0,0,0,0,0,0,0,0,0,0,0,8,0,0.0,0,0,0.0,0.0,,,,,,,88.89,,0.0,0.0,0.0,0.0,0.0,0.0
2020-11-23,2020-11,47,2,tablet,<Other>,organic,(organic),new_session,1,1,5,1,0,0,0,0,0,0,0,0,0,0,0,0,1,0,0.0,0,0,0.0,0.0,,,,,,,100.0,,0.0,0.0,0.0,0.0,0.0,0.0
2020-11-23,2020-11,47,2,mobile,<Other>,(data deleted),(data deleted),returning_session,2,2,6,2,0,0,0,0,0,0,0,0,0,0,0,0,2,0,0.0,0,0,0.0,0.0,,,,,,,100.0,,0.0,0.0,0.0,0.0,0.0,0.0
2020-11-23,2020-11,47,2,tablet,shop.googlemerchandisestore.com,referral,(referral),new_session,3,3,18,5,0,0,0,0,0,0,0,0,0,0,0,0,2,0,0.0,0,0,0.0,0.0,,,,,,,66.67,,0.0,0.0,0.0,0.0,0.0,0.0
2020-11-23,2020-11,47,2,mobile,(data deleted),(data deleted),(data deleted),new_session,8,8,234,73,43,0,0,0,0,0,2,0,0,0,0,0,3,0,0.0,0,0,0.0,25.0,0.0,,,0.0,,,37.5,,0.0,0.0,0.0,5.38,0.0,0.0
2020-11-23,2020-11,47,2,tablet,<Other>,referral,(referral),returning_session,3,3,12,4,1,0,0,0,0,0,1,0,0,0,0,0,1,0,0.0,0,0,0.0,33.33,0.0,,,0.0,,,33.33,,0.0,0.0,0.0,0.33,0.0,0.0
2020-11-23,2020-11,47,2,desktop,(data deleted),(data deleted),(data deleted),new_session,7,7,62,24,3,0,0,0,0,0,1,0,0,0,0,0,2,0,0.0,0,0,0.0,14.29,0.0,,,0.0,,,28.57,,0.0,0.0,0.0,0.43,0.0,0.0
2020-11-23,2020-11,47,2,tablet,(data deleted),(data deleted),(data deleted),returning_session,2,2,14,4,1,0,0,0,0,0,1,0,0,0,0,0,1,0,0.0,0,0,0.0,50.0,0.0,,,0.0,,,50.0,,0.0,0.0,0.0,0.5,0.0,0.0
2020-11-23,2020-11,47,2,tablet,<Other>,<Other>,<Other>,new_session,11,11,94,26,10,0,0,0,0,0,2,0,0,0,0,0,5,0,0.0,0,0,0.0,18.18,0.0,,,0.0,,,45.45,,0.0,0.0,0.0,0.91,0.0,0.0
2020-11-23,2020-11,47,2,mobile,<Other>,organic,(organic),returning_session,5,5,63,20,5,0,0,0,0,0,1,0,0,0,0,0,2,0,0.0,0,0,0.0,20.0,0.0,,,0.0,,,40.0,,0.0,0.0,0.0,1.0,0.0,0.0
2020-11-23,2020-11,47,2,desktop,<Other>,<Other>,<Other>,returning_session,30,30,334,103,34,0,0,0,0,0,11,0,0,0,0,0,16,0,0.0,0,0,0.0,36.67,0.0,,,0.0,,,53.33,,0.0,0.0,0.0,1.13,0.0,0.0
2020-11-23,2020-11,47,2,tablet,<Other>,referral,(referral),new_session,5,5,76,22,10,0,0,0,0,0,4,0,0,0,0,0,1,0,0.0,0,0,0.0,80.0,0.0,,,0.0,,,20.0,,0.0,0.0,0.0,2.0,0.0,0.0
2020-11-23,2020-11,47,2,tablet,(direct),(none),(direct),new_session,18,18,140,39,2,0,0,0,0,0,2,0,0,0,0,0,12,0,0.0,0,0,0.0,11.11,0.0,,,0.0,,,66.67,,0.0,0.0,0.0,0.11,0.0,0.0
2020-11-23,2020-11,47,2,mobile,<Other>,organic,(organic),new_session,27,27,248,67,14,0,0,0,0,0,7,0,0,0,0,0,12,0,0.0,0,0,0.0,25.93,0.0,,,0.0,,,44.44,,0.0,0.0,0.0,0.52,0.0,0.0
2020-11-23,2020-11,47,2,mobile,google,cpc,<Other>,new_session,52,52,744,209,76,0,0,4,3,0,17,0,3,0,0,3,22,0,0.0,0,0,0.0,32.69,0.0,,0.0,0.0,,100.0,42.31,,0.0,0.0,0.0,1.46,0.0,0.08
2020-11-23,2020-11,47,2,desktop,<Other>,organic,(organic),new_session,53,53,743,240,89,0,0,2,0,0,14,0,2,0,0,2,27,0,0.0,0,0,0.0,26.42,0.0,,0.0,0.0,,100.0,50.94,,0.0,0.0,0.0,1.68,0.0,0.04
2020-11-23,2020-11,47,2,mobile,shop.googlemerchandisestore.com,referral,(referral),new_session,57,57,604,175,35,0,0,6,2,0,13,0,4,0,0,4,28,0,0.0,0,0,0.0,22.81,0.0,,0.0,0.0,,100.0,49.12,,0.0,0.0,0.0,0.61,0.0,0.11
2020-11-23,2020-11,47,2,desktop,<Other>,referral,(referral),new_session,137,137,2339,775,264,0,0,10,2,0,34,0,10,0,0,10,56,0,0.0,0,0,0.0,24.82,0.0,,0.0,0.0,,100.0,40.88,,0.0,0.0,0.0,1.93,0.0,0.07
2020-11-23,2020-11,47,2,desktop,google,cpc,<Other>,new_session,81,81,1094,346,122,0,0,1,0,0,17,0,1,0,0,1,41,0,0.0,0,0,0.0,20.99,0.0,,0.0,0.0,,100.0,50.62,,0.0,0.0,0.0,1.51,0.0,0.01
2020-11-23,2020-11,47,2,tablet,google,cpc,<Other>,returning_session,2,2,31,7,3,0,0,1,1,0,1,0,1,0,0,1,1,0,0.0,0,0,0.0,50.0,0.0,,0.0,0.0,,100.0,50.0,,0.0,0.0,0.0,1.5,0.0,0.5
2020-11-23,2020-11,47,2,desktop,(direct),(none),(direct),new_session,392,392,5336,1686,527,0,0,17,6,4,81,0,13,2,0,11,208,2,240.0,36,24,0.51,20.66,0.0,,15.38,2.47,,84.62,53.06,120.0,0.61,0.61,0.01,1.34,0.0,0.04
2020-11-23,2020-11,47,2,desktop,google,organic,(organic),new_session,557,557,8603,2686,891,0,0,33,17,14,148,0,21,4,0,17,266,7,764.0,34,24,0.72,26.57,0.0,,19.05,2.7,,80.95,47.76,109.14,1.37,1.37,0.01,1.6,0.0,0.06
2020-11-23,2020-11,47,2,mobile,google,organic,(organic),new_session,367,367,5173,1640,478,0,0,12,9,3,87,0,10,2,0,8,174,2,132.0,4,5,0.54,23.71,0.0,,20.0,2.3,,80.0,47.41,66.0,0.36,0.36,0.01,1.3,0.0,0.03
2020-11-23,2020-11,47,2,desktop,<Other>,<Other>,<Other>,new_session,270,270,3501,1083,309,0,0,12,5,6,67,0,10,2,0,8,135,3,60.0,6,6,0.74,24.81,0.0,,20.0,2.99,,80.0,50.0,20.0,0.22,0.22,0.01,1.14,0.0,0.04
2020-11-23,2020-11,47,2,mobile,(direct),(none),(direct),new_session,263,263,3041,883,236,0,0,14,3,6,58,0,10,3,0,7,135,3,1008.0,94,58,1.14,22.05,0.0,,30.0,5.17,,70.0,51.33,336.0,3.83,3.83,0.01,0.9,0.0,0.05
2020-11-23,2020-11,47,2,mobile,<Other>,<Other>,<Other>,new_session,193,193,2794,890,252,0,0,19,8,8,52,0,12,4,0,8,85,4,304.0,22,20,2.07,26.94,0.0,,33.33,7.69,,66.67,44.04,76.0,1.58,1.58,0.02,1.31,0.0,0.1
2020-11-23,2020-11,47,2,tablet,google,organic,(organic),new_session,23,23,597,178,94,0,0,7,5,1,9,0,3,1,0,2,9,1,0.0,0,1,4.35,39.13,0.0,,33.33,11.11,,66.67,39.13,0.0,0.0,0.0,0.04,4.09,0.0,0.3
2020-11-23,2020-11,47,2,desktop,shop.googlemerchandisestore.com,referral,(referral),new_session,66,66,1272,428,149,0,0,8,4,6,15,0,5,2,0,3,36,3,432.0,10,10,3.03,22.73,0.0,,40.0,13.33,,60.0,54.55,144.0,6.55,6.55,0.05,2.26,0.0,0.12
2020-11-23,2020-11,47,2,mobile,<Other>,referral,(referral),returning_session,56,54,638,196,39,0,0,9,7,2,9,0,2,1,0,1,35,1,60.0,2,2,1.79,16.07,0.0,,50.0,11.11,,50.0,62.5,60.0,1.11,1.07,0.02,0.7,0.0,0.16
2020-11-23,2020-11,47,2,mobile,<Other>,referral,(referral),new_session,87,87,983,280,65,0,0,6,3,2,18,0,2,1,0,1,43,1,74.0,4,4,1.15,20.69,0.0,,50.0,5.56,,50.0,49.43,74.0,0.85,0.85,0.01,0.75,0.0,0.07
2020-11-23,2020-11,47,2,desktop,(data deleted),(data deleted),(data deleted),returning_session,155,151,2103,632,199,0,0,19,15,12,35,0,11,6,0,5,88,6,858.0,62,52,3.87,22.58,0.0,,54.55,17.14,,45.45,56.77,143.0,5.68,5.54,0.04,1.28,0.0,0.12
2020-11-23,2020-11,47,2,desktop,google,organic,(organic),returning_session,165,156,1903,584,152,0,0,22,17,10,42,0,9,5,0,4,91,5,366.0,34,28,3.03,25.45,0.0,,55.56,11.9,,44.44,55.15,73.2,2.35,2.22,0.03,0.92,0.0,0.13
2020-11-23,2020-11,47,2,desktop,shop.googlemerchandisestore.com,referral,(referral),returning_session,100,92,1281,393,127,0,0,12,10,6,28,0,5,3,0,2,52,3,316.0,18,8,3.0,28.0,0.0,,60.0,10.71,,40.0,52.0,105.33,3.43,3.16,0.03,1.27,0.0,0.12
2020-11-23,2020-11,47,2,mobile,(data deleted),(data deleted),(data deleted),returning_session,132,125,1504,454,150,0,0,8,3,6,36,0,5,3,0,2,73,3,246.0,10,10,2.27,27.27,0.0,,60.0,8.33,,40.0,55.3,82.0,1.97,1.86,0.02,1.14,0.0,0.06
2020-11-23,2020-11,47,2,desktop,<Other>,referral,(referral),returning_session,71,71,841,251,107,0,0,6,4,6,20,0,5,3,0,2,41,3,670.0,46,32,4.23,28.17,0.0,,60.0,15.0,,40.0,57.75,223.33,9.44,9.44,0.04,1.51,0.0,0.08
2020-11-23,2020-11,47,2,tablet,shop.googlemerchandisestore.com,referral,(referral),returning_session,6,5,200,57,32,0,0,5,6,4,5,0,3,2,0,1,1,2,434.0,18,12,33.33,83.33,0.0,,66.67,40.0,,33.33,16.67,217.0,86.8,72.33,0.4,5.33,0.0,0.83
2020-11-23,2020-11,47,2,mobile,google,organic,(organic),returning_session,116,111,1376,415,151,0,0,10,8,8,24,0,6,4,0,2,69,4,464.0,40,36,3.45,20.69,0.0,,66.67,16.67,,33.33,59.48,116.0,4.18,4.0,0.04,1.3,0.0,0.09
2020-11-23,2020-11,47,2,desktop,(direct),(none),(direct),returning_session,165,160,1979,608,183,0,0,16,9,9,39,0,7,5,0,2,99,5,342.0,18,19,3.03,23.64,0.0,,71.43,12.82,,28.57,60.0,68.4,2.14,2.07,0.03,1.11,0.0,0.1
2020-11-23,2020-11,47,2,mobile,shop.googlemerchandisestore.com,referral,(referral),returning_session,86,86,988,304,79,0,0,9,5,6,18,0,4,3,0,1,49,3,350.0,26,20,3.49,20.93,0.0,,75.0,16.67,,25.0,56.98,116.67,4.07,4.07,0.03,0.92,0.0,0.1
2020-11-23,2020-11,47,2,mobile,(direct),(none),(direct),returning_session,110,105,1254,393,144,0,0,4,4,6,19,0,3,3,0,0,67,3,676.0,52,32,2.73,17.27,0.0,,100.0,15.79,,0.0,60.91,225.33,6.44,6.15,0.03,1.31,0.0,0.04
2020-11-23,2020-11,47,2,mobile,<Other>,<Other>,<Other>,returning_session,25,24,361,104,11,0,0,7,6,12,5,0,1,1,0,0,13,6,456.0,12,12,4.0,20.0,0.0,,100.0,20.0,,0.0,52.0,76.0,19.0,18.24,0.25,0.44,0.0,0.28
2020-11-23,2020-11,47,2,desktop,google,cpc,<Other>,returning_session,13,13,178,57,7,0,0,2,1,2,2,0,1,1,0,0,8,1,26.0,2,2,7.69,15.38,0.0,,100.0,50.0,,0.0,61.54,26.0,2.0,2.0,0.08,0.54,0.0,0.15
2020-11-23,2020-11,47,2,tablet,google,organic,(organic),returning_session,8,8,247,84,21,0,0,2,2,2,2,0,1,1,0,0,4,1,344.0,6,6,12.5,25.0,0.0,,100.0,50.0,,0.0,50.0,344.0,43.0,43.0,0.13,2.63,0.0,0.25
2020-11-23,2020-11,47,2,mobile,google,cpc,<Other>,returning_session,8,8,171,55,12,0,0,2,2,4,5,0,2,2,0,0,3,2,242.0,8,8,25.0,62.5,0.0,,100.0,40.0,,0.0,37.5,121.0,30.25,30.25,0.25,1.5,0.0,0.25
2021-01-06,2021-01,1,4,tablet,<Other>,referral,(referral),new_session,5,5,29,11,0,0,0,0,0,0,0,0,0,0,0,0,0,0,0.0,0,0,0.0,0.0,,,,,,,0.0,,0.0,0.0,0.0,0.0,0.0,0.0
2021-01-06,2021-01,1,4,mobile,(data deleted),(data deleted),(data deleted),new_session,2,2,12,4,0,0,0,0,0,0,0,0,0,0,0,0,1,0,0.0,0,0,0.0,0.0,,,,,,,50.0,,0.0,0.0,0.0,0.0,0.0,0.0
2021-01-06,2021-01,1,4,desktop,(data deleted),(data deleted),<Other>,returning_session,2,2,8,3,0,0,0,0,0,0,0,0,0,0,0,0,1,0,0.0,0,0,0.0,0.0,,,,,,,50.0,,0.0,0.0,0.0,0.0,0.0,0.0
2021-01-06,2021-01,1,4,tablet,(direct),(none),(direct),returning_session,3,3,8,2,0,0,0,0,0,0,0,0,0,0,0,0,2,0,0.0,0,0,0.0,0.0,,,,,,,66.67,,0.0,0.0,0.0,0.0,0.0,0.0
2021-01-06,2021-01,1,4,tablet,google,organic,(organic),returning_session,2,2,5,2,0,0,0,0,0,0,0,0,0,0,0,0,1,0,0.0,0,0,0.0,0.0,,,,,,,50.0,,0.0,0.0,0.0,0.0,0.0,0.0
2021-01-06,2021-01,1,4,tablet,shop.googlemerchandisestore.com,referral,(referral),new_session,4,4,27,9,0,0,0,0,0,0,0,0,0,0,0,0,0,0,0.0,0,0,0.0,0.0,,,,,,,0.0,,0.0,0.0,0.0,0.0,0.0,0.0
2021-01-06,2021-01,1,4,tablet,google,cpc,<Other>,new_session,2,2,12,4,0,0,0,0,0,0,0,0,0,0,0,0,0,0,0.0,0,0,0.0,0.0,,,,,,,0.0,,0.0,0.0,0.0,0.0,0.0,0.0
2021-01-06,2021-01,1,4,mobile,google,cpc,<Other>,returning_session,9,9,73,28,0,0,0,0,0,0,0,0,0,0,0,0,2,0,0.0,0,0,0.0,0.0,,,,,,,22.22,,0.0,0.0,0.0,0.0,0.0,0.0
2021-01-06,2021-01,1,4,desktop,<Other>,(data deleted),(data deleted),returning_session,2,2,13,4,0,0,0,0,0,0,0,0,0,0,0,0,1,0,0.0,0,0,0.0,0.0,,,,,,,50.0,,0.0,0.0,0.0,0.0,0.0,0.0
2021-01-06,2021-01,1,4,mobile,<Other>,(data deleted),(data deleted),returning_session,2,2,6,1,0,0,0,0,0,0,0,0,0,0,0,0,2,0,0.0,0,0,0.0,0.0,,,,,,,100.0,,0.0,0.0,0.0,0.0,0.0,0.0
2021-01-06,2021-01,1,4,tablet,<Other>,organic,(organic),new_session,2,2,12,4,0,0,0,0,0,0,0,0,0,0,0,0,0,0,0.0,0,0,0.0,0.0,,,,,,,0.0,,0.0,0.0,0.0,0.0,0.0,0.0
2021-01-06,2021-01,1,4,desktop,<Other>,organic,(organic),new_session,114,114,896,316,26,2,0,0,0,0,11,2,0,0,2,0,7,0,0.0,0,0,0.0,9.65,18.18,0.0,,0.0,100.0,,6.14,,0.0,0.0,0.0,0.23,0.02,0.0
2021-01-06,2021-01,1,4,mobile,<Other>,<Other>,<Other>,returning_session,23,23,252,89,24,10,0,0,0,0,7,2,0,0,2,0,5,0,0.0,0,0,0.0,30.43,28.57,0.0,,0.0,100.0,,21.74,,0.0,0.0,0.0,1.04,0.43,0.0
2021-01-06,2021-01,1,4,mobile,google,cpc,<Other>,new_session,92,92,738,259,19,4,0,0,0,0,13,2,0,0,2,0,6,0,0.0,0,0,0.0,14.13,15.38,0.0,,0.0,100.0,,6.52,,0.0,0.0,0.0,0.21,0.04,0.0
2021-01-06,2021-01,1,4,mobile,shop.googlemerchandisestore.com,referral,(referral),new_session,82,82,695,244,25,0,0,0,0,0,8,0,0,0,0,0,3,0,0.0,0,0,0.0,9.76,0.0,,,0.0,,,3.66,,0.0,0.0,0.0,0.3,0.0,0.0
2021-01-06,2021-01,1,4,tablet,<Other>,<Other>,<Other>,new_session,25,25,208,75,2,1,0,0,0,0,2,1,0,0,1,0,0,0,0.0,0,0,0.0,8.0,50.0,0.0,,0.0,100.0,,0.0,,0.0,0.0,0.0,0.08,0.04,0.0
2021-01-06,2021-01,1,4,tablet,google,organic,(organic),new_session,33,33,361,126,21,2,0,0,0,0,3,1,0,0,1,0,2,0,0.0,0,0,0.0,9.09,33.33,0.0,,0.0,100.0,,6.06,,0.0,0.0,0.0,0.64,0.06,0.0
2021-01-06,2021-01,1,4,mobile,<Other>,organic,(organic),returning_session,6,6,52,16,1,0,0,0,0,0,1,0,0,0,0,0,4,0,0.0,0,0,0.0,16.67,0.0,,,0.0,,,66.67,,0.0,0.0,0.0,0.17,0.0,0.0
2021-01-06,2021-01,1,4,tablet,(direct),(none),(direct),new_session,37,37,292,104,10,0,0,0,0,0,5,0,0,0,0,0,1,0,0.0,0,0,0.0,13.51,0.0,,,0.0,,,2.7,,0.0,0.0,0.0,0.27,0.0,0.0
2021-01-06,2021-01,1,4,desktop,(data deleted),(data deleted),(data deleted),new_session,5,5,88,23,14,4,0,0,0,0,2,1,0,0,1,0,1,0,0.0,0,0,0.0,40.0,50.0,0.0,,0.0,100.0,,20.0,,0.0,0.0,0.0,2.8,0.8,0.0
2021-01-06,2021-01,1,4,desktop,google,cpc,<Other>,new_session,149,149,1311,458,43,19,0,0,0,0,19,5,0,0,5,0,6,0,0.0,0,0,0.0,12.75,26.32,0.0,,0.0,100.0,,4.03,,0.0,0.0,0.0,0.29,0.13,0.0
2021-01-06,2021-01,1,4,mobile,shop.googlemerchandisestore.com,referral,(referral),returning_session,88,84,623,219,38,2,0,3,0,0,12,2,1,0,2,1,26,0,0.0,0,0,0.0,13.64,16.67,50.0,0.0,0.0,100.0,100.0,29.55,,0.0,0.0,0.0,0.43,0.02,0.03
2021-01-06,2021-01,1,4,mobile,(data deleted),(data deleted),(data deleted),returning_session,91,89,893,281,98,33,0,6,1,0,19,6,1,0,6,1,32,0,0.0,0,0,0.0,20.88,31.58,16.67,0.0,0.0,100.0,100.0,35.16,,0.0,0.0,0.0,1.08,0.36,0.07
2021-01-06,2021-01,1,4,tablet,<Other>,referral,(referral),returning_session,4,4,90,31,5,0,0,3,0,0,1,0,1,0,0,1,0,0,0.0,0,0,0.0,25.0,0.0,,0.0,0.0,,100.0,0.0,,0.0,0.0,0.0,1.25,0.0,0.75
2021-01-06,2021-01,1,4,desktop,shop.googlemerchandisestore.com,referral,(referral),new_session,152,152,1312,454,48,11,0,3,0,0,18,5,1,0,5,1,4,0,0.0,0,0,0.0,11.84,27.78,20.0,0.0,0.0,100.0,100.0,2.63,,0.0,0.0,0.0,0.32,0.07,0.02
2021-01-06,2021-01,1,4,desktop,<Other>,referral,(referral),returning_session,83,80,693,234,45,7,0,3,0,0,18,4,1,0,4,1,28,0,0.0,0,0,0.0,21.69,22.22,25.0,0.0,0.0,100.0,100.0,33.73,,0.0,0.0,0.0,0.54,0.08,0.04
2021-01-06,2021-01,1,4,mobile,<Other>,organic,(organic),new_session,59,59,497,190,10,2,0,3,0,0,6,2,1,0,2,1,1,0,0.0,0,0,0.0,10.17,33.33,50.0,0.0,0.0,100.0,100.0,1.69,,0.0,0.0,0.0,0.17,0.03,0.05
2021-01-06,2021-01,1,4,tablet,google,cpc,<Other>,returning_session,1,1,35,10,3,5,0,3,1,0,1,1,1,0,1,1,0,0,0.0,0,0,0.0,100.0,100.0,100.0,0.0,0.0,100.0,100.0,0.0,,0.0,0.0,0.0,3.0,5.0,3.0
2021-01-06,2021-01,1,4,mobile,google,organic,(organic),returning_session,100,97,1105,382,86,9,0,6,1,0,18,4,2,0,4,2,35,0,0.0,0,0,0.0,18.0,22.22,50.0,0.0,0.0,100.0,100.0,35.0,,0.0,0.0,0.0,0.86,0.09,0.06
2021-01-06,2021-01,1,4,desktop,google,organic,(organic),new_session,974,974,9361,3235,541,53,0,48,8,1,120,24,9,1,24,8,39,1,59.0,4,4,0.1,12.32,20.0,37.5,11.11,0.83,100.0,88.89,4.0,59.0,0.06,0.06,0.0,0.56,0.05,0.05
2021-01-06,2021-01,1,4,desktop,(data deleted),(data deleted),(data deleted),returning_session,170,165,1787,582,146,50,0,24,4,1,29,8,6,1,7,5,54,1,27.0,3,2,0.59,17.06,27.59,75.0,16.67,3.45,87.5,83.33,31.76,27.0,0.16,0.16,0.01,0.86,0.29,0.14
2021-01-06,2021-01,1,4,desktop,<Other>,<Other>,<Other>,new_session,486,486,4130,1451,154,35,0,15,2,1,59,14,4,1,13,3,22,1,153.0,5,5,0.21,12.14,23.73,28.57,25.0,1.69,92.86,75.0,4.53,153.0,0.31,0.31,0.0,0.32,0.07,0.03
2021-01-06,2021-01,1,4,desktop,google,organic,(organic),returning_session,153,150,1975,636,197,50,0,48,16,2,30,12,4,1,11,3,52,2,295.0,18,12,0.65,19.61,40.0,33.33,25.0,3.33,91.67,75.0,33.99,147.5,1.97,1.93,0.01,1.29,0.33,0.31
2021-01-06,2021-01,1,4,desktop,(direct),(none),(direct),new_session,664,664,6981,2390,446,105,0,39,9,6,91,18,9,4,14,5,21,6,321.0,16,16,0.6,13.7,19.78,50.0,44.44,4.4,77.78,55.56,3.16,53.5,0.48,0.48,0.01,0.67,0.16,0.06
2021-01-06,2021-01,1,4,mobile,<Other>,<Other>,<Other>,new_session,335,335,2943,1018,127,23,0,6,1,1,44,9,2,1,8,1,12,1,35.0,2,1,0.3,13.13,20.45,22.22,50.0,2.27,88.89,50.0,3.58,35.0,0.1,0.1,0.0,0.38,0.07,0.02
2021-01-06,2021-01,1,4,desktop,shop.googlemerchandisestore.com,referral,(referral),returning_session,104,104,1142,378,105,10,0,9,3,1,19,6,2,1,5,1,30,1,240.0,12,11,0.96,18.27,31.58,33.33,50.0,5.26,83.33,50.0,28.85,240.0,2.31,2.31,0.01,1.01,0.1,0.09
2021-01-06,2021-01,1,4,mobile,google,organic,(organic),new_session,675,675,5619,1973,234,51,0,12,5,2,77,13,3,2,11,1,31,2,170.0,2,2,0.3,11.41,16.88,23.08,66.67,2.6,84.62,33.33,4.59,85.0,0.25,0.25,0.0,0.35,0.08,0.02
2021-01-06,2021-01,1,4,mobile,(direct),(none),(direct),returning_session,110,106,1157,377,88,18,0,21,7,2,21,6,3,2,5,1,35,2,139.0,17,9,1.82,19.09,28.57,50.0,66.67,9.52,83.33,33.33,31.82,69.5,1.31,1.26,0.02,0.8,0.16,0.19
2021-01-06,2021-01,1,4,mobile,<Other>,referral,(referral),new_session,153,153,1377,472,67,10,0,15,6,2,20,3,3,2,2,1,7,2,76.0,2,2,1.31,13.07,15.0,100.0,66.67,10.0,66.67,33.33,4.58,38.0,0.5,0.5,0.01,0.44,0.07,0.1
2021-01-06,2021-01,1,4,mobile,(direct),(none),(direct),new_session,445,445,3810,1313,189,20,0,15,4,1,44,6,1,1,5,0,25,1,38.0,4,4,0.22,9.89,13.64,16.67,100.0,2.27,83.33,0.0,5.62,38.0,0.09,0.09,0.0,0.42,0.04,0.03
2021-01-06,2021-01,1,4,desktop,(direct),(none),(direct),returning_session,157,153,1304,445,82,23,0,6,2,1,26,7,1,1,7,0,49,1,13.0,1,1,0.64,16.56,26.92,14.29,100.0,3.85,100.0,0.0,31.21,13.0,0.08,0.08,0.01,0.52,0.15,0.04
2021-01-06,2021-01,1,4,desktop,<Other>,referral,(referral),new_session,268,268,2492,870,94,31,0,15,3,2,29,9,2,2,7,0,7,2,103.0,5,5,0.75,10.82,31.03,22.22,100.0,6.9,77.78,0.0,2.61,51.5,0.38,0.38,0.01,0.35,0.12,0.06
2021-01-06,2021-01,1,4,mobile,<Other>,referral,(referral),returning_session,57,57,588,179,57,31,0,9,4,2,13,4,2,2,3,0,19,2,57.0,7,7,3.51,22.81,30.77,50.0,100.0,15.38,75.0,0.0,33.33,28.5,1.0,1.0,0.04,1.0,0.54,0.16
2021-01-06,2021-01,1,4,desktop,<Other>,<Other>,<Other>,returning_session,35,35,296,108,9,0,0,6,3,1,6,0,1,1,0,0,9,1,24.0,1,1,2.86,17.14,0.0,,100.0,16.67,,0.0,25.71,24.0,0.69,0.69,0.03,0.26,0.0,0.17
2021-01-06,2021-01,1,4,desktop,<Other>,organic,(organic),returning_session,10,10,190,53,18,11,0,12,2,1,4,2,1,1,1,0,2,1,37.0,4,4,10.0,40.0,50.0,50.0,100.0,25.0,50.0,0.0,20.0,37.0,3.7,3.7,0.1,1.8,1.1,1.2
2021-01-06,2021-01,1,4,mobile,(data deleted),(data deleted),<Other>,returning_session,6,6,176,56,13,7,0,3,2,1,2,1,1,1,0,0,0,1,82.0,4,4,16.67,33.33,50.0,100.0,100.0,50.0,0.0,0.0,0.0,82.0,13.67,13.67,0.17,2.17,1.17,0.5
2021-01-06,2021-01,1,4,tablet,(data deleted),(data deleted),(data deleted),returning_session,6,6,128,38,12,10,0,6,2,1,2,1,1,1,0,0,1,1,63.0,1,1,16.67,33.33,50.0,100.0,100.0,50.0,0.0,0.0,16.67,63.0,10.5,10.5,0.17,2.0,1.67,1.0
2021-01-06,2021-01,1,4,desktop,google,cpc,<Other>,returning_session,8,8,414,118,64,12,0,9,6,1,2,2,1,1,1,0,2,1,44.0,6,6,12.5,25.0,100.0,50.0,100.0,50.0,50.0,0.0,25.0,44.0,5.5,5.5,0.13,8.0,1.5,1.13
2020-12-17,2020-12,50,5,tablet,google,organic,(organic),returning_session,2,2,10,4,0,0,0,0,0,0,0,0,0,0,0,0,0,0,0.0,0,0,0.0,0.0,,,,,,,0.0,,0.0,0.0,0.0,0.0,0.0,0.0
2020-12-17,2020-12,50,5,tablet,<Other>,<Other>,<Other>,new_session,14,14,59,16,0,0,0,0,0,0,0,0,0,0,0,0,12,0,0.0,0,0,0.0,0.0,,,,,,,85.71,,0.0,0.0,0.0,0.0,0.0,0.0
2020-12-17,2020-12,50,5,tablet,google,cpc,<Other>,returning_session,1,1,11,3,0,0,0,0,0,0,0,0,0,0,0,0,0,0,0.0,0,0,0.0,0.0,,,,,,,0.0,,0.0,0.0,0.0,0.0,0.0,0.0
2020-12-17,2020-12,50,5,tablet,shop.googlemerchandisestore.com,referral,(referral),returning_session,1,1,2,0,0,0,0,0,0,0,0,0,0,0,0,0,1,0,0.0,0,0,0.0,0.0,,,,,,,100.0,,0.0,0.0,0.0,0.0,0.0,0.0
2020-12-17,2020-12,50,5,tablet,shop.googlemerchandisestore.com,referral,(referral),new_session,1,1,3,1,0,0,0,0,0,0,0,0,0,0,0,0,1,0,0.0,0,0,0.0,0.0,,,,,,,100.0,,0.0,0.0,0.0,0.0,0.0,0.0
2020-12-17,2020-12,50,5,tablet,<Other>,referral,(referral),returning_session,5,5,30,10,0,0,0,0,0,0,0,0,0,0,0,0,3,0,0.0,0,0,0.0,0.0,,,,,,,60.0,,0.0,0.0,0.0,0.0,0.0,0.0
2020-12-17,2020-12,50,5,tablet,<Other>,organic,(organic),new_session,3,3,22,5,4,0,0,0,0,0,2,0,0,0,0,0,1,0,0.0,0,0,0.0,66.67,0.0,,,0.0,,,33.33,,0.0,0.0,0.0,1.33,0.0,0.0
2020-12-17,2020-12,50,5,desktop,<Other>,referral,(referral),new_session,214,214,1831,515,124,26,0,0,0,0,38,6,0,0,6,0,132,0,0.0,0,0,0.0,17.76,15.79,0.0,,0.0,100.0,,61.68,,0.0,0.0,0.0,0.58,0.12,0.0
2020-12-17,2020-12,50,5,mobile,(data deleted),(data deleted),<Other>,new_session,1,1,10,3,2,0,0,0,0,0,1,0,0,0,0,0,0,0,0.0,0,0,0.0,100.0,0.0,,,0.0,,,0.0,,0.0,0.0,0.0,2.0,0.0,0.0
2020-12-17,2020-12,50,5,desktop,(data deleted),(data deleted),(data deleted),new_session,7,7,156,48,16,7,0,0,0,0,3,1,0,0,1,0,3,0,0.0,0,0,0.0,42.86,33.33,0.0,,0.0,100.0,,42.86,,0.0,0.0,0.0,2.29,1.0,0.0
2020-12-17,2020-12,50,5,tablet,<Other>,<Other>,<Other>,returning_session,1,1,128,40,20,5,0,0,0,0,1,1,0,0,1,0,0,0,0.0,0,0,0.0,100.0,100.0,0.0,,0.0,100.0,,0.0,,0.0,0.0,0.0,20.0,5.0,0.0
2020-12-17,2020-12,50,5,desktop,<Other>,(data deleted),(data deleted),returning_session,5,5,52,14,9,5,0,0,0,0,3,1,0,0,1,0,2,0,0.0,0,0,0.0,60.0,33.33,0.0,,0.0,100.0,,40.0,,0.0,0.0,0.0,1.8,1.0,0.0
2020-12-17,2020-12,50,5,tablet,<Other>,referral,(referral),new_session,6,6,44,11,2,2,0,0,0,0,1,1,0,0,1,0,4,0,0.0,0,0,0.0,16.67,100.0,0.0,,0.0,100.0,,66.67,,0.0,0.0,0.0,0.33,0.33,0.0
2020-12-17,2020-12,50,5,tablet,google,cpc,<Other>,new_session,5,5,33,8,1,0,0,0,0,0,1,0,0,0,0,0,1,0,0.0,0,0,0.0,20.0,0.0,,,0.0,,,20.0,,0.0,0.0,0.0,0.2,0.0,0.0
2020-12-17,2020-12,50,5,mobile,google,cpc,<Other>,new_session,93,93,777,222,40,1,0,0,0,0,18,1,0,0,1,0,60,0,0.0,0,0,0.0,19.35,5.56,0.0,,0.0,100.0,,64.52,,0.0,0.0,0.0,0.43,0.01,0.0
2020-12-17,2020-12,50,5,tablet,(direct),(none),(direct),returning_session,6,6,92,29,9,1,0,0,0,0,3,1,0,0,1,0,3,0,0.0,0,0,0.0,50.0,33.33,0.0,,0.0,100.0,,50.0,,0.0,0.0,0.0,1.5,0.17,0.0
2020-12-17,2020-12,50,5,mobile,(data deleted),(data deleted),(data deleted),new_session,7,7,77,30,5,0,0,0,0,0,2,0,0,0,0,0,3,0,0.0,0,0,0.0,28.57,0.0,,,0.0,,,42.86,,0.0,0.0,0.0,0.71,0.0,0.0
2020-12-17,2020-12,50,5,tablet,(data deleted),(data deleted),(data deleted),returning_session,7,7,85,25,8,4,0,0,0,0,3,1,0,0,1,0,4,0,0.0,0,0,0.0,42.86,33.33,0.0,,0.0,100.0,,57.14,,0.0,0.0,0.0,1.14,0.57,0.0
2020-12-17,2020-12,50,5,mobile,shop.googlemerchandisestore.com,referral,(referral),new_session,78,78,627,180,40,3,0,0,0,0,14,2,0,0,2,0,51,0,0.0,0,0,0.0,17.95,14.29,0.0,,0.0,100.0,,65.38,,0.0,0.0,0.0,0.51,0.04,0.0
2020-12-17,2020-12,50,5,desktop,<Other>,organic,(organic),returning_session,16,16,262,71,20,7,0,7,2,0,5,2,2,0,2,2,5,0,0.0,0,0,0.0,31.25,40.0,100.0,0.0,0.0,100.0,100.0,31.25,,0.0,0.0,0.0,1.25,0.44,0.44
2020-12-17,2020-12,50,5,mobile,<Other>,(data deleted),(data deleted),returning_session,4,4,86,23,10,0,0,4,1,0,2,0,1,0,0,1,1,0,0.0,0,0,0.0,50.0,0.0,,0.0,0.0,,100.0,25.0,,0.0,0.0,0.0,2.5,0.0,1.0
2020-12-17,2020-12,50,5,tablet,google,organic,(organic),new_session,21,21,314,94,19,1,0,2,0,0,4,1,1,0,1,1,12,0,0.0,0,0,0.0,19.05,25.0,100.0,0.0,0.0,100.0,100.0,57.14,,0.0,0.0,0.0,0.9,0.05,0.1
2020-12-17,2020-12,50,5,desktop,<Other>,<Other>,<Other>,new_session,404,404,3314,877,250,81,0,11,2,0,66,16,2,0,16,2,255,0,0.0,0,0,0.0,16.34,24.24,12.5,0.0,0.0,100.0,100.0,63.12,,0.0,0.0,0.0,0.62,0.2,0.03
2020-12-17,2020-12,50,5,mobile,(data deleted),(data deleted),<Other>,returning_session,4,4,215,49,41,36,0,2,3,0,2,2,1,0,2,1,2,0,0.0,0,0,0.0,50.0,100.0,50.0,0.0,0.0,100.0,100.0,50.0,,0.0,0.0,0.0,10.25,9.0,0.5
2020-12-17,2020-12,50,5,mobile,<Other>,<Other>,<Other>,new_session,277,277,2695,757,185,52,0,21,7,2,63,10,8,2,8,6,162,2,76.0,4,3,0.72,22.74,15.87,80.0,25.0,3.17,80.0,75.0,58.48,38.0,0.27,0.27,0.01,0.67,0.19,0.08
2020-12-17,2020-12,50,5,desktop,<Other>,<Other>,<Other>,returning_session,43,43,856,233,128,61,0,13,2,1,16,4,4,1,3,3,19,1,58.0,9,7,2.33,37.21,25.0,100.0,25.0,6.25,75.0,75.0,44.19,58.0,1.35,1.35,0.02,2.98,1.42,0.3
2020-12-17,2020-12,50,5,desktop,shop.googlemerchandisestore.com,referral,(referral),returning_session,134,129,2109,636,258,46,0,23,8,3,45,15,7,3,13,4,64,3,267.0,16,11,2.24,33.58,33.33,46.67,42.86,6.67,86.67,57.14,47.76,89.0,2.07,1.99,0.02,1.93,0.34,0.17
2020-12-17,2020-12,50,5,desktop,(direct),(none),(direct),new_session,529,529,4721,1330,290,63,0,36,13,4,107,26,9,4,23,5,319,4,109.0,11,11,0.76,20.23,24.3,34.62,44.44,3.74,88.46,55.56,60.3,27.25,0.21,0.21,0.01,0.55,0.12,0.07
2020-12-17,2020-12,50,5,mobile,google,organic,(organic),new_session,553,553,5508,1510,483,169,0,44,12,5,116,31,11,5,27,6,343,5,239.0,16,11,0.9,20.98,26.72,35.48,45.45,4.31,87.1,54.55,62.03,47.8,0.43,0.43,0.01,0.87,0.31,0.08
2020-12-17,2020-12,50,5,desktop,<Other>,organic,(organic),new_session,65,65,913,273,83,2,0,16,4,1,18,2,2,1,2,1,34,1,34.0,5,1,1.54,27.69,11.11,100.0,50.0,5.56,100.0,50.0,52.31,34.0,0.52,0.52,0.02,1.28,0.03,0.25
2020-12-17,2020-12,50,5,mobile,<Other>,<Other>,<Other>,returning_session,32,31,559,176,69,4,0,4,1,1,11,2,2,1,1,1,15,1,78.0,2,2,3.13,34.38,18.18,100.0,50.0,9.09,50.0,50.0,46.88,78.0,2.52,2.44,0.03,2.16,0.13,0.13
2020-12-17,2020-12,50,5,mobile,<Other>,referral,(referral),returning_session,54,54,1159,358,146,22,0,14,6,3,20,7,4,2,7,2,25,3,192.0,4,4,3.7,37.04,35.0,57.14,50.0,10.0,100.0,50.0,46.3,64.0,3.56,3.56,0.06,2.7,0.41,0.26
2020-12-17,2020-12,50,5,desktop,google,organic,(organic),new_session,768,768,8277,2282,773,223,0,59,17,7,151,38,13,7,32,6,468,7,232.0,12,12,0.91,19.66,25.17,34.21,53.85,4.64,84.21,46.15,60.94,33.14,0.3,0.3,0.01,1.01,0.29,0.08
2020-12-17,2020-12,50,5,desktop,(direct),(none),(direct),returning_session,196,185,2800,830,296,80,0,55,21,6,48,21,9,5,18,4,104,6,342.0,12,12,2.55,24.49,43.75,42.86,55.56,10.42,85.71,44.44,53.06,57.0,1.85,1.74,0.03,1.51,0.41,0.28
2020-12-17,2020-12,50,5,mobile,(direct),(none),(direct),new_session,362,362,4002,1112,355,123,0,20,10,4,78,17,7,4,15,3,208,4,407.0,19,18,1.1,21.55,21.79,41.18,57.14,5.13,88.24,42.86,57.46,101.75,1.12,1.12,0.01,0.98,0.34,0.06
2020-12-17,2020-12,50,5,desktop,google,cpc,<Other>,new_session,136,136,1311,373,85,26,0,13,4,5,30,10,5,3,8,2,81,3,309.0,7,7,2.21,22.06,33.33,50.0,60.0,10.0,80.0,40.0,59.56,103.0,2.27,2.27,0.02,0.63,0.19,0.1
2020-12-17,2020-12,50,5,mobile,google,organic,(organic),returning_session,132,122,2508,719,322,122,0,42,17,7,44,17,10,6,12,4,67,7,360.0,17,17,4.55,33.33,38.64,58.82,60.0,13.64,70.59,40.0,50.76,51.43,2.95,2.73,0.06,2.44,0.92,0.32
2020-12-17,2020-12,50,5,desktop,shop.googlemerchandisestore.com,referral,(referral),new_session,103,103,1303,367,137,45,0,17,5,2,17,6,3,2,5,1,60,2,88.0,9,5,1.94,16.5,35.29,50.0,66.67,11.76,83.33,33.33,58.25,44.0,0.85,0.85,0.02,1.33,0.44,0.17
2020-12-17,2020-12,50,5,desktop,(data deleted),(data deleted),(data deleted),returning_session,186,175,3996,1176,497,84,0,76,32,18,63,26,16,12,16,4,82,18,661.0,46,38,6.45,33.87,41.27,61.54,75.0,19.05,61.54,25.0,44.09,36.72,3.78,3.55,0.1,2.67,0.45,0.41
2020-12-17,2020-12,50,5,desktop,google,organic,(organic),returning_session,184,171,3230,931,429,110,0,53,24,12,65,19,11,9,12,2,94,12,629.0,70,54,4.89,35.33,29.23,57.89,81.82,13.85,63.16,18.18,51.09,52.42,3.68,3.42,0.07,2.33,0.6,0.29
2020-12-17,2020-12,50,5,desktop,<Other>,referral,(referral),returning_session,93,87,1709,464,181,34,0,77,26,13,31,6,6,5,3,1,48,13,382.0,21,20,5.38,33.33,19.35,100.0,83.33,16.13,50.0,16.67,51.61,29.38,4.39,4.11,0.15,1.95,0.37,0.83
2020-12-17,2020-12,50,5,mobile,(direct),(none),(direct),returning_session,128,122,2402,710,278,90,0,46,19,11,44,12,8,7,8,1,63,11,845.0,45,26,5.47,34.38,27.27,66.67,87.5,15.91,66.67,12.5,49.22,76.82,6.93,6.6,0.09,2.17,0.7,0.36
2020-12-17,2020-12,50,5,mobile,<Other>,referral,(referral),new_session,155,155,1359,390,108,20,0,3,2,1,28,8,1,1,7,0,99,1,24.0,12,3,0.65,18.06,28.57,12.5,100.0,3.57,87.5,0.0,63.87,24.0,0.15,0.15,0.01,0.7,0.13,0.02
2020-12-17,2020-12,50,5,mobile,(data deleted),(data deleted),(data deleted),returning_session,127,123,1620,468,188,16,0,24,11,10,34,8,2,2,8,0,70,10,292.0,14,14,1.57,26.77,23.53,25.0,100.0,5.88,100.0,0.0,55.12,29.2,2.37,2.3,0.08,1.48,0.13,0.19
2020-12-17,2020-12,50,5,mobile,<Other>,organic,(organic),new_session,40,40,507,128,72,35,0,2,2,1,12,4,1,1,3,0,19,1,94.0,3,3,2.5,30.0,33.33,25.0,100.0,8.33,75.0,0.0,47.5,94.0,2.35,2.35,0.03,1.8,0.88,0.05
2020-12-17,2020-12,50,5,mobile,shop.googlemerchandisestore.com,referral,(referral),returning_session,86,82,1676,514,166,47,0,38,22,7,26,10,6,6,6,0,42,7,1026.0,44,20,6.98,30.23,38.46,60.0,100.0,23.08,60.0,0.0,48.84,146.57,12.51,11.93,0.09,1.93,0.55,0.44
2020-12-17,2020-12,50,5,mobile,<Other>,organic,(organic),returning_session,9,9,184,44,18,16,0,9,1,1,4,3,1,1,2,0,5,1,60.0,5,5,11.11,44.44,75.0,33.33,100.0,25.0,66.67,0.0,55.56,60.0,6.67,6.67,0.11,2.0,1.78,1.0
2020-12-17,2020-12,50,5,mobile,google,cpc,<Other>,returning_session,5,5,88,23,7,5,0,4,1,1,3,2,1,1,1,0,2,1,30.0,1,1,20.0,60.0,66.67,50.0,100.0,33.33,50.0,0.0,40.0,30.0,6.0,6.0,0.2,1.4,1.0,0.8
2020-12-17,2020-12,50,5,desktop,google,cpc,<Other>,returning_session,13,13,188,62,18,1,0,2,2,1,3,1,1,1,0,0,7,1,24.0,1,1,7.69,23.08,33.33,100.0,100.0,33.33,0.0,0.0,53.85,24.0,1.85,1.85,0.08,1.38,0.08,0.15
2020-12-17,2020-12,50,5,tablet,(direct),(none),(direct),new_session,25,25,204,56,9,2,0,4,1,1,3,1,1,1,0,0,16,1,15.0,2,2,4.0,12.0,33.33,100.0,100.0,33.33,0.0,0.0,64.0,15.0,0.6,0.6,0.04,0.36,0.08,0.16
2020-12-17,2020-12,50,5,desktop,(data deleted),(data deleted),<Other>,returning_session,4,4,101,28,8,0,0,6,4,1,1,0,1,1,0,0,2,1,60.0,1,1,25.0,25.0,0.0,,100.0,100.0,,0.0,50.0,60.0,15.0,15.0,0.25,2.0,0.0,1.5
2020-11-25,2020-11,47,4,desktop,(data deleted),(data deleted),<Other>,new_session,1,1,8,3,0,0,0,0,0,0,0,0,0,0,0,0,0,0,0.0,0,0,0.0,0.0,,,,,,,0.0,,0.0,0.0,0.0,0.0,0.0,0.0
2020-11-25,2020-11,47,4,mobile,<Other>,(data deleted),(data deleted),returning_session,2,2,25,8,0,0,0,0,0,0,0,0,0,0,0,0,1,0,0.0,0,0,0.0,0.0,,,,,,,50.0,,0.0,0.0,0.0,0.0,0.0,0.0
2020-11-25,2020-11,47,4,desktop,<Other>,(data deleted),(data deleted),new_session,1,1,3,1,0,0,0,0,0,0,0,0,0,0,0,0,1,0,0.0,0,0,0.0,0.0,,,,,,,100.0,,0.0,0.0,0.0,0.0,0.0,0.0
2020-11-25,2020-11,47,4,tablet,(direct),(none),(direct),new_session,10,10,74,21,0,0,0,0,0,0,0,0,0,0,0,0,8,0,0.0,0,0,0.0,0.0,,,,,,,80.0,,0.0,0.0,0.0,0.0,0.0,0.0
2020-11-25,2020-11,47,4,tablet,<Other>,organic,(organic),new_session,3,3,29,9,0,0,0,0,0,0,0,0,0,0,0,0,1,0,0.0,0,0,0.0,0.0,,,,,,,33.33,,0.0,0.0,0.0,0.0,0.0,0.0
2020-11-25,2020-11,47,4,tablet,<Other>,<Other>,<Other>,returning_session,2,2,5,1,0,0,0,0,0,0,0,0,0,0,0,0,2,0,0.0,0,0,0.0,0.0,,,,,,,100.0,,0.0,0.0,0.0,0.0,0.0,0.0
2020-11-25,2020-11,47,4,tablet,google,cpc,<Other>,new_session,3,3,17,5,0,0,0,0,0,0,0,0,0,0,0,0,2,0,0.0,0,0,0.0,0.0,,,,,,,66.67,,0.0,0.0,0.0,0.0,0.0,0.0
2020-11-25,2020-11,47,4,mobile,google,cpc,<Other>,returning_session,8,8,143,40,17,0,0,2,1,0,1,0,1,0,0,1,5,0,0.0,0,0,0.0,12.5,0.0,,0.0,0.0,,100.0,62.5,,0.0,0.0,0.0,2.13,0.0,0.25
2020-11-25,2020-11,47,4,mobile,(data deleted),(data deleted),(data deleted),new_session,13,13,141,46,17,0,0,0,0,0,5,0,0,0,0,0,2,0,0.0,0,0,0.0,38.46,0.0,,,0.0,,,15.38,,0.0,0.0,0.0,1.31,0.0,0.0
2020-11-25,2020-11,47,4,tablet,shop.googlemerchandisestore.com,referral,(referral),new_session,2,2,16,5,4,0,0,0,0,0,1,0,0,0,0,0,1,0,0.0,0,0,0.0,50.0,0.0,,,0.0,,,50.0,,0.0,0.0,0.0,2.0,0.0,0.0
2020-11-25,2020-11,47,4,tablet,<Other>,referral,(referral),new_session,11,11,102,31,5,0,0,0,0,0,2,0,0,0,0,0,6,0,0.0,0,0,0.0,18.18,0.0,,,0.0,,,54.55,,0.0,0.0,0.0,0.45,0.0,0.0
2020-11-25,2020-11,47,4,desktop,<Other>,organic,(organic),returning_session,4,4,23,7,1,0,0,0,0,0,1,0,0,0,0,0,3,0,0.0,0,0,0.0,25.0,0.0,,,0.0,,,75.0,,0.0,0.0,0.0,0.25,0.0,0.0
2020-11-25,2020-11,47,4,tablet,google,cpc,<Other>,returning_session,1,1,9,3,1,0,0,0,0,0,1,0,0,0,0,0,0,0,0.0,0,0,0.0,100.0,0.0,,,0.0,,,0.0,,0.0,0.0,0.0,1.0,0.0,0.0
2020-11-25,2020-11,47,4,tablet,(direct),(none),(direct),returning_session,4,4,38,11,3,0,0,0,0,0,2,0,0,0,0,0,0,0,0.0,0,0,0.0,50.0,0.0,,,0.0,,,0.0,,0.0,0.0,0.0,0.75,0.0,0.0
2020-11-25,2020-11,47,4,desktop,(data deleted),(data deleted),<Other>,returning_session,4,4,50,17,5,0,0,0,0,0,1,0,0,0,0,0,3,0,0.0,0,0,0.0,25.0,0.0,,,0.0,,,75.0,,0.0,0.0,0.0,1.25,0.0,0.0
2020-11-25,2020-11,47,4,tablet,shop.googlemerchandisestore.com,referral,(referral),returning_session,4,4,48,17,7,0,0,0,0,0,2,0,0,0,0,0,0,0,0.0,0,0,0.0,50.0,0.0,,,0.0,,,0.0,,0.0,0.0,0.0,1.75,0.0,0.0
2020-11-25,2020-11,47,4,desktop,<Other>,(data deleted),(data deleted),returning_session,3,3,14,4,1,0,0,0,0,0,1,0,0,0,0,0,2,0,0.0,0,0,0.0,33.33,0.0,,,0.0,,,66.67,,0.0,0.0,0.0,0.33,0.0,0.0
2020-11-25,2020-11,47,4,tablet,<Other>,referral,(referral),returning_session,3,3,31,10,5,0,0,0,0,0,1,0,0,0,0,0,2,0,0.0,0,0,0.0,33.33,0.0,,,0.0,,,66.67,,0.0,0.0,0.0,1.67,0.0,0.0
2020-11-25,2020-11,47,4,mobile,(data deleted),(data deleted),<Other>,returning_session,5,5,48,14,2,0,0,1,1,0,1,0,1,0,0,1,3,0,0.0,0,0,0.0,20.0,0.0,,0.0,0.0,,100.0,60.0,,0.0,0.0,0.0,0.4,0.0,0.2
2020-11-25,2020-11,47,4,tablet,google,organic,(organic),new_session,19,19,345,101,39,0,0,2,1,0,7,0,2,0,0,2,8,0,0.0,0,0,0.0,36.84,0.0,,0.0,0.0,,100.0,42.11,,0.0,0.0,0.0,2.05,0.0,0.11
2020-11-25,2020-11,47,4,tablet,(data deleted),(data deleted),(data deleted),new_session,2,2,22,7,1,0,0,0,0,0,1,0,0,0,0,0,1,0,0.0,0,0,0.0,50.0,0.0,,,0.0,,,50.0,,0.0,0.0,0.0,0.5,0.0,0.0
2020-11-25,2020-11,47,4,mobile,<Other>,organic,(organic),returning_session,4,4,55,20,6,0,0,2,0,0,2,0,1,0,0,1,2,0,0.0,0,0,0.0,50.0,0.0,,0.0,0.0,,100.0,50.0,,0.0,0.0,0.0,1.5,0.0,0.5
2020-11-25,2020-11,47,4,mobile,<Other>,organic,(organic),new_session,32,32,493,146,53,0,0,0,0,0,11,0,0,0,0,0,8,0,0.0,0,0,0.0,34.38,0.0,,,0.0,,,25.0,,0.0,0.0,0.0,1.66,0.0,0.0
2020-11-25,2020-11,47,4,desktop,google,cpc,<Other>,returning_session,13,12,218,70,54,0,0,0,0,0,7,0,0,0,0,0,6,0,0.0,0,0,0.0,53.85,0.0,,,0.0,,,46.15,,0.0,0.0,0.0,4.15,0.0,0.0
2020-11-25,2020-11,47,4,mobile,shop.googlemerchandisestore.com,referral,(referral),new_session,59,59,821,257,85,0,0,2,2,0,15,0,2,0,0,2,31,0,0.0,0,0,0.0,25.42,0.0,,0.0,0.0,,100.0,52.54,,0.0,0.0,0.0,1.44,0.0,0.03
2020-11-25,2020-11,47,4,desktop,shop.googlemerchandisestore.com,referral,(referral),new_session,91,91,1209,376,128,0,0,6,6,3,26,0,4,2,0,2,43,3,78.0,5,5,2.2,28.57,0.0,,50.0,7.69,,50.0,47.25,26.0,0.86,0.86,0.03,1.41,0.0,0.07
2020-11-25,2020-11,47,4,desktop,<Other>,referral,(referral),returning_session,84,82,761,231,57,0,0,4,5,3,20,0,4,3,0,1,51,3,147.0,8,8,3.57,23.81,0.0,,75.0,15.0,,25.0,60.71,49.0,1.79,1.75,0.04,0.68,0.0,0.05
2020-11-25,2020-11,47,4,desktop,(data deleted),(data deleted),(data deleted),new_session,23,23,549,177,98,0,0,3,3,2,13,0,3,2,0,1,6,2,95.0,4,3,8.7,56.52,0.0,,66.67,15.38,,33.33,26.09,47.5,4.13,4.13,0.09,4.26,0.0,0.13
2020-11-25,2020-11,47,4,mobile,<Other>,<Other>,<Other>,returning_session,36,36,431,133,49,0,0,4,3,2,12,0,2,2,0,0,21,2,124.0,6,6,5.56,33.33,0.0,,100.0,16.67,,0.0,58.33,62.0,3.44,3.44,0.06,1.36,0.0,0.11
2020-11-25,2020-11,47,4,mobile,<Other>,referral,(referral),returning_session,78,78,981,292,112,0,0,11,9,3,17,0,5,3,0,2,52,3,45.0,3,4,3.85,21.79,0.0,,60.0,17.65,,40.0,66.67,15.0,0.58,0.58,0.04,1.44,0.0,0.14
2020-11-25,2020-11,47,4,desktop,<Other>,<Other>,<Other>,returning_session,43,43,731,216,93,0,0,10,7,12,14,0,3,3,0,0,19,7,705.0,54,54,6.98,32.56,0.0,,100.0,21.43,,0.0,44.19,100.71,16.4,16.4,0.16,2.16,0.0,0.23
2020-11-25,2020-11,47,4,tablet,(data deleted),(data deleted),(data deleted),returning_session,9,9,355,122,38,0,0,4,5,1,4,0,2,1,0,1,2,1,61.0,2,2,11.11,44.44,0.0,,50.0,25.0,,50.0,22.22,61.0,6.78,6.78,0.11,4.22,0.0,0.44
2020-11-25,2020-11,47,4,mobile,<Other>,<Other>,<Other>,new_session,225,225,3007,963,286,2,0,12,5,0,60,1,9,0,1,9,116,0,0.0,0,0,0.0,26.67,1.67,900.0,0.0,0.0,100.0,100.0,51.56,,0.0,0.0,0.0,1.27,0.01,0.05
2020-11-25,2020-11,47,4,desktop,google,cpc,<Other>,new_session,100,100,1457,494,158,1,0,3,0,0,28,1,3,0,1,3,49,0,0.0,0,0,0.0,28.0,3.57,300.0,0.0,0.0,100.0,100.0,49.0,,0.0,0.0,0.0,1.58,0.01,0.03
2020-11-25,2020-11,47,4,tablet,google,organic,(organic),returning_session,11,10,203,59,39,8,0,1,3,0,5,1,1,0,1,1,6,0,0.0,0,0,0.0,45.45,20.0,100.0,0.0,0.0,100.0,100.0,54.55,,0.0,0.0,0.0,3.55,0.73,0.09
2020-11-25,2020-11,47,4,desktop,<Other>,organic,(organic),new_session,66,66,860,265,107,2,0,2,0,0,12,1,2,0,1,2,40,0,0.0,0,0,0.0,18.18,8.33,200.0,0.0,0.0,100.0,100.0,60.61,,0.0,0.0,0.0,1.62,0.03,0.03
2020-11-25,2020-11,47,4,tablet,<Other>,<Other>,<Other>,new_session,11,11,143,41,16,1,0,0,0,0,2,1,0,0,1,0,6,0,0.0,0,0,0.0,18.18,50.0,0.0,,0.0,100.0,,54.55,,0.0,0.0,0.0,1.45,0.09,0.0
2020-11-25,2020-11,47,4,mobile,google,cpc,<Other>,new_session,65,65,1270,425,131,2,0,3,2,1,15,1,3,1,1,2,26,1,26.0,2,2,1.54,23.08,6.67,300.0,33.33,6.67,100.0,66.67,40.0,26.0,0.4,0.4,0.02,2.02,0.03,0.05
2020-11-25,2020-11,47,4,mobile,google,organic,(organic),returning_session,128,124,1910,585,194,7,0,17,11,5,41,2,10,5,1,5,70,5,365.0,26,25,3.91,32.03,4.88,500.0,50.0,12.2,50.0,50.0,54.69,73.0,2.94,2.85,0.04,1.52,0.05,0.13
2020-11-25,2020-11,47,4,desktop,(direct),(none),(direct),returning_session,184,172,2663,832,278,9,0,18,15,7,55,2,11,7,2,4,97,7,1092.0,45,31,3.8,29.89,3.64,550.0,63.64,12.73,100.0,36.36,52.72,156.0,6.35,5.93,0.04,1.51,0.05,0.1
2020-11-25,2020-11,47,4,mobile,(direct),(none),(direct),new_session,277,277,2853,813,214,3,0,12,5,1,71,3,8,1,3,7,148,1,24.0,1,1,0.36,25.63,4.23,266.67,12.5,1.41,100.0,87.5,53.43,24.0,0.09,0.09,0.0,0.77,0.01,0.04
2020-11-25,2020-11,47,4,mobile,<Other>,referral,(referral),new_session,130,130,1449,415,150,15,0,8,4,1,33,3,6,1,3,5,74,1,133.0,4,4,0.77,25.38,9.09,200.0,16.67,3.03,100.0,83.33,56.92,133.0,1.02,1.02,0.01,1.15,0.12,0.06
2020-11-25,2020-11,47,4,desktop,<Other>,referral,(referral),new_session,157,157,1937,561,178,6,0,6,4,2,39,3,5,2,3,3,76,2,163.0,9,7,1.27,24.84,7.69,166.67,40.0,5.13,100.0,60.0,48.41,81.5,1.04,1.04,0.01,1.13,0.04,0.04
2020-11-25,2020-11,47,4,desktop,google,organic,(organic),returning_session,186,174,2753,835,280,16,0,25,22,8,49,3,9,7,3,2,103,8,680.0,32,31,3.76,26.34,6.12,300.0,77.78,14.29,100.0,22.22,55.38,85.0,3.91,3.66,0.05,1.51,0.09,0.13
2020-11-25,2020-11,47,4,mobile,(direct),(none),(direct),returning_session,133,129,2325,713,258,14,0,19,16,5,39,4,9,4,4,5,73,5,520.0,38,21,3.01,29.32,10.26,225.0,44.44,10.26,100.0,55.56,54.89,104.0,4.03,3.91,0.04,1.94,0.11,0.14
2020-11-25,2020-11,47,4,desktop,shop.googlemerchandisestore.com,referral,(referral),returning_session,138,134,1716,520,178,11,0,17,16,6,36,4,7,4,4,3,78,6,267.0,14,15,2.9,26.09,11.11,175.0,57.14,11.11,100.0,42.86,56.52,44.5,1.99,1.93,0.04,1.29,0.08,0.12
2020-11-25,2020-11,47,4,desktop,(data deleted),(data deleted),(data deleted),returning_session,211,194,3443,1079,413,30,0,31,25,10,59,8,17,8,4,9,122,8,589.0,47,32,3.79,27.96,13.56,212.5,47.06,13.56,50.0,52.94,57.82,73.63,3.04,2.79,0.04,1.96,0.14,0.15
2020-11-25,2020-11,47,4,mobile,shop.googlemerchandisestore.com,referral,(referral),returning_session,105,103,1689,507,146,19,0,24,28,8,32,5,10,6,4,4,55,8,813.0,62,42,5.71,30.48,15.63,200.0,60.0,18.75,80.0,40.0,52.38,101.63,7.89,7.74,0.08,1.39,0.18,0.23
2020-11-25,2020-11,47,4,mobile,(data deleted),(data deleted),(data deleted),returning_session,105,102,2151,655,259,32,0,31,31,7,34,6,15,7,4,8,60,7,431.0,36,30,6.67,32.38,17.65,250.0,46.67,20.59,66.67,53.33,57.14,61.57,4.23,4.1,0.07,2.47,0.3,0.3
2020-11-25,2020-11,47,4,desktop,(direct),(none),(direct),new_session,433,433,4978,1494,469,9,0,20,8,4,103,5,17,3,5,14,236,3,179.0,16,12,0.69,23.79,4.85,340.0,17.65,2.91,100.0,82.35,54.5,59.67,0.41,0.41,0.01,1.08,0.02,0.05
2020-11-25,2020-11,47,4,mobile,google,organic,(organic),new_session,414,414,5978,1873,604,44,0,25,17,7,85,8,17,5,6,12,227,7,1035.0,46,37,1.21,20.53,9.41,212.5,29.41,5.88,75.0,70.59,54.83,147.86,2.5,2.5,0.02,1.46,0.11,0.06
2020-11-25,2020-11,47,4,desktop,<Other>,<Other>,<Other>,new_session,307,307,4553,1425,468,29,0,19,7,2,79,7,13,2,7,11,171,2,240.0,7,5,0.65,25.73,8.86,185.71,15.38,2.53,100.0,84.62,55.7,120.0,0.78,0.78,0.01,1.52,0.09,0.06
2020-11-25,2020-11,47,4,desktop,google,organic,(organic),new_session,641,641,9089,2868,935,40,0,41,19,8,144,11,23,6,11,17,345,7,282.0,35,19,0.94,22.46,7.64,209.09,26.09,4.17,100.0,73.91,53.82,40.29,0.44,0.44,0.01,1.46,0.06,0.06
2020-11-19,2020-11,46,5,tablet,shop.googlemerchandisestore.com,referral,(referral),returning_session,3,3,27,8,3,0,0,0,0,0,1,0,0,0,0,0,2,0,0.0,0,0,0.0,33.33,0.0,,,0.0,,,66.67,,0.0,0.0,0.0,1.0,0.0,0.0
2020-11-19,2020-11,46,5,tablet,<Other>,<Other>,<Other>,returning_session,3,3,76,26,10,0,0,0,0,0,1,0,0,0,0,0,1,0,0.0,0,0,0.0,33.33,0.0,,,0.0,,,33.33,,0.0,0.0,0.0,3.33,0.0,0.0
2020-11-19,2020-11,46,5,mobile,<Other>,(data deleted),(data deleted),returning_session,3,3,8,2,0,0,0,0,0,0,0,0,0,0,0,0,3,0,0.0,0,0,0.0,0.0,,,,,,,100.0,,0.0,0.0,0.0,0.0,0.0,0.0
2020-11-19,2020-11,46,5,tablet,<Other>,<Other>,<Other>,new_session,13,13,74,17,4,0,0,0,0,0,4,0,0,0,0,0,6,0,0.0,0,0,0.0,30.77,0.0,,,0.0,,,46.15,,0.0,0.0,0.0,0.31,0.0,0.0
2020-11-19,2020-11,46,5,tablet,(direct),(none),(direct),returning_session,6,6,44,13,1,0,0,0,0,0,1,0,0,0,0,0,2,0,0.0,0,0,0.0,16.67,0.0,,,0.0,,,33.33,,0.0,0.0,0.0,0.17,0.0,0.0
2020-11-19,2020-11,46,5,tablet,<Other>,referral,(referral),returning_session,2,2,9,3,0,0,0,0,0,0,0,0,0,0,0,0,1,0,0.0,0,0,0.0,0.0,,,,,,,50.0,,0.0,0.0,0.0,0.0,0.0,0.0
2020-11-19,2020-11,46,5,mobile,google,cpc,<Other>,new_session,55,55,646,195,43,0,0,0,0,0,19,0,0,0,0,0,24,0,0.0,0,0,0.0,34.55,0.0,,,0.0,,,43.64,,0.0,0.0,0.0,0.78,0.0,0.0
2020-11-19,2020-11,46,5,mobile,google,cpc,<Other>,returning_session,8,8,22,5,0,0,0,0,0,0,0,0,0,0,0,0,7,0,0.0,0,0,0.0,0.0,,,,,,,87.5,,0.0,0.0,0.0,0.0,0.0,0.0
2020-11-19,2020-11,46,5,tablet,(data deleted),(data deleted),(data deleted),returning_session,5,5,28,8,0,0,0,0,0,0,0,0,0,0,0,0,4,0,0.0,0,0,0.0,0.0,,,,,,,80.0,,0.0,0.0,0.0,0.0,0.0,0.0
2020-11-19,2020-11,46,5,desktop,<Other>,(data deleted),(data deleted),returning_session,1,1,8,3,1,0,0,0,0,0,1,0,0,0,0,0,0,0,0.0,0,0,0.0,100.0,0.0,,,0.0,,,0.0,,0.0,0.0,0.0,1.0,0.0,0.0
2020-11-19,2020-11,46,5,tablet,(data deleted),(data deleted),(data deleted),new_session,2,2,35,14,3,0,0,0,0,0,2,0,0,0,0,0,0,0,0.0,0,0,0.0,100.0,0.0,,,0.0,,,0.0,,0.0,0.0,0.0,1.5,0.0,0.0
2020-11-19,2020-11,46,5,desktop,(data deleted),(data deleted),(data deleted),new_session,3,3,29,11,2,0,0,0,0,0,1,0,0,0,0,0,0,0,0.0,0,0,0.0,33.33,0.0,,,0.0,,,0.0,,0.0,0.0,0.0,0.67,0.0,0.0
2020-11-19,2020-11,46,5,tablet,google,organic,(organic),returning_session,7,7,24,5,1,0,0,0,0,0,1,0,0,0,0,0,6,0,0.0,0,0,0.0,14.29,0.0,,,0.0,,,85.71,,0.0,0.0,0.0,0.14,0.0,0.0
2020-11-19,2020-11,46,5,tablet,google,cpc,<Other>,new_session,6,6,55,17,1,0,0,0,0,0,1,0,0,0,0,0,2,0,0.0,0,0,0.0,16.67,0.0,,,0.0,,,33.33,,0.0,0.0,0.0,0.17,0.0,0.0
2020-11-19,2020-11,46,5,mobile,(data deleted),(data deleted),<Other>,returning_session,2,2,17,5,0,0,0,0,0,0,0,0,0,0,0,0,1,0,0.0,0,0,0.0,0.0,,,,,,,50.0,,0.0,0.0,0.0,0.0,0.0,0.0
2020-11-19,2020-11,46,5,tablet,<Other>,referral,(referral),new_session,6,6,52,16,4,0,0,0,0,0,4,0,0,0,0,0,2,0,0.0,0,0,0.0,66.67,0.0,,,0.0,,,33.33,,0.0,0.0,0.0,0.67,0.0,0.0
2020-11-19,2020-11,46,5,mobile,<Other>,organic,(organic),returning_session,2,2,4,1,0,0,0,0,0,0,0,0,0,0,0,0,2,0,0.0,0,0,0.0,0.0,,,,,,,100.0,,0.0,0.0,0.0,0.0,0.0,0.0
2020-11-19,2020-11,46,5,tablet,<Other>,organic,(organic),new_session,1,1,18,5,4,0,0,0,0,0,1,0,0,0,0,0,0,0,0.0,0,0,0.0,100.0,0.0,,,0.0,,,0.0,,0.0,0.0,0.0,4.0,0.0,0.0
2020-11-19,2020-11,46,5,mobile,shop.googlemerchandisestore.com,referral,(referral),new_session,50,50,447,132,15,0,0,1,0,0,8,0,1,0,0,1,25,0,0.0,0,0,0.0,16.0,0.0,,0.0,0.0,,100.0,50.0,,0.0,0.0,0.0,0.3,0.0,0.02
2020-11-19,2020-11,46,5,tablet,(direct),(none),(direct),new_session,17,17,145,41,8,0,0,1,0,0,3,0,1,0,0,1,11,0,0.0,0,0,0.0,17.65,0.0,,0.0,0.0,,100.0,64.71,,0.0,0.0,0.0,0.47,0.0,0.06
2020-11-19,2020-11,46,5,tablet,shop.googlemerchandisestore.com,referral,(referral),new_session,6,6,389,143,73,0,0,1,0,0,4,0,1,0,0,1,1,0,0.0,0,0,0.0,66.67,0.0,,0.0,0.0,,100.0,16.67,,0.0,0.0,0.0,12.17,0.0,0.17
2020-11-19,2020-11,46,5,tablet,google,organic,(organic),new_session,19,19,705,259,117,0,0,2,0,0,7,0,2,0,0,2,7,0,0.0,0,0,0.0,36.84,0.0,,0.0,0.0,,100.0,36.84,,0.0,0.0,0.0,6.16,0.0,0.11
2020-11-19,2020-11,46,5,desktop,google,cpc,<Other>,new_session,89,89,1149,375,109,0,0,2,0,0,25,0,2,0,0,2,47,0,0.0,0,0,0.0,28.09,0.0,,0.0,0.0,,100.0,52.81,,0.0,0.0,0.0,1.22,0.0,0.02
2020-11-19,2020-11,46,5,desktop,<Other>,organic,(organic),new_session,52,52,540,158,39,0,0,2,1,0,15,0,1,0,0,1,26,0,0.0,0,0,0.0,28.85,0.0,,0.0,0.0,,100.0,50.0,,0.0,0.0,0.0,0.75,0.0,0.04
2020-11-19,2020-11,46,5,mobile,shop.googlemerchandisestore.com,referral,(referral),returning_session,87,86,756,224,64,0,0,4,2,4,19,0,2,2,0,0,48,2,282.0,12,8,2.3,21.84,0.0,,100.0,10.53,,0.0,55.17,141.0,3.28,3.24,0.02,0.74,0.0,0.05
2020-11-19,2020-11,46,5,mobile,<Other>,referral,(referral),new_session,106,106,1626,511,186,0,0,4,2,2,28,0,2,1,0,1,47,1,124.0,14,14,0.94,26.42,0.0,,50.0,3.57,,50.0,44.34,124.0,1.17,1.17,0.01,1.75,0.0,0.04
2020-11-19,2020-11,46,5,desktop,google,cpc,<Other>,returning_session,20,20,291,85,29,0,0,6,3,1,6,0,2,1,0,1,9,1,0.0,0,1,5.0,30.0,0.0,,50.0,16.67,,50.0,45.0,0.0,0.0,0.0,0.05,1.45,0.0,0.3
2020-11-19,2020-11,46,5,desktop,<Other>,organic,(organic),returning_session,15,15,320,98,40,0,0,8,4,2,5,0,1,1,0,0,8,1,208.0,36,22,6.67,33.33,0.0,,100.0,20.0,,0.0,53.33,208.0,13.87,13.87,0.07,2.67,0.0,0.53
2020-11-19,2020-11,46,5,mobile,(direct),(none),(direct),new_session,252,252,3219,984,263,0,0,19,8,8,61,0,8,3,0,5,124,3,1054.0,34,30,1.19,24.21,0.0,,37.5,4.92,,62.5,49.21,351.33,4.18,4.18,0.01,1.04,0.0,0.08
2020-11-19,2020-11,46,5,mobile,(data deleted),(data deleted),(data deleted),returning_session,127,121,1525,451,150,0,0,26,13,4,35,0,6,2,0,4,66,2,566.0,142,24,1.57,27.56,0.0,,33.33,5.71,,66.67,51.97,283.0,4.68,4.46,0.02,1.18,0.0,0.2
2020-11-19,2020-11,46,5,mobile,<Other>,organic,(organic),new_session,30,30,330,99,18,9,0,0,0,0,7,1,0,0,1,0,14,0,0.0,0,0,0.0,23.33,14.29,0.0,,0.0,100.0,,46.67,,0.0,0.0,0.0,0.6,0.3,0.0
2020-11-19,2020-11,46,5,desktop,(data deleted),(data deleted),<Other>,returning_session,6,6,163,46,29,1,0,1,0,0,2,1,1,0,1,1,1,0,0.0,0,0,0.0,33.33,50.0,100.0,0.0,0.0,100.0,100.0,16.67,,0.0,0.0,0.0,4.83,0.17,0.17
2020-11-19,2020-11,46,5,desktop,shop.googlemerchandisestore.com,referral,(referral),new_session,80,80,979,299,77,4,0,1,0,0,19,1,1,0,1,1,42,0,0.0,0,0,0.0,23.75,5.26,100.0,0.0,0.0,100.0,100.0,52.5,,0.0,0.0,0.0,0.96,0.05,0.01
2020-11-19,2020-11,46,5,desktop,google,organic,(organic),returning_session,198,188,2160,671,227,5,0,9,3,0,39,1,1,0,1,1,108,0,0.0,0,0,0.0,19.7,2.56,100.0,0.0,0.0,100.0,100.0,54.55,,0.0,0.0,0.0,1.15,0.03,0.05
2020-11-19,2020-11,46,5,mobile,<Other>,referral,(referral),returning_session,64,63,793,249,71,1,0,10,3,4,13,1,2,1,1,1,35,2,198.0,18,8,1.56,20.31,7.69,200.0,50.0,7.69,100.0,50.0,54.69,99.0,3.14,3.09,0.03,1.11,0.02,0.16
2020-11-19,2020-11,46,5,desktop,<Other>,referral,(referral),returning_session,105,98,1332,414,149,1,0,15,9,7,30,1,5,4,1,1,56,4,616.0,22,18,3.81,28.57,3.33,500.0,80.0,13.33,100.0,20.0,53.33,154.0,6.29,5.87,0.04,1.42,0.01,0.14
2020-11-19,2020-11,46,5,mobile,(direct),(none),(direct),returning_session,113,103,1346,420,113,1,0,17,7,3,23,1,5,2,1,3,64,2,48.0,2,3,1.77,20.35,4.35,500.0,40.0,8.7,100.0,60.0,56.64,24.0,0.47,0.42,0.02,1.0,0.01,0.15
2020-11-19,2020-11,46,5,desktop,shop.googlemerchandisestore.com,referral,(referral),returning_session,152,138,1967,603,176,1,0,35,13,9,44,1,8,5,1,3,78,5,200.0,16,15,3.29,28.95,2.27,800.0,62.5,11.36,100.0,37.5,51.32,40.0,1.45,1.32,0.04,1.16,0.01,0.23
2020-11-19,2020-11,46,5,mobile,<Other>,<Other>,<Other>,returning_session,31,30,349,109,37,8,0,1,1,1,10,2,1,1,1,0,17,1,92.0,1,1,3.23,32.26,20.0,50.0,100.0,10.0,50.0,0.0,54.84,92.0,3.07,2.97,0.03,1.19,0.26,0.03
2020-11-19,2020-11,46,5,desktop,<Other>,referral,(referral),new_session,137,137,2457,789,284,4,0,12,2,2,33,2,6,1,2,5,63,1,678.0,14,12,0.73,24.09,6.06,300.0,16.67,3.03,100.0,83.33,45.99,678.0,4.95,4.95,0.01,2.07,0.03,0.09
2020-11-19,2020-11,46,5,desktop,(direct),(none),(direct),returning_session,185,178,2152,636,235,4,0,14,6,4,48,2,7,2,2,5,110,2,220.0,18,8,1.08,25.95,4.17,350.0,28.57,4.17,100.0,71.43,59.46,110.0,1.24,1.19,0.01,1.27,0.02,0.08
2020-11-19,2020-11,46,5,desktop,(data deleted),(data deleted),(data deleted),returning_session,178,171,2332,731,234,13,0,15,7,5,44,2,6,3,2,3,97,3,148.0,6,7,1.69,24.72,4.55,300.0,50.0,6.82,100.0,50.0,54.49,49.33,0.87,0.83,0.02,1.31,0.07,0.08
2020-11-19,2020-11,46,5,desktop,<Other>,<Other>,<Other>,returning_session,43,42,664,202,65,8,0,8,4,2,13,3,4,1,2,3,20,1,116.0,8,8,2.33,30.23,23.08,133.33,25.0,7.69,66.67,75.0,46.51,116.0,2.76,2.7,0.02,1.51,0.19,0.19
2020-11-19,2020-11,46,5,mobile,<Other>,<Other>,<Other>,new_session,183,183,2278,722,218,8,0,9,4,5,39,3,4,2,2,2,99,3,525.0,15,15,1.09,21.31,7.69,133.33,50.0,5.13,66.67,50.0,54.1,175.0,2.87,2.87,0.02,1.19,0.04,0.05
2020-11-19,2020-11,46,5,desktop,<Other>,<Other>,<Other>,new_session,286,286,3619,1122,348,32,0,13,5,3,70,3,7,2,3,5,135,2,168.0,54,10,0.7,24.48,4.29,233.33,28.57,2.86,100.0,71.43,47.2,84.0,0.59,0.59,0.01,1.22,0.11,0.05
2020-11-19,2020-11,46,5,desktop,(direct),(none),(direct),new_session,412,412,5001,1484,433,25,0,20,7,5,100,3,7,3,2,4,208,3,220.0,12,13,0.73,24.27,3.0,233.33,42.86,3.0,66.67,57.14,50.49,73.33,0.53,0.53,0.01,1.05,0.06,0.05
2020-11-19,2020-11,46,5,desktop,google,organic,(organic),new_session,551,551,7405,2321,735,22,0,32,12,9,143,3,17,5,3,12,273,5,593.0,35,35,0.91,25.95,2.1,566.67,29.41,3.5,100.0,70.59,49.55,118.6,1.08,1.08,0.01,1.33,0.04,0.06
2020-11-19,2020-11,46,5,mobile,google,organic,(organic),new_session,362,362,4883,1499,428,16,0,17,5,4,100,4,11,2,4,9,171,2,150.0,14,12,0.55,27.62,4.0,275.0,18.18,2.0,100.0,81.82,47.24,75.0,0.41,0.41,0.01,1.18,0.04,0.05
2020-11-19,2020-11,46,5,mobile,google,organic,(organic),returning_session,105,100,1468,455,113,24,0,26,17,6,33,4,5,3,3,2,50,3,462.0,18,18,2.86,31.43,12.12,125.0,60.0,9.09,75.0,40.0,47.62,154.0,4.62,4.4,0.03,1.08,0.23,0.25
2021-01-18,2021-01,3,2,tablet,google,organic,(organic),returning_session,2,2,20,8,0,0,0,0,0,0,0,0,0,0,0,0,0,0,0.0,0,0,0.0,0.0,,,,,,,0.0,,0.0,0.0,0.0,0.0,0.0,0.0
2021-01-18,2021-01,3,2,desktop,<Other>,(data deleted),(data deleted),returning_session,1,1,2,0,0,0,0,0,0,0,0,0,0,0,0,0,1,0,0.0,0,0,0.0,0.0,,,,,,,100.0,,0.0,0.0,0.0,0.0,0.0,0.0
2021-01-18,2021-01,3,2,mobile,google,cpc,<Other>,returning_session,6,6,42,16,0,0,0,0,0,0,0,0,0,0,0,0,2,0,0.0,0,0,0.0,0.0,,,,,,,33.33,,0.0,0.0,0.0,0.0,0.0,0.0
2021-01-18,2021-01,3,2,desktop,google,cpc,<Other>,returning_session,3,3,31,10,0,0,0,0,0,0,0,0,0,0,0,0,2,0,0.0,0,0,0.0,0.0,,,,,,,66.67,,0.0,0.0,0.0,0.0,0.0,0.0
2021-01-18,2021-01,3,2,tablet,shop.googlemerchandisestore.com,referral,(referral),returning_session,1,1,2,0,0,0,0,0,0,0,0,0,0,0,0,0,1,0,0.0,0,0,0.0,0.0,,,,,,,100.0,,0.0,0.0,0.0,0.0,0.0,0.0
2021-01-18,2021-01,3,2,tablet,google,cpc,<Other>,new_session,3,3,22,10,0,0,0,0,0,0,0,0,0,0,0,0,0,0,0.0,0,0,0.0,0.0,,,,,,,0.0,,0.0,0.0,0.0,0.0,0.0,0.0
2021-01-18,2021-01,3,2,tablet,<Other>,organic,(organic),new_session,1,1,5,2,0,0,0,0,0,0,0,0,0,0,0,0,0,0,0.0,0,0,0.0,0.0,,,,,,,0.0,,0.0,0.0,0.0,0.0,0.0,0.0
2021-01-18,2021-01,3,2,tablet,(direct),(none),(direct),new_session,14,14,103,39,0,0,0,0,0,0,0,0,0,0,0,0,1,0,0.0,0,0,0.0,0.0,,,,,,,7.14,,0.0,0.0,0.0,0.0,0.0,0.0
2021-01-18,2021-01,3,2,mobile,<Other>,organic,(organic),returning_session,9,9,25,5,0,0,0,0,0,0,0,0,0,0,0,0,7,0,0.0,0,0,0.0,0.0,,,,,,,77.78,,0.0,0.0,0.0,0.0,0.0,0.0
2021-01-18,2021-01,3,2,tablet,<Other>,referral,(referral),returning_session,2,2,4,0,0,0,0,0,0,0,0,0,0,0,0,0,2,0,0.0,0,0,0.0,0.0,,,,,,,100.0,,0.0,0.0,0.0,0.0,0.0,0.0
2021-01-18,2021-01,3,2,mobile,(data deleted),(data deleted),<Other>,returning_session,1,1,5,2,0,0,0,0,0,0,0,0,0,0,0,0,0,0,0.0,0,0,0.0,0.0,,,,,,,0.0,,0.0,0.0,0.0,0.0,0.0,0.0
2021-01-18,2021-01,3,2,tablet,<Other>,<Other>,<Other>,new_session,9,9,61,23,0,0,0,0,0,0,0,0,0,0,0,0,0,0,0.0,0,0,0.0,0.0,,,,,,,0.0,,0.0,0.0,0.0,0.0,0.0,0.0
2021-01-18,2021-01,3,2,desktop,<Other>,organic,(organic),returning_session,10,10,69,27,0,0,0,0,0,0,0,0,0,0,0,0,3,0,0.0,0,0,0.0,0.0,,,,,,,30.0,,0.0,0.0,0.0,0.0,0.0,0.0
2021-01-18,2021-01,3,2,mobile,<Other>,(data deleted),(data deleted),returning_session,1,1,9,4,0,0,0,0,0,0,0,0,0,0,0,0,0,0,0.0,0,0,0.0,0.0,,,,,,,0.0,,0.0,0.0,0.0,0.0,0.0,0.0
2021-01-18,2021-01,3,2,tablet,google,cpc,<Other>,returning_session,1,1,2,0,0,0,0,0,0,0,0,0,0,0,0,0,1,0,0.0,0,0,0.0,0.0,,,,,,,100.0,,0.0,0.0,0.0,0.0,0.0,0.0
2021-01-18,2021-01,3,2,desktop,(data deleted),(data deleted),(data deleted),new_session,2,2,20,7,2,0,0,0,0,0,2,0,0,0,0,0,0,0,0.0,0,0,0.0,100.0,0.0,,,0.0,,,0.0,,0.0,0.0,0.0,1.0,0.0,0.0
2021-01-18,2021-01,3,2,tablet,shop.googlemerchandisestore.com,referral,(referral),new_session,2,2,12,5,1,0,0,0,0,0,1,0,0,0,0,0,0,0,0.0,0,0,0.0,50.0,0.0,,,0.0,,,0.0,,0.0,0.0,0.0,0.5,0.0,0.0
2021-01-18,2021-01,3,2,tablet,(data deleted),(data deleted),(data deleted),returning_session,4,3,40,13,1,1,0,0,0,0,1,1,0,0,1,0,2,0,0.0,0,0,0.0,25.0,100.0,0.0,,0.0,100.0,,50.0,,0.0,0.0,0.0,0.25,0.25,0.0
2021-01-18,2021-01,3,2,tablet,(direct),(none),(direct),returning_session,9,9,150,49,29,0,0,0,0,0,3,0,0,0,0,0,2,0,0.0,0,0,0.0,33.33,0.0,,,0.0,,,22.22,,0.0,0.0,0.0,3.22,0.0,0.0
2021-01-18,2021-01,3,2,mobile,<Other>,referral,(referral),new_session,108,108,852,313,31,1,0,0,0,0,14,1,0,0,1,0,5,0,0.0,0,0,0.0,12.96,7.14,0.0,,0.0,100.0,,4.63,,0.0,0.0,0.0,0.29,0.01,0.0
2021-01-18,2021-01,3,2,tablet,google,organic,(organic),new_session,17,17,120,43,5,1,0,0,0,0,2,1,0,0,1,0,3,0,0.0,0,0,0.0,11.76,50.0,0.0,,0.0,100.0,,17.65,,0.0,0.0,0.0,0.29,0.06,0.0
2021-01-18,2021-01,3,2,mobile,<Other>,<Other>,<Other>,returning_session,14,14,91,33,6,0,0,0,0,0,2,0,0,0,0,0,4,0,0.0,0,0,0.0,14.29,0.0,,,0.0,,,28.57,,0.0,0.0,0.0,0.43,0.0,0.0
2021-01-18,2021-01,3,2,desktop,shop.googlemerchandisestore.com,referral,(referral),new_session,77,77,726,256,37,5,0,0,0,0,12,3,0,0,3,0,4,0,0.0,0,0,0.0,15.58,25.0,0.0,,0.0,100.0,,5.19,,0.0,0.0,0.0,0.48,0.06,0.0
2021-01-18,2021-01,3,2,tablet,<Other>,referral,(referral),new_session,6,6,32,12,1,0,0,0,0,0,1,0,0,0,0,0,2,0,0.0,0,0,0.0,16.67,0.0,,,0.0,,,33.33,,0.0,0.0,0.0,0.17,0.0,0.0
2021-01-18,2021-01,3,2,tablet,<Other>,<Other>,<Other>,returning_session,2,2,55,22,6,0,0,0,0,0,2,0,0,0,0,0,0,0,0.0,0,0,0.0,100.0,0.0,,,0.0,,,0.0,,0.0,0.0,0.0,3.0,0.0,0.0
2021-01-18,2021-01,3,2,desktop,<Other>,organic,(organic),new_session,44,44,326,123,6,0,0,0,0,0,3,0,0,0,0,0,3,0,0.0,0,0,0.0,6.82,0.0,,,0.0,,,6.82,,0.0,0.0,0.0,0.14,0.0,0.0
2021-01-18,2021-01,3,2,mobile,<Other>,organic,(organic),new_session,20,20,169,63,3,0,0,0,0,0,1,0,0,0,0,0,0,0,0.0,0,0,0.0,5.0,0.0,,,0.0,,,0.0,,0.0,0.0,0.0,0.15,0.0,0.0
2021-01-18,2021-01,3,2,desktop,<Other>,<Other>,<Other>,new_session,302,302,2294,835,64,6,0,0,0,0,42,5,0,0,5,0,15,0,0.0,0,0,0.0,13.91,11.9,0.0,,0.0,100.0,,4.97,,0.0,0.0,0.0,0.21,0.02,0.0
2021-01-18,2021-01,3,2,mobile,(data deleted),(data deleted),(data deleted),new_session,4,4,51,17,3,1,0,0,0,0,1,1,0,0,1,0,1,0,0.0,0,0,0.0,25.0,100.0,0.0,,0.0,100.0,,25.0,,0.0,0.0,0.0,0.75,0.25,0.0
2021-01-18,2021-01,3,2,mobile,shop.googlemerchandisestore.com,referral,(referral),returning_session,54,51,559,193,37,7,0,6,1,0,13,4,2,0,4,2,17,0,0.0,0,0,0.0,24.07,30.77,50.0,0.0,0.0,100.0,100.0,31.48,,0.0,0.0,0.0,0.69,0.13,0.11
2021-01-18,2021-01,3,2,desktop,google,cpc,<Other>,new_session,93,93,757,277,13,0,0,3,0,0,8,0,1,0,0,1,2,0,0.0,0,0,0.0,8.6,0.0,,0.0,0.0,,100.0,2.15,,0.0,0.0,0.0,0.14,0.0,0.03
2021-01-18,2021-01,3,2,mobile,(data deleted),(data deleted),(data deleted),returning_session,57,54,481,172,23,1,0,6,1,0,7,1,1,0,1,1,17,0,0.0,0,0,0.0,12.28,14.29,100.0,0.0,0.0,100.0,100.0,29.82,,0.0,0.0,0.0,0.4,0.02,0.11
2021-01-18,2021-01,3,2,desktop,(direct),(none),(direct),new_session,371,371,3217,1145,167,26,0,9,2,0,49,10,3,0,10,3,22,0,0.0,0,0,0.0,13.21,20.41,30.0,0.0,0.0,100.0,100.0,5.93,,0.0,0.0,0.0,0.45,0.07,0.02
2021-01-18,2021-01,3,2,desktop,<Other>,referral,(referral),new_session,117,117,1008,358,57,2,0,9,0,0,22,2,1,0,2,1,5,0,0.0,0,0,0.0,18.8,9.09,50.0,0.0,0.0,100.0,100.0,4.27,,0.0,0.0,0.0,0.49,0.02,0.08
2021-01-18,2021-01,3,2,mobile,(direct),(none),(direct),returning_session,56,52,422,137,18,21,0,6,0,0,9,2,2,0,2,2,18,0,0.0,0,0,0.0,16.07,22.22,100.0,0.0,0.0,100.0,100.0,32.14,,0.0,0.0,0.0,0.32,0.38,0.11
2021-01-18,2021-01,3,2,mobile,google,cpc,<Other>,new_session,51,51,887,286,115,9,0,7,2,0,13,4,2,0,4,2,1,0,0.0,0,0,0.0,25.49,30.77,50.0,0.0,0.0,100.0,100.0,1.96,,0.0,0.0,0.0,2.25,0.18,0.14
2021-01-18,2021-01,3,2,desktop,google,organic,(organic),returning_session,122,110,1368,467,90,20,0,34,6,1,18,8,6,1,8,5,40,1,0.0,0,1,0.82,14.75,44.44,75.0,16.67,5.56,100.0,83.33,32.79,0.0,0.0,0.0,0.01,0.74,0.16,0.28
2021-01-18,2021-01,3,2,desktop,(data deleted),(data deleted),(data deleted),returning_session,119,114,1288,420,90,42,0,27,3,1,24,10,4,1,9,3,34,1,54.0,2,2,0.84,20.17,41.67,40.0,25.0,4.17,90.0,75.0,28.57,54.0,0.47,0.45,0.01,0.76,0.35,0.23
2021-01-18,2021-01,3,2,mobile,google,organic,(organic),new_session,394,394,3593,1266,218,23,0,9,1,1,49,10,3,1,9,2,17,1,15.0,9,9,0.25,12.44,20.41,30.0,33.33,2.04,90.0,66.67,4.31,15.0,0.04,0.04,0.0,0.55,0.06,0.02
2021-01-18,2021-01,3,2,mobile,shop.googlemerchandisestore.com,referral,(referral),new_session,60,60,642,221,31,4,0,15,2,1,7,3,3,1,2,2,3,1,13.0,1,1,1.67,11.67,42.86,100.0,33.33,14.29,66.67,66.67,5.0,13.0,0.22,0.22,0.02,0.52,0.07,0.25
2021-01-18,2021-01,3,2,desktop,google,organic,(organic),new_session,583,583,4801,1708,209,64,0,15,3,2,79,12,4,2,10,2,24,2,420.0,15,9,0.34,13.55,15.19,33.33,50.0,2.53,83.33,50.0,4.12,210.0,0.72,0.72,0.0,0.36,0.11,0.03
2021-01-18,2021-01,3,2,mobile,<Other>,referral,(referral),returning_session,32,32,530,134,90,60,0,6,1,1,7,1,2,1,1,1,11,1,122.0,5,5,3.13,21.88,14.29,200.0,50.0,14.29,100.0,50.0,34.38,122.0,3.81,3.81,0.03,2.81,1.88,0.19
2021-01-18,2021-01,3,2,mobile,<Other>,<Other>,<Other>,new_session,215,215,2174,786,153,32,0,15,3,3,36,9,3,2,7,1,5,2,240.0,50,20,0.93,16.74,25.0,33.33,66.67,5.56,77.78,33.33,2.33,120.0,1.12,1.12,0.01,0.71,0.15,0.07
2021-01-18,2021-01,3,2,mobile,(direct),(none),(direct),new_session,269,269,1983,723,55,11,0,9,3,2,31,5,3,2,4,1,13,2,127.0,2,2,0.74,11.52,16.13,60.0,66.67,6.45,80.0,33.33,4.83,63.5,0.47,0.47,0.01,0.2,0.04,0.03
2021-01-18,2021-01,3,2,desktop,(direct),(none),(direct),returning_session,99,92,844,287,65,12,0,9,3,1,18,6,1,1,5,0,35,1,32.0,2,1,1.01,18.18,33.33,16.67,100.0,5.56,83.33,0.0,35.35,32.0,0.35,0.32,0.01,0.66,0.12,0.09
2021-01-18,2021-01,3,2,desktop,shop.googlemerchandisestore.com,referral,(referral),returning_session,86,81,724,243,79,11,0,6,1,1,14,3,1,1,2,0,27,1,34.0,2,2,1.16,16.28,21.43,33.33,100.0,7.14,66.67,0.0,31.4,34.0,0.42,0.4,0.01,0.92,0.13,0.07
2021-01-18,2021-01,3,2,desktop,<Other>,referral,(referral),returning_session,52,51,447,162,30,1,0,3,1,1,8,1,1,1,0,0,13,1,17.0,1,1,1.92,15.38,12.5,100.0,100.0,12.5,0.0,0.0,25.0,17.0,0.33,0.33,0.02,0.58,0.02,0.06
2021-01-18,2021-01,3,2,desktop,<Other>,<Other>,<Other>,returning_session,28,27,348,112,28,9,0,3,1,1,6,3,1,1,2,0,5,1,5.0,1,1,3.57,21.43,50.0,33.33,100.0,16.67,66.67,0.0,17.86,5.0,0.19,0.18,0.04,1.0,0.32,0.11
2021-01-18,2021-01,3,2,mobile,google,organic,(organic),returning_session,77,74,920,294,64,18,0,24,10,3,12,6,3,3,3,0,31,3,144.0,6,6,3.9,15.58,50.0,50.0,100.0,25.0,50.0,0.0,40.26,48.0,1.95,1.87,0.04,0.83,0.23,0.31
2021-01-13,2021-01,2,4,tablet,google,cpc,<Other>,new_session,4,4,30,11,0,0,0,0,0,0,0,0,0,0,0,0,0,0,0.0,0,0,0.0,0.0,,,,,,,0.0,,0.0,0.0,0.0,0.0,0.0,0.0
2021-01-13,2021-01,2,4,tablet,google,organic,(organic),returning_session,4,4,13,4,0,0,0,0,0,0,0,0,0,0,0,0,2,0,0.0,0,0,0.0,0.0,,,,,,,50.0,,0.0,0.0,0.0,0.0,0.0,0.0
2021-01-13,2021-01,2,4,tablet,google,cpc,<Other>,returning_session,1,1,5,2,0,0,0,0,0,0,0,0,0,0,0,0,0,0,0.0,0,0,0.0,0.0,,,,,,,0.0,,0.0,0.0,0.0,0.0,0.0,0.0
2021-01-13,2021-01,2,4,mobile,google,cpc,<Other>,returning_session,4,4,22,7,0,0,0,0,0,0,0,0,0,0,0,0,2,0,0.0,0,0,0.0,0.0,,,,,,,50.0,,0.0,0.0,0.0,0.0,0.0,0.0
2021-01-13,2021-01,2,4,tablet,(direct),(none),(direct),returning_session,7,7,23,7,0,0,0,0,0,0,0,0,0,0,0,0,4,0,0.0,0,0,0.0,0.0,,,,,,,57.14,,0.0,0.0,0.0,0.0,0.0,0.0
2021-01-13,2021-01,2,4,desktop,(data deleted),(data deleted),<Other>,returning_session,2,2,23,9,0,0,0,0,0,0,0,0,0,0,0,0,0,0,0.0,0,0,0.0,0.0,,,,,,,0.0,,0.0,0.0,0.0,0.0,0.0,0.0
2021-01-13,2021-01,2,4,tablet,shop.googlemerchandisestore.com,referral,(referral),returning_session,2,2,30,11,0,0,0,0,0,0,0,0,0,0,0,0,0,0,0.0,0,0,0.0,0.0,,,,,,,0.0,,0.0,0.0,0.0,0.0,0.0,0.0
2021-01-13,2021-01,2,4,tablet,<Other>,organic,(organic),new_session,1,1,5,2,0,0,0,0,0,0,0,0,0,0,0,0,0,0,0.0,0,0,0.0,0.0,,,,,,,0.0,,0.0,0.0,0.0,0.0,0.0,0.0
2021-01-13,2021-01,2,4,tablet,<Other>,<Other>,<Other>,returning_session,1,1,2,0,0,0,0,0,0,0,0,0,0,0,0,0,1,0,0.0,0,0,0.0,0.0,,,,,,,100.0,,0.0,0.0,0.0,0.0,0.0,0.0
2021-01-13,2021-01,2,4,mobile,<Other>,organic,(organic),returning_session,6,6,22,9,0,0,0,0,0,0,0,0,0,0,0,0,3,0,0.0,0,0,0.0,0.0,,,,,,,50.0,,0.0,0.0,0.0,0.0,0.0,0.0
2021-01-13,2021-01,2,4,desktop,<Other>,(data deleted),(data deleted),new_session,1,1,1,0,0,0,0,0,0,0,0,0,0,0,0,0,1,0,0.0,0,0,0.0,0.0,,,,,,,100.0,,0.0,0.0,0.0,0.0,0.0,0.0
2021-01-13,2021-01,2,4,desktop,<Other>,organic,(organic),returning_session,16,16,54,19,0,0,0,0,0,0,0,0,0,0,0,0,7,0,0.0,0,0,0.0,0.0,,,,,,,43.75,,0.0,0.0,0.0,0.0,0.0,0.0
2021-01-13,2021-01,2,4,mobile,(data deleted),(data deleted),(data deleted),new_session,4,4,8,4,0,0,0,0,0,0,0,0,0,0,0,0,4,0,0.0,0,0,0.0,0.0,,,,,,,100.0,,0.0,0.0,0.0,0.0,0.0,0.0
2021-01-13,2021-01,2,4,tablet,<Other>,<Other>,<Other>,new_session,10,10,69,24,1,0,0,0,0,0,1,0,0,0,0,0,2,0,0.0,0,0,0.0,10.0,0.0,,,0.0,,,20.0,,0.0,0.0,0.0,0.1,0.0,0.0
2021-01-13,2021-01,2,4,desktop,(data deleted),(data deleted),(data deleted),new_session,5,5,14,5,1,0,0,0,0,0,1,0,0,0,0,0,4,0,0.0,0,0,0.0,20.0,0.0,,,0.0,,,80.0,,0.0,0.0,0.0,0.2,0.0,0.0
2021-01-13,2021-01,2,4,tablet,(data deleted),(data deleted),(data deleted),returning_session,8,6,104,38,1,0,0,0,0,0,1,0,0,0,0,0,2,0,0.0,0,0,0.0,12.5,0.0,,,0.0,,,25.0,,0.0,0.0,0.0,0.13,0.0,0.0
2021-01-13,2021-01,2,4,tablet,<Other>,referral,(referral),new_session,6,6,68,25,3,0,0,0,0,0,1,0,0,0,0,0,1,0,0.0,0,0,0.0,16.67,0.0,,,0.0,,,16.67,,0.0,0.0,0.0,0.5,0.0,0.0
2021-01-13,2021-01,2,4,tablet,google,organic,(organic),new_session,20,20,144,52,4,0,0,0,0,0,2,0,0,0,0,0,0,0,0.0,0,0,0.0,10.0,0.0,,,0.0,,,0.0,,0.0,0.0,0.0,0.2,0.0,0.0
2021-01-13,2021-01,2,4,desktop,<Other>,(data deleted),(data deleted),returning_session,2,2,35,13,4,0,0,0,0,0,1,0,0,0,0,0,0,0,0.0,0,0,0.0,50.0,0.0,,,0.0,,,0.0,,0.0,0.0,0.0,2.0,0.0,0.0
2021-01-13,2021-01,2,4,tablet,(direct),(none),(direct),new_session,18,18,174,64,5,2,0,0,0,0,3,1,0,0,1,0,1,0,0.0,0,0,0.0,16.67,33.33,0.0,,0.0,100.0,,5.56,,0.0,0.0,0.0,0.28,0.11,0.0
2021-01-13,2021-01,2,4,tablet,shop.googlemerchandisestore.com,referral,(referral),new_session,6,6,81,29,5,0,0,0,0,0,1,0,0,0,0,0,0,0,0.0,0,0,0.0,16.67,0.0,,,0.0,,,0.0,,0.0,0.0,0.0,0.83,0.0,0.0
2021-01-13,2021-01,2,4,mobile,<Other>,(data deleted),(data deleted),returning_session,1,1,33,10,6,0,0,0,0,0,1,0,0,0,0,0,0,0,0.0,0,0,0.0,100.0,0.0,,,0.0,,,0.0,,0.0,0.0,0.0,6.0,0.0,0.0
2021-01-13,2021-01,2,4,mobile,<Other>,referral,(referral),returning_session,30,30,181,71,8,2,0,0,0,0,4,1,0,0,1,0,6,0,0.0,0,0,0.0,13.33,25.0,0.0,,0.0,100.0,,20.0,,0.0,0.0,0.0,0.27,0.07,0.0
2021-01-13,2021-01,2,4,desktop,google,cpc,<Other>,returning_session,14,14,81,24,11,2,0,0,0,0,3,1,0,0,1,0,7,0,0.0,0,0,0.0,21.43,33.33,0.0,,0.0,100.0,,50.0,,0.0,0.0,0.0,0.79,0.14,0.0
2021-01-13,2021-01,2,4,mobile,<Other>,<Other>,<Other>,returning_session,22,22,151,49,14,5,0,0,0,0,5,2,0,0,2,0,6,0,0.0,0,0,0.0,22.73,40.0,0.0,,0.0,100.0,,27.27,,0.0,0.0,0.0,0.64,0.23,0.0
2021-01-13,2021-01,2,4,desktop,<Other>,organic,(organic),new_session,73,73,647,235,16,7,0,0,0,0,9,3,0,0,3,0,2,0,0.0,0,0,0.0,12.33,33.33,0.0,,0.0,100.0,,2.74,,0.0,0.0,0.0,0.22,0.1,0.0
2021-01-13,2021-01,2,4,desktop,shop.googlemerchandisestore.com,referral,(referral),new_session,120,120,1005,371,32,1,0,0,0,0,17,1,0,0,1,0,7,0,0.0,0,0,0.0,14.17,5.88,0.0,,0.0,100.0,,5.83,,0.0,0.0,0.0,0.27,0.01,0.0
2021-01-13,2021-01,2,4,mobile,google,cpc,<Other>,new_session,73,73,674,240,42,0,0,0,0,0,12,0,0,0,0,0,2,0,0.0,0,0,0.0,16.44,0.0,,,0.0,,,2.74,,0.0,0.0,0.0,0.58,0.0,0.0
2021-01-13,2021-01,2,4,mobile,<Other>,organic,(organic),new_session,52,52,450,161,17,7,0,3,0,0,10,3,1,0,3,1,0,0,0.0,0,0,0.0,19.23,30.0,33.33,0.0,0.0,100.0,100.0,0.0,,0.0,0.0,0.0,0.33,0.13,0.06
2021-01-13,2021-01,2,4,mobile,shop.googlemerchandisestore.com,referral,(referral),new_session,75,75,701,244,33,3,0,3,0,0,17,2,1,0,2,1,6,0,0.0,0,0,0.0,22.67,11.76,50.0,0.0,0.0,100.0,100.0,8.0,,0.0,0.0,0.0,0.44,0.04,0.04
2021-01-13,2021-01,2,4,desktop,(direct),(none),(direct),new_session,478,478,4105,1457,196,39,0,3,0,0,60,15,1,0,15,1,18,0,0.0,0,0,0.0,12.55,25.0,6.67,0.0,0.0,100.0,100.0,3.77,,0.0,0.0,0.0,0.41,0.08,0.01
2021-01-13,2021-01,2,4,mobile,google,organic,(organic),new_session,497,497,5130,1792,304,90,0,48,6,2,71,14,11,2,13,9,29,2,152.0,5,5,0.4,14.29,19.72,78.57,18.18,2.82,92.86,81.82,5.84,76.0,0.31,0.31,0.0,0.61,0.18,0.1
2021-01-13,2021-01,2,4,desktop,google,organic,(organic),new_session,655,655,6330,2204,377,55,0,45,11,2,111,16,9,2,14,7,29,2,125.0,8,8,0.31,16.95,14.41,56.25,22.22,1.8,87.5,77.78,4.43,62.5,0.19,0.19,0.0,0.58,0.08,0.07
2021-01-13,2021-01,2,4,desktop,google,organic,(organic),returning_session,140,132,1977,610,218,52,0,51,8,2,33,19,8,2,17,6,45,2,133.0,13,8,1.43,23.57,57.58,42.11,25.0,6.06,89.47,75.0,32.14,66.5,1.01,0.95,0.02,1.56,0.37,0.36
2021-01-13,2021-01,2,4,desktop,<Other>,<Other>,<Other>,new_session,357,357,3827,1309,257,88,0,24,5,1,63,13,4,1,12,3,15,1,133.0,8,4,0.28,17.65,20.63,30.77,25.0,1.59,92.31,75.0,4.2,133.0,0.37,0.37,0.0,0.72,0.25,0.07
2021-01-13,2021-01,2,4,desktop,shop.googlemerchandisestore.com,referral,(referral),returning_session,67,65,692,238,55,17,0,9,3,1,16,6,3,1,5,2,17,1,44.0,1,1,1.49,23.88,37.5,50.0,33.33,6.25,83.33,66.67,25.37,44.0,0.68,0.66,0.02,0.82,0.25,0.13
2021-01-13,2021-01,2,4,mobile,(data deleted),(data deleted),(data deleted),returning_session,101,99,1083,351,82,17,0,39,6,2,20,9,6,2,7,4,35,2,69.0,2,2,1.98,19.8,45.0,66.67,33.33,10.0,77.78,66.67,34.65,34.5,0.7,0.68,0.02,0.81,0.17,0.39
2021-01-13,2021-01,2,4,mobile,google,organic,(organic),returning_session,81,79,1094,336,119,52,0,22,6,2,18,10,5,2,8,3,29,2,42.0,5,6,2.47,22.22,55.56,50.0,40.0,11.11,80.0,60.0,35.8,21.0,0.53,0.52,0.03,1.47,0.64,0.27
2021-01-13,2021-01,2,4,desktop,<Other>,<Other>,<Other>,returning_session,30,29,320,118,25,4,0,9,3,1,7,2,2,1,2,1,10,1,55.0,1,1,3.33,23.33,28.57,100.0,50.0,14.29,100.0,50.0,33.33,55.0,1.9,1.83,0.03,0.83,0.13,0.3
2021-01-13,2021-01,2,4,desktop,<Other>,referral,(referral),new_session,195,195,1614,576,72,16,0,6,3,1,28,4,2,1,4,1,7,1,24.0,1,1,0.51,14.36,14.29,50.0,50.0,3.57,100.0,50.0,3.59,24.0,0.12,0.12,0.01,0.37,0.08,0.03
2021-01-13,2021-01,2,4,desktop,<Other>,referral,(referral),returning_session,64,63,851,269,86,25,0,18,5,3,16,7,6,3,5,3,22,3,182.0,6,6,4.69,25.0,43.75,85.71,50.0,18.75,71.43,50.0,34.38,60.67,2.89,2.84,0.05,1.34,0.39,0.28
2021-01-13,2021-01,2,4,mobile,(direct),(none),(direct),returning_session,103,101,1214,380,132,60,0,9,2,1,19,8,2,1,7,1,32,1,35.0,3,3,0.97,18.45,42.11,25.0,50.0,5.26,87.5,50.0,31.07,35.0,0.35,0.34,0.01,1.28,0.58,0.09
2021-01-13,2021-01,2,4,desktop,(direct),(none),(direct),returning_session,150,139,1768,578,144,24,0,31,13,3,33,6,4,2,4,2,41,3,110.0,2,3,1.33,22.0,18.18,66.67,50.0,6.06,66.67,50.0,27.33,36.67,0.79,0.73,0.02,0.96,0.16,0.21
2021-01-13,2021-01,2,4,mobile,(direct),(none),(direct),new_session,344,344,3123,1081,192,26,0,18,4,2,53,9,4,2,7,2,15,2,31.0,2,2,0.58,15.41,16.98,44.44,50.0,3.77,77.78,50.0,4.36,15.5,0.09,0.09,0.01,0.56,0.08,0.05
2021-01-13,2021-01,2,4,mobile,shop.googlemerchandisestore.com,referral,(referral),returning_session,64,63,791,264,55,4,0,12,5,2,17,3,3,2,3,1,23,2,67.0,3,3,3.13,26.56,17.65,100.0,66.67,11.76,100.0,33.33,35.94,33.5,1.06,1.05,0.03,0.86,0.06,0.19
2021-01-13,2021-01,2,4,mobile,<Other>,<Other>,<Other>,new_session,267,267,2174,763,85,11,0,12,2,2,37,5,3,2,5,1,5,2,110.0,2,2,0.75,13.86,13.51,60.0,66.67,5.41,100.0,33.33,1.87,55.0,0.41,0.41,0.01,0.32,0.04,0.04
2021-01-13,2021-01,2,4,desktop,(data deleted),(data deleted),(data deleted),returning_session,130,125,1986,658,243,34,0,21,6,5,35,10,6,5,7,1,38,5,231.0,12,12,3.85,26.92,28.57,60.0,83.33,14.29,70.0,16.67,29.23,46.2,1.85,1.78,0.04,1.87,0.26,0.16
2021-01-13,2021-01,2,4,mobile,(data deleted),(data deleted),<Other>,returning_session,1,1,232,67,32,5,0,9,2,1,1,1,1,1,0,0,0,1,100.0,5,4,100.0,100.0,100.0,100.0,100.0,100.0,0.0,0.0,0.0,100.0,100.0,100.0,1.0,32.0,5.0,9.0
2021-01-13,2021-01,2,4,mobile,<Other>,referral,(referral),new_session,137,137,1275,467,56,6,0,3,1,1,23,3,1,1,2,0,6,1,173.0,16,8,0.73,16.79,13.04,33.33,100.0,4.35,66.67,0.0,4.38,173.0,1.26,1.26,0.01,0.41,0.04,0.02
2021-01-13,2021-01,2,4,desktop,google,cpc,<Other>,new_session,121,121,1134,399,69,11,0,9,2,2,22,5,2,2,4,0,3,2,42.0,6,6,1.65,18.18,22.73,40.0,100.0,9.09,80.0,0.0,2.48,21.0,0.35,0.35,0.02,0.57,0.09,0.07
2020-12-12,2020-12,49,7,tablet,<Other>,referral,(referral),new_session,4,4,21,5,0,0,0,0,0,0,0,0,0,0,0,0,3,0,0.0,0,0,0.0,0.0,,,,,,,75.0,,0.0,0.0,0.0,0.0,0.0,0.0
2020-12-12,2020-12,49,7,desktop,(data deleted),(data deleted),(data deleted),new_session,3,3,12,3,0,0,0,0,0,0,0,0,0,0,0,0,2,0,0.0,0,0,0.0,0.0,,,,,,,66.67,,0.0,0.0,0.0,0.0,0.0,0.0
2020-12-12,2020-12,49,7,tablet,shop.googlemerchandisestore.com,referral,(referral),returning_session,1,1,2,0,0,0,0,0,0,0,0,0,0,0,0,0,1,0,0.0,0,0,0.0,0.0,,,,,,,100.0,,0.0,0.0,0.0,0.0,0.0,0.0
2020-12-12,2020-12,49,7,tablet,<Other>,referral,(referral),returning_session,3,3,8,1,0,0,0,0,0,0,0,0,0,0,0,0,3,0,0.0,0,0,0.0,0.0,,,,,,,100.0,,0.0,0.0,0.0,0.0,0.0,0.0
2020-12-12,2020-12,49,7,tablet,google,cpc,<Other>,new_session,4,4,15,4,0,0,0,0,0,0,0,0,0,0,0,0,4,0,0.0,0,0,0.0,0.0,,,,,,,100.0,,0.0,0.0,0.0,0.0,0.0,0.0
2020-12-12,2020-12,49,7,tablet,<Other>,<Other>,<Other>,returning_session,3,3,30,10,0,0,0,0,0,0,0,0,0,0,0,0,0,0,0.0,0,0,0.0,0.0,,,,,,,0.0,,0.0,0.0,0.0,0.0,0.0,0.0
2020-12-12,2020-12,49,7,mobile,(data deleted),(data deleted),(data deleted),new_session,1,1,4,2,0,0,0,0,0,0,0,0,0,0,0,0,0,0,0.0,0,0,0.0,0.0,,,,,,,0.0,,0.0,0.0,0.0,0.0,0.0,0.0
2020-12-12,2020-12,49,7,tablet,shop.googlemerchandisestore.com,referral,(referral),new_session,8,8,46,12,2,0,0,0,0,0,2,0,0,0,0,0,5,0,0.0,0,0,0.0,25.0,0.0,,,0.0,,,62.5,,0.0,0.0,0.0,0.25,0.0,0.0
2020-12-12,2020-12,49,7,mobile,<Other>,(data deleted),(data deleted),returning_session,1,1,39,11,8,0,0,0,0,0,1,0,0,0,0,0,0,0,0.0,0,0,0.0,100.0,0.0,,,0.0,,,0.0,,0.0,0.0,0.0,8.0,0.0,0.0
2020-12-12,2020-12,49,7,tablet,google,organic,(organic),new_session,32,32,203,56,5,0,0,0,0,0,4,0,0,0,0,0,24,0,0.0,0,0,0.0,12.5,0.0,,,0.0,,,75.0,,0.0,0.0,0.0,0.16,0.0,0.0
2020-12-12,2020-12,49,7,desktop,<Other>,organic,(organic),returning_session,12,12,102,29,3,0,0,0,0,0,2,0,0,0,0,0,8,0,0.0,0,0,0.0,16.67,0.0,,,0.0,,,66.67,,0.0,0.0,0.0,0.25,0.0,0.0
2020-12-12,2020-12,49,7,desktop,google,cpc,<Other>,returning_session,4,4,27,7,2,1,0,0,0,0,1,1,0,0,1,0,2,0,0.0,0,0,0.0,25.0,100.0,0.0,,0.0,100.0,,50.0,,0.0,0.0,0.0,0.5,0.25,0.0
2020-12-12,2020-12,49,7,tablet,(direct),(none),(direct),new_session,11,11,61,17,1,0,0,0,0,0,1,0,0,0,0,0,8,0,0.0,0,0,0.0,9.09,0.0,,,0.0,,,72.73,,0.0,0.0,0.0,0.09,0.0,0.0
2020-12-12,2020-12,49,7,tablet,<Other>,<Other>,<Other>,new_session,8,8,68,19,3,0,0,0,0,0,2,0,0,0,0,0,5,0,0.0,0,0,0.0,25.0,0.0,,,0.0,,,62.5,,0.0,0.0,0.0,0.38,0.0,0.0
2020-12-12,2020-12,49,7,tablet,(data deleted),(data deleted),(data deleted),returning_session,3,3,22,7,2,0,0,0,0,0,1,0,0,0,0,0,2,0,0.0,0,0,0.0,33.33,0.0,,,0.0,,,66.67,,0.0,0.0,0.0,0.67,0.0,0.0
2020-12-12,2020-12,49,7,tablet,(direct),(none),(direct),returning_session,4,4,12,4,1,0,0,0,0,0,1,0,0,0,0,0,3,0,0.0,0,0,0.0,25.0,0.0,,,0.0,,,75.0,,0.0,0.0,0.0,0.25,0.0,0.0
2020-12-12,2020-12,49,7,mobile,<Other>,<Other>,<Other>,returning_session,20,20,91,24,8,0,0,0,0,0,2,0,0,0,0,0,13,0,0.0,0,0,0.0,10.0,0.0,,,0.0,,,65.0,,0.0,0.0,0.0,0.4,0.0,0.0
2020-12-12,2020-12,49,7,desktop,(data deleted),(data deleted),<Other>,returning_session,3,3,20,5,3,3,0,0,0,0,1,1,0,0,1,0,2,0,0.0,0,0,0.0,33.33,100.0,0.0,,0.0,100.0,,66.67,,0.0,0.0,0.0,1.0,1.0,0.0
2020-12-12,2020-12,49,7,mobile,google,cpc,<Other>,returning_session,4,4,283,95,39,6,0,8,1,0,3,3,2,0,3,2,1,0,0.0,0,0,0.0,75.0,100.0,66.67,0.0,0.0,100.0,100.0,25.0,,0.0,0.0,0.0,9.75,1.5,2.0
2020-12-12,2020-12,49,7,desktop,<Other>,referral,(referral),new_session,187,187,3139,1053,326,49,0,24,7,2,35,10,8,1,9,7,113,2,185.0,17,4,0.53,18.72,28.57,80.0,12.5,2.86,90.0,87.5,60.43,92.5,0.99,0.99,0.01,1.74,0.26,0.13
2020-12-12,2020-12,49,7,mobile,<Other>,referral,(referral),new_session,120,120,2048,683,225,25,0,10,1,1,21,9,5,1,9,4,75,1,99.0,1,1,0.83,17.5,42.86,55.56,20.0,4.76,100.0,80.0,62.5,99.0,0.82,0.82,0.01,1.88,0.21,0.08
2020-12-12,2020-12,49,7,mobile,google,cpc,<Other>,new_session,82,82,1134,343,115,38,0,12,5,1,19,9,4,1,8,3,51,1,14.0,1,1,1.22,23.17,47.37,44.44,25.0,5.26,88.89,75.0,62.2,14.0,0.17,0.17,0.01,1.4,0.46,0.15
2020-12-12,2020-12,49,7,mobile,google,organic,(organic),new_session,426,426,4283,1249,342,70,0,26,9,4,80,22,9,3,19,6,268,4,168.0,10,10,0.7,18.78,27.5,40.91,33.33,3.75,86.36,66.67,62.91,42.0,0.39,0.39,0.01,0.8,0.16,0.06
2020-12-12,2020-12,49,7,mobile,(direct),(none),(direct),new_session,267,267,3505,1084,353,45,0,27,7,4,62,23,12,4,19,8,161,4,88.0,4,5,1.5,23.22,37.1,52.17,33.33,6.45,82.61,66.67,60.3,22.0,0.33,0.33,0.01,1.32,0.17,0.1
2020-12-12,2020-12,49,7,mobile,shop.googlemerchandisestore.com,referral,(referral),new_session,55,55,642,167,70,29,0,12,2,1,12,4,3,1,3,2,33,1,62.0,2,2,1.82,21.82,33.33,75.0,33.33,8.33,75.0,66.67,60.0,62.0,1.13,1.13,0.02,1.27,0.53,0.22
2020-12-12,2020-12,49,7,mobile,<Other>,<Other>,<Other>,new_session,242,242,3389,1051,360,93,0,24,7,4,41,16,10,4,12,6,156,4,318.0,35,25,1.65,16.94,39.02,62.5,40.0,9.76,75.0,60.0,64.46,79.5,1.31,1.31,0.02,1.49,0.38,0.1
2020-12-12,2020-12,49,7,desktop,(direct),(none),(direct),new_session,443,443,6366,1918,690,195,0,64,18,9,99,38,21,9,30,12,271,9,802.0,73,50,2.03,22.35,38.38,55.26,42.86,9.09,78.95,57.14,61.17,89.11,1.81,1.81,0.02,1.56,0.44,0.14
2020-12-12,2020-12,49,7,desktop,google,organic,(organic),new_session,620,620,6723,1986,569,182,0,47,20,8,114,38,18,8,31,10,381,8,258.0,18,18,1.29,18.39,33.33,47.37,44.44,7.02,81.58,55.56,61.45,32.25,0.42,0.42,0.01,0.92,0.29,0.08
2020-12-12,2020-12,49,7,desktop,<Other>,<Other>,<Other>,new_session,344,344,4227,1270,386,82,0,48,13,5,56,14,11,5,10,6,222,5,182.0,13,13,1.45,16.28,25.0,78.57,45.45,8.93,71.43,54.55,64.53,36.4,0.53,0.53,0.01,1.12,0.24,0.14
2020-12-12,2020-12,49,7,desktop,shop.googlemerchandisestore.com,referral,(referral),new_session,99,99,1186,386,110,8,0,6,1,1,17,4,2,1,3,1,65,1,127.0,4,4,1.01,17.17,23.53,50.0,50.0,5.88,75.0,50.0,65.66,127.0,1.28,1.28,0.01,1.11,0.08,0.06
2020-12-12,2020-12,49,7,desktop,<Other>,organic,(organic),new_session,70,70,675,183,71,13,0,4,2,1,16,6,2,1,5,1,48,1,90.0,6,5,1.43,22.86,37.5,33.33,50.0,6.25,83.33,50.0,68.57,90.0,1.29,1.29,0.01,1.01,0.19,0.06
2020-12-12,2020-12,49,7,desktop,shop.googlemerchandisestore.com,referral,(referral),returning_session,98,91,1349,397,127,44,0,20,8,3,29,11,6,3,9,3,46,3,216.0,7,7,3.06,29.59,37.93,54.55,50.0,10.34,81.82,50.0,46.94,72.0,2.37,2.2,0.03,1.3,0.45,0.2
2020-12-12,2020-12,49,7,mobile,google,organic,(organic),returning_session,84,81,1071,330,99,32,0,20,7,3,22,12,6,3,9,3,44,3,197.0,5,5,3.57,26.19,54.55,50.0,50.0,13.64,75.0,50.0,52.38,65.67,2.43,2.35,0.04,1.18,0.38,0.24
2020-12-12,2020-12,49,7,mobile,<Other>,organic,(organic),new_session,34,34,301,83,9,2,0,10,8,1,3,2,2,1,1,1,25,1,10.0,1,1,2.94,8.82,66.67,100.0,50.0,33.33,50.0,50.0,73.53,10.0,0.29,0.29,0.03,0.26,0.06,0.29
2020-12-12,2020-12,49,7,mobile,(direct),(none),(direct),returning_session,86,79,1986,567,337,92,0,22,13,4,25,12,7,4,9,3,50,4,334.0,22,21,4.65,29.07,48.0,58.33,57.14,16.0,75.0,42.86,58.14,83.5,4.23,3.88,0.05,3.92,1.07,0.26
2020-12-12,2020-12,49,7,desktop,google,organic,(organic),returning_session,114,109,2331,717,284,62,0,48,15,10,35,15,16,10,6,6,62,10,697.0,34,27,8.77,30.7,42.86,106.67,62.5,28.57,40.0,37.5,54.39,69.7,6.39,6.11,0.09,2.49,0.54,0.42
2020-12-12,2020-12,49,7,desktop,(direct),(none),(direct),returning_session,119,115,2822,823,356,101,0,63,21,10,43,18,14,10,12,4,61,10,558.0,34,15,8.4,36.13,41.86,77.78,71.43,23.26,66.67,28.57,51.26,55.8,4.85,4.69,0.09,2.99,0.85,0.53
2020-12-12,2020-12,49,7,mobile,(data deleted),(data deleted),(data deleted),returning_session,68,67,1246,391,123,25,0,20,9,5,14,5,5,4,1,1,43,5,326.0,14,14,5.88,20.59,35.71,100.0,80.0,28.57,20.0,20.0,63.24,65.2,4.87,4.79,0.07,1.81,0.37,0.29
2020-12-12,2020-12,49,7,desktop,(data deleted),(data deleted),(data deleted),returning_session,125,120,2440,727,238,62,0,62,28,15,37,16,15,12,8,3,66,15,818.0,55,45,9.6,29.6,43.24,93.75,80.0,32.43,50.0,20.0,52.8,54.53,6.82,6.54,0.13,1.9,0.5,0.5
2020-12-12,2020-12,49,7,mobile,<Other>,referral,(referral),returning_session,32,32,657,186,119,26,0,8,4,1,14,5,1,1,4,0,16,1,112.0,5,5,3.13,43.75,35.71,20.0,100.0,7.14,80.0,0.0,50.0,112.0,3.5,3.5,0.03,3.72,0.81,0.25
2020-12-12,2020-12,49,7,desktop,google,cpc,<Other>,new_session,101,101,756,198,44,31,0,4,3,1,13,4,1,1,3,0,65,1,50.0,2,2,0.99,12.87,30.77,25.0,100.0,7.69,75.0,0.0,64.36,50.0,0.5,0.5,0.01,0.44,0.31,0.04
2020-12-12,2020-12,49,7,desktop,<Other>,<Other>,<Other>,returning_session,39,36,505,150,53,20,0,4,3,1,9,3,1,1,2,0,21,1,67.0,7,7,2.56,23.08,33.33,33.33,100.0,11.11,66.67,0.0,53.85,67.0,1.86,1.72,0.03,1.36,0.51,0.1
2020-12-12,2020-12,49,7,mobile,shop.googlemerchandisestore.com,referral,(referral),returning_session,57,57,951,276,80,20,0,12,4,3,16,5,3,3,4,0,31,3,171.0,18,11,5.26,28.07,31.25,60.0,100.0,18.75,80.0,0.0,54.39,57.0,3.0,3.0,0.05,1.4,0.35,0.21
2020-12-12,2020-12,49,7,desktop,<Other>,referral,(referral),returning_session,74,71,1131,345,107,16,0,28,9,5,19,3,4,4,0,0,42,5,225.0,20,9,5.41,25.68,15.79,133.33,100.0,21.05,0.0,0.0,56.76,45.0,3.17,3.04,0.07,1.45,0.22,0.38
2020-12-12,2020-12,49,7,tablet,google,organic,(organic),returning_session,8,8,168,45,24,14,0,2,1,1,3,1,1,1,0,0,5,1,0.0,0,1,12.5,37.5,33.33,100.0,100.0,33.33,0.0,0.0,62.5,0.0,0.0,0.0,0.13,3.0,1.75,0.25
2020-12-12,2020-12,49,7,mobile,<Other>,organic,(organic),returning_session,7,7,112,33,6,2,0,4,3,1,3,1,1,1,0,0,3,1,16.0,1,1,14.29,42.86,33.33,100.0,100.0,33.33,0.0,0.0,42.86,16.0,2.29,2.29,0.14,0.86,0.29,0.57
2020-12-12,2020-12,49,7,mobile,(data deleted),(data deleted),<Other>,returning_session,3,3,87,25,2,1,0,6,3,1,1,1,1,1,0,0,0,1,6.0,1,1,33.33,33.33,100.0,100.0,100.0,100.0,0.0,0.0,0.0,6.0,2.0,2.0,0.33,0.67,0.33,2.0
2020-12-12,2020-12,49,7,desktop,<Other>,(data deleted),(data deleted),returning_session,2,2,77,16,12,10,0,2,2,1,1,1,1,1,0,0,1,1,88.0,2,2,50.0,50.0,100.0,100.0,100.0,100.0,0.0,0.0,50.0,88.0,44.0,44.0,0.5,6.0,5.0,1.0
2020-12-09,2020-12,49,4,desktop,(data deleted),(data deleted),<Other>,new_session,1,1,6,3,0,0,0,0,0,0,0,0,0,0,0,0,0,0,0.0,0,0,0.0,0.0,,,,,,,0.0,,0.0,0.0,0.0,0.0,0.0,0.0
2020-12-09,2020-12,49,4,tablet,<Other>,<Other>,<Other>,returning_session,2,2,4,1,0,0,0,0,0,0,0,0,0,0,0,0,2,0,0.0,0,0,0.0,0.0,,,,,,,100.0,,0.0,0.0,0.0,0.0,0.0,0.0
2020-12-09,2020-12,49,4,mobile,(data deleted),(data deleted),(data deleted),new_session,2,2,24,10,0,0,0,0,0,0,0,0,0,0,0,0,1,0,0.0,0,0,0.0,0.0,,,,,,,50.0,,0.0,0.0,0.0,0.0,0.0,0.0
2020-12-09,2020-12,49,4,tablet,(data deleted),(data deleted),(data deleted),returning_session,16,14,103,32,0,0,0,0,0,0,0,0,0,0,0,0,11,0,0.0,0,0,0.0,0.0,,,,,,,68.75,,0.0,0.0,0.0,0.0,0.0,0.0
2020-12-09,2020-12,49,4,tablet,<Other>,organic,(organic),returning_session,2,2,4,0,0,0,0,0,0,0,0,0,0,0,0,0,2,0,0.0,0,0,0.0,0.0,,,,,,,100.0,,0.0,0.0,0.0,0.0,0.0,0.0
2020-12-09,2020-12,49,4,tablet,google,cpc,<Other>,returning_session,1,1,13,6,0,0,0,0,0,0,0,0,0,0,0,0,0,0,0.0,0,0,0.0,0.0,,,,,,,0.0,,0.0,0.0,0.0,0.0,0.0,0.0
2020-12-09,2020-12,49,4,desktop,(data deleted),(data deleted),(data deleted),new_session,10,10,118,41,2,0,0,0,0,0,2,0,0,0,0,0,3,0,0.0,0,0,0.0,20.0,0.0,,,0.0,,,30.0,,0.0,0.0,0.0,0.2,0.0,0.0
2020-12-09,2020-12,49,4,tablet,google,cpc,<Other>,new_session,8,8,59,15,1,0,0,0,0,0,1,0,0,0,0,0,4,0,0.0,0,0,0.0,12.5,0.0,,,0.0,,,50.0,,0.0,0.0,0.0,0.13,0.0,0.0
2020-12-09,2020-12,49,4,mobile,<Other>,(data deleted),(data deleted),returning_session,4,4,106,33,19,0,0,0,0,0,1,0,0,0,0,0,3,0,0.0,0,0,0.0,25.0,0.0,,,0.0,,,75.0,,0.0,0.0,0.0,4.75,0.0,0.0
2020-12-09,2020-12,49,4,mobile,(data deleted),(data deleted),<Other>,returning_session,4,4,34,8,8,0,0,0,0,0,2,0,0,0,0,0,2,0,0.0,0,0,0.0,50.0,0.0,,,0.0,,,50.0,,0.0,0.0,0.0,2.0,0.0,0.0
2020-12-09,2020-12,49,4,tablet,<Other>,referral,(referral),returning_session,4,4,49,17,1,0,0,0,0,0,1,0,0,0,0,0,1,0,0.0,0,0,0.0,25.0,0.0,,,0.0,,,25.0,,0.0,0.0,0.0,0.25,0.0,0.0
2020-12-09,2020-12,49,4,desktop,<Other>,(data deleted),(data deleted),returning_session,2,2,37,11,6,0,0,0,0,0,1,0,0,0,0,0,0,0,0.0,0,0,0.0,50.0,0.0,,,0.0,,,0.0,,0.0,0.0,0.0,3.0,0.0,0.0
2020-12-09,2020-12,49,4,tablet,<Other>,organic,(organic),new_session,6,6,61,17,11,0,0,0,0,0,4,0,0,0,0,0,1,0,0.0,0,0,0.0,66.67,0.0,,,0.0,,,16.67,,0.0,0.0,0.0,1.83,0.0,0.0
2020-12-09,2020-12,49,4,tablet,google,organic,(organic),new_session,25,25,208,55,8,0,0,0,0,0,2,0,0,0,0,0,16,0,0.0,0,0,0.0,8.0,0.0,,,0.0,,,64.0,,0.0,0.0,0.0,0.32,0.0,0.0
2020-12-09,2020-12,49,4,desktop,(data deleted),(data deleted),<Other>,returning_session,5,5,40,12,5,0,0,0,0,0,1,0,0,0,0,0,3,0,0.0,0,0,0.0,20.0,0.0,,,0.0,,,60.0,,0.0,0.0,0.0,1.0,0.0,0.0
2020-12-09,2020-12,49,4,tablet,<Other>,referral,(referral),new_session,8,8,59,16,3,0,0,0,0,0,2,0,0,0,0,0,4,0,0.0,0,0,0.0,25.0,0.0,,,0.0,,,50.0,,0.0,0.0,0.0,0.38,0.0,0.0
2020-12-09,2020-12,49,4,tablet,(data deleted),(data deleted),<Other>,returning_session,1,1,10,3,1,0,0,0,0,0,1,0,0,0,0,0,0,0,0.0,0,0,0.0,100.0,0.0,,,0.0,,,0.0,,0.0,0.0,0.0,1.0,0.0,0.0
2020-12-09,2020-12,49,4,tablet,(direct),(none),(direct),new_session,26,26,319,78,40,19,0,0,0,0,5,2,0,0,2,0,16,0,0.0,0,0,0.0,19.23,40.0,0.0,,0.0,100.0,,61.54,,0.0,0.0,0.0,1.54,0.73,0.0
2020-12-09,2020-12,49,4,tablet,<Other>,<Other>,<Other>,new_session,16,16,185,43,18,13,0,6,0,0,4,3,1,0,3,1,9,0,0.0,0,0,0.0,25.0,75.0,33.33,0.0,0.0,100.0,100.0,56.25,,0.0,0.0,0.0,1.13,0.81,0.38
2020-12-09,2020-12,49,4,tablet,shop.googlemerchandisestore.com,referral,(referral),new_session,9,9,89,25,4,1,0,2,0,0,1,1,1,0,1,1,5,0,0.0,0,0,0.0,11.11,100.0,100.0,0.0,0.0,100.0,100.0,55.56,,0.0,0.0,0.0,0.44,0.11,0.22
2020-12-09,2020-12,49,4,tablet,google,organic,(organic),returning_session,4,4,62,18,4,4,0,4,1,0,2,1,1,0,1,1,2,0,0.0,0,0,0.0,50.0,50.0,100.0,0.0,0.0,100.0,100.0,50.0,,0.0,0.0,0.0,1.0,1.0,1.0
2020-12-09,2020-12,49,4,desktop,google,cpc,<Other>,new_session,118,118,1291,404,101,13,0,2,0,0,18,5,1,0,5,1,73,0,0.0,0,0,0.0,15.25,27.78,20.0,0.0,0.0,100.0,100.0,61.86,,0.0,0.0,0.0,0.86,0.11,0.02
2020-12-09,2020-12,49,4,mobile,shop.googlemerchandisestore.com,referral,(referral),new_session,85,85,1231,402,136,16,0,10,1,0,17,7,4,0,7,4,51,0,0.0,0,0,0.0,20.0,41.18,57.14,0.0,0.0,100.0,100.0,60.0,,0.0,0.0,0.0,1.6,0.19,0.12
2020-12-09,2020-12,49,4,mobile,google,cpc,<Other>,new_session,95,95,778,222,23,1,0,2,0,0,9,1,1,0,1,1,58,0,0.0,0,0,0.0,9.47,11.11,100.0,0.0,0.0,100.0,100.0,61.05,,0.0,0.0,0.0,0.24,0.01,0.02
2020-12-09,2020-12,49,4,desktop,shop.googlemerchandisestore.com,referral,(referral),new_session,140,140,1762,554,151,16,0,6,1,1,28,9,3,1,8,2,78,1,0.0,0,1,0.71,20.0,32.14,33.33,33.33,3.57,88.89,66.67,55.71,0.0,0.0,0.0,0.01,1.08,0.11,0.04
2020-12-09,2020-12,49,4,mobile,<Other>,referral,(referral),new_session,128,128,1295,364,83,25,0,4,4,1,25,7,2,1,6,1,74,1,28.0,1,1,0.78,19.53,28.0,28.57,50.0,4.0,85.71,50.0,57.81,28.0,0.22,0.22,0.01,0.65,0.2,0.03
2020-12-09,2020-12,49,4,desktop,(direct),(none),(direct),new_session,617,617,6750,1933,589,145,0,36,15,6,116,35,15,6,30,9,363,6,483.0,35,16,0.97,18.8,30.17,42.86,40.0,5.17,85.71,60.0,58.83,80.5,0.78,0.78,0.01,0.95,0.24,0.06
2020-12-09,2020-12,49,4,mobile,google,organic,(organic),new_session,637,637,8175,2457,769,156,0,60,18,8,119,38,19,8,33,11,391,8,676.0,31,25,1.26,18.68,31.93,50.0,42.11,6.72,86.84,57.89,61.38,84.5,1.06,1.06,0.01,1.21,0.24,0.09
2020-12-09,2020-12,49,4,desktop,google,organic,(organic),new_session,920,920,11830,3561,1136,206,0,104,36,14,175,52,30,12,44,18,548,13,1379.0,118,47,1.3,19.02,29.71,57.69,40.0,6.86,84.62,60.0,59.57,106.08,1.5,1.5,0.01,1.23,0.22,0.11
2020-12-09,2020-12,49,4,desktop,<Other>,referral,(referral),new_session,244,244,2304,673,157,21,0,18,3,3,43,11,7,3,9,4,153,3,105.0,6,5,1.23,17.62,25.58,63.64,42.86,6.98,81.82,57.14,62.7,35.0,0.43,0.43,0.01,0.64,0.09,0.07
2020-12-09,2020-12,49,4,mobile,<Other>,<Other>,<Other>,new_session,313,313,2973,807,230,56,0,16,5,3,40,12,5,3,10,2,205,3,451.0,43,16,0.96,12.78,30.0,41.67,60.0,7.5,83.33,40.0,65.5,150.33,1.44,1.44,0.01,0.73,0.18,0.05
2020-12-09,2020-12,49,4,desktop,<Other>,<Other>,<Other>,new_session,479,479,6083,1838,568,117,0,38,9,8,77,24,14,6,19,8,293,6,1019.0,39,29,1.25,16.08,31.17,58.33,42.86,7.79,79.17,57.14,61.17,169.83,2.13,2.13,0.01,1.19,0.24,0.08
2020-12-09,2020-12,49,4,mobile,(direct),(none),(direct),new_session,424,424,4988,1432,405,108,0,52,10,7,87,29,13,7,22,6,255,7,411.0,28,26,1.65,20.52,33.33,44.83,53.85,8.05,75.86,46.15,60.14,58.71,0.97,0.97,0.02,0.96,0.25,0.12
2020-12-09,2020-12,49,4,mobile,<Other>,organic,(organic),new_session,58,58,458,122,22,7,0,6,2,1,11,5,2,1,4,1,37,1,10.0,1,1,1.72,18.97,45.45,40.0,50.0,9.09,80.0,50.0,63.79,10.0,0.17,0.17,0.02,0.38,0.12,0.1
2020-12-09,2020-12,49,4,mobile,(direct),(none),(direct),returning_session,134,127,2541,731,331,93,0,58,19,3,31,14,10,3,11,7,77,3,366.0,26,22,2.24,23.13,45.16,71.43,30.0,9.68,78.57,70.0,57.46,122.0,2.88,2.73,0.02,2.47,0.69,0.43
2020-12-09,2020-12,49,4,mobile,<Other>,<Other>,<Other>,returning_session,46,46,477,130,48,9,0,10,5,1,10,2,2,1,2,1,30,1,15.0,4,4,2.17,21.74,20.0,100.0,50.0,10.0,100.0,50.0,65.22,15.0,0.33,0.33,0.02,1.04,0.2,0.22
2020-12-09,2020-12,49,4,desktop,<Other>,organic,(organic),new_session,96,96,1063,292,84,39,0,18,2,2,19,8,5,2,7,3,56,2,189.0,13,11,2.08,19.79,42.11,62.5,40.0,10.53,87.5,60.0,58.33,94.5,1.97,1.97,0.02,0.88,0.41,0.19
2020-12-09,2020-12,49,4,mobile,<Other>,referral,(referral),returning_session,83,83,1124,327,88,26,0,38,7,2,18,9,6,2,7,4,52,2,73.0,4,4,2.41,21.69,50.0,66.67,33.33,11.11,77.78,66.67,62.65,36.5,0.88,0.88,0.02,1.06,0.31,0.46
2020-12-09,2020-12,49,4,mobile,(data deleted),(data deleted),(data deleted),returning_session,140,129,2154,634,237,62,0,38,15,6,39,14,9,5,10,4,77,6,436.0,30,20,3.57,27.86,35.9,64.29,55.56,12.82,71.43,44.44,55.0,72.67,3.38,3.11,0.05,1.69,0.44,0.27
2020-12-09,2020-12,49,4,desktop,(data deleted),(data deleted),(data deleted),returning_session,219,202,3634,1101,367,75,0,75,28,17,58,25,15,8,18,7,122,17,1008.0,47,45,3.65,26.48,43.1,60.0,53.33,13.79,72.0,46.67,55.71,59.29,4.99,4.6,0.08,1.68,0.34,0.34
2020-12-09,2020-12,49,4,desktop,<Other>,referral,(referral),returning_session,117,111,2291,690,231,42,0,45,20,5,35,13,12,5,10,7,58,5,308.0,22,21,4.27,29.91,37.14,92.31,41.67,14.29,76.92,58.33,49.57,61.6,2.77,2.63,0.05,1.97,0.36,0.38
2020-12-09,2020-12,49,4,desktop,google,cpc,<Other>,returning_session,14,14,243,74,25,4,0,4,3,1,7,3,2,1,2,1,5,1,58.0,2,2,7.14,50.0,42.86,66.67,50.0,14.29,66.67,50.0,35.71,58.0,4.14,4.14,0.07,1.79,0.29,0.29
2020-12-09,2020-12,49,4,mobile,shop.googlemerchandisestore.com,referral,(referral),returning_session,131,128,2969,883,364,76,0,63,22,6,31,13,10,5,8,5,67,6,691.0,34,19,3.82,23.66,41.94,76.92,50.0,16.13,61.54,50.0,51.15,115.17,5.4,5.27,0.05,2.78,0.58,0.48
2020-12-09,2020-12,49,4,mobile,google,organic,(organic),returning_session,165,156,2397,698,255,43,0,30,18,7,43,9,9,7,6,2,94,7,626.0,42,33,4.24,26.06,20.93,100.0,77.78,16.28,66.67,22.22,56.97,89.43,4.01,3.79,0.04,1.55,0.26,0.18
2020-12-09,2020-12,49,4,desktop,shop.googlemerchandisestore.com,referral,(referral),returning_session,182,179,2813,810,353,74,0,43,20,8,42,12,11,8,6,3,108,8,338.0,44,33,4.4,23.08,28.57,91.67,72.73,19.05,50.0,27.27,59.34,42.25,1.89,1.86,0.04,1.94,0.41,0.24
2020-12-09,2020-12,49,4,desktop,google,organic,(organic),returning_session,213,203,3563,1016,411,147,0,86,42,14,63,27,20,14,15,6,127,14,669.0,50,42,6.57,29.58,42.86,74.07,70.0,22.22,55.56,30.0,59.62,47.79,3.3,3.14,0.07,1.93,0.69,0.4
2020-12-09,2020-12,49,4,desktop,(direct),(none),(direct),returning_session,204,193,2955,848,270,69,0,66,42,15,48,20,14,12,9,2,117,14,980.0,43,43,5.88,23.53,41.67,70.0,85.71,25.0,45.0,14.29,57.35,70.0,5.08,4.8,0.07,1.32,0.34,0.32
2020-12-09,2020-12,49,4,desktop,<Other>,<Other>,<Other>,returning_session,54,53,1045,313,87,23,0,36,20,4,14,3,5,4,1,1,27,4,171.0,6,6,7.41,25.93,21.43,166.67,80.0,28.57,33.33,20.0,50.0,42.75,3.23,3.17,0.08,1.61,0.43,0.67
2020-12-09,2020-12,49,4,mobile,<Other>,organic,(organic),returning_session,12,12,204,55,20,19,0,4,1,1,3,2,1,1,1,0,5,1,96.0,7,5,8.33,25.0,66.67,50.0,100.0,33.33,50.0,0.0,41.67,96.0,8.0,8.0,0.08,1.67,1.58,0.33
2020-12-09,2020-12,49,4,desktop,<Other>,organic,(organic),returning_session,17,17,485,144,52,13,0,12,4,3,5,2,2,2,0,0,8,3,120.0,10,8,11.76,29.41,40.0,100.0,100.0,40.0,0.0,0.0,47.06,40.0,7.06,7.06,0.18,3.06,0.76,0.71
2020-12-09,2020-12,49,4,tablet,(direct),(none),(direct),returning_session,14,13,537,158,37,28,0,8,8,1,2,2,2,1,1,1,11,1,134.0,7,7,7.14,14.29,100.0,100.0,50.0,50.0,50.0,50.0,78.57,134.0,10.31,9.57,0.08,2.64,2.0,0.57
2020-12-09,2020-12,49,4,mobile,google,cpc,<Other>,returning_session,11,11,193,56,16,1,0,8,3,1,2,1,1,1,1,0,6,1,24.0,1,1,9.09,18.18,50.0,100.0,100.0,50.0,100.0,0.0,54.55,24.0,2.18,2.18,0.09,1.45,0.09,0.73
2020-12-09,2020-12,49,4,tablet,shop.googlemerchandisestore.com,referral,(referral),returning_session,16,14,317,82,42,23,0,10,6,3,4,3,3,3,1,0,9,3,133.0,19,8,18.75,25.0,75.0,100.0,100.0,75.0,33.33,0.0,56.25,44.33,9.5,8.31,0.21,2.63,1.44,0.63
2021-01-19,2021-01,3,3,tablet,google,cpc,<Other>,new_session,2,2,10,4,0,0,0,0,0,0,0,0,0,0,0,0,0,0,0.0,0,0,0.0,0.0,,,,,,,0.0,,0.0,0.0,0.0,0.0,0.0,0.0
2021-01-19,2021-01,3,3,tablet,<Other>,<Other>,<Other>,new_session,13,13,75,27,0,0,0,0,0,0,0,0,0,0,0,0,2,0,0.0,0,0,0.0,0.0,,,,,,,15.38,,0.0,0.0,0.0,0.0,0.0,0.0
2021-01-19,2021-01,3,3,mobile,(data deleted),(data deleted),(data deleted),new_session,4,4,16,6,0,0,0,0,0,0,0,0,0,0,0,0,2,0,0.0,0,0,0.0,0.0,,,,,,,50.0,,0.0,0.0,0.0,0.0,0.0,0.0
2021-01-19,2021-01,3,3,tablet,(direct),(none),(direct),returning_session,5,5,23,10,0,0,0,0,0,0,0,0,0,0,0,0,0,0,0.0,0,0,0.0,0.0,,,,,,,0.0,,0.0,0.0,0.0,0.0,0.0,0.0
2021-01-19,2021-01,3,3,tablet,<Other>,referral,(referral),returning_session,2,2,4,0,0,0,0,0,0,0,0,0,0,0,0,0,2,0,0.0,0,0,0.0,0.0,,,,,,,100.0,,0.0,0.0,0.0,0.0,0.0,0.0
2021-01-19,2021-01,3,3,tablet,<Other>,organic,(organic),returning_session,1,1,13,5,0,0,0,0,0,0,0,0,0,0,0,0,0,0,0.0,0,0,0.0,0.0,,,,,,,0.0,,0.0,0.0,0.0,0.0,0.0,0.0
2021-01-19,2021-01,3,3,mobile,<Other>,organic,(organic),returning_session,4,4,47,17,0,0,0,0,0,0,0,0,0,0,0,0,1,0,0.0,0,0,0.0,0.0,,,,,,,25.0,,0.0,0.0,0.0,0.0,0.0,0.0
2021-01-19,2021-01,3,3,desktop,(data deleted),(data deleted),<Other>,returning_session,5,5,23,11,0,0,0,0,0,0,0,0,0,0,0,0,1,0,0.0,0,0,0.0,0.0,,,,,,,20.0,,0.0,0.0,0.0,0.0,0.0,0.0
2021-01-19,2021-01,3,3,mobile,<Other>,<Other>,<Other>,returning_session,20,20,175,62,11,0,0,0,0,0,5,0,0,0,0,0,5,0,0.0,0,0,0.0,25.0,0.0,,,0.0,,,25.0,,0.0,0.0,0.0,0.55,0.0,0.0
2021-01-19,2021-01,3,3,desktop,google,cpc,<Other>,new_session,100,100,1126,394,70,7,0,0,0,0,16,2,0,0,2,0,5,0,0.0,0,0,0.0,16.0,12.5,0.0,,0.0,100.0,,5.0,,0.0,0.0,0.0,0.7,0.07,0.0
2021-01-19,2021-01,3,3,mobile,google,cpc,<Other>,new_session,54,54,392,142,22,0,0,0,0,0,7,0,0,0,0,0,4,0,0.0,0,0,0.0,12.96,0.0,,,0.0,,,7.41,,0.0,0.0,0.0,0.41,0.0,0.0
2021-01-19,2021-01,3,3,tablet,<Other>,organic,(organic),new_session,3,3,15,6,1,0,0,0,0,0,1,0,0,0,0,0,0,0,0.0,0,0,0.0,33.33,0.0,,,0.0,,,0.0,,0.0,0.0,0.0,0.33,0.0,0.0
2021-01-19,2021-01,3,3,desktop,<Other>,organic,(organic),new_session,72,72,750,266,21,4,0,0,0,0,12,3,0,0,3,0,3,0,0.0,0,0,0.0,16.67,25.0,0.0,,0.0,100.0,,4.17,,0.0,0.0,0.0,0.29,0.06,0.0
2021-01-19,2021-01,3,3,desktop,google,cpc,<Other>,returning_session,12,12,152,50,15,0,0,0,0,0,2,0,0,0,0,0,6,0,0.0,0,0,0.0,16.67,0.0,,,0.0,,,50.0,,0.0,0.0,0.0,1.25,0.0,0.0
2021-01-19,2021-01,3,3,desktop,<Other>,(data deleted),(data deleted),returning_session,2,2,34,14,4,0,0,0,0,0,1,0,0,0,0,0,0,0,0.0,0,0,0.0,50.0,0.0,,,0.0,,,0.0,,0.0,0.0,0.0,2.0,0.0,0.0
2021-01-19,2021-01,3,3,tablet,<Other>,<Other>,<Other>,returning_session,2,2,19,7,3,0,0,0,0,0,2,0,0,0,0,0,0,0,0.0,0,0,0.0,100.0,0.0,,,0.0,,,0.0,,0.0,0.0,0.0,1.5,0.0,0.0
2021-01-19,2021-01,3,3,mobile,shop.googlemerchandisestore.com,referral,(referral),new_session,73,73,725,252,47,5,0,0,0,0,15,3,0,0,3,0,5,0,0.0,0,0,0.0,20.55,20.0,0.0,,0.0,100.0,,6.85,,0.0,0.0,0.0,0.64,0.07,0.0
2021-01-19,2021-01,3,3,tablet,google,organic,(organic),returning_session,5,5,40,14,6,0,0,0,0,0,2,0,0,0,0,0,0,0,0.0,0,0,0.0,40.0,0.0,,,0.0,,,0.0,,0.0,0.0,0.0,1.2,0.0,0.0
2021-01-19,2021-01,3,3,tablet,shop.googlemerchandisestore.com,referral,(referral),returning_session,7,7,47,16,3,0,0,0,0,0,1,0,0,0,0,0,3,0,0.0,0,0,0.0,14.29,0.0,,,0.0,,,42.86,,0.0,0.0,0.0,0.43,0.0,0.0
2021-01-19,2021-01,3,3,desktop,<Other>,<Other>,<Other>,returning_session,27,27,157,60,2,0,0,0,0,0,2,0,0,0,0,0,8,0,0.0,0,0,0.0,7.41,0.0,,,0.0,,,29.63,,0.0,0.0,0.0,0.07,0.0,0.0
2021-01-19,2021-01,3,3,tablet,shop.googlemerchandisestore.com,referral,(referral),new_session,1,1,28,10,1,0,0,0,0,0,1,0,0,0,0,0,0,0,0.0,0,0,0.0,100.0,0.0,,,0.0,,,0.0,,0.0,0.0,0.0,1.0,0.0,0.0
2021-01-19,2021-01,3,3,desktop,<Other>,organic,(organic),returning_session,9,9,148,47,17,8,0,0,0,0,1,1,0,0,1,0,2,0,0.0,0,0,0.0,11.11,100.0,0.0,,0.0,100.0,,22.22,,0.0,0.0,0.0,1.89,0.89,0.0
2021-01-19,2021-01,3,3,tablet,(direct),(none),(direct),new_session,18,18,109,42,5,0,0,0,0,0,3,0,0,0,0,0,1,0,0.0,0,0,0.0,16.67,0.0,,,0.0,,,5.56,,0.0,0.0,0.0,0.28,0.0,0.0
2021-01-19,2021-01,3,3,mobile,google,cpc,<Other>,returning_session,9,8,92,30,10,0,0,0,0,0,2,0,0,0,0,0,2,0,0.0,0,0,0.0,22.22,0.0,,,0.0,,,22.22,,0.0,0.0,0.0,1.11,0.0,0.0
2021-01-19,2021-01,3,3,tablet,(data deleted),(data deleted),(data deleted),new_session,1,1,30,9,4,0,0,0,0,0,1,0,0,0,0,0,0,0,0.0,0,0,0.0,100.0,0.0,,,0.0,,,0.0,,0.0,0.0,0.0,4.0,0.0,0.0
2021-01-19,2021-01,3,3,mobile,<Other>,referral,(referral),returning_session,49,49,553,196,39,4,0,0,0,0,9,3,0,0,3,0,14,0,0.0,0,0,0.0,18.37,33.33,0.0,,0.0,100.0,,28.57,,0.0,0.0,0.0,0.8,0.08,0.0
2021-01-19,2021-01,3,3,desktop,(data deleted),(data deleted),(data deleted),new_session,5,5,138,44,22,1,0,3,0,0,2,1,1,0,1,1,2,0,0.0,0,0,0.0,40.0,50.0,100.0,0.0,0.0,100.0,100.0,40.0,,0.0,0.0,0.0,4.4,0.2,0.6
2021-01-19,2021-01,3,3,desktop,shop.googlemerchandisestore.com,referral,(referral),new_session,90,90,1193,393,90,8,0,24,4,0,26,3,1,0,3,1,4,0,0.0,0,0,0.0,28.89,11.54,33.33,0.0,0.0,100.0,100.0,4.44,,0.0,0.0,0.0,1.0,0.09,0.27
2021-01-19,2021-01,3,3,mobile,(data deleted),(data deleted),<Other>,returning_session,3,3,62,21,5,0,0,3,0,0,3,0,1,0,0,1,0,0,0.0,0,0,0.0,100.0,0.0,,0.0,0.0,,100.0,0.0,,0.0,0.0,0.0,1.67,0.0,1.0
2021-01-19,2021-01,3,3,desktop,<Other>,referral,(referral),new_session,158,158,1397,508,61,10,0,4,1,0,26,3,1,0,3,1,4,0,0.0,0,0,0.0,16.46,11.54,33.33,0.0,0.0,100.0,100.0,2.53,,0.0,0.0,0.0,0.39,0.06,0.03
2021-01-19,2021-01,3,3,mobile,<Other>,organic,(organic),new_session,53,53,547,190,30,3,0,6,2,0,14,2,1,0,2,1,1,0,0.0,0,0,0.0,26.42,14.29,50.0,0.0,0.0,100.0,100.0,1.89,,0.0,0.0,0.0,0.57,0.06,0.11
2021-01-19,2021-01,3,3,mobile,<Other>,<Other>,<Other>,new_session,228,228,2740,939,215,30,0,15,3,1,47,11,2,1,10,1,6,1,80.0,5,5,0.44,20.61,23.4,18.18,50.0,2.13,90.91,50.0,2.63,80.0,0.35,0.35,0.0,0.94,0.13,0.07
2021-01-19,2021-01,3,3,mobile,(direct),(none),(direct),new_session,286,286,2980,1038,150,19,0,21,1,1,44,8,2,1,7,1,13,1,44.0,1,1,0.35,15.38,18.18,25.0,50.0,2.27,87.5,50.0,4.55,44.0,0.15,0.15,0.0,0.52,0.07,0.07
2021-01-19,2021-01,3,3,desktop,google,organic,(organic),new_session,647,647,7506,2606,460,89,0,54,12,4,126,21,11,4,18,7,23,4,211.0,11,9,0.62,19.47,16.67,52.38,36.36,3.17,85.71,63.64,3.55,52.75,0.33,0.33,0.01,0.71,0.14,0.08
2021-01-19,2021-01,3,3,mobile,google,organic,(organic),new_session,403,403,4593,1596,322,50,0,51,10,3,87,14,8,3,12,5,18,3,287.0,10,10,0.74,21.59,16.09,57.14,37.5,3.45,85.71,62.5,4.47,95.67,0.71,0.71,0.01,0.8,0.12,0.13
2021-01-19,2021-01,3,3,desktop,<Other>,<Other>,<Other>,new_session,314,314,3555,1214,248,39,0,30,4,2,57,5,3,2,3,1,12,2,186.0,8,6,0.64,18.15,8.77,60.0,66.67,3.51,60.0,33.33,3.82,93.0,0.59,0.59,0.01,0.79,0.12,0.1
2021-01-19,2021-01,3,3,desktop,(direct),(none),(direct),new_session,413,413,4350,1480,293,54,0,36,7,4,71,16,7,3,13,4,21,4,95.0,7,7,0.73,17.19,22.54,43.75,42.86,4.23,81.25,57.14,5.08,23.75,0.23,0.23,0.01,0.71,0.13,0.09
2021-01-19,2021-01,3,3,desktop,shop.googlemerchandisestore.com,referral,(referral),returning_session,112,110,1720,561,197,55,0,9,3,1,23,9,2,1,8,1,31,1,28.0,2,2,0.89,20.54,39.13,22.22,50.0,4.35,88.89,50.0,27.68,28.0,0.25,0.25,0.01,1.76,0.49,0.08
2021-01-19,2021-01,3,3,mobile,<Other>,referral,(referral),new_session,112,112,912,331,42,5,0,2,1,2,15,1,1,1,0,0,10,1,0.0,0,2,0.89,13.39,6.67,100.0,100.0,6.67,0.0,0.0,8.93,0.0,0.0,0.0,0.01,0.38,0.04,0.02
2021-01-19,2021-01,3,3,tablet,google,organic,(organic),new_session,27,27,488,152,67,25,0,6,3,1,11,3,1,1,2,0,0,1,20.0,3,3,3.7,40.74,27.27,33.33,100.0,9.09,66.67,0.0,0.0,20.0,0.74,0.74,0.04,2.48,0.93,0.22
2021-01-19,2021-01,3,3,desktop,google,organic,(organic),returning_session,137,134,2712,885,301,41,0,42,13,3,31,9,8,3,8,5,44,3,132.0,6,6,2.19,22.63,29.03,88.89,37.5,9.68,88.89,62.5,32.12,44.0,0.99,0.96,0.02,2.2,0.3,0.31
2021-01-19,2021-01,3,3,mobile,(data deleted),(data deleted),(data deleted),returning_session,95,89,1730,559,152,42,0,33,8,3,30,12,5,3,9,2,25,3,97.0,12,8,3.16,31.58,40.0,41.67,60.0,10.0,75.0,40.0,26.32,32.33,1.09,1.02,0.03,1.6,0.44,0.35
2021-01-19,2021-01,3,3,mobile,google,organic,(organic),returning_session,100,97,1611,538,178,29,0,12,8,3,25,8,3,3,6,0,23,3,110.0,11,6,3.0,25.0,32.0,37.5,100.0,12.0,75.0,0.0,23.0,36.67,1.13,1.1,0.03,1.78,0.29,0.12
2021-01-19,2021-01,3,3,mobile,shop.googlemerchandisestore.com,referral,(referral),returning_session,92,89,1370,449,146,21,0,30,11,3,22,4,4,3,3,1,19,3,1321.0,16,5,3.26,23.91,18.18,100.0,75.0,13.64,75.0,25.0,20.65,440.33,14.84,14.36,0.03,1.59,0.23,0.33
2021-01-19,2021-01,3,3,desktop,<Other>,referral,(referral),returning_session,55,53,866,277,95,10,0,12,3,2,13,4,2,2,2,0,14,2,236.0,17,13,3.64,23.64,30.77,50.0,100.0,15.38,50.0,0.0,25.45,118.0,4.45,4.29,0.04,1.73,0.18,0.22
2021-01-19,2021-01,3,3,desktop,(data deleted),(data deleted),(data deleted),returning_session,110,105,1681,525,204,70,0,14,7,4,25,8,5,4,5,1,29,4,231.0,11,11,3.64,22.73,32.0,62.5,80.0,16.0,62.5,20.0,26.36,57.75,2.2,2.1,0.04,1.85,0.64,0.13
2021-01-19,2021-01,3,3,desktop,(direct),(none),(direct),returning_session,137,130,1884,602,186,36,0,26,13,5,28,10,7,5,6,2,45,5,73.0,7,9,3.65,20.44,35.71,70.0,71.43,17.86,60.0,28.57,32.85,14.6,0.56,0.53,0.04,1.36,0.26,0.19
2021-01-19,2021-01,3,3,mobile,(direct),(none),(direct),returning_session,96,92,1517,486,172,41,0,30,9,4,22,11,6,4,7,2,20,4,360.0,15,13,4.17,22.92,50.0,54.55,66.67,18.18,63.64,33.33,20.83,90.0,3.91,3.75,0.04,1.79,0.43,0.31
2021-01-19,2021-01,3,3,tablet,<Other>,referral,(referral),new_session,7,7,420,124,60,10,0,6,2,2,5,3,2,2,1,0,0,2,157.0,8,8,28.57,71.43,60.0,66.67,100.0,40.0,33.33,0.0,0.0,78.5,22.43,22.43,0.29,8.57,1.43,0.86
2021-01-19,2021-01,3,3,tablet,(data deleted),(data deleted),(data deleted),returning_session,7,7,132,35,21,4,0,6,1,1,2,1,1,1,0,0,4,1,88.0,6,6,14.29,28.57,50.0,100.0,100.0,50.0,0.0,0.0,57.14,88.0,12.57,12.57,0.14,3.0,0.57,0.86
2021-01-11,2021-01,2,2,tablet,<Other>,referral,(referral),new_session,7,7,44,16,0,0,0,0,0,0,0,0,0,0,0,0,1,0,0.0,0,0,0.0,0.0,,,,,,,14.29,,0.0,0.0,0.0,0.0,0.0,0.0
2021-01-11,2021-01,2,2,tablet,(direct),(none),(direct),new_session,16,16,211,81,7,0,0,0,0,0,1,0,0,0,0,0,0,0,0.0,0,0,0.0,6.25,0.0,,,0.0,,,0.0,,0.0,0.0,0.0,0.44,0.0,0.0
2021-01-11,2021-01,2,2,tablet,<Other>,organic,(organic),new_session,1,1,6,2,0,0,0,0,0,0,0,0,0,0,0,0,0,0,0.0,0,0,0.0,0.0,,,,,,,0.0,,0.0,0.0,0.0,0.0,0.0,0.0
2021-01-11,2021-01,2,2,tablet,google,organic,(organic),new_session,28,28,249,86,11,0,0,0,0,0,5,0,0,0,0,0,0,0,0.0,0,0,0.0,17.86,0.0,,,0.0,,,0.0,,0.0,0.0,0.0,0.39,0.0,0.0
2021-01-11,2021-01,2,2,tablet,(data deleted),(data deleted),(data deleted),returning_session,6,6,36,11,3,0,0,0,0,0,1,0,0,0,0,0,2,0,0.0,0,0,0.0,16.67,0.0,,,0.0,,,33.33,,0.0,0.0,0.0,0.5,0.0,0.0
2021-01-11,2021-01,2,2,mobile,(data deleted),(data deleted),(data deleted),new_session,1,1,5,2,0,0,0,0,0,0,0,0,0,0,0,0,0,0,0.0,0,0,0.0,0.0,,,,,,,0.0,,0.0,0.0,0.0,0.0,0.0,0.0
2021-01-11,2021-01,2,2,tablet,shop.googlemerchandisestore.com,referral,(referral),new_session,4,4,22,9,0,0,0,0,0,0,0,0,0,0,0,0,1,0,0.0,0,0,0.0,0.0,,,,,,,25.0,,0.0,0.0,0.0,0.0,0.0,0.0
2021-01-11,2021-01,2,2,tablet,google,organic,(organic),returning_session,5,4,37,11,3,0,0,0,0,0,1,0,0,0,0,0,3,0,0.0,0,0,0.0,20.0,0.0,,,0.0,,,60.0,,0.0,0.0,0.0,0.6,0.0,0.0
2021-01-11,2021-01,2,2,tablet,shop.googlemerchandisestore.com,referral,(referral),returning_session,5,5,30,11,5,0,0,0,0,0,2,0,0,0,0,0,1,0,0.0,0,0,0.0,40.0,0.0,,,0.0,,,20.0,,0.0,0.0,0.0,1.0,0.0,0.0
2021-01-11,2021-01,2,2,tablet,<Other>,<Other>,<Other>,returning_session,5,5,23,8,1,0,0,0,0,0,1,0,0,0,0,0,2,0,0.0,0,0,0.0,20.0,0.0,,,0.0,,,40.0,,0.0,0.0,0.0,0.2,0.0,0.0
2021-01-11,2021-01,2,2,mobile,google,cpc,<Other>,returning_session,7,7,83,35,0,0,0,0,0,0,0,0,0,0,0,0,3,0,0.0,0,0,0.0,0.0,,,,,,,42.86,,0.0,0.0,0.0,0.0,0.0,0.0
2021-01-11,2021-01,2,2,tablet,google,cpc,<Other>,new_session,5,5,23,9,0,0,0,0,0,0,0,0,0,0,0,0,1,0,0.0,0,0,0.0,0.0,,,,,,,20.0,,0.0,0.0,0.0,0.0,0.0,0.0
2021-01-11,2021-01,2,2,tablet,(direct),(none),(direct),returning_session,4,4,53,20,7,0,0,0,0,0,1,0,0,0,0,0,1,0,0.0,0,0,0.0,25.0,0.0,,,0.0,,,25.0,,0.0,0.0,0.0,1.75,0.0,0.0
2021-01-11,2021-01,2,2,mobile,(data deleted),(data deleted),<Other>,returning_session,2,2,312,85,41,36,0,18,5,1,1,1,1,1,0,0,0,1,55.0,4,4,50.0,50.0,100.0,100.0,100.0,100.0,0.0,0.0,0.0,55.0,27.5,27.5,0.5,20.5,18.0,9.0
2021-01-11,2021-01,2,2,desktop,<Other>,<Other>,<Other>,returning_session,30,30,439,145,25,10,0,21,1,1,8,2,3,1,1,2,11,1,46.0,3,3,3.33,26.67,25.0,150.0,33.33,12.5,50.0,66.67,36.67,46.0,1.53,1.53,0.03,0.83,0.33,0.7
2021-01-11,2021-01,2,2,desktop,<Other>,organic,(organic),new_session,67,67,692,239,37,4,0,9,3,1,11,2,2,1,1,1,4,1,31.0,3,3,1.49,16.42,18.18,100.0,50.0,9.09,50.0,50.0,5.97,31.0,0.46,0.46,0.01,0.55,0.06,0.13
2021-01-11,2021-01,2,2,tablet,<Other>,<Other>,<Other>,new_session,8,8,111,33,6,3,0,6,2,1,3,2,2,1,1,1,1,1,13.0,3,3,12.5,37.5,66.67,100.0,50.0,33.33,50.0,50.0,12.5,13.0,1.63,1.63,0.13,0.75,0.38,0.75
2021-01-11,2021-01,2,2,desktop,google,cpc,<Other>,new_session,77,77,848,284,52,14,0,9,6,1,15,2,2,1,1,1,2,1,99.0,2,2,1.3,19.48,13.33,100.0,50.0,6.67,50.0,50.0,2.6,99.0,1.29,1.29,0.01,0.68,0.18,0.12
2021-01-11,2021-01,2,2,mobile,(direct),(none),(direct),new_session,291,291,2629,931,137,8,0,18,6,3,42,5,2,2,3,0,17,2,236.0,3,3,0.69,14.43,11.9,40.0,100.0,4.76,60.0,0.0,5.84,118.0,0.81,0.81,0.01,0.47,0.03,0.06
2021-01-11,2021-01,2,2,desktop,(direct),(none),(direct),returning_session,114,110,1318,447,118,28,0,24,8,5,26,9,5,5,6,0,35,5,223.0,13,8,4.39,22.81,34.62,55.56,100.0,19.23,66.67,0.0,30.7,44.6,2.03,1.96,0.05,1.04,0.25,0.21
2021-01-11,2021-01,2,2,mobile,(data deleted),(data deleted),(data deleted),returning_session,82,76,802,259,45,23,0,18,2,1,12,5,2,1,4,1,25,1,48.0,1,1,1.22,14.63,41.67,40.0,50.0,8.33,80.0,50.0,30.49,48.0,0.63,0.59,0.01,0.55,0.28,0.22
2021-01-11,2021-01,2,2,desktop,<Other>,referral,(referral),returning_session,47,47,411,132,34,11,0,12,3,2,10,5,3,2,4,1,13,2,51.0,2,2,4.26,21.28,50.0,60.0,66.67,20.0,80.0,33.33,27.66,25.5,1.09,1.09,0.04,0.72,0.23,0.26
2021-01-11,2021-01,2,2,desktop,google,organic,(organic),returning_session,127,116,1185,376,126,37,0,15,5,2,29,11,3,2,9,1,45,2,175.0,8,8,1.57,22.83,37.93,27.27,66.67,6.9,81.82,33.33,35.43,87.5,1.51,1.38,0.02,0.99,0.29,0.12
2021-01-11,2021-01,2,2,mobile,shop.googlemerchandisestore.com,referral,(referral),returning_session,60,59,721,221,80,29,0,18,4,1,14,6,3,1,5,2,18,1,19.0,1,1,1.67,23.33,42.86,50.0,33.33,7.14,83.33,66.67,30.0,19.0,0.32,0.32,0.02,1.33,0.48,0.3
2021-01-11,2021-01,2,2,desktop,<Other>,referral,(referral),new_session,164,164,1593,548,117,28,0,3,2,1,30,7,1,1,6,0,3,1,98.0,15,4,0.61,18.29,23.33,14.29,100.0,3.33,85.71,0.0,1.83,98.0,0.6,0.6,0.01,0.71,0.17,0.02
2021-01-11,2021-01,2,2,desktop,shop.googlemerchandisestore.com,referral,(referral),returning_session,81,78,1067,343,126,23,0,3,2,1,22,7,1,1,6,0,19,1,37.0,2,2,1.23,27.16,31.82,14.29,100.0,4.55,85.71,0.0,23.46,37.0,0.47,0.46,0.01,1.56,0.28,0.04
2021-01-11,2021-01,2,2,desktop,google,organic,(organic),new_session,592,592,5349,1890,251,48,0,14,3,2,71,15,4,2,13,2,22,2,19.0,4,3,0.34,11.99,21.13,26.67,50.0,2.82,86.67,50.0,3.72,9.5,0.03,0.03,0.0,0.42,0.08,0.02
2021-01-11,2021-01,2,2,mobile,(direct),(none),(direct),returning_session,77,76,877,284,98,24,0,6,2,1,21,8,1,1,7,0,20,1,11.0,6,3,1.3,27.27,38.1,12.5,100.0,4.76,87.5,0.0,25.97,11.0,0.14,0.14,0.01,1.27,0.31,0.08
2021-01-11,2021-01,2,2,desktop,<Other>,<Other>,<Other>,new_session,338,338,3183,1114,152,20,0,24,6,1,59,9,4,1,8,3,10,1,79.0,2,2,0.3,17.46,15.25,44.44,25.0,1.69,88.89,75.0,2.96,79.0,0.23,0.23,0.0,0.45,0.06,0.07
2021-01-11,2021-01,2,2,mobile,google,organic,(organic),returning_session,90,87,1013,333,101,30,0,6,2,1,26,9,1,1,8,0,27,1,158.0,6,6,1.11,28.89,34.62,11.11,100.0,3.85,88.89,0.0,30.0,158.0,1.82,1.76,0.01,1.12,0.33,0.07
2021-01-11,2021-01,2,2,mobile,<Other>,referral,(referral),returning_session,36,35,343,118,24,7,0,0,0,0,6,4,0,0,4,0,10,0,0.0,0,0,0.0,16.67,66.67,0.0,,0.0,100.0,,27.78,,0.0,0.0,0.0,0.67,0.19,0.0
2021-01-11,2021-01,2,2,desktop,(data deleted),(data deleted),(data deleted),new_session,2,2,34,11,2,2,0,0,0,0,1,1,0,0,1,0,0,0,0.0,0,0,0.0,50.0,100.0,0.0,,0.0,100.0,,0.0,,0.0,0.0,0.0,1.0,1.0,0.0
2021-01-11,2021-01,2,2,mobile,<Other>,<Other>,<Other>,new_session,226,226,2062,710,126,28,0,0,0,0,45,10,0,0,10,0,10,0,0.0,0,0,0.0,19.91,22.22,0.0,,0.0,100.0,,4.42,,0.0,0.0,0.0,0.56,0.12,0.0
2021-01-11,2021-01,2,2,mobile,<Other>,organic,(organic),returning_session,12,12,106,40,6,2,0,0,0,0,2,1,0,0,1,0,2,0,0.0,0,0,0.0,16.67,50.0,0.0,,0.0,100.0,,16.67,,0.0,0.0,0.0,0.5,0.17,0.0
2021-01-11,2021-01,2,2,mobile,shop.googlemerchandisestore.com,referral,(referral),new_session,63,63,630,226,31,5,0,0,0,0,11,1,0,0,1,0,2,0,0.0,0,0,0.0,17.46,9.09,0.0,,0.0,100.0,,3.17,,0.0,0.0,0.0,0.49,0.08,0.0
2021-01-11,2021-01,2,2,desktop,<Other>,organic,(organic),returning_session,7,7,50,20,1,1,0,0,0,0,1,1,0,0,1,0,0,0,0.0,0,0,0.0,14.29,100.0,0.0,,0.0,100.0,,0.0,,0.0,0.0,0.0,0.14,0.14,0.0
2021-01-11,2021-01,2,2,desktop,(data deleted),(data deleted),<Other>,returning_session,1,1,12,3,3,3,0,0,0,0,1,1,0,0,1,0,0,0,0.0,0,0,0.0,100.0,100.0,0.0,,0.0,100.0,,0.0,,0.0,0.0,0.0,3.0,3.0,0.0
2021-01-11,2021-01,2,2,mobile,<Other>,referral,(referral),new_session,123,123,1130,393,60,7,0,3,0,0,22,2,1,0,2,1,6,0,0.0,0,0,0.0,17.89,9.09,50.0,0.0,0.0,100.0,100.0,4.88,,0.0,0.0,0.0,0.49,0.06,0.02
2021-01-11,2021-01,2,2,mobile,<Other>,<Other>,<Other>,returning_session,20,19,456,146,53,6,0,5,2,0,6,3,2,0,3,2,8,0,0.0,0,0,0.0,30.0,50.0,66.67,0.0,0.0,100.0,100.0,40.0,,0.0,0.0,0.0,2.65,0.3,0.25
2021-01-11,2021-01,2,2,mobile,google,organic,(organic),new_session,435,435,3813,1355,186,39,0,9,1,0,65,12,3,0,12,3,12,0,0.0,0,0,0.0,14.94,18.46,25.0,0.0,0.0,100.0,100.0,2.76,,0.0,0.0,0.0,0.43,0.09,0.02
2021-01-11,2021-01,2,2,mobile,<Other>,organic,(organic),new_session,30,30,278,98,8,2,0,3,0,0,3,1,1,0,1,1,0,0,0.0,0,0,0.0,10.0,33.33,100.0,0.0,0.0,100.0,100.0,0.0,,0.0,0.0,0.0,0.27,0.07,0.1
2021-01-11,2021-01,2,2,mobile,google,cpc,<Other>,new_session,65,65,556,194,19,3,0,6,4,0,12,2,1,0,2,1,1,0,0.0,0,0,0.0,18.46,16.67,50.0,0.0,0.0,100.0,100.0,1.54,,0.0,0.0,0.0,0.29,0.05,0.09
2021-01-11,2021-01,2,2,desktop,(data deleted),(data deleted),(data deleted),returning_session,118,109,1002,356,80,3,0,9,1,0,19,3,2,0,3,2,33,0,0.0,0,0,0.0,16.1,15.79,66.67,0.0,0.0,100.0,100.0,27.97,,0.0,0.0,0.0,0.68,0.03,0.08
2021-01-11,2021-01,2,2,desktop,(direct),(none),(direct),new_session,400,400,3487,1250,199,34,0,15,2,0,59,10,4,0,10,4,19,0,0.0,0,0,0.0,14.75,16.95,40.0,0.0,0.0,100.0,100.0,4.75,,0.0,0.0,0.0,0.5,0.09,0.04
2021-01-11,2021-01,2,2,desktop,shop.googlemerchandisestore.com,referral,(referral),new_session,65,65,611,208,41,7,0,3,0,0,14,2,1,0,2,1,1,0,0.0,0,0,0.0,21.54,14.29,50.0,0.0,0.0,100.0,100.0,1.54,,0.0,0.0,0.0,0.63,0.11,0.05
2021-01-11,2021-01,2,2,desktop,google,cpc,<Other>,returning_session,9,9,241,75,29,17,0,3,1,1,4,2,1,1,2,0,2,1,60.0,1,1,11.11,44.44,50.0,50.0,100.0,25.0,100.0,0.0,22.22,60.0,6.67,6.67,0.11,3.22,1.89,0.33
2020-11-02,2020-11,44,2,tablet,(data deleted),(data deleted),(data deleted),returning_session,4,3,17,5,0,0,0,0,0,0,0,0,0,0,0,0,2,0,0.0,0,0,0.0,0.0,,,,,,,50.0,,0.0,0.0,0.0,0.0,0.0,0.0
2020-11-02,2020-11,44,2,mobile,(data deleted),(data deleted),(data deleted),new_session,5,5,14,5,0,0,0,0,0,0,0,0,0,0,0,0,5,0,0.0,0,0,0.0,0.0,,,,,,,100.0,,0.0,0.0,0.0,0.0,0.0,0.0
2020-11-02,2020-11,44,2,tablet,<Other>,<Other>,<Other>,returning_session,2,2,15,4,0,0,0,0,0,0,0,0,0,0,0,0,1,0,0.0,0,0,0.0,0.0,,,,,,,50.0,,0.0,0.0,0.0,0.0,0.0,0.0
2020-11-02,2020-11,44,2,tablet,(data deleted),(data deleted),(data deleted),new_session,1,1,3,2,0,0,0,0,0,0,0,0,0,0,0,0,0,0,0.0,0,0,0.0,0.0,,,,,,,0.0,,0.0,0.0,0.0,0.0,0.0,0.0
2020-11-02,2020-11,44,2,desktop,(data deleted),(data deleted),(data deleted),new_session,4,4,26,11,0,0,0,0,0,0,0,0,0,0,0,0,3,0,0.0,0,0,0.0,0.0,,,,,,,75.0,,0.0,0.0,0.0,0.0,0.0,0.0
2020-11-02,2020-11,44,2,desktop,google,cpc,<Other>,returning_session,5,5,31,9,0,0,0,0,0,0,0,0,0,0,0,0,3,0,0.0,0,0,0.0,0.0,,,,,,,60.0,,0.0,0.0,0.0,0.0,0.0,0.0
2020-11-02,2020-11,44,2,tablet,<Other>,referral,(referral),returning_session,1,1,2,0,0,0,0,0,0,0,0,0,0,0,0,0,1,0,0.0,0,0,0.0,0.0,,,,,,,100.0,,0.0,0.0,0.0,0.0,0.0,0.0
2020-11-02,2020-11,44,2,mobile,<Other>,(data deleted),(data deleted),returning_session,2,2,6,1,0,0,0,0,0,0,0,0,0,0,0,0,2,0,0.0,0,0,0.0,0.0,,,,,,,100.0,,0.0,0.0,0.0,0.0,0.0,0.0
2020-11-02,2020-11,44,2,tablet,shop.googlemerchandisestore.com,referral,(referral),new_session,3,3,28,8,3,0,0,0,0,0,1,0,0,0,0,0,2,0,0.0,0,0,0.0,33.33,0.0,,,0.0,,,66.67,,0.0,0.0,0.0,1.0,0.0,0.0
2020-11-02,2020-11,44,2,tablet,<Other>,referral,(referral),new_session,3,3,21,6,1,0,0,0,0,0,1,0,0,0,0,0,1,0,0.0,0,0,0.0,33.33,0.0,,,0.0,,,33.33,,0.0,0.0,0.0,0.33,0.0,0.0
2020-11-02,2020-11,44,2,tablet,(direct),(none),(direct),returning_session,3,3,19,6,2,0,0,0,0,0,2,0,0,0,0,0,1,0,0.0,0,0,0.0,66.67,0.0,,,0.0,,,33.33,,0.0,0.0,0.0,0.67,0.0,0.0
2020-11-02,2020-11,44,2,desktop,<Other>,<Other>,<Other>,returning_session,43,42,332,105,29,0,0,0,0,0,6,0,0,0,0,0,32,0,0.0,0,0,0.0,13.95,0.0,,,0.0,,,74.42,,0.0,0.0,0.0,0.67,0.0,0.0
2020-11-02,2020-11,44,2,mobile,<Other>,<Other>,<Other>,returning_session,33,33,289,84,43,0,0,0,0,0,6,0,0,0,0,0,22,0,0.0,0,0,0.0,18.18,0.0,,,0.0,,,66.67,,0.0,0.0,0.0,1.3,0.0,0.0
2020-11-02,2020-11,44,2,tablet,<Other>,organic,(organic),new_session,2,2,17,5,1,0,0,0,0,0,1,0,0,0,0,0,1,0,0.0,0,0,0.0,50.0,0.0,,,0.0,,,50.0,,0.0,0.0,0.0,0.5,0.0,0.0
2020-11-02,2020-11,44,2,mobile,(data deleted),(data deleted),<Other>,returning_session,6,6,49,19,2,0,0,0,0,0,2,0,0,0,0,0,3,0,0.0,0,0,0.0,33.33,0.0,,,0.0,,,50.0,,0.0,0.0,0.0,0.33,0.0,0.0
2020-11-02,2020-11,44,2,desktop,(data deleted),(data deleted),<Other>,returning_session,2,2,90,33,5,0,0,0,0,0,1,0,0,0,0,0,0,0,0.0,0,0,0.0,50.0,0.0,,,0.0,,,0.0,,0.0,0.0,0.0,2.5,0.0,0.0
2020-11-02,2020-11,44,2,tablet,shop.googlemerchandisestore.com,referral,(referral),returning_session,3,3,51,16,6,0,0,0,0,0,2,0,0,0,0,0,0,0,0.0,0,0,0.0,66.67,0.0,,,0.0,,,0.0,,0.0,0.0,0.0,2.0,0.0,0.0
2020-11-02,2020-11,44,2,tablet,google,cpc,<Other>,new_session,5,5,107,27,20,0,0,0,0,0,2,0,0,0,0,0,2,0,0.0,0,0,0.0,40.0,0.0,,,0.0,,,40.0,,0.0,0.0,0.0,4.0,0.0,0.0
2020-11-02,2020-11,44,2,mobile,<Other>,organic,(organic),new_session,35,35,336,101,20,0,0,0,0,0,6,0,0,0,0,0,16,0,0.0,0,0,0.0,17.14,0.0,,,0.0,,,45.71,,0.0,0.0,0.0,0.57,0.0,0.0
2020-11-02,2020-11,44,2,desktop,<Other>,(data deleted),(data deleted),returning_session,5,5,50,14,7,0,0,0,0,0,2,0,0,0,0,0,3,0,0.0,0,0,0.0,40.0,0.0,,,0.0,,,60.0,,0.0,0.0,0.0,1.4,0.0,0.0
2020-11-02,2020-11,44,2,tablet,(direct),(none),(direct),new_session,9,9,67,18,1,0,0,0,0,0,1,0,0,0,0,0,6,0,0.0,0,0,0.0,11.11,0.0,,,0.0,,,66.67,,0.0,0.0,0.0,0.11,0.0,0.0
2020-11-02,2020-11,44,2,tablet,google,organic,(organic),new_session,20,20,112,28,5,0,0,0,0,0,4,0,0,0,0,0,12,0,0.0,0,0,0.0,20.0,0.0,,,0.0,,,60.0,,0.0,0.0,0.0,0.25,0.0,0.0
2020-11-02,2020-11,44,2,tablet,google,organic,(organic),returning_session,5,4,59,18,4,0,0,0,0,0,2,0,0,0,0,0,2,0,0.0,0,0,0.0,40.0,0.0,,,0.0,,,40.0,,0.0,0.0,0.0,0.8,0.0,0.0
2020-11-02,2020-11,44,2,mobile,<Other>,organic,(organic),returning_session,13,13,77,18,8,0,0,0,0,0,1,0,0,0,0,0,11,0,0.0,0,0,0.0,7.69,0.0,,,0.0,,,84.62,,0.0,0.0,0.0,0.62,0.0,0.0
2020-11-02,2020-11,44,2,desktop,<Other>,referral,(referral),new_session,155,155,1508,439,106,0,0,5,1,0,33,0,3,0,0,3,85,0,0.0,0,0,0.0,21.29,0.0,,0.0,0.0,,100.0,54.84,,0.0,0.0,0.0,0.68,0.0,0.03
2020-11-02,2020-11,44,2,tablet,google,cpc,<Other>,returning_session,1,1,68,23,4,0,0,1,2,0,1,0,1,0,0,1,0,0,0.0,0,0,0.0,100.0,0.0,,0.0,0.0,,100.0,0.0,,0.0,0.0,0.0,4.0,0.0,1.0
2020-11-02,2020-11,44,2,mobile,google,cpc,<Other>,returning_session,5,5,80,24,7,0,0,1,0,0,2,0,1,0,0,1,3,0,0.0,0,0,0.0,40.0,0.0,,0.0,0.0,,100.0,60.0,,0.0,0.0,0.0,1.4,0.0,0.2
2020-11-02,2020-11,44,2,desktop,<Other>,organic,(organic),new_session,49,49,746,236,70,0,0,5,0,0,7,0,2,0,0,2,27,0,0.0,0,0,0.0,14.29,0.0,,0.0,0.0,,100.0,55.1,,0.0,0.0,0.0,1.43,0.0,0.1
2020-11-02,2020-11,44,2,mobile,<Other>,<Other>,<Other>,new_session,161,161,1733,501,124,0,0,2,1,0,32,0,2,0,0,2,92,0,0.0,0,0,0.0,19.88,0.0,,0.0,0.0,,100.0,57.14,,0.0,0.0,0.0,0.77,0.0,0.01
2020-11-02,2020-11,44,2,mobile,<Other>,referral,(referral),new_session,87,87,782,222,54,0,0,2,1,0,22,0,2,0,0,2,43,0,0.0,0,0,0.0,25.29,0.0,,0.0,0.0,,100.0,49.43,,0.0,0.0,0.0,0.62,0.0,0.02
2020-11-02,2020-11,44,2,desktop,shop.googlemerchandisestore.com,referral,(referral),new_session,81,81,1529,495,207,0,0,4,0,0,21,0,4,0,0,4,37,0,0.0,0,0,0.0,25.93,0.0,,0.0,0.0,,100.0,45.68,,0.0,0.0,0.0,2.56,0.0,0.05
2020-11-02,2020-11,44,2,desktop,google,organic,(organic),new_session,476,476,7744,2509,928,0,0,27,5,2,114,0,25,2,0,23,269,1,121.0,9,6,0.42,23.95,0.0,,8.0,1.75,,92.0,56.51,121.0,0.25,0.25,0.0,1.95,0.0,0.06
2020-11-02,2020-11,44,2,mobile,google,organic,(organic),new_session,349,349,4957,1539,559,0,0,12,6,1,61,0,12,1,0,11,205,1,58.0,3,3,0.29,17.48,0.0,,8.33,1.64,,91.67,58.74,58.0,0.17,0.17,0.0,1.6,0.0,0.03
2020-11-02,2020-11,44,2,desktop,<Other>,<Other>,<Other>,new_session,282,282,3632,1106,346,0,0,11,2,2,57,0,10,2,0,8,162,2,134.0,9,8,0.71,20.21,0.0,,20.0,3.51,,80.0,57.45,67.0,0.48,0.48,0.01,1.23,0.0,0.04
2020-11-02,2020-11,44,2,desktop,(direct),(none),(direct),new_session,328,328,4603,1446,464,0,0,12,3,2,76,0,8,2,0,6,157,2,89.0,3,3,0.61,23.17,0.0,,25.0,2.63,,75.0,47.87,44.5,0.27,0.27,0.01,1.41,0.0,0.04
2020-11-02,2020-11,44,2,mobile,google,organic,(organic),returning_session,113,111,1582,495,157,0,0,14,9,2,36,0,6,2,0,4,55,2,210.0,5,5,1.77,31.86,0.0,,33.33,5.56,,66.67,48.67,105.0,1.89,1.86,0.02,1.39,0.0,0.12
2020-11-02,2020-11,44,2,mobile,(direct),(none),(direct),new_session,238,238,2489,737,164,0,0,5,4,2,50,0,3,1,0,2,124,1,157.0,10,10,0.42,21.01,0.0,,33.33,2.0,,66.67,52.1,157.0,0.66,0.66,0.0,0.69,0.0,0.02
2020-11-02,2020-11,44,2,mobile,(data deleted),(data deleted),(data deleted),returning_session,105,100,2047,627,225,0,0,38,33,3,21,0,6,2,0,4,69,2,294.0,9,7,1.9,20.0,0.0,,33.33,9.52,,66.67,65.71,147.0,2.94,2.8,0.02,2.14,0.0,0.36
2020-11-02,2020-11,44,2,mobile,google,cpc,<Other>,new_session,72,72,1000,299,100,0,0,3,2,1,17,0,3,1,0,2,35,0,28.0,2,2,1.39,23.61,0.0,,33.33,5.88,,66.67,48.61,,0.39,0.39,0.0,1.39,0.0,0.04
2020-11-02,2020-11,44,2,mobile,shop.googlemerchandisestore.com,referral,(referral),new_session,60,60,471,133,28,0,0,4,1,1,11,0,2,1,0,1,32,1,24.0,1,1,1.67,18.33,0.0,,50.0,9.09,,50.0,53.33,24.0,0.4,0.4,0.02,0.47,0.0,0.07
2020-11-02,2020-11,44,2,desktop,<Other>,referral,(referral),returning_session,68,66,881,271,80,0,0,9,8,2,14,0,4,2,0,2,37,2,97.0,5,5,2.94,20.59,0.0,,50.0,14.29,,50.0,54.41,48.5,1.47,1.43,0.03,1.18,0.0,0.13
2020-11-02,2020-11,44,2,mobile,(direct),(none),(direct),returning_session,100,92,1135,337,134,0,0,6,3,2,26,0,4,2,0,2,56,2,176.0,5,5,2.0,26.0,0.0,,50.0,7.69,,50.0,56.0,88.0,1.91,1.76,0.02,1.34,0.0,0.06
2020-11-02,2020-11,44,2,desktop,(direct),(none),(direct),returning_session,154,150,1684,528,150,0,0,12,5,5,36,0,4,2,0,2,81,2,210.0,10,9,1.3,23.38,0.0,,50.0,5.56,,50.0,52.6,105.0,1.4,1.36,0.01,0.97,0.0,0.08
2020-11-02,2020-11,44,2,desktop,(data deleted),(data deleted),(data deleted),returning_session,147,139,2366,767,239,0,0,20,25,9,32,0,9,5,0,4,85,4,1902.0,132,43,3.4,21.77,0.0,,55.56,15.63,,44.44,57.82,475.5,13.68,12.94,0.03,1.63,0.0,0.14
2020-11-02,2020-11,44,2,desktop,google,organic,(organic),returning_session,142,132,1768,581,183,0,0,10,7,4,31,0,7,4,0,3,77,4,251.0,14,12,2.82,21.83,0.0,,57.14,12.9,,42.86,54.23,62.75,1.9,1.77,0.03,1.29,0.0,0.07
2020-11-02,2020-11,44,2,desktop,shop.googlemerchandisestore.com,referral,(referral),returning_session,114,110,1060,311,122,0,0,4,4,3,27,0,4,3,0,1,72,3,453.0,8,8,2.63,23.68,0.0,,75.0,11.11,,25.0,63.16,151.0,4.12,3.97,0.03,1.07,0.0,0.04
2020-11-02,2020-11,44,2,desktop,google,cpc,<Other>,new_session,88,88,982,297,92,0,0,1,2,1,23,0,1,1,0,0,47,0,51.0,5,5,1.14,26.14,0.0,,100.0,4.35,,0.0,53.41,,0.58,0.58,0.0,1.05,0.0,0.01
2020-11-02,2020-11,44,2,mobile,<Other>,referral,(referral),returning_session,49,46,571,158,79,0,0,4,2,2,10,0,2,2,0,0,30,1,216.0,13,2,4.08,20.41,0.0,,100.0,20.0,,0.0,61.22,216.0,4.7,4.41,0.02,1.61,0.0,0.08
2020-11-02,2020-11,44,2,tablet,<Other>,<Other>,<Other>,new_session,9,9,137,42,5,0,0,1,1,1,4,0,1,1,0,0,4,0,56.0,2,1,11.11,44.44,0.0,,100.0,25.0,,0.0,44.44,,6.22,6.22,0.0,0.56,0.0,0.11
2020-11-02,2020-11,44,2,mobile,shop.googlemerchandisestore.com,referral,(referral),returning_session,67,65,709,193,118,0,0,3,7,3,14,0,3,3,0,0,42,1,242.0,10,9,4.48,20.9,0.0,,100.0,21.43,,0.0,62.69,242.0,3.72,3.61,0.02,1.76,0.0,0.04
2020-11-02,2020-11,44,2,desktop,<Other>,organic,(organic),returning_session,12,12,320,106,36,0,0,3,4,1,3,0,1,1,0,0,6,1,20.0,4,4,8.33,25.0,0.0,,100.0,33.33,,0.0,50.0,20.0,1.67,1.67,0.08,3.0,0.0,0.25
2020-12-26,2020-12,51,7,tablet,(direct),(none),(direct),returning_session,2,2,4,1,0,0,0,0,0,0,0,0,0,0,0,0,2,0,0.0,0,0,0.0,0.0,,,,,,,100.0,,0.0,0.0,0.0,0.0,0.0,0.0
2020-12-26,2020-12,51,7,mobile,google,cpc,<Other>,returning_session,4,4,9,3,0,0,0,0,0,0,0,0,0,0,0,0,4,0,0.0,0,0,0.0,0.0,,,,,,,100.0,,0.0,0.0,0.0,0.0,0.0,0.0
2020-12-26,2020-12,51,7,mobile,<Other>,organic,(organic),returning_session,2,2,7,2,0,0,0,0,0,0,0,0,0,0,0,0,2,0,0.0,0,0,0.0,0.0,,,,,,,100.0,,0.0,0.0,0.0,0.0,0.0,0.0
2020-12-26,2020-12,51,7,tablet,<Other>,organic,(organic),new_session,1,1,5,1,0,0,0,0,0,0,0,0,0,0,0,0,1,0,0.0,0,0,0.0,0.0,,,,,,,100.0,,0.0,0.0,0.0,0.0,0.0,0.0
2020-12-26,2020-12,51,7,tablet,<Other>,<Other>,<Other>,new_session,10,10,39,10,0,0,0,0,0,0,0,0,0,0,0,0,10,0,0.0,0,0,0.0,0.0,,,,,,,100.0,,0.0,0.0,0.0,0.0,0.0,0.0
2020-12-26,2020-12,51,7,tablet,google,cpc,<Other>,new_session,1,1,5,2,0,0,0,0,0,0,0,0,0,0,0,0,0,0,0.0,0,0,0.0,0.0,,,,,,,0.0,,0.0,0.0,0.0,0.0,0.0,0.0
2020-12-26,2020-12,51,7,mobile,<Other>,<Other>,<Other>,returning_session,10,10,47,14,0,0,0,0,0,0,0,0,0,0,0,0,8,0,0.0,0,0,0.0,0.0,,,,,,,80.0,,0.0,0.0,0.0,0.0,0.0,0.0
2020-12-26,2020-12,51,7,mobile,<Other>,(data deleted),(data deleted),returning_session,1,1,13,5,0,0,0,0,0,0,0,0,0,0,0,0,0,0,0.0,0,0,0.0,0.0,,,,,,,0.0,,0.0,0.0,0.0,0.0,0.0,0.0
2020-12-26,2020-12,51,7,desktop,<Other>,(data deleted),(data deleted),returning_session,1,1,2,1,0,0,0,0,0,0,0,0,0,0,0,0,1,0,0.0,0,0,0.0,0.0,,,,,,,100.0,,0.0,0.0,0.0,0.0,0.0,0.0
2020-12-26,2020-12,51,7,tablet,shop.googlemerchandisestore.com,referral,(referral),returning_session,1,1,2,1,0,0,0,0,0,0,0,0,0,0,0,0,1,0,0.0,0,0,0.0,0.0,,,,,,,100.0,,0.0,0.0,0.0,0.0,0.0,0.0
2020-12-26,2020-12,51,7,desktop,google,cpc,<Other>,returning_session,2,2,9,3,0,0,0,0,0,0,0,0,0,0,0,0,1,0,0.0,0,0,0.0,0.0,,,,,,,50.0,,0.0,0.0,0.0,0.0,0.0,0.0
2020-12-26,2020-12,51,7,desktop,(data deleted),(data deleted),<Other>,returning_session,2,2,9,2,0,0,0,0,0,0,0,0,0,0,0,0,1,0,0.0,0,0,0.0,0.0,,,,,,,50.0,,0.0,0.0,0.0,0.0,0.0,0.0
2020-12-26,2020-12,51,7,tablet,(data deleted),(data deleted),(data deleted),new_session,1,1,2,0,0,0,0,0,0,0,0,0,0,0,0,0,1,0,0.0,0,0,0.0,0.0,,,,,,,100.0,,0.0,0.0,0.0,0.0,0.0,0.0
2020-12-26,2020-12,51,7,tablet,<Other>,referral,(referral),new_session,5,5,24,6,0,0,0,0,0,0,0,0,0,0,0,0,4,0,0.0,0,0,0.0,0.0,,,,,,,80.0,,0.0,0.0,0.0,0.0,0.0,0.0
2020-12-26,2020-12,51,7,desktop,<Other>,organic,(organic),returning_session,2,2,6,1,0,0,0,0,0,0,0,0,0,0,0,0,2,0,0.0,0,0,0.0,0.0,,,,,,,100.0,,0.0,0.0,0.0,0.0,0.0,0.0
2020-12-26,2020-12,51,7,tablet,<Other>,referral,(referral),returning_session,1,1,10,4,0,0,0,0,0,0,0,0,0,0,0,0,0,0,0.0,0,0,0.0,0.0,,,,,,,0.0,,0.0,0.0,0.0,0.0,0.0,0.0
2020-12-26,2020-12,51,7,tablet,shop.googlemerchandisestore.com,referral,(referral),new_session,3,3,16,4,0,0,0,0,0,0,0,0,0,0,0,0,2,0,0.0,0,0,0.0,0.0,,,,,,,66.67,,0.0,0.0,0.0,0.0,0.0,0.0
2020-12-26,2020-12,51,7,mobile,google,cpc,<Other>,new_session,44,44,258,71,3,0,0,0,0,0,2,0,0,0,0,0,33,0,0.0,0,0,0.0,4.55,0.0,,,0.0,,,75.0,,0.0,0.0,0.0,0.07,0.0,0.0
2020-12-26,2020-12,51,7,tablet,google,organic,(organic),new_session,15,15,123,34,11,0,0,0,0,0,3,0,0,0,0,0,11,0,0.0,0,0,0.0,20.0,0.0,,,0.0,,,73.33,,0.0,0.0,0.0,0.73,0.0,0.0
2020-12-26,2020-12,51,7,tablet,(direct),(none),(direct),new_session,13,13,90,24,6,0,0,0,0,0,2,0,0,0,0,0,10,0,0.0,0,0,0.0,15.38,0.0,,,0.0,,,76.92,,0.0,0.0,0.0,0.46,0.0,0.0
2020-12-26,2020-12,51,7,desktop,(data deleted),(data deleted),(data deleted),new_session,3,3,74,23,7,0,0,0,0,0,1,0,0,0,0,0,1,0,0.0,0,0,0.0,33.33,0.0,,,0.0,,,33.33,,0.0,0.0,0.0,2.33,0.0,0.0
2020-12-26,2020-12,51,7,desktop,shop.googlemerchandisestore.com,referral,(referral),new_session,58,58,362,106,10,0,0,0,0,0,7,0,0,0,0,0,39,0,0.0,0,0,0.0,12.07,0.0,,,0.0,,,67.24,,0.0,0.0,0.0,0.17,0.0,0.0
2020-12-26,2020-12,51,7,tablet,(data deleted),(data deleted),(data deleted),returning_session,1,1,14,4,2,0,0,0,0,0,1,0,0,0,0,0,0,0,0.0,0,0,0.0,100.0,0.0,,,0.0,,,0.0,,0.0,0.0,0.0,2.0,0.0,0.0
2020-12-26,2020-12,51,7,tablet,google,organic,(organic),returning_session,2,2,7,2,1,0,0,0,0,0,1,0,0,0,0,0,1,0,0.0,0,0,0.0,50.0,0.0,,,0.0,,,50.0,,0.0,0.0,0.0,0.5,0.0,0.0
2020-12-26,2020-12,51,7,mobile,<Other>,organic,(organic),new_session,33,33,186,54,5,0,0,0,0,0,3,0,0,0,0,0,21,0,0.0,0,0,0.0,9.09,0.0,,,0.0,,,63.64,,0.0,0.0,0.0,0.15,0.0,0.0
2020-12-26,2020-12,51,7,mobile,<Other>,referral,(referral),returning_session,16,16,214,67,28,0,0,6,1,0,4,0,1,0,0,1,7,0,0.0,0,0,0.0,25.0,0.0,,0.0,0.0,,100.0,43.75,,0.0,0.0,0.0,1.75,0.0,0.38
2020-12-26,2020-12,51,7,desktop,google,cpc,<Other>,new_session,75,75,435,116,18,7,0,0,0,0,8,3,0,0,3,0,55,0,0.0,0,0,0.0,10.67,37.5,0.0,,0.0,100.0,,73.33,,0.0,0.0,0.0,0.24,0.09,0.0
2020-12-26,2020-12,51,7,desktop,(data deleted),(data deleted),(data deleted),returning_session,61,59,578,175,72,12,0,0,0,0,12,2,0,0,2,0,38,0,0.0,0,0,0.0,19.67,16.67,0.0,,0.0,100.0,,62.3,,0.0,0.0,0.0,1.18,0.2,0.0
2020-12-26,2020-12,51,7,desktop,<Other>,<Other>,<Other>,returning_session,13,13,475,143,93,14,0,0,0,0,5,1,0,0,1,0,8,0,0.0,0,0,0.0,38.46,20.0,0.0,,0.0,100.0,,61.54,,0.0,0.0,0.0,7.15,1.08,0.0
2020-12-26,2020-12,51,7,desktop,<Other>,referral,(referral),new_session,122,122,858,251,48,5,0,0,0,0,24,4,0,0,4,0,74,0,0.0,0,0,0.0,19.67,16.67,0.0,,0.0,100.0,,60.66,,0.0,0.0,0.0,0.39,0.04,0.0
2020-12-26,2020-12,51,7,mobile,<Other>,referral,(referral),new_session,76,76,510,136,24,3,0,0,0,0,9,1,0,0,1,0,57,0,0.0,0,0,0.0,11.84,11.11,0.0,,0.0,100.0,,75.0,,0.0,0.0,0.0,0.32,0.04,0.0
2020-12-26,2020-12,51,7,desktop,google,organic,(organic),returning_session,60,56,550,166,78,6,0,0,0,0,13,3,0,0,3,0,40,0,0.0,0,0,0.0,21.67,23.08,0.0,,0.0,100.0,,66.67,,0.0,0.0,0.0,1.3,0.1,0.0
2020-12-26,2020-12,51,7,desktop,<Other>,<Other>,<Other>,new_session,227,227,1768,478,159,50,0,3,2,0,31,9,1,0,9,1,163,0,0.0,0,0,0.0,13.66,29.03,11.11,0.0,0.0,100.0,100.0,71.81,,0.0,0.0,0.0,0.7,0.22,0.01
2020-12-26,2020-12,51,7,mobile,shop.googlemerchandisestore.com,referral,(referral),new_session,46,46,454,133,32,7,0,3,0,0,10,2,1,0,2,1,24,0,0.0,0,0,0.0,21.74,20.0,50.0,0.0,0.0,100.0,100.0,52.17,,0.0,0.0,0.0,0.7,0.15,0.07
2020-12-26,2020-12,51,7,desktop,(direct),(none),(direct),returning_session,61,55,417,121,28,3,0,6,0,0,11,2,1,0,2,1,40,0,0.0,0,0,0.0,18.03,18.18,50.0,0.0,0.0,100.0,100.0,65.57,,0.0,0.0,0.0,0.46,0.05,0.1
2020-12-26,2020-12,51,7,desktop,shop.googlemerchandisestore.com,referral,(referral),returning_session,38,37,324,104,17,6,0,3,1,0,5,1,1,0,1,1,27,0,0.0,0,0,0.0,13.16,20.0,100.0,0.0,0.0,100.0,100.0,71.05,,0.0,0.0,0.0,0.45,0.16,0.08
2020-12-26,2020-12,51,7,desktop,(direct),(none),(direct),new_session,306,306,2356,664,156,24,0,9,1,1,49,9,1,1,8,0,215,1,21.0,2,1,0.33,16.01,18.37,11.11,100.0,2.04,88.89,0.0,70.26,21.0,0.07,0.07,0.0,0.51,0.08,0.03
2020-12-26,2020-12,51,7,desktop,google,organic,(organic),new_session,470,470,3600,1031,230,37,0,9,2,2,64,11,2,2,9,0,330,2,178.0,8,7,0.43,13.62,17.19,18.18,100.0,3.13,81.82,0.0,70.21,89.0,0.38,0.38,0.0,0.49,0.08,0.02
2020-12-26,2020-12,51,7,mobile,(direct),(none),(direct),new_session,218,218,1700,475,82,13,0,12,1,1,29,4,1,1,3,0,147,1,30.0,2,2,0.46,13.3,13.79,25.0,100.0,3.45,75.0,0.0,67.43,30.0,0.14,0.14,0.0,0.38,0.06,0.06
2020-12-26,2020-12,51,7,mobile,<Other>,<Other>,<Other>,new_session,166,166,1524,449,92,10,0,3,2,1,22,3,1,1,3,0,116,1,120.0,1,1,0.6,13.25,13.64,33.33,100.0,4.55,100.0,0.0,69.88,120.0,0.72,0.72,0.01,0.55,0.06,0.02
2020-12-26,2020-12,51,7,mobile,google,organic,(organic),new_session,302,302,2068,571,116,19,0,12,3,2,42,6,2,2,5,0,211,2,52.0,4,4,0.66,13.91,14.29,33.33,100.0,4.76,83.33,0.0,69.87,26.0,0.17,0.17,0.01,0.38,0.06,0.04
2020-12-26,2020-12,51,7,mobile,(direct),(none),(direct),returning_session,47,46,646,196,85,6,0,18,5,1,12,3,1,1,2,0,32,1,39.0,9,7,2.13,25.53,25.0,33.33,100.0,8.33,66.67,0.0,68.09,39.0,0.85,0.83,0.02,1.81,0.13,0.38
2020-12-26,2020-12,51,7,mobile,google,organic,(organic),returning_session,42,40,751,217,128,23,0,21,5,2,13,3,5,2,3,3,25,2,35.0,4,3,4.76,30.95,23.08,166.67,40.0,15.38,100.0,60.0,59.52,17.5,0.88,0.83,0.05,3.05,0.55,0.5
2020-12-26,2020-12,51,7,desktop,<Other>,organic,(organic),new_session,37,37,455,125,50,8,0,6,2,1,6,1,1,1,0,0,21,1,67.0,2,2,2.7,16.22,16.67,100.0,100.0,16.67,0.0,0.0,56.76,67.0,1.81,1.81,0.03,1.35,0.22,0.16
2020-12-26,2020-12,51,7,mobile,shop.googlemerchandisestore.com,referral,(referral),returning_session,27,25,472,136,68,35,0,6,4,3,8,3,2,2,1,0,16,2,167.0,38,14,7.41,29.63,37.5,66.67,100.0,25.0,33.33,0.0,59.26,83.5,6.68,6.19,0.08,2.52,1.3,0.22
2020-12-26,2020-12,51,7,mobile,(data deleted),(data deleted),(data deleted),returning_session,32,32,320,85,28,7,0,15,6,2,8,3,3,2,3,1,21,2,25.0,3,3,6.25,25.0,37.5,100.0,66.67,25.0,100.0,33.33,65.63,12.5,0.78,0.78,0.06,0.88,0.22,0.47
2020-12-26,2020-12,51,7,desktop,<Other>,referral,(referral),returning_session,16,15,347,81,58,43,0,11,5,1,4,1,1,1,0,0,10,1,0.0,0,1,6.25,25.0,25.0,100.0,100.0,25.0,0.0,0.0,62.5,0.0,0.0,0.0,0.07,3.63,2.69,0.69
2020-12-20,2020-12,51,1,mobile,<Other>,organic,(organic),new_session,29,29,146,38,3,0,0,0,0,0,3,0,0,0,0,0,22,0,0.0,0,0,0.0,10.34,0.0,,,0.0,,,75.86,,0.0,0.0,0.0,0.1,0.0,0.0
2020-12-20,2020-12,51,1,mobile,(data deleted),(data deleted),(data deleted),new_session,5,5,20,9,3,0,0,0,0,0,2,0,0,0,0,0,2,0,0.0,0,0,0.0,40.0,0.0,,,0.0,,,40.0,,0.0,0.0,0.0,0.6,0.0,0.0
2020-12-20,2020-12,51,1,tablet,google,cpc,<Other>,new_session,3,3,12,3,0,0,0,0,0,0,0,0,0,0,0,0,3,0,0.0,0,0,0.0,0.0,,,,,,,100.0,,0.0,0.0,0.0,0.0,0.0,0.0
2020-12-20,2020-12,51,1,tablet,shop.googlemerchandisestore.com,referral,(referral),new_session,3,3,12,3,0,0,0,0,0,0,0,0,0,0,0,0,3,0,0.0,0,0,0.0,0.0,,,,,,,100.0,,0.0,0.0,0.0,0.0,0.0,0.0
2020-12-20,2020-12,51,1,desktop,<Other>,organic,(organic),returning_session,2,2,7,2,0,0,0,0,0,0,0,0,0,0,0,0,1,0,0.0,0,0,0.0,0.0,,,,,,,50.0,,0.0,0.0,0.0,0.0,0.0,0.0
2020-12-20,2020-12,51,1,mobile,google,cpc,<Other>,returning_session,7,7,47,13,0,0,0,0,0,0,0,0,0,0,0,0,5,0,0.0,0,0,0.0,0.0,,,,,,,71.43,,0.0,0.0,0.0,0.0,0.0,0.0
2020-12-20,2020-12,51,1,desktop,<Other>,(data deleted),(data deleted),returning_session,3,3,20,5,2,0,0,0,0,0,1,0,0,0,0,0,2,0,0.0,0,0,0.0,33.33,0.0,,,0.0,,,66.67,,0.0,0.0,0.0,0.67,0.0,0.0
2020-12-20,2020-12,51,1,mobile,<Other>,organic,(organic),returning_session,8,8,85,26,12,0,0,0,0,0,2,0,0,0,0,0,5,0,0.0,0,0,0.0,25.0,0.0,,,0.0,,,62.5,,0.0,0.0,0.0,1.5,0.0,0.0
2020-12-20,2020-12,51,1,tablet,(direct),(none),(direct),returning_session,5,5,12,2,0,0,0,0,0,0,0,0,0,0,0,0,5,0,0.0,0,0,0.0,0.0,,,,,,,100.0,,0.0,0.0,0.0,0.0,0.0,0.0
2020-12-20,2020-12,51,1,tablet,<Other>,referral,(referral),returning_session,1,1,3,1,0,0,0,0,0,0,0,0,0,0,0,0,1,0,0.0,0,0,0.0,0.0,,,,,,,100.0,,0.0,0.0,0.0,0.0,0.0,0.0
2020-12-20,2020-12,51,1,tablet,google,organic,(organic),returning_session,3,3,6,2,0,0,0,0,0,0,0,0,0,0,0,0,3,0,0.0,0,0,0.0,0.0,,,,,,,100.0,,0.0,0.0,0.0,0.0,0.0,0.0
2020-12-20,2020-12,51,1,tablet,google,organic,(organic),new_session,15,15,90,24,3,0,0,0,0,0,1,0,0,0,0,0,13,0,0.0,0,0,0.0,6.67,0.0,,,0.0,,,86.67,,0.0,0.0,0.0,0.2,0.0,0.0
2020-12-20,2020-12,51,1,tablet,<Other>,referral,(referral),new_session,5,5,32,9,1,0,0,0,0,0,1,0,0,0,0,0,2,0,0.0,0,0,0.0,20.0,0.0,,,0.0,,,40.0,,0.0,0.0,0.0,0.2,0.0,0.0
2020-12-20,2020-12,51,1,tablet,(direct),(none),(direct),new_session,12,12,77,22,6,0,0,0,0,0,2,0,0,0,0,0,9,0,0.0,0,0,0.0,16.67,0.0,,,0.0,,,75.0,,0.0,0.0,0.0,0.5,0.0,0.0
2020-12-20,2020-12,51,1,mobile,google,cpc,<Other>,new_session,54,54,361,99,21,0,0,0,0,0,8,0,0,0,0,0,37,0,0.0,0,0,0.0,14.81,0.0,,,0.0,,,68.52,,0.0,0.0,0.0,0.39,0.0,0.0
2020-12-20,2020-12,51,1,desktop,(data deleted),(data deleted),<Other>,returning_session,3,3,45,15,5,0,0,0,0,0,1,0,0,0,0,0,1,0,0.0,0,0,0.0,33.33,0.0,,,0.0,,,33.33,,0.0,0.0,0.0,1.67,0.0,0.0
2020-12-20,2020-12,51,1,desktop,(data deleted),(data deleted),(data deleted),new_session,1,1,4,2,0,0,0,0,0,0,0,0,0,0,0,0,0,0,0.0,0,0,0.0,0.0,,,,,,,0.0,,0.0,0.0,0.0,0.0,0.0,0.0
2020-12-20,2020-12,51,1,tablet,shop.googlemerchandisestore.com,referral,(referral),returning_session,1,1,4,0,0,0,0,0,0,0,0,0,0,0,0,0,1,0,0.0,0,0,0.0,0.0,,,,,,,100.0,,0.0,0.0,0.0,0.0,0.0,0.0
2020-12-20,2020-12,51,1,desktop,<Other>,organic,(organic),new_session,57,57,317,81,9,1,0,0,0,0,5,1,0,0,1,0,42,0,0.0,0,0,0.0,8.77,20.0,0.0,,0.0,100.0,,73.68,,0.0,0.0,0.0,0.16,0.02,0.0
2020-12-20,2020-12,51,1,desktop,<Other>,referral,(referral),returning_session,42,41,270,77,26,3,0,0,0,0,9,2,0,0,2,0,30,0,0.0,0,0,0.0,21.43,22.22,0.0,,0.0,100.0,,71.43,,0.0,0.0,0.0,0.62,0.07,0.0
2020-12-20,2020-12,51,1,tablet,(data deleted),(data deleted),(data deleted),returning_session,4,4,31,8,4,3,0,0,0,0,2,1,0,0,1,0,2,0,0.0,0,0,0.0,50.0,50.0,0.0,,0.0,100.0,,50.0,,0.0,0.0,0.0,1.0,0.75,0.0
2020-12-20,2020-12,51,1,desktop,google,cpc,<Other>,returning_session,4,4,36,9,4,2,0,0,0,0,1,1,0,0,1,0,3,0,0.0,0,0,0.0,25.0,100.0,0.0,,0.0,100.0,,75.0,,0.0,0.0,0.0,1.0,0.5,0.0
2020-12-20,2020-12,51,1,mobile,shop.googlemerchandisestore.com,referral,(referral),returning_session,36,34,382,99,64,31,0,0,0,0,7,5,0,0,5,0,19,0,0.0,0,0,0.0,19.44,71.43,0.0,,0.0,100.0,,52.78,,0.0,0.0,0.0,1.78,0.86,0.0
2020-12-20,2020-12,51,1,mobile,(data deleted),(data deleted),<Other>,returning_session,1,1,46,12,5,3,0,0,0,0,1,1,0,0,1,0,0,0,0.0,0,0,0.0,100.0,100.0,0.0,,0.0,100.0,,0.0,,0.0,0.0,0.0,5.0,3.0,0.0
2020-12-20,2020-12,51,1,desktop,google,cpc,<Other>,new_session,72,72,398,105,16,2,0,0,0,0,5,1,0,0,1,0,61,0,0.0,0,0,0.0,6.94,20.0,0.0,,0.0,100.0,,84.72,,0.0,0.0,0.0,0.22,0.03,0.0
2020-12-20,2020-12,51,1,mobile,(direct),(none),(direct),returning_session,56,53,437,131,35,7,0,0,0,0,12,3,0,0,3,0,38,0,0.0,0,0,0.0,21.43,25.0,0.0,,0.0,100.0,,67.86,,0.0,0.0,0.0,0.63,0.13,0.0
2020-12-20,2020-12,51,1,mobile,<Other>,<Other>,<Other>,returning_session,19,19,204,58,38,1,0,0,0,0,4,1,0,0,1,0,12,0,0.0,0,0,0.0,21.05,25.0,0.0,,0.0,100.0,,63.16,,0.0,0.0,0.0,2.0,0.05,0.0
2020-12-20,2020-12,51,1,tablet,<Other>,<Other>,<Other>,new_session,12,12,99,30,7,2,0,0,0,0,3,1,0,0,1,0,7,0,0.0,0,0,0.0,25.0,33.33,0.0,,0.0,100.0,,58.33,,0.0,0.0,0.0,0.58,0.17,0.0
2020-12-20,2020-12,51,1,desktop,(direct),(none),(direct),returning_session,87,79,1066,332,100,29,0,15,4,0,18,7,3,0,7,3,47,0,0.0,0,0,0.0,20.69,38.89,42.86,0.0,0.0,100.0,100.0,54.02,,0.0,0.0,0.0,1.15,0.33,0.17
2020-12-20,2020-12,51,1,desktop,<Other>,<Other>,<Other>,returning_session,21,21,179,55,12,3,0,6,2,0,3,1,1,0,1,1,12,0,0.0,0,0,0.0,14.29,33.33,100.0,0.0,0.0,100.0,100.0,57.14,,0.0,0.0,0.0,0.57,0.14,0.29
2020-12-20,2020-12,51,1,mobile,shop.googlemerchandisestore.com,referral,(referral),new_session,36,36,697,193,93,27,0,6,1,0,9,5,1,0,5,1,22,0,0.0,0,0,0.0,25.0,55.56,20.0,0.0,0.0,100.0,100.0,61.11,,0.0,0.0,0.0,2.58,0.75,0.17
2020-12-20,2020-12,51,1,mobile,google,organic,(organic),returning_session,53,48,639,212,37,3,0,6,0,0,9,1,1,0,1,1,36,0,0.0,0,0,0.0,16.98,11.11,100.0,0.0,0.0,100.0,100.0,67.92,,0.0,0.0,0.0,0.7,0.06,0.11
2020-12-20,2020-12,51,1,desktop,(data deleted),(data deleted),(data deleted),returning_session,89,82,752,248,53,7,0,12,0,0,18,5,4,0,5,4,54,0,0.0,0,0,0.0,20.22,27.78,80.0,0.0,0.0,100.0,100.0,60.67,,0.0,0.0,0.0,0.6,0.08,0.13
2020-12-20,2020-12,51,1,mobile,<Other>,<Other>,<Other>,new_session,181,181,1962,562,178,12,0,6,2,0,28,5,1,0,5,1,110,0,0.0,0,0,0.0,15.47,17.86,20.0,0.0,0.0,100.0,100.0,60.77,,0.0,0.0,0.0,0.98,0.07,0.03
2020-12-20,2020-12,51,1,desktop,<Other>,<Other>,<Other>,new_session,276,276,2497,708,151,30,0,30,5,2,49,10,5,1,9,4,177,2,81.0,6,6,0.36,17.75,20.41,50.0,20.0,2.04,90.0,80.0,64.13,40.5,0.29,0.29,0.01,0.55,0.11,0.11
2020-12-20,2020-12,51,1,desktop,shop.googlemerchandisestore.com,referral,(referral),returning_session,79,74,1114,341,65,16,0,51,5,1,16,4,4,1,3,3,43,1,45.0,8,4,1.27,20.25,25.0,100.0,25.0,6.25,75.0,75.0,54.43,45.0,0.61,0.57,0.01,0.82,0.2,0.65
2020-12-20,2020-12,51,1,desktop,(direct),(none),(direct),new_session,355,355,2894,795,222,63,0,15,4,1,63,15,4,1,14,3,233,1,55.0,1,1,0.28,17.75,23.81,26.67,25.0,1.59,93.33,75.0,65.63,55.0,0.15,0.15,0.0,0.63,0.18,0.04
2020-12-20,2020-12,51,1,desktop,<Other>,referral,(referral),new_session,125,125,1310,401,149,12,0,21,6,1,20,3,3,1,2,2,83,1,59.0,6,5,0.8,16.0,15.0,100.0,33.33,5.0,66.67,66.67,66.4,59.0,0.47,0.47,0.01,1.19,0.1,0.17
2020-12-20,2020-12,51,1,mobile,google,organic,(organic),new_session,351,351,3277,882,234,66,0,93,13,3,55,15,8,3,13,5,223,3,127.0,9,6,0.85,15.67,27.27,53.33,37.5,5.45,86.67,62.5,63.53,42.33,0.36,0.36,0.01,0.67,0.19,0.26
2020-12-20,2020-12,51,1,mobile,(direct),(none),(direct),new_session,250,250,1992,559,120,29,0,6,1,1,35,3,2,1,2,1,166,1,22.0,2,2,0.4,14.0,8.57,66.67,50.0,2.86,66.67,50.0,66.4,22.0,0.09,0.09,0.0,0.48,0.12,0.02
2020-12-20,2020-12,51,1,desktop,google,organic,(organic),returning_session,77,73,1531,435,200,86,0,57,6,3,21,11,6,3,8,3,44,3,388.0,25,20,3.9,27.27,52.38,54.55,50.0,14.29,72.73,50.0,57.14,129.33,5.32,5.04,0.04,2.6,1.12,0.74
2020-12-20,2020-12,51,1,mobile,<Other>,referral,(referral),returning_session,29,27,296,87,19,1,0,12,2,1,9,1,2,1,1,1,15,1,16.0,1,1,3.45,31.03,11.11,200.0,50.0,11.11,100.0,50.0,51.72,16.0,0.59,0.55,0.04,0.66,0.03,0.41
2020-12-20,2020-12,51,1,desktop,google,organic,(organic),new_session,569,569,4200,1160,248,55,0,12,2,2,92,16,3,2,15,1,374,2,346.0,7,4,0.35,16.17,17.39,18.75,66.67,2.17,93.75,33.33,65.73,173.0,0.61,0.61,0.0,0.44,0.1,0.02
2020-12-20,2020-12,51,1,mobile,(data deleted),(data deleted),(data deleted),returning_session,63,60,785,232,97,4,0,18,2,2,15,2,2,2,1,0,41,2,130.0,3,2,3.17,23.81,13.33,100.0,100.0,13.33,50.0,0.0,65.08,65.0,2.17,2.06,0.03,1.54,0.06,0.29
2020-12-20,2020-12,51,1,mobile,<Other>,referral,(referral),new_session,97,97,879,248,60,26,0,6,1,1,10,2,1,1,1,0,72,1,91.0,6,6,1.03,10.31,20.0,50.0,100.0,10.0,50.0,0.0,74.23,91.0,0.94,0.94,0.01,0.62,0.27,0.06
2020-12-20,2020-12,51,1,desktop,shop.googlemerchandisestore.com,referral,(referral),new_session,87,87,812,240,50,9,0,6,2,1,16,4,1,1,3,0,49,1,39.0,3,3,1.15,18.39,25.0,25.0,100.0,6.25,75.0,0.0,56.32,39.0,0.45,0.45,0.01,0.57,0.1,0.07
2021-01-23,2021-01,3,7,tablet,shop.googlemerchandisestore.com,referral,(referral),new_session,2,2,10,4,1,0,0,0,0,0,1,0,0,0,0,0,0,0,0.0,0,0,0.0,50.0,0.0,,,0.0,,,0.0,,0.0,0.0,0.0,0.5,0.0,0.0
2021-01-23,2021-01,3,7,mobile,<Other>,organic,(organic),returning_session,5,5,30,10,1,0,0,0,0,0,1,0,0,0,0,0,3,0,0.0,0,0,0.0,20.0,0.0,,,0.0,,,60.0,,0.0,0.0,0.0,0.2,0.0,0.0
2021-01-23,2021-01,3,7,mobile,google,cpc,<Other>,returning_session,2,2,10,4,0,0,0,0,0,0,0,0,0,0,0,0,1,0,0.0,0,0,0.0,0.0,,,,,,,50.0,,0.0,0.0,0.0,0.0,0.0,0.0
2021-01-23,2021-01,3,7,desktop,(data deleted),(data deleted),(data deleted),new_session,1,1,23,8,2,0,0,0,0,0,1,0,0,0,0,0,0,0,0.0,0,0,0.0,100.0,0.0,,,0.0,,,0.0,,0.0,0.0,0.0,2.0,0.0,0.0
2021-01-23,2021-01,3,7,tablet,google,cpc,<Other>,new_session,4,4,54,19,5,0,0,0,0,0,4,0,0,0,0,0,0,0,0.0,0,0,0.0,100.0,0.0,,,0.0,,,0.0,,0.0,0.0,0.0,1.25,0.0,0.0
2021-01-23,2021-01,3,7,tablet,(data deleted),(data deleted),(data deleted),returning_session,4,4,14,8,1,0,0,0,0,0,1,0,0,0,0,0,0,0,0.0,0,0,0.0,25.0,0.0,,,0.0,,,0.0,,0.0,0.0,0.0,0.25,0.0,0.0
2021-01-23,2021-01,3,7,mobile,<Other>,<Other>,<Other>,returning_session,13,13,91,32,6,0,0,0,0,0,2,0,0,0,0,0,4,0,0.0,0,0,0.0,15.38,0.0,,,0.0,,,30.77,,0.0,0.0,0.0,0.46,0.0,0.0
2021-01-23,2021-01,3,7,mobile,(data deleted),(data deleted),<Other>,returning_session,2,2,16,8,0,0,0,0,0,0,0,0,0,0,0,0,0,0,0.0,0,0,0.0,0.0,,,,,,,0.0,,0.0,0.0,0.0,0.0,0.0,0.0
2021-01-23,2021-01,3,7,mobile,(data deleted),(data deleted),(data deleted),new_session,4,4,45,14,5,0,0,0,0,0,1,0,0,0,0,0,1,0,0.0,0,0,0.0,25.0,0.0,,,0.0,,,25.0,,0.0,0.0,0.0,1.25,0.0,0.0
2021-01-23,2021-01,3,7,tablet,(data deleted),(data deleted),(data deleted),new_session,1,1,17,6,0,0,0,0,0,0,0,0,0,0,0,0,0,0,0.0,0,0,0.0,0.0,,,,,,,0.0,,0.0,0.0,0.0,0.0,0.0,0.0
2021-01-23,2021-01,3,7,mobile,<Other>,(data deleted),(data deleted),returning_session,1,1,5,2,0,0,0,0,0,0,0,0,0,0,0,0,0,0,0.0,0,0,0.0,0.0,,,,,,,0.0,,0.0,0.0,0.0,0.0,0.0,0.0
2021-01-23,2021-01,3,7,tablet,<Other>,referral,(referral),returning_session,1,1,2,0,0,0,0,0,0,0,0,0,0,0,0,0,1,0,0.0,0,0,0.0,0.0,,,,,,,100.0,,0.0,0.0,0.0,0.0,0.0,0.0
2021-01-23,2021-01,3,7,tablet,<Other>,organic,(organic),new_session,3,3,75,26,4,0,0,0,0,0,1,0,0,0,0,0,1,0,0.0,0,0,0.0,33.33,0.0,,,0.0,,,33.33,,0.0,0.0,0.0,1.33,0.0,0.0
2021-01-23,2021-01,3,7,tablet,<Other>,referral,(referral),new_session,4,4,16,7,0,0,0,0,0,0,0,0,0,0,0,0,1,0,0.0,0,0,0.0,0.0,,,,,,,25.0,,0.0,0.0,0.0,0.0,0.0,0.0
2021-01-23,2021-01,3,7,desktop,google,cpc,<Other>,returning_session,3,3,15,7,2,0,0,0,0,0,1,0,0,0,0,0,0,0,0.0,0,0,0.0,33.33,0.0,,,0.0,,,0.0,,0.0,0.0,0.0,0.67,0.0,0.0
2021-01-23,2021-01,3,7,tablet,(data deleted),(data deleted),<Other>,returning_session,1,1,8,3,0,0,0,0,0,0,0,0,0,0,0,0,0,0,0.0,0,0,0.0,0.0,,,,,,,0.0,,0.0,0.0,0.0,0.0,0.0,0.0
2021-01-23,2021-01,3,7,mobile,<Other>,organic,(organic),new_session,30,30,228,84,13,0,0,0,0,0,5,0,0,0,0,0,1,0,0.0,0,0,0.0,16.67,0.0,,,0.0,,,3.33,,0.0,0.0,0.0,0.43,0.0,0.0
2021-01-23,2021-01,3,7,desktop,google,cpc,<Other>,new_session,80,80,692,253,39,0,0,0,0,0,18,0,0,0,0,0,5,0,0.0,0,0,0.0,22.5,0.0,,,0.0,,,6.25,,0.0,0.0,0.0,0.49,0.0,0.0
2021-01-23,2021-01,3,7,tablet,google,organic,(organic),new_session,21,21,263,95,29,0,0,3,0,0,4,0,1,0,0,1,1,0,0.0,0,0,0.0,19.05,0.0,,0.0,0.0,,100.0,4.76,,0.0,0.0,0.0,1.38,0.0,0.14
2021-01-23,2021-01,3,7,tablet,(direct),(none),(direct),new_session,10,10,405,125,52,0,0,18,5,1,2,0,1,1,0,0,1,1,40.0,6,3,10.0,20.0,0.0,,100.0,50.0,,0.0,10.0,40.0,4.0,4.0,0.1,5.2,0.0,1.8
2021-01-23,2021-01,3,7,tablet,(direct),(none),(direct),returning_session,3,3,54,16,1,1,0,3,2,1,1,1,1,1,0,0,1,1,102.0,7,7,33.33,33.33,100.0,100.0,100.0,100.0,0.0,0.0,33.33,102.0,34.0,34.0,0.33,0.33,0.33,1.0
2021-01-23,2021-01,3,7,mobile,shop.googlemerchandisestore.com,referral,(referral),new_session,58,58,528,190,35,3,0,3,2,1,14,1,1,1,0,0,3,1,30.0,4,3,1.72,24.14,7.14,100.0,100.0,7.14,0.0,0.0,5.17,30.0,0.52,0.52,0.02,0.6,0.05,0.05
2021-01-23,2021-01,3,7,desktop,<Other>,organic,(organic),new_session,47,47,568,188,57,12,0,6,1,1,12,1,1,1,0,0,4,1,63.0,10,10,2.13,25.53,8.33,100.0,100.0,8.33,0.0,0.0,8.51,63.0,1.34,1.34,0.02,1.21,0.26,0.13
2021-01-23,2021-01,3,7,desktop,shop.googlemerchandisestore.com,referral,(referral),returning_session,70,68,1186,417,69,8,0,18,7,2,17,3,3,2,1,1,22,2,32.0,5,5,2.86,24.29,17.65,100.0,66.67,11.76,33.33,33.33,31.43,16.0,0.47,0.46,0.03,0.99,0.11,0.26
2021-01-23,2021-01,3,7,desktop,(data deleted),(data deleted),(data deleted),returning_session,78,76,1312,438,141,40,0,30,23,4,17,7,5,4,4,1,23,4,358.0,21,14,5.13,21.79,41.18,71.43,80.0,23.53,57.14,20.0,29.49,89.5,4.71,4.59,0.05,1.81,0.51,0.38
2021-01-23,2021-01,3,7,mobile,shop.googlemerchandisestore.com,referral,(referral),returning_session,49,48,694,229,60,7,0,21,5,2,14,5,4,2,3,2,15,2,26.0,3,3,4.08,28.57,35.71,80.0,50.0,14.29,60.0,50.0,30.61,13.0,0.54,0.53,0.04,1.22,0.14,0.43
2021-01-23,2021-01,3,7,desktop,<Other>,referral,(referral),returning_session,44,42,606,211,60,15,0,15,5,3,10,5,4,3,3,1,10,3,87.0,9,9,6.82,22.73,50.0,80.0,75.0,30.0,60.0,25.0,22.73,29.0,2.07,1.98,0.07,1.36,0.34,0.34
2021-01-23,2021-01,3,7,mobile,google,organic,(organic),new_session,309,309,2439,887,118,4,0,24,4,1,65,3,4,1,2,3,16,1,38.0,1,1,0.32,21.04,4.62,133.33,25.0,1.54,66.67,75.0,5.18,38.0,0.12,0.12,0.0,0.38,0.01,0.08
2021-01-23,2021-01,3,7,desktop,google,organic,(organic),new_session,472,472,5151,1763,483,45,0,51,15,5,108,12,9,5,8,4,31,5,188.0,14,13,1.06,22.88,11.11,75.0,55.56,4.63,66.67,44.44,6.57,37.6,0.4,0.4,0.01,1.02,0.1,0.11
2021-01-23,2021-01,3,7,desktop,<Other>,<Other>,<Other>,new_session,270,270,3007,1056,261,54,0,30,9,3,65,9,5,3,6,2,13,3,406.0,47,11,1.11,24.07,13.85,55.56,60.0,4.62,66.67,40.0,4.81,135.33,1.5,1.5,0.01,0.97,0.2,0.11
2021-01-23,2021-01,3,7,mobile,(data deleted),(data deleted),(data deleted),returning_session,64,60,683,232,68,6,0,15,5,3,15,3,4,3,2,1,16,3,207.0,8,7,4.69,23.44,20.0,133.33,75.0,20.0,66.67,25.0,25.0,69.0,3.45,3.23,0.05,1.06,0.09,0.23
2021-01-23,2021-01,3,7,mobile,google,organic,(organic),returning_session,54,51,907,306,89,21,0,12,4,2,15,6,2,2,4,0,17,2,184.0,11,11,3.7,27.78,40.0,33.33,100.0,13.33,66.67,0.0,31.48,92.0,3.61,3.41,0.04,1.65,0.39,0.22
2021-01-23,2021-01,3,7,mobile,(direct),(none),(direct),new_session,233,233,2598,937,148,23,0,24,7,4,57,10,7,4,7,3,11,4,198.0,6,6,1.72,24.46,17.54,70.0,57.14,7.02,70.0,42.86,4.72,49.5,0.85,0.85,0.02,0.64,0.1,0.1
2021-01-23,2021-01,3,7,mobile,<Other>,referral,(referral),returning_session,39,37,522,182,28,5,0,12,3,1,11,4,2,1,3,1,12,1,75.0,1,1,2.56,28.21,36.36,50.0,50.0,9.09,75.0,50.0,30.77,75.0,2.03,1.92,0.03,0.72,0.13,0.31
2021-01-23,2021-01,3,7,desktop,google,organic,(organic),returning_session,95,90,1326,440,135,30,0,18,8,3,25,8,4,3,6,1,28,3,386.0,16,15,3.16,26.32,32.0,50.0,75.0,12.0,75.0,25.0,29.47,128.67,4.29,4.06,0.03,1.42,0.32,0.19
2021-01-23,2021-01,3,7,mobile,(direct),(none),(direct),returning_session,67,64,1056,363,130,10,0,8,5,2,18,6,3,2,5,1,18,2,99.0,2,3,2.99,26.87,33.33,50.0,66.67,11.11,83.33,33.33,26.87,49.5,1.55,1.48,0.03,1.94,0.15,0.12
2021-01-23,2021-01,3,7,tablet,google,organic,(organic),returning_session,3,3,50,15,4,1,0,0,0,0,2,1,0,0,1,0,1,0,0.0,0,0,0.0,66.67,50.0,0.0,,0.0,100.0,,33.33,,0.0,0.0,0.0,1.33,0.33,0.0
2021-01-23,2021-01,3,7,tablet,shop.googlemerchandisestore.com,referral,(referral),returning_session,2,2,47,14,3,3,0,0,0,0,1,1,0,0,1,0,0,0,0.0,0,0,0.0,50.0,100.0,0.0,,0.0,100.0,,0.0,,0.0,0.0,0.0,1.5,1.5,0.0
2021-01-23,2021-01,3,7,desktop,<Other>,organic,(organic),returning_session,4,4,68,24,9,3,0,0,0,0,2,1,0,0,1,0,1,0,0.0,0,0,0.0,50.0,50.0,0.0,,0.0,100.0,,25.0,,0.0,0.0,0.0,2.25,0.75,0.0
2021-01-23,2021-01,3,7,desktop,<Other>,(data deleted),(data deleted),returning_session,2,2,95,13,62,2,0,0,0,0,1,1,0,0,1,0,0,0,0.0,0,0,0.0,50.0,100.0,0.0,,0.0,100.0,,0.0,,0.0,0.0,0.0,31.0,1.0,0.0
2021-01-23,2021-01,3,7,tablet,<Other>,<Other>,<Other>,new_session,11,11,150,51,8,4,0,0,0,0,5,2,0,0,2,0,0,0,0.0,0,0,0.0,45.45,40.0,0.0,,0.0,100.0,,0.0,,0.0,0.0,0.0,0.73,0.36,0.0
2021-01-23,2021-01,3,7,mobile,google,cpc,<Other>,new_session,58,58,424,158,13,1,0,0,0,0,8,1,0,0,1,0,1,0,0.0,0,0,0.0,13.79,12.5,0.0,,0.0,100.0,,1.72,,0.0,0.0,0.0,0.22,0.02,0.0
2021-01-23,2021-01,3,7,desktop,(direct),(none),(direct),new_session,335,335,2889,1012,201,24,0,15,3,0,58,9,4,0,9,4,20,0,0.0,0,0,0.0,17.31,15.52,44.44,0.0,0.0,100.0,100.0,5.97,,0.0,0.0,0.0,0.6,0.07,0.04
2021-01-23,2021-01,3,7,mobile,<Other>,referral,(referral),new_session,95,95,781,280,46,2,0,3,0,0,24,2,1,0,2,1,3,0,0.0,0,0,0.0,25.26,8.33,50.0,0.0,0.0,100.0,100.0,3.16,,0.0,0.0,0.0,0.48,0.02,0.03
2021-01-23,2021-01,3,7,desktop,<Other>,<Other>,<Other>,returning_session,19,18,317,109,47,8,0,6,2,0,10,4,2,0,4,2,3,0,0.0,0,0,0.0,52.63,40.0,50.0,0.0,0.0,100.0,100.0,15.79,,0.0,0.0,0.0,2.47,0.42,0.32
2021-01-23,2021-01,3,7,desktop,shop.googlemerchandisestore.com,referral,(referral),new_session,76,76,740,265,44,6,0,3,0,0,25,4,1,0,4,1,4,0,0.0,0,0,0.0,32.89,16.0,25.0,0.0,0.0,100.0,100.0,5.26,,0.0,0.0,0.0,0.58,0.08,0.04
2021-01-23,2021-01,3,7,mobile,<Other>,<Other>,<Other>,new_session,192,192,2164,770,192,13,0,9,0,0,53,8,2,0,8,2,11,0,0.0,0,0,0.0,27.6,15.09,25.0,0.0,0.0,100.0,100.0,5.73,,0.0,0.0,0.0,1.0,0.07,0.05
2021-01-23,2021-01,3,7,desktop,(direct),(none),(direct),returning_session,79,75,943,320,102,16,0,18,4,1,22,6,5,1,6,4,22,1,81.0,7,6,1.27,27.85,27.27,83.33,20.0,4.55,100.0,80.0,27.85,81.0,1.08,1.03,0.01,1.29,0.2,0.23
2021-01-23,2021-01,3,7,desktop,<Other>,referral,(referral),new_session,112,112,965,350,31,5,0,7,2,1,22,4,2,1,4,1,8,1,0.0,0,1,0.89,19.64,18.18,50.0,50.0,4.55,100.0,50.0,7.14,0.0,0.0,0.0,0.01,0.28,0.04,0.06
2020-11-28,2020-11,47,7,tablet,google,organic,(organic),returning_session,4,4,18,6,0,0,0,0,0,0,0,0,0,0,0,0,2,0,0.0,0,0,0.0,0.0,,,,,,,50.0,,0.0,0.0,0.0,0.0,0.0,0.0
2020-11-28,2020-11,47,7,desktop,(data deleted),(data deleted),(data deleted),new_session,3,3,11,5,0,0,0,0,0,0,0,0,0,0,0,0,1,0,0.0,0,0,0.0,0.0,,,,,,,33.33,,0.0,0.0,0.0,0.0,0.0,0.0
2020-11-28,2020-11,47,7,tablet,(direct),(none),(direct),returning_session,2,2,4,1,0,0,0,0,0,0,0,0,0,0,0,0,2,0,0.0,0,0,0.0,0.0,,,,,,,100.0,,0.0,0.0,0.0,0.0,0.0,0.0
2020-11-28,2020-11,47,7,tablet,(direct),(none),(direct),new_session,11,11,94,28,0,0,0,0,0,0,0,0,0,0,0,0,5,0,0.0,0,0,0.0,0.0,,,,,,,45.45,,0.0,0.0,0.0,0.0,0.0,0.0
2020-11-28,2020-11,47,7,mobile,google,cpc,<Other>,returning_session,3,3,9,2,0,0,0,0,0,0,0,0,0,0,0,0,2,0,0.0,0,0,0.0,0.0,,,,,,,66.67,,0.0,0.0,0.0,0.0,0.0,0.0
2020-11-28,2020-11,47,7,tablet,google,cpc,<Other>,new_session,3,3,15,4,0,0,0,0,0,0,0,0,0,0,0,0,2,0,0.0,0,0,0.0,0.0,,,,,,,66.67,,0.0,0.0,0.0,0.0,0.0,0.0
2020-11-28,2020-11,47,7,tablet,<Other>,referral,(referral),returning_session,3,3,16,4,0,0,0,0,0,0,0,0,0,0,0,0,2,0,0.0,0,0,0.0,0.0,,,,,,,66.67,,0.0,0.0,0.0,0.0,0.0,0.0
2020-11-28,2020-11,47,7,tablet,<Other>,referral,(referral),new_session,2,2,8,2,0,0,0,0,0,0,0,0,0,0,0,0,2,0,0.0,0,0,0.0,0.0,,,,,,,100.0,,0.0,0.0,0.0,0.0,0.0,0.0
2020-11-28,2020-11,47,7,tablet,(data deleted),(data deleted),(data deleted),returning_session,1,1,3,1,0,0,0,0,0,0,0,0,0,0,0,0,1,0,0.0,0,0,0.0,0.0,,,,,,,100.0,,0.0,0.0,0.0,0.0,0.0,0.0
2020-11-28,2020-11,47,7,tablet,shop.googlemerchandisestore.com,referral,(referral),new_session,5,5,31,9,0,0,0,0,0,0,0,0,0,0,0,0,3,0,0.0,0,0,0.0,0.0,,,,,,,60.0,,0.0,0.0,0.0,0.0,0.0,0.0
2020-11-28,2020-11,47,7,tablet,<Other>,organic,(organic),new_session,1,1,11,3,0,0,0,0,0,0,0,0,0,0,0,0,0,0,0.0,0,0,0.0,0.0,,,,,,,0.0,,0.0,0.0,0.0,0.0,0.0,0.0
2020-11-28,2020-11,47,7,mobile,<Other>,(data deleted),(data deleted),returning_session,1,1,17,6,1,0,0,0,0,0,1,0,0,0,0,0,0,0,0.0,0,0,0.0,100.0,0.0,,,0.0,,,0.0,,0.0,0.0,0.0,1.0,0.0,0.0
2020-11-28,2020-11,47,7,mobile,(data deleted),(data deleted),(data deleted),new_session,2,2,16,6,3,3,0,0,0,0,1,1,0,0,1,0,1,0,0.0,0,0,0.0,50.0,100.0,0.0,,0.0,100.0,,50.0,,0.0,0.0,0.0,1.5,1.5,0.0
2020-11-28,2020-11,47,7,mobile,<Other>,organic,(organic),returning_session,3,3,33,9,2,0,0,0,0,0,1,0,0,0,0,0,1,0,0.0,0,0,0.0,33.33,0.0,,,0.0,,,33.33,,0.0,0.0,0.0,0.67,0.0,0.0
2020-11-28,2020-11,47,7,desktop,(data deleted),(data deleted),<Other>,returning_session,2,2,9,2,1,0,0,0,0,0,1,0,0,0,0,0,1,0,0.0,0,0,0.0,50.0,0.0,,,0.0,,,50.0,,0.0,0.0,0.0,0.5,0.0,0.0
2020-11-28,2020-11,47,7,desktop,<Other>,(data deleted),(data deleted),returning_session,3,3,15,5,1,0,0,0,0,0,1,0,0,0,0,0,2,0,0.0,0,0,0.0,33.33,0.0,,,0.0,,,66.67,,0.0,0.0,0.0,0.33,0.0,0.0
2020-11-28,2020-11,47,7,tablet,<Other>,<Other>,<Other>,returning_session,2,2,24,7,3,0,0,0,0,0,2,0,0,0,0,0,0,0,0.0,0,0,0.0,100.0,0.0,,,0.0,,,0.0,,0.0,0.0,0.0,1.5,0.0,0.0
2020-11-28,2020-11,47,7,desktop,google,cpc,<Other>,returning_session,8,8,116,29,30,6,0,0,0,0,3,1,0,0,1,0,4,0,0.0,0,0,0.0,37.5,33.33,0.0,,0.0,100.0,,50.0,,0.0,0.0,0.0,3.75,0.75,0.0
2020-11-28,2020-11,47,7,tablet,google,organic,(organic),new_session,19,19,406,145,59,3,0,1,0,0,5,2,1,0,2,1,11,0,0.0,0,0,0.0,26.32,40.0,50.0,0.0,0.0,100.0,100.0,57.89,,0.0,0.0,0.0,3.11,0.16,0.05
2020-11-28,2020-11,47,7,mobile,<Other>,organic,(organic),new_session,37,37,666,191,69,21,0,5,5,0,7,2,1,0,2,1,21,0,0.0,0,0,0.0,18.92,28.57,50.0,0.0,0.0,100.0,100.0,56.76,,0.0,0.0,0.0,1.86,0.57,0.14
2020-11-28,2020-11,47,7,tablet,shop.googlemerchandisestore.com,referral,(referral),returning_session,6,6,209,61,39,0,0,3,2,1,2,0,1,1,0,0,3,1,0.0,0,1,16.67,33.33,0.0,,100.0,50.0,,0.0,50.0,0.0,0.0,0.0,0.17,6.5,0.0,0.5
2020-11-28,2020-11,47,7,tablet,<Other>,<Other>,<Other>,new_session,8,8,396,142,68,2,0,2,2,1,3,1,2,1,1,1,3,1,14.0,1,1,12.5,37.5,33.33,200.0,50.0,33.33,100.0,50.0,37.5,14.0,1.75,1.75,0.13,8.5,0.25,0.25
2020-11-28,2020-11,47,7,desktop,<Other>,organic,(organic),returning_session,16,16,148,45,12,2,0,1,1,1,4,2,1,1,1,0,10,1,31.0,3,1,6.25,25.0,50.0,50.0,100.0,25.0,50.0,0.0,62.5,31.0,1.94,1.94,0.06,0.75,0.13,0.06
2020-11-28,2020-11,47,7,desktop,<Other>,<Other>,<Other>,returning_session,32,32,514,152,52,11,0,9,6,1,7,3,2,1,2,1,17,1,86.0,5,4,3.13,21.88,42.86,66.67,50.0,14.29,66.67,50.0,53.13,86.0,2.69,2.69,0.03,1.63,0.34,0.28
2020-11-28,2020-11,47,7,mobile,shop.googlemerchandisestore.com,referral,(referral),returning_session,58,55,633,189,56,23,0,3,3,1,8,2,2,1,2,1,30,1,30.0,1,1,1.72,13.79,25.0,100.0,50.0,12.5,100.0,50.0,51.72,30.0,0.55,0.52,0.02,0.97,0.4,0.05
2020-11-28,2020-11,47,7,mobile,google,cpc,<Other>,new_session,48,48,514,141,38,26,0,4,6,1,8,4,3,1,3,2,32,1,0.0,0,1,2.08,16.67,50.0,75.0,33.33,12.5,75.0,66.67,66.67,0.0,0.0,0.0,0.02,0.79,0.54,0.08
2020-11-28,2020-11,47,7,desktop,<Other>,organic,(organic),new_session,39,39,441,128,19,9,0,4,1,1,9,4,2,1,3,1,20,1,88.0,2,2,2.56,23.08,44.44,50.0,50.0,11.11,75.0,50.0,51.28,88.0,2.26,2.26,0.03,0.49,0.23,0.1
2020-11-28,2020-11,47,7,desktop,shop.googlemerchandisestore.com,referral,(referral),returning_session,71,68,661,163,90,52,0,1,1,1,11,4,1,1,3,0,48,1,270.0,13,13,1.41,15.49,36.36,25.0,100.0,9.09,75.0,0.0,67.61,270.0,3.97,3.8,0.01,1.27,0.73,0.01
2020-11-28,2020-11,47,7,desktop,<Other>,referral,(referral),returning_session,52,50,588,170,52,41,0,4,3,1,14,6,3,1,5,2,26,1,76.0,4,3,1.92,26.92,42.86,50.0,33.33,7.14,83.33,66.67,50.0,76.0,1.52,1.46,0.02,1.0,0.79,0.08
2020-11-28,2020-11,47,7,desktop,google,cpc,<Other>,new_session,69,69,975,283,109,21,0,9,2,1,27,7,4,1,6,3,34,1,63.0,2,2,1.45,39.13,25.93,57.14,25.0,3.7,85.71,75.0,49.28,63.0,0.91,0.91,0.01,1.58,0.3,0.13
2020-11-28,2020-11,47,7,desktop,<Other>,referral,(referral),new_session,149,149,2047,641,199,40,0,6,2,1,35,14,5,1,13,4,84,1,135.0,47,14,0.67,23.49,40.0,35.71,20.0,2.86,92.86,80.0,56.38,135.0,0.91,0.91,0.01,1.34,0.27,0.04
2020-11-28,2020-11,47,7,mobile,<Other>,<Other>,<Other>,new_session,163,163,2118,642,253,36,0,6,3,1,41,13,4,1,12,3,89,1,54.0,2,2,0.61,25.15,31.71,30.77,25.0,2.44,92.31,75.0,54.6,54.0,0.33,0.33,0.01,1.55,0.22,0.04
2020-11-28,2020-11,47,7,desktop,shop.googlemerchandisestore.com,referral,(referral),new_session,59,59,571,162,44,18,0,2,2,2,11,4,2,2,3,0,34,2,235.0,6,6,3.39,18.64,36.36,50.0,100.0,18.18,75.0,0.0,57.63,117.5,3.98,3.98,0.03,0.75,0.31,0.03
2020-11-28,2020-11,47,7,mobile,shop.googlemerchandisestore.com,referral,(referral),new_session,48,48,731,223,68,10,0,5,3,2,14,7,4,2,5,2,24,2,94.0,4,4,4.17,29.17,50.0,57.14,50.0,14.29,71.43,50.0,50.0,47.0,1.96,1.96,0.04,1.42,0.21,0.1
2020-11-28,2020-11,47,7,mobile,<Other>,referral,(referral),new_session,99,99,869,249,71,9,0,4,2,2,26,4,3,2,3,1,61,2,99.0,3,3,2.02,26.26,15.38,75.0,66.67,7.69,75.0,33.33,61.62,49.5,1.0,1.0,0.02,0.72,0.09,0.04
2020-11-28,2020-11,47,7,desktop,(direct),(none),(direct),new_session,365,365,4316,1343,365,66,0,17,3,2,83,30,14,2,29,12,199,2,143.0,4,4,0.55,22.74,36.14,46.67,14.29,2.41,96.67,85.71,54.52,71.5,0.39,0.39,0.01,1.0,0.18,0.05
2020-11-28,2020-11,47,7,mobile,(direct),(none),(direct),returning_session,75,70,1018,291,127,57,0,6,4,3,18,7,3,3,4,0,43,3,166.0,23,17,4.0,24.0,38.89,42.86,100.0,16.67,57.14,0.0,57.33,55.33,2.37,2.21,0.04,1.69,0.76,0.08
2020-11-28,2020-11,47,7,mobile,<Other>,referral,(referral),returning_session,47,47,756,230,60,30,0,8,11,4,9,6,5,4,3,1,29,4,196.0,7,8,8.51,19.15,66.67,83.33,80.0,44.44,50.0,20.0,61.7,49.0,4.17,4.17,0.09,1.28,0.64,0.17
2020-11-28,2020-11,47,7,mobile,(data deleted),(data deleted),(data deleted),returning_session,74,72,916,266,99,32,0,6,5,4,13,6,4,4,2,0,45,4,163.0,12,11,5.41,17.57,46.15,66.67,100.0,30.77,33.33,0.0,60.81,40.75,2.26,2.2,0.06,1.34,0.43,0.08
2020-11-28,2020-11,47,7,mobile,google,organic,(organic),returning_session,83,78,1168,352,115,37,0,10,8,4,20,9,6,4,6,2,54,4,726.0,51,20,4.82,24.1,45.0,66.67,66.67,20.0,66.67,33.33,65.06,181.5,9.31,8.75,0.05,1.39,0.45,0.12
2020-11-28,2020-11,47,7,desktop,(data deleted),(data deleted),(data deleted),returning_session,93,89,1270,384,113,48,0,12,8,4,25,13,10,4,9,6,51,4,354.0,13,12,4.3,26.88,52.0,76.92,40.0,16.0,69.23,60.0,54.84,88.5,3.98,3.81,0.04,1.22,0.52,0.13
2020-11-28,2020-11,47,7,desktop,<Other>,<Other>,<Other>,new_session,276,276,3431,1059,301,68,0,19,12,4,53,23,12,3,20,9,157,4,209.0,16,14,1.09,19.2,43.4,52.17,25.0,5.66,86.96,75.0,56.88,52.25,0.76,0.76,0.01,1.09,0.25,0.07
2020-11-28,2020-11,47,7,mobile,<Other>,<Other>,<Other>,returning_session,26,26,964,279,137,43,0,8,10,5,8,5,5,5,1,0,14,5,821.0,59,27,19.23,30.77,62.5,100.0,100.0,62.5,20.0,0.0,53.85,164.2,31.58,31.58,0.19,5.27,1.65,0.31
2020-11-28,2020-11,47,7,desktop,google,organic,(organic),returning_session,100,95,1458,428,128,66,0,15,16,5,24,9,6,5,6,1,52,5,338.0,23,22,5.0,24.0,37.5,66.67,83.33,20.83,66.67,16.67,52.0,67.6,3.56,3.38,0.05,1.28,0.66,0.15
2020-11-28,2020-11,47,7,mobile,google,organic,(organic),new_session,359,359,4444,1382,418,60,0,19,10,5,73,22,11,5,17,6,197,5,255.0,23,13,1.39,20.33,30.14,50.0,45.45,6.85,77.27,54.55,54.87,51.0,0.71,0.71,0.01,1.16,0.17,0.05
2020-11-28,2020-11,47,7,mobile,(direct),(none),(direct),new_session,231,231,3224,1030,300,40,0,14,10,6,52,15,11,5,10,6,132,6,441.0,17,17,2.16,22.51,28.85,73.33,45.45,9.62,66.67,54.55,57.14,73.5,1.91,1.91,0.03,1.3,0.17,0.06
2020-11-28,2020-11,47,7,desktop,google,organic,(organic),new_session,488,488,6759,2115,721,111,0,22,11,6,106,43,22,6,39,16,269,6,461.0,22,20,1.23,21.72,40.57,51.16,27.27,5.66,90.7,72.73,55.12,76.83,0.94,0.94,0.01,1.48,0.23,0.05
2020-11-28,2020-11,47,7,desktop,(direct),(none),(direct),returning_session,138,133,1888,550,205,78,0,19,21,7,29,12,9,6,7,3,91,7,544.0,44,38,4.35,21.01,41.38,75.0,66.67,20.69,58.33,33.33,65.94,77.71,4.09,3.94,0.05,1.49,0.57,0.14
2021-01-15,2021-01,2,6,tablet,<Other>,referral,(referral),returning_session,1,1,5,2,0,0,0,0,0,0,0,0,0,0,0,0,0,0,0.0,0,0,0.0,0.0,,,,,,,0.0,,0.0,0.0,0.0,0.0,0.0,0.0
2021-01-15,2021-01,2,6,tablet,<Other>,organic,(organic),new_session,3,3,13,5,0,0,0,0,0,0,0,0,0,0,0,0,1,0,0.0,0,0,0.0,0.0,,,,,,,33.33,,0.0,0.0,0.0,0.0,0.0,0.0
2021-01-15,2021-01,2,6,mobile,(data deleted),(data deleted),(data deleted),new_session,2,2,15,5,0,0,0,0,0,0,0,0,0,0,0,0,1,0,0.0,0,0,0.0,0.0,,,,,,,50.0,,0.0,0.0,0.0,0.0,0.0,0.0
2021-01-15,2021-01,2,6,desktop,(data deleted),(data deleted),(data deleted),new_session,5,5,28,11,0,0,0,0,0,0,0,0,0,0,0,0,2,0,0.0,0,0,0.0,0.0,,,,,,,40.0,,0.0,0.0,0.0,0.0,0.0,0.0
2021-01-15,2021-01,2,6,mobile,(data deleted),(data deleted),<Other>,returning_session,2,2,5,2,0,0,0,0,0,0,0,0,0,0,0,0,1,0,0.0,0,0,0.0,0.0,,,,,,,50.0,,0.0,0.0,0.0,0.0,0.0,0.0
2021-01-15,2021-01,2,6,tablet,shop.googlemerchandisestore.com,referral,(referral),new_session,4,4,22,9,0,0,0,0,0,0,0,0,0,0,0,0,0,0,0.0,0,0,0.0,0.0,,,,,,,0.0,,0.0,0.0,0.0,0.0,0.0,0.0
2021-01-15,2021-01,2,6,desktop,<Other>,(data deleted),(data deleted),returning_session,2,2,6,3,0,0,0,0,0,0,0,0,0,0,0,0,1,0,0.0,0,0,0.0,0.0,,,,,,,50.0,,0.0,0.0,0.0,0.0,0.0,0.0
2021-01-15,2021-01,2,6,tablet,(direct),(none),(direct),returning_session,3,3,34,12,5,0,0,0,0,0,1,0,0,0,0,0,0,0,0.0,0,0,0.0,33.33,0.0,,,0.0,,,0.0,,0.0,0.0,0.0,1.67,0.0,0.0
2021-01-15,2021-01,2,6,tablet,(direct),(none),(direct),new_session,17,17,192,61,16,0,0,9,0,0,4,0,1,0,0,1,0,0,0.0,0,0,0.0,23.53,0.0,,0.0,0.0,,100.0,0.0,,0.0,0.0,0.0,0.94,0.0,0.53
2021-01-15,2021-01,2,6,tablet,(data deleted),(data deleted),(data deleted),returning_session,2,2,51,16,8,0,0,0,0,0,1,0,0,0,0,0,0,0,0.0,0,0,0.0,50.0,0.0,,,0.0,,,0.0,,0.0,0.0,0.0,4.0,0.0,0.0
2021-01-15,2021-01,2,6,mobile,<Other>,organic,(organic),new_session,29,29,285,105,8,0,0,0,0,0,6,0,0,0,0,0,0,0,0.0,0,0,0.0,20.69,0.0,,,0.0,,,0.0,,0.0,0.0,0.0,0.28,0.0,0.0
2021-01-15,2021-01,2,6,tablet,<Other>,<Other>,<Other>,new_session,9,9,78,29,1,0,0,0,0,0,1,0,0,0,0,0,0,0,0.0,0,0,0.0,11.11,0.0,,,0.0,,,0.0,,0.0,0.0,0.0,0.11,0.0,0.0
2021-01-15,2021-01,2,6,mobile,<Other>,organic,(organic),returning_session,9,9,69,24,10,0,0,0,0,0,2,0,0,0,0,0,1,0,0.0,0,0,0.0,22.22,0.0,,,0.0,,,11.11,,0.0,0.0,0.0,1.11,0.0,0.0
2021-01-15,2021-01,2,6,tablet,google,organic,(organic),returning_session,5,5,60,22,6,0,0,0,0,0,3,0,0,0,0,0,0,0,0.0,0,0,0.0,60.0,0.0,,,0.0,,,0.0,,0.0,0.0,0.0,1.2,0.0,0.0
2021-01-15,2021-01,2,6,mobile,<Other>,<Other>,<Other>,returning_session,10,10,83,30,5,0,0,0,0,0,4,0,0,0,0,0,2,0,0.0,0,0,0.0,40.0,0.0,,,0.0,,,20.0,,0.0,0.0,0.0,0.5,0.0,0.0
2021-01-15,2021-01,2,6,mobile,google,cpc,<Other>,returning_session,5,5,46,17,3,0,0,0,0,0,2,0,0,0,0,0,0,0,0.0,0,0,0.0,40.0,0.0,,,0.0,,,0.0,,0.0,0.0,0.0,0.6,0.0,0.0
2021-01-15,2021-01,2,6,tablet,<Other>,referral,(referral),new_session,6,6,45,17,2,0,0,0,0,0,1,0,0,0,0,0,0,0,0.0,0,0,0.0,16.67,0.0,,,0.0,,,0.0,,0.0,0.0,0.0,0.33,0.0,0.0
2021-01-15,2021-01,2,6,tablet,google,organic,(organic),new_session,24,24,202,73,5,0,0,0,0,0,5,0,0,0,0,0,0,0,0.0,0,0,0.0,20.83,0.0,,,0.0,,,0.0,,0.0,0.0,0.0,0.21,0.0,0.0
2021-01-15,2021-01,2,6,tablet,google,cpc,<Other>,new_session,3,3,28,10,1,0,0,0,0,0,1,0,0,0,0,0,0,0,0.0,0,0,0.0,33.33,0.0,,,0.0,,,0.0,,0.0,0.0,0.0,0.33,0.0,0.0
2021-01-15,2021-01,2,6,mobile,shop.googlemerchandisestore.com,referral,(referral),new_session,69,69,570,204,32,2,0,0,0,0,10,2,0,0,2,0,4,0,0.0,0,0,0.0,14.49,20.0,0.0,,0.0,100.0,,5.8,,0.0,0.0,0.0,0.46,0.03,0.0
2021-01-15,2021-01,2,6,desktop,shop.googlemerchandisestore.com,referral,(referral),new_session,56,56,445,163,26,4,0,0,0,0,9,1,0,0,1,0,3,0,0.0,0,0,0.0,16.07,11.11,0.0,,0.0,100.0,,5.36,,0.0,0.0,0.0,0.46,0.07,0.0
2021-01-15,2021-01,2,6,desktop,<Other>,organic,(organic),new_session,56,56,519,183,25,7,0,0,0,0,9,3,0,0,3,0,3,0,0.0,0,0,0.0,16.07,33.33,0.0,,0.0,100.0,,5.36,,0.0,0.0,0.0,0.45,0.13,0.0
2021-01-15,2021-01,2,6,desktop,google,cpc,<Other>,new_session,79,79,785,280,48,10,0,0,0,0,14,3,0,0,3,0,5,0,0.0,0,0,0.0,17.72,21.43,0.0,,0.0,100.0,,6.33,,0.0,0.0,0.0,0.61,0.13,0.0
2021-01-15,2021-01,2,6,desktop,<Other>,<Other>,<Other>,returning_session,39,39,332,129,13,3,0,0,0,0,5,2,0,0,2,0,6,0,0.0,0,0,0.0,12.82,40.0,0.0,,0.0,100.0,,15.38,,0.0,0.0,0.0,0.33,0.08,0.0
2021-01-15,2021-01,2,6,desktop,<Other>,referral,(referral),new_session,183,183,1692,605,100,5,0,0,0,0,33,5,0,0,5,0,9,0,0.0,0,0,0.0,18.03,15.15,0.0,,0.0,100.0,,4.92,,0.0,0.0,0.0,0.55,0.03,0.0
2021-01-15,2021-01,2,6,mobile,(data deleted),(data deleted),(data deleted),returning_session,75,72,595,202,58,5,0,0,0,0,15,1,0,0,1,0,23,0,0.0,0,0,0.0,20.0,6.67,0.0,,0.0,100.0,,30.67,,0.0,0.0,0.0,0.77,0.07,0.0
2021-01-15,2021-01,2,6,mobile,shop.googlemerchandisestore.com,referral,(referral),returning_session,65,62,833,275,84,22,0,6,1,0,22,8,2,0,8,2,17,0,0.0,0,0,0.0,33.85,36.36,25.0,0.0,0.0,100.0,100.0,26.15,,0.0,0.0,0.0,1.29,0.34,0.09
2021-01-15,2021-01,2,6,mobile,<Other>,referral,(referral),new_session,112,112,1027,379,33,12,0,5,1,0,13,5,2,0,5,2,3,0,0.0,0,0,0.0,11.61,38.46,40.0,0.0,0.0,100.0,100.0,2.68,,0.0,0.0,0.0,0.29,0.11,0.04
2021-01-15,2021-01,2,6,desktop,google,cpc,<Other>,returning_session,13,13,190,51,45,2,0,3,1,0,6,2,1,0,2,1,4,0,0.0,0,0,0.0,46.15,33.33,50.0,0.0,0.0,100.0,100.0,30.77,,0.0,0.0,0.0,3.46,0.15,0.23
2021-01-15,2021-01,2,6,mobile,<Other>,<Other>,<Other>,new_session,242,242,2274,787,123,15,0,9,2,1,41,5,2,1,4,1,10,1,26.0,9,3,0.41,16.94,12.2,40.0,50.0,2.44,80.0,50.0,4.13,26.0,0.11,0.11,0.0,0.51,0.06,0.04
2021-01-15,2021-01,2,6,desktop,(direct),(none),(direct),new_session,449,449,3888,1378,219,46,0,20,7,2,69,9,3,2,8,1,23,2,12.0,3,3,0.45,15.37,13.04,33.33,66.67,2.9,88.89,33.33,5.12,6.0,0.03,0.03,0.0,0.49,0.1,0.04
2021-01-15,2021-01,2,6,desktop,google,organic,(organic),new_session,593,593,5259,1882,269,63,0,33,9,4,98,19,8,4,16,4,19,4,205.0,14,13,0.67,16.53,19.39,42.11,50.0,4.08,84.21,50.0,3.2,51.25,0.35,0.35,0.01,0.45,0.11,0.06
2021-01-15,2021-01,2,6,desktop,<Other>,<Other>,<Other>,new_session,291,291,2978,1016,202,61,0,21,3,2,43,11,6,2,9,4,12,2,149.0,7,7,0.69,14.78,25.58,54.55,33.33,4.65,81.82,66.67,4.12,74.5,0.51,0.51,0.01,0.69,0.21,0.07
2021-01-15,2021-01,2,6,mobile,(direct),(none),(direct),new_session,283,283,2767,962,173,36,0,18,5,2,42,11,4,2,10,2,13,2,70.0,3,3,0.71,14.84,26.19,36.36,50.0,4.76,90.91,50.0,4.59,35.0,0.25,0.25,0.01,0.61,0.13,0.06
2021-01-15,2021-01,2,6,desktop,google,organic,(organic),returning_session,117,111,1153,389,71,4,0,18,6,1,21,2,3,1,1,2,39,1,3.0,1,1,0.85,17.95,9.52,150.0,33.33,4.76,50.0,66.67,33.33,3.0,0.03,0.03,0.01,0.61,0.03,0.15
2021-01-15,2021-01,2,6,desktop,shop.googlemerchandisestore.com,referral,(referral),returning_session,77,75,792,255,59,12,0,21,7,7,17,3,1,1,2,0,22,7,351.0,11,11,1.3,22.08,17.65,33.33,100.0,5.88,66.67,0.0,28.57,50.14,4.68,4.56,0.09,0.77,0.16,0.27
2021-01-15,2021-01,2,6,mobile,google,organic,(organic),new_session,428,428,4824,1640,394,69,0,48,15,7,78,20,8,5,15,3,20,7,525.0,30,24,1.17,18.22,25.64,40.0,62.5,6.41,75.0,37.5,4.67,75.0,1.23,1.23,0.02,0.92,0.16,0.11
2021-01-15,2021-01,2,6,desktop,(data deleted),(data deleted),(data deleted),returning_session,114,112,1290,417,135,46,0,21,4,3,22,10,3,2,8,1,41,3,115.0,14,5,1.75,19.3,45.45,30.0,66.67,9.09,80.0,33.33,35.96,38.33,1.03,1.01,0.03,1.18,0.4,0.18
2021-01-15,2021-01,2,6,desktop,(direct),(none),(direct),returning_session,128,122,1758,577,181,39,0,28,7,3,33,11,5,3,10,2,33,3,91.0,4,5,2.34,25.78,33.33,45.45,60.0,9.09,90.91,40.0,25.78,30.33,0.75,0.71,0.02,1.41,0.3,0.22
2021-01-15,2021-01,2,6,mobile,google,cpc,<Other>,new_session,60,60,537,184,44,10,0,3,1,1,8,3,1,1,2,0,1,1,80.0,2,2,1.67,13.33,37.5,33.33,100.0,12.5,66.67,0.0,1.67,80.0,1.33,1.33,0.02,0.73,0.17,0.05
2021-01-15,2021-01,2,6,mobile,<Other>,referral,(referral),returning_session,23,23,471,151,54,8,0,9,2,1,7,3,2,1,2,1,4,1,78.0,2,2,4.35,30.43,42.86,66.67,50.0,14.29,66.67,50.0,17.39,78.0,3.39,3.39,0.04,2.35,0.35,0.39
2021-01-15,2021-01,2,6,mobile,google,organic,(organic),returning_session,90,86,1462,455,129,27,0,65,14,4,27,10,6,4,7,2,20,4,162.0,9,8,4.44,30.0,37.04,60.0,66.67,14.81,70.0,33.33,22.22,40.5,1.88,1.8,0.05,1.43,0.3,0.72
2021-01-15,2021-01,2,6,mobile,(direct),(none),(direct),returning_session,69,68,783,242,80,11,0,15,3,3,20,4,4,3,3,1,24,3,83.0,4,4,4.35,28.99,20.0,100.0,75.0,15.0,75.0,25.0,34.78,27.67,1.22,1.2,0.04,1.16,0.16,0.22
2021-01-15,2021-01,2,6,desktop,<Other>,referral,(referral),returning_session,61,59,787,234,112,36,0,12,4,2,13,7,3,2,5,1,17,2,51.0,4,4,3.28,21.31,53.85,42.86,66.67,15.38,71.43,33.33,27.87,25.5,0.86,0.84,0.03,1.84,0.59,0.2
2021-01-15,2021-01,2,6,desktop,<Other>,organic,(organic),returning_session,11,11,428,134,68,12,0,8,2,1,4,3,2,1,2,1,0,1,0.0,0,1,9.09,36.36,75.0,66.67,50.0,25.0,66.67,50.0,0.0,0.0,0.0,0.0,0.09,6.18,1.09,0.73
2021-01-15,2021-01,2,6,desktop,(data deleted),(data deleted),<Other>,returning_session,4,4,246,74,61,1,0,2,2,1,3,1,1,1,0,0,1,1,0.0,0,1,25.0,75.0,33.33,100.0,100.0,33.33,0.0,0.0,25.0,0.0,0.0,0.0,0.25,15.25,0.25,0.5
2021-01-15,2021-01,2,6,tablet,<Other>,<Other>,<Other>,returning_session,4,4,64,16,5,2,0,3,1,1,2,1,1,1,1,0,2,1,55.0,1,1,25.0,50.0,50.0,100.0,100.0,50.0,100.0,0.0,50.0,55.0,13.75,13.75,0.25,1.25,0.5,0.75
2021-01-15,2021-01,2,6,tablet,shop.googlemerchandisestore.com,referral,(referral),returning_session,3,3,66,20,6,1,0,3,2,1,1,1,1,1,0,0,1,1,15.0,1,1,33.33,33.33,100.0,100.0,100.0,100.0,0.0,0.0,33.33,15.0,5.0,5.0,0.33,2.0,0.33,1.0
2020-12-22,2020-12,51,3,desktop,(data deleted),(data deleted),<Other>,returning_session,2,2,11,3,0,0,0,0,0,0,0,0,0,0,0,0,1,0,0.0,0,0,0.0,0.0,,,,,,,50.0,,0.0,0.0,0.0,0.0,0.0,0.0
2020-12-22,2020-12,51,3,tablet,(data deleted),(data deleted),(data deleted),new_session,1,1,6,2,0,0,0,0,0,0,0,0,0,0,0,0,0,0,0.0,0,0,0.0,0.0,,,,,,,0.0,,0.0,0.0,0.0,0.0,0.0,0.0
2020-12-22,2020-12,51,3,tablet,shop.googlemerchandisestore.com,referral,(referral),new_session,5,5,28,6,2,0,0,0,0,0,2,0,0,0,0,0,2,0,0.0,0,0,0.0,40.0,0.0,,,0.0,,,40.0,,0.0,0.0,0.0,0.4,0.0,0.0
2020-12-22,2020-12,51,3,tablet,google,organic,(organic),returning_session,7,7,102,32,9,5,0,0,0,0,3,1,0,0,1,0,2,0,0.0,0,0,0.0,42.86,33.33,0.0,,0.0,100.0,,28.57,,0.0,0.0,0.0,1.29,0.71,0.0
2020-12-22,2020-12,51,3,tablet,(direct),(none),(direct),returning_session,6,5,23,5,2,0,0,0,0,0,2,0,0,0,0,0,4,0,0.0,0,0,0.0,33.33,0.0,,,0.0,,,66.67,,0.0,0.0,0.0,0.33,0.0,0.0
2020-12-22,2020-12,51,3,tablet,<Other>,<Other>,<Other>,new_session,9,9,67,18,6,0,0,0,0,0,2,0,0,0,0,0,6,0,0.0,0,0,0.0,22.22,0.0,,,0.0,,,66.67,,0.0,0.0,0.0,0.67,0.0,0.0
2020-12-22,2020-12,51,3,mobile,<Other>,(data deleted),(data deleted),returning_session,2,2,32,11,1,1,0,0,0,0,1,1,0,0,1,0,1,0,0.0,0,0,0.0,50.0,100.0,0.0,,0.0,100.0,,50.0,,0.0,0.0,0.0,0.5,0.5,0.0
2020-12-22,2020-12,51,3,tablet,<Other>,organic,(organic),new_session,4,4,44,11,4,0,0,0,0,0,2,0,0,0,0,0,2,0,0.0,0,0,0.0,50.0,0.0,,,0.0,,,50.0,,0.0,0.0,0.0,1.0,0.0,0.0
2020-12-22,2020-12,51,3,tablet,<Other>,organic,(organic),returning_session,1,1,6,1,0,0,0,0,0,0,0,0,0,0,0,0,1,0,0.0,0,0,0.0,0.0,,,,,,,100.0,,0.0,0.0,0.0,0.0,0.0,0.0
2020-12-22,2020-12,51,3,mobile,shop.googlemerchandisestore.com,referral,(referral),new_session,53,53,509,145,42,16,0,0,0,0,10,2,0,0,2,0,30,0,0.0,0,0,0.0,18.87,20.0,0.0,,0.0,100.0,,56.6,,0.0,0.0,0.0,0.79,0.3,0.0
2020-12-22,2020-12,51,3,tablet,shop.googlemerchandisestore.com,referral,(referral),returning_session,7,7,90,28,0,0,0,0,0,0,0,0,0,0,0,0,5,0,0.0,0,0,0.0,0.0,,,,,,,71.43,,0.0,0.0,0.0,0.0,0.0,0.0
2020-12-22,2020-12,51,3,mobile,(data deleted),(data deleted),(data deleted),new_session,3,3,24,9,2,0,0,0,0,0,1,0,0,0,0,0,1,0,0.0,0,0,0.0,33.33,0.0,,,0.0,,,33.33,,0.0,0.0,0.0,0.67,0.0,0.0
2020-12-22,2020-12,51,3,desktop,<Other>,(data deleted),(data deleted),returning_session,7,7,52,14,2,0,0,0,0,0,2,0,0,0,0,0,5,0,0.0,0,0,0.0,28.57,0.0,,,0.0,,,71.43,,0.0,0.0,0.0,0.29,0.0,0.0
2020-12-22,2020-12,51,3,desktop,(data deleted),(data deleted),(data deleted),new_session,5,5,44,16,2,0,0,0,0,0,1,0,0,0,0,0,2,0,0.0,0,0,0.0,20.0,0.0,,,0.0,,,40.0,,0.0,0.0,0.0,0.4,0.0,0.0
2020-12-22,2020-12,51,3,desktop,<Other>,organic,(organic),new_session,55,55,512,155,25,3,0,0,0,0,11,2,0,0,2,0,36,0,0.0,0,0,0.0,20.0,18.18,0.0,,0.0,100.0,,65.45,,0.0,0.0,0.0,0.45,0.05,0.0
2020-12-22,2020-12,51,3,mobile,google,cpc,<Other>,returning_session,4,4,182,48,40,18,0,0,0,0,3,2,0,0,2,0,1,0,0.0,0,0,0.0,75.0,66.67,0.0,,0.0,100.0,,25.0,,0.0,0.0,0.0,10.0,4.5,0.0
2020-12-22,2020-12,51,3,tablet,(direct),(none),(direct),new_session,10,10,58,14,0,0,0,0,0,0,0,0,0,0,0,0,7,0,0.0,0,0,0.0,0.0,,,,,,,70.0,,0.0,0.0,0.0,0.0,0.0,0.0
2020-12-22,2020-12,51,3,mobile,(data deleted),(data deleted),<Other>,returning_session,1,1,2,0,0,0,0,0,0,0,0,0,0,0,0,0,1,0,0.0,0,0,0.0,0.0,,,,,,,100.0,,0.0,0.0,0.0,0.0,0.0,0.0
2020-12-22,2020-12,51,3,mobile,google,cpc,<Other>,new_session,52,52,548,162,52,0,0,0,0,0,12,0,0,0,0,0,26,0,0.0,0,0,0.0,23.08,0.0,,,0.0,,,50.0,,0.0,0.0,0.0,1.0,0.0,0.0
2020-12-22,2020-12,51,3,tablet,google,cpc,<Other>,new_session,2,2,28,9,5,0,0,0,0,0,1,0,0,0,0,0,0,0,0.0,0,0,0.0,50.0,0.0,,,0.0,,,0.0,,0.0,0.0,0.0,2.5,0.0,0.0
2020-12-22,2020-12,51,3,tablet,<Other>,referral,(referral),returning_session,4,4,32,8,7,1,0,0,0,0,2,1,0,0,1,0,2,0,0.0,0,0,0.0,50.0,50.0,0.0,,0.0,100.0,,50.0,,0.0,0.0,0.0,1.75,0.25,0.0
2020-12-22,2020-12,51,3,mobile,<Other>,organic,(organic),returning_session,10,10,64,16,6,0,0,0,0,0,4,0,0,0,0,0,5,0,0.0,0,0,0.0,40.0,0.0,,,0.0,,,50.0,,0.0,0.0,0.0,0.6,0.0,0.0
2020-12-22,2020-12,51,3,mobile,<Other>,organic,(organic),new_session,37,37,343,97,21,11,0,6,0,0,5,3,1,0,3,1,20,0,0.0,0,0,0.0,13.51,60.0,33.33,0.0,0.0,100.0,100.0,54.05,,0.0,0.0,0.0,0.57,0.3,0.16
2020-12-22,2020-12,51,3,desktop,google,cpc,<Other>,returning_session,11,11,202,63,22,8,0,3,0,0,5,1,1,0,1,1,3,0,0.0,0,0,0.0,45.45,20.0,100.0,0.0,0.0,100.0,100.0,27.27,,0.0,0.0,0.0,2.0,0.73,0.27
2020-12-22,2020-12,51,3,desktop,shop.googlemerchandisestore.com,referral,(referral),new_session,80,80,668,172,57,11,0,3,0,0,17,1,1,0,1,1,50,0,0.0,0,0,0.0,21.25,5.88,100.0,0.0,0.0,100.0,100.0,62.5,,0.0,0.0,0.0,0.71,0.14,0.04
2020-12-22,2020-12,51,3,desktop,google,cpc,<Other>,new_session,89,89,655,184,38,3,0,3,0,0,20,3,1,0,3,1,53,0,0.0,0,0,0.0,22.47,15.0,33.33,0.0,0.0,100.0,100.0,59.55,,0.0,0.0,0.0,0.43,0.03,0.03
2020-12-22,2020-12,51,3,tablet,<Other>,referral,(referral),new_session,8,8,195,49,29,15,0,9,1,0,3,1,2,0,1,2,2,0,0.0,0,0,0.0,37.5,33.33,200.0,0.0,0.0,100.0,100.0,25.0,,0.0,0.0,0.0,3.63,1.88,1.13
2020-12-22,2020-12,51,3,desktop,<Other>,organic,(organic),returning_session,12,12,119,37,12,1,0,3,0,0,3,1,1,0,1,1,6,0,0.0,0,0,0.0,25.0,33.33,100.0,0.0,0.0,100.0,100.0,50.0,,0.0,0.0,0.0,1.0,0.08,0.25
2020-12-22,2020-12,51,3,tablet,google,organic,(organic),new_session,17,17,277,74,46,14,0,6,1,0,6,1,1,0,1,1,8,0,0.0,0,0,0.0,35.29,16.67,100.0,0.0,0.0,100.0,100.0,47.06,,0.0,0.0,0.0,2.71,0.82,0.35
2020-12-22,2020-12,51,3,desktop,(direct),(none),(direct),new_session,372,372,3755,1087,284,45,0,27,5,1,77,17,6,1,17,5,228,1,48.0,2,2,0.27,20.7,22.08,35.29,16.67,1.3,100.0,83.33,61.29,48.0,0.13,0.13,0.0,0.76,0.12,0.07
2020-12-22,2020-12,51,3,mobile,google,organic,(organic),new_session,396,396,3712,1056,270,54,0,18,3,1,89,16,3,1,15,2,217,1,8.0,2,2,0.25,22.47,17.98,18.75,33.33,1.12,93.75,66.67,54.8,8.0,0.02,0.02,0.0,0.68,0.14,0.05
2020-12-22,2020-12,51,3,mobile,<Other>,referral,(referral),returning_session,46,43,628,176,93,27,0,3,1,1,15,5,1,1,4,0,18,1,68.0,3,3,2.17,32.61,33.33,20.0,100.0,6.67,80.0,0.0,39.13,68.0,1.58,1.48,0.02,2.02,0.59,0.07
2020-12-22,2020-12,51,3,mobile,<Other>,referral,(referral),new_session,105,105,1082,298,90,42,0,3,1,1,25,7,1,1,6,0,59,1,40.0,2,2,0.95,23.81,28.0,14.29,100.0,4.0,85.71,0.0,56.19,40.0,0.38,0.38,0.01,0.86,0.4,0.03
2020-12-22,2020-12,51,3,tablet,(data deleted),(data deleted),(data deleted),returning_session,4,4,120,37,15,1,0,3,1,1,1,1,1,1,0,0,2,1,42.0,2,2,25.0,25.0,100.0,100.0,100.0,100.0,0.0,0.0,50.0,42.0,10.5,10.5,0.25,3.75,0.25,0.75
2020-12-22,2020-12,51,3,mobile,(direct),(none),(direct),returning_session,93,84,1303,379,178,41,0,12,2,2,23,7,4,2,6,2,56,2,111.0,7,6,2.15,24.73,30.43,57.14,50.0,8.7,85.71,50.0,60.22,55.5,1.32,1.19,0.02,1.91,0.44,0.13
2020-12-22,2020-12,51,3,desktop,<Other>,<Other>,<Other>,returning_session,41,37,779,236,93,17,0,24,3,2,11,4,3,2,3,1,22,2,71.0,3,2,4.88,26.83,36.36,75.0,66.67,18.18,75.0,33.33,53.66,35.5,1.92,1.73,0.05,2.27,0.41,0.59
2020-12-22,2020-12,51,3,desktop,<Other>,referral,(referral),new_session,143,143,1740,475,148,61,0,42,7,3,28,6,3,2,4,1,81,2,402.0,11,11,1.4,19.58,21.43,50.0,66.67,7.14,66.67,33.33,56.64,201.0,2.81,2.81,0.01,1.03,0.43,0.29
2020-12-22,2020-12,51,3,mobile,<Other>,<Other>,<Other>,new_session,209,209,2331,662,215,68,0,18,5,2,50,14,3,2,12,1,119,2,100.0,5,5,0.96,23.92,28.0,21.43,66.67,4.0,85.71,33.33,56.94,50.0,0.48,0.48,0.01,1.03,0.33,0.09
2020-12-22,2020-12,51,3,desktop,<Other>,referral,(referral),returning_session,54,53,834,239,102,43,0,12,3,2,11,5,2,2,3,0,34,2,106.0,5,4,3.7,20.37,45.45,40.0,100.0,18.18,60.0,0.0,62.96,53.0,2.0,1.96,0.04,1.89,0.8,0.22
2020-12-22,2020-12,51,3,mobile,<Other>,<Other>,<Other>,returning_session,26,25,516,156,63,2,0,12,4,2,11,2,2,2,1,0,14,2,92.0,5,5,7.69,42.31,18.18,100.0,100.0,18.18,50.0,0.0,53.85,46.0,3.68,3.54,0.08,2.42,0.08,0.46
2020-12-22,2020-12,51,3,desktop,google,organic,(organic),new_session,552,552,5196,1454,414,120,0,48,11,3,112,21,9,3,18,6,332,3,91.0,16,16,0.54,20.29,18.75,42.86,33.33,2.68,85.71,66.67,60.14,30.33,0.16,0.16,0.01,0.75,0.22,0.09
2020-12-22,2020-12,51,3,desktop,<Other>,<Other>,<Other>,new_session,286,286,3465,983,367,76,0,29,10,3,73,20,7,3,17,4,161,3,216.0,23,14,1.05,25.52,27.4,35.0,42.86,4.11,85.0,57.14,56.29,72.0,0.76,0.76,0.01,1.28,0.27,0.1
2020-12-22,2020-12,51,3,mobile,(direct),(none),(direct),new_session,260,260,2905,820,213,60,0,39,6,3,51,13,7,3,10,4,148,3,66.0,7,7,1.15,19.62,25.49,53.85,42.86,5.88,76.92,57.14,56.92,22.0,0.25,0.25,0.01,0.82,0.23,0.15
2020-12-22,2020-12,51,3,mobile,(data deleted),(data deleted),(data deleted),returning_session,100,98,1376,405,162,49,0,24,4,3,36,11,5,3,9,2,49,3,155.0,31,17,3.0,36.0,30.56,45.45,60.0,8.33,81.82,40.0,49.0,51.67,1.58,1.55,0.03,1.62,0.49,0.24
2020-12-22,2020-12,51,3,mobile,google,organic,(organic),returning_session,101,97,1564,497,148,31,0,18,5,3,28,10,5,3,8,2,57,3,252.0,12,6,2.97,27.72,35.71,50.0,60.0,10.71,80.0,40.0,56.44,84.0,2.6,2.5,0.03,1.47,0.31,0.18
2020-12-22,2020-12,51,3,desktop,google,organic,(organic),returning_session,133,128,2625,833,325,34,0,48,12,4,43,9,7,4,7,3,62,4,143.0,4,4,3.01,32.33,20.93,77.78,57.14,9.3,77.78,42.86,46.62,35.75,1.12,1.08,0.03,2.44,0.26,0.36
2020-12-22,2020-12,51,3,mobile,shop.googlemerchandisestore.com,referral,(referral),returning_session,76,75,1256,369,155,32,0,16,6,4,21,6,4,4,3,0,40,4,163.0,10,11,5.26,27.63,28.57,66.67,100.0,19.05,50.0,0.0,52.63,40.75,2.17,2.14,0.05,2.04,0.42,0.21
2020-12-22,2020-12,51,3,desktop,shop.googlemerchandisestore.com,referral,(referral),returning_session,96,92,1212,345,138,40,0,24,7,4,23,5,4,4,2,0,54,4,268.0,8,7,4.17,23.96,21.74,80.0,100.0,17.39,40.0,0.0,56.25,67.0,2.91,2.79,0.04,1.44,0.42,0.25
2020-12-22,2020-12,51,3,desktop,(data deleted),(data deleted),(data deleted),returning_session,135,129,1735,488,216,84,0,45,11,5,36,9,4,4,5,0,73,5,336.0,27,27,2.96,26.67,25.0,44.44,100.0,11.11,55.56,0.0,54.07,67.2,2.6,2.49,0.04,1.6,0.62,0.33
2020-12-22,2020-12,51,3,desktop,(direct),(none),(direct),returning_session,106,102,1415,375,180,60,0,45,13,8,28,11,7,7,6,0,63,8,329.0,23,14,6.6,26.42,39.29,63.64,100.0,25.0,54.55,0.0,59.43,41.13,3.23,3.1,0.08,1.7,0.57,0.42
2020-12-13,2020-12,50,1,tablet,<Other>,referral,(referral),new_session,2,2,7,2,0,0,0,0,0,0,0,0,0,0,0,0,2,0,0.0,0,0,0.0,0.0,,,,,,,100.0,,0.0,0.0,0.0,0.0,0.0,0.0
2020-12-13,2020-12,50,1,mobile,(data deleted),(data deleted),(data deleted),new_session,2,2,8,3,0,0,0,0,0,0,0,0,0,0,0,0,1,0,0.0,0,0,0.0,0.0,,,,,,,50.0,,0.0,0.0,0.0,0.0,0.0,0.0
2020-12-13,2020-12,50,1,mobile,<Other>,(data deleted),(data deleted),returning_session,1,1,3,1,0,0,0,0,0,0,0,0,0,0,0,0,1,0,0.0,0,0,0.0,0.0,,,,,,,100.0,,0.0,0.0,0.0,0.0,0.0,0.0
2020-12-13,2020-12,50,1,tablet,google,cpc,<Other>,new_session,3,3,13,3,0,0,0,0,0,0,0,0,0,0,0,0,3,0,0.0,0,0,0.0,0.0,,,,,,,100.0,,0.0,0.0,0.0,0.0,0.0,0.0
2020-12-13,2020-12,50,1,mobile,google,cpc,<Other>,returning_session,2,2,5,2,0,0,0,0,0,0,0,0,0,0,0,0,2,0,0.0,0,0,0.0,0.0,,,,,,,100.0,,0.0,0.0,0.0,0.0,0.0,0.0
2020-12-13,2020-12,50,1,tablet,shop.googlemerchandisestore.com,referral,(referral),returning_session,1,1,6,2,0,0,0,0,0,0,0,0,0,0,0,0,0,0,0.0,0,0,0.0,0.0,,,,,,,0.0,,0.0,0.0,0.0,0.0,0.0,0.0
2020-12-13,2020-12,50,1,tablet,<Other>,referral,(referral),returning_session,1,1,3,1,0,0,0,0,0,0,0,0,0,0,0,0,1,0,0.0,0,0,0.0,0.0,,,,,,,100.0,,0.0,0.0,0.0,0.0,0.0,0.0
2020-12-13,2020-12,50,1,tablet,(data deleted),(data deleted),(data deleted),returning_session,2,2,14,4,0,0,0,0,0,0,0,0,0,0,0,0,1,0,0.0,0,0,0.0,0.0,,,,,,,50.0,,0.0,0.0,0.0,0.0,0.0,0.0
2020-12-13,2020-12,50,1,tablet,shop.googlemerchandisestore.com,referral,(referral),new_session,3,3,27,9,0,0,0,0,0,0,0,0,0,0,0,0,2,0,0.0,0,0,0.0,0.0,,,,,,,66.67,,0.0,0.0,0.0,0.0,0.0,0.0
2020-12-13,2020-12,50,1,tablet,google,organic,(organic),returning_session,6,5,33,8,0,0,0,0,0,0,0,0,0,0,0,0,3,0,0.0,0,0,0.0,0.0,,,,,,,50.0,,0.0,0.0,0.0,0.0,0.0,0.0
2020-12-13,2020-12,50,1,desktop,(data deleted),(data deleted),(data deleted),new_session,3,3,73,19,15,5,0,0,0,0,1,1,0,0,1,0,1,0,0.0,0,0,0.0,33.33,100.0,0.0,,0.0,100.0,,33.33,,0.0,0.0,0.0,5.0,1.67,0.0
2020-12-13,2020-12,50,1,desktop,(data deleted),(data deleted),<Other>,returning_session,3,3,43,11,6,4,0,0,0,0,1,1,0,0,1,0,2,0,0.0,0,0,0.0,33.33,100.0,0.0,,0.0,100.0,,66.67,,0.0,0.0,0.0,2.0,1.33,0.0
2020-12-13,2020-12,50,1,desktop,google,cpc,<Other>,returning_session,7,7,135,42,11,0,0,0,0,0,1,0,0,0,0,0,3,0,0.0,0,0,0.0,14.29,0.0,,,0.0,,,42.86,,0.0,0.0,0.0,1.57,0.0,0.0
2020-12-13,2020-12,50,1,desktop,<Other>,referral,(referral),returning_session,37,37,339,95,36,21,0,0,0,0,4,1,0,0,1,0,28,0,0.0,0,0,0.0,10.81,25.0,0.0,,0.0,100.0,,75.68,,0.0,0.0,0.0,0.97,0.57,0.0
2020-12-13,2020-12,50,1,tablet,(direct),(none),(direct),new_session,12,12,81,22,2,0,0,0,0,0,2,0,0,0,0,0,6,0,0.0,0,0,0.0,16.67,0.0,,,0.0,,,50.0,,0.0,0.0,0.0,0.17,0.0,0.0
2020-12-13,2020-12,50,1,tablet,(direct),(none),(direct),returning_session,6,6,91,28,18,0,0,0,0,0,2,0,0,0,0,0,3,0,0.0,0,0,0.0,33.33,0.0,,,0.0,,,50.0,,0.0,0.0,0.0,3.0,0.0,0.0
2020-12-13,2020-12,50,1,mobile,<Other>,organic,(organic),returning_session,4,4,33,10,3,0,0,0,0,0,1,0,0,0,0,0,2,0,0.0,0,0,0.0,25.0,0.0,,,0.0,,,50.0,,0.0,0.0,0.0,0.75,0.0,0.0
2020-12-13,2020-12,50,1,desktop,shop.googlemerchandisestore.com,referral,(referral),new_session,74,74,510,137,23,6,0,0,0,0,6,2,0,0,2,0,51,0,0.0,0,0,0.0,8.11,33.33,0.0,,0.0,100.0,,68.92,,0.0,0.0,0.0,0.31,0.08,0.0
2020-12-13,2020-12,50,1,tablet,<Other>,<Other>,<Other>,new_session,16,16,90,25,1,0,0,0,0,0,1,0,0,0,0,0,12,0,0.0,0,0,0.0,6.25,0.0,,,0.0,,,75.0,,0.0,0.0,0.0,0.06,0.0,0.0
2020-12-13,2020-12,50,1,tablet,<Other>,organic,(organic),new_session,3,3,33,9,4,0,0,0,0,0,1,0,0,0,0,0,1,0,0.0,0,0,0.0,33.33,0.0,,,0.0,,,33.33,,0.0,0.0,0.0,1.33,0.0,0.0
2020-12-13,2020-12,50,1,mobile,<Other>,referral,(referral),new_session,107,107,1692,578,175,15,0,10,0,0,21,7,5,0,7,5,64,0,0.0,0,0,0.0,19.63,33.33,71.43,0.0,0.0,100.0,100.0,59.81,,0.0,0.0,0.0,1.64,0.14,0.09
2020-12-13,2020-12,50,1,desktop,google,cpc,<Other>,new_session,88,88,1037,324,102,8,0,6,2,0,13,5,3,0,5,3,61,0,0.0,0,0,0.0,14.77,38.46,60.0,0.0,0.0,100.0,100.0,69.32,,0.0,0.0,0.0,1.16,0.09,0.07
2020-12-13,2020-12,50,1,mobile,<Other>,organic,(organic),new_session,42,42,386,109,20,5,0,2,0,0,10,3,1,0,3,1,24,0,0.0,0,0,0.0,23.81,30.0,33.33,0.0,0.0,100.0,100.0,57.14,,0.0,0.0,0.0,0.48,0.12,0.05
2020-12-13,2020-12,50,1,desktop,<Other>,organic,(organic),new_session,54,54,729,234,86,12,0,2,0,0,15,4,1,0,4,1,29,0,0.0,0,0,0.0,27.78,26.67,25.0,0.0,0.0,100.0,100.0,53.7,,0.0,0.0,0.0,1.59,0.22,0.04
2020-12-13,2020-12,50,1,tablet,google,organic,(organic),new_session,21,21,195,54,14,7,0,4,0,0,3,3,2,0,3,2,16,0,0.0,0,0,0.0,14.29,100.0,66.67,0.0,0.0,100.0,100.0,76.19,,0.0,0.0,0.0,0.67,0.33,0.19
2020-12-13,2020-12,50,1,desktop,<Other>,<Other>,<Other>,new_session,275,275,3140,951,265,56,0,26,5,2,52,16,9,2,14,7,158,2,96.0,8,6,0.73,18.91,30.77,56.25,22.22,3.85,87.5,77.78,57.45,48.0,0.35,0.35,0.01,0.96,0.2,0.09
2020-12-13,2020-12,50,1,desktop,google,organic,(organic),new_session,591,591,7814,2449,710,131,0,50,13,6,107,45,21,6,39,15,338,6,395.0,20,13,1.02,18.1,42.06,46.67,28.57,5.61,86.67,71.43,57.19,65.83,0.67,0.67,0.01,1.2,0.22,0.08
2020-12-13,2020-12,50,1,mobile,google,organic,(organic),new_session,431,431,4500,1334,423,69,0,34,6,3,79,20,10,3,18,7,276,3,221.0,14,13,0.7,18.33,25.32,50.0,30.0,3.8,90.0,70.0,64.04,73.67,0.51,0.51,0.01,0.98,0.16,0.08
2020-12-13,2020-12,50,1,mobile,<Other>,<Other>,<Other>,new_session,209,209,2495,764,218,26,0,26,11,3,42,14,10,3,11,7,127,3,53.0,6,3,1.44,20.1,33.33,71.43,30.0,7.14,78.57,70.0,60.77,17.67,0.25,0.25,0.01,1.04,0.12,0.12
2020-12-13,2020-12,50,1,desktop,(direct),(none),(direct),new_session,402,402,4321,1287,372,67,0,20,5,3,64,23,9,3,20,6,262,3,136.0,8,8,0.75,15.92,35.94,39.13,33.33,4.69,86.96,66.67,65.17,45.33,0.34,0.34,0.01,0.93,0.17,0.05
2020-12-13,2020-12,50,1,mobile,google,cpc,<Other>,new_session,66,66,1188,401,149,9,0,6,1,1,13,6,3,1,5,2,39,1,95.0,2,2,1.52,19.7,46.15,50.0,33.33,7.69,83.33,66.67,59.09,95.0,1.44,1.44,0.02,2.26,0.14,0.09
2020-12-13,2020-12,50,1,mobile,(direct),(none),(direct),new_session,277,277,2784,839,216,24,0,14,9,3,46,15,7,3,13,4,176,3,147.0,6,8,1.08,16.61,32.61,46.67,42.86,6.52,86.67,57.14,63.54,49.0,0.53,0.53,0.01,0.78,0.09,0.05
2020-12-13,2020-12,50,1,desktop,<Other>,referral,(referral),new_session,160,160,2564,826,267,33,0,28,6,3,37,12,7,3,10,4,97,3,205.0,10,10,1.88,23.13,32.43,58.33,42.86,8.11,83.33,57.14,60.62,68.33,1.28,1.28,0.02,1.67,0.21,0.17
2020-12-13,2020-12,50,1,mobile,shop.googlemerchandisestore.com,referral,(referral),new_session,49,49,1154,375,143,19,0,12,3,3,12,5,4,2,3,2,29,3,211.0,7,7,4.08,24.49,41.67,80.0,50.0,16.67,60.0,50.0,59.18,70.33,4.31,4.31,0.06,2.92,0.39,0.24
2020-12-13,2020-12,50,1,desktop,(direct),(none),(direct),returning_session,112,104,1300,408,146,25,0,8,5,2,37,12,3,2,11,1,53,2,132.0,7,6,1.79,33.04,32.43,25.0,66.67,5.41,91.67,33.33,47.32,66.0,1.27,1.18,0.02,1.3,0.22,0.07
2020-12-13,2020-12,50,1,mobile,(direct),(none),(direct),returning_session,63,60,678,198,67,23,0,10,3,2,15,6,3,2,4,1,34,2,76.0,5,5,3.17,23.81,40.0,50.0,66.67,13.33,66.67,33.33,53.97,38.0,1.27,1.21,0.03,1.06,0.37,0.16
2020-12-13,2020-12,50,1,desktop,shop.googlemerchandisestore.com,referral,(referral),returning_session,74,71,1539,444,180,52,0,28,16,7,23,7,5,4,4,1,36,7,319.0,15,15,5.41,31.08,30.43,71.43,80.0,17.39,57.14,20.0,48.65,45.57,4.49,4.31,0.1,2.43,0.7,0.38
2020-12-13,2020-12,50,1,mobile,(data deleted),(data deleted),(data deleted),returning_session,61,60,1072,305,102,41,0,42,17,7,16,11,5,4,7,1,32,7,187.0,18,18,6.56,26.23,68.75,45.45,80.0,25.0,63.64,20.0,52.46,26.71,3.12,3.07,0.12,1.67,0.67,0.69
2020-12-13,2020-12,50,1,mobile,google,organic,(organic),returning_session,74,71,995,299,78,38,0,17,10,5,15,6,6,5,2,1,43,5,122.0,10,11,6.76,20.27,40.0,100.0,83.33,33.33,33.33,16.67,58.11,24.4,1.72,1.65,0.07,1.05,0.51,0.23
2020-12-13,2020-12,50,1,desktop,<Other>,<Other>,<Other>,returning_session,29,29,778,247,81,13,0,16,8,6,10,3,6,5,2,1,12,6,173.0,22,8,17.24,34.48,30.0,200.0,83.33,50.0,66.67,16.67,41.38,28.83,5.97,5.97,0.21,2.79,0.45,0.55
2020-12-13,2020-12,50,1,mobile,shop.googlemerchandisestore.com,referral,(referral),returning_session,40,40,578,185,55,20,0,4,3,1,7,4,1,1,3,0,27,1,50.0,1,1,2.5,17.5,57.14,25.0,100.0,14.29,75.0,0.0,67.5,50.0,1.25,1.25,0.03,1.38,0.5,0.1
2020-12-13,2020-12,50,1,desktop,google,organic,(organic),returning_session,113,108,1765,494,215,115,0,26,16,5,26,10,5,5,5,0,65,5,730.0,51,41,4.42,23.01,38.46,50.0,100.0,19.23,50.0,0.0,57.52,146.0,6.76,6.46,0.05,1.9,1.02,0.23
2020-12-13,2020-12,50,1,desktop,(data deleted),(data deleted),(data deleted),returning_session,101,98,1386,408,168,43,0,18,8,7,19,5,4,4,2,0,65,7,643.0,37,29,3.96,18.81,26.32,80.0,100.0,21.05,40.0,0.0,64.36,91.86,6.56,6.37,0.07,1.66,0.43,0.18
2020-12-13,2020-12,50,1,mobile,<Other>,referral,(referral),returning_session,36,35,565,169,67,26,0,6,2,2,9,4,2,2,2,0,17,2,145.0,10,10,5.56,25.0,44.44,50.0,100.0,22.22,50.0,0.0,47.22,72.5,4.14,4.03,0.06,1.86,0.72,0.17
2020-12-13,2020-12,50,1,desktop,<Other>,organic,(organic),returning_session,16,16,190,55,17,10,0,2,1,1,4,2,1,1,1,0,9,1,54.0,2,2,6.25,25.0,50.0,50.0,100.0,25.0,50.0,0.0,56.25,54.0,3.38,3.38,0.06,1.06,0.63,0.13
2020-12-13,2020-12,50,1,mobile,<Other>,<Other>,<Other>,returning_session,20,19,489,151,60,15,0,6,3,2,4,3,2,2,2,0,12,2,231.0,7,6,10.0,20.0,75.0,66.67,100.0,50.0,66.67,0.0,60.0,115.5,12.16,11.55,0.11,3.0,0.75,0.3
2021-01-31,2021-01,5,1,desktop,<Other>,(data deleted),(data deleted),returning_session,1,1,1,0,0,0,0,0,0,0,0,0,0,0,0,0,1,0,0.0,0,0,0.0,0.0,,,,,,,100.0,,0.0,0.0,0.0,0.0,0.0,0.0
2021-01-31,2021-01,5,1,tablet,google,cpc,<Other>,new_session,4,4,30,11,0,0,0,0,0,0,0,0,0,0,0,0,0,0,0.0,0,0,0.0,0.0,,,,,,,0.0,,0.0,0.0,0.0,0.0,0.0,0.0
2021-01-31,2021-01,5,1,desktop,(data deleted),(data deleted),(data deleted),new_session,9,9,70,28,0,0,0,0,0,0,0,0,0,0,0,0,2,0,0.0,0,0,0.0,0.0,,,,,,,22.22,,0.0,0.0,0.0,0.0,0.0,0.0
2021-01-31,2021-01,5,1,tablet,google,organic,(organic),returning_session,4,3,29,13,0,0,0,0,0,0,0,0,0,0,0,0,0,0,0.0,0,0,0.0,0.0,,,,,,,0.0,,0.0,0.0,0.0,0.0,0.0,0.0
2021-01-31,2021-01,5,1,desktop,<Other>,organic,(organic),returning_session,5,5,24,9,0,0,0,0,0,0,0,0,0,0,0,0,1,0,0.0,0,0,0.0,0.0,,,,,,,20.0,,0.0,0.0,0.0,0.0,0.0,0.0
2021-01-31,2021-01,5,1,mobile,<Other>,organic,(organic),returning_session,3,3,11,4,0,0,0,0,0,0,0,0,0,0,0,0,1,0,0.0,0,0,0.0,0.0,,,,,,,33.33,,0.0,0.0,0.0,0.0,0.0,0.0
2021-01-31,2021-01,5,1,tablet,<Other>,organic,(organic),new_session,1,1,5,2,0,0,0,0,0,0,0,0,0,0,0,0,0,0,0.0,0,0,0.0,0.0,,,,,,,0.0,,0.0,0.0,0.0,0.0,0.0,0.0
2021-01-31,2021-01,5,1,mobile,<Other>,(data deleted),(data deleted),returning_session,2,2,10,4,0,0,0,0,0,0,0,0,0,0,0,0,0,0,0.0,0,0,0.0,0.0,,,,,,,0.0,,0.0,0.0,0.0,0.0,0.0,0.0
2021-01-31,2021-01,5,1,tablet,<Other>,<Other>,<Other>,returning_session,1,1,5,2,0,0,0,0,0,0,0,0,0,0,0,0,0,0,0.0,0,0,0.0,0.0,,,,,,,0.0,,0.0,0.0,0.0,0.0,0.0,0.0
2021-01-31,2021-01,5,1,mobile,google,cpc,<Other>,returning_session,3,3,10,4,0,0,0,0,0,0,0,0,0,0,0,0,1,0,0.0,0,0,0.0,0.0,,,,,,,33.33,,0.0,0.0,0.0,0.0,0.0,0.0
2021-01-31,2021-01,5,1,tablet,(data deleted),(data deleted),(data deleted),returning_session,2,2,4,0,0,0,0,0,0,0,0,0,0,0,0,0,2,0,0.0,0,0,0.0,0.0,,,,,,,100.0,,0.0,0.0,0.0,0.0,0.0,0.0
2021-01-31,2021-01,5,1,mobile,(direct),(none),(direct),returning_session,58,57,619,210,64,21,0,0,0,0,13,4,0,0,4,0,19,0,0.0,0,0,0.0,22.41,30.77,0.0,,0.0,100.0,,32.76,,0.0,0.0,0.0,1.1,0.36,0.0
2021-01-31,2021-01,5,1,mobile,google,cpc,<Other>,new_session,56,56,507,185,25,0,0,0,0,0,8,0,0,0,0,0,3,0,0.0,0,0,0.0,14.29,0.0,,,0.0,,,5.36,,0.0,0.0,0.0,0.45,0.0,0.0
2021-01-31,2021-01,5,1,mobile,shop.googlemerchandisestore.com,referral,(referral),new_session,54,54,419,154,28,3,0,0,0,0,9,1,0,0,1,0,5,0,0.0,0,0,0.0,16.67,11.11,0.0,,0.0,100.0,,9.26,,0.0,0.0,0.0,0.52,0.06,0.0
2021-01-31,2021-01,5,1,desktop,google,cpc,<Other>,new_session,81,81,636,229,42,0,0,0,0,0,16,0,0,0,0,0,6,0,0.0,0,0,0.0,19.75,0.0,,,0.0,,,7.41,,0.0,0.0,0.0,0.52,0.0,0.0
2021-01-31,2021-01,5,1,desktop,(data deleted),(data deleted),<Other>,returning_session,4,4,17,6,1,0,0,0,0,0,1,0,0,0,0,0,2,0,0.0,0,0,0.0,25.0,0.0,,,0.0,,,50.0,,0.0,0.0,0.0,0.25,0.0,0.0
2021-01-31,2021-01,5,1,mobile,(data deleted),(data deleted),(data deleted),new_session,8,8,83,30,6,0,0,0,0,0,2,0,0,0,0,0,2,0,0.0,0,0,0.0,25.0,0.0,,,0.0,,,25.0,,0.0,0.0,0.0,0.75,0.0,0.0
2021-01-31,2021-01,5,1,desktop,shop.googlemerchandisestore.com,referral,(referral),new_session,62,62,573,210,37,2,0,0,0,0,13,1,0,0,1,0,2,0,0.0,0,0,0.0,20.97,7.69,0.0,,0.0,100.0,,3.23,,0.0,0.0,0.0,0.6,0.03,0.0
2021-01-31,2021-01,5,1,tablet,(direct),(none),(direct),returning_session,4,4,43,14,2,0,0,0,0,0,1,0,0,0,0,0,2,0,0.0,0,0,0.0,25.0,0.0,,,0.0,,,50.0,,0.0,0.0,0.0,0.5,0.0,0.0
2021-01-31,2021-01,5,1,tablet,<Other>,referral,(referral),new_session,10,10,65,23,4,0,0,0,0,0,1,0,0,0,0,0,0,0,0.0,0,0,0.0,10.0,0.0,,,0.0,,,0.0,,0.0,0.0,0.0,0.4,0.0,0.0
2021-01-31,2021-01,5,1,tablet,google,organic,(organic),new_session,23,23,170,59,4,0,0,0,0,0,2,0,0,0,0,0,2,0,0.0,0,0,0.0,8.7,0.0,,,0.0,,,8.7,,0.0,0.0,0.0,0.17,0.0,0.0
2021-01-31,2021-01,5,1,mobile,<Other>,organic,(organic),new_session,30,30,290,103,14,0,0,0,0,0,5,0,0,0,0,0,2,0,0.0,0,0,0.0,16.67,0.0,,,0.0,,,6.67,,0.0,0.0,0.0,0.47,0.0,0.0
2021-01-31,2021-01,5,1,tablet,(direct),(none),(direct),new_session,9,9,51,19,2,0,0,0,0,0,1,0,0,0,0,0,0,0,0.0,0,0,0.0,11.11,0.0,,,0.0,,,0.0,,0.0,0.0,0.0,0.22,0.0,0.0
2021-01-31,2021-01,5,1,desktop,<Other>,<Other>,<Other>,returning_session,22,22,224,85,14,0,0,0,0,0,4,0,0,0,0,0,6,0,0.0,0,0,0.0,18.18,0.0,,,0.0,,,27.27,,0.0,0.0,0.0,0.64,0.0,0.0
2021-01-31,2021-01,5,1,mobile,<Other>,referral,(referral),new_session,79,79,636,239,31,0,0,0,0,0,18,0,0,0,0,0,6,0,0.0,0,0,0.0,22.78,0.0,,,0.0,,,7.59,,0.0,0.0,0.0,0.39,0.0,0.0
2021-01-31,2021-01,5,1,tablet,shop.googlemerchandisestore.com,referral,(referral),new_session,4,4,60,21,3,1,0,6,0,0,2,1,1,0,1,1,0,0,0.0,0,0,0.0,50.0,50.0,100.0,0.0,0.0,100.0,100.0,0.0,,0.0,0.0,0.0,0.75,0.25,1.5
2021-01-31,2021-01,5,1,desktop,<Other>,referral,(referral),returning_session,36,35,251,87,15,1,0,2,0,0,6,1,1,0,1,1,14,0,0.0,0,0,0.0,16.67,16.67,100.0,0.0,0.0,100.0,100.0,38.89,,0.0,0.0,0.0,0.42,0.03,0.06
2021-01-31,2021-01,5,1,desktop,<Other>,organic,(organic),new_session,28,28,309,109,23,2,0,2,0,0,7,1,1,0,1,1,1,0,0.0,0,0,0.0,25.0,14.29,100.0,0.0,0.0,100.0,100.0,3.57,,0.0,0.0,0.0,0.82,0.07,0.07
2021-01-31,2021-01,5,1,mobile,<Other>,<Other>,<Other>,returning_session,12,12,117,46,9,0,0,3,2,0,4,0,1,0,0,1,1,0,0.0,0,0,0.0,33.33,0.0,,0.0,0.0,,100.0,8.33,,0.0,0.0,0.0,0.75,0.0,0.25
2021-01-31,2021-01,5,1,mobile,(data deleted),(data deleted),<Other>,returning_session,1,1,41,12,2,1,0,4,1,0,1,1,1,0,1,1,0,0,0.0,0,0,0.0,100.0,100.0,100.0,0.0,0.0,100.0,100.0,0.0,,0.0,0.0,0.0,2.0,1.0,4.0
2021-01-31,2021-01,5,1,mobile,google,organic,(organic),returning_session,53,50,399,152,31,2,0,3,1,0,13,2,1,0,2,1,15,0,0.0,0,0,0.0,24.53,15.38,50.0,0.0,0.0,100.0,100.0,28.3,,0.0,0.0,0.0,0.58,0.04,0.06
2021-01-31,2021-01,5,1,mobile,<Other>,referral,(referral),returning_session,27,27,269,85,30,5,0,2,0,0,9,2,1,0,2,1,12,0,0.0,0,0,0.0,33.33,22.22,50.0,0.0,0.0,100.0,100.0,44.44,,0.0,0.0,0.0,1.11,0.19,0.07
2021-01-31,2021-01,5,1,desktop,google,cpc,<Other>,returning_session,10,10,179,59,25,1,0,4,3,0,3,1,1,0,1,1,3,0,0.0,0,0,0.0,30.0,33.33,100.0,0.0,0.0,100.0,100.0,30.0,,0.0,0.0,0.0,2.5,0.1,0.4
2021-01-31,2021-01,5,1,mobile,(direct),(none),(direct),new_session,206,206,2085,746,137,9,0,18,0,0,41,8,2,0,8,2,13,0,0.0,0,0,0.0,19.9,19.51,25.0,0.0,0.0,100.0,100.0,6.31,,0.0,0.0,0.0,0.67,0.04,0.09
2021-01-31,2021-01,5,1,desktop,<Other>,referral,(referral),new_session,113,113,998,363,58,2,0,10,3,0,23,1,2,0,1,2,3,0,0.0,0,0,0.0,20.35,4.35,200.0,0.0,0.0,100.0,100.0,2.65,,0.0,0.0,0.0,0.51,0.02,0.09
2021-01-31,2021-01,5,1,desktop,shop.googlemerchandisestore.com,referral,(referral),returning_session,58,56,421,150,19,4,0,4,4,0,8,2,1,0,2,1,17,0,0.0,0,0,0.0,13.79,25.0,50.0,0.0,0.0,100.0,100.0,29.31,,0.0,0.0,0.0,0.33,0.07,0.07
2021-01-31,2021-01,5,1,desktop,google,organic,(organic),new_session,455,455,3948,1438,245,27,0,21,2,0,91,13,6,0,13,6,30,0,0.0,0,0,0.0,20.0,14.29,46.15,0.0,0.0,100.0,100.0,6.59,,0.0,0.0,0.0,0.54,0.06,0.05
2021-01-31,2021-01,5,1,desktop,<Other>,<Other>,<Other>,new_session,222,222,1998,714,130,36,0,10,3,1,43,11,4,1,11,3,13,1,0.0,0,1,0.45,19.37,25.58,36.36,25.0,2.33,100.0,75.0,5.86,0.0,0.0,0.0,0.0,0.59,0.16,0.05
2021-01-31,2021-01,5,1,desktop,(direct),(none),(direct),new_session,285,285,2846,1013,235,30,0,27,4,2,59,6,4,2,4,2,20,2,0.0,0,2,0.7,20.7,10.17,66.67,50.0,3.39,66.67,50.0,7.02,0.0,0.0,0.0,0.01,0.82,0.11,0.09
2021-01-31,2021-01,5,1,mobile,google,organic,(organic),new_session,304,304,2722,955,165,50,0,12,3,3,55,12,5,2,10,3,23,2,0.0,0,3,0.66,18.09,21.82,41.67,40.0,3.64,83.33,60.0,7.57,0.0,0.0,0.0,0.01,0.54,0.16,0.04
2021-01-31,2021-01,5,1,desktop,(data deleted),(data deleted),(data deleted),returning_session,81,78,701,258,56,13,0,2,2,1,18,5,1,1,4,0,23,1,0.0,0,1,1.23,22.22,27.78,20.0,100.0,5.56,80.0,0.0,28.4,0.0,0.0,0.0,0.01,0.69,0.16,0.02
2021-01-31,2021-01,5,1,mobile,<Other>,<Other>,<Other>,new_session,140,140,1210,425,62,15,0,14,4,2,27,5,4,2,3,2,3,2,0.0,0,2,1.43,19.29,18.52,80.0,50.0,7.41,60.0,50.0,2.14,0.0,0.0,0.0,0.01,0.44,0.11,0.1
2021-01-31,2021-01,5,1,mobile,(data deleted),(data deleted),(data deleted),returning_session,58,56,512,182,30,8,0,19,5,1,12,4,2,1,3,1,16,1,0.0,0,1,1.72,20.69,33.33,50.0,50.0,8.33,75.0,50.0,27.59,0.0,0.0,0.0,0.02,0.52,0.14,0.33
2021-01-31,2021-01,5,1,mobile,shop.googlemerchandisestore.com,referral,(referral),returning_session,48,48,664,301,37,9,0,16,2,1,11,3,4,1,2,3,20,1,0.0,0,1,2.08,22.92,27.27,133.33,25.0,9.09,66.67,75.0,41.67,0.0,0.0,0.0,0.02,0.77,0.19,0.33
2021-01-31,2021-01,5,1,desktop,google,organic,(organic),returning_session,68,64,602,225,48,5,0,7,3,2,16,4,3,2,3,1,12,2,0.0,0,2,2.94,23.53,25.0,75.0,66.67,12.5,75.0,33.33,17.65,0.0,0.0,0.0,0.03,0.71,0.07,0.1
2021-01-31,2021-01,5,1,desktop,(direct),(none),(direct),returning_session,85,81,1416,443,182,45,0,40,10,5,23,13,9,5,8,4,28,5,0.0,0,5,5.88,27.06,56.52,69.23,55.56,21.74,61.54,44.44,32.94,0.0,0.0,0.0,0.06,2.14,0.53,0.47
2021-01-31,2021-01,5,1,tablet,<Other>,<Other>,<Other>,new_session,9,9,153,52,8,1,0,8,1,1,3,1,1,1,0,0,0,1,0.0,0,1,11.11,33.33,33.33,100.0,100.0,33.33,0.0,0.0,0.0,0.0,0.0,0.0,0.11,0.89,0.11,0.89
2021-01-10,2021-01,2,1,desktop,google,cpc,<Other>,returning_session,5,5,42,17,0,0,0,0,0,0,0,0,0,0,0,0,0,0,0.0,0,0,0.0,0.0,,,,,,,0.0,,0.0,0.0,0.0,0.0,0.0,0.0
2021-01-10,2021-01,2,1,tablet,shop.googlemerchandisestore.com,referral,(referral),new_session,1,1,5,2,0,0,0,0,0,0,0,0,0,0,0,0,0,0,0.0,0,0,0.0,0.0,,,,,,,0.0,,0.0,0.0,0.0,0.0,0.0,0.0
2021-01-10,2021-01,2,1,mobile,<Other>,(data deleted),(data deleted),returning_session,3,3,18,8,0,0,0,0,0,0,0,0,0,0,0,0,0,0,0.0,0,0,0.0,0.0,,,,,,,0.0,,0.0,0.0,0.0,0.0,0.0,0.0
2021-01-10,2021-01,2,1,tablet,<Other>,referral,(referral),new_session,2,2,11,6,0,0,0,0,0,0,0,0,0,0,0,0,0,0,0.0,0,0,0.0,0.0,,,,,,,0.0,,0.0,0.0,0.0,0.0,0.0,0.0
2021-01-10,2021-01,2,1,tablet,google,cpc,<Other>,returning_session,1,1,4,2,0,0,0,0,0,0,0,0,0,0,0,0,0,0,0.0,0,0,0.0,0.0,,,,,,,0.0,,0.0,0.0,0.0,0.0,0.0,0.0
2021-01-10,2021-01,2,1,mobile,(data deleted),(data deleted),<Other>,returning_session,2,2,8,4,0,0,0,0,0,0,0,0,0,0,0,0,0,0,0.0,0,0,0.0,0.0,,,,,,,0.0,,0.0,0.0,0.0,0.0,0.0,0.0
2021-01-10,2021-01,2,1,tablet,(data deleted),(data deleted),(data deleted),returning_session,1,1,2,0,0,0,0,0,0,0,0,0,0,0,0,0,1,0,0.0,0,0,0.0,0.0,,,,,,,100.0,,0.0,0.0,0.0,0.0,0.0,0.0
2021-01-10,2021-01,2,1,tablet,<Other>,<Other>,<Other>,new_session,11,11,68,26,0,0,0,0,0,0,0,0,0,0,0,0,0,0,0.0,0,0,0.0,0.0,,,,,,,0.0,,0.0,0.0,0.0,0.0,0.0,0.0
2021-01-10,2021-01,2,1,mobile,google,cpc,<Other>,returning_session,3,3,8,2,0,0,0,0,0,0,0,0,0,0,0,0,2,0,0.0,0,0,0.0,0.0,,,,,,,66.67,,0.0,0.0,0.0,0.0,0.0,0.0
2021-01-10,2021-01,2,1,desktop,<Other>,organic,(organic),returning_session,1,1,19,7,0,0,0,0,0,0,0,0,0,0,0,0,0,0,0.0,0,0,0.0,0.0,,,,,,,0.0,,0.0,0.0,0.0,0.0,0.0,0.0
2021-01-10,2021-01,2,1,desktop,(data deleted),(data deleted),(data deleted),new_session,5,5,15,5,0,0,0,0,0,0,0,0,0,0,0,0,4,0,0.0,0,0,0.0,0.0,,,,,,,80.0,,0.0,0.0,0.0,0.0,0.0,0.0
2021-01-10,2021-01,2,1,tablet,shop.googlemerchandisestore.com,referral,(referral),returning_session,1,1,3,2,0,0,0,0,0,0,0,0,0,0,0,0,0,0,0.0,0,0,0.0,0.0,,,,,,,0.0,,0.0,0.0,0.0,0.0,0.0,0.0
2021-01-10,2021-01,2,1,mobile,<Other>,organic,(organic),returning_session,6,6,95,34,11,0,0,0,0,0,2,0,0,0,0,0,2,0,0.0,0,0,0.0,33.33,0.0,,,0.0,,,33.33,,0.0,0.0,0.0,1.83,0.0,0.0
2021-01-10,2021-01,2,1,tablet,<Other>,<Other>,<Other>,returning_session,1,1,6,3,1,0,0,0,0,0,1,0,0,0,0,0,0,0,0.0,0,0,0.0,100.0,0.0,,,0.0,,,0.0,,0.0,0.0,0.0,1.0,0.0,0.0
2021-01-10,2021-01,2,1,mobile,shop.googlemerchandisestore.com,referral,(referral),new_session,50,50,350,126,9,0,0,0,0,0,6,0,0,0,0,0,3,0,0.0,0,0,0.0,12.0,0.0,,,0.0,,,6.0,,0.0,0.0,0.0,0.18,0.0,0.0
2021-01-10,2021-01,2,1,tablet,google,organic,(organic),returning_session,4,3,28,10,2,0,0,0,0,0,1,0,0,0,0,0,1,0,0.0,0,0,0.0,25.0,0.0,,,0.0,,,25.0,,0.0,0.0,0.0,0.5,0.0,0.0
2021-01-10,2021-01,2,1,tablet,(direct),(none),(direct),new_session,9,9,92,32,7,0,0,0,0,0,2,0,0,0,0,0,0,0,0.0,0,0,0.0,22.22,0.0,,,0.0,,,0.0,,0.0,0.0,0.0,0.78,0.0,0.0
2021-01-10,2021-01,2,1,mobile,<Other>,<Other>,<Other>,returning_session,14,14,52,14,3,0,0,0,0,0,2,0,0,0,0,0,9,0,0.0,0,0,0.0,14.29,0.0,,,0.0,,,64.29,,0.0,0.0,0.0,0.21,0.0,0.0
2021-01-10,2021-01,2,1,desktop,<Other>,referral,(referral),returning_session,41,40,292,113,4,0,0,0,0,0,3,0,0,0,0,0,8,0,0.0,0,0,0.0,7.32,0.0,,,0.0,,,19.51,,0.0,0.0,0.0,0.1,0.0,0.0
2021-01-10,2021-01,2,1,mobile,(data deleted),(data deleted),(data deleted),new_session,2,2,22,6,6,0,0,0,0,0,2,0,0,0,0,0,0,0,0.0,0,0,0.0,100.0,0.0,,,0.0,,,0.0,,0.0,0.0,0.0,3.0,0.0,0.0
2021-01-10,2021-01,2,1,tablet,(direct),(none),(direct),returning_session,2,2,31,8,7,0,0,0,0,0,1,0,0,0,0,0,1,0,0.0,0,0,0.0,50.0,0.0,,,0.0,,,50.0,,0.0,0.0,0.0,3.5,0.0,0.0
2021-01-10,2021-01,2,1,mobile,google,cpc,<Other>,new_session,52,52,435,155,14,0,0,0,0,0,9,0,0,0,0,0,2,0,0.0,0,0,0.0,17.31,0.0,,,0.0,,,3.85,,0.0,0.0,0.0,0.27,0.0,0.0
2021-01-10,2021-01,2,1,desktop,google,cpc,<Other>,new_session,86,86,724,261,31,9,0,0,0,0,12,1,0,0,1,0,5,0,0.0,0,0,0.0,13.95,8.33,0.0,,0.0,100.0,,5.81,,0.0,0.0,0.0,0.36,0.1,0.0
2021-01-10,2021-01,2,1,mobile,<Other>,referral,(referral),new_session,72,72,692,242,52,6,0,0,0,0,16,3,0,0,3,0,4,0,0.0,0,0,0.0,22.22,18.75,0.0,,0.0,100.0,,5.56,,0.0,0.0,0.0,0.72,0.08,0.0
2021-01-10,2021-01,2,1,tablet,google,cpc,<Other>,new_session,6,6,123,39,13,11,0,0,0,0,2,1,0,0,1,0,1,0,0.0,0,0,0.0,33.33,50.0,0.0,,0.0,100.0,,16.67,,0.0,0.0,0.0,2.17,1.83,0.0
2021-01-10,2021-01,2,1,desktop,(data deleted),(data deleted),(data deleted),returning_session,67,64,515,184,54,11,0,0,0,0,11,2,0,0,2,0,13,0,0.0,0,0,0.0,16.42,18.18,0.0,,0.0,100.0,,19.4,,0.0,0.0,0.0,0.81,0.16,0.0
2021-01-10,2021-01,2,1,tablet,google,organic,(organic),new_session,16,16,173,54,17,7,0,0,0,0,5,2,0,0,2,0,3,0,0.0,0,0,0.0,31.25,40.0,0.0,,0.0,100.0,,18.75,,0.0,0.0,0.0,1.06,0.44,0.0
2021-01-10,2021-01,2,1,desktop,<Other>,(data deleted),(data deleted),returning_session,1,1,53,20,5,2,0,0,0,0,1,1,0,0,1,0,0,0,0.0,0,0,0.0,100.0,100.0,0.0,,0.0,100.0,,0.0,,0.0,0.0,0.0,5.0,2.0,0.0
2021-01-10,2021-01,2,1,desktop,<Other>,organic,(organic),new_session,52,52,393,149,10,1,0,0,0,0,6,1,0,0,1,0,3,0,0.0,0,0,0.0,11.54,16.67,0.0,,0.0,100.0,,5.77,,0.0,0.0,0.0,0.19,0.02,0.0
2021-01-10,2021-01,2,1,mobile,(direct),(none),(direct),returning_session,36,34,207,80,9,1,0,0,0,0,5,1,0,0,1,0,11,0,0.0,0,0,0.0,13.89,20.0,0.0,,0.0,100.0,,30.56,,0.0,0.0,0.0,0.25,0.03,0.0
2021-01-10,2021-01,2,1,mobile,shop.googlemerchandisestore.com,referral,(referral),returning_session,40,39,337,125,34,1,0,0,0,0,7,1,0,0,1,0,12,0,0.0,0,0,0.0,17.5,14.29,0.0,,0.0,100.0,,30.0,,0.0,0.0,0.0,0.85,0.03,0.0
2021-01-10,2021-01,2,1,tablet,<Other>,referral,(referral),returning_session,4,4,65,23,7,3,0,0,0,0,1,1,0,0,1,0,0,0,0.0,0,0,0.0,25.0,100.0,0.0,,0.0,100.0,,0.0,,0.0,0.0,0.0,1.75,0.75,0.0
2021-01-10,2021-01,2,1,desktop,<Other>,referral,(referral),new_session,104,104,1041,349,96,14,0,3,0,0,19,6,1,0,6,1,2,0,0.0,0,0,0.0,18.27,31.58,16.67,0.0,0.0,100.0,100.0,1.92,,0.0,0.0,0.0,0.92,0.13,0.03
2021-01-10,2021-01,2,1,mobile,google,organic,(organic),returning_session,63,61,696,242,71,9,0,6,0,0,15,4,1,0,4,1,19,0,0.0,0,0,0.0,23.81,26.67,25.0,0.0,0.0,100.0,100.0,30.16,,0.0,0.0,0.0,1.13,0.14,0.1
2021-01-10,2021-01,2,1,desktop,google,organic,(organic),returning_session,81,76,559,200,27,3,0,9,0,0,13,3,1,0,3,1,24,0,0.0,0,0,0.0,16.05,23.08,33.33,0.0,0.0,100.0,100.0,29.63,,0.0,0.0,0.0,0.33,0.04,0.11
2021-01-10,2021-01,2,1,desktop,<Other>,<Other>,<Other>,returning_session,17,17,124,42,9,7,0,3,1,0,5,3,1,0,3,1,5,0,0.0,0,0,0.0,29.41,60.0,33.33,0.0,0.0,100.0,100.0,29.41,,0.0,0.0,0.0,0.53,0.41,0.18
2021-01-10,2021-01,2,1,mobile,<Other>,referral,(referral),returning_session,25,25,218,71,18,5,0,3,0,0,4,3,1,0,3,1,10,0,0.0,0,0,0.0,16.0,75.0,33.33,0.0,0.0,100.0,100.0,40.0,,0.0,0.0,0.0,0.72,0.2,0.12
2021-01-10,2021-01,2,1,mobile,(data deleted),(data deleted),(data deleted),returning_session,53,52,524,188,54,11,0,3,1,0,8,1,1,0,1,1,14,0,0.0,0,0,0.0,15.09,12.5,100.0,0.0,0.0,100.0,100.0,26.42,,0.0,0.0,0.0,1.02,0.21,0.06
2021-01-10,2021-01,2,1,mobile,<Other>,organic,(organic),new_session,36,36,387,130,19,5,0,3,0,0,5,1,1,0,1,1,2,0,0.0,0,0,0.0,13.89,20.0,100.0,0.0,0.0,100.0,100.0,5.56,,0.0,0.0,0.0,0.53,0.14,0.08
2021-01-10,2021-01,2,1,tablet,<Other>,organic,(organic),new_session,5,5,75,25,2,1,0,6,0,0,2,1,1,0,1,1,0,0,0.0,0,0,0.0,40.0,50.0,100.0,0.0,0.0,100.0,100.0,0.0,,0.0,0.0,0.0,0.4,0.2,1.2
2021-01-10,2021-01,2,1,desktop,shop.googlemerchandisestore.com,referral,(referral),new_session,66,66,891,297,71,13,0,9,2,0,9,1,2,0,1,2,3,0,0.0,0,0,0.0,13.64,11.11,200.0,0.0,0.0,100.0,100.0,4.55,,0.0,0.0,0.0,1.08,0.2,0.14
2021-01-10,2021-01,2,1,desktop,google,organic,(organic),new_session,484,484,3958,1425,182,27,0,21,4,1,61,6,3,1,5,2,23,1,214.0,9,6,0.21,12.6,9.84,50.0,33.33,1.64,83.33,66.67,4.75,214.0,0.44,0.44,0.0,0.38,0.06,0.04
2021-01-10,2021-01,2,1,desktop,(direct),(none),(direct),new_session,329,329,2657,974,143,12,0,6,1,1,44,3,2,1,2,1,15,1,37.0,1,1,0.3,13.37,6.82,66.67,50.0,2.27,66.67,50.0,4.56,37.0,0.11,0.11,0.0,0.43,0.04,0.02
2021-01-10,2021-01,2,1,desktop,<Other>,<Other>,<Other>,new_session,232,232,2115,741,134,30,0,9,1,1,40,8,3,1,7,2,8,1,39.0,11,10,0.43,17.24,20.0,37.5,33.33,2.5,87.5,66.67,3.45,39.0,0.17,0.17,0.0,0.58,0.13,0.04
2021-01-10,2021-01,2,1,mobile,(direct),(none),(direct),new_session,258,258,2378,846,142,29,0,12,2,2,41,7,3,2,6,1,12,2,135.0,6,5,0.78,15.89,17.07,42.86,66.67,4.88,85.71,33.33,4.65,67.5,0.52,0.52,0.01,0.55,0.11,0.05
2021-01-10,2021-01,2,1,mobile,google,organic,(organic),new_session,327,327,3188,1139,206,15,0,15,13,2,39,8,2,2,7,0,17,2,116.0,2,2,0.61,11.93,20.51,25.0,100.0,5.13,87.5,0.0,5.2,58.0,0.35,0.35,0.01,0.63,0.05,0.05
2021-01-10,2021-01,2,1,mobile,<Other>,<Other>,<Other>,new_session,209,209,1884,672,75,7,0,18,4,2,28,4,3,2,2,1,15,2,40.0,2,2,0.96,13.4,14.29,75.0,66.67,7.14,50.0,33.33,7.18,20.0,0.19,0.19,0.01,0.36,0.03,0.09
2021-01-10,2021-01,2,1,desktop,(direct),(none),(direct),returning_session,70,64,650,220,40,22,0,12,4,2,10,5,2,2,3,0,19,2,194.0,4,4,2.86,14.29,50.0,40.0,100.0,20.0,60.0,0.0,27.14,97.0,3.03,2.77,0.03,0.57,0.31,0.17
2021-01-10,2021-01,2,1,desktop,shop.googlemerchandisestore.com,referral,(referral),returning_session,45,45,984,295,149,26,0,30,10,3,10,5,4,3,4,1,13,3,189.0,13,10,6.67,22.22,50.0,80.0,75.0,30.0,80.0,25.0,28.89,63.0,4.2,4.2,0.07,3.31,0.58,0.67
2021-01-10,2021-01,2,1,desktop,(data deleted),(data deleted),<Other>,returning_session,1,1,175,48,41,21,0,3,1,1,1,1,1,1,0,0,0,1,48.0,6,6,100.0,100.0,100.0,100.0,100.0,100.0,0.0,0.0,0.0,48.0,48.0,48.0,1.0,41.0,21.0,3.0
2020-11-22,2020-11,47,1,tablet,google,cpc,<Other>,new_session,2,2,10,2,0,0,0,0,0,0,0,0,0,0,0,0,2,0,0.0,0,0,0.0,0.0,,,,,,,100.0,,0.0,0.0,0.0,0.0,0.0,0.0
2020-11-22,2020-11,47,1,tablet,<Other>,referral,(referral),returning_session,1,1,6,2,0,0,0,0,0,0,0,0,0,0,0,0,0,0,0.0,0,0,0.0,0.0,,,,,,,0.0,,0.0,0.0,0.0,0.0,0.0,0.0
2020-11-22,2020-11,47,1,tablet,<Other>,referral,(referral),new_session,8,8,50,13,0,0,0,0,0,0,0,0,0,0,0,0,6,0,0.0,0,0,0.0,0.0,,,,,,,75.0,,0.0,0.0,0.0,0.0,0.0,0.0
2020-11-22,2020-11,47,1,desktop,<Other>,organic,(organic),returning_session,4,4,19,5,0,0,0,0,0,0,0,0,0,0,0,0,2,0,0.0,0,0,0.0,0.0,,,,,,,50.0,,0.0,0.0,0.0,0.0,0.0,0.0
2020-11-22,2020-11,47,1,tablet,shop.googlemerchandisestore.com,referral,(referral),new_session,2,2,11,4,0,0,0,0,0,0,0,0,0,0,0,0,1,0,0.0,0,0,0.0,0.0,,,,,,,50.0,,0.0,0.0,0.0,0.0,0.0,0.0
2020-11-22,2020-11,47,1,mobile,(data deleted),(data deleted),<Other>,returning_session,1,1,6,1,0,0,0,0,0,0,0,0,0,0,0,0,1,0,0.0,0,0,0.0,0.0,,,,,,,100.0,,0.0,0.0,0.0,0.0,0.0,0.0
2020-11-22,2020-11,47,1,mobile,<Other>,organic,(organic),returning_session,2,2,26,10,0,0,0,0,0,0,0,0,0,0,0,0,1,0,0.0,0,0,0.0,0.0,,,,,,,50.0,,0.0,0.0,0.0,0.0,0.0,0.0
2020-11-22,2020-11,47,1,tablet,(direct),(none),(direct),returning_session,6,6,28,7,0,0,0,0,0,0,0,0,0,0,0,0,4,0,0.0,0,0,0.0,0.0,,,,,,,66.67,,0.0,0.0,0.0,0.0,0.0,0.0
2020-11-22,2020-11,47,1,tablet,(direct),(none),(direct),new_session,7,7,42,10,0,0,0,0,0,0,0,0,0,0,0,0,6,0,0.0,0,0,0.0,0.0,,,,,,,85.71,,0.0,0.0,0.0,0.0,0.0,0.0
2020-11-22,2020-11,47,1,tablet,<Other>,organic,(organic),new_session,3,3,25,7,2,0,0,0,0,0,1,0,0,0,0,0,2,0,0.0,0,0,0.0,33.33,0.0,,,0.0,,,66.67,,0.0,0.0,0.0,0.67,0.0,0.0
2020-11-22,2020-11,47,1,desktop,google,cpc,<Other>,returning_session,7,7,37,11,2,0,0,0,0,0,1,0,0,0,0,0,3,0,0.0,0,0,0.0,14.29,0.0,,,0.0,,,42.86,,0.0,0.0,0.0,0.29,0.0,0.0
2020-11-22,2020-11,47,1,tablet,google,organic,(organic),returning_session,2,2,36,12,1,0,0,0,0,0,1,0,0,0,0,0,1,0,0.0,0,0,0.0,50.0,0.0,,,0.0,,,50.0,,0.0,0.0,0.0,0.5,0.0,0.0
2020-11-22,2020-11,47,1,tablet,<Other>,<Other>,<Other>,new_session,7,7,57,15,7,0,0,0,0,0,2,0,0,0,0,0,4,0,0.0,0,0,0.0,28.57,0.0,,,0.0,,,57.14,,0.0,0.0,0.0,1.0,0.0,0.0
2020-11-22,2020-11,47,1,mobile,google,cpc,<Other>,returning_session,7,7,34,9,2,0,0,0,0,0,1,0,0,0,0,0,4,0,0.0,0,0,0.0,14.29,0.0,,,0.0,,,57.14,,0.0,0.0,0.0,0.29,0.0,0.0
2020-11-22,2020-11,47,1,tablet,shop.googlemerchandisestore.com,referral,(referral),returning_session,3,3,99,33,12,0,0,0,0,0,2,0,0,0,0,0,1,0,0.0,0,0,0.0,66.67,0.0,,,0.0,,,33.33,,0.0,0.0,0.0,4.0,0.0,0.0
2020-11-22,2020-11,47,1,desktop,(data deleted),(data deleted),(data deleted),new_session,6,6,49,14,9,0,0,0,0,0,3,0,0,0,0,0,2,0,0.0,0,0,0.0,50.0,0.0,,,0.0,,,33.33,,0.0,0.0,0.0,1.5,0.0,0.0
2020-11-22,2020-11,47,1,tablet,google,organic,(organic),new_session,16,16,125,30,14,0,0,0,0,0,3,0,0,0,0,0,10,0,0.0,0,0,0.0,18.75,0.0,,,0.0,,,62.5,,0.0,0.0,0.0,0.88,0.0,0.0
2020-11-22,2020-11,47,1,mobile,<Other>,organic,(organic),new_session,21,21,248,75,20,0,0,0,0,0,6,0,0,0,0,0,12,0,0.0,0,0,0.0,28.57,0.0,,,0.0,,,57.14,,0.0,0.0,0.0,0.95,0.0,0.0
2020-11-22,2020-11,47,1,mobile,<Other>,referral,(referral),returning_session,25,25,216,61,29,0,0,0,0,0,4,0,0,0,0,0,18,0,0.0,0,0,0.0,16.0,0.0,,,0.0,,,72.0,,0.0,0.0,0.0,1.16,0.0,0.0
2020-11-22,2020-11,47,1,mobile,<Other>,<Other>,<Other>,returning_session,13,13,75,25,1,0,0,0,0,0,1,0,0,0,0,0,9,0,0.0,0,0,0.0,7.69,0.0,,,0.0,,,69.23,,0.0,0.0,0.0,0.08,0.0,0.0
2020-11-22,2020-11,47,1,desktop,<Other>,<Other>,<Other>,returning_session,18,18,177,50,22,0,0,0,0,0,5,0,0,0,0,0,9,0,0.0,0,0,0.0,27.78,0.0,,,0.0,,,50.0,,0.0,0.0,0.0,1.22,0.0,0.0
2020-11-22,2020-11,47,1,desktop,<Other>,(data deleted),(data deleted),returning_session,3,3,138,49,5,0,0,1,0,0,1,0,1,0,0,1,2,0,0.0,0,0,0.0,33.33,0.0,,0.0,0.0,,100.0,66.67,,0.0,0.0,0.0,1.67,0.0,0.33
2020-11-22,2020-11,47,1,desktop,<Other>,organic,(organic),new_session,33,33,379,108,24,0,0,3,4,0,6,0,2,0,0,2,20,0,0.0,0,0,0.0,18.18,0.0,,0.0,0.0,,100.0,60.61,,0.0,0.0,0.0,0.73,0.0,0.09
2020-11-22,2020-11,47,1,desktop,(direct),(none),(direct),returning_session,97,90,999,316,99,0,0,6,1,0,26,0,2,0,0,2,60,0,0.0,0,0,0.0,26.8,0.0,,0.0,0.0,,100.0,61.86,,0.0,0.0,0.0,1.02,0.0,0.06
2020-11-22,2020-11,47,1,mobile,(direct),(none),(direct),returning_session,65,64,850,286,64,0,0,7,1,0,17,0,3,0,0,3,33,0,0.0,0,0,0.0,26.15,0.0,,0.0,0.0,,100.0,50.77,,0.0,0.0,0.0,0.98,0.0,0.11
2020-11-22,2020-11,47,1,desktop,google,cpc,<Other>,new_session,60,60,1130,383,154,0,0,2,0,0,14,0,2,0,0,2,29,0,0.0,0,0,0.0,23.33,0.0,,0.0,0.0,,100.0,48.33,,0.0,0.0,0.0,2.57,0.0,0.03
2020-11-22,2020-11,47,1,mobile,<Other>,referral,(referral),new_session,72,72,1107,354,119,0,0,3,0,0,21,0,3,0,0,3,33,0,0.0,0,0,0.0,29.17,0.0,,0.0,0.0,,100.0,45.83,,0.0,0.0,0.0,1.65,0.0,0.04
2020-11-22,2020-11,47,1,mobile,shop.googlemerchandisestore.com,referral,(referral),new_session,37,37,302,86,15,0,0,1,0,0,8,0,1,0,0,1,20,0,0.0,0,0,0.0,21.62,0.0,,0.0,0.0,,100.0,54.05,,0.0,0.0,0.0,0.41,0.0,0.03
2020-11-22,2020-11,47,1,desktop,<Other>,referral,(referral),new_session,104,104,1133,349,98,0,0,4,1,0,26,0,2,0,0,2,55,0,0.0,0,0,0.0,25.0,0.0,,0.0,0.0,,100.0,52.88,,0.0,0.0,0.0,0.94,0.0,0.04
2020-11-22,2020-11,47,1,tablet,(data deleted),(data deleted),(data deleted),returning_session,4,4,47,15,1,0,0,2,0,0,1,0,1,0,0,1,3,0,0.0,0,0,0.0,25.0,0.0,,0.0,0.0,,100.0,75.0,,0.0,0.0,0.0,0.25,0.0,0.5
2020-11-22,2020-11,47,1,mobile,google,cpc,<Other>,new_session,30,30,567,190,71,0,0,1,0,0,8,0,1,0,0,1,14,0,0.0,0,0,0.0,26.67,0.0,,0.0,0.0,,100.0,46.67,,0.0,0.0,0.0,2.37,0.0,0.03
2020-11-22,2020-11,47,1,desktop,<Other>,<Other>,<Other>,new_session,214,214,1984,570,139,0,0,8,1,0,47,0,5,0,0,5,115,0,0.0,0,0,0.0,21.96,0.0,,0.0,0.0,,100.0,53.74,,0.0,0.0,0.0,0.65,0.0,0.04
2020-11-22,2020-11,47,1,desktop,google,organic,(organic),new_session,423,423,7126,2345,860,0,0,24,6,6,103,0,21,2,0,19,210,3,198.0,20,16,0.47,24.35,0.0,,9.52,1.94,,90.48,49.65,66.0,0.47,0.47,0.01,2.03,0.0,0.06
2020-11-22,2020-11,47,1,mobile,(direct),(none),(direct),new_session,190,190,2817,882,286,0,0,19,9,4,47,0,9,2,0,7,101,2,262.0,8,8,1.05,24.74,0.0,,22.22,4.26,,77.78,53.16,131.0,1.38,1.38,0.01,1.51,0.0,0.1
2020-11-22,2020-11,47,1,desktop,(direct),(none),(direct),new_session,267,267,4002,1276,412,0,0,16,5,8,68,0,11,3,0,8,136,4,516.0,18,18,1.12,25.47,0.0,,27.27,4.41,,72.73,50.94,129.0,1.93,1.93,0.01,1.54,0.0,0.06
2020-11-22,2020-11,47,1,desktop,google,organic,(organic),returning_session,107,99,1212,373,143,0,0,1,1,2,22,0,1,1,0,0,67,1,32.0,2,2,0.93,20.56,0.0,,100.0,4.55,,0.0,62.62,32.0,0.32,0.3,0.01,1.34,0.0,0.01
2020-11-22,2020-11,47,1,desktop,shop.googlemerchandisestore.com,referral,(referral),new_session,63,63,1126,362,124,0,0,4,1,2,19,0,4,1,0,3,26,1,352.0,8,6,1.59,30.16,0.0,,25.0,5.26,,75.0,41.27,352.0,5.59,5.59,0.02,1.97,0.0,0.06
2020-11-22,2020-11,47,1,mobile,<Other>,<Other>,<Other>,new_session,118,118,1680,508,164,0,0,8,5,3,38,0,5,2,0,3,49,2,290.0,14,13,1.69,32.2,0.0,,40.0,5.26,,60.0,41.53,145.0,2.46,2.46,0.02,1.39,0.0,0.07
2020-11-22,2020-11,47,1,mobile,google,organic,(organic),new_session,233,233,3672,1171,400,0,0,13,5,8,65,0,11,4,0,7,100,4,212.0,22,22,1.72,27.9,0.0,,36.36,6.15,,63.64,42.92,53.0,0.91,0.91,0.02,1.72,0.0,0.06
2020-11-22,2020-11,47,1,mobile,(data deleted),(data deleted),(data deleted),returning_session,69,67,888,280,78,0,0,6,6,4,22,0,3,2,0,1,36,2,352.0,10,10,2.9,31.88,0.0,,66.67,9.09,,33.33,52.17,176.0,5.25,5.1,0.03,1.13,0.0,0.09
2020-11-22,2020-11,47,1,desktop,<Other>,referral,(referral),returning_session,57,56,563,175,48,0,0,5,4,2,10,0,3,1,0,2,35,1,52.0,4,4,1.75,17.54,0.0,,33.33,10.0,,66.67,61.4,52.0,0.93,0.91,0.02,0.84,0.0,0.09
2020-11-22,2020-11,47,1,mobile,shop.googlemerchandisestore.com,referral,(referral),returning_session,41,39,363,107,30,0,0,1,1,2,8,0,1,1,0,0,25,1,36.0,4,4,2.44,19.51,0.0,,100.0,12.5,,0.0,60.98,36.0,0.92,0.88,0.03,0.73,0.0,0.02
2020-11-22,2020-11,47,1,desktop,shop.googlemerchandisestore.com,referral,(referral),returning_session,85,80,669,201,45,0,0,8,2,4,15,0,3,2,0,1,59,2,124.0,8,8,2.35,17.65,0.0,,66.67,13.33,,33.33,69.41,62.0,1.55,1.46,0.03,0.53,0.0,0.09
2020-11-22,2020-11,47,1,desktop,(data deleted),(data deleted),(data deleted),returning_session,88,81,1109,341,120,0,0,6,6,7,29,0,5,4,0,1,46,4,690.0,20,17,4.55,32.95,0.0,,80.0,13.79,,20.0,52.27,172.5,8.52,7.84,0.05,1.36,0.0,0.07
2020-11-22,2020-11,47,1,mobile,google,organic,(organic),returning_session,66,60,1305,407,129,0,0,17,20,8,19,0,9,4,0,5,36,4,312.0,14,10,6.06,28.79,0.0,,44.44,21.05,,55.56,54.55,78.0,5.2,4.73,0.07,1.95,0.0,0.26
2020-11-11,2020-11,45,4,desktop,<Other>,(data deleted),(data deleted),returning_session,4,4,18,5,0,0,0,0,0,0,0,0,0,0,0,0,2,0,0.0,0,0,0.0,0.0,,,,,,,50.0,,0.0,0.0,0.0,0.0,0.0,0.0
2020-11-11,2020-11,45,4,tablet,<Other>,referral,(referral),returning_session,3,3,19,5,0,0,0,0,0,0,0,0,0,0,0,0,1,0,0.0,0,0,0.0,0.0,,,,,,,33.33,,0.0,0.0,0.0,0.0,0.0,0.0
2020-11-11,2020-11,45,4,mobile,<Other>,(data deleted),(data deleted),returning_session,2,2,6,1,0,0,0,0,0,0,0,0,0,0,0,0,2,0,0.0,0,0,0.0,0.0,,,,,,,100.0,,0.0,0.0,0.0,0.0,0.0,0.0
2020-11-11,2020-11,45,4,tablet,<Other>,<Other>,<Other>,returning_session,1,1,2,0,0,0,0,0,0,0,0,0,0,0,0,0,1,0,0.0,0,0,0.0,0.0,,,,,,,100.0,,0.0,0.0,0.0,0.0,0.0,0.0
2020-11-11,2020-11,45,4,tablet,shop.googlemerchandisestore.com,referral,(referral),returning_session,2,2,7,2,0,0,0,0,0,0,0,0,0,0,0,0,2,0,0.0,0,0,0.0,0.0,,,,,,,100.0,,0.0,0.0,0.0,0.0,0.0,0.0
2020-11-11,2020-11,45,4,tablet,shop.googlemerchandisestore.com,referral,(referral),new_session,2,2,15,4,0,0,0,0,0,0,0,0,0,0,0,0,1,0,0.0,0,0,0.0,0.0,,,,,,,50.0,,0.0,0.0,0.0,0.0,0.0,0.0
2020-11-11,2020-11,45,4,tablet,<Other>,organic,(organic),returning_session,1,1,4,1,0,0,0,0,0,0,0,0,0,0,0,0,1,0,0.0,0,0,0.0,0.0,,,,,,,100.0,,0.0,0.0,0.0,0.0,0.0,0.0
2020-11-11,2020-11,45,4,tablet,(data deleted),(data deleted),(data deleted),returning_session,4,4,19,6,0,0,0,0,0,0,0,0,0,0,0,0,2,0,0.0,0,0,0.0,0.0,,,,,,,50.0,,0.0,0.0,0.0,0.0,0.0,0.0
2020-11-11,2020-11,45,4,tablet,<Other>,<Other>,<Other>,new_session,13,13,73,19,1,0,0,0,0,0,1,0,0,0,0,0,9,0,0.0,0,0,0.0,7.69,0.0,,,0.0,,,69.23,,0.0,0.0,0.0,0.08,0.0,0.0
2020-11-11,2020-11,45,4,tablet,<Other>,organic,(organic),new_session,3,3,31,10,1,0,0,0,0,0,1,0,0,0,0,0,1,0,0.0,0,0,0.0,33.33,0.0,,,0.0,,,33.33,,0.0,0.0,0.0,0.33,0.0,0.0
2020-11-11,2020-11,45,4,tablet,<Other>,(data deleted),(data deleted),returning_session,1,1,12,4,3,0,0,0,0,0,1,0,0,0,0,0,0,0,0.0,0,0,0.0,100.0,0.0,,,0.0,,,0.0,,0.0,0.0,0.0,3.0,0.0,0.0
2020-11-11,2020-11,45,4,tablet,google,cpc,<Other>,new_session,4,4,23,5,1,0,0,0,0,0,1,0,0,0,0,0,3,0,0.0,0,0,0.0,25.0,0.0,,,0.0,,,75.0,,0.0,0.0,0.0,0.25,0.0,0.0
2020-11-11,2020-11,45,4,tablet,(direct),(none),(direct),returning_session,9,9,51,14,5,0,0,0,0,0,1,0,0,0,0,0,7,0,0.0,0,0,0.0,11.11,0.0,,,0.0,,,77.78,,0.0,0.0,0.0,0.56,0.0,0.0
2020-11-11,2020-11,45,4,mobile,google,cpc,<Other>,returning_session,5,5,38,11,1,0,0,0,0,0,1,0,0,0,0,0,2,0,0.0,0,0,0.0,20.0,0.0,,,0.0,,,40.0,,0.0,0.0,0.0,0.2,0.0,0.0
2020-11-11,2020-11,45,4,desktop,(data deleted),(data deleted),<Other>,returning_session,2,2,14,4,1,0,0,0,0,0,1,0,0,0,0,0,1,0,0.0,0,0,0.0,50.0,0.0,,,0.0,,,50.0,,0.0,0.0,0.0,0.5,0.0,0.0
2020-11-11,2020-11,45,4,desktop,google,cpc,<Other>,returning_session,5,5,52,14,11,0,0,0,0,0,2,0,0,0,0,0,2,0,0.0,0,0,0.0,40.0,0.0,,,0.0,,,40.0,,0.0,0.0,0.0,2.2,0.0,0.0
2020-11-11,2020-11,45,4,tablet,google,organic,(organic),returning_session,7,7,96,30,11,0,0,0,0,0,2,0,0,0,0,0,4,0,0.0,0,0,0.0,28.57,0.0,,,0.0,,,57.14,,0.0,0.0,0.0,1.57,0.0,0.0
2020-11-11,2020-11,45,4,mobile,(data deleted),(data deleted),(data deleted),new_session,4,4,48,18,5,0,0,0,0,0,2,0,0,0,0,0,2,0,0.0,0,0,0.0,50.0,0.0,,,0.0,,,50.0,,0.0,0.0,0.0,1.25,0.0,0.0
2020-11-11,2020-11,45,4,desktop,(data deleted),(data deleted),(data deleted),new_session,7,7,38,12,3,0,0,0,0,0,2,0,0,0,0,0,4,0,0.0,0,0,0.0,28.57,0.0,,,0.0,,,57.14,,0.0,0.0,0.0,0.43,0.0,0.0
2020-11-11,2020-11,45,4,mobile,<Other>,<Other>,<Other>,returning_session,21,21,194,56,25,0,0,0,0,0,3,0,0,0,0,0,12,0,0.0,0,0,0.0,14.29,0.0,,,0.0,,,57.14,,0.0,0.0,0.0,1.19,0.0,0.0
2020-11-11,2020-11,45,4,tablet,<Other>,referral,(referral),new_session,8,8,152,49,21,0,0,0,0,0,3,0,0,0,0,0,4,0,0.0,0,0,0.0,37.5,0.0,,,0.0,,,50.0,,0.0,0.0,0.0,2.63,0.0,0.0
2020-11-11,2020-11,45,4,tablet,google,organic,(organic),new_session,24,24,479,163,67,0,0,1,0,0,4,0,1,0,0,1,16,0,0.0,0,0,0.0,16.67,0.0,,0.0,0.0,,100.0,66.67,,0.0,0.0,0.0,2.79,0.0,0.04
2020-11-11,2020-11,45,4,desktop,<Other>,organic,(organic),returning_session,13,13,142,42,15,0,0,0,0,0,4,0,0,0,0,0,7,0,0.0,0,0,0.0,30.77,0.0,,,0.0,,,53.85,,0.0,0.0,0.0,1.15,0.0,0.0
2020-11-11,2020-11,45,4,mobile,shop.googlemerchandisestore.com,referral,(referral),returning_session,69,68,508,153,22,0,0,2,1,0,13,0,1,0,0,1,43,0,0.0,0,0,0.0,18.84,0.0,,0.0,0.0,,100.0,62.32,,0.0,0.0,0.0,0.32,0.0,0.03
2020-11-11,2020-11,45,4,desktop,<Other>,organic,(organic),new_session,46,46,1146,385,156,0,0,2,0,0,13,0,2,0,0,2,20,0,0.0,0,0,0.0,28.26,0.0,,0.0,0.0,,100.0,43.48,,0.0,0.0,0.0,3.39,0.0,0.04
2020-11-11,2020-11,45,4,mobile,shop.googlemerchandisestore.com,referral,(referral),new_session,49,49,367,102,29,0,0,1,0,0,14,0,1,0,0,1,25,0,0.0,0,0,0.0,28.57,0.0,,0.0,0.0,,100.0,51.02,,0.0,0.0,0.0,0.59,0.0,0.02
2020-11-11,2020-11,45,4,desktop,shop.googlemerchandisestore.com,referral,(referral),new_session,73,73,986,318,105,0,0,2,0,0,21,0,2,0,0,2,34,0,0.0,0,0,0.0,28.77,0.0,,0.0,0.0,,100.0,46.58,,0.0,0.0,0.0,1.44,0.0,0.03
2020-11-11,2020-11,45,4,mobile,<Other>,referral,(referral),new_session,92,92,1280,399,138,0,0,5,5,0,24,0,4,0,0,4,47,0,0.0,0,0,0.0,26.09,0.0,,0.0,0.0,,100.0,51.09,,0.0,0.0,0.0,1.5,0.0,0.05
2020-11-11,2020-11,45,4,mobile,<Other>,organic,(organic),returning_session,11,11,209,72,12,0,0,2,2,1,4,0,2,1,0,1,3,1,32.0,2,2,9.09,36.36,0.0,,50.0,25.0,,50.0,27.27,32.0,2.91,2.91,0.09,1.09,0.0,0.18
2020-11-11,2020-11,45,4,mobile,<Other>,organic,(organic),new_session,24,24,232,69,5,0,0,2,1,1,4,0,1,1,0,0,15,1,32.0,1,1,4.17,16.67,0.0,,100.0,25.0,,0.0,62.5,32.0,1.33,1.33,0.04,0.21,0.0,0.08
2020-11-11,2020-11,45,4,tablet,(direct),(none),(direct),new_session,12,12,267,78,26,0,0,2,2,1,5,0,2,1,0,1,4,1,10.0,1,1,8.33,41.67,0.0,,50.0,20.0,,50.0,33.33,10.0,0.83,0.83,0.08,2.17,0.0,0.17
2020-11-11,2020-11,45,4,mobile,google,cpc,<Other>,new_session,72,72,1203,367,118,0,0,6,2,1,15,0,5,1,0,4,35,1,74.0,4,3,1.39,20.83,0.0,,20.0,6.67,,80.0,48.61,74.0,1.03,1.03,0.01,1.64,0.0,0.08
2020-11-11,2020-11,45,4,desktop,<Other>,referral,(referral),new_session,109,109,1505,463,127,0,0,4,6,1,24,0,3,1,0,2,54,1,40.0,2,2,0.92,22.02,0.0,,33.33,4.17,,66.67,49.54,40.0,0.37,0.37,0.01,1.17,0.0,0.04
2020-11-11,2020-11,45,4,mobile,<Other>,<Other>,<Other>,new_session,173,173,2730,866,314,0,0,10,3,1,46,0,9,1,0,8,82,1,1.0,1,1,0.58,26.59,0.0,,11.11,2.17,,88.89,47.4,1.0,0.01,0.01,0.01,1.82,0.0,0.06
2020-11-11,2020-11,45,4,mobile,<Other>,referral,(referral),returning_session,51,49,672,210,42,0,0,4,7,2,10,0,1,1,0,0,27,1,309.0,10,9,1.96,19.61,0.0,,100.0,10.0,,0.0,52.94,309.0,6.31,6.06,0.02,0.82,0.0,0.08
2020-11-11,2020-11,45,4,desktop,<Other>,<Other>,<Other>,returning_session,50,49,554,158,57,0,0,5,6,2,12,0,3,2,0,1,31,2,76.0,4,4,4.0,24.0,0.0,,66.67,16.67,,33.33,62.0,38.0,1.55,1.52,0.04,1.14,0.0,0.1
2020-11-11,2020-11,45,4,desktop,google,cpc,<Other>,new_session,94,94,1148,333,107,0,0,4,6,2,21,0,3,2,0,1,52,2,49.0,7,4,2.13,22.34,0.0,,66.67,9.52,,33.33,55.32,24.5,0.52,0.52,0.02,1.14,0.0,0.04
2020-11-11,2020-11,45,4,mobile,google,organic,(organic),returning_session,111,107,1203,359,127,0,0,7,4,2,30,0,4,2,0,2,65,2,61.0,9,5,1.8,27.03,0.0,,50.0,6.67,,50.0,58.56,30.5,0.57,0.55,0.02,1.14,0.0,0.06
2020-11-11,2020-11,45,4,desktop,(direct),(none),(direct),returning_session,167,160,1541,443,124,0,0,19,7,2,36,0,5,2,0,3,97,2,72.0,4,4,1.2,21.56,0.0,,40.0,5.56,,60.0,58.08,36.0,0.45,0.43,0.01,0.74,0.0,0.11
2020-11-11,2020-11,45,4,mobile,(direct),(none),(direct),new_session,228,228,3161,985,339,0,0,7,2,2,46,0,7,2,0,5,121,2,284.0,19,15,0.88,20.18,0.0,,28.57,4.35,,71.43,53.07,142.0,1.25,1.25,0.01,1.49,0.0,0.03
2020-11-11,2020-11,45,4,desktop,(direct),(none),(direct),new_session,315,315,4535,1401,432,0,0,12,7,3,84,0,8,3,0,5,142,3,206.0,12,11,0.95,26.67,0.0,,37.5,3.57,,62.5,45.08,68.67,0.65,0.65,0.01,1.37,0.0,0.04
2020-11-11,2020-11,45,4,desktop,google,organic,(organic),new_session,507,507,6949,2175,646,0,0,27,8,3,117,0,20,3,0,17,248,3,107.0,12,11,0.59,23.08,0.0,,15.0,2.56,,85.0,48.92,35.67,0.21,0.21,0.01,1.27,0.0,0.05
2020-11-11,2020-11,45,4,desktop,google,organic,(organic),returning_session,192,181,1894,550,169,0,0,10,14,4,35,0,6,4,0,2,111,4,204.0,9,8,2.08,18.23,0.0,,66.67,11.43,,33.33,57.81,51.0,1.13,1.06,0.02,0.88,0.0,0.05
2020-11-11,2020-11,45,4,desktop,(data deleted),(data deleted),(data deleted),returning_session,164,154,2212,656,301,0,0,14,12,4,45,0,11,4,0,7,92,4,357.0,15,15,2.44,27.44,0.0,,36.36,8.89,,63.64,56.1,89.25,2.32,2.18,0.03,1.84,0.0,0.09
2020-11-11,2020-11,45,4,desktop,<Other>,<Other>,<Other>,new_session,272,272,3148,932,221,0,0,13,11,4,65,0,7,4,0,3,131,4,130.0,12,9,1.47,23.9,0.0,,57.14,6.15,,42.86,48.16,32.5,0.48,0.48,0.01,0.81,0.0,0.05
2020-11-11,2020-11,45,4,desktop,shop.googlemerchandisestore.com,referral,(referral),returning_session,120,113,2260,704,283,0,0,17,22,5,35,0,10,5,0,5,57,5,285.0,11,11,4.17,29.17,0.0,,50.0,14.29,,50.0,47.5,57.0,2.52,2.38,0.04,2.36,0.0,0.14
2020-11-11,2020-11,45,4,mobile,(data deleted),(data deleted),(data deleted),returning_session,114,109,1811,537,231,0,0,11,15,5,36,0,7,5,0,3,55,5,1202.0,70,33,4.39,31.58,0.0,,71.43,13.89,,42.86,48.25,240.4,11.03,10.54,0.05,2.03,0.0,0.1
2020-11-11,2020-11,45,4,mobile,google,organic,(organic),new_session,353,353,5249,1648,595,0,0,28,14,5,88,0,20,5,0,15,177,5,262.0,10,8,1.42,24.93,0.0,,25.0,5.68,,75.0,50.14,52.4,0.74,0.74,0.01,1.69,0.0,0.08
2020-11-11,2020-11,45,4,mobile,(direct),(none),(direct),returning_session,109,104,1901,560,216,0,0,18,15,6,45,0,7,6,0,1,52,6,277.0,32,22,5.5,41.28,0.0,,85.71,13.33,,14.29,47.71,46.17,2.66,2.54,0.06,1.98,0.0,0.17
2020-11-11,2020-11,45,4,desktop,<Other>,referral,(referral),returning_session,87,84,1415,421,146,0,0,12,20,7,26,0,11,7,0,4,41,7,358.0,27,23,8.05,29.89,0.0,,63.64,26.92,,36.36,47.13,51.14,4.26,4.11,0.08,1.68,0.0,0.14
2020-11-06,2020-11,44,6,tablet,<Other>,referral,(referral),new_session,3,3,19,5,0,0,0,0,0,0,0,0,0,0,0,0,1,0,0.0,0,0,0.0,0.0,,,,,,,33.33,,0.0,0.0,0.0,0.0,0.0,0.0
2020-11-06,2020-11,44,6,desktop,(data deleted),(data deleted),<Other>,returning_session,4,4,14,4,0,0,0,0,0,0,0,0,0,0,0,0,3,0,0.0,0,0,0.0,0.0,,,,,,,75.0,,0.0,0.0,0.0,0.0,0.0,0.0
2020-11-06,2020-11,44,6,tablet,<Other>,referral,(referral),returning_session,2,2,12,3,0,0,0,0,0,0,0,0,0,0,0,0,1,0,0.0,0,0,0.0,0.0,,,,,,,50.0,,0.0,0.0,0.0,0.0,0.0,0.0
2020-11-06,2020-11,44,6,desktop,(data deleted),(data deleted),(data deleted),new_session,1,1,2,1,0,0,0,0,0,0,0,0,0,0,0,0,1,0,0.0,0,0,0.0,0.0,,,,,,,100.0,,0.0,0.0,0.0,0.0,0.0,0.0
2020-11-06,2020-11,44,6,tablet,(data deleted),(data deleted),(data deleted),new_session,1,1,2,1,0,0,0,0,0,0,0,0,0,0,0,0,1,0,0.0,0,0,0.0,0.0,,,,,,,100.0,,0.0,0.0,0.0,0.0,0.0,0.0
2020-11-06,2020-11,44,6,desktop,<Other>,organic,(organic),new_session,40,40,259,71,8,0,0,0,0,0,6,0,0,0,0,0,24,0,0.0,0,0,0.0,15.0,0.0,,,0.0,,,60.0,,0.0,0.0,0.0,0.2,0.0,0.0
2020-11-06,2020-11,44,6,tablet,(direct),(none),(direct),returning_session,9,8,48,16,1,0,0,0,0,0,1,0,0,0,0,0,5,0,0.0,0,0,0.0,11.11,0.0,,,0.0,,,55.56,,0.0,0.0,0.0,0.11,0.0,0.0
2020-11-06,2020-11,44,6,mobile,google,cpc,<Other>,returning_session,9,9,108,31,24,0,0,0,0,0,2,0,0,0,0,0,7,0,0.0,0,0,0.0,22.22,0.0,,,0.0,,,77.78,,0.0,0.0,0.0,2.67,0.0,0.0
2020-11-06,2020-11,44,6,mobile,<Other>,(data deleted),(data deleted),returning_session,4,4,50,17,3,0,0,0,0,0,1,0,0,0,0,0,2,0,0.0,0,0,0.0,25.0,0.0,,,0.0,,,50.0,,0.0,0.0,0.0,0.75,0.0,0.0
2020-11-06,2020-11,44,6,mobile,(data deleted),(data deleted),(data deleted),new_session,3,3,24,7,2,0,0,0,0,0,1,0,0,0,0,0,0,0,0.0,0,0,0.0,33.33,0.0,,,0.0,,,0.0,,0.0,0.0,0.0,0.67,0.0,0.0
2020-11-06,2020-11,44,6,mobile,<Other>,<Other>,<Other>,returning_session,23,22,88,28,4,0,0,0,0,0,3,0,0,0,0,0,16,0,0.0,0,0,0.0,13.04,0.0,,,0.0,,,69.57,,0.0,0.0,0.0,0.17,0.0,0.0
2020-11-06,2020-11,44,6,tablet,shop.googlemerchandisestore.com,referral,(referral),new_session,1,1,8,2,1,0,0,0,0,0,1,0,0,0,0,0,0,0,0.0,0,0,0.0,100.0,0.0,,,0.0,,,0.0,,0.0,0.0,0.0,1.0,0.0,0.0
2020-11-06,2020-11,44,6,tablet,shop.googlemerchandisestore.com,referral,(referral),returning_session,3,3,13,2,2,0,0,0,0,0,1,0,0,0,0,0,2,0,0.0,0,0,0.0,33.33,0.0,,,0.0,,,66.67,,0.0,0.0,0.0,0.67,0.0,0.0
2020-11-06,2020-11,44,6,tablet,google,organic,(organic),new_session,18,18,155,42,8,0,0,0,0,0,6,0,0,0,0,0,8,0,0.0,0,0,0.0,33.33,0.0,,,0.0,,,44.44,,0.0,0.0,0.0,0.44,0.0,0.0
2020-11-06,2020-11,44,6,tablet,<Other>,organic,(organic),new_session,1,1,12,3,3,0,0,0,0,0,1,0,0,0,0,0,0,0,0.0,0,0,0.0,100.0,0.0,,,0.0,,,0.0,,0.0,0.0,0.0,3.0,0.0,0.0
2020-11-06,2020-11,44,6,tablet,(direct),(none),(direct),new_session,11,11,104,30,2,0,0,0,0,0,1,0,0,0,0,0,6,0,0.0,0,0,0.0,9.09,0.0,,,0.0,,,54.55,,0.0,0.0,0.0,0.18,0.0,0.0
2020-11-06,2020-11,44,6,desktop,<Other>,(data deleted),(data deleted),returning_session,2,2,69,22,13,0,0,0,0,0,1,0,0,0,0,0,1,0,0.0,0,0,0.0,50.0,0.0,,,0.0,,,50.0,,0.0,0.0,0.0,6.5,0.0,0.0
2020-11-06,2020-11,44,6,mobile,<Other>,organic,(organic),returning_session,9,9,130,38,16,0,0,0,0,0,3,0,0,0,0,0,6,0,0.0,0,0,0.0,33.33,0.0,,,0.0,,,66.67,,0.0,0.0,0.0,1.78,0.0,0.0
2020-11-06,2020-11,44,6,mobile,google,cpc,<Other>,new_session,35,35,328,94,20,0,0,0,0,0,8,0,0,0,0,0,14,0,0.0,0,0,0.0,22.86,0.0,,,0.0,,,40.0,,0.0,0.0,0.0,0.57,0.0,0.0
2020-11-06,2020-11,44,6,desktop,<Other>,<Other>,<Other>,returning_session,39,39,558,171,58,0,0,3,3,0,8,0,2,0,0,2,21,0,0.0,0,0,0.0,20.51,0.0,,0.0,0.0,,100.0,53.85,,0.0,0.0,0.0,1.49,0.0,0.08
2020-11-06,2020-11,44,6,desktop,google,cpc,<Other>,new_session,84,84,1087,346,117,0,0,2,0,0,17,0,2,0,0,2,41,0,0.0,0,0,0.0,20.24,0.0,,0.0,0.0,,100.0,48.81,,0.0,0.0,0.0,1.39,0.0,0.02
2020-11-06,2020-11,44,6,mobile,(data deleted),referral,(referral),returning_session,1,1,64,19,9,0,0,1,2,0,1,0,1,0,0,1,0,0,0.0,0,0,0.0,100.0,0.0,,0.0,0.0,,100.0,0.0,,0.0,0.0,0.0,9.0,0.0,1.0
2020-11-06,2020-11,44,6,desktop,<Other>,(data deleted),(data deleted),new_session,1,1,87,29,7,0,0,2,0,0,1,0,1,0,0,1,0,0,0.0,0,0,0.0,100.0,0.0,,0.0,0.0,,100.0,0.0,,0.0,0.0,0.0,7.0,0.0,2.0
2020-11-06,2020-11,44,6,mobile,<Other>,organic,(organic),new_session,25,25,238,65,16,0,0,2,0,0,6,0,1,0,0,1,10,0,0.0,0,0,0.0,24.0,0.0,,0.0,0.0,,100.0,40.0,,0.0,0.0,0.0,0.64,0.0,0.08
2020-11-06,2020-11,44,6,desktop,<Other>,organic,(organic),returning_session,16,16,195,62,13,0,0,1,0,0,5,0,1,0,0,1,7,0,0.0,0,0,0.0,31.25,0.0,,0.0,0.0,,100.0,43.75,,0.0,0.0,0.0,0.81,0.0,0.06
2020-11-06,2020-11,44,6,tablet,<Other>,<Other>,<Other>,new_session,11,11,103,29,7,0,0,1,0,0,2,0,1,0,0,1,7,0,0.0,0,0,0.0,18.18,0.0,,0.0,0.0,,100.0,63.64,,0.0,0.0,0.0,0.64,0.0,0.09
2020-11-06,2020-11,44,6,mobile,<Other>,referral,(referral),new_session,79,79,1470,466,185,0,0,6,2,0,22,0,4,0,0,4,34,0,0.0,0,0,0.0,27.85,0.0,,0.0,0.0,,100.0,43.04,,0.0,0.0,0.0,2.34,0.0,0.08
2020-11-06,2020-11,44,6,mobile,shop.googlemerchandisestore.com,referral,(referral),returning_session,77,74,595,175,59,0,0,1,0,0,17,0,1,0,0,1,45,0,0.0,0,0,0.0,22.08,0.0,,0.0,0.0,,100.0,58.44,,0.0,0.0,0.0,0.77,0.0,0.01
2020-11-06,2020-11,44,6,desktop,<Other>,<Other>,<Other>,new_session,193,193,3060,928,355,0,0,18,6,1,51,0,10,1,0,9,88,1,110.0,2,2,0.52,26.42,0.0,,10.0,1.96,,90.0,45.6,110.0,0.57,0.57,0.01,1.84,0.0,0.09
2020-11-06,2020-11,44,6,mobile,<Other>,<Other>,<Other>,new_session,147,147,2785,888,345,0,0,15,5,1,49,0,11,1,0,10,67,1,11.0,1,1,0.68,33.33,0.0,,9.09,2.04,,90.91,45.58,11.0,0.07,0.07,0.01,2.35,0.0,0.1
2020-11-06,2020-11,44,6,mobile,(direct),(none),(direct),new_session,195,195,2903,904,275,0,0,9,5,1,49,0,7,1,0,6,90,1,43.0,3,3,0.51,25.13,0.0,,14.29,2.04,,85.71,46.15,43.0,0.22,0.22,0.01,1.41,0.0,0.05
2020-11-06,2020-11,44,6,desktop,google,organic,(organic),new_session,429,429,6803,2177,747,0,0,29,15,4,115,0,21,4,0,17,197,4,188.0,15,9,0.93,26.81,0.0,,19.05,3.48,,80.95,45.92,47.0,0.44,0.44,0.01,1.74,0.0,0.07
2020-11-06,2020-11,44,6,mobile,google,organic,(organic),new_session,301,301,4873,1547,560,0,0,25,16,3,78,0,17,3,0,14,144,3,199.0,14,12,1.0,25.91,0.0,,17.65,3.85,,82.35,47.84,66.33,0.66,0.66,0.01,1.86,0.0,0.08
2020-11-06,2020-11,44,6,mobile,(data deleted),(data deleted),(data deleted),returning_session,113,105,1549,497,141,0,0,3,7,1,22,0,3,1,0,2,65,1,49.0,4,4,0.88,19.47,0.0,,33.33,4.55,,66.67,57.52,49.0,0.47,0.43,0.01,1.25,0.0,0.03
2020-11-06,2020-11,44,6,desktop,shop.googlemerchandisestore.com,referral,(referral),new_session,71,71,965,280,89,0,0,4,6,1,21,0,2,1,0,1,33,1,37.0,3,2,1.41,29.58,0.0,,50.0,4.76,,50.0,46.48,37.0,0.52,0.52,0.01,1.25,0.0,0.06
2020-11-06,2020-11,44,6,desktop,(direct),(none),(direct),new_session,266,266,3225,950,289,0,0,15,8,3,62,0,8,3,0,5,124,3,165.0,6,6,1.13,23.31,0.0,,37.5,4.84,,62.5,46.62,55.0,0.62,0.62,0.01,1.09,0.0,0.06
2020-11-06,2020-11,44,6,desktop,(data deleted),(data deleted),(data deleted),returning_session,149,143,1747,532,185,0,0,10,7,2,38,0,8,2,0,6,79,2,35.0,2,2,1.34,25.5,0.0,,25.0,5.26,,75.0,53.02,17.5,0.24,0.23,0.01,1.24,0.0,0.07
2020-11-06,2020-11,44,6,desktop,<Other>,referral,(referral),new_session,107,107,2101,659,265,0,0,13,7,2,33,0,7,2,0,5,44,2,114.0,12,11,1.87,30.84,0.0,,28.57,6.06,,71.43,41.12,57.0,1.07,1.07,0.02,2.48,0.0,0.12
2020-11-06,2020-11,44,6,desktop,shop.googlemerchandisestore.com,referral,(referral),returning_session,125,121,1275,385,130,0,0,2,3,2,27,0,2,2,0,0,75,2,143.0,7,6,1.6,21.6,0.0,,100.0,7.41,,0.0,60.0,71.5,1.18,1.14,0.02,1.04,0.0,0.02
2020-11-06,2020-11,44,6,desktop,(direct),(none),(direct),returning_session,161,152,2232,674,286,0,0,14,13,4,48,0,8,4,0,4,87,4,542.0,25,20,2.48,29.81,0.0,,50.0,8.33,,50.0,54.04,135.5,3.57,3.37,0.03,1.78,0.0,0.09
2020-11-06,2020-11,44,6,mobile,(direct),(none),(direct),returning_session,118,110,2201,728,273,0,0,13,14,4,35,0,7,3,0,4,60,3,188.0,20,11,2.54,29.66,0.0,,42.86,8.57,,57.14,50.85,62.67,1.71,1.59,0.03,2.31,0.0,0.11
2020-11-06,2020-11,44,6,desktop,google,organic,(organic),returning_session,157,144,2244,706,197,0,0,15,20,5,38,0,6,4,0,2,78,4,277.0,5,5,2.55,24.2,0.0,,66.67,10.53,,33.33,49.68,69.25,1.92,1.76,0.03,1.25,0.0,0.1
2020-11-06,2020-11,44,6,mobile,shop.googlemerchandisestore.com,referral,(referral),new_session,44,44,843,265,123,0,0,5,4,2,13,0,4,2,0,2,19,2,170.0,10,10,4.55,29.55,0.0,,50.0,15.38,,50.0,43.18,85.0,3.86,3.86,0.05,2.8,0.0,0.11
2020-11-06,2020-11,44,6,mobile,<Other>,referral,(referral),returning_session,43,43,713,232,87,0,0,6,5,2,11,0,3,2,0,1,22,2,87.0,2,2,4.65,25.58,0.0,,66.67,18.18,,33.33,51.16,43.5,2.02,2.02,0.05,2.02,0.0,0.14
2020-11-06,2020-11,44,6,mobile,google,organic,(organic),returning_session,98,96,2228,689,286,0,0,37,28,13,25,0,8,5,0,3,56,5,592.0,46,45,5.1,25.51,0.0,,62.5,20.0,,37.5,57.14,118.4,6.17,6.04,0.05,2.92,0.0,0.38
2020-11-06,2020-11,44,6,desktop,<Other>,referral,(referral),returning_session,66,64,854,259,71,0,0,8,5,3,14,0,4,3,0,1,42,3,201.0,14,6,4.55,21.21,0.0,,75.0,21.43,,25.0,63.64,67.0,3.14,3.05,0.05,1.08,0.0,0.12
2020-11-06,2020-11,44,6,tablet,google,organic,(organic),returning_session,9,9,129,36,18,0,0,1,2,1,4,0,1,1,0,0,5,1,199.0,5,5,11.11,44.44,0.0,,100.0,25.0,,0.0,55.56,199.0,22.11,22.11,0.11,2.0,0.0,0.11
2020-11-06,2020-11,44,6,desktop,google,cpc,<Other>,returning_session,7,7,184,51,25,0,0,3,2,1,2,0,1,1,0,0,3,1,24.0,4,4,14.29,28.57,0.0,,100.0,50.0,,0.0,42.86,24.0,3.43,3.43,0.14,3.57,0.0,0.43
2020-11-06,2020-11,44,6,tablet,(data deleted),(data deleted),(data deleted),returning_session,7,5,175,52,5,0,0,6,9,1,1,0,1,1,0,0,3,1,32.0,2,2,14.29,14.29,0.0,,100.0,100.0,,0.0,42.86,32.0,6.4,4.57,0.2,0.71,0.0,0.86
2020-11-06,2020-11,44,6,tablet,<Other>,<Other>,<Other>,returning_session,1,1,132,42,24,0,0,2,3,1,1,0,1,1,0,0,0,1,32.0,2,2,100.0,100.0,0.0,,100.0,100.0,,0.0,0.0,32.0,32.0,32.0,1.0,24.0,0.0,2.0
2020-12-14,2020-12,50,2,tablet,google,organic,(organic),returning_session,7,7,39,13,0,0,0,0,0,0,0,0,0,0,0,0,5,0,0.0,0,0,0.0,0.0,,,,,,,71.43,,0.0,0.0,0.0,0.0,0.0,0.0
2020-12-14,2020-12,50,2,tablet,google,cpc,<Other>,new_session,4,4,34,10,0,0,0,0,0,0,0,0,0,0,0,0,2,0,0.0,0,0,0.0,0.0,,,,,,,50.0,,0.0,0.0,0.0,0.0,0.0,0.0
2020-12-14,2020-12,50,2,desktop,<Other>,(data deleted),(data deleted),returning_session,2,2,9,2,0,0,0,0,0,0,0,0,0,0,0,0,1,0,0.0,0,0,0.0,0.0,,,,,,,50.0,,0.0,0.0,0.0,0.0,0.0,0.0
2020-12-14,2020-12,50,2,mobile,<Other>,(data deleted),(data deleted),returning_session,2,2,8,2,0,0,0,0,0,0,0,0,0,0,0,0,1,0,0.0,0,0,0.0,0.0,,,,,,,50.0,,0.0,0.0,0.0,0.0,0.0,0.0
2020-12-14,2020-12,50,2,mobile,<Other>,organic,(organic),returning_session,8,8,55,20,0,0,0,0,0,0,0,0,0,0,0,0,3,0,0.0,0,0,0.0,0.0,,,,,,,37.5,,0.0,0.0,0.0,0.0,0.0,0.0
2020-12-14,2020-12,50,2,tablet,(data deleted),(data deleted),(data deleted),returning_session,6,5,34,9,0,0,0,0,0,0,0,0,0,0,0,0,4,0,0.0,0,0,0.0,0.0,,,,,,,66.67,,0.0,0.0,0.0,0.0,0.0,0.0
2020-12-14,2020-12,50,2,tablet,<Other>,organic,(organic),new_session,2,2,7,2,0,0,0,0,0,0,0,0,0,0,0,0,2,0,0.0,0,0,0.0,0.0,,,,,,,100.0,,0.0,0.0,0.0,0.0,0.0,0.0
2020-12-14,2020-12,50,2,tablet,<Other>,referral,(referral),returning_session,5,5,15,3,0,0,0,0,0,0,0,0,0,0,0,0,5,0,0.0,0,0,0.0,0.0,,,,,,,100.0,,0.0,0.0,0.0,0.0,0.0,0.0
2020-12-14,2020-12,50,2,mobile,(data deleted),(data deleted),(data deleted),new_session,4,4,18,7,0,0,0,0,0,0,0,0,0,0,0,0,2,0,0.0,0,0,0.0,0.0,,,,,,,50.0,,0.0,0.0,0.0,0.0,0.0,0.0
2020-12-14,2020-12,50,2,tablet,<Other>,<Other>,<Other>,returning_session,1,1,4,1,0,0,0,0,0,0,0,0,0,0,0,0,1,0,0.0,0,0,0.0,0.0,,,,,,,100.0,,0.0,0.0,0.0,0.0,0.0,0.0
2020-12-14,2020-12,50,2,tablet,<Other>,referral,(referral),new_session,3,3,21,5,1,0,0,0,0,0,1,0,0,0,0,0,1,0,0.0,0,0,0.0,33.33,0.0,,,0.0,,,33.33,,0.0,0.0,0.0,0.33,0.0,0.0
2020-12-14,2020-12,50,2,tablet,shop.googlemerchandisestore.com,referral,(referral),new_session,5,5,52,14,6,0,0,0,0,0,1,0,0,0,0,0,4,0,0.0,0,0,0.0,20.0,0.0,,,0.0,,,80.0,,0.0,0.0,0.0,1.2,0.0,0.0
2020-12-14,2020-12,50,2,tablet,shop.googlemerchandisestore.com,referral,(referral),returning_session,10,9,148,39,20,12,0,0,0,0,3,2,0,0,2,0,4,0,0.0,0,0,0.0,30.0,66.67,0.0,,0.0,100.0,,40.0,,0.0,0.0,0.0,2.0,1.2,0.0
2020-12-14,2020-12,50,2,desktop,(data deleted),(data deleted),<Other>,returning_session,2,2,39,14,9,2,0,0,0,0,2,1,0,0,1,0,0,0,0.0,0,0,0.0,100.0,50.0,0.0,,0.0,100.0,,0.0,,0.0,0.0,0.0,4.5,1.0,0.0
2020-12-14,2020-12,50,2,desktop,<Other>,organic,(organic),returning_session,9,9,99,31,6,3,0,0,0,0,1,1,0,0,1,0,5,0,0.0,0,0,0.0,11.11,100.0,0.0,,0.0,100.0,,55.56,,0.0,0.0,0.0,0.67,0.33,0.0
2020-12-14,2020-12,50,2,tablet,<Other>,<Other>,<Other>,new_session,21,21,126,35,1,0,0,0,0,0,1,0,0,0,0,0,16,0,0.0,0,0,0.0,4.76,0.0,,,0.0,,,76.19,,0.0,0.0,0.0,0.05,0.0,0.0
2020-12-14,2020-12,50,2,mobile,<Other>,organic,(organic),new_session,56,56,464,133,30,5,0,0,0,0,10,2,0,0,2,0,37,0,0.0,0,0,0.0,17.86,20.0,0.0,,0.0,100.0,,66.07,,0.0,0.0,0.0,0.54,0.09,0.0
2020-12-14,2020-12,50,2,desktop,<Other>,organic,(organic),new_session,64,64,527,145,53,8,0,0,0,0,14,3,0,0,3,0,44,0,0.0,0,0,0.0,21.88,21.43,0.0,,0.0,100.0,,68.75,,0.0,0.0,0.0,0.83,0.13,0.0
2020-12-14,2020-12,50,2,desktop,(data deleted),(data deleted),(data deleted),new_session,9,9,102,35,8,5,0,0,0,0,3,2,0,0,2,0,6,0,0.0,0,0,0.0,33.33,66.67,0.0,,0.0,100.0,,66.67,,0.0,0.0,0.0,0.89,0.56,0.0
2020-12-14,2020-12,50,2,tablet,(direct),(none),(direct),new_session,26,26,366,114,39,4,0,0,0,0,6,2,0,0,2,0,16,0,0.0,0,0,0.0,23.08,33.33,0.0,,0.0,100.0,,61.54,,0.0,0.0,0.0,1.5,0.15,0.0
2020-12-14,2020-12,50,2,tablet,(direct),(none),(direct),returning_session,9,9,108,30,14,6,0,2,0,0,1,1,1,0,1,1,6,0,0.0,0,0,0.0,11.11,100.0,100.0,0.0,0.0,100.0,100.0,66.67,,0.0,0.0,0.0,1.56,0.67,0.22
2020-12-14,2020-12,50,2,mobile,google,cpc,<Other>,returning_session,6,6,164,48,31,0,0,2,0,0,3,0,1,0,0,1,1,0,0.0,0,0,0.0,50.0,0.0,,0.0,0.0,,100.0,16.67,,0.0,0.0,0.0,5.17,0.0,0.33
2020-12-14,2020-12,50,2,mobile,shop.googlemerchandisestore.com,referral,(referral),new_session,91,91,796,222,63,35,0,2,0,0,14,6,1,0,6,1,63,0,0.0,0,0,0.0,15.38,42.86,16.67,0.0,0.0,100.0,100.0,69.23,,0.0,0.0,0.0,0.69,0.38,0.02
2020-12-14,2020-12,50,2,desktop,google,cpc,<Other>,returning_session,8,8,380,108,59,40,0,8,1,0,4,4,1,0,4,1,3,0,0.0,0,0,0.0,50.0,100.0,25.0,0.0,0.0,100.0,100.0,37.5,,0.0,0.0,0.0,7.38,5.0,1.0
2020-12-14,2020-12,50,2,mobile,<Other>,<Other>,<Other>,returning_session,21,20,365,111,44,6,0,2,2,1,7,3,1,1,3,0,12,1,90.0,4,4,4.76,33.33,42.86,33.33,100.0,14.29,100.0,0.0,57.14,90.0,4.5,4.29,0.05,2.1,0.29,0.1
2020-12-14,2020-12,50,2,desktop,shop.googlemerchandisestore.com,referral,(referral),new_session,112,112,1208,312,154,38,0,11,6,1,23,7,2,1,6,1,75,1,0.0,0,1,0.89,20.54,30.43,28.57,50.0,4.35,85.71,50.0,66.96,0.0,0.0,0.0,0.01,1.38,0.34,0.1
2020-12-14,2020-12,50,2,tablet,google,organic,(organic),new_session,32,32,851,268,104,20,0,14,7,1,7,3,2,1,2,1,17,1,105.0,8,7,3.13,21.88,42.86,66.67,50.0,14.29,66.67,50.0,53.13,105.0,3.28,3.28,0.03,3.25,0.63,0.44
2020-12-14,2020-12,50,2,mobile,google,cpc,<Other>,new_session,78,78,1042,312,103,45,0,10,2,1,10,6,3,1,5,2,53,1,133.0,9,9,1.28,12.82,60.0,50.0,33.33,10.0,83.33,66.67,67.95,133.0,1.71,1.71,0.01,1.32,0.58,0.13
2020-12-14,2020-12,50,2,desktop,<Other>,<Other>,<Other>,returning_session,53,50,682,197,73,8,0,8,3,2,18,4,3,2,3,1,26,2,74.0,4,2,3.77,33.96,22.22,75.0,66.67,11.11,75.0,33.33,49.06,37.0,1.48,1.4,0.04,1.38,0.15,0.15
2020-12-14,2020-12,50,2,mobile,(data deleted),(data deleted),<Other>,returning_session,4,4,442,126,90,8,0,11,4,2,3,2,3,2,0,1,1,2,40.0,5,6,50.0,75.0,66.67,150.0,66.67,66.67,0.0,33.33,25.0,20.0,10.0,10.0,0.5,22.5,2.0,2.75
2020-12-14,2020-12,50,2,desktop,<Other>,referral,(referral),new_session,193,193,1849,553,127,26,0,12,1,1,32,8,4,1,8,3,129,1,13.0,1,1,0.52,16.58,25.0,50.0,25.0,3.13,100.0,75.0,66.84,13.0,0.07,0.07,0.01,0.66,0.13,0.06
2020-12-14,2020-12,50,2,desktop,google,cpc,<Other>,new_session,120,120,1858,623,201,17,0,12,2,1,24,9,4,1,9,3,68,1,107.0,2,2,0.83,20.0,37.5,44.44,25.0,4.17,100.0,75.0,56.67,107.0,0.89,0.89,0.01,1.68,0.14,0.1
2020-12-14,2020-12,50,2,mobile,<Other>,referral,(referral),new_session,146,146,1758,551,157,8,0,10,5,2,19,5,4,2,5,2,104,2,107.0,4,4,1.37,13.01,26.32,80.0,50.0,10.53,100.0,50.0,71.23,53.5,0.73,0.73,0.01,1.08,0.05,0.07
2020-12-14,2020-12,50,2,desktop,<Other>,referral,(referral),returning_session,79,76,2060,631,278,42,0,20,6,2,26,10,5,2,8,3,41,2,838.0,56,34,2.53,32.91,38.46,50.0,40.0,7.69,80.0,60.0,51.9,419.0,11.03,10.61,0.03,3.52,0.53,0.25
2020-12-14,2020-12,50,2,desktop,(data deleted),(data deleted),(data deleted),returning_session,154,146,2181,630,282,58,0,24,10,4,38,17,6,4,14,2,89,4,424.0,26,19,2.6,24.68,44.74,35.29,66.67,10.53,82.35,33.33,57.79,106.0,2.9,2.75,0.03,1.83,0.38,0.16
2020-12-14,2020-12,50,2,desktop,(direct),(none),(direct),returning_session,194,183,2650,800,295,68,0,30,8,4,48,11,7,4,9,3,102,4,254.0,6,6,2.06,24.74,22.92,63.64,57.14,8.33,81.82,42.86,52.58,63.5,1.39,1.31,0.02,1.52,0.35,0.15
2020-12-14,2020-12,50,2,mobile,(direct),(none),(direct),returning_session,114,108,2059,600,247,48,0,59,24,11,35,14,7,4,12,3,69,11,633.0,11,12,3.51,30.7,40.0,50.0,57.14,11.43,85.71,42.86,60.53,57.55,5.86,5.55,0.1,2.17,0.42,0.52
2020-12-14,2020-12,50,2,mobile,<Other>,<Other>,<Other>,new_session,266,266,3052,851,254,63,0,50,19,6,56,20,8,5,16,3,165,5,327.0,16,16,1.88,21.05,35.71,40.0,62.5,8.93,80.0,37.5,62.03,65.4,1.23,1.23,0.02,0.95,0.24,0.19
2020-12-14,2020-12,50,2,desktop,shop.googlemerchandisestore.com,referral,(referral),returning_session,116,113,1589,444,152,67,0,30,11,5,32,14,8,5,9,3,68,5,142.0,14,14,4.31,27.59,43.75,57.14,62.5,15.63,64.29,37.5,58.62,28.4,1.26,1.22,0.04,1.31,0.58,0.26
2020-12-14,2020-12,50,2,mobile,<Other>,referral,(referral),returning_session,58,58,1009,280,132,44,0,29,13,4,17,7,8,3,5,5,31,4,135.0,9,8,5.17,29.31,41.18,114.29,37.5,17.65,71.43,62.5,53.45,33.75,2.33,2.33,0.07,2.28,0.76,0.5
2020-12-14,2020-12,50,2,desktop,google,organic,(organic),returning_session,174,167,3143,947,351,64,0,48,14,5,43,16,9,5,12,4,90,5,1727.0,141,21,2.87,24.71,37.21,56.25,55.56,11.63,75.0,44.44,51.72,345.4,10.34,9.93,0.03,2.02,0.37,0.28
2020-12-14,2020-12,50,2,mobile,shop.googlemerchandisestore.com,referral,(referral),returning_session,86,78,1742,495,231,97,0,34,15,6,28,12,9,6,6,3,44,6,734.0,29,27,6.98,32.56,42.86,75.0,66.67,21.43,50.0,33.33,51.16,122.33,9.41,8.53,0.08,2.69,1.13,0.4
2020-12-14,2020-12,50,2,mobile,(data deleted),(data deleted),(data deleted),returning_session,117,113,1906,523,217,98,0,38,15,8,31,15,9,7,10,2,64,8,474.0,20,20,5.98,26.5,48.39,60.0,77.78,22.58,66.67,22.22,54.7,59.25,4.19,4.05,0.07,1.85,0.84,0.32
2020-12-14,2020-12,50,2,mobile,google,organic,(organic),returning_session,123,119,2017,580,214,89,0,36,17,10,32,15,9,8,8,1,72,10,617.0,30,30,6.5,26.02,46.88,60.0,88.89,25.0,53.33,11.11,58.54,61.7,5.18,5.02,0.08,1.74,0.72,0.29
2020-12-14,2020-12,50,2,desktop,<Other>,<Other>,<Other>,new_session,337,337,3965,1180,372,60,0,27,7,4,52,21,10,4,17,6,213,4,735.0,81,29,1.19,15.43,40.38,47.62,40.0,7.69,80.95,60.0,63.2,183.75,2.18,2.18,0.01,1.1,0.18,0.08
2020-12-14,2020-12,50,2,mobile,(direct),(none),(direct),new_session,333,333,4550,1349,452,81,0,36,10,3,69,23,13,3,20,10,199,3,156.0,9,9,0.9,20.72,33.33,56.52,23.08,4.35,86.96,76.92,59.76,52.0,0.47,0.47,0.01,1.36,0.24,0.11
2020-12-14,2020-12,50,2,mobile,google,organic,(organic),new_session,513,513,6372,1949,623,91,0,44,13,5,88,32,13,4,28,9,322,4,241.0,11,10,0.78,17.15,36.36,40.63,30.77,4.55,87.5,69.23,62.77,60.25,0.47,0.47,0.01,1.21,0.18,0.09
2020-12-14,2020-12,50,2,desktop,(direct),(none),(direct),new_session,525,525,6241,1822,548,108,0,69,15,4,101,31,17,4,27,13,326,4,262.0,17,15,0.76,19.24,30.69,54.84,23.53,3.96,87.1,76.47,62.1,65.5,0.5,0.5,0.01,1.04,0.21,0.13
2020-12-14,2020-12,50,2,desktop,google,organic,(organic),new_session,790,789,8182,2372,723,178,0,57,18,6,162,50,19,6,44,13,490,6,201.0,19,18,0.76,20.51,30.86,38.0,31.58,3.7,88.0,68.42,62.03,33.5,0.25,0.25,0.01,0.92,0.23,0.07
2020-11-10,2020-11,45,3,tablet,google,cpc,<Other>,new_session,2,2,13,3,0,0,0,0,0,0,0,0,0,0,0,0,1,0,0.0,0,0,0.0,0.0,,,,,,,50.0,,0.0,0.0,0.0,0.0,0.0,0.0
2020-11-10,2020-11,45,3,tablet,(direct),(none),(direct),new_session,6,6,34,9,0,0,0,0,0,0,0,0,0,0,0,0,3,0,0.0,0,0,0.0,0.0,,,,,,,50.0,,0.0,0.0,0.0,0.0,0.0,0.0
2020-11-10,2020-11,45,3,desktop,(data deleted),(data deleted),<Other>,returning_session,2,2,4,0,0,0,0,0,0,0,0,0,0,0,0,0,2,0,0.0,0,0,0.0,0.0,,,,,,,100.0,,0.0,0.0,0.0,0.0,0.0,0.0
2020-11-10,2020-11,45,3,desktop,<Other>,organic,(organic),returning_session,10,10,150,47,18,0,0,0,0,0,3,0,0,0,0,0,6,0,0.0,0,0,0.0,30.0,0.0,,,0.0,,,60.0,,0.0,0.0,0.0,1.8,0.0,0.0
2020-11-10,2020-11,45,3,tablet,<Other>,referral,(referral),returning_session,2,2,9,3,1,0,0,0,0,0,1,0,0,0,0,0,1,0,0.0,0,0,0.0,50.0,0.0,,,0.0,,,50.0,,0.0,0.0,0.0,0.5,0.0,0.0
2020-11-10,2020-11,45,3,tablet,(direct),(none),(direct),returning_session,3,3,10,3,1,0,0,0,0,0,1,0,0,0,0,0,2,0,0.0,0,0,0.0,33.33,0.0,,,0.0,,,66.67,,0.0,0.0,0.0,0.33,0.0,0.0
2020-11-10,2020-11,45,3,desktop,google,cpc,<Other>,returning_session,11,11,126,31,17,0,0,0,0,0,3,0,0,0,0,0,5,0,0.0,0,0,0.0,27.27,0.0,,,0.0,,,45.45,,0.0,0.0,0.0,1.55,0.0,0.0
2020-11-10,2020-11,45,3,mobile,<Other>,(data deleted),(data deleted),returning_session,2,2,21,6,3,0,0,0,0,0,2,0,0,0,0,0,0,0,0.0,0,0,0.0,100.0,0.0,,,0.0,,,0.0,,0.0,0.0,0.0,1.5,0.0,0.0
2020-11-10,2020-11,45,3,mobile,google,cpc,<Other>,returning_session,8,8,38,9,1,0,0,0,0,0,1,0,0,0,0,0,6,0,0.0,0,0,0.0,12.5,0.0,,,0.0,,,75.0,,0.0,0.0,0.0,0.13,0.0,0.0
2020-11-10,2020-11,45,3,tablet,(data deleted),(data deleted),(data deleted),returning_session,8,8,40,9,1,0,0,0,0,0,1,0,0,0,0,0,6,0,0.0,0,0,0.0,12.5,0.0,,,0.0,,,75.0,,0.0,0.0,0.0,0.13,0.0,0.0
2020-11-10,2020-11,45,3,tablet,shop.googlemerchandisestore.com,referral,(referral),new_session,1,1,21,6,2,0,0,0,0,0,1,0,0,0,0,0,0,0,0.0,0,0,0.0,100.0,0.0,,,0.0,,,0.0,,0.0,0.0,0.0,2.0,0.0,0.0
2020-11-10,2020-11,45,3,tablet,<Other>,referral,(referral),new_session,6,6,40,12,1,0,0,0,0,0,1,0,0,0,0,0,3,0,0.0,0,0,0.0,16.67,0.0,,,0.0,,,50.0,,0.0,0.0,0.0,0.17,0.0,0.0
2020-11-10,2020-11,45,3,desktop,(data deleted),(data deleted),(data deleted),new_session,2,2,15,6,2,0,0,0,0,0,1,0,0,0,0,0,0,0,0.0,0,0,0.0,50.0,0.0,,,0.0,,,0.0,,0.0,0.0,0.0,1.0,0.0,0.0
2020-11-10,2020-11,45,3,tablet,<Other>,<Other>,<Other>,returning_session,3,3,31,10,2,0,0,0,0,0,1,0,0,0,0,0,2,0,0.0,0,0,0.0,33.33,0.0,,,0.0,,,66.67,,0.0,0.0,0.0,0.67,0.0,0.0
2020-11-10,2020-11,45,3,mobile,(data deleted),(data deleted),(data deleted),new_session,4,4,56,24,2,0,0,0,0,0,1,0,0,0,0,0,0,0,0.0,0,0,0.0,25.0,0.0,,,0.0,,,0.0,,0.0,0.0,0.0,0.5,0.0,0.0
2020-11-10,2020-11,45,3,tablet,google,organic,(organic),new_session,15,15,211,64,20,0,0,0,0,0,7,0,0,0,0,0,4,0,0.0,0,0,0.0,46.67,0.0,,,0.0,,,26.67,,0.0,0.0,0.0,1.33,0.0,0.0
2020-11-10,2020-11,45,3,tablet,google,organic,(organic),returning_session,6,6,77,26,2,0,0,0,0,0,2,0,0,0,0,0,2,0,0.0,0,0,0.0,33.33,0.0,,,0.0,,,33.33,,0.0,0.0,0.0,0.33,0.0,0.0
2020-11-10,2020-11,45,3,tablet,shop.googlemerchandisestore.com,referral,(referral),returning_session,4,4,49,14,3,0,0,0,0,0,2,0,0,0,0,0,2,0,0.0,0,0,0.0,50.0,0.0,,,0.0,,,50.0,,0.0,0.0,0.0,0.75,0.0,0.0
2020-11-10,2020-11,45,3,desktop,shop.googlemerchandisestore.com,referral,(referral),new_session,80,80,943,276,71,0,0,4,1,0,23,0,3,0,0,3,30,0,0.0,0,0,0.0,28.75,0.0,,0.0,0.0,,100.0,37.5,,0.0,0.0,0.0,0.89,0.0,0.05
2020-11-10,2020-11,45,3,mobile,shop.googlemerchandisestore.com,referral,(referral),new_session,47,47,653,201,29,0,0,5,1,0,9,0,3,0,0,3,22,0,0.0,0,0,0.0,19.15,0.0,,0.0,0.0,,100.0,46.81,,0.0,0.0,0.0,0.62,0.0,0.11
2020-11-10,2020-11,45,3,desktop,google,cpc,<Other>,new_session,76,76,868,257,73,0,0,4,0,0,23,0,4,0,0,4,33,0,0.0,0,0,0.0,30.26,0.0,,0.0,0.0,,100.0,43.42,,0.0,0.0,0.0,0.96,0.0,0.05
2020-11-10,2020-11,45,3,mobile,(direct),(none),(direct),returning_session,111,105,1406,416,164,0,0,13,9,0,39,0,6,0,0,6,53,0,0.0,0,0,0.0,35.14,0.0,,0.0,0.0,,100.0,47.75,,0.0,0.0,0.0,1.48,0.0,0.12
2020-11-10,2020-11,45,3,desktop,<Other>,(data deleted),(data deleted),returning_session,5,5,152,44,15,0,0,2,1,0,2,0,2,0,0,2,1,0,0.0,0,0,0.0,40.0,0.0,,0.0,0.0,,100.0,20.0,,0.0,0.0,0.0,3.0,0.0,0.4
2020-11-10,2020-11,45,3,desktop,<Other>,organic,(organic),new_session,44,44,545,166,34,0,0,2,2,0,10,0,1,0,0,1,19,0,0.0,0,0,0.0,22.73,0.0,,0.0,0.0,,100.0,43.18,,0.0,0.0,0.0,0.77,0.0,0.05
2020-11-10,2020-11,45,3,tablet,<Other>,<Other>,<Other>,new_session,13,13,115,35,6,0,0,1,0,0,3,0,1,0,0,1,5,0,0.0,0,0,0.0,23.08,0.0,,0.0,0.0,,100.0,38.46,,0.0,0.0,0.0,0.46,0.0,0.08
2020-11-10,2020-11,45,3,mobile,google,organic,(organic),new_session,354,354,5372,1689,556,0,0,17,4,2,94,0,14,2,0,12,152,2,156.0,8,5,0.56,26.55,0.0,,14.29,2.13,,85.71,42.94,78.0,0.44,0.44,0.01,1.57,0.0,0.05
2020-11-10,2020-11,45,3,desktop,<Other>,referral,(referral),new_session,125,125,1859,586,196,0,0,6,2,1,30,0,6,1,0,5,67,1,32.0,1,1,0.8,24.0,0.0,,16.67,3.33,,83.33,53.6,32.0,0.26,0.26,0.01,1.57,0.0,0.05
2020-11-10,2020-11,45,3,desktop,<Other>,referral,(referral),returning_session,91,86,1048,300,138,0,0,7,4,1,20,0,5,1,0,4,58,1,18.0,1,1,1.1,21.98,0.0,,20.0,5.0,,80.0,63.74,18.0,0.21,0.2,0.01,1.52,0.0,0.08
2020-11-10,2020-11,45,3,desktop,(direct),(none),(direct),new_session,346,346,4981,1540,520,0,0,24,18,4,82,0,16,4,0,12,163,4,478.0,31,27,1.16,23.7,0.0,,25.0,4.88,,75.0,47.11,119.5,1.38,1.38,0.01,1.5,0.0,0.07
2020-11-10,2020-11,45,3,mobile,<Other>,referral,(referral),new_session,113,113,1466,450,130,0,0,4,2,1,25,0,4,1,0,3,56,1,72.0,4,4,0.88,22.12,0.0,,25.0,4.0,,75.0,49.56,72.0,0.64,0.64,0.01,1.15,0.0,0.04
2020-11-10,2020-11,45,3,desktop,google,organic,(organic),new_session,496,496,6059,1812,525,0,0,22,14,4,114,0,14,4,0,10,234,4,199.0,9,9,0.81,22.98,0.0,,28.57,3.51,,71.43,47.18,49.75,0.4,0.4,0.01,1.06,0.0,0.04
2020-11-10,2020-11,45,3,desktop,<Other>,<Other>,<Other>,new_session,261,261,4570,1468,526,0,0,14,7,3,69,0,10,3,0,7,114,3,219.0,9,9,1.15,26.44,0.0,,30.0,4.35,,70.0,43.68,73.0,0.84,0.84,0.01,2.02,0.0,0.05
2020-11-10,2020-11,45,3,mobile,(direct),(none),(direct),new_session,221,221,3187,1011,308,0,0,12,8,3,45,0,10,3,0,7,111,3,73.0,9,9,1.36,20.36,0.0,,30.0,6.67,,70.0,50.23,24.33,0.33,0.33,0.01,1.39,0.0,0.05
2020-11-10,2020-11,45,3,mobile,<Other>,<Other>,<Other>,new_session,181,181,1838,525,126,0,0,9,5,2,36,0,6,2,0,4,95,2,75.0,4,4,1.1,19.89,0.0,,33.33,5.56,,66.67,52.49,37.5,0.41,0.41,0.01,0.7,0.0,0.05
2020-11-10,2020-11,45,3,mobile,<Other>,<Other>,<Other>,returning_session,25,25,469,140,49,0,0,7,8,2,9,0,5,2,0,3,14,2,80.0,3,3,8.0,36.0,0.0,,40.0,22.22,,60.0,56.0,40.0,3.2,3.2,0.08,1.96,0.0,0.28
2020-11-10,2020-11,45,3,mobile,google,cpc,<Other>,new_session,62,62,1366,443,191,0,0,6,5,2,16,0,5,2,0,3,27,2,92.0,5,5,3.23,25.81,0.0,,40.0,12.5,,60.0,43.55,46.0,1.48,1.48,0.03,3.08,0.0,0.1
2020-11-10,2020-11,45,3,desktop,(data deleted),(data deleted),(data deleted),returning_session,152,143,1763,517,219,0,0,9,8,2,34,0,5,2,0,3,97,2,118.0,6,6,1.32,22.37,0.0,,40.0,5.88,,60.0,63.82,59.0,0.83,0.78,0.01,1.44,0.0,0.06
2020-11-10,2020-11,45,3,desktop,<Other>,<Other>,<Other>,returning_session,39,38,628,185,76,0,0,8,8,2,15,0,4,2,0,2,19,2,152.0,13,6,5.13,38.46,0.0,,50.0,13.33,,50.0,48.72,76.0,4.0,3.9,0.05,1.95,0.0,0.21
2020-11-10,2020-11,45,3,mobile,<Other>,organic,(organic),new_session,33,33,409,129,12,0,0,3,3,1,8,0,2,1,0,1,18,1,22.0,1,1,3.03,24.24,0.0,,50.0,12.5,,50.0,54.55,22.0,0.67,0.67,0.03,0.36,0.0,0.09
2020-11-10,2020-11,45,3,mobile,<Other>,referral,(referral),returning_session,55,55,750,220,109,0,0,3,7,1,18,0,2,1,0,1,25,1,34.0,2,2,1.82,32.73,0.0,,50.0,5.56,,50.0,45.45,34.0,0.62,0.62,0.02,1.98,0.0,0.05
2020-11-10,2020-11,45,3,desktop,shop.googlemerchandisestore.com,referral,(referral),returning_session,118,113,1524,463,189,0,0,12,10,3,36,0,5,3,0,2,68,3,154.0,11,11,2.54,30.51,0.0,,60.0,8.33,,40.0,57.63,51.33,1.36,1.31,0.03,1.6,0.0,0.1
2020-11-10,2020-11,45,3,mobile,(data deleted),(data deleted),(data deleted),returning_session,109,104,1064,321,80,0,0,11,14,5,22,0,8,5,0,3,67,5,246.0,10,10,4.59,20.18,0.0,,62.5,22.73,,37.5,61.47,49.2,2.37,2.26,0.05,0.73,0.0,0.1
2020-11-10,2020-11,45,3,mobile,shop.googlemerchandisestore.com,referral,(referral),returning_session,103,97,1416,429,150,0,0,14,13,4,21,0,6,4,0,2,60,4,521.0,25,21,3.88,20.39,0.0,,66.67,19.05,,33.33,58.25,130.25,5.37,5.06,0.04,1.46,0.0,0.14
2020-11-10,2020-11,45,3,desktop,(direct),(none),(direct),returning_session,171,159,2551,763,310,0,0,27,21,9,49,0,13,9,0,4,91,9,622.0,34,27,5.26,28.65,0.0,,69.23,18.37,,30.77,53.22,69.11,3.91,3.64,0.06,1.81,0.0,0.16
2020-11-10,2020-11,45,3,desktop,google,organic,(organic),returning_session,168,154,2054,594,254,0,0,13,19,5,37,0,7,5,0,2,97,5,338.0,72,16,2.98,22.02,0.0,,71.43,13.51,,28.57,57.74,67.6,2.19,2.01,0.03,1.51,0.0,0.08
2020-11-10,2020-11,45,3,mobile,google,organic,(organic),returning_session,120,115,1131,340,108,0,0,5,7,4,30,0,4,4,0,1,68,4,218.0,8,8,3.33,25.0,0.0,,100.0,13.33,,25.0,56.67,54.5,1.9,1.82,0.03,0.9,0.0,0.04
2020-11-10,2020-11,45,3,mobile,<Other>,organic,(organic),returning_session,9,9,141,43,13,0,0,1,2,1,3,0,1,1,0,0,2,1,48.0,1,1,11.11,33.33,0.0,,100.0,33.33,,0.0,22.22,48.0,5.33,5.33,0.11,1.44,0.0,0.11
2020-11-10,2020-11,45,3,mobile,(data deleted),(data deleted),<Other>,returning_session,1,1,69,21,9,0,0,1,1,1,1,0,1,1,0,0,0,1,47.0,2,2,100.0,100.0,0.0,,100.0,100.0,,0.0,0.0,47.0,47.0,47.0,1.0,9.0,0.0,1.0
2021-01-24,2021-01,4,1,desktop,(data deleted),(data deleted),(data deleted),new_session,4,4,16,7,0,0,0,0,0,0,0,0,0,0,0,0,3,0,0.0,0,0,0.0,0.0,,,,,,,75.0,,0.0,0.0,0.0,0.0,0.0,0.0
2021-01-24,2021-01,4,1,desktop,(data deleted),(data deleted),<Other>,returning_session,3,3,6,3,0,0,0,0,0,0,0,0,0,0,0,0,2,0,0.0,0,0,0.0,0.0,,,,,,,66.67,,0.0,0.0,0.0,0.0,0.0,0.0
2021-01-24,2021-01,4,1,tablet,<Other>,referral,(referral),returning_session,1,1,4,2,0,0,0,0,0,0,0,0,0,0,0,0,0,0,0.0,0,0,0.0,0.0,,,,,,,0.0,,0.0,0.0,0.0,0.0,0.0,0.0
2021-01-24,2021-01,4,1,tablet,google,cpc,<Other>,new_session,1,1,6,2,0,0,0,0,0,0,0,0,0,0,0,0,0,0,0.0,0,0,0.0,0.0,,,,,,,0.0,,0.0,0.0,0.0,0.0,0.0,0.0
2021-01-24,2021-01,4,1,mobile,google,cpc,<Other>,returning_session,2,2,5,2,0,0,0,0,0,0,0,0,0,0,0,0,1,0,0.0,0,0,0.0,0.0,,,,,,,50.0,,0.0,0.0,0.0,0.0,0.0,0.0
2021-01-24,2021-01,4,1,mobile,(data deleted),(data deleted),(data deleted),new_session,2,2,24,8,0,0,0,0,0,0,0,0,0,0,0,0,1,0,0.0,0,0,0.0,0.0,,,,,,,50.0,,0.0,0.0,0.0,0.0,0.0,0.0
2021-01-24,2021-01,4,1,mobile,(data deleted),(data deleted),<Other>,new_session,1,1,2,1,0,0,0,0,0,0,0,0,0,0,0,0,1,0,0.0,0,0,0.0,0.0,,,,,,,100.0,,0.0,0.0,0.0,0.0,0.0,0.0
2021-01-24,2021-01,4,1,tablet,<Other>,organic,(organic),new_session,3,3,13,5,0,0,0,0,0,0,0,0,0,0,0,0,1,0,0.0,0,0,0.0,0.0,,,,,,,33.33,,0.0,0.0,0.0,0.0,0.0,0.0
2021-01-24,2021-01,4,1,desktop,google,cpc,<Other>,returning_session,4,4,15,5,0,0,0,0,0,0,0,0,0,0,0,0,2,0,0.0,0,0,0.0,0.0,,,,,,,50.0,,0.0,0.0,0.0,0.0,0.0,0.0
2021-01-24,2021-01,4,1,mobile,<Other>,organic,(organic),new_session,28,28,327,120,22,0,0,0,0,0,8,0,0,0,0,0,0,0,0.0,0,0,0.0,28.57,0.0,,,0.0,,,0.0,,0.0,0.0,0.0,0.79,0.0,0.0
2021-01-24,2021-01,4,1,tablet,(data deleted),(data deleted),(data deleted),returning_session,1,1,4,2,1,0,0,0,0,0,1,0,0,0,0,0,0,0,0.0,0,0,0.0,100.0,0.0,,,0.0,,,0.0,,0.0,0.0,0.0,1.0,0.0,0.0
2021-01-24,2021-01,4,1,tablet,(direct),(none),(direct),new_session,14,14,103,39,3,0,0,0,0,0,2,0,0,0,0,0,1,0,0.0,0,0,0.0,14.29,0.0,,,0.0,,,7.14,,0.0,0.0,0.0,0.21,0.0,0.0
2021-01-24,2021-01,4,1,tablet,(direct),(none),(direct),returning_session,4,3,38,14,1,0,0,0,0,0,1,0,0,0,0,0,1,0,0.0,0,0,0.0,25.0,0.0,,,0.0,,,25.0,,0.0,0.0,0.0,0.25,0.0,0.0
2021-01-24,2021-01,4,1,tablet,<Other>,<Other>,<Other>,returning_session,1,1,30,9,3,0,0,0,0,0,1,0,0,0,0,0,0,0,0.0,0,0,0.0,100.0,0.0,,,0.0,,,0.0,,0.0,0.0,0.0,3.0,0.0,0.0
2021-01-24,2021-01,4,1,tablet,google,organic,(organic),new_session,16,16,102,37,2,0,0,0,0,0,1,0,0,0,0,0,2,0,0.0,0,0,0.0,6.25,0.0,,,0.0,,,12.5,,0.0,0.0,0.0,0.13,0.0,0.0
2021-01-24,2021-01,4,1,desktop,<Other>,organic,(organic),returning_session,6,6,42,14,5,0,0,0,0,0,1,0,0,0,0,0,3,0,0.0,0,0,0.0,16.67,0.0,,,0.0,,,50.0,,0.0,0.0,0.0,0.83,0.0,0.0
2021-01-24,2021-01,4,1,desktop,google,cpc,<Other>,new_session,81,81,874,354,32,0,0,0,0,0,11,0,0,0,0,0,4,0,0.0,0,0,0.0,13.58,0.0,,,0.0,,,4.94,,0.0,0.0,0.0,0.4,0.0,0.0
2021-01-24,2021-01,4,1,desktop,<Other>,(data deleted),(data deleted),returning_session,3,3,12,5,2,0,0,0,0,0,1,0,0,0,0,0,1,0,0.0,0,0,0.0,33.33,0.0,,,0.0,,,33.33,,0.0,0.0,0.0,0.67,0.0,0.0
2021-01-24,2021-01,4,1,tablet,shop.googlemerchandisestore.com,referral,(referral),returning_session,3,3,17,7,1,0,0,0,0,0,1,0,0,0,0,0,0,0,0.0,0,0,0.0,33.33,0.0,,,0.0,,,0.0,,0.0,0.0,0.0,0.33,0.0,0.0
2021-01-24,2021-01,4,1,tablet,shop.googlemerchandisestore.com,referral,(referral),new_session,2,2,13,4,1,0,0,0,0,0,1,0,0,0,0,0,0,0,0.0,0,0,0.0,50.0,0.0,,,0.0,,,0.0,,0.0,0.0,0.0,0.5,0.0,0.0
2021-01-24,2021-01,4,1,tablet,google,cpc,<Other>,returning_session,1,1,40,14,4,0,0,0,0,0,1,0,0,0,0,0,0,0,0.0,0,0,0.0,100.0,0.0,,,0.0,,,0.0,,0.0,0.0,0.0,4.0,0.0,0.0
2021-01-24,2021-01,4,1,mobile,<Other>,<Other>,<Other>,returning_session,15,15,168,61,16,0,0,3,0,0,4,0,1,0,0,1,2,0,0.0,0,0,0.0,26.67,0.0,,0.0,0.0,,100.0,13.33,,0.0,0.0,0.0,1.07,0.0,0.2
2021-01-24,2021-01,4,1,desktop,<Other>,organic,(organic),new_session,42,42,321,118,15,0,0,0,0,0,9,0,0,0,0,0,4,0,0.0,0,0,0.0,21.43,0.0,,,0.0,,,9.52,,0.0,0.0,0.0,0.36,0.0,0.0
2021-01-24,2021-01,4,1,desktop,(direct),(none),(direct),returning_session,82,76,1023,393,110,9,0,3,1,0,17,4,1,0,4,1,14,0,0.0,0,0,0.0,20.73,23.53,25.0,0.0,0.0,100.0,100.0,17.07,,0.0,0.0,0.0,1.34,0.11,0.04
2021-01-24,2021-01,4,1,desktop,<Other>,<Other>,<Other>,returning_session,25,25,353,84,85,53,0,0,0,0,7,2,0,0,2,0,10,0,0.0,0,0,0.0,28.0,28.57,0.0,,0.0,100.0,,40.0,,0.0,0.0,0.0,3.4,2.12,0.0
2021-01-24,2021-01,4,1,mobile,(data deleted),(data deleted),(data deleted),returning_session,48,46,394,149,27,4,0,3,0,0,6,2,1,0,2,1,15,0,0.0,0,0,0.0,12.5,33.33,50.0,0.0,0.0,100.0,100.0,31.25,,0.0,0.0,0.0,0.56,0.08,0.06
2021-01-24,2021-01,4,1,mobile,<Other>,referral,(referral),new_session,85,85,883,326,76,14,0,0,0,0,17,6,0,0,6,0,4,0,0.0,0,0,0.0,20.0,35.29,0.0,,0.0,100.0,,4.71,,0.0,0.0,0.0,0.89,0.16,0.0
2021-01-24,2021-01,4,1,tablet,<Other>,<Other>,<Other>,new_session,12,12,197,67,17,5,0,0,0,0,5,1,0,0,1,0,0,0,0.0,0,0,0.0,41.67,20.0,0.0,,0.0,100.0,,0.0,,0.0,0.0,0.0,1.42,0.42,0.0
2021-01-24,2021-01,4,1,mobile,<Other>,organic,(organic),returning_session,4,4,67,23,10,1,0,0,0,0,2,1,0,0,1,0,0,0,0.0,0,0,0.0,50.0,50.0,0.0,,0.0,100.0,,0.0,,0.0,0.0,0.0,2.5,0.25,0.0
2021-01-24,2021-01,4,1,mobile,shop.googlemerchandisestore.com,referral,(referral),new_session,44,44,323,110,16,8,0,0,0,0,4,2,0,0,2,0,8,0,0.0,0,0,0.0,9.09,50.0,0.0,,0.0,100.0,,18.18,,0.0,0.0,0.0,0.36,0.18,0.0
2021-01-24,2021-01,4,1,tablet,<Other>,referral,(referral),new_session,7,7,44,17,3,1,0,0,0,0,3,1,0,0,1,0,0,0,0.0,0,0,0.0,42.86,33.33,0.0,,0.0,100.0,,0.0,,0.0,0.0,0.0,0.43,0.14,0.0
2021-01-24,2021-01,4,1,mobile,<Other>,referral,(referral),returning_session,30,29,576,187,50,5,0,36,2,0,9,3,3,0,3,3,5,0,0.0,0,0,0.0,30.0,33.33,100.0,0.0,0.0,100.0,100.0,16.67,,0.0,0.0,0.0,1.67,0.17,1.2
2021-01-24,2021-01,4,1,mobile,<Other>,<Other>,<Other>,new_session,150,150,1223,444,61,5,0,3,0,0,25,3,1,0,3,1,12,0,0.0,0,0,0.0,16.67,12.0,33.33,0.0,0.0,100.0,100.0,8.0,,0.0,0.0,0.0,0.41,0.03,0.02
2021-01-24,2021-01,4,1,tablet,google,organic,(organic),returning_session,4,4,126,41,21,1,0,0,0,0,2,1,0,0,1,0,0,0,0.0,0,0,0.0,50.0,50.0,0.0,,0.0,100.0,,0.0,,0.0,0.0,0.0,5.25,0.25,0.0
2021-01-24,2021-01,4,1,desktop,(direct),(none),(direct),new_session,341,341,3195,1147,242,31,0,15,2,1,69,9,3,1,8,2,22,1,22.0,1,1,0.29,20.23,13.04,33.33,33.33,1.45,88.89,66.67,6.45,22.0,0.06,0.06,0.0,0.71,0.09,0.04
2021-01-24,2021-01,4,1,mobile,google,organic,(organic),new_session,301,301,2919,1032,169,14,0,30,3,1,56,9,4,1,8,3,15,1,48.0,1,1,0.33,18.6,16.07,44.44,25.0,1.79,88.89,75.0,4.98,48.0,0.16,0.16,0.0,0.56,0.05,0.1
2021-01-24,2021-01,4,1,desktop,google,organic,(organic),new_session,472,472,4772,1685,350,53,0,35,7,3,105,12,7,3,10,4,20,3,124.0,5,5,0.64,22.25,11.43,58.33,42.86,2.86,83.33,57.14,4.24,41.33,0.26,0.26,0.01,0.74,0.11,0.07
2021-01-24,2021-01,4,1,desktop,<Other>,<Other>,<Other>,new_session,221,221,2170,755,173,33,0,21,6,3,48,8,4,3,5,1,9,3,60.0,9,8,1.36,21.72,16.67,50.0,75.0,6.25,62.5,25.0,4.07,20.0,0.27,0.27,0.01,0.78,0.15,0.1
2021-01-24,2021-01,4,1,desktop,<Other>,referral,(referral),new_session,142,142,1667,576,104,28,0,33,3,2,29,5,6,2,3,4,4,2,332.0,10,10,1.41,20.42,17.24,120.0,33.33,6.9,60.0,66.67,2.82,166.0,2.34,2.34,0.01,0.73,0.2,0.23
2021-01-24,2021-01,4,1,desktop,shop.googlemerchandisestore.com,referral,(referral),new_session,77,77,1301,372,229,50,0,18,5,2,27,5,3,2,3,1,0,2,42.0,5,5,2.6,35.06,18.52,60.0,66.67,7.41,60.0,33.33,0.0,21.0,0.55,0.55,0.03,2.97,0.65,0.23
2021-01-24,2021-01,4,1,desktop,shop.googlemerchandisestore.com,referral,(referral),returning_session,63,60,889,281,122,22,0,27,9,7,23,2,3,2,1,1,22,7,510.0,21,20,3.17,36.51,8.7,150.0,66.67,8.7,50.0,33.33,34.92,72.86,8.5,8.1,0.12,1.94,0.35,0.43
2021-01-24,2021-01,4,1,mobile,(direct),(none),(direct),new_session,210,210,2288,782,158,29,0,38,9,4,45,11,8,4,7,4,8,4,172.0,10,10,1.9,21.43,24.44,72.73,50.0,8.89,63.64,50.0,3.81,43.0,0.82,0.82,0.02,0.75,0.14,0.18
2021-01-24,2021-01,4,1,desktop,(data deleted),(data deleted),(data deleted),returning_session,87,84,1340,457,102,33,0,31,9,2,22,7,3,2,5,1,25,2,120.0,11,9,2.3,25.29,31.82,42.86,66.67,9.09,71.43,33.33,28.74,60.0,1.43,1.38,0.02,1.17,0.38,0.36
2021-01-24,2021-01,4,1,mobile,google,cpc,<Other>,new_session,55,55,715,245,55,19,0,16,6,2,18,3,3,2,2,1,1,2,291.0,19,18,3.64,32.73,16.67,100.0,66.67,11.11,66.67,33.33,1.82,145.5,5.29,5.29,0.04,1.0,0.35,0.29
2021-01-24,2021-01,4,1,mobile,(direct),(none),(direct),returning_session,44,44,433,132,70,2,0,3,1,1,7,1,1,1,0,0,19,1,85.0,2,2,2.27,15.91,14.29,100.0,100.0,14.29,0.0,0.0,43.18,85.0,1.93,1.93,0.02,1.59,0.05,0.07
2021-01-24,2021-01,4,1,desktop,google,organic,(organic),returning_session,92,84,1073,363,104,25,0,33,6,3,17,5,5,3,3,2,26,3,446.0,17,17,3.26,18.48,29.41,100.0,60.0,17.65,60.0,40.0,28.26,148.67,5.31,4.85,0.04,1.13,0.27,0.36
2021-01-24,2021-01,4,1,mobile,shop.googlemerchandisestore.com,referral,(referral),returning_session,47,43,729,248,80,21,0,22,3,2,11,4,3,2,2,1,9,2,56.0,3,4,4.26,23.4,36.36,75.0,66.67,18.18,50.0,33.33,19.15,28.0,1.3,1.19,0.05,1.7,0.45,0.47
2021-01-24,2021-01,4,1,desktop,<Other>,referral,(referral),returning_session,34,34,233,90,14,1,0,3,1,1,5,1,1,1,0,0,11,1,55.0,1,1,2.94,14.71,20.0,100.0,100.0,20.0,0.0,0.0,32.35,55.0,1.62,1.62,0.03,0.41,0.03,0.09
2021-01-24,2021-01,4,1,mobile,google,organic,(organic),returning_session,51,51,796,255,68,20,0,39,6,5,17,5,7,5,1,2,13,5,356.0,29,19,9.8,33.33,29.41,140.0,71.43,29.41,20.0,28.57,25.49,71.2,6.98,6.98,0.1,1.33,0.39,0.76
2021-01-24,2021-01,4,1,mobile,(data deleted),(data deleted),<Other>,returning_session,2,2,63,21,6,1,0,3,1,1,2,1,1,1,0,0,0,1,13.0,1,1,50.0,100.0,50.0,100.0,100.0,50.0,0.0,0.0,0.0,13.0,6.5,6.5,0.5,3.0,0.5,1.5
2020-11-13,2020-11,45,6,desktop,(data deleted),(data deleted),<Other>,returning_session,3,3,10,3,0,0,0,0,0,0,0,0,0,0,0,0,3,0,0.0,0,0,0.0,0.0,,,,,,,100.0,,0.0,0.0,0.0,0.0,0.0,0.0
2020-11-13,2020-11,45,6,tablet,shop.googlemerchandisestore.com,referral,(referral),new_session,2,2,13,4,0,0,0,0,0,0,0,0,0,0,0,0,1,0,0.0,0,0,0.0,0.0,,,,,,,50.0,,0.0,0.0,0.0,0.0,0.0,0.0
2020-11-13,2020-11,45,6,desktop,google,cpc,<Other>,returning_session,6,6,38,12,0,0,0,0,0,0,0,0,0,0,0,0,4,0,0.0,0,0,0.0,0.0,,,,,,,66.67,,0.0,0.0,0.0,0.0,0.0,0.0
2020-11-13,2020-11,45,6,tablet,google,cpc,<Other>,returning_session,1,1,37,13,7,0,0,0,0,0,1,0,0,0,0,0,0,0,0.0,0,0,0.0,100.0,0.0,,,0.0,,,0.0,,0.0,0.0,0.0,7.0,0.0,0.0
2020-11-13,2020-11,45,6,desktop,<Other>,(data deleted),(data deleted),returning_session,3,3,17,5,1,0,0,0,0,0,1,0,0,0,0,0,2,0,0.0,0,0,0.0,33.33,0.0,,,0.0,,,66.67,,0.0,0.0,0.0,0.33,0.0,0.0
2020-11-13,2020-11,45,6,tablet,(data deleted),(data deleted),(data deleted),returning_session,4,4,22,5,1,0,0,0,0,0,1,0,0,0,0,0,3,0,0.0,0,0,0.0,25.0,0.0,,,0.0,,,75.0,,0.0,0.0,0.0,0.25,0.0,0.0
2020-11-13,2020-11,45,6,tablet,<Other>,<Other>,<Other>,new_session,10,10,190,57,23,0,0,0,0,0,4,0,0,0,0,0,4,0,0.0,0,0,0.0,40.0,0.0,,,0.0,,,40.0,,0.0,0.0,0.0,2.3,0.0,0.0
2020-11-13,2020-11,45,6,tablet,<Other>,referral,(referral),new_session,6,6,50,14,4,0,0,0,0,0,2,0,0,0,0,0,3,0,0.0,0,0,0.0,33.33,0.0,,,0.0,,,50.0,,0.0,0.0,0.0,0.67,0.0,0.0
2020-11-13,2020-11,45,6,mobile,<Other>,organic,(organic),returning_session,7,7,93,26,14,0,0,0,0,0,4,0,0,0,0,0,2,0,0.0,0,0,0.0,57.14,0.0,,,0.0,,,28.57,,0.0,0.0,0.0,2.0,0.0,0.0
2020-11-13,2020-11,45,6,tablet,<Other>,organic,(organic),returning_session,1,1,14,5,0,0,0,0,0,0,0,0,0,0,0,0,0,0,0.0,0,0,0.0,0.0,,,,,,,0.0,,0.0,0.0,0.0,0.0,0.0,0.0
2020-11-13,2020-11,45,6,mobile,<Other>,<Other>,(data deleted),returning_session,1,1,4,1,0,0,0,0,0,0,0,0,0,0,0,0,1,0,0.0,0,0,0.0,0.0,,,,,,,100.0,,0.0,0.0,0.0,0.0,0.0,0.0
2020-11-13,2020-11,45,6,tablet,<Other>,(data deleted),(data deleted),returning_session,2,2,9,3,0,0,0,0,0,0,0,0,0,0,0,0,1,0,0.0,0,0,0.0,0.0,,,,,,,50.0,,0.0,0.0,0.0,0.0,0.0,0.0
2020-11-13,2020-11,45,6,tablet,google,cpc,<Other>,new_session,5,5,48,14,0,0,0,0,0,0,0,0,0,0,0,0,3,0,0.0,0,0,0.0,0.0,,,,,,,60.0,,0.0,0.0,0.0,0.0,0.0,0.0
2020-11-13,2020-11,45,6,desktop,<Other>,organic,(organic),returning_session,8,8,25,6,0,0,0,0,0,0,0,0,0,0,0,0,7,0,0.0,0,0,0.0,0.0,,,,,,,87.5,,0.0,0.0,0.0,0.0,0.0,0.0
2020-11-13,2020-11,45,6,tablet,<Other>,<Other>,<Other>,returning_session,2,2,85,26,19,0,0,0,0,0,1,0,0,0,0,0,0,0,0.0,0,0,0.0,50.0,0.0,,,0.0,,,0.0,,0.0,0.0,0.0,9.5,0.0,0.0
2020-11-13,2020-11,45,6,mobile,google,cpc,<Other>,returning_session,5,5,23,7,1,0,0,0,0,0,1,0,0,0,0,0,3,0,0.0,0,0,0.0,20.0,0.0,,,0.0,,,60.0,,0.0,0.0,0.0,0.2,0.0,0.0
2020-11-13,2020-11,45,6,mobile,(data deleted),(data deleted),(data deleted),new_session,4,4,53,18,6,0,0,0,0,0,1,0,0,0,0,0,0,0,0.0,0,0,0.0,25.0,0.0,,,0.0,,,0.0,,0.0,0.0,0.0,1.5,0.0,0.0
2020-11-13,2020-11,45,6,tablet,(direct),(none),(direct),returning_session,4,4,95,29,18,0,0,0,0,0,1,0,0,0,0,0,3,0,0.0,0,0,0.0,25.0,0.0,,,0.0,,,75.0,,0.0,0.0,0.0,4.5,0.0,0.0
2020-11-13,2020-11,45,6,mobile,<Other>,(data deleted),(data deleted),returning_session,1,1,2,0,0,0,0,0,0,0,0,0,0,0,0,0,1,0,0.0,0,0,0.0,0.0,,,,,,,100.0,,0.0,0.0,0.0,0.0,0.0,0.0
2020-11-13,2020-11,45,6,desktop,(data deleted),(data deleted),<Other>,new_session,1,1,21,4,8,0,0,0,0,0,1,0,0,0,0,0,0,0,0.0,0,0,0.0,100.0,0.0,,,0.0,,,0.0,,0.0,0.0,0.0,8.0,0.0,0.0
2020-11-13,2020-11,45,6,tablet,shop.googlemerchandisestore.com,referral,(referral),returning_session,5,5,50,16,1,0,0,0,0,0,1,0,0,0,0,0,1,0,0.0,0,0,0.0,20.0,0.0,,,0.0,,,20.0,,0.0,0.0,0.0,0.2,0.0,0.0
2020-11-13,2020-11,45,6,mobile,google,cpc,<Other>,new_session,38,38,359,104,9,0,0,2,0,0,6,0,1,0,0,1,16,0,0.0,0,0,0.0,15.79,0.0,,0.0,0.0,,100.0,42.11,,0.0,0.0,0.0,0.24,0.0,0.05
2020-11-13,2020-11,45,6,tablet,(direct),(none),(direct),new_session,10,10,132,38,11,0,0,4,0,0,3,0,2,0,0,2,5,0,0.0,0,0,0.0,30.0,0.0,,0.0,0.0,,100.0,50.0,,0.0,0.0,0.0,1.1,0.0,0.4
2020-11-13,2020-11,45,6,desktop,google,cpc,<Other>,new_session,61,61,572,162,19,0,0,2,0,0,11,0,1,0,0,1,30,0,0.0,0,0,0.0,18.03,0.0,,0.0,0.0,,100.0,49.18,,0.0,0.0,0.0,0.31,0.0,0.03
2020-11-13,2020-11,45,6,tablet,<Other>,organic,(organic),new_session,2,2,39,12,3,0,0,2,0,0,1,0,1,0,0,1,0,0,0.0,0,0,0.0,50.0,0.0,,0.0,0.0,,100.0,0.0,,0.0,0.0,0.0,1.5,0.0,1.0
2020-11-13,2020-11,45,6,tablet,<Other>,referral,(referral),returning_session,3,3,66,19,4,0,0,2,2,0,1,0,1,0,0,1,2,0,0.0,0,0,0.0,33.33,0.0,,0.0,0.0,,100.0,66.67,,0.0,0.0,0.0,1.33,0.0,0.67
2020-11-13,2020-11,45,6,tablet,google,organic,(organic),returning_session,5,5,49,14,2,0,0,4,2,0,1,0,1,0,0,1,3,0,0.0,0,0,0.0,20.0,0.0,,0.0,0.0,,100.0,60.0,,0.0,0.0,0.0,0.4,0.0,0.8
2020-11-13,2020-11,45,6,mobile,<Other>,referral,(referral),new_session,85,85,965,288,97,0,0,1,0,0,17,0,1,0,0,1,38,0,0.0,0,0,0.0,20.0,0.0,,0.0,0.0,,100.0,44.71,,0.0,0.0,0.0,1.14,0.0,0.01
2020-11-13,2020-11,45,6,mobile,shop.googlemerchandisestore.com,referral,(referral),new_session,45,45,483,146,30,0,0,4,0,0,10,0,2,0,0,2,21,0,0.0,0,0,0.0,22.22,0.0,,0.0,0.0,,100.0,46.67,,0.0,0.0,0.0,0.67,0.0,0.09
2020-11-13,2020-11,45,6,desktop,<Other>,referral,(referral),new_session,113,113,1877,614,194,0,0,8,2,0,23,0,4,0,0,4,53,0,0.0,0,0,0.0,20.35,0.0,,0.0,0.0,,100.0,46.9,,0.0,0.0,0.0,1.72,0.0,0.07
2020-11-13,2020-11,45,6,tablet,google,organic,(organic),new_session,25,25,979,496,206,0,0,2,0,0,9,0,1,0,0,1,11,0,0.0,0,0,0.0,36.0,0.0,,0.0,0.0,,100.0,44.0,,0.0,0.0,0.0,8.24,0.0,0.08
2020-11-13,2020-11,45,6,desktop,shop.googlemerchandisestore.com,referral,(referral),new_session,60,60,1427,474,196,0,0,14,0,0,12,0,5,0,0,5,31,0,0.0,0,0,0.0,20.0,0.0,,0.0,0.0,,100.0,51.67,,0.0,0.0,0.0,3.27,0.0,0.23
2020-11-13,2020-11,45,6,mobile,<Other>,referral,(referral),returning_session,39,39,585,174,77,0,0,4,0,0,9,0,1,0,0,1,17,0,0.0,0,0,0.0,23.08,0.0,,0.0,0.0,,100.0,43.59,,0.0,0.0,0.0,1.97,0.0,0.1
2020-11-13,2020-11,45,6,mobile,<Other>,<Other>,<Other>,new_session,150,150,2075,649,207,0,0,13,2,1,31,0,7,1,0,6,84,1,42.0,3,3,0.67,20.67,0.0,,14.29,3.23,,85.71,56.0,42.0,0.28,0.28,0.01,1.38,0.0,0.09
2020-11-13,2020-11,45,6,mobile,(direct),(none),(direct),new_session,205,205,2227,651,152,0,0,17,1,1,47,0,5,1,0,4,95,1,40.0,2,1,0.49,22.93,0.0,,20.0,2.13,,80.0,46.34,40.0,0.2,0.2,0.0,0.74,0.0,0.08
2020-11-13,2020-11,45,6,mobile,<Other>,organic,(organic),new_session,27,27,409,114,52,0,0,10,2,1,7,0,3,1,0,2,15,1,10.0,2,1,3.7,25.93,0.0,,33.33,14.29,,66.67,55.56,10.0,0.37,0.37,0.04,1.93,0.0,0.37
2020-11-13,2020-11,45,6,desktop,<Other>,<Other>,<Other>,returning_session,38,38,431,132,40,0,0,8,3,1,10,0,3,1,0,2,21,1,14.0,2,2,2.63,26.32,0.0,,33.33,10.0,,66.67,55.26,14.0,0.37,0.37,0.03,1.05,0.0,0.21
2020-11-13,2020-11,45,6,mobile,shop.googlemerchandisestore.com,referral,(referral),returning_session,62,60,536,154,56,0,0,9,6,1,15,0,2,1,0,1,40,1,38.0,2,2,1.61,24.19,0.0,,50.0,6.67,,50.0,64.52,38.0,0.63,0.61,0.02,0.9,0.0,0.15
2020-11-13,2020-11,45,6,desktop,<Other>,organic,(organic),new_session,32,32,565,153,57,0,0,14,8,1,4,0,1,1,0,0,18,1,10.0,2,2,3.13,12.5,0.0,,100.0,25.0,,0.0,56.25,10.0,0.31,0.31,0.03,1.78,0.0,0.44
2020-11-13,2020-11,45,6,mobile,google,organic,(organic),new_session,307,307,5632,1821,693,0,0,41,6,3,69,0,17,2,0,15,151,2,254.0,7,7,0.65,22.48,0.0,,11.76,2.9,,88.24,49.19,127.0,0.83,0.83,0.01,2.26,0.0,0.13
2020-11-13,2020-11,45,6,mobile,(direct),(none),(direct),returning_session,100,92,1257,375,117,0,0,20,9,2,30,0,4,2,0,2,50,2,183.0,7,7,2.0,30.0,0.0,,50.0,6.67,,50.0,50.0,91.5,1.99,1.83,0.02,1.17,0.0,0.2
2020-11-13,2020-11,45,6,desktop,google,organic,(organic),returning_session,148,141,1616,483,167,0,0,12,9,3,37,0,5,3,0,2,89,3,230.0,14,13,2.03,25.0,0.0,,60.0,8.11,,40.0,60.14,76.67,1.63,1.55,0.02,1.13,0.0,0.08
2020-11-13,2020-11,45,6,mobile,<Other>,<Other>,<Other>,returning_session,36,34,627,184,70,0,0,14,5,3,15,0,4,3,0,1,16,3,107.0,8,8,8.33,41.67,0.0,,75.0,20.0,,25.0,44.44,35.67,3.15,2.97,0.09,1.94,0.0,0.39
2020-11-13,2020-11,45,6,desktop,google,organic,(organic),new_session,437,437,6908,2160,708,0,0,54,13,4,134,0,24,4,0,20,197,4,194.0,8,6,0.92,30.66,0.0,,16.67,2.99,,83.33,45.08,48.5,0.44,0.44,0.01,1.62,0.0,0.12
2020-11-13,2020-11,45,6,desktop,(direct),(none),(direct),new_session,335,335,5527,1725,605,0,0,67,15,6,90,0,19,5,0,14,160,6,538.0,47,24,1.49,26.87,0.0,,26.32,5.56,,73.68,47.76,89.67,1.61,1.61,0.02,1.81,0.0,0.2
2020-11-13,2020-11,45,6,mobile,google,organic,(organic),returning_session,93,91,1474,437,156,0,0,24,20,5,28,0,8,5,0,3,50,5,1288.0,405,9,5.38,30.11,0.0,,62.5,17.86,,37.5,53.76,257.6,14.15,13.85,0.05,1.68,0.0,0.26
2020-11-13,2020-11,45,6,desktop,<Other>,referral,(referral),returning_session,68,65,1373,432,169,0,0,18,17,5,18,0,7,5,0,2,41,5,531.0,31,14,7.35,26.47,0.0,,71.43,27.78,,28.57,60.29,106.2,8.17,7.81,0.08,2.49,0.0,0.26
2020-11-13,2020-11,45,6,desktop,<Other>,<Other>,<Other>,new_session,224,224,4023,1293,409,0,0,67,29,9,58,0,17,6,0,11,125,9,565.0,26,21,2.68,25.89,0.0,,35.29,10.34,,64.71,55.8,62.78,2.52,2.52,0.04,1.83,0.0,0.3
2020-11-13,2020-11,45,6,desktop,(direct),(none),(direct),returning_session,169,162,2282,694,234,0,0,36,22,10,46,0,8,6,0,2,93,10,305.0,15,15,3.55,27.22,0.0,,75.0,13.04,,25.0,55.03,30.5,1.88,1.8,0.06,1.38,0.0,0.21
2020-11-13,2020-11,45,6,desktop,shop.googlemerchandisestore.com,referral,(referral),returning_session,109,106,1527,460,130,0,0,30,18,6,31,0,8,6,0,2,52,6,221.0,8,8,5.5,28.44,0.0,,75.0,19.35,,25.0,47.71,36.83,2.08,2.03,0.06,1.19,0.0,0.28
2020-11-13,2020-11,45,6,desktop,(data deleted),(data deleted),(data deleted),returning_session,133,130,1743,522,125,0,0,40,21,9,32,0,13,8,0,5,73,9,595.0,29,23,6.02,24.06,0.0,,61.54,25.0,,38.46,54.89,66.11,4.58,4.47,0.07,0.94,0.0,0.3
2020-11-13,2020-11,45,6,mobile,(data deleted),(data deleted),(data deleted),returning_session,98,93,1877,553,232,0,0,58,26,8,30,0,10,8,0,2,47,8,666.0,82,31,8.16,30.61,0.0,,80.0,26.67,,20.0,47.96,83.25,7.16,6.8,0.09,2.37,0.0,0.59