funnel_date,funnel_month,funnel_week,funnel_day_of_week,device_category,traffic_source,traffic_medium,traffic_campaign,session_user_type,sessions,step_1_sessions_or_page_views,step_2_product_view_sessions,step_3_add_to_cart_sessions,step_4_checkout_sessions,step_5_purchase_sessions,drop_after_session_or_page_view,drop_after_product_view,drop_after_add_to_cart,drop_after_checkout,product_view_events,add_to_cart_events,checkout_events,purchase_events,transactions,revenue,session_to_product_view_rate,product_view_to_cart_rate,cart_to_checkout_rate,checkout_to_purchase_rate,session_to_purchase_rate,product_view_to_purchase_rate,drop_rate_after_session_or_page_view,drop_rate_after_product_view,drop_rate_after_add_to_cart,drop_rate_after_checkout,revenue_per_purchasing_session,revenue_per_session,average_order_value
2020-12-17,2020-12,50,5,tablet,google,cpc,<Other>,returning_session,1,1,0,0,0,0,1,0,0,0,0,0,0,0,0,0.0,0.0,,,,0.0,,100.0,,,,,0.0,
2020-12-17,2020-12,50,5,tablet,google,organic,(organic),returning_session,2,2,0,0,0,0,2,0,0,0,0,0,0,0,0,0.0,0.0,,,,0.0,,100.0,,,,,0.0,
2020-12-17,2020-12,50,5,tablet,shop.googlemerchandisestore.com,referral,(referral),new_session,1,1,0,0,0,0,1,0,0,0,0,0,0,0,0,0.0,0.0,,,,0.0,,100.0,,,,,0.0,
2020-12-17,2020-12,50,5,tablet,<Other>,referral,(referral),returning_session,5,5,0,0,0,0,5,0,0,0,0,0,0,0,0,0.0,0.0,,,,0.0,,100.0,,,,,0.0,
2020-12-17,2020-12,50,5,tablet,shop.googlemerchandisestore.com,referral,(referral),returning_session,1,1,0,0,0,0,1,0,0,0,0,0,0,0,0,0.0,0.0,,,,0.0,,100.0,,,,,0.0,
2020-12-17,2020-12,50,5,tablet,<Other>,<Other>,<Other>,new_session,14,14,0,0,0,0,14,0,0,0,0,0,0,0,0,0.0,0.0,,,,0.0,,100.0,,,,,0.0,
2020-12-17,2020-12,50,5,tablet,(direct),(none),(direct),returning_session,6,6,3,1,0,0,3,2,1,0,9,1,0,0,0,0.0,50.0,33.33,0.0,,0.0,0.0,50.0,66.67,100.0,,,0.0,
2020-12-17,2020-12,50,5,mobile,shop.googlemerchandisestore.com,referral,(referral),new_session,78,78,14,2,0,0,64,12,2,0,40,3,0,0,0,0.0,17.95,14.29,0.0,,0.0,0.0,82.05,85.71,100.0,,,0.0,
2020-12-17,2020-12,50,5,tablet,<Other>,<Other>,<Other>,returning_session,1,1,1,1,0,0,0,0,1,0,20,5,0,0,0,0.0,100.0,100.0,0.0,,0.0,0.0,0.0,0.0,100.0,,,0.0,
2020-12-17,2020-12,50,5,mobile,(data deleted),(data deleted),<Other>,new_session,1,1,1,0,0,0,0,1,0,0,2,0,0,0,0,0.0,100.0,0.0,,,0.0,0.0,0.0,100.0,,,,0.0,
2020-12-17,2020-12,50,5,desktop,<Other>,referral,(referral),new_session,214,213,38,6,0,0,175,32,6,0,124,26,0,0,0,0.0,17.84,15.79,0.0,,0.0,0.0,82.16,84.21,100.0,,,0.0,
2020-12-17,2020-12,50,5,desktop,(data deleted),(data deleted),(data deleted),new_session,7,6,3,1,0,0,4,2,1,0,16,7,0,0,0,0.0,50.0,33.33,0.0,,0.0,0.0,66.67,66.67,100.0,,,0.0,
2020-12-17,2020-12,50,5,tablet,(data deleted),(data deleted),(data deleted),returning_session,7,7,3,1,0,0,4,2,1,0,8,4,0,0,0,0.0,42.86,33.33,0.0,,0.0,0.0,57.14,66.67,100.0,,,0.0,
2020-12-17,2020-12,50,5,desktop,<Other>,(data deleted),(data deleted),returning_session,5,5,3,1,0,0,2,2,1,0,9,5,0,0,0,0.0,60.0,33.33,0.0,,0.0,0.0,40.0,66.67,100.0,,,0.0,
2020-12-17,2020-12,50,5,tablet,<Other>,organic,(organic),new_session,3,3,2,0,0,0,1,2,0,0,4,0,0,0,0,0.0,66.67,0.0,,,0.0,0.0,33.33,100.0,,,,0.0,
2020-12-17,2020-12,50,5,mobile,(data deleted),(data deleted),(data deleted),new_session,7,7,2,0,0,0,5,2,0,0,5,0,0,0,0,0.0,28.57,0.0,,,0.0,0.0,71.43,100.0,,,,0.0,
2020-12-17,2020-12,50,5,tablet,google,cpc,<Other>,new_session,5,5,1,0,0,0,4,1,0,0,1,0,0,0,0,0.0,20.0,0.0,,,0.0,0.0,80.0,100.0,,,,0.0,
2020-12-17,2020-12,50,5,mobile,google,cpc,<Other>,new_session,93,93,18,1,0,0,75,17,1,0,40,1,0,0,0,0.0,19.35,5.56,0.0,,0.0,0.0,80.65,94.44,100.0,,,0.0,
2020-12-17,2020-12,50,5,tablet,<Other>,referral,(referral),new_session,6,6,1,1,0,0,5,0,1,0,2,2,0,0,0,0.0,16.67,100.0,0.0,,0.0,0.0,83.33,0.0,100.0,,,0.0,
2020-12-17,2020-12,50,5,desktop,<Other>,<Other>,<Other>,new_session,404,404,66,16,2,0,338,50,14,2,250,81,11,0,0,0.0,16.34,24.24,12.5,0.0,0.0,0.0,83.66,75.76,87.5,100.0,,0.0,
2020-12-17,2020-12,50,5,mobile,<Other>,(data deleted),(data deleted),returning_session,4,4,2,0,1,0,2,2,0,1,10,0,4,0,0,0.0,50.0,0.0,,0.0,0.0,0.0,50.0,100.0,,100.0,,0.0,
2020-12-17,2020-12,50,5,tablet,google,organic,(organic),new_session,21,21,4,1,1,0,17,3,0,1,19,1,2,0,0,0.0,19.05,25.0,100.0,0.0,0.0,0.0,80.95,75.0,0.0,100.0,,0.0,
2020-12-17,2020-12,50,5,desktop,<Other>,organic,(organic),returning_session,16,16,5,2,2,0,11,3,0,2,20,7,7,0,0,0.0,31.25,40.0,100.0,0.0,0.0,0.0,68.75,60.0,0.0,100.0,,0.0,
2020-12-17,2020-12,50,5,mobile,(data deleted),(data deleted),<Other>,returning_session,4,4,2,2,1,0,2,0,1,1,41,36,2,0,0,0.0,50.0,100.0,50.0,0.0,0.0,0.0,50.0,0.0,50.0,100.0,,0.0,
2020-12-17,2020-12,50,5,mobile,<Other>,<Other>,<Other>,new_session,277,277,63,10,8,2,214,53,4,6,185,52,21,2,2,76.0,22.74,15.87,80.0,25.0,0.72,3.17,77.26,84.13,40.0,75.0,38.0,0.27,38.0
2020-12-17,2020-12,50,5,mobile,<Other>,referral,(referral),new_session,155,155,28,8,1,1,127,20,7,0,108,20,3,1,1,24.0,18.06,28.57,12.5,100.0,0.65,3.57,81.94,71.43,87.5,0.0,24.0,0.15,24.0
2020-12-17,2020-12,50,5,desktop,(direct),(none),(direct),new_session,529,529,107,26,9,4,422,81,19,5,290,63,36,4,4,109.0,20.23,24.3,34.62,44.44,0.76,3.74,79.77,75.7,73.08,55.56,27.25,0.21,27.25
2020-12-17,2020-12,50,5,mobile,google,organic,(organic),new_session,553,553,116,31,11,5,437,85,22,6,483,169,44,5,5,239.0,20.98,26.72,35.48,45.45,0.9,4.31,79.02,73.28,70.97,54.55,47.8,0.43,47.8
2020-12-17,2020-12,50,5,desktop,google,organic,(organic),new_session,768,768,151,38,13,7,617,113,28,6,773,223,59,7,7,232.0,19.66,25.17,34.21,53.85,0.91,4.64,80.34,74.83,73.68,46.15,33.14,0.3,33.14
2020-12-17,2020-12,50,5,mobile,(direct),(none),(direct),new_session,362,362,78,17,7,4,284,61,13,3,355,123,20,4,4,407.0,21.55,21.79,41.18,57.14,1.1,5.13,78.45,78.21,76.47,42.86,101.75,1.12,101.75
2020-12-17,2020-12,50,5,desktop,<Other>,organic,(organic),new_session,65,65,18,2,2,1,47,16,1,1,83,2,16,1,1,34.0,27.69,11.11,100.0,50.0,1.54,5.56,72.31,88.89,50.0,50.0,34.0,0.52,34.0
2020-12-17,2020-12,50,5,mobile,(data deleted),(data deleted),(data deleted),returning_session,127,126,34,8,2,2,92,26,8,0,188,16,24,10,10,292.0,26.98,23.53,25.0,100.0,1.57,5.88,73.02,76.47,100.0,0.0,146.0,2.3,29.2
2020-12-17,2020-12,50,5,desktop,<Other>,<Other>,<Other>,returning_session,43,43,16,4,4,1,27,12,1,3,128,61,13,1,1,58.0,37.21,25.0,100.0,25.0,2.33,6.25,62.79,75.0,25.0,75.0,58.0,1.35,58.0
2020-12-17,2020-12,50,5,desktop,shop.googlemerchandisestore.com,referral,(referral),returning_session,134,134,45,15,7,3,89,30,9,4,258,46,23,3,3,267.0,33.58,33.33,46.67,42.86,2.24,6.67,66.42,66.67,60.0,57.14,89.0,1.99,89.0
2020-12-17,2020-12,50,5,mobile,<Other>,organic,(organic),new_session,40,40,12,4,1,1,28,8,3,0,72,35,2,1,1,94.0,30.0,33.33,25.0,100.0,2.5,8.33,70.0,66.67,75.0,0.0,94.0,2.35,94.0
2020-12-17,2020-12,50,5,mobile,<Other>,<Other>,<Other>,returning_session,32,32,11,2,2,1,21,9,1,1,69,4,4,1,1,78.0,34.38,18.18,100.0,50.0,3.13,9.09,65.63,81.82,50.0,50.0,78.0,2.44,78.0
2020-12-17,2020-12,50,5,desktop,google,cpc,<Other>,new_session,136,136,30,10,5,3,106,20,7,2,85,26,13,5,3,309.0,22.06,33.33,50.0,60.0,2.21,10.0,77.94,66.67,70.0,40.0,103.0,2.27,103.0
2020-12-17,2020-12,50,5,mobile,<Other>,referral,(referral),returning_session,54,54,20,7,4,2,34,13,5,2,146,22,14,3,3,192.0,37.04,35.0,57.14,50.0,3.7,10.0,62.96,65.0,71.43,50.0,96.0,3.56,64.0
2020-12-17,2020-12,50,5,desktop,(direct),(none),(direct),returning_session,196,196,48,21,9,5,148,27,14,4,296,80,55,6,6,342.0,24.49,43.75,42.86,55.56,2.55,10.42,75.51,56.25,66.67,44.44,68.4,1.74,57.0
2020-12-17,2020-12,50,5,desktop,shop.googlemerchandisestore.com,referral,(referral),new_session,103,103,17,6,3,2,86,11,4,1,137,45,17,2,2,88.0,16.5,35.29,50.0,66.67,1.94,11.76,83.5,64.71,66.67,33.33,44.0,0.85,44.0
2020-12-17,2020-12,50,5,mobile,google,organic,(organic),returning_session,132,132,44,17,10,6,88,27,10,4,322,122,42,7,7,360.0,33.33,38.64,58.82,60.0,4.55,13.64,66.67,61.36,58.82,40.0,60.0,2.73,51.43
2020-12-17,2020-12,50,5,desktop,google,organic,(organic),returning_session,184,184,65,19,11,9,119,46,11,2,429,110,53,12,12,629.0,35.33,29.23,57.89,81.82,4.89,13.85,64.67,70.77,57.89,18.18,69.89,3.42,52.42
2020-12-17,2020-12,50,5,mobile,(direct),(none),(direct),returning_session,128,128,44,12,8,7,84,32,8,1,278,90,46,11,11,845.0,34.38,27.27,66.67,87.5,5.47,15.91,65.63,72.73,66.67,12.5,120.71,6.6,76.82
2020-12-17,2020-12,50,5,desktop,<Other>,referral,(referral),returning_session,93,93,31,6,6,5,62,25,3,1,181,34,77,13,13,382.0,33.33,19.35,100.0,83.33,5.38,16.13,66.67,80.65,50.0,16.67,76.4,4.11,29.38
2020-12-17,2020-12,50,5,desktop,(data deleted),(data deleted),(data deleted),returning_session,186,186,63,26,16,12,123,37,14,4,497,84,76,18,18,661.0,33.87,41.27,61.54,75.0,6.45,19.05,66.13,58.73,53.85,25.0,55.08,3.55,36.72
2020-12-17,2020-12,50,5,mobile,shop.googlemerchandisestore.com,referral,(referral),returning_session,86,86,26,10,6,6,60,16,6,0,166,47,38,7,7,1026.0,30.23,38.46,60.0,100.0,6.98,23.08,69.77,61.54,60.0,0.0,171.0,11.93,146.57
2020-12-17,2020-12,50,5,mobile,<Other>,organic,(organic),returning_session,9,9,4,3,1,1,5,1,2,0,18,16,9,1,1,60.0,44.44,75.0,33.33,100.0,11.11,25.0,55.56,25.0,66.67,0.0,60.0,6.67,60.0
2020-12-17,2020-12,50,5,mobile,google,cpc,<Other>,returning_session,5,5,3,2,1,1,2,1,1,0,7,5,4,1,1,30.0,60.0,66.67,50.0,100.0,20.0,33.33,40.0,33.33,50.0,0.0,30.0,6.0,30.0
2020-12-17,2020-12,50,5,tablet,(direct),(none),(direct),new_session,25,25,3,1,1,1,22,2,0,0,9,2,4,1,1,15.0,12.0,33.33,100.0,100.0,4.0,33.33,88.0,66.67,0.0,0.0,15.0,0.6,15.0
2020-12-17,2020-12,50,5,desktop,google,cpc,<Other>,returning_session,13,13,3,1,1,1,10,2,0,0,18,1,2,1,1,24.0,23.08,33.33,100.0,100.0,7.69,33.33,76.92,66.67,0.0,0.0,24.0,1.85,24.0
2020-12-17,2020-12,50,5,desktop,(data deleted),(data deleted),<Other>,returning_session,4,4,1,0,1,1,3,1,0,0,8,0,6,1,1,60.0,25.0,0.0,,100.0,25.0,100.0,75.0,100.0,,0.0,60.0,15.0,60.0
2020-12-01,2020-12,48,3,mobile,(data deleted),(data deleted),(data deleted),new_session,2,2,0,0,0,0,2,0,0,0,0,0,0,0,0,0.0,0.0,,,,0.0,,100.0,,,,,0.0,
2020-12-01,2020-12,48,3,mobile,<Other>,(data deleted),(data deleted),returning_session,1,1,0,0,0,0,1,0,0,0,0,0,0,0,0,0.0,0.0,,,,0.0,,100.0,,,,,0.0,
2020-12-01,2020-12,48,3,mobile,(data deleted),(data deleted),<Other>,returning_session,5,5,0,0,0,0,5,0,0,0,0,0,0,0,0,0.0,0.0,,,,0.0,,100.0,,,,,0.0,
2020-12-01,2020-12,48,3,tablet,<Other>,referral,(referral),returning_session,1,1,0,0,0,0,1,0,0,0,0,0,0,0,0,0.0,0.0,,,,0.0,,100.0,,,,,0.0,
2020-12-01,2020-12,48,3,tablet,<Other>,referral,(referral),new_session,12,12,3,0,0,0,9,3,0,0,10,0,0,0,0,0.0,25.0,0.0,,,0.0,0.0,75.0,100.0,,,,0.0,
2020-12-01,2020-12,48,3,desktop,(data deleted),(data deleted),(data deleted),new_session,12,10,3,1,0,0,7,2,1,0,26,3,0,0,0,0.0,30.0,33.33,0.0,,0.0,0.0,70.0,66.67,100.0,,,0.0,
2020-12-01,2020-12,48,3,desktop,(data deleted),(data deleted),<Other>,returning_session,5,5,1,0,0,0,4,1,0,0,6,0,0,0,0,0.0,20.0,0.0,,,0.0,0.0,80.0,100.0,,,,0.0,
2020-12-01,2020-12,48,3,tablet,shop.googlemerchandisestore.com,referral,(referral),returning_session,7,7,1,0,0,0,6,1,0,0,5,0,0,0,0,0.0,14.29,0.0,,,0.0,0.0,85.71,100.0,,,,0.0,
2020-12-01,2020-12,48,3,mobile,google,cpc,<Other>,returning_session,7,7,3,2,0,0,4,1,2,0,26,12,0,0,0,0.0,42.86,66.67,0.0,,0.0,0.0,57.14,33.33,100.0,,,0.0,
2020-12-01,2020-12,48,3,desktop,<Other>,(data deleted),(data deleted),returning_session,4,4,3,1,0,0,1,2,1,0,18,1,0,0,0,0.0,75.0,33.33,0.0,,0.0,0.0,25.0,66.67,100.0,,,0.0,
2020-12-01,2020-12,48,3,tablet,shop.googlemerchandisestore.com,referral,(referral),new_session,4,4,2,1,0,0,2,1,1,0,5,1,0,0,0,0.0,50.0,50.0,0.0,,0.0,0.0,50.0,50.0,100.0,,,0.0,
2020-12-01,2020-12,48,3,tablet,(data deleted),(data deleted),(data deleted),returning_session,8,8,2,0,0,0,6,2,0,0,5,0,0,0,0,0.0,25.0,0.0,,,0.0,0.0,75.0,100.0,,,,0.0,
2020-12-01,2020-12,48,3,desktop,<Other>,organic,(organic),returning_session,14,14,3,2,0,0,11,1,2,0,13,3,0,0,0,0.0,21.43,66.67,0.0,,0.0,0.0,78.57,33.33,100.0,,,0.0,
2020-12-01,2020-12,48,3,tablet,(direct),(none),(direct),returning_session,9,9,2,0,0,0,7,2,0,0,6,0,0,0,0,0.0,22.22,0.0,,,0.0,0.0,77.78,100.0,,,,0.0,
2020-12-01,2020-12,48,3,tablet,google,cpc,<Other>,new_session,1,1,1,0,0,0,0,1,0,0,1,0,0,0,0,0.0,100.0,0.0,,,0.0,0.0,0.0,100.0,,,,0.0,
2020-12-01,2020-12,48,3,tablet,(data deleted),(data deleted),(data deleted),new_session,2,2,1,1,0,0,1,0,1,0,1,1,0,0,0,0.0,50.0,100.0,0.0,,0.0,0.0,50.0,0.0,100.0,,,0.0,
2020-12-01,2020-12,48,3,tablet,google,organic,(organic),new_session,21,21,7,4,2,0,14,3,2,2,55,23,4,0,0,0.0,33.33,57.14,50.0,0.0,0.0,0.0,66.67,42.86,50.0,100.0,,0.0,
2020-12-01,2020-12,48,3,desktop,<Other>,organic,(organic),new_session,61,61,17,6,3,0,44,11,3,3,68,10,8,0,0,0.0,27.87,35.29,50.0,0.0,0.0,0.0,72.13,64.71,50.0,100.0,,0.0,
2020-12-01,2020-12,48,3,tablet,<Other>,<Other>,<Other>,new_session,14,14,3,1,1,0,11,2,0,1,54,2,2,0,0,0.0,21.43,33.33,100.0,0.0,0.0,0.0,78.57,66.67,0.0,100.0,,0.0,
2020-12-01,2020-12,48,3,tablet,google,organic,(organic),returning_session,13,13,2,2,1,0,11,0,1,1,2,2,2,0,0,0.0,15.38,100.0,50.0,0.0,0.0,0.0,84.62,0.0,50.0,100.0,,0.0,
2020-12-01,2020-12,48,3,mobile,<Other>,organic,(organic),new_session,33,33,9,2,0,0,24,7,2,0,15,4,0,0,0,0.0,27.27,22.22,0.0,,0.0,0.0,72.73,77.78,100.0,,,0.0,
2020-12-01,2020-12,48,3,mobile,<Other>,organic,(organic),returning_session,18,18,6,1,0,0,12,5,1,0,47,5,0,0,0,0.0,33.33,16.67,0.0,,0.0,0.0,66.67,83.33,100.0,,,0.0,
2020-12-01,2020-12,48,3,mobile,<Other>,referral,(referral),new_session,116,116,27,8,3,1,89,19,5,2,111,24,8,1,1,36.0,23.28,29.63,37.5,33.33,0.86,3.7,76.72,70.37,62.5,66.67,36.0,0.31,36.0
2020-12-01,2020-12,48,3,mobile,google,cpc,<Other>,new_session,87,87,23,10,3,1,64,13,8,2,84,27,8,1,1,11.0,26.44,43.48,30.0,33.33,1.15,4.35,73.56,56.52,80.0,66.67,11.0,0.13,11.0
2020-12-01,2020-12,48,3,desktop,google,cpc,<Other>,new_session,99,99,22,6,5,1,77,16,1,4,101,30,12,1,1,123.0,22.22,27.27,83.33,20.0,1.01,4.55,77.78,72.73,16.67,80.0,123.0,1.24,123.0
2020-12-01,2020-12,48,3,mobile,shop.googlemerchandisestore.com,referral,(referral),new_session,67,67,11,4,4,1,56,7,0,3,119,14,8,1,1,0.0,16.42,36.36,100.0,25.0,1.49,9.09,83.58,63.64,0.0,75.0,0.0,0.0,0.0
2020-12-01,2020-12,48,3,tablet,(direct),(none),(direct),new_session,15,15,5,2,1,1,10,3,1,0,21,19,2,1,1,62.0,33.33,40.0,50.0,100.0,6.67,20.0,66.67,60.0,50.0,0.0,62.0,4.13,62.0
2020-12-01,2020-12,48,3,desktop,google,cpc,<Other>,returning_session,9,9,1,1,1,1,8,0,0,0,4,6,4,1,1,112.0,11.11,100.0,100.0,100.0,11.11,100.0,88.89,0.0,0.0,0.0,112.0,12.44,112.0
2020-12-01,2020-12,48,3,desktop,(direct),(none),(direct),new_session,468,467,117,41,19,2,350,76,22,17,625,102,47,2,2,97.0,25.05,35.04,46.34,10.53,0.43,1.71,74.95,64.96,53.66,89.47,48.5,0.21,48.5
2020-12-01,2020-12,48,3,mobile,(direct),(none),(direct),new_session,310,310,85,30,11,2,225,55,21,9,424,100,38,2,2,60.0,27.42,35.29,36.67,18.18,0.65,2.35,72.58,64.71,70.0,81.82,30.0,0.19,30.0
2020-12-01,2020-12,48,3,desktop,<Other>,referral,(referral),new_session,185,185,42,18,10,2,143,24,9,8,252,57,28,2,2,133.0,22.7,42.86,55.56,20.0,1.08,4.76,77.3,57.14,50.0,80.0,66.5,0.72,66.5
2020-12-01,2020-12,48,3,desktop,shop.googlemerchandisestore.com,referral,(referral),returning_session,175,173,41,14,4,2,132,27,10,2,193,52,12,2,2,42.0,23.7,34.15,28.57,50.0,1.14,4.88,76.3,65.85,71.43,50.0,21.0,0.24,21.0
2020-12-01,2020-12,48,3,desktop,shop.googlemerchandisestore.com,referral,(referral),new_session,113,113,24,7,4,2,89,17,4,2,154,34,12,2,2,65.0,21.24,29.17,57.14,50.0,1.77,8.33,78.76,70.83,57.14,50.0,32.5,0.58,32.5
2020-12-01,2020-12,48,3,mobile,<Other>,<Other>,<Other>,returning_session,40,40,12,4,3,2,28,8,1,1,67,31,6,2,2,146.0,30.0,33.33,75.0,66.67,5.0,16.67,70.0,66.67,25.0,33.33,73.0,3.65,73.0
2020-12-01,2020-12,48,3,mobile,google,organic,(organic),new_session,474,474,118,39,12,3,356,79,29,9,637,131,28,3,3,170.0,24.89,33.05,30.77,25.0,0.63,2.54,75.11,66.95,74.36,75.0,56.67,0.36,56.67
2020-12-01,2020-12,48,3,desktop,<Other>,<Other>,<Other>,returning_session,51,51,17,9,5,3,34,8,4,2,131,32,30,3,3,130.0,33.33,52.94,55.56,60.0,5.88,17.65,66.67,47.06,44.44,40.0,43.33,2.55,43.33
2020-12-01,2020-12,48,3,mobile,<Other>,referral,(referral),returning_session,64,64,15,5,3,3,49,10,2,0,98,25,6,3,3,198.0,23.44,33.33,60.0,100.0,4.69,20.0,76.56,66.67,40.0,0.0,66.0,3.09,66.0
2020-12-01,2020-12,48,3,mobile,<Other>,<Other>,<Other>,new_session,249,249,53,17,9,4,196,36,12,5,353,71,26,4,4,807.0,21.29,32.08,52.94,44.44,1.61,7.55,78.71,67.92,70.59,55.56,201.75,3.24,201.75
2020-12-01,2020-12,48,3,mobile,(data deleted),(data deleted),(data deleted),returning_session,136,135,37,18,8,4,98,19,11,4,143,69,33,4,4,181.0,27.41,48.65,44.44,50.0,2.94,10.81,72.59,51.35,61.11,50.0,45.25,1.33,45.25
2020-12-01,2020-12,48,3,mobile,shop.googlemerchandisestore.com,referral,(referral),returning_session,84,84,28,9,7,4,56,19,6,3,183,25,28,5,5,537.0,33.33,32.14,77.78,57.14,4.76,14.29,66.67,67.86,66.67,42.86,134.25,6.39,107.4
2020-12-01,2020-12,48,3,mobile,google,organic,(organic),returning_session,142,142,43,18,7,5,99,25,16,2,272,99,19,5,5,267.0,30.28,41.86,38.89,71.43,3.52,11.63,69.72,58.14,88.89,28.57,53.4,1.88,53.4
2020-12-01,2020-12,48,3,desktop,google,organic,(organic),new_session,677,677,166,51,26,6,511,115,29,20,933,154,59,6,6,151.0,24.52,30.72,50.98,23.08,0.89,3.61,75.48,69.28,56.86,76.92,25.17,0.22,25.17
2020-12-01,2020-12,48,3,desktop,<Other>,referral,(referral),returning_session,115,115,31,15,10,6,84,16,5,4,187,55,69,7,7,259.0,26.96,48.39,66.67,60.0,5.22,19.35,73.04,51.61,33.33,40.0,43.17,2.25,37.0
2020-12-01,2020-12,48,3,desktop,google,organic,(organic),returning_session,217,216,70,28,16,7,146,42,16,9,380,125,61,8,8,678.0,32.41,40.0,57.14,43.75,3.23,10.0,67.59,60.0,57.14,56.25,96.86,3.12,84.75
2020-12-01,2020-12,48,3,desktop,<Other>,<Other>,<Other>,new_session,331,331,69,33,16,8,262,36,21,8,275,87,39,9,8,312.0,20.85,47.83,48.48,50.0,2.42,11.59,79.15,52.17,63.64,50.0,39.0,0.94,39.0
2020-12-01,2020-12,48,3,desktop,(direct),(none),(direct),returning_session,187,187,46,16,12,8,141,30,8,4,349,80,50,8,8,511.0,24.6,34.78,75.0,66.67,4.28,17.39,75.4,65.22,50.0,33.33,63.88,2.73,63.88
2020-12-01,2020-12,48,3,desktop,(data deleted),(data deleted),(data deleted),returning_session,179,178,48,17,12,10,130,31,10,2,319,47,40,11,11,662.0,26.97,35.42,70.59,83.33,5.59,20.83,73.03,64.58,58.82,16.67,66.2,3.7,60.18
2020-12-01,2020-12,48,3,mobile,(direct),(none),(direct),returning_session,139,139,43,17,13,10,96,26,8,3,218,109,57,12,12,478.0,30.94,39.53,76.47,76.92,7.19,23.26,69.06,60.47,47.06,23.08,47.8,3.44,39.83
2020-12-02,2020-12,48,4,tablet,<Other>,referral,(referral),new_session,1,1,0,0,0,0,1,0,0,0,0,0,0,0,0,0.0,0.0,,,,0.0,,100.0,,,,,0.0,
2020-12-02,2020-12,48,4,tablet,<Other>,organic,(organic),new_session,6,6,2,0,0,0,4,2,0,0,3,0,0,0,0,0.0,33.33,0.0,,,0.0,0.0,66.67,100.0,,,,0.0,
2020-12-02,2020-12,48,4,tablet,<Other>,<Other>,<Other>,returning_session,1,1,0,0,0,0,1,0,0,0,0,0,0,0,0,0.0,0.0,,,,0.0,,100.0,,,,,0.0,
2020-12-02,2020-12,48,4,desktop,(data deleted),(data deleted),(data deleted),new_session,7,7,1,0,0,0,6,1,0,0,6,0,0,0,0,0.0,14.29,0.0,,,0.0,0.0,85.71,100.0,,,,0.0,
2020-12-02,2020-12,48,4,tablet,<Other>,<Other>,<Other>,new_session,16,16,3,1,0,0,13,2,1,0,7,1,0,0,0,0.0,18.75,33.33,0.0,,0.0,0.0,81.25,66.67,100.0,,,0.0,
2020-12-02,2020-12,48,4,mobile,(data deleted),(data deleted),(data deleted),new_session,1,0,0,0,0,0,0,0,0,0,0,0,0,0,0,0.0,,,,,0.0,,,,,,,0.0,
2020-12-02,2020-12,48,4,mobile,<Other>,organic,(organic),new_session,43,43,8,0,0,0,35,8,0,0,12,0,0,0,0,0.0,18.6,0.0,,,0.0,0.0,81.4,100.0,,,,0.0,
2020-12-02,2020-12,48,4,tablet,shop.googlemerchandisestore.com,referral,(referral),new_session,6,6,1,0,0,0,5,1,0,0,1,0,0,0,0,0.0,16.67,0.0,,,0.0,0.0,83.33,100.0,,,,0.0,
2020-12-02,2020-12,48,4,tablet,(data deleted),(data deleted),(data deleted),new_session,1,1,1,0,0,0,0,1,0,0,4,0,0,0,0,0.0,100.0,0.0,,,0.0,0.0,0.0,100.0,,,,0.0,
2020-12-02,2020-12,48,4,mobile,<Other>,(data deleted),(data deleted),returning_session,4,4,1,0,0,0,3,1,0,0,6,0,0,0,0,0.0,25.0,0.0,,,0.0,0.0,75.0,100.0,,,,0.0,
2020-12-02,2020-12,48,4,tablet,google,cpc,<Other>,new_session,4,4,0,0,0,0,4,0,0,0,0,0,0,0,0,0.0,0.0,,,,0.0,,100.0,,,,,0.0,
2020-12-02,2020-12,48,4,tablet,google,organic,(organic),returning_session,6,6,2,0,0,0,4,2,0,0,2,0,0,0,0,0.0,33.33,0.0,,,0.0,0.0,66.67,100.0,,,,0.0,
2020-12-02,2020-12,48,4,desktop,<Other>,organic,(organic),new_session,64,64,16,1,0,0,48,15,1,0,34,6,0,0,0,0.0,25.0,6.25,0.0,,0.0,0.0,75.0,93.75,100.0,,,0.0,
2020-12-02,2020-12,48,4,tablet,google,organic,(organic),new_session,33,33,7,2,0,0,26,5,2,0,31,4,0,0,0,0.0,21.21,28.57,0.0,,0.0,0.0,78.79,71.43,100.0,,,0.0,
2020-12-02,2020-12,48,4,tablet,<Other>,referral,(referral),returning_session,5,5,0,0,0,0,5,0,0,0,0,0,0,0,0,0.0,0.0,,,,0.0,,100.0,,,,,0.0,
2020-12-02,2020-12,48,4,desktop,(data deleted),(data deleted),<Other>,returning_session,4,4,1,0,0,0,3,1,0,0,1,0,0,0,0,0.0,25.0,0.0,,,0.0,0.0,75.0,100.0,,,,0.0,
2020-12-02,2020-12,48,4,tablet,(direct),(none),(direct),returning_session,9,9,3,0,0,0,6,3,0,0,8,0,0,0,0,0.0,33.33,0.0,,,0.0,0.0,66.67,100.0,,,,0.0,
2020-12-02,2020-12,48,4,mobile,google,cpc,<Other>,returning_session,7,7,1,1,1,0,6,0,0,1,1,2,2,0,0,0.0,14.29,100.0,100.0,0.0,0.0,0.0,85.71,0.0,0.0,100.0,,0.0,
2020-12-02,2020-12,48,4,desktop,<Other>,(data deleted),(data deleted),returning_session,6,6,1,1,1,0,5,0,0,1,9,4,2,0,0,0.0,16.67,100.0,100.0,0.0,0.0,0.0,83.33,0.0,0.0,100.0,,0.0,
2020-12-02,2020-12,48,4,mobile,shop.googlemerchandisestore.com,referral,(referral),new_session,70,70,12,3,1,0,58,9,2,1,46,4,2,0,0,0.0,17.14,25.0,33.33,0.0,0.0,0.0,82.86,75.0,66.67,100.0,,0.0,
2020-12-02,2020-12,48,4,desktop,shop.googlemerchandisestore.com,referral,(referral),new_session,94,94,33,10,5,0,61,23,7,5,149,32,16,0,0,0.0,35.11,30.3,50.0,0.0,0.0,0.0,64.89,69.7,70.0,100.0,,0.0,
2020-12-02,2020-12,48,4,tablet,(direct),(none),(direct),new_session,16,16,6,2,1,0,10,4,1,1,52,3,2,0,0,0.0,37.5,33.33,50.0,0.0,0.0,0.0,62.5,66.67,50.0,100.0,,0.0,
2020-12-02,2020-12,48,4,desktop,<Other>,referral,(referral),new_session,151,151,30,5,1,0,121,25,4,1,125,12,2,0,0,0.0,19.87,16.67,20.0,0.0,0.0,0.0,80.13,83.33,80.0,100.0,,0.0,
2020-12-02,2020-12,48,4,desktop,<Other>,organic,(organic),returning_session,17,17,3,1,1,0,14,2,0,1,14,1,4,0,0,0.0,17.65,33.33,100.0,0.0,0.0,0.0,82.35,66.67,0.0,100.0,,0.0,
2020-12-02,2020-12,48,4,mobile,(direct),(none),(direct),new_session,296,296,68,16,8,1,228,52,8,7,420,63,18,1,1,41.0,22.97,23.53,50.0,12.5,0.34,1.47,77.03,76.47,50.0,87.5,41.0,0.14,41.0
2020-12-02,2020-12,48,4,mobile,<Other>,referral,(referral),new_session,120,120,30,9,3,1,90,21,6,2,124,29,8,1,1,48.0,25.0,30.0,33.33,33.33,0.83,3.33,75.0,70.0,66.67,66.67,48.0,0.4,48.0
2020-12-02,2020-12,48,4,mobile,<Other>,referral,(referral),returning_session,60,60,14,4,2,1,46,10,2,1,50,13,8,1,1,146.0,23.33,28.57,50.0,50.0,1.67,7.14,76.67,71.43,50.0,50.0,146.0,2.43,146.0
2020-12-02,2020-12,48,4,mobile,<Other>,<Other>,<Other>,returning_session,27,27,8,5,2,1,19,3,4,1,94,33,12,1,1,57.0,29.63,62.5,40.0,50.0,3.7,12.5,70.37,37.5,80.0,50.0,57.0,2.11,57.0
2020-12-02,2020-12,48,4,tablet,shop.googlemerchandisestore.com,referral,(referral),returning_session,4,4,1,1,1,1,3,0,0,0,18,7,2,2,1,114.0,25.0,100.0,100.0,100.0,25.0,100.0,75.0,0.0,0.0,0.0,114.0,28.5,114.0
2020-12-02,2020-12,48,4,desktop,google,cpc,<Other>,returning_session,12,12,2,1,1,1,10,1,0,0,29,18,18,1,1,49.0,16.67,50.0,100.0,100.0,8.33,50.0,83.33,50.0,0.0,0.0,49.0,4.08,49.0
2020-12-02,2020-12,48,4,mobile,(data deleted),(data deleted),<Other>,returning_session,3,3,1,1,1,1,2,0,0,0,2,2,4,1,1,26.0,33.33,100.0,100.0,100.0,33.33,100.0,66.67,0.0,0.0,0.0,26.0,8.67,26.0
2020-12-02,2020-12,48,4,mobile,<Other>,organic,(organic),returning_session,11,11,3,2,1,1,8,1,1,0,33,13,4,1,1,91.0,27.27,66.67,50.0,100.0,9.09,33.33,72.73,33.33,50.0,0.0,91.0,8.27,91.0
2020-12-02,2020-12,48,4,mobile,google,organic,(organic),new_session,463,463,98,38,22,2,365,60,16,20,658,144,86,2,2,632.0,21.17,38.78,57.89,9.09,0.43,2.04,78.83,61.22,42.11,90.91,316.0,1.37,316.0
2020-12-02,2020-12,48,4,mobile,(direct),(none),(direct),returning_session,108,108,33,7,4,2,75,26,4,2,152,28,14,2,2,108.0,30.56,21.21,57.14,50.0,1.85,6.06,69.44,78.79,57.14,50.0,54.0,1.0,54.0
2020-12-02,2020-12,48,4,mobile,google,cpc,<Other>,new_session,68,67,20,8,4,2,47,12,4,2,186,21,12,2,2,138.0,29.85,40.0,50.0,50.0,2.94,10.0,70.15,60.0,50.0,50.0,69.0,2.03,69.0
2020-12-02,2020-12,48,4,desktop,google,cpc,<Other>,new_session,123,123,35,9,3,2,88,26,6,1,111,33,7,2,2,121.0,28.46,25.71,33.33,66.67,1.63,5.71,71.54,74.29,66.67,33.33,60.5,0.98,60.5
2020-12-02,2020-12,48,4,tablet,(data deleted),(data deleted),(data deleted),returning_session,10,10,3,1,2,2,7,2,0,0,22,9,6,2,2,81.0,30.0,33.33,200.0,100.0,20.0,66.67,70.0,66.67,0.0,0.0,40.5,8.1,40.5
2020-12-02,2020-12,48,4,desktop,<Other>,<Other>,<Other>,returning_session,54,54,17,7,2,2,37,10,5,0,146,45,18,2,2,231.0,31.48,41.18,28.57,100.0,3.7,11.76,68.52,58.82,71.43,0.0,115.5,4.28,115.5
2020-12-02,2020-12,48,4,desktop,<Other>,<Other>,<Other>,new_session,338,338,80,26,14,3,258,54,12,11,391,89,42,3,3,107.0,23.67,32.5,53.85,21.43,0.89,3.75,76.33,67.5,46.15,78.57,35.67,0.32,35.67
2020-12-02,2020-12,48,4,desktop,(data deleted),(data deleted),(data deleted),returning_session,197,197,53,15,9,3,144,38,6,6,250,78,37,3,3,302.0,26.9,28.3,60.0,33.33,1.52,5.66,73.1,71.7,40.0,66.67,100.67,1.53,100.67
2020-12-02,2020-12,48,4,mobile,shop.googlemerchandisestore.com,referral,(referral),returning_session,103,103,28,10,6,3,75,18,6,3,103,42,25,3,3,55.0,27.18,35.71,60.0,50.0,2.91,10.71,72.82,64.29,60.0,50.0,18.33,0.53,18.33
2020-12-02,2020-12,48,4,mobile,<Other>,<Other>,<Other>,new_session,209,209,53,21,15,4,156,32,9,11,343,66,31,4,4,149.0,25.36,39.62,71.43,26.67,1.91,7.55,74.64,60.38,42.86,73.33,37.25,0.71,37.25
2020-12-02,2020-12,48,4,desktop,(direct),(none),(direct),new_session,434,434,115,45,15,4,319,70,31,11,488,94,35,4,4,187.0,26.5,39.13,33.33,26.67,0.92,3.48,73.5,60.87,68.89,73.33,46.75,0.43,46.75
2020-12-02,2020-12,48,4,desktop,<Other>,referral,(referral),returning_session,95,95,23,10,9,4,72,13,3,5,168,68,45,5,5,164.0,24.21,43.48,90.0,44.44,4.21,17.39,75.79,56.52,30.0,55.56,41.0,1.73,32.8
2020-12-02,2020-12,48,4,desktop,shop.googlemerchandisestore.com,referral,(referral),returning_session,157,157,38,14,9,5,119,24,6,4,191,52,40,5,5,218.0,24.2,36.84,64.29,55.56,3.18,13.16,75.8,63.16,42.86,44.44,43.6,1.39,43.6
2020-12-02,2020-12,48,4,mobile,google,organic,(organic),returning_session,162,162,41,14,8,5,121,27,7,3,268,82,30,5,5,430.0,25.31,34.15,57.14,62.5,3.09,12.2,74.69,65.85,50.0,37.5,86.0,2.65,86.0
2020-12-02,2020-12,48,4,desktop,google,organic,(organic),new_session,652,652,161,46,19,7,491,115,31,12,867,148,54,7,7,233.0,24.69,28.57,41.3,36.84,1.07,4.35,75.31,71.43,67.39,63.16,33.29,0.36,33.29
2020-12-02,2020-12,48,4,desktop,google,organic,(organic),returning_session,188,188,58,22,15,7,130,36,12,8,303,67,61,7,7,620.0,30.85,37.93,68.18,46.67,3.72,12.07,69.15,62.07,54.55,53.33,88.57,3.3,88.57
2020-12-02,2020-12,48,4,desktop,(direct),(none),(direct),returning_session,220,220,63,20,16,7,157,43,10,9,339,86,59,8,8,203.0,28.64,31.75,80.0,43.75,3.18,11.11,71.36,68.25,50.0,56.25,29.0,0.92,25.38
2020-12-02,2020-12,48,4,mobile,(data deleted),(data deleted),(data deleted),returning_session,115,115,32,13,7,4,83,19,6,3,146,43,44,8,8,667.0,27.83,40.63,53.85,57.14,3.48,12.5,72.17,59.38,46.15,42.86,166.75,5.8,83.38
2020-12-07,2020-12,49,2,tablet,(data deleted),(data deleted),(data deleted),new_session,1,1,0,0,0,0,1,0,0,0,0,0,0,0,0,0.0,0.0,,,,0.0,,100.0,,,,,0.0,
2020-12-07,2020-12,49,2,tablet,shop.googlemerchandisestore.com,referral,(referral),new_session,5,5,0,0,0,0,5,0,0,0,0,0,0,0,0,0.0,0.0,,,,0.0,,100.0,,,,,0.0,
2020-12-07,2020-12,49,2,mobile,(data deleted),(data deleted),<Other>,returning_session,5,5,0,0,0,0,5,0,0,0,0,0,0,0,0,0.0,0.0,,,,0.0,,100.0,,,,,0.0,
2020-12-07,2020-12,49,2,tablet,<Other>,referral,(referral),returning_session,1,1,0,0,0,0,1,0,0,0,0,0,0,0,0,0.0,0.0,,,,0.0,,100.0,,,,,0.0,
2020-12-07,2020-12,49,2,desktop,(data deleted),(data deleted),(data deleted),new_session,4,4,0,0,0,0,4,0,0,0,0,0,0,0,0,0.0,0.0,,,,0.0,,100.0,,,,,0.0,
2020-12-07,2020-12,49,2,tablet,google,cpc,<Other>,new_session,8,8,0,0,0,0,8,0,0,0,0,0,0,0,0,0.0,0.0,,,,0.0,,100.0,,,,,0.0,
2020-12-07,2020-12,49,2,tablet,(data deleted),(data deleted),(data deleted),returning_session,3,2,0,0,0,0,2,0,0,0,0,0,0,0,0,0.0,0.0,,,,0.0,,100.0,,,,,0.0,
2020-12-07,2020-12,49,2,tablet,<Other>,organic,(organic),returning_session,1,1,0,0,0,0,1,0,0,0,0,0,0,0,0,0.0,0.0,,,,0.0,,100.0,,,,,0.0,
2020-12-07,2020-12,49,2,tablet,<Other>,organic,(organic),new_session,3,3,0,0,0,0,3,0,0,0,0,0,0,0,0,0.0,0.0,,,,0.0,,100.0,,,,,0.0,
2020-12-07,2020-12,49,2,tablet,(direct),(none),(direct),new_session,16,16,3,0,0,0,13,3,0,0,6,0,0,0,0,0.0,18.75,0.0,,,0.0,0.0,81.25,100.0,,,,0.0,
2020-12-07,2020-12,49,2,mobile,<Other>,organic,(organic),new_session,58,58,8,1,0,0,50,7,1,0,23,1,0,0,0,0.0,13.79,12.5,0.0,,0.0,0.0,86.21,87.5,100.0,,,0.0,
2020-12-07,2020-12,49,2,tablet,<Other>,referral,(referral),new_session,6,6,3,1,0,0,3,2,1,0,19,1,0,0,0,0.0,50.0,33.33,0.0,,0.0,0.0,50.0,66.67,100.0,,,0.0,
2020-12-07,2020-12,49,2,mobile,<Other>,organic,(organic),returning_session,9,9,4,0,0,0,5,4,0,0,5,0,0,0,0,0.0,44.44,0.0,,,0.0,0.0,55.56,100.0,,,,0.0,
2020-12-07,2020-12,49,2,desktop,<Other>,organic,(organic),new_session,79,79,15,6,0,0,64,9,6,0,67,12,0,0,0,0.0,18.99,40.0,0.0,,0.0,0.0,81.01,60.0,100.0,,,0.0,
2020-12-07,2020-12,49,2,tablet,shop.googlemerchandisestore.com,referral,(referral),returning_session,10,10,1,0,0,0,9,1,0,0,1,0,0,0,0,0.0,10.0,0.0,,,0.0,0.0,90.0,100.0,,,,0.0,
2020-12-07,2020-12,49,2,mobile,(data deleted),(data deleted),(data deleted),new_session,3,3,1,0,0,0,2,1,0,0,1,0,0,0,0,0.0,33.33,0.0,,,0.0,0.0,66.67,100.0,,,,0.0,
2020-12-07,2020-12,49,2,tablet,google,organic,(organic),returning_session,6,6,1,0,0,0,5,1,0,0,1,0,0,0,0,0.0,16.67,0.0,,,0.0,0.0,83.33,100.0,,,,0.0,
2020-12-07,2020-12,49,2,desktop,(data deleted),(data deleted),<Other>,returning_session,7,7,1,0,0,0,6,1,0,0,1,0,0,0,0,0.0,14.29,0.0,,,0.0,0.0,85.71,100.0,,,,0.0,
2020-12-07,2020-12,49,2,mobile,google,cpc,<Other>,returning_session,8,8,4,2,0,0,4,2,2,0,13,3,0,0,0,0.0,50.0,50.0,0.0,,0.0,0.0,50.0,50.0,100.0,,,0.0,
2020-12-07,2020-12,49,2,tablet,(direct),(none),(direct),returning_session,3,3,1,1,1,0,2,0,0,1,1,1,2,0,0,0.0,33.33,100.0,100.0,0.0,0.0,0.0,66.67,0.0,0.0,100.0,,0.0,
2020-12-07,2020-12,49,2,tablet,<Other>,<Other>,<Other>,new_session,15,15,4,2,1,0,11,2,1,1,8,2,2,0,0,0.0,26.67,50.0,50.0,0.0,0.0,0.0,73.33,50.0,50.0,100.0,,0.0,
2020-12-07,2020-12,49,2,mobile,shop.googlemerchandisestore.com,referral,(referral),new_session,74,73,17,6,1,0,56,11,5,1,74,20,2,0,0,0.0,23.29,35.29,16.67,0.0,0.0,0.0,76.71,64.71,83.33,100.0,,0.0,
2020-12-07,2020-12,49,2,desktop,<Other>,(data deleted),(data deleted),returning_session,8,8,3,1,1,0,5,2,1,1,89,1,4,0,0,0.0,37.5,33.33,100.0,0.0,0.0,0.0,62.5,66.67,100.0,100.0,,0.0,
2020-12-07,2020-12,49,2,desktop,google,organic,(organic),new_session,754,754,170,47,17,2,584,123,35,15,1004,126,44,3,3,612.0,22.55,27.65,36.17,11.76,0.27,1.18,77.45,72.35,74.47,88.24,306.0,0.81,204.0
2020-12-07,2020-12,49,2,mobile,(direct),(none),(direct),new_session,365,365,66,21,10,1,299,45,13,9,323,46,26,1,1,17.0,18.08,31.82,47.62,10.0,0.27,1.52,81.92,68.18,61.9,90.0,17.0,0.05,17.0
2020-12-07,2020-12,49,2,desktop,<Other>,referral,(referral),new_session,202,202,45,14,6,1,157,31,8,5,244,26,14,2,1,64.0,22.28,31.11,42.86,16.67,0.5,2.22,77.72,68.89,57.14,83.33,64.0,0.32,64.0
2020-12-07,2020-12,49,2,desktop,(direct),(none),(direct),new_session,529,529,110,41,21,4,419,69,23,17,638,107,60,5,4,613.0,20.79,37.27,51.22,19.05,0.76,3.64,79.21,62.73,56.1,80.95,153.25,1.16,153.25
2020-12-07,2020-12,49,2,desktop,<Other>,<Other>,<Other>,new_session,407,407,84,19,12,4,323,65,8,8,463,55,29,5,4,242.0,20.64,22.62,63.16,33.33,0.98,4.76,79.36,77.38,42.11,66.67,60.5,0.59,60.5
2020-12-07,2020-12,49,2,mobile,<Other>,<Other>,<Other>,new_session,255,255,58,20,9,3,197,38,11,6,304,54,22,3,3,134.0,22.75,34.48,45.0,33.33,1.18,5.17,77.25,65.52,55.0,66.67,44.67,0.53,44.67
2020-12-07,2020-12,49,2,desktop,shop.googlemerchandisestore.com,referral,(referral),new_session,104,104,17,3,2,1,87,14,2,1,34,9,14,1,1,84.0,16.35,17.65,66.67,50.0,0.96,5.88,83.65,82.35,66.67,50.0,84.0,0.81,84.0
2020-12-07,2020-12,49,2,mobile,google,cpc,<Other>,new_session,87,87,17,4,3,1,70,13,3,2,98,18,8,1,1,29.0,19.54,23.53,75.0,33.33,1.15,5.88,80.46,76.47,75.0,66.67,29.0,0.33,29.0
2020-12-07,2020-12,49,2,mobile,google,organic,(organic),new_session,518,518,101,30,14,6,417,71,18,8,650,97,38,6,6,524.0,19.5,29.7,46.67,42.86,1.16,5.94,80.5,70.3,60.0,57.14,87.33,1.01,87.33
2020-12-07,2020-12,49,2,desktop,google,organic,(organic),returning_session,196,196,49,10,6,3,147,39,10,3,243,37,20,3,3,984.0,25.0,20.41,60.0,50.0,1.53,6.12,75.0,79.59,100.0,50.0,328.0,5.02,328.0
2020-12-07,2020-12,49,2,mobile,<Other>,referral,(referral),new_session,147,147,27,3,2,2,120,24,2,0,90,16,6,2,2,54.0,18.37,11.11,66.67,100.0,1.36,7.41,81.63,88.89,66.67,0.0,27.0,0.37,27.0
2020-12-07,2020-12,49,2,mobile,(direct),(none),(direct),returning_session,138,138,41,15,6,4,97,26,12,2,263,44,36,5,5,290.0,29.71,36.59,40.0,66.67,2.9,9.76,70.29,63.41,80.0,33.33,72.5,2.1,58.0
2020-12-07,2020-12,49,2,mobile,<Other>,<Other>,<Other>,returning_session,28,28,8,2,1,1,20,6,1,0,24,3,2,1,1,113.0,28.57,25.0,50.0,100.0,3.57,12.5,71.43,75.0,50.0,0.0,113.0,4.04,113.0
2020-12-07,2020-12,49,2,mobile,google,organic,(organic),returning_session,146,145,46,13,11,6,99,33,6,5,284,55,32,6,6,461.0,31.72,28.26,84.62,54.55,4.11,13.04,68.28,71.74,46.15,45.45,76.83,3.16,76.83
2020-12-07,2020-12,49,2,mobile,(data deleted),(data deleted),(data deleted),returning_session,148,148,29,10,8,4,119,19,4,4,161,33,36,4,4,186.0,19.59,34.48,80.0,50.0,2.7,13.79,80.41,65.52,40.0,50.0,46.5,1.26,46.5
2020-12-07,2020-12,49,2,desktop,<Other>,referral,(referral),returning_session,100,100,21,2,3,3,79,19,0,0,80,4,18,3,3,149.0,21.0,9.52,150.0,100.0,3.0,14.29,79.0,90.48,0.0,0.0,49.67,1.49,49.67
2020-12-07,2020-12,49,2,desktop,<Other>,<Other>,<Other>,returning_session,45,45,14,4,3,2,31,10,3,1,47,10,14,2,2,92.0,31.11,28.57,75.0,66.67,4.44,14.29,68.89,71.43,75.0,33.33,46.0,2.04,46.0
2020-12-07,2020-12,49,2,desktop,google,cpc,<Other>,new_session,108,108,21,6,5,3,87,15,3,2,146,14,12,3,3,144.0,19.44,28.57,83.33,60.0,2.78,14.29,80.56,71.43,50.0,40.0,48.0,1.33,48.0
2020-12-07,2020-12,49,2,mobile,shop.googlemerchandisestore.com,referral,(referral),returning_session,100,100,26,10,6,4,74,16,6,2,141,26,20,4,4,228.0,26.0,38.46,60.0,66.67,4.0,15.38,74.0,61.54,60.0,33.33,57.0,2.28,57.0
2020-12-07,2020-12,49,2,desktop,(data deleted),(data deleted),(data deleted),returning_session,223,223,68,23,19,11,155,45,12,8,350,71,126,18,18,713.0,30.49,33.82,82.61,57.89,4.93,16.18,69.51,66.18,52.17,42.11,64.82,3.2,39.61
2020-12-07,2020-12,49,2,desktop,(direct),(none),(direct),returning_session,222,221,63,26,16,11,158,37,16,5,399,123,75,14,14,1092.0,28.51,41.27,61.54,68.75,4.95,17.46,71.49,58.73,61.54,31.25,99.27,4.92,78.0
2020-12-07,2020-12,49,2,desktop,shop.googlemerchandisestore.com,referral,(referral),returning_session,158,158,34,11,9,6,124,23,7,3,228,37,22,6,6,591.0,21.52,32.35,81.82,66.67,3.8,17.65,78.48,67.65,63.64,33.33,98.5,3.74,98.5
2020-12-07,2020-12,49,2,mobile,<Other>,referral,(referral),returning_session,70,70,20,10,5,5,50,10,5,0,123,31,20,9,9,219.0,28.57,50.0,50.0,100.0,7.14,25.0,71.43,50.0,50.0,0.0,43.8,3.13,24.33
2020-12-07,2020-12,49,2,desktop,google,cpc,<Other>,returning_session,28,28,7,3,2,2,21,4,2,0,71,16,10,2,2,197.0,25.0,42.86,66.67,100.0,7.14,28.57,75.0,57.14,66.67,0.0,98.5,7.04,98.5
2020-12-07,2020-12,49,2,tablet,google,organic,(organic),new_session,24,24,3,2,1,1,21,1,1,0,28,4,2,1,1,46.0,12.5,66.67,50.0,100.0,4.17,33.33,87.5,33.33,50.0,0.0,46.0,1.92,46.0
2020-12-07,2020-12,49,2,desktop,<Other>,organic,(organic),returning_session,12,12,4,2,2,2,8,2,1,0,92,10,12,3,3,890.0,33.33,50.0,100.0,100.0,16.67,50.0,66.67,50.0,50.0,0.0,445.0,74.17,296.67
2020-12-07,2020-12,49,2,mobile,<Other>,(data deleted),(data deleted),returning_session,4,4,1,0,1,1,3,1,0,0,16,0,4,1,1,32.0,25.0,0.0,,100.0,25.0,100.0,75.0,100.0,,0.0,32.0,8.0,32.0
2020-11-18,2020-11,46,4,tablet,<Other>,referral,(referral),returning_session,2,2,1,0,0,0,1,1,0,0,13,0,0,0,0,0.0,50.0,0.0,,,0.0,0.0,50.0,100.0,,,,0.0,
2020-11-18,2020-11,46,4,mobile,(data deleted),(data deleted),<Other>,new_session,1,1,0,0,0,0,1,0,0,0,0,0,0,0,0,0.0,0.0,,,,0.0,,100.0,,,,,0.0,
2020-11-18,2020-11,46,4,mobile,<Other>,(data deleted),(data deleted),new_session,1,1,0,0,0,0,1,0,0,0,0,0,0,0,0,0.0,0.0,,,,0.0,,100.0,,,,,0.0,
2020-11-18,2020-11,46,4,tablet,google,cpc,<Other>,new_session,1,1,0,0,0,0,1,0,0,0,0,0,0,0,0,0.0,0.0,,,,0.0,,100.0,,,,,0.0,
2020-11-18,2020-11,46,4,tablet,google,cpc,<Other>,returning_session,2,2,0,0,0,0,2,0,0,0,0,0,0,0,0,0.0,0.0,,,,0.0,,100.0,,,,,0.0,
2020-11-18,2020-11,46,4,mobile,<Other>,(data deleted),(data deleted),returning_session,2,2,0,0,0,0,2,0,0,0,0,0,0,0,0,0.0,0.0,,,,0.0,,100.0,,,,,0.0,
2020-11-18,2020-11,46,4,mobile,(data deleted),(data deleted),<Other>,returning_session,2,2,0,0,0,0,2,0,0,0,0,0,0,0,0,0.0,0.0,,,,0.0,,100.0,,,,,0.0,
2020-11-18,2020-11,46,4,desktop,(data deleted),(data deleted),(data deleted),new_session,6,5,3,0,0,0,2,3,0,0,3,0,0,0,0,0.0,60.0,0.0,,,0.0,0.0,40.0,100.0,,,,0.0,
2020-11-18,2020-11,46,4,desktop,(data deleted),(data deleted),<Other>,returning_session,4,4,1,0,0,0,3,1,0,0,1,0,0,0,0,0.0,25.0,0.0,,,0.0,0.0,75.0,100.0,,,,0.0,
2020-11-18,2020-11,46,4,desktop,<Other>,(data deleted),(data deleted),returning_session,4,4,1,0,0,0,3,1,0,0,1,0,0,0,0,0.0,25.0,0.0,,,0.0,0.0,75.0,100.0,,,,0.0,
2020-11-18,2020-11,46,4,tablet,<Other>,<Other>,<Other>,returning_session,3,3,0,0,0,0,3,0,0,0,0,0,0,0,0,0.0,0.0,,,,0.0,,100.0,,,,,0.0,
2020-11-18,2020-11,46,4,tablet,(direct),(none),(direct),returning_session,6,6,1,0,0,0,5,1,0,0,2,0,0,0,0,0.0,16.67,0.0,,,0.0,0.0,83.33,100.0,,,,0.0,
2020-11-18,2020-11,46,4,tablet,<Other>,<Other>,<Other>,new_session,8,8,3,0,0,0,5,3,0,0,4,0,0,0,0,0.0,37.5,0.0,,,0.0,0.0,62.5,100.0,,,,0.0,
2020-11-18,2020-11,46,4,tablet,(data deleted),(data deleted),(data deleted),returning_session,9,9,2,0,0,0,7,2,0,0,10,0,0,0,0,0.0,22.22,0.0,,,0.0,0.0,77.78,100.0,,,,0.0,
2020-11-18,2020-11,46,4,tablet,shop.googlemerchandisestore.com,referral,(referral),returning_session,9,9,1,0,0,0,8,1,0,0,1,0,0,0,0,0.0,11.11,0.0,,,0.0,0.0,88.89,100.0,,,,0.0,
2020-11-18,2020-11,46,4,tablet,google,organic,(organic),returning_session,10,10,1,0,0,0,9,1,0,0,2,0,0,0,0,0.0,10.0,0.0,,,0.0,0.0,90.0,100.0,,,,0.0,
2020-11-18,2020-11,46,4,tablet,(direct),(none),(direct),new_session,15,15,1,0,0,0,14,1,0,0,18,0,0,0,0,0.0,6.67,0.0,,,0.0,0.0,93.33,100.0,,,,0.0,
2020-11-18,2020-11,46,4,desktop,<Other>,organic,(organic),returning_session,18,18,2,0,0,0,16,2,0,0,9,0,0,0,0,0.0,11.11,0.0,,,0.0,0.0,88.89,100.0,,,,0.0,
2020-11-18,2020-11,46,4,tablet,google,organic,(organic),new_session,24,24,4,0,0,0,20,4,0,0,5,0,0,0,0,0.0,16.67,0.0,,,0.0,0.0,83.33,100.0,,,,0.0,
2020-11-18,2020-11,46,4,desktop,<Other>,organic,(organic),new_session,42,42,10,1,0,0,32,9,1,0,17,1,0,0,0,0.0,23.81,10.0,0.0,,0.0,0.0,76.19,90.0,100.0,,,0.0,
2020-11-18,2020-11,46,4,mobile,shop.googlemerchandisestore.com,referral,(referral),new_session,48,48,12,3,0,0,36,9,3,0,42,3,0,0,0,0.0,25.0,25.0,0.0,,0.0,0.0,75.0,75.0,100.0,,,0.0,
2020-11-18,2020-11,46,4,mobile,<Other>,referral,(referral),returning_session,57,57,16,3,0,0,41,13,3,0,91,5,0,0,0,0.0,28.07,18.75,0.0,,0.0,0.0,71.93,81.25,100.0,,,0.0,
2020-11-18,2020-11,46,4,mobile,<Other>,organic,(organic),returning_session,13,13,1,0,1,1,12,1,0,0,8,0,3,2,1,96.0,7.69,0.0,,100.0,7.69,100.0,92.31,100.0,,0.0,96.0,7.38,96.0
2020-11-18,2020-11,46,4,mobile,shop.googlemerchandisestore.com,referral,(referral),returning_session,88,88,22,3,4,4,66,19,0,0,85,51,12,5,4,185.0,25.0,13.64,133.33,100.0,4.55,18.18,75.0,86.36,0.0,0.0,46.25,2.1,46.25
2020-11-18,2020-11,46,4,desktop,google,cpc,<Other>,returning_session,13,13,2,1,2,1,11,1,0,1,9,1,6,1,1,48.0,15.38,50.0,200.0,50.0,7.69,50.0,84.62,50.0,0.0,50.0,48.0,3.69,48.0
2020-11-18,2020-11,46,4,mobile,(direct),(none),(direct),returning_session,123,123,31,8,6,3,92,23,5,3,227,21,18,5,3,210.0,25.2,25.81,75.0,50.0,2.44,9.68,74.8,74.19,62.5,50.0,70.0,1.71,70.0
2020-11-18,2020-11,46,4,mobile,(data deleted),(data deleted),(data deleted),returning_session,123,123,28,5,4,2,95,23,3,2,129,26,10,3,2,288.0,22.76,17.86,80.0,50.0,1.63,7.14,77.24,82.14,60.0,50.0,144.0,2.34,144.0
2020-11-18,2020-11,46,4,desktop,google,organic,(organic),returning_session,178,178,39,7,4,2,139,32,4,2,199,27,9,4,4,156.0,21.91,17.95,57.14,50.0,1.12,5.13,78.09,82.05,57.14,50.0,78.0,0.88,39.0
2020-11-18,2020-11,46,4,desktop,<Other>,referral,(referral),new_session,140,140,34,8,7,3,106,26,4,4,363,40,26,4,4,704.0,24.29,23.53,87.5,42.86,2.14,8.82,75.71,76.47,50.0,57.14,234.67,5.03,176.0
2020-11-18,2020-11,46,4,desktop,(data deleted),(data deleted),(data deleted),returning_session,165,165,51,10,12,5,114,41,7,7,254,21,27,7,6,370.0,30.91,19.61,120.0,41.67,3.03,9.8,69.09,80.39,70.0,58.33,74.0,2.24,61.67
2020-11-18,2020-11,46,4,mobile,google,organic,(organic),new_session,393,393,93,15,12,5,300,78,8,7,405,31,35,8,7,331.0,23.66,16.13,80.0,41.67,1.27,5.38,76.34,83.87,53.33,58.33,66.2,0.84,47.29
2020-11-18,2020-11,46,4,mobile,<Other>,<Other>,<Other>,new_session,178,178,42,5,5,2,136,37,1,3,205,7,7,2,2,21.0,23.6,11.9,100.0,40.0,1.12,4.76,76.4,88.1,20.0,60.0,10.5,0.12,10.5
2020-11-18,2020-11,46,4,desktop,(direct),(none),(direct),new_session,373,373,96,17,10,4,277,79,8,6,493,29,18,5,5,289.0,25.74,17.71,58.82,40.0,1.07,4.17,74.26,82.29,47.06,60.0,72.25,0.77,57.8
2020-11-18,2020-11,46,4,desktop,(direct),(none),(direct),returning_session,193,193,48,11,13,5,145,37,4,8,273,44,26,7,7,697.0,24.87,22.92,118.18,38.46,2.59,10.42,75.13,77.08,36.36,61.54,139.4,3.61,99.57
2020-11-18,2020-11,46,4,mobile,google,cpc,<Other>,new_session,62,62,16,4,3,1,46,12,2,2,63,16,4,1,1,144.0,25.81,25.0,75.0,33.33,1.61,6.25,74.19,75.0,50.0,66.67,144.0,2.32,144.0
2020-11-18,2020-11,46,4,desktop,google,cpc,<Other>,new_session,69,69,17,1,3,1,52,16,0,2,35,1,8,1,1,19.0,24.64,5.88,300.0,33.33,1.45,5.88,75.36,94.12,0.0,66.67,19.0,0.28,19.0
2020-11-18,2020-11,46,4,mobile,google,organic,(organic),returning_session,118,118,35,9,6,2,83,26,5,4,124,19,7,2,2,653.0,29.66,25.71,66.67,33.33,1.69,5.71,70.34,74.29,55.56,66.67,326.5,5.53,326.5
2020-11-18,2020-11,46,4,mobile,(direct),(none),(direct),new_session,266,266,62,17,16,4,204,45,7,12,543,31,35,4,4,148.0,23.31,27.42,94.12,25.0,1.5,6.45,76.69,72.58,41.18,75.0,37.0,0.56,37.0
2020-11-18,2020-11,46,4,desktop,<Other>,referral,(referral),returning_session,89,88,19,4,5,1,69,15,1,4,89,7,23,1,1,44.0,21.59,21.05,125.0,20.0,1.12,5.26,78.41,78.95,25.0,80.0,44.0,0.49,44.0
2020-11-18,2020-11,46,4,desktop,shop.googlemerchandisestore.com,referral,(referral),returning_session,145,145,34,6,5,1,111,28,2,4,175,21,11,1,1,5.0,23.45,17.65,83.33,20.0,0.69,2.94,76.55,82.35,33.33,80.0,5.0,0.03,5.0
2020-11-18,2020-11,46,4,desktop,<Other>,<Other>,<Other>,returning_session,55,55,13,6,6,1,42,7,2,5,164,74,22,2,1,48.0,23.64,46.15,100.0,16.67,1.82,7.69,76.36,53.85,33.33,83.33,48.0,0.87,48.0
2020-11-18,2020-11,46,4,desktop,<Other>,<Other>,<Other>,new_session,252,252,62,14,6,1,190,48,10,5,184,19,11,2,1,48.0,24.6,22.58,42.86,16.67,0.4,1.61,75.4,77.42,71.43,83.33,48.0,0.19,48.0
2020-11-18,2020-11,46,4,desktop,google,organic,(organic),new_session,555,555,146,26,11,1,409,120,18,10,509,71,17,1,1,71.0,26.31,17.81,42.31,9.09,0.18,0.68,73.69,82.19,69.23,90.91,71.0,0.13,71.0
2020-11-18,2020-11,46,4,tablet,shop.googlemerchandisestore.com,referral,(referral),new_session,3,3,2,1,1,0,1,1,0,1,59,2,1,0,0,0.0,66.67,50.0,100.0,0.0,0.0,0.0,33.33,50.0,0.0,100.0,,0.0,
2020-11-18,2020-11,46,4,tablet,<Other>,referral,(referral),new_session,6,6,3,1,2,0,3,2,0,2,63,3,2,0,0,0.0,50.0,33.33,200.0,0.0,0.0,0.0,50.0,66.67,0.0,100.0,,0.0,
2020-11-18,2020-11,46,4,mobile,google,cpc,<Other>,returning_session,7,7,2,2,1,0,5,0,1,1,42,15,6,0,0,0.0,28.57,100.0,50.0,0.0,0.0,0.0,71.43,0.0,50.0,100.0,,0.0,
2020-11-18,2020-11,46,4,mobile,<Other>,<Other>,<Other>,returning_session,27,27,6,2,1,0,21,5,2,1,22,3,2,0,0,0.0,22.22,33.33,50.0,0.0,0.0,0.0,77.78,83.33,100.0,100.0,,0.0,
2020-11-18,2020-11,46,4,mobile,<Other>,organic,(organic),new_session,37,37,11,4,4,0,26,7,1,4,145,7,4,0,0,0.0,29.73,36.36,100.0,0.0,0.0,0.0,70.27,63.64,25.0,100.0,,0.0,
2020-11-18,2020-11,46,4,desktop,shop.googlemerchandisestore.com,referral,(referral),new_session,62,62,20,4,4,0,42,16,1,4,110,6,8,0,0,0.0,32.26,20.0,100.0,0.0,0.0,0.0,67.74,80.0,25.0,100.0,,0.0,
2020-11-18,2020-11,46,4,mobile,<Other>,referral,(referral),new_session,119,119,34,9,5,0,85,25,6,5,139,19,7,0,0,0.0,28.57,26.47,55.56,0.0,0.0,0.0,71.43,73.53,66.67,100.0,,0.0,
2020-11-15,2020-11,46,1,tablet,google,organic,(organic),new_session,12,12,0,0,0,0,12,0,0,0,0,0,0,0,0,0.0,0.0,,,,0.0,,100.0,,,,,0.0,
2020-11-15,2020-11,46,1,tablet,google,organic,(organic),returning_session,2,2,0,0,0,0,2,0,0,0,0,0,0,0,0,0.0,0.0,,,,0.0,,100.0,,,,,0.0,
2020-11-15,2020-11,46,1,tablet,<Other>,referral,(referral),new_session,2,2,0,0,0,0,2,0,0,0,0,0,0,0,0,0.0,0.0,,,,0.0,,100.0,,,,,0.0,
2020-11-15,2020-11,46,1,tablet,shop.googlemerchandisestore.com,referral,(referral),new_session,1,1,0,0,0,0,1,0,0,0,0,0,0,0,0,0.0,0.0,,,,0.0,,100.0,,,,,0.0,
2020-11-15,2020-11,46,1,desktop,(data deleted),(data deleted),<Other>,returning_session,1,1,0,0,0,0,1,0,0,0,0,0,0,0,0,0.0,0.0,,,,0.0,,100.0,,,,,0.0,
2020-11-15,2020-11,46,1,tablet,<Other>,<Other>,<Other>,returning_session,2,2,0,0,0,0,2,0,0,0,0,0,0,0,0,0.0,0.0,,,,0.0,,100.0,,,,,0.0,
2020-11-15,2020-11,46,1,mobile,<Other>,organic,(organic),returning_session,2,2,0,0,0,0,2,0,0,0,0,0,0,0,0,0.0,0.0,,,,0.0,,100.0,,,,,0.0,
2020-11-15,2020-11,46,1,tablet,shop.googlemerchandisestore.com,referral,(referral),returning_session,3,3,1,0,0,0,2,1,0,0,1,0,0,0,0,0.0,33.33,0.0,,,0.0,0.0,66.67,100.0,,,,0.0,
2020-11-15,2020-11,46,1,mobile,(data deleted),(data deleted),<Other>,returning_session,1,1,1,0,0,0,0,1,0,0,2,0,0,0,0,0.0,100.0,0.0,,,0.0,0.0,0.0,100.0,,,,0.0,
2020-11-15,2020-11,46,1,mobile,google,cpc,<Other>,returning_session,4,4,1,0,0,0,3,1,0,0,2,0,0,0,0,0.0,25.0,0.0,,,0.0,0.0,75.0,100.0,,,,0.0,
2020-11-15,2020-11,46,1,tablet,(direct),(none),(direct),returning_session,4,4,1,0,0,0,3,1,0,0,5,0,0,0,0,0.0,25.0,0.0,,,0.0,0.0,75.0,100.0,,,,0.0,
2020-11-15,2020-11,46,1,desktop,(data deleted),(data deleted),(data deleted),new_session,3,3,1,0,0,0,2,1,0,0,1,0,0,0,0,0.0,33.33,0.0,,,0.0,0.0,66.67,100.0,,,,0.0,
2020-11-15,2020-11,46,1,mobile,<Other>,(data deleted),(data deleted),returning_session,2,2,1,0,0,0,1,1,0,0,1,0,0,0,0,0.0,50.0,0.0,,,0.0,0.0,50.0,100.0,,,,0.0,
2020-11-15,2020-11,46,1,tablet,(data deleted),(data deleted),(data deleted),returning_session,3,3,1,0,0,0,2,1,0,0,21,0,0,0,0,0.0,33.33,0.0,,,0.0,0.0,66.67,100.0,,,,0.0,
2020-11-15,2020-11,46,1,tablet,<Other>,<Other>,<Other>,new_session,6,6,1,0,0,0,5,1,0,0,1,0,0,0,0,0.0,16.67,0.0,,,0.0,0.0,83.33,100.0,,,,0.0,
2020-11-15,2020-11,46,1,desktop,<Other>,organic,(organic),returning_session,6,6,1,0,0,0,5,1,0,0,13,0,0,0,0,0.0,16.67,0.0,,,0.0,0.0,83.33,100.0,,,,0.0,
2020-11-15,2020-11,46,1,desktop,google,cpc,<Other>,returning_session,3,3,1,0,0,0,2,1,0,0,1,0,0,0,0,0.0,33.33,0.0,,,0.0,0.0,66.67,100.0,,,,0.0,
2020-11-15,2020-11,46,1,mobile,<Other>,organic,(organic),new_session,12,12,3,0,0,0,9,3,0,0,10,0,0,0,0,0.0,25.0,0.0,,,0.0,0.0,75.0,100.0,,,,0.0,
2020-11-15,2020-11,46,1,tablet,(direct),(none),(direct),new_session,10,10,3,0,0,0,7,3,0,0,5,0,0,0,0,0.0,30.0,0.0,,,0.0,0.0,70.0,100.0,,,,0.0,
2020-11-15,2020-11,46,1,mobile,<Other>,referral,(referral),returning_session,35,35,8,0,0,0,27,8,0,0,45,0,0,0,0,0.0,22.86,0.0,,,0.0,0.0,77.14,100.0,,,,0.0,
2020-11-15,2020-11,46,1,mobile,google,cpc,<Other>,new_session,38,38,8,0,0,0,30,8,0,0,79,0,0,0,0,0.0,21.05,0.0,,,0.0,0.0,78.95,100.0,,,,0.0,
2020-11-15,2020-11,46,1,mobile,shop.googlemerchandisestore.com,referral,(referral),new_session,27,27,9,0,0,0,18,9,0,0,22,0,0,0,0,0.0,33.33,0.0,,,0.0,0.0,66.67,100.0,,,,0.0,
2020-11-15,2020-11,46,1,mobile,<Other>,<Other>,<Other>,returning_session,20,20,2,0,1,0,18,2,0,1,14,0,4,0,0,0.0,10.0,0.0,,0.0,0.0,0.0,90.0,100.0,,100.0,,0.0,
2020-11-15,2020-11,46,1,desktop,<Other>,<Other>,<Other>,returning_session,21,21,2,0,1,0,19,2,0,1,4,0,2,0,0,0.0,9.52,0.0,,0.0,0.0,0.0,90.48,100.0,,100.0,,0.0,
2020-11-15,2020-11,46,1,mobile,<Other>,referral,(referral),new_session,43,43,6,0,2,0,37,6,0,2,166,0,4,0,0,0.0,13.95,0.0,,0.0,0.0,0.0,86.05,100.0,,100.0,,0.0,
2020-11-15,2020-11,46,1,desktop,<Other>,referral,(referral),new_session,99,98,20,0,1,0,78,20,0,1,46,0,6,0,0,0.0,20.41,0.0,,0.0,0.0,0.0,79.59,100.0,,100.0,,0.0,
2020-11-15,2020-11,46,1,desktop,<Other>,<Other>,<Other>,new_session,159,159,27,0,7,0,132,27,0,7,275,0,14,0,0,0.0,16.98,0.0,,0.0,0.0,0.0,83.02,100.0,,100.0,,0.0,
2020-11-15,2020-11,46,1,mobile,(direct),(none),(direct),new_session,167,167,42,0,4,0,125,42,0,4,90,0,8,0,0,0.0,25.15,0.0,,0.0,0.0,0.0,74.85,100.0,,100.0,,0.0,
2020-11-15,2020-11,46,1,desktop,(direct),(none),(direct),new_session,224,224,55,0,13,0,169,55,0,13,199,0,30,0,0,0.0,24.55,0.0,,0.0,0.0,0.0,75.45,100.0,,100.0,,0.0,
2020-11-15,2020-11,46,1,desktop,google,organic,(organic),new_session,297,297,70,0,17,1,227,70,0,16,521,0,48,1,1,16.0,23.57,0.0,,5.88,0.34,1.43,76.43,100.0,,94.12,16.0,0.05,16.0
2020-11-15,2020-11,46,1,mobile,google,organic,(organic),new_session,227,227,54,0,23,2,173,54,0,21,571,0,56,2,2,64.0,23.79,0.0,,8.7,0.88,3.7,76.21,100.0,,91.3,32.0,0.28,32.0
2020-11-15,2020-11,46,1,mobile,<Other>,<Other>,<Other>,new_session,131,131,37,0,6,1,94,37,0,5,173,0,18,1,1,42.0,28.24,0.0,,16.67,0.76,2.7,71.76,100.0,,83.33,42.0,0.32,42.0
2020-11-15,2020-11,46,1,desktop,shop.googlemerchandisestore.com,referral,(referral),new_session,44,44,12,0,4,1,32,12,0,3,159,0,12,1,1,46.0,27.27,0.0,,25.0,2.27,8.33,72.73,100.0,,75.0,46.0,1.05,46.0
2020-11-15,2020-11,46,1,desktop,google,organic,(organic),returning_session,77,77,10,0,3,1,67,10,0,2,67,0,14,1,1,74.0,12.99,0.0,,33.33,1.3,10.0,87.01,100.0,,66.67,74.0,0.96,74.0
2020-11-15,2020-11,46,1,desktop,shop.googlemerchandisestore.com,referral,(referral),returning_session,59,59,11,0,3,1,48,11,0,2,49,0,10,1,1,26.0,18.64,0.0,,33.33,1.69,9.09,81.36,100.0,,66.67,26.0,0.44,26.0
2020-11-15,2020-11,46,1,desktop,<Other>,referral,(referral),returning_session,41,41,12,0,5,2,29,12,0,3,107,0,24,2,2,84.0,29.27,0.0,,40.0,4.88,16.67,70.73,100.0,,60.0,42.0,2.05,42.0
2020-11-15,2020-11,46,1,desktop,(data deleted),(data deleted),(data deleted),returning_session,75,75,16,0,5,2,59,16,0,3,66,0,18,2,2,140.0,21.33,0.0,,40.0,2.67,12.5,78.67,100.0,,60.0,70.0,1.87,70.0
2020-11-15,2020-11,46,1,mobile,(data deleted),(data deleted),(data deleted),returning_session,43,43,9,0,2,1,34,9,0,1,73,0,14,1,1,25.0,20.93,0.0,,50.0,2.33,11.11,79.07,100.0,,50.0,25.0,0.58,25.0
2020-11-15,2020-11,46,1,desktop,(direct),(none),(direct),returning_session,84,84,18,0,5,3,66,18,0,2,95,0,14,3,3,373.0,21.43,0.0,,60.0,3.57,16.67,78.57,100.0,,40.0,124.33,4.44,124.33
2020-11-15,2020-11,46,1,tablet,<Other>,referral,(referral),returning_session,1,1,1,0,1,1,0,1,0,0,62,0,6,1,1,174.0,100.0,0.0,,100.0,100.0,100.0,0.0,100.0,,0.0,174.0,174.0,174.0
2020-11-15,2020-11,46,1,mobile,(direct),(none),(direct),returning_session,48,48,7,0,1,1,41,7,0,0,34,0,2,1,1,48.0,14.58,0.0,,100.0,2.08,14.29,85.42,100.0,,0.0,48.0,1.0,48.0
2020-11-15,2020-11,46,1,mobile,shop.googlemerchandisestore.com,referral,(referral),returning_session,44,44,9,0,2,2,35,9,0,0,60,0,12,2,2,82.0,20.45,0.0,,100.0,4.55,22.22,79.55,100.0,,0.0,41.0,1.86,41.0
2020-11-15,2020-11,46,1,desktop,google,cpc,<Other>,new_session,45,45,9,0,1,1,36,9,0,0,30,0,2,1,1,129.0,20.0,0.0,,100.0,2.22,11.11,80.0,100.0,,0.0,129.0,2.87,129.0
2020-11-15,2020-11,46,1,mobile,google,organic,(organic),returning_session,50,49,12,0,1,1,37,12,0,0,39,0,2,1,1,90.0,24.49,0.0,,100.0,2.0,8.33,75.51,100.0,,0.0,90.0,1.8,90.0
2020-11-15,2020-11,46,1,desktop,<Other>,organic,(organic),new_session,35,35,15,0,2,2,20,15,0,0,114,0,6,2,2,140.0,42.86,0.0,,100.0,5.71,13.33,57.14,100.0,,0.0,70.0,4.0,70.0
2020-11-09,2020-11,45,2,tablet,google,organic,(organic),returning_session,5,5,0,0,0,0,5,0,0,0,0,0,0,0,0,0.0,0.0,,,,0.0,,100.0,,,,,0.0,
2020-11-09,2020-11,45,2,desktop,(data deleted),(data deleted),<Other>,returning_session,3,3,0,0,0,0,3,0,0,0,0,0,0,0,0,0.0,0.0,,,,0.0,,100.0,,,,,0.0,
2020-11-09,2020-11,45,2,desktop,(data deleted),(data deleted),(data deleted),new_session,2,2,0,0,0,0,2,0,0,0,0,0,0,0,0,0.0,0.0,,,,0.0,,100.0,,,,,0.0,
2020-11-09,2020-11,45,2,tablet,shop.googlemerchandisestore.com,referral,(referral),returning_session,6,6,0,0,0,0,6,0,0,0,0,0,0,0,0,0.0,0.0,,,,0.0,,100.0,,,,,0.0,
2020-11-09,2020-11,45,2,tablet,<Other>,organic,(organic),returning_session,1,1,0,0,0,0,1,0,0,0,0,0,0,0,0,0.0,0.0,,,,0.0,,100.0,,,,,0.0,
2020-11-09,2020-11,45,2,tablet,google,cpc,<Other>,new_session,2,2,0,0,0,0,2,0,0,0,0,0,0,0,0,0.0,0.0,,,,0.0,,100.0,,,,,0.0,
2020-11-09,2020-11,45,2,tablet,(data deleted),(data deleted),(data deleted),returning_session,9,9,0,0,0,0,9,0,0,0,0,0,0,0,0,0.0,0.0,,,,0.0,,100.0,,,,,0.0,
2020-11-09,2020-11,45,2,tablet,shop.googlemerchandisestore.com,referral,(referral),new_session,4,4,0,0,0,0,4,0,0,0,0,0,0,0,0,0.0,0.0,,,,0.0,,100.0,,,,,0.0,
2020-11-09,2020-11,45,2,mobile,(data deleted),(data deleted),<Other>,returning_session,3,3,0,0,0,0,3,0,0,0,0,0,0,0,0,0.0,0.0,,,,0.0,,100.0,,,,,0.0,
2020-11-09,2020-11,45,2,desktop,<Other>,(data deleted),(data deleted),returning_session,4,4,0,0,0,0,4,0,0,0,0,0,0,0,0,0.0,0.0,,,,0.0,,100.0,,,,,0.0,
2020-11-09,2020-11,45,2,tablet,<Other>,(data deleted),(data deleted),returning_session,1,1,0,0,0,0,1,0,0,0,0,0,0,0,0,0.0,0.0,,,,0.0,,100.0,,,,,0.0,
2020-11-09,2020-11,45,2,mobile,<Other>,(data deleted),(data deleted),returning_session,3,3,0,0,0,0,3,0,0,0,0,0,0,0,0,0.0,0.0,,,,0.0,,100.0,,,,,0.0,
2020-11-09,2020-11,45,2,tablet,<Other>,referral,(referral),new_session,1,1,0,0,0,0,1,0,0,0,0,0,0,0,0,0.0,0.0,,,,0.0,,100.0,,,,,0.0,
2020-11-09,2020-11,45,2,mobile,shop.googlemerchandisestore.com,referral,(referral),new_session,43,43,13,0,3,0,30,13,0,3,166,0,3,0,0,0.0,30.23,0.0,,0.0,0.0,0.0,69.77,100.0,,100.0,,0.0,
2020-11-09,2020-11,45,2,tablet,(direct),(none),(direct),new_session,13,13,3,0,0,0,10,3,0,0,13,0,0,0,0,0.0,23.08,0.0,,,0.0,0.0,76.92,100.0,,,,0.0,
2020-11-09,2020-11,45,2,tablet,(direct),(none),(direct),returning_session,5,5,1,0,0,0,4,1,0,0,1,0,0,0,0,0.0,20.0,0.0,,,0.0,0.0,80.0,100.0,,,,0.0,
2020-11-09,2020-11,45,2,tablet,<Other>,<Other>,<Other>,new_session,6,6,1,0,0,0,5,1,0,0,1,0,0,0,0,0.0,16.67,0.0,,,0.0,0.0,83.33,100.0,,,,0.0,
2020-11-09,2020-11,45,2,desktop,google,cpc,<Other>,new_session,73,73,16,0,4,0,57,16,0,4,98,0,4,0,0,0.0,21.92,0.0,,0.0,0.0,0.0,78.08,100.0,,100.0,,0.0,
2020-11-09,2020-11,45,2,desktop,<Other>,organic,(organic),returning_session,14,14,2,0,0,0,12,2,0,0,2,0,0,0,0,0.0,14.29,0.0,,,0.0,0.0,85.71,100.0,,,,0.0,
2020-11-09,2020-11,45,2,mobile,google,cpc,<Other>,returning_session,4,4,1,0,0,0,3,1,0,0,28,0,0,0,0,0.0,25.0,0.0,,,0.0,0.0,75.0,100.0,,,,0.0,
2020-11-09,2020-11,45,2,mobile,google,cpc,<Other>,new_session,38,37,7,0,0,0,30,7,0,0,35,0,0,0,0,0.0,18.92,0.0,,,0.0,0.0,81.08,100.0,,,,0.0,
2020-11-09,2020-11,45,2,tablet,google,organic,(organic),new_session,30,30,2,0,0,0,28,2,0,0,2,0,0,0,0,0.0,6.67,0.0,,,0.0,0.0,93.33,100.0,,,,0.0,
2020-11-09,2020-11,45,2,tablet,<Other>,organic,(organic),new_session,4,4,3,0,0,0,1,3,0,0,7,0,0,0,0,0.0,75.0,0.0,,,0.0,0.0,25.0,100.0,,,,0.0,
2020-11-09,2020-11,45,2,desktop,google,cpc,<Other>,returning_session,6,6,3,0,0,0,3,3,0,0,35,0,0,0,0,0.0,50.0,0.0,,,0.0,0.0,50.0,100.0,,,,0.0,
2020-11-09,2020-11,45,2,desktop,shop.googlemerchandisestore.com,referral,(referral),new_session,55,55,11,0,3,0,44,11,0,3,92,0,5,0,0,0.0,20.0,0.0,,0.0,0.0,0.0,80.0,100.0,,100.0,,0.0,
2020-11-09,2020-11,45,2,mobile,(direct),(none),(direct),new_session,189,189,49,0,10,0,140,49,0,10,371,0,12,0,0,0.0,25.93,0.0,,0.0,0.0,0.0,74.07,100.0,,100.0,,0.0,
2020-11-09,2020-11,45,2,mobile,<Other>,organic,(organic),new_session,24,24,8,0,1,0,16,8,0,1,86,0,1,0,0,0.0,33.33,0.0,,0.0,0.0,0.0,66.67,100.0,,100.0,,0.0,
2020-11-09,2020-11,45,2,mobile,<Other>,referral,(referral),new_session,70,70,19,0,4,0,51,19,0,4,60,0,8,0,0,0.0,27.14,0.0,,0.0,0.0,0.0,72.86,100.0,,100.0,,0.0,
2020-11-09,2020-11,45,2,mobile,<Other>,organic,(organic),returning_session,6,6,1,0,0,0,5,1,0,0,4,0,0,0,0,0.0,16.67,0.0,,,0.0,0.0,83.33,100.0,,,,0.0,
2020-11-09,2020-11,45,2,tablet,<Other>,referral,(referral),returning_session,3,3,1,0,0,0,2,1,0,0,2,0,0,0,0,0.0,33.33,0.0,,,0.0,0.0,66.67,100.0,,,,0.0,
2020-11-09,2020-11,45,2,tablet,<Other>,<Other>,<Other>,returning_session,3,3,2,0,0,0,1,2,0,0,4,0,0,0,0,0.0,66.67,0.0,,,0.0,0.0,33.33,100.0,,,,0.0,
2020-11-09,2020-11,45,2,mobile,<Other>,referral,(referral),returning_session,45,44,15,0,0,0,29,15,0,0,55,0,0,0,0,0.0,34.09,0.0,,,0.0,0.0,65.91,100.0,,,,0.0,
2020-11-09,2020-11,45,2,mobile,<Other>,<Other>,<Other>,new_session,168,168,41,0,3,1,127,41,0,2,142,0,8,1,1,34.0,24.4,0.0,,33.33,0.6,2.44,75.6,100.0,,66.67,34.0,0.2,34.0
2020-11-09,2020-11,45,2,desktop,<Other>,referral,(referral),new_session,113,113,26,0,2,1,87,26,0,1,126,0,2,1,1,46.0,23.01,0.0,,50.0,0.88,3.85,76.99,100.0,,50.0,46.0,0.41,46.0
2020-11-09,2020-11,45,2,desktop,<Other>,organic,(organic),new_session,42,42,8,0,1,1,34,8,0,0,28,0,1,1,1,98.0,19.05,0.0,,100.0,2.38,12.5,80.95,100.0,,0.0,98.0,2.33,98.0
2020-11-09,2020-11,45,2,desktop,(direct),(none),(direct),new_session,317,317,76,0,16,2,241,76,0,14,485,0,22,2,2,71.0,23.97,0.0,,12.5,0.63,2.63,76.03,100.0,,87.5,35.5,0.22,35.5
2020-11-09,2020-11,45,2,desktop,google,organic,(organic),returning_session,140,140,33,0,5,1,107,33,0,4,153,0,9,2,1,66.0,23.57,0.0,,20.0,0.71,3.03,76.43,100.0,,80.0,66.0,0.47,66.0
2020-11-09,2020-11,45,2,desktop,<Other>,<Other>,<Other>,new_session,221,221,61,0,10,2,160,61,0,8,350,0,11,2,2,59.0,27.6,0.0,,20.0,0.9,3.28,72.4,100.0,,80.0,29.5,0.27,29.5
2020-11-09,2020-11,45,2,desktop,shop.googlemerchandisestore.com,referral,(referral),returning_session,95,95,25,0,3,2,70,25,0,1,113,0,4,2,2,174.0,26.32,0.0,,66.67,2.11,8.0,73.68,100.0,,33.33,87.0,1.83,87.0
2020-11-09,2020-11,45,2,desktop,<Other>,referral,(referral),returning_session,65,65,15,0,4,2,50,15,0,2,114,0,5,2,2,148.0,23.08,0.0,,50.0,3.08,13.33,76.92,100.0,,50.0,74.0,2.28,74.0
2020-11-09,2020-11,45,2,desktop,<Other>,<Other>,<Other>,returning_session,38,38,8,0,2,2,30,8,0,0,48,0,5,2,2,64.0,21.05,0.0,,100.0,5.26,25.0,78.95,100.0,,0.0,32.0,1.68,32.0
2020-11-09,2020-11,45,2,mobile,<Other>,<Other>,<Other>,returning_session,20,20,7,0,2,2,13,7,0,0,40,0,2,2,2,68.0,35.0,0.0,,100.0,10.0,28.57,65.0,100.0,,0.0,34.0,3.4,34.0
2020-11-09,2020-11,45,2,mobile,google,organic,(organic),new_session,286,286,72,0,13,2,214,72,0,11,432,0,27,3,2,118.0,25.17,0.0,,15.38,0.7,2.78,74.83,100.0,,84.62,59.0,0.41,59.0
2020-11-09,2020-11,45,2,mobile,google,organic,(organic),returning_session,106,106,22,0,4,3,84,22,0,1,116,0,6,3,3,291.0,20.75,0.0,,75.0,2.83,13.64,79.25,100.0,,25.0,97.0,2.75,97.0
2020-11-09,2020-11,45,2,mobile,shop.googlemerchandisestore.com,referral,(referral),returning_session,70,70,19,0,3,3,51,19,0,0,120,0,3,3,3,156.0,27.14,0.0,,100.0,4.29,15.79,72.86,100.0,,0.0,52.0,2.23,52.0
2020-11-09,2020-11,45,2,desktop,google,organic,(organic),new_session,419,419,101,0,14,4,318,101,0,10,436,0,21,4,4,200.0,24.11,0.0,,28.57,0.95,3.96,75.89,100.0,,71.43,50.0,0.48,50.0
2020-11-09,2020-11,45,2,mobile,(direct),(none),(direct),returning_session,116,116,32,0,8,5,84,32,0,3,152,0,13,5,5,168.0,27.59,0.0,,62.5,4.31,15.63,72.41,100.0,,37.5,33.6,1.45,33.6
2020-11-09,2020-11,45,2,desktop,(direct),(none),(direct),returning_session,157,156,40,0,8,4,116,40,0,4,182,0,14,6,4,112.0,25.64,0.0,,50.0,2.55,10.0,74.36,100.0,,50.0,28.0,0.71,28.0
2020-11-09,2020-11,45,2,desktop,(data deleted),(data deleted),(data deleted),returning_session,140,140,30,0,8,3,110,30,0,5,158,0,15,6,3,141.0,21.43,0.0,,37.5,2.14,10.0,78.57,100.0,,62.5,47.0,1.01,47.0
2020-11-09,2020-11,45,2,mobile,(data deleted),(data deleted),(data deleted),returning_session,83,83,15,0,4,3,68,15,0,1,123,0,9,6,3,167.0,18.07,0.0,,75.0,3.61,20.0,81.93,100.0,,25.0,55.67,2.01,55.67
2021-01-06,2021-01,1,4,mobile,google,cpc,<Other>,returning_session,9,9,0,0,0,0,9,0,0,0,0,0,0,0,0,0.0,0.0,,,,0.0,,100.0,,,,,0.0,
2021-01-06,2021-01,1,4,desktop,(data deleted),(data deleted),<Other>,returning_session,2,2,0,0,0,0,2,0,0,0,0,0,0,0,0,0.0,0.0,,,,0.0,,100.0,,,,,0.0,
2021-01-06,2021-01,1,4,mobile,<Other>,(data deleted),(data deleted),returning_session,2,2,0,0,0,0,2,0,0,0,0,0,0,0,0,0.0,0.0,,,,0.0,,100.0,,,,,0.0,
2021-01-06,2021-01,1,4,tablet,(direct),(none),(direct),returning_session,3,3,0,0,0,0,3,0,0,0,0,0,0,0,0,0.0,0.0,,,,0.0,,100.0,,,,,0.0,
2021-01-06,2021-01,1,4,tablet,<Other>,referral,(referral),new_session,5,5,0,0,0,0,5,0,0,0,0,0,0,0,0,0.0,0.0,,,,0.0,,100.0,,,,,0.0,
2021-01-06,2021-01,1,4,mobile,(data deleted),(data deleted),(data deleted),new_session,2,1,0,0,0,0,1,0,0,0,0,0,0,0,0,0.0,0.0,,,,0.0,,100.0,,,,,0.0,
2021-01-06,2021-01,1,4,tablet,<Other>,organic,(organic),new_session,2,2,0,0,0,0,2,0,0,0,0,0,0,0,0,0.0,0.0,,,,0.0,,100.0,,,,,0.0,
2021-01-06,2021-01,1,4,tablet,google,cpc,<Other>,new_session,2,2,0,0,0,0,2,0,0,0,0,0,0,0,0,0.0,0.0,,,,0.0,,100.0,,,,,0.0,
2021-01-06,2021-01,1,4,tablet,shop.googlemerchandisestore.com,referral,(referral),new_session,4,4,0,0,0,0,4,0,0,0,0,0,0,0,0,0.0,0.0,,,,0.0,,100.0,,,,,0.0,
2021-01-06,2021-01,1,4,desktop,<Other>,(data deleted),(data deleted),returning_session,2,2,0,0,0,0,2,0,0,0,0,0,0,0,0,0.0,0.0,,,,0.0,,100.0,,,,,0.0,
2021-01-06,2021-01,1,4,tablet,google,organic,(organic),returning_session,2,2,0,0,0,0,2,0,0,0,0,0,0,0,0,0.0,0.0,,,,0.0,,100.0,,,,,0.0,
2021-01-06,2021-01,1,4,mobile,shop.googlemerchandisestore.com,referral,(referral),new_session,82,82,8,0,0,0,74,8,0,0,25,0,0,0,0,0.0,9.76,0.0,,,0.0,0.0,90.24,100.0,,,,0.0,
2021-01-06,2021-01,1,4,desktop,google,cpc,<Other>,new_session,149,149,19,5,0,0,130,14,5,0,43,19,0,0,0,0.0,12.75,26.32,0.0,,0.0,0.0,87.25,73.68,100.0,,,0.0,
2021-01-06,2021-01,1,4,tablet,<Other>,<Other>,<Other>,new_session,25,25,2,1,0,0,23,1,1,0,2,1,0,0,0,0.0,8.0,50.0,0.0,,0.0,0.0,92.0,50.0,100.0,,,0.0,
2021-01-06,2021-01,1,4,desktop,<Other>,organic,(organic),new_session,114,114,11,2,0,0,103,9,2,0,26,2,0,0,0,0.0,9.65,18.18,0.0,,0.0,0.0,90.35,81.82,100.0,,,0.0,
2021-01-06,2021-01,1,4,mobile,<Other>,organic,(organic),returning_session,6,6,1,0,0,0,5,1,0,0,1,0,0,0,0,0.0,16.67,0.0,,,0.0,0.0,83.33,100.0,,,,0.0,
2021-01-06,2021-01,1,4,mobile,google,cpc,<Other>,new_session,92,92,13,2,0,0,79,11,2,0,19,4,0,0,0,0.0,14.13,15.38,0.0,,0.0,0.0,85.87,84.62,100.0,,,0.0,
2021-01-06,2021-01,1,4,desktop,(data deleted),(data deleted),(data deleted),new_session,5,5,2,1,0,0,3,1,1,0,14,4,0,0,0,0.0,40.0,50.0,0.0,,0.0,0.0,60.0,50.0,100.0,,,0.0,
2021-01-06,2021-01,1,4,tablet,google,organic,(organic),new_session,33,33,3,1,0,0,30,2,1,0,21,2,0,0,0,0.0,9.09,33.33,0.0,,0.0,0.0,90.91,66.67,100.0,,,0.0,
2021-01-06,2021-01,1,4,mobile,<Other>,<Other>,<Other>,returning_session,23,23,7,2,0,0,16,5,2,0,24,10,0,0,0,0.0,30.43,28.57,0.0,,0.0,0.0,69.57,71.43,100.0,,,0.0,
2021-01-06,2021-01,1,4,tablet,(direct),(none),(direct),new_session,37,37,5,0,0,0,32,5,0,0,10,0,0,0,0,0.0,13.51,0.0,,,0.0,0.0,86.49,100.0,,,,0.0,
2021-01-06,2021-01,1,4,desktop,<Other>,referral,(referral),returning_session,83,83,18,4,1,0,65,14,3,1,45,7,3,0,0,0.0,21.69,22.22,25.0,0.0,0.0,0.0,78.31,77.78,75.0,100.0,,0.0,
2021-01-06,2021-01,1,4,desktop,shop.googlemerchandisestore.com,referral,(referral),new_session,152,152,18,5,1,0,134,13,5,1,48,11,3,0,0,0.0,11.84,27.78,20.0,0.0,0.0,0.0,88.16,72.22,100.0,100.0,,0.0,
2021-01-06,2021-01,1,4,mobile,google,organic,(organic),returning_session,100,100,18,4,2,0,82,14,2,2,86,9,6,0,0,0.0,18.0,22.22,50.0,0.0,0.0,0.0,82.0,77.78,50.0,100.0,,0.0,
2021-01-06,2021-01,1,4,tablet,google,cpc,<Other>,returning_session,1,1,1,1,1,0,0,0,0,1,3,5,3,0,0,0.0,100.0,100.0,100.0,0.0,0.0,0.0,0.0,0.0,0.0,100.0,,0.0,
2021-01-06,2021-01,1,4,mobile,(data deleted),(data deleted),(data deleted),returning_session,91,91,19,6,1,0,72,13,5,1,98,33,6,0,0,0.0,20.88,31.58,16.67,0.0,0.0,0.0,79.12,68.42,83.33,100.0,,0.0,
2021-01-06,2021-01,1,4,tablet,<Other>,referral,(referral),returning_session,4,4,1,0,1,0,3,1,0,1,5,0,3,0,0,0.0,25.0,0.0,,0.0,0.0,0.0,75.0,100.0,,100.0,,0.0,
2021-01-06,2021-01,1,4,mobile,shop.googlemerchandisestore.com,referral,(referral),returning_session,88,88,12,2,1,0,76,10,2,1,38,2,3,0,0,0.0,13.64,16.67,50.0,0.0,0.0,0.0,86.36,83.33,100.0,100.0,,0.0,
2021-01-06,2021-01,1,4,mobile,<Other>,organic,(organic),new_session,59,59,6,2,1,0,53,4,2,1,10,2,3,0,0,0.0,10.17,33.33,50.0,0.0,0.0,0.0,89.83,66.67,100.0,100.0,,0.0,
2021-01-06,2021-01,1,4,desktop,google,organic,(organic),new_session,974,974,120,24,9,1,854,96,18,8,541,53,48,1,1,59.0,12.32,20.0,37.5,11.11,0.1,0.83,87.68,80.0,75.0,88.89,59.0,0.06,59.0
2021-01-06,2021-01,1,4,desktop,(data deleted),(data deleted),(data deleted),returning_session,170,170,29,8,6,1,141,21,4,5,146,50,24,1,1,27.0,17.06,27.59,75.0,16.67,0.59,3.45,82.94,72.41,50.0,83.33,27.0,0.16,27.0
2021-01-06,2021-01,1,4,desktop,<Other>,<Other>,<Other>,new_session,486,486,59,14,4,1,427,45,10,3,154,35,15,1,1,153.0,12.14,23.73,28.57,25.0,0.21,1.69,87.86,76.27,71.43,75.0,153.0,0.31,153.0
2021-01-06,2021-01,1,4,desktop,google,organic,(organic),returning_session,153,153,30,12,4,1,123,18,10,3,197,50,48,2,2,295.0,19.61,40.0,33.33,25.0,0.65,3.33,80.39,60.0,83.33,75.0,295.0,1.93,147.5
2021-01-06,2021-01,1,4,desktop,(direct),(none),(direct),new_session,664,664,91,18,9,4,573,73,11,5,446,105,39,6,6,321.0,13.7,19.78,50.0,44.44,0.6,4.4,86.3,80.22,61.11,55.56,80.25,0.48,53.5
2021-01-06,2021-01,1,4,mobile,<Other>,<Other>,<Other>,new_session,335,335,44,9,2,1,291,35,8,1,127,23,6,1,1,35.0,13.13,20.45,22.22,50.0,0.3,2.27,86.87,79.55,88.89,50.0,35.0,0.1,35.0
2021-01-06,2021-01,1,4,desktop,shop.googlemerchandisestore.com,referral,(referral),returning_session,104,104,19,6,2,1,85,13,5,1,105,10,9,1,1,240.0,18.27,31.58,33.33,50.0,0.96,5.26,81.73,68.42,83.33,50.0,240.0,2.31,240.0
2021-01-06,2021-01,1,4,mobile,google,organic,(organic),new_session,675,675,77,13,3,2,598,64,11,1,234,51,12,2,2,170.0,11.41,16.88,23.08,66.67,0.3,2.6,88.59,83.12,84.62,33.33,85.0,0.25,85.0
2021-01-06,2021-01,1,4,mobile,(direct),(none),(direct),returning_session,110,110,21,6,3,2,89,15,4,1,88,18,21,2,2,139.0,19.09,28.57,50.0,66.67,1.82,9.52,80.91,71.43,66.67,33.33,69.5,1.26,69.5
2021-01-06,2021-01,1,4,mobile,<Other>,referral,(referral),new_session,153,153,20,3,3,2,133,17,1,1,67,10,15,2,2,76.0,13.07,15.0,100.0,66.67,1.31,10.0,86.93,85.0,33.33,33.33,38.0,0.5,38.0
2021-01-06,2021-01,1,4,mobile,(direct),(none),(direct),new_session,445,445,44,6,1,1,401,38,5,0,189,20,15,1,1,38.0,9.89,13.64,16.67,100.0,0.22,2.27,90.11,86.36,83.33,0.0,38.0,0.09,38.0
2021-01-06,2021-01,1,4,desktop,(direct),(none),(direct),returning_session,157,157,26,7,1,1,131,19,7,0,82,23,6,1,1,13.0,16.56,26.92,14.29,100.0,0.64,3.85,83.44,73.08,100.0,0.0,13.0,0.08,13.0
2021-01-06,2021-01,1,4,desktop,<Other>,referral,(referral),new_session,268,268,29,9,2,2,239,20,7,0,94,31,15,2,2,103.0,10.82,31.03,22.22,100.0,0.75,6.9,89.18,68.97,77.78,0.0,51.5,0.38,51.5
2021-01-06,2021-01,1,4,mobile,<Other>,referral,(referral),returning_session,57,57,13,4,2,2,44,9,3,0,57,31,9,2,2,57.0,22.81,30.77,50.0,100.0,3.51,15.38,77.19,69.23,75.0,0.0,28.5,1.0,28.5
2021-01-06,2021-01,1,4,desktop,<Other>,<Other>,<Other>,returning_session,35,35,6,0,1,1,29,6,0,0,9,0,6,1,1,24.0,17.14,0.0,,100.0,2.86,16.67,82.86,100.0,,0.0,24.0,0.69,24.0
2021-01-06,2021-01,1,4,desktop,<Other>,organic,(organic),returning_session,10,10,4,2,1,1,6,2,1,0,18,11,12,1,1,37.0,40.0,50.0,50.0,100.0,10.0,25.0,60.0,50.0,50.0,0.0,37.0,3.7,37.0
2021-01-06,2021-01,1,4,mobile,(data deleted),(data deleted),<Other>,returning_session,6,6,2,1,1,1,4,1,0,0,13,7,3,1,1,82.0,33.33,50.0,100.0,100.0,16.67,50.0,66.67,50.0,0.0,0.0,82.0,13.67,82.0
2021-01-06,2021-01,1,4,desktop,google,cpc,<Other>,returning_session,8,8,2,2,1,1,6,0,1,0,64,12,9,1,1,44.0,25.0,100.0,50.0,100.0,12.5,50.0,75.0,0.0,50.0,0.0,44.0,5.5,44.0
2021-01-06,2021-01,1,4,tablet,(data deleted),(data deleted),(data deleted),returning_session,6,6,2,1,1,1,4,1,0,0,12,10,6,1,1,63.0,33.33,50.0,100.0,100.0,16.67,50.0,66.67,50.0,0.0,0.0,63.0,10.5,63.0
2020-12-05,2020-12,48,7,desktop,(data deleted),(data deleted),<Other>,returning_session,3,3,0,0,0,0,3,0,0,0,0,0,0,0,0,0.0,0.0,,,,0.0,,100.0,,,,,0.0,
2020-12-05,2020-12,48,7,mobile,google,cpc,<Other>,returning_session,7,7,0,0,0,0,7,0,0,0,0,0,0,0,0,0.0,0.0,,,,0.0,,100.0,,,,,0.0,
2020-12-05,2020-12,48,7,tablet,<Other>,organic,(organic),returning_session,1,1,0,0,0,0,1,0,0,0,0,0,0,0,0,0.0,0.0,,,,0.0,,100.0,,,,,0.0,
2020-12-05,2020-12,48,7,mobile,<Other>,organic,(organic),returning_session,5,5,0,0,0,0,5,0,0,0,0,0,0,0,0,0.0,0.0,,,,0.0,,100.0,,,,,0.0,
2020-12-05,2020-12,48,7,tablet,<Other>,referral,(referral),returning_session,1,1,0,0,0,0,1,0,0,0,0,0,0,0,0,0.0,0.0,,,,0.0,,100.0,,,,,0.0,
2020-12-05,2020-12,48,7,mobile,<Other>,(data deleted),(data deleted),returning_session,2,2,0,0,0,0,2,0,0,0,0,0,0,0,0,0.0,0.0,,,,0.0,,100.0,,,,,0.0,
2020-12-05,2020-12,48,7,tablet,<Other>,referral,(referral),new_session,4,4,0,0,0,0,4,0,0,0,0,0,0,0,0,0.0,0.0,,,,0.0,,100.0,,,,,0.0,
2020-12-05,2020-12,48,7,tablet,shop.googlemerchandisestore.com,referral,(referral),returning_session,1,1,0,0,0,0,1,0,0,0,0,0,0,0,0,0.0,0.0,,,,0.0,,100.0,,,,,0.0,
2020-12-05,2020-12,48,7,tablet,<Other>,<Other>,<Other>,returning_session,1,1,0,0,0,0,1,0,0,0,0,0,0,0,0,0.0,0.0,,,,0.0,,100.0,,,,,0.0,
2020-12-05,2020-12,48,7,mobile,(data deleted),(data deleted),<Other>,returning_session,2,2,0,0,0,0,2,0,0,0,0,0,0,0,0,0.0,0.0,,,,0.0,,100.0,,,,,0.0,
2020-12-05,2020-12,48,7,desktop,<Other>,organic,(organic),new_session,43,43,9,1,0,0,34,8,1,0,29,1,0,0,0,0.0,20.93,11.11,0.0,,0.0,0.0,79.07,88.89,100.0,,,0.0,
2020-12-05,2020-12,48,7,desktop,<Other>,(data deleted),(data deleted),returning_session,4,4,1,0,0,0,3,1,0,0,2,0,0,0,0,0.0,25.0,0.0,,,0.0,0.0,75.0,100.0,,,,0.0,
2020-12-05,2020-12,48,7,desktop,<Other>,organic,(organic),returning_session,10,10,3,0,0,0,7,3,0,0,6,0,0,0,0,0.0,30.0,0.0,,,0.0,0.0,70.0,100.0,,,,0.0,
2020-12-05,2020-12,48,7,tablet,(direct),(none),(direct),returning_session,4,4,2,2,0,0,2,0,2,0,8,4,0,0,0,0.0,50.0,100.0,0.0,,0.0,0.0,50.0,0.0,100.0,,,0.0,
2020-12-05,2020-12,48,7,tablet,shop.googlemerchandisestore.com,referral,(referral),new_session,2,2,1,0,0,0,1,1,0,0,2,0,0,0,0,0.0,50.0,0.0,,,0.0,0.0,50.0,100.0,,,,0.0,
2020-12-05,2020-12,48,7,tablet,<Other>,organic,(organic),new_session,2,2,1,1,0,0,1,0,1,0,4,1,0,0,0,0.0,50.0,100.0,0.0,,0.0,0.0,50.0,0.0,100.0,,,0.0,
2020-12-05,2020-12,48,7,tablet,google,cpc,<Other>,new_session,6,6,2,1,0,0,4,1,1,0,3,3,0,0,0,0.0,33.33,50.0,0.0,,0.0,0.0,66.67,50.0,100.0,,,0.0,
2020-12-05,2020-12,48,7,tablet,<Other>,<Other>,<Other>,new_session,7,7,2,1,0,0,5,1,1,0,2,1,0,0,0,0.0,28.57,50.0,0.0,,0.0,0.0,71.43,50.0,100.0,,,0.0,
2020-12-05,2020-12,48,7,mobile,<Other>,organic,(organic),new_session,25,25,5,0,0,0,20,5,0,0,8,0,0,0,0,0.0,20.0,0.0,,,0.0,0.0,80.0,100.0,,,,0.0,
2020-12-05,2020-12,48,7,desktop,<Other>,<Other>,<Other>,returning_session,41,41,8,4,1,0,33,4,4,1,34,13,2,0,0,0.0,19.51,50.0,25.0,0.0,0.0,0.0,80.49,50.0,100.0,100.0,,0.0,
2020-12-05,2020-12,48,7,desktop,google,cpc,<Other>,returning_session,14,14,6,4,1,0,8,2,3,1,26,9,6,0,0,0.0,42.86,66.67,25.0,0.0,0.0,0.0,57.14,33.33,75.0,100.0,,0.0,
2020-12-05,2020-12,48,7,tablet,(direct),(none),(direct),new_session,12,12,3,2,1,0,9,1,1,1,4,2,2,0,0,0.0,25.0,66.67,50.0,0.0,0.0,0.0,75.0,33.33,50.0,100.0,,0.0,
2020-12-05,2020-12,48,7,tablet,(data deleted),(data deleted),(data deleted),returning_session,2,2,1,1,1,0,1,0,0,1,2,1,2,0,0,0.0,50.0,100.0,100.0,0.0,0.0,0.0,50.0,0.0,0.0,100.0,,0.0,
2020-12-05,2020-12,48,7,mobile,google,cpc,<Other>,new_session,55,55,8,2,1,0,47,6,2,1,18,10,2,0,0,0.0,14.55,25.0,50.0,0.0,0.0,0.0,85.45,75.0,100.0,100.0,,0.0,
2020-12-05,2020-12,48,7,tablet,google,organic,(organic),new_session,13,13,4,0,1,1,9,4,0,0,16,0,2,1,1,50.0,30.77,0.0,,100.0,7.69,25.0,69.23,100.0,,0.0,50.0,3.85,50.0
2020-12-05,2020-12,48,7,desktop,(data deleted),(data deleted),(data deleted),new_session,5,5,1,1,1,1,4,0,0,0,21,1,10,1,1,72.0,20.0,100.0,100.0,100.0,20.0,100.0,80.0,0.0,0.0,0.0,72.0,14.4,72.0
2020-12-05,2020-12,48,7,mobile,google,organic,(organic),returning_session,102,101,17,4,2,1,84,13,3,1,55,9,6,1,1,61.0,16.83,23.53,50.0,50.0,0.98,5.88,83.17,76.47,75.0,50.0,61.0,0.6,61.0
2020-12-05,2020-12,48,7,mobile,shop.googlemerchandisestore.com,referral,(referral),new_session,54,54,17,10,2,1,37,7,8,1,63,26,10,1,1,39.0,31.48,58.82,20.0,50.0,1.85,5.88,68.52,41.18,80.0,50.0,39.0,0.72,39.0
2020-12-05,2020-12,48,7,mobile,<Other>,referral,(referral),returning_session,39,39,10,3,2,2,29,7,2,0,72,8,12,2,2,205.0,25.64,30.0,66.67,100.0,5.13,20.0,74.36,70.0,66.67,0.0,102.5,5.26,102.5
2020-12-05,2020-12,48,7,mobile,<Other>,<Other>,<Other>,returning_session,19,19,4,1,2,1,15,3,0,1,37,3,6,1,1,119.0,21.05,25.0,200.0,50.0,5.26,25.0,78.95,75.0,0.0,50.0,119.0,6.26,119.0
2020-12-05,2020-12,48,7,tablet,google,organic,(organic),returning_session,6,6,2,2,2,1,4,0,0,1,8,11,8,1,1,71.0,33.33,100.0,100.0,50.0,16.67,50.0,66.67,0.0,0.0,50.0,71.0,11.83,71.0
2020-12-05,2020-12,48,7,desktop,<Other>,referral,(referral),new_session,119,119,26,8,3,1,93,18,5,2,77,28,10,1,1,194.0,21.85,30.77,37.5,33.33,0.84,3.85,78.15,69.23,62.5,66.67,194.0,1.63,194.0
2020-12-05,2020-12,48,7,desktop,google,cpc,<Other>,new_session,94,94,21,6,3,1,73,15,3,2,111,11,12,1,1,307.0,22.34,28.57,50.0,33.33,1.06,4.76,77.66,71.43,50.0,66.67,307.0,3.27,307.0
2020-12-05,2020-12,48,7,desktop,shop.googlemerchandisestore.com,referral,(referral),new_session,79,79,14,5,4,1,65,9,1,3,75,7,14,1,1,273.0,17.72,35.71,80.0,25.0,1.27,7.14,82.28,64.29,20.0,75.0,273.0,3.46,273.0
2020-12-05,2020-12,48,7,mobile,(data deleted),(data deleted),(data deleted),returning_session,77,77,23,6,4,4,54,17,4,0,97,31,24,5,5,309.0,29.87,26.09,66.67,100.0,5.19,17.39,70.13,73.91,66.67,0.0,77.25,4.01,61.8
2020-12-05,2020-12,48,7,desktop,<Other>,referral,(referral),returning_session,52,52,20,9,5,2,32,11,6,3,141,32,18,2,2,79.0,38.46,45.0,55.56,40.0,3.85,10.0,61.54,55.0,66.67,60.0,39.5,1.52,39.5
2020-12-05,2020-12,48,7,mobile,shop.googlemerchandisestore.com,referral,(referral),returning_session,63,63,17,6,5,3,46,11,4,2,43,13,16,3,3,112.0,26.98,35.29,83.33,60.0,4.76,17.65,73.02,64.71,66.67,40.0,37.33,1.78,37.33
2020-12-05,2020-12,48,7,mobile,(direct),(none),(direct),returning_session,93,93,20,6,5,5,73,14,2,0,169,28,20,5,5,395.0,21.51,30.0,83.33,100.0,5.38,25.0,78.49,70.0,33.33,0.0,79.0,4.25,79.0
2020-12-05,2020-12,48,7,mobile,<Other>,referral,(referral),new_session,84,84,23,9,6,2,61,14,3,4,198,44,16,2,2,192.0,27.38,39.13,66.67,33.33,2.38,8.7,72.62,60.87,33.33,66.67,96.0,2.29,96.0
2020-12-05,2020-12,48,7,desktop,shop.googlemerchandisestore.com,referral,(referral),returning_session,86,86,24,10,6,4,62,14,5,2,179,38,22,4,4,192.0,27.91,41.67,60.0,66.67,4.65,16.67,72.09,58.33,50.0,33.33,48.0,2.23,48.0
2020-12-05,2020-12,48,7,mobile,<Other>,<Other>,<Other>,new_session,187,187,47,11,8,3,140,36,5,5,210,36,24,4,4,137.0,25.13,23.4,72.73,37.5,1.6,6.38,74.87,76.6,45.45,62.5,45.67,0.73,34.25
2020-12-05,2020-12,48,7,desktop,(data deleted),(data deleted),(data deleted),returning_session,101,101,27,16,10,6,74,11,7,4,243,75,44,8,7,652.0,26.73,59.26,62.5,60.0,5.94,22.22,73.27,40.74,43.75,40.0,108.67,6.46,93.14
2020-12-05,2020-12,48,7,desktop,(direct),(none),(direct),returning_session,123,123,32,15,10,8,91,17,7,2,227,91,54,12,12,507.0,26.02,46.88,66.67,80.0,6.5,25.0,73.98,53.13,46.67,20.0,63.38,4.12,42.25
2020-12-05,2020-12,48,7,desktop,google,organic,(organic),returning_session,120,120,26,13,10,8,94,13,5,2,179,59,31,8,8,736.0,21.67,50.0,76.92,80.0,6.67,30.77,78.33,50.0,38.46,20.0,92.0,6.13,92.0
2020-12-05,2020-12,48,7,mobile,google,organic,(organic),new_session,375,375,86,24,12,7,289,62,12,5,505,132,38,9,9,827.0,22.93,27.91,50.0,58.33,1.87,8.14,77.07,72.09,50.0,41.67,118.14,2.21,91.89
2020-12-05,2020-12,48,7,desktop,(direct),(none),(direct),new_session,373,372,82,28,13,2,290,54,16,11,554,75,34,2,2,214.0,22.04,34.15,46.43,15.38,0.54,2.44,77.96,65.85,57.14,84.62,107.0,0.57,107.0
2020-12-05,2020-12,48,7,mobile,(direct),(none),(direct),new_session,242,242,53,16,14,3,189,37,4,11,373,50,34,3,3,107.0,21.9,30.19,87.5,21.43,1.24,5.66,78.1,69.81,25.0,78.57,35.67,0.44,35.67
2020-12-05,2020-12,48,7,desktop,<Other>,<Other>,<Other>,new_session,266,266,66,27,18,3,200,39,10,15,356,46,40,3,3,245.0,24.81,40.91,66.67,16.67,1.13,4.55,75.19,59.09,37.04,83.33,81.67,0.92,81.67
2020-12-05,2020-12,48,7,desktop,google,organic,(organic),new_session,472,471,108,40,19,5,363,68,26,14,733,150,72,5,5,226.0,22.93,37.04,47.5,26.32,1.06,4.63,77.07,62.96,65.0,73.68,45.2,0.48,45.2
2020-11-03,2020-11,44,3,mobile,<Other>,(data deleted),(data deleted),returning_session,6,6,0,0,0,0,6,0,0,0,0,0,0,0,0,0.0,0.0,,,,0.0,,100.0,,,,,0.0,
2020-11-03,2020-11,44,3,tablet,(direct),(none),(direct),returning_session,3,3,0,0,0,0,3,0,0,0,0,0,0,0,0,0.0,0.0,,,,0.0,,100.0,,,,,0.0,
2020-11-03,2020-11,44,3,desktop,<Other>,(data deleted),(data deleted),returning_session,4,4,0,0,0,0,4,0,0,0,0,0,0,0,0,0.0,0.0,,,,0.0,,100.0,,,,,0.0,
2020-11-03,2020-11,44,3,tablet,<Other>,organic,(organic),new_session,6,6,0,0,0,0,6,0,0,0,0,0,0,0,0,0.0,0.0,,,,0.0,,100.0,,,,,0.0,
2020-11-03,2020-11,44,3,desktop,(data deleted),(data deleted),(data deleted),new_session,4,4,0,0,0,0,4,0,0,0,0,0,0,0,0,0.0,0.0,,,,0.0,,100.0,,,,,0.0,
2020-11-03,2020-11,44,3,tablet,google,cpc,<Other>,new_session,3,3,0,0,0,0,3,0,0,0,0,0,0,0,0,0.0,0.0,,,,0.0,,100.0,,,,,0.0,
2020-11-03,2020-11,44,3,tablet,(data deleted),(data deleted),(data deleted),returning_session,3,3,0,0,0,0,3,0,0,0,0,0,0,0,0,0.0,0.0,,,,0.0,,100.0,,,,,0.0,
2020-11-03,2020-11,44,3,tablet,google,organic,(organic),returning_session,5,5,0,0,0,0,5,0,0,0,0,0,0,0,0,0.0,0.0,,,,0.0,,100.0,,,,,0.0,
2020-11-03,2020-11,44,3,tablet,google,cpc,<Other>,returning_session,1,1,0,0,0,0,1,0,0,0,0,0,0,0,0,0.0,0.0,,,,0.0,,100.0,,,,,0.0,
2020-11-03,2020-11,44,3,mobile,shop.googlemerchandisestore.com,referral,(referral),new_session,71,71,11,0,0,0,60,11,0,0,40,0,0,0,0,0.0,15.49,0.0,,,0.0,0.0,84.51,100.0,,,,0.0,
2020-11-03,2020-11,44,3,mobile,google,cpc,<Other>,new_session,94,94,14,0,0,0,80,14,0,0,50,0,0,0,0,0.0,14.89,0.0,,,0.0,0.0,85.11,100.0,,,,0.0,
2020-11-03,2020-11,44,3,tablet,<Other>,<Other>,<Other>,returning_session,2,2,1,0,0,0,1,1,0,0,1,0,0,0,0,0.0,50.0,0.0,,,0.0,0.0,50.0,100.0,,,,0.0,
2020-11-03,2020-11,44,3,tablet,<Other>,referral,(referral),new_session,9,9,1,0,0,0,8,1,0,0,1,0,0,0,0,0.0,11.11,0.0,,,0.0,0.0,88.89,100.0,,,,0.0,
2020-11-03,2020-11,44,3,tablet,<Other>,<Other>,<Other>,new_session,18,18,2,0,0,0,16,2,0,0,2,0,0,0,0,0.0,11.11,0.0,,,0.0,0.0,88.89,100.0,,,,0.0,
2020-11-03,2020-11,44,3,mobile,<Other>,organic,(organic),returning_session,11,11,1,0,0,0,10,1,0,0,1,0,0,0,0,0.0,9.09,0.0,,,0.0,0.0,90.91,100.0,,,,0.0,
2020-11-03,2020-11,44,3,mobile,google,cpc,<Other>,returning_session,7,7,2,0,0,0,5,2,0,0,3,0,0,0,0,0.0,28.57,0.0,,,0.0,0.0,71.43,100.0,,,,0.0,
2020-11-03,2020-11,44,3,desktop,(data deleted),(data deleted),<Other>,returning_session,5,5,1,0,0,0,4,1,0,0,1,0,0,0,0,0.0,20.0,0.0,,,0.0,0.0,80.0,100.0,,,,0.0,
2020-11-03,2020-11,44,3,tablet,shop.googlemerchandisestore.com,referral,(referral),returning_session,7,7,4,0,0,0,3,4,0,0,7,0,0,0,0,0.0,57.14,0.0,,,0.0,0.0,42.86,100.0,,,,0.0,
2020-11-03,2020-11,44,3,desktop,<Other>,<Other>,<Other>,returning_session,47,46,12,0,0,0,34,12,0,0,43,0,0,0,0,0.0,26.09,0.0,,,0.0,0.0,73.91,100.0,,,,0.0,
2020-11-03,2020-11,44,3,mobile,(data deleted),(data deleted),<Other>,returning_session,3,3,1,0,0,0,2,1,0,0,8,0,0,0,0,0.0,33.33,0.0,,,0.0,0.0,66.67,100.0,,,,0.0,
2020-11-03,2020-11,44,3,desktop,<Other>,organic,(organic),returning_session,11,11,1,0,0,0,10,1,0,0,2,0,0,0,0,0.0,9.09,0.0,,,0.0,0.0,90.91,100.0,,,,0.0,
2020-11-03,2020-11,44,3,tablet,(direct),(none),(direct),new_session,22,22,4,0,1,0,18,4,0,1,20,0,1,0,0,0.0,18.18,0.0,,0.0,0.0,0.0,81.82,100.0,,100.0,,0.0,
2020-11-03,2020-11,44,3,mobile,google,organic,(organic),new_session,522,522,101,0,14,0,421,101,0,14,740,0,15,0,0,0.0,19.35,0.0,,0.0,0.0,0.0,80.65,100.0,,100.0,,0.0,
2020-11-03,2020-11,44,3,mobile,<Other>,<Other>,<Other>,returning_session,45,45,7,0,1,0,38,7,0,1,11,0,2,0,0,0.0,15.56,0.0,,0.0,0.0,0.0,84.44,100.0,,100.0,,0.0,
2020-11-03,2020-11,44,3,desktop,<Other>,organic,(organic),new_session,59,59,10,0,1,0,49,10,0,1,98,0,1,0,0,0.0,16.95,0.0,,0.0,0.0,0.0,83.05,100.0,,100.0,,0.0,
2020-11-03,2020-11,44,3,desktop,shop.googlemerchandisestore.com,referral,(referral),new_session,96,95,13,0,1,0,82,13,0,1,51,0,1,0,0,0.0,13.68,0.0,,0.0,0.0,0.0,86.32,100.0,,100.0,,0.0,
2020-11-03,2020-11,44,3,tablet,google,organic,(organic),new_session,27,27,6,0,1,0,21,6,0,1,42,0,1,0,0,0.0,22.22,0.0,,0.0,0.0,0.0,77.78,100.0,,100.0,,0.0,
2020-11-03,2020-11,44,3,mobile,(data deleted),(data deleted),(data deleted),new_session,6,6,3,0,1,0,3,3,0,1,12,0,1,0,0,0.0,50.0,0.0,,0.0,0.0,0.0,50.0,100.0,,100.0,,0.0,
2020-11-03,2020-11,44,3,mobile,<Other>,referral,(referral),new_session,144,144,20,0,1,0,124,20,0,1,89,0,1,0,0,0.0,13.89,0.0,,0.0,0.0,0.0,86.11,100.0,,100.0,,0.0,
2020-11-03,2020-11,44,3,tablet,shop.googlemerchandisestore.com,referral,(referral),new_session,4,4,3,0,1,0,1,3,0,1,7,0,1,0,0,0.0,75.0,0.0,,0.0,0.0,0.0,25.0,100.0,,100.0,,0.0,
2020-11-03,2020-11,44,3,desktop,google,organic,(organic),new_session,788,788,146,0,18,3,642,146,0,15,679,0,30,3,3,222.0,18.53,0.0,,16.67,0.38,2.05,81.47,100.0,,83.33,74.0,0.28,74.0
2020-11-03,2020-11,44,3,desktop,(direct),(none),(direct),new_session,506,506,77,0,12,2,429,77,0,10,554,0,15,4,2,60.0,15.22,0.0,,16.67,0.4,2.6,84.78,100.0,,83.33,30.0,0.12,30.0
2020-11-03,2020-11,44,3,desktop,google,cpc,<Other>,new_session,111,111,19,0,6,1,92,19,0,5,183,0,11,1,1,87.0,17.12,0.0,,16.67,0.9,5.26,82.88,100.0,,83.33,87.0,0.78,87.0
2020-11-03,2020-11,44,3,mobile,<Other>,<Other>,<Other>,new_session,233,233,39,0,5,1,194,39,0,4,187,0,5,1,1,11.0,16.74,0.0,,20.0,0.43,2.56,83.26,100.0,,80.0,11.0,0.05,11.0
2020-11-03,2020-11,44,3,mobile,(direct),(none),(direct),new_session,346,345,52,0,8,2,293,52,0,6,312,0,8,2,2,120.0,15.07,0.0,,25.0,0.58,3.85,84.93,100.0,,75.0,60.0,0.35,60.0
2020-11-03,2020-11,44,3,mobile,google,organic,(organic),returning_session,146,146,37,0,8,2,109,37,0,6,171,0,14,2,2,131.0,25.34,0.0,,25.0,1.37,5.41,74.66,100.0,,75.0,65.5,0.9,65.5
2020-11-03,2020-11,44,3,desktop,google,cpc,<Other>,returning_session,22,22,10,0,3,1,12,10,0,2,82,0,5,1,1,50.0,45.45,0.0,,33.33,4.55,10.0,54.55,100.0,,66.67,50.0,2.27,50.0
2020-11-03,2020-11,44,3,desktop,shop.googlemerchandisestore.com,referral,(referral),returning_session,138,138,36,0,8,3,102,36,0,5,230,0,12,3,3,110.0,26.09,0.0,,37.5,2.17,8.33,73.91,100.0,,62.5,36.67,0.8,36.67
2020-11-03,2020-11,44,3,desktop,<Other>,referral,(referral),new_session,188,188,35,0,5,2,153,35,0,3,110,0,7,2,2,67.0,18.62,0.0,,40.0,1.06,5.71,81.38,100.0,,60.0,33.5,0.36,33.5
2020-11-03,2020-11,44,3,desktop,<Other>,<Other>,<Other>,new_session,399,399,75,0,9,4,324,75,0,5,495,0,16,4,4,283.0,18.8,0.0,,44.44,1.0,5.33,81.2,100.0,,55.56,70.75,0.71,70.75
2020-11-03,2020-11,44,3,desktop,<Other>,referral,(referral),returning_session,107,107,28,0,2,1,79,28,0,1,181,0,4,1,1,56.0,26.17,0.0,,50.0,0.93,3.57,73.83,100.0,,50.0,56.0,0.52,56.0
2020-11-03,2020-11,44,3,desktop,google,organic,(organic),returning_session,211,210,48,0,4,2,162,48,0,2,334,0,13,2,2,54.0,22.86,0.0,,50.0,0.95,4.17,77.14,100.0,,50.0,27.0,0.26,27.0
2020-11-03,2020-11,44,3,mobile,shop.googlemerchandisestore.com,referral,(referral),returning_session,96,96,17,0,2,1,79,17,0,1,59,0,3,2,1,353.0,17.71,0.0,,50.0,1.04,5.88,82.29,100.0,,50.0,353.0,3.68,353.0
2020-11-03,2020-11,44,3,desktop,(direct),(none),(direct),returning_session,223,223,38,0,7,4,185,38,0,3,266,0,9,4,4,461.0,17.04,0.0,,57.14,1.79,10.53,82.96,100.0,,42.86,115.25,2.07,115.25
2020-11-03,2020-11,44,3,mobile,(direct),(none),(direct),returning_session,151,151,35,0,7,4,116,35,0,3,150,0,26,4,4,227.0,23.18,0.0,,57.14,2.65,11.43,76.82,100.0,,42.86,56.75,1.5,56.75
2020-11-03,2020-11,44,3,mobile,<Other>,referral,(referral),returning_session,68,68,15,0,3,2,53,15,0,1,83,0,7,2,2,102.0,22.06,0.0,,66.67,2.94,13.33,77.94,100.0,,33.33,51.0,1.5,51.0
2020-11-03,2020-11,44,3,desktop,(data deleted),(data deleted),(data deleted),returning_session,176,175,40,0,7,6,135,40,0,1,242,0,13,6,6,629.0,22.86,0.0,,85.71,3.41,15.0,77.14,100.0,,14.29,104.83,3.57,104.83
2020-11-03,2020-11,44,3,mobile,(data deleted),(data deleted),(data deleted),returning_session,144,144,40,0,7,6,104,40,0,1,304,0,14,6,6,291.0,27.78,0.0,,85.71,4.17,15.0,72.22,100.0,,14.29,48.5,2.02,48.5
2020-11-03,2020-11,44,3,mobile,<Other>,organic,(organic),new_session,49,49,5,0,1,1,44,5,0,0,14,0,2,1,1,183.0,10.2,0.0,,100.0,2.04,20.0,89.8,100.0,,0.0,183.0,3.73,183.0
2021-01-17,2021-01,3,1,tablet,<Other>,organic,(organic),new_session,1,1,0,0,0,0,1,0,0,0,0,0,0,0,0,0.0,0.0,,,,0.0,,100.0,,,,,0.0,
2021-01-17,2021-01,3,1,desktop,(data deleted),(data deleted),<Other>,returning_session,4,4,0,0,0,0,4,0,0,0,0,0,0,0,0,0.0,0.0,,,,0.0,,100.0,,,,,0.0,
2021-01-17,2021-01,3,1,tablet,shop.googlemerchandisestore.com,referral,(referral),new_session,1,1,0,0,0,0,1,0,0,0,0,0,0,0,0,0.0,0.0,,,,0.0,,100.0,,,,,0.0,
2021-01-17,2021-01,3,1,mobile,(data deleted),(data deleted),(data deleted),new_session,1,1,0,0,0,0,1,0,0,0,0,0,0,0,0,0.0,0.0,,,,0.0,,100.0,,,,,0.0,
2021-01-17,2021-01,3,1,tablet,(direct),(none),(direct),returning_session,3,3,0,0,0,0,3,0,0,0,0,0,0,0,0,0.0,0.0,,,,0.0,,100.0,,,,,0.0,
2021-01-17,2021-01,3,1,desktop,google,cpc,<Other>,returning_session,4,4,0,0,0,0,4,0,0,0,0,0,0,0,0,0.0,0.0,,,,0.0,,100.0,,,,,0.0,
2021-01-17,2021-01,3,1,mobile,shop.googlemerchandisestore.com,referral,(referral),new_session,50,50,5,0,0,0,45,5,0,0,8,0,0,0,0,0.0,10.0,0.0,,,0.0,0.0,90.0,100.0,,,,0.0,
2021-01-17,2021-01,3,1,mobile,<Other>,organic,(organic),returning_session,4,4,1,0,0,0,3,1,0,0,10,0,0,0,0,0.0,25.0,0.0,,,0.0,0.0,75.0,100.0,,,,0.0,
2021-01-17,2021-01,3,1,mobile,<Other>,referral,(referral),returning_session,19,19,2,0,0,0,17,2,0,0,8,0,0,0,0,0.0,10.53,0.0,,,0.0,0.0,89.47,100.0,,,,0.0,
2021-01-17,2021-01,3,1,desktop,<Other>,<Other>,<Other>,returning_session,17,17,3,0,0,0,14,3,0,0,8,0,0,0,0,0.0,17.65,0.0,,,0.0,0.0,82.35,100.0,,,,0.0,
2021-01-17,2021-01,3,1,mobile,(direct),(none),(direct),returning_session,47,46,2,0,0,0,44,2,0,0,6,0,0,0,0,0.0,4.35,0.0,,,0.0,0.0,95.65,100.0,,,,0.0,
2021-01-17,2021-01,3,1,tablet,<Other>,<Other>,<Other>,new_session,5,5,1,0,0,0,4,1,0,0,1,0,0,0,0,0.0,20.0,0.0,,,0.0,0.0,80.0,100.0,,,,0.0,
2021-01-17,2021-01,3,1,tablet,(direct),(none),(direct),new_session,11,11,3,0,0,0,8,3,0,0,4,0,0,0,0,0.0,27.27,0.0,,,0.0,0.0,72.73,100.0,,,,0.0,
2021-01-17,2021-01,3,1,mobile,<Other>,<Other>,<Other>,returning_session,21,21,2,0,0,0,19,2,0,0,6,0,0,0,0,0.0,9.52,0.0,,,0.0,0.0,90.48,100.0,,,,0.0,
2021-01-17,2021-01,3,1,mobile,google,cpc,<Other>,returning_session,4,4,1,0,0,0,3,1,0,0,1,0,0,0,0,0.0,25.0,0.0,,,0.0,0.0,75.0,100.0,,,,0.0,
2021-01-17,2021-01,3,1,tablet,<Other>,referral,(referral),new_session,6,6,1,0,0,0,5,1,0,0,3,0,0,0,0,0.0,16.67,0.0,,,0.0,0.0,83.33,100.0,,,,0.0,
2021-01-17,2021-01,3,1,tablet,google,cpc,<Other>,new_session,6,6,1,0,0,0,5,1,0,0,10,0,0,0,0,0.0,16.67,0.0,,,0.0,0.0,83.33,100.0,,,,0.0,
2021-01-17,2021-01,3,1,desktop,(data deleted),(data deleted),(data deleted),new_session,7,6,1,0,0,0,5,1,0,0,1,0,0,0,0,0.0,16.67,0.0,,,0.0,0.0,83.33,100.0,,,,0.0,
2021-01-17,2021-01,3,1,desktop,shop.googlemerchandisestore.com,referral,(referral),returning_session,43,43,6,3,0,0,37,3,3,0,26,12,0,0,0,0.0,13.95,50.0,0.0,,0.0,0.0,86.05,50.0,100.0,,,0.0,
2021-01-17,2021-01,3,1,tablet,shop.googlemerchandisestore.com,referral,(referral),returning_session,4,4,1,1,0,0,3,0,1,0,2,2,0,0,0,0.0,25.0,100.0,0.0,,0.0,0.0,75.0,0.0,100.0,,,0.0,
2021-01-17,2021-01,3,1,mobile,<Other>,referral,(referral),new_session,82,82,17,4,0,0,65,13,4,0,114,24,0,0,0,0.0,20.73,23.53,0.0,,0.0,0.0,79.27,76.47,100.0,,,0.0,
2021-01-17,2021-01,3,1,tablet,google,organic,(organic),new_session,25,25,9,3,0,0,16,6,3,0,58,17,0,0,0,0.0,36.0,33.33,0.0,,0.0,0.0,64.0,66.67,100.0,,,0.0,
2021-01-17,2021-01,3,1,mobile,google,cpc,<Other>,new_session,49,49,6,2,0,0,43,4,2,0,19,7,0,0,0,0.0,12.24,33.33,0.0,,0.0,0.0,87.76,66.67,100.0,,,0.0,
2021-01-17,2021-01,3,1,desktop,google,cpc,<Other>,new_session,66,66,5,1,0,0,61,4,1,0,7,1,0,0,0,0.0,7.58,20.0,0.0,,0.0,0.0,92.42,80.0,100.0,,,0.0,
2021-01-17,2021-01,3,1,desktop,<Other>,organic,(organic),returning_session,3,3,2,1,0,0,1,1,1,0,4,2,0,0,0,0.0,66.67,50.0,0.0,,0.0,0.0,33.33,50.0,100.0,,,0.0,
2021-01-17,2021-01,3,1,desktop,<Other>,referral,(referral),returning_session,37,37,7,1,0,0,30,6,1,0,27,10,0,0,0,0.0,18.92,14.29,0.0,,0.0,0.0,81.08,85.71,100.0,,,0.0,
2021-01-17,2021-01,3,1,mobile,(direct),(none),(direct),new_session,214,214,34,6,0,0,180,28,6,0,90,30,0,0,0,0.0,15.89,17.65,0.0,,0.0,0.0,84.11,82.35,100.0,,,0.0,
2021-01-17,2021-01,3,1,mobile,<Other>,organic,(organic),new_session,30,30,5,2,0,0,25,3,2,0,31,11,0,0,0,0.0,16.67,40.0,0.0,,0.0,0.0,83.33,60.0,100.0,,,0.0,
2021-01-17,2021-01,3,1,mobile,google,organic,(organic),new_session,327,327,56,11,1,0,271,45,10,1,130,22,3,0,0,0.0,17.13,19.64,9.09,0.0,0.0,0.0,82.87,80.36,90.91,100.0,,0.0,
2021-01-17,2021-01,3,1,desktop,<Other>,organic,(organic),new_session,42,42,5,2,1,0,37,3,1,1,15,2,6,0,0,0.0,11.9,40.0,50.0,0.0,0.0,0.0,88.1,60.0,50.0,100.0,,0.0,
2021-01-17,2021-01,3,1,desktop,(direct),(none),(direct),new_session,328,328,60,9,6,0,268,51,7,6,185,20,24,0,0,0.0,18.29,15.0,66.67,0.0,0.0,0.0,81.71,85.0,77.78,100.0,,0.0,
2021-01-17,2021-01,3,1,desktop,(direct),(none),(direct),returning_session,88,88,9,1,1,0,79,8,0,1,91,8,27,0,0,0.0,10.23,11.11,100.0,0.0,0.0,0.0,89.77,88.89,0.0,100.0,,0.0,
2021-01-17,2021-01,3,1,mobile,<Other>,<Other>,<Other>,new_session,160,160,21,8,3,1,139,13,5,2,64,15,21,1,1,32.0,13.13,38.1,37.5,33.33,0.63,4.76,86.88,61.9,62.5,66.67,32.0,0.2,32.0
2021-01-17,2021-01,3,1,desktop,<Other>,referral,(referral),new_session,147,147,19,7,4,1,128,12,3,3,76,25,20,1,1,48.0,12.93,36.84,57.14,25.0,0.68,5.26,87.07,63.16,42.86,75.0,48.0,0.33,48.0
2021-01-17,2021-01,3,1,desktop,google,organic,(organic),new_session,533,532,71,6,5,4,462,65,2,1,209,17,17,4,4,122.0,13.35,8.45,83.33,80.0,0.75,5.63,86.84,91.55,33.33,20.0,30.5,0.23,30.5
2021-01-17,2021-01,3,1,desktop,<Other>,<Other>,<Other>,new_session,238,238,35,5,3,2,203,30,2,1,93,27,12,2,2,35.0,14.71,14.29,60.0,66.67,0.84,5.71,85.29,85.71,40.0,33.33,17.5,0.15,17.5
2021-01-17,2021-01,3,1,desktop,google,organic,(organic),returning_session,77,77,17,3,3,1,60,14,2,2,49,9,9,1,1,66.0,22.08,17.65,100.0,33.33,1.3,5.88,77.92,82.35,66.67,66.67,66.0,0.86,66.0
2021-01-17,2021-01,3,1,desktop,(data deleted),(data deleted),(data deleted),returning_session,83,83,12,5,4,1,71,7,3,3,46,11,39,1,1,55.0,14.46,41.67,80.0,25.0,1.2,8.33,85.54,58.33,60.0,75.0,55.0,0.66,55.0
2021-01-17,2021-01,3,1,mobile,google,organic,(organic),returning_session,50,49,11,3,1,1,38,8,2,0,27,5,3,1,1,11.0,22.45,27.27,33.33,100.0,2.0,9.09,77.55,72.73,66.67,0.0,11.0,0.22,11.0
2021-01-17,2021-01,3,1,desktop,shop.googlemerchandisestore.com,referral,(referral),new_session,68,68,10,2,1,1,58,8,1,0,62,15,6,1,1,0.0,14.71,20.0,50.0,100.0,1.47,10.0,85.29,80.0,50.0,0.0,0.0,0.0,0.0
2021-01-17,2021-01,3,1,mobile,shop.googlemerchandisestore.com,referral,(referral),returning_session,30,30,9,2,1,1,21,7,2,0,45,6,3,1,1,69.0,30.0,22.22,50.0,100.0,3.33,11.11,70.0,77.78,100.0,0.0,69.0,2.3,69.0
2021-01-17,2021-01,3,1,mobile,(data deleted),(data deleted),(data deleted),returning_session,53,53,5,2,1,1,48,3,2,0,32,3,3,1,1,43.0,9.43,40.0,50.0,100.0,1.89,20.0,90.57,60.0,100.0,0.0,43.0,0.81,43.0
2020-11-24,2020-11,47,3,tablet,<Other>,referral,(referral),new_session,11,11,0,0,0,0,11,0,0,0,0,0,0,0,0,0.0,0.0,,,,0.0,,100.0,,,,,0.0,
2020-11-24,2020-11,47,3,tablet,shop.googlemerchandisestore.com,referral,(referral),new_session,4,4,0,0,0,0,4,0,0,0,0,0,0,0,0,0.0,0.0,,,,0.0,,100.0,,,,,0.0,
2020-11-24,2020-11,47,3,mobile,(data deleted),(data deleted),<Other>,new_session,1,1,0,0,0,0,1,0,0,0,0,0,0,0,0,0.0,0.0,,,,0.0,,100.0,,,,,0.0,
2020-11-24,2020-11,47,3,desktop,(data deleted),(data deleted),<Other>,returning_session,4,4,0,0,0,0,4,0,0,0,0,0,0,0,0,0.0,0.0,,,,0.0,,100.0,,,,,0.0,
2020-11-24,2020-11,47,3,tablet,(data deleted),(data deleted),(data deleted),new_session,1,1,0,0,0,0,1,0,0,0,0,0,0,0,0,0.0,0.0,,,,0.0,,100.0,,,,,0.0,
2020-11-24,2020-11,47,3,tablet,(data deleted),(data deleted),(data deleted),returning_session,5,5,1,0,0,0,4,1,0,0,4,0,0,0,0,0.0,20.0,0.0,,,0.0,0.0,80.0,100.0,,,,0.0,
2020-11-24,2020-11,47,3,tablet,shop.googlemerchandisestore.com,referral,(referral),returning_session,7,7,1,0,0,0,6,1,0,0,2,0,0,0,0,0.0,14.29,0.0,,,0.0,0.0,85.71,100.0,,,,0.0,
2020-11-24,2020-11,47,3,tablet,<Other>,<Other>,<Other>,new_session,5,5,1,0,0,0,4,1,0,0,13,0,0,0,0,0.0,20.0,0.0,,,0.0,0.0,80.0,100.0,,,,0.0,
2020-11-24,2020-11,47,3,mobile,(data deleted),(data deleted),<Other>,returning_session,3,3,2,0,0,0,1,2,0,0,24,0,0,0,0,0.0,66.67,0.0,,,0.0,0.0,33.33,100.0,,,,0.0,
2020-11-24,2020-11,47,3,tablet,google,cpc,<Other>,new_session,2,2,1,0,0,0,1,1,0,0,17,0,0,0,0,0.0,50.0,0.0,,,0.0,0.0,50.0,100.0,,,,0.0,
2020-11-24,2020-11,47,3,tablet,<Other>,referral,(referral),returning_session,2,2,1,0,0,0,1,1,0,0,1,0,0,0,0,0.0,50.0,0.0,,,0.0,0.0,50.0,100.0,,,,0.0,
2020-11-24,2020-11,47,3,desktop,<Other>,(data deleted),(data deleted),returning_session,2,2,1,0,0,0,1,1,0,0,7,0,0,0,0,0.0,50.0,0.0,,,0.0,0.0,50.0,100.0,,,,0.0,
2020-11-24,2020-11,47,3,tablet,google,cpc,<Other>,returning_session,1,1,1,0,0,0,0,1,0,0,2,0,0,0,0,0.0,100.0,0.0,,,0.0,0.0,0.0,100.0,,,,0.0,
2020-11-24,2020-11,47,3,tablet,(direct),(none),(direct),returning_session,6,6,1,0,0,0,5,1,0,0,2,0,0,0,0,0.0,16.67,0.0,,,0.0,0.0,83.33,100.0,,,,0.0,
2020-11-24,2020-11,47,3,tablet,(data deleted),(data deleted),<Other>,returning_session,1,1,1,0,0,0,0,1,0,0,2,0,0,0,0,0.0,100.0,0.0,,,0.0,0.0,0.0,100.0,,,,0.0,
2020-11-24,2020-11,47,3,mobile,<Other>,(data deleted),(data deleted),returning_session,4,4,1,0,0,0,3,1,0,0,4,0,0,0,0,0.0,25.0,0.0,,,0.0,0.0,75.0,100.0,,,,0.0,
2020-11-24,2020-11,47,3,tablet,google,organic,(organic),returning_session,8,8,2,0,0,0,6,2,0,0,3,0,0,0,0,0.0,25.0,0.0,,,0.0,0.0,75.0,100.0,,,,0.0,
2020-11-24,2020-11,47,3,mobile,google,cpc,<Other>,returning_session,5,5,1,0,0,0,4,1,0,0,2,0,0,0,0,0.0,20.0,0.0,,,0.0,0.0,80.0,100.0,,,,0.0,
2020-11-24,2020-11,47,3,tablet,(direct),(none),(direct),new_session,15,15,3,0,0,0,12,3,0,0,4,0,0,0,0,0.0,20.0,0.0,,,0.0,0.0,80.0,100.0,,,,0.0,
2020-11-24,2020-11,47,3,desktop,<Other>,organic,(organic),returning_session,22,22,8,0,2,2,14,8,0,0,47,0,2,2,2,109.0,36.36,0.0,,100.0,9.09,25.0,63.64,100.0,,0.0,54.5,4.95,54.5
2020-11-24,2020-11,47,3,desktop,(data deleted),(data deleted),(data deleted),new_session,22,22,12,0,2,2,10,12,0,0,80,0,4,2,2,163.0,54.55,0.0,,100.0,9.09,16.67,45.45,100.0,,0.0,81.5,7.41,81.5
2020-11-24,2020-11,47,3,tablet,<Other>,<Other>,<Other>,returning_session,2,2,1,0,1,1,1,1,0,0,5,0,2,1,1,60.0,50.0,0.0,,100.0,50.0,100.0,50.0,100.0,,0.0,60.0,30.0,60.0
2020-11-24,2020-11,47,3,desktop,google,cpc,<Other>,returning_session,9,9,3,0,1,1,6,3,0,0,19,0,1,1,1,16.0,33.33,0.0,,100.0,11.11,33.33,66.67,100.0,,0.0,16.0,1.78,16.0
2020-11-24,2020-11,47,3,mobile,shop.googlemerchandisestore.com,referral,(referral),returning_session,95,95,24,0,5,4,71,24,0,1,242,0,8,5,4,196.0,25.26,0.0,,80.0,4.21,16.67,74.74,100.0,,20.0,49.0,2.06,49.0
2020-11-24,2020-11,47,3,desktop,(data deleted),(data deleted),(data deleted),returning_session,162,162,43,0,9,7,119,43,0,2,209,0,19,10,7,441.0,26.54,0.0,,77.78,4.32,16.28,73.46,100.0,,22.22,63.0,2.72,63.0
2020-11-24,2020-11,47,3,desktop,google,organic,(organic),returning_session,203,203,51,0,9,7,152,51,0,2,270,0,14,8,7,421.0,25.12,0.0,,77.78,3.45,13.73,74.88,100.0,,22.22,60.14,2.07,60.14
2020-11-24,2020-11,47,3,mobile,google,organic,(organic),returning_session,130,130,28,0,4,3,102,28,0,1,234,0,9,8,5,394.0,21.54,0.0,,75.0,2.31,10.71,78.46,100.0,,25.0,131.33,3.03,78.8
2020-11-24,2020-11,47,3,desktop,shop.googlemerchandisestore.com,referral,(referral),returning_session,146,146,33,0,3,2,113,33,0,1,253,0,17,7,7,319.0,22.6,0.0,,66.67,1.37,6.06,77.4,100.0,,33.33,159.5,2.18,45.57
2020-11-24,2020-11,47,3,mobile,(direct),(none),(direct),returning_session,152,152,39,0,12,8,113,39,0,4,270,0,22,11,9,802.0,25.66,0.0,,66.67,5.26,20.51,74.34,100.0,,33.33,100.25,5.28,89.11
2020-11-24,2020-11,47,3,mobile,(data deleted),(data deleted),(data deleted),returning_session,122,122,34,0,11,7,88,34,0,4,288,0,20,12,9,1192.0,27.87,0.0,,63.64,5.74,20.59,72.13,100.0,,36.36,170.29,9.77,132.44
2020-11-24,2020-11,47,3,desktop,<Other>,organic,(organic),new_session,52,52,17,0,4,2,35,17,0,2,50,0,6,4,2,738.0,32.69,0.0,,50.0,3.85,11.76,67.31,100.0,,50.0,369.0,14.19,369.0
2020-11-24,2020-11,47,3,mobile,<Other>,referral,(referral),returning_session,68,68,18,0,6,3,50,18,0,3,71,0,11,5,3,199.0,26.47,0.0,,50.0,4.41,16.67,73.53,100.0,,50.0,66.33,2.93,66.33
2020-11-24,2020-11,47,3,desktop,(direct),(none),(direct),returning_session,178,178,44,0,12,6,134,44,0,6,234,0,21,11,6,800.0,24.72,0.0,,50.0,3.37,13.64,75.28,100.0,,50.0,133.33,4.49,133.33
2020-11-24,2020-11,47,3,mobile,<Other>,organic,(organic),new_session,39,39,6,0,2,1,33,6,0,1,82,0,2,1,1,280.0,15.38,0.0,,50.0,2.56,16.67,84.62,100.0,,50.0,280.0,7.18,280.0
2020-11-24,2020-11,47,3,desktop,<Other>,referral,(referral),new_session,176,175,46,0,2,1,129,46,0,1,233,0,4,1,1,44.0,26.29,0.0,,50.0,0.57,2.17,73.71,100.0,,50.0,44.0,0.25,44.0
2020-11-24,2020-11,47,3,desktop,(direct),(none),(direct),new_session,401,401,112,0,20,9,289,112,0,11,688,0,28,12,9,664.0,27.93,0.0,,45.0,2.24,8.04,72.07,100.0,,55.0,73.78,1.66,73.78
2020-11-24,2020-11,47,3,mobile,<Other>,referral,(referral),new_session,114,114,41,0,9,4,73,41,0,5,207,0,24,6,4,189.0,35.96,0.0,,44.44,3.51,9.76,64.04,100.0,,55.56,47.25,1.66,47.25
2020-11-24,2020-11,47,3,desktop,google,organic,(organic),new_session,616,615,141,0,26,11,474,141,0,15,741,0,48,16,12,1354.0,22.93,0.0,,42.31,1.79,7.8,77.07,100.0,,57.69,123.09,2.2,112.83
2020-11-24,2020-11,47,3,desktop,<Other>,<Other>,<Other>,returning_session,48,48,14,0,5,2,34,14,0,3,52,0,11,3,2,184.0,29.17,0.0,,40.0,4.17,14.29,70.83,100.0,,60.0,92.0,3.83,92.0
2020-11-24,2020-11,47,3,mobile,<Other>,<Other>,<Other>,new_session,192,192,35,0,5,2,157,35,0,3,175,0,12,3,2,172.0,18.23,0.0,,40.0,1.04,5.71,81.77,100.0,,60.0,86.0,0.9,86.0
2020-11-24,2020-11,47,3,mobile,(direct),(none),(direct),new_session,237,236,64,0,6,2,173,64,0,4,306,0,8,2,2,121.0,27.12,0.0,,33.33,0.84,3.13,73.31,100.0,,66.67,60.5,0.51,60.5
2020-11-24,2020-11,47,3,mobile,<Other>,<Other>,<Other>,returning_session,35,35,10,0,3,1,25,10,0,2,35,0,6,2,1,88.0,28.57,0.0,,33.33,2.86,10.0,71.43,100.0,,66.67,88.0,2.51,88.0
2020-11-24,2020-11,47,3,desktop,shop.googlemerchandisestore.com,referral,(referral),new_session,98,98,28,0,4,1,70,28,0,3,149,0,6,1,1,130.0,28.57,0.0,,25.0,1.02,3.57,71.43,100.0,,75.0,130.0,1.33,130.0
2020-11-24,2020-11,47,3,desktop,<Other>,referral,(referral),returning_session,81,81,22,0,4,1,59,22,0,3,111,0,6,1,1,39.0,27.16,0.0,,25.0,1.23,4.55,72.84,100.0,,75.0,39.0,0.48,39.0
2020-11-24,2020-11,47,3,mobile,google,organic,(organic),new_session,399,399,99,0,12,3,300,99,0,9,536,0,15,6,3,688.0,24.81,0.0,,25.0,0.75,3.03,75.19,100.0,,75.0,229.33,1.72,229.33
2020-11-24,2020-11,47,3,desktop,google,cpc,<Other>,new_session,91,90,21,0,5,1,69,21,0,4,117,0,6,1,1,22.0,23.33,0.0,,20.0,1.1,4.76,76.67,100.0,,80.0,22.0,0.24,22.0
2020-11-24,2020-11,47,3,desktop,<Other>,<Other>,<Other>,new_session,274,274,62,0,15,3,212,62,0,12,386,0,19,3,3,272.0,22.63,0.0,,20.0,1.09,4.84,77.37,100.0,,80.0,90.67,0.99,90.67
2020-11-24,2020-11,47,3,tablet,<Other>,organic,(organic),new_session,5,5,2,0,1,0,3,2,0,1,56,0,1,0,0,0.0,40.0,0.0,,0.0,0.0,0.0,60.0,100.0,,100.0,,0.0,
2020-11-24,2020-11,47,3,mobile,(data deleted),(data deleted),(data deleted),new_session,15,14,7,0,1,0,7,7,0,1,43,0,1,0,0,0.0,50.0,0.0,,0.0,0.0,0.0,50.0,100.0,,100.0,,0.0,
2020-11-24,2020-11,47,3,tablet,google,organic,(organic),new_session,15,15,7,0,2,0,8,7,0,2,77,0,2,0,0,0.0,46.67,0.0,,0.0,0.0,0.0,53.33,100.0,,100.0,,0.0,
2020-11-24,2020-11,47,3,mobile,shop.googlemerchandisestore.com,referral,(referral),new_session,73,72,21,0,3,0,51,21,0,3,112,0,3,0,0,0.0,29.17,0.0,,0.0,0.0,0.0,70.83,100.0,,100.0,,0.0,
2020-11-24,2020-11,47,3,mobile,google,cpc,<Other>,new_session,55,55,14,0,3,0,41,14,0,3,137,0,3,0,0,0.0,25.45,0.0,,0.0,0.0,0.0,74.55,100.0,,100.0,,0.0,
2020-11-24,2020-11,47,3,mobile,<Other>,organic,(organic),returning_session,8,8,4,0,1,0,4,4,0,1,16,0,3,0,0,0.0,50.0,0.0,,0.0,0.0,0.0,50.0,100.0,,100.0,,0.0,
2020-12-10,2020-12,49,5,tablet,<Other>,organic,(organic),new_session,2,2,0,0,0,0,2,0,0,0,0,0,0,0,0,0.0,0.0,,,,0.0,,100.0,,,,,0.0,
2020-12-10,2020-12,49,5,desktop,(data deleted),referral,(referral),returning_session,1,1,0,0,0,0,1,0,0,0,0,0,0,0,0,0.0,0.0,,,,0.0,,100.0,,,,,0.0,
2020-12-10,2020-12,49,5,tablet,(direct),(none),(direct),returning_session,11,11,0,0,0,0,11,0,0,0,0,0,0,0,0,0.0,0.0,,,,0.0,,100.0,,,,,0.0,
2020-12-10,2020-12,49,5,mobile,(data deleted),(data deleted),<Other>,new_session,1,1,0,0,0,0,1,0,0,0,0,0,0,0,0,0.0,0.0,,,,0.0,,100.0,,,,,0.0,
2020-12-10,2020-12,49,5,desktop,(data deleted),(data deleted),<Other>,new_session,2,2,0,0,0,0,2,0,0,0,0,0,0,0,0,0.0,0.0,,,,0.0,,100.0,,,,,0.0,
2020-12-10,2020-12,49,5,mobile,<Other>,(data deleted),(data deleted),returning_session,5,5,0,0,0,0,5,0,0,0,0,0,0,0,0,0.0,0.0,,,,0.0,,100.0,,,,,0.0,
2020-12-10,2020-12,49,5,tablet,shop.googlemerchandisestore.com,referral,(referral),new_session,4,4,0,0,0,0,4,0,0,0,0,0,0,0,0,0.0,0.0,,,,0.0,,100.0,,,,,0.0,
2020-12-10,2020-12,49,5,tablet,google,organic,(organic),new_session,33,33,5,0,0,0,28,5,0,0,20,0,0,0,0,0.0,15.15,0.0,,,0.0,0.0,84.85,100.0,,,,0.0,
2020-12-10,2020-12,49,5,tablet,shop.googlemerchandisestore.com,referral,(referral),returning_session,8,8,2,0,0,0,6,2,0,0,5,0,0,0,0,0.0,25.0,0.0,,,0.0,0.0,75.0,100.0,,,,0.0,
2020-12-10,2020-12,49,5,tablet,(direct),(none),(direct),new_session,21,21,2,0,0,0,19,2,0,0,5,0,0,0,0,0.0,9.52,0.0,,,0.0,0.0,90.48,100.0,,,,0.0,
2020-12-10,2020-12,49,5,tablet,<Other>,referral,(referral),returning_session,2,2,1,1,0,0,1,0,1,0,5,1,0,0,0,0.0,50.0,100.0,0.0,,0.0,0.0,50.0,0.0,100.0,,,0.0,
2020-12-10,2020-12,49,5,tablet,google,organic,(organic),returning_session,4,4,1,1,0,0,3,0,1,0,1,2,0,0,0,0.0,25.0,100.0,0.0,,0.0,0.0,75.0,0.0,100.0,,,0.0,
2020-12-10,2020-12,49,5,desktop,google,cpc,<Other>,returning_session,11,11,1,0,0,0,10,1,0,0,1,0,0,0,0,0.0,9.09,0.0,,,0.0,0.0,90.91,100.0,,,,0.0,
2020-12-10,2020-12,49,5,desktop,<Other>,organic,(organic),returning_session,22,22,4,0,0,0,18,4,0,0,19,0,0,0,0,0.0,18.18,0.0,,,0.0,0.0,81.82,100.0,,,,0.0,
2020-12-10,2020-12,49,5,mobile,(data deleted),(data deleted),<Other>,returning_session,6,5,2,0,0,0,3,2,0,0,17,0,0,0,0,0.0,40.0,0.0,,,0.0,0.0,60.0,100.0,,,,0.0,
2020-12-10,2020-12,49,5,desktop,(data deleted),(data deleted),<Other>,returning_session,6,6,1,1,0,0,5,0,1,0,9,3,0,0,0,0.0,16.67,100.0,0.0,,0.0,0.0,83.33,0.0,100.0,,,0.0,
2020-12-10,2020-12,49,5,tablet,(data deleted),(data deleted),(data deleted),returning_session,12,11,2,0,0,0,10,2,0,0,3,0,0,0,0,0.0,18.18,0.0,,,0.0,0.0,90.91,100.0,,,,0.0,
2020-12-10,2020-12,49,5,desktop,<Other>,(data deleted),(data deleted),returning_session,4,4,2,0,0,0,2,2,0,0,15,0,0,0,0,0.0,50.0,0.0,,,0.0,0.0,50.0,100.0,,,,0.0,
2020-12-10,2020-12,49,5,desktop,<Other>,(data deleted),(data deleted),new_session,1,1,1,0,0,0,0,1,0,0,1,0,0,0,0,0.0,100.0,0.0,,,0.0,0.0,0.0,100.0,,,,0.0,
2020-12-10,2020-12,49,5,tablet,(data deleted),(data deleted),(data deleted),new_session,1,1,1,0,0,0,0,1,0,0,4,0,0,0,0,0.0,100.0,0.0,,,0.0,0.0,0.0,100.0,,,,0.0,
2020-12-10,2020-12,49,5,mobile,google,cpc,<Other>,returning_session,14,14,6,0,1,0,8,6,0,1,31,0,4,0,0,0.0,42.86,0.0,,0.0,0.0,0.0,57.14,100.0,,100.0,,0.0,
2020-12-10,2020-12,49,5,mobile,<Other>,organic,(organic),new_session,57,57,13,3,1,0,44,10,2,1,78,7,2,0,0,0.0,22.81,23.08,33.33,0.0,0.0,0.0,77.19,76.92,66.67,100.0,,0.0,
2020-12-10,2020-12,49,5,mobile,google,cpc,<Other>,new_session,88,88,16,5,1,0,72,11,4,1,113,10,2,0,0,0.0,18.18,31.25,20.0,0.0,0.0,0.0,81.82,68.75,80.0,100.0,,0.0,
2020-12-10,2020-12,49,5,tablet,<Other>,referral,(referral),new_session,10,10,1,0,1,0,9,1,0,1,23,0,2,0,0,0.0,10.0,0.0,,0.0,0.0,0.0,90.0,100.0,,100.0,,0.0,
2020-12-10,2020-12,49,5,desktop,<Other>,organic,(organic),new_session,71,71,13,3,1,1,58,10,2,0,68,13,4,1,1,60.0,18.31,23.08,33.33,100.0,1.41,7.69,81.69,76.92,66.67,0.0,60.0,0.85,60.0
2020-12-10,2020-12,49,5,tablet,google,cpc,<Other>,new_session,9,9,3,1,1,1,6,2,0,0,33,12,2,1,1,35.0,33.33,33.33,100.0,100.0,11.11,33.33,66.67,66.67,0.0,0.0,35.0,3.89,35.0
2020-12-10,2020-12,49,5,tablet,<Other>,<Other>,<Other>,new_session,12,12,2,0,1,1,10,2,0,0,3,0,2,1,1,21.0,16.67,0.0,,100.0,8.33,50.0,83.33,100.0,,0.0,21.0,1.75,21.0
2020-12-10,2020-12,49,5,mobile,(data deleted),(data deleted),(data deleted),new_session,16,16,12,3,2,2,4,9,1,0,55,20,4,2,2,239.0,75.0,25.0,66.67,100.0,12.5,16.67,25.0,75.0,33.33,0.0,119.5,14.94,119.5
2020-12-10,2020-12,49,5,mobile,<Other>,organic,(organic),returning_session,10,10,3,2,2,1,7,1,0,1,10,7,6,1,1,840.0,30.0,66.67,100.0,50.0,10.0,33.33,70.0,33.33,0.0,50.0,840.0,84.0,840.0
2020-12-10,2020-12,49,5,desktop,(data deleted),(data deleted),(data deleted),new_session,18,17,11,4,3,1,7,7,1,2,57,32,12,1,1,99.0,64.71,36.36,75.0,33.33,5.56,9.09,41.18,63.64,25.0,66.67,99.0,5.5,99.0
2020-12-10,2020-12,49,5,desktop,google,cpc,<Other>,new_session,149,149,29,7,4,1,120,22,5,3,128,17,10,1,1,18.0,19.46,24.14,57.14,25.0,0.67,3.45,80.54,75.86,71.43,75.0,18.0,0.12,18.0
2020-12-10,2020-12,49,5,mobile,<Other>,referral,(referral),new_session,161,161,24,9,4,1,137,15,6,3,107,27,10,1,1,34.0,14.91,37.5,44.44,25.0,0.62,4.17,85.09,62.5,66.67,75.0,34.0,0.21,34.0
2020-12-10,2020-12,49,5,mobile,<Other>,<Other>,<Other>,returning_session,48,48,9,5,4,2,39,4,2,2,34,16,16,2,2,161.0,18.75,55.56,80.0,50.0,4.17,22.22,81.25,44.44,40.0,50.0,80.5,3.35,80.5
2020-12-10,2020-12,49,5,desktop,shop.googlemerchandisestore.com,referral,(referral),returning_session,161,159,51,16,5,4,109,35,13,1,269,54,12,5,4,311.0,32.08,31.37,31.25,80.0,2.48,7.84,68.55,68.63,81.25,20.0,77.75,1.93,77.75
2020-12-10,2020-12,49,5,mobile,shop.googlemerchandisestore.com,referral,(referral),new_session,86,86,22,9,6,1,64,13,3,5,177,38,26,1,1,43.0,25.58,40.91,66.67,16.67,1.16,4.55,74.42,59.09,33.33,83.33,43.0,0.5,43.0
2020-12-10,2020-12,49,5,desktop,<Other>,<Other>,<Other>,returning_session,73,73,22,8,6,3,51,14,4,3,133,27,28,5,5,96.0,30.14,36.36,75.0,50.0,4.11,13.64,69.86,63.64,50.0,50.0,32.0,1.32,19.2
2020-12-10,2020-12,49,5,mobile,<Other>,referral,(referral),returning_session,76,75,24,7,6,4,51,17,2,2,201,28,46,8,8,79.0,32.0,29.17,85.71,66.67,5.26,16.67,68.0,70.83,28.57,33.33,19.75,1.04,9.88
2020-12-10,2020-12,49,5,desktop,shop.googlemerchandisestore.com,referral,(referral),new_session,126,126,32,13,7,3,94,19,7,4,190,44,22,3,3,143.0,25.4,40.63,53.85,42.86,2.38,9.38,74.6,59.38,53.85,57.14,47.67,1.13,47.67
2020-12-10,2020-12,49,5,desktop,<Other>,<Other>,<Other>,new_session,432,432,89,24,8,2,343,65,16,6,405,92,22,2,2,54.0,20.6,26.97,33.33,25.0,0.46,2.25,79.4,73.03,66.67,75.0,27.0,0.13,27.0
2020-12-10,2020-12,49,5,mobile,(direct),(none),(direct),returning_session,140,140,30,7,8,5,110,23,1,3,260,28,21,5,5,721.0,21.43,23.33,114.29,62.5,3.57,16.67,78.57,76.67,14.29,37.5,144.2,5.15,144.2
2020-12-10,2020-12,49,5,mobile,shop.googlemerchandisestore.com,referral,(referral),returning_session,106,106,32,10,8,7,74,22,7,1,135,41,34,7,7,688.0,30.19,31.25,80.0,87.5,6.6,21.88,69.81,68.75,70.0,12.5,98.29,6.49,98.29
2020-12-10,2020-12,49,5,mobile,<Other>,<Other>,<Other>,new_session,285,285,67,17,9,1,218,50,9,8,259,30,32,1,1,18.0,23.51,25.37,52.94,11.11,0.35,1.49,76.49,74.63,52.94,88.89,18.0,0.06,18.0
2020-12-10,2020-12,49,5,mobile,(direct),(none),(direct),new_session,381,380,73,19,10,5,307,54,11,5,373,82,46,6,6,357.0,19.21,26.03,52.63,50.0,1.31,6.85,80.79,73.97,57.89,50.0,71.4,0.94,59.5
2020-12-10,2020-12,49,5,desktop,<Other>,referral,(referral),returning_session,127,127,42,13,10,6,85,29,8,4,267,67,30,6,6,277.0,33.07,30.95,76.92,60.0,4.72,14.29,66.93,69.05,61.54,40.0,46.17,2.18,46.17
2020-12-10,2020-12,49,5,desktop,<Other>,referral,(referral),new_session,247,247,55,19,11,4,192,36,11,7,285,117,58,4,4,305.0,22.27,34.55,57.89,36.36,1.62,7.27,77.73,65.45,57.89,63.64,76.25,1.23,76.25
2020-12-10,2020-12,49,5,mobile,google,organic,(organic),returning_session,149,149,51,19,11,7,98,32,11,4,407,110,48,9,9,726.0,34.23,37.25,57.89,63.64,4.7,13.73,65.77,62.75,57.89,36.36,103.71,4.87,80.67
2020-12-10,2020-12,49,5,mobile,(data deleted),(data deleted),(data deleted),returning_session,156,156,48,18,13,10,108,30,10,3,179,66,40,11,11,1074.0,30.77,37.5,72.22,76.92,6.41,20.83,69.23,62.5,55.56,23.08,107.4,6.88,97.64
2020-12-10,2020-12,49,5,desktop,(data deleted),(data deleted),(data deleted),returning_session,223,223,69,27,16,13,154,42,14,3,411,107,56,13,13,951.0,30.94,39.13,59.26,81.25,5.83,18.84,69.06,60.87,51.85,18.75,73.15,4.26,73.15
2020-12-10,2020-12,49,5,desktop,google,organic,(organic),returning_session,202,202,55,21,16,13,147,34,10,3,454,110,98,17,17,904.0,27.23,38.18,76.19,81.25,6.44,23.64,72.77,61.82,47.62,18.75,69.54,4.48,53.18
2020-12-10,2020-12,49,5,desktop,(direct),(none),(direct),returning_session,215,214,73,29,17,10,141,44,16,7,476,167,76,10,10,1153.0,34.11,39.73,58.62,58.82,4.65,13.7,65.89,60.27,55.17,41.18,115.3,5.36,115.3
2020-12-10,2020-12,49,5,mobile,google,organic,(organic),new_session,551,550,115,41,22,6,436,74,22,16,628,117,70,6,6,318.0,20.91,35.65,53.66,27.27,1.09,5.22,79.27,64.35,53.66,72.73,53.0,0.58,53.0
2020-12-10,2020-12,49,5,desktop,(direct),(none),(direct),new_session,604,602,112,42,24,8,490,70,21,16,827,118,77,8,8,649.0,18.6,37.5,57.14,33.33,1.32,7.14,81.4,62.5,50.0,66.67,81.13,1.07,81.13
2020-12-10,2020-12,49,5,desktop,google,organic,(organic),new_session,833,833,184,52,28,7,649,132,28,21,953,149,71,7,7,519.0,22.09,28.26,53.85,25.0,0.84,3.8,77.91,71.74,53.85,75.0,74.14,0.62,74.14
2020-12-06,2020-12,49,1,tablet,shop.googlemerchandisestore.com,referral,(referral),new_session,2,2,1,0,0,0,1,1,0,0,2,0,0,0,0,0.0,50.0,0.0,,,0.0,0.0,50.0,100.0,,,,0.0,
2020-12-06,2020-12,49,1,mobile,<Other>,organic,(organic),returning_session,10,10,3,0,1,0,7,3,0,1,17,0,4,0,0,0.0,30.0,0.0,,0.0,0.0,0.0,70.0,100.0,,100.0,,0.0,
2020-12-06,2020-12,49,1,mobile,<Other>,referral,(referral),returning_session,50,50,8,0,1,0,42,8,0,1,24,0,1,0,0,0.0,16.0,0.0,,0.0,0.0,0.0,84.0,100.0,,100.0,,0.0,
2020-12-06,2020-12,49,1,tablet,(direct),(none),(direct),returning_session,4,4,2,0,0,0,2,2,0,0,2,0,0,0,0,0.0,50.0,0.0,,,0.0,0.0,50.0,100.0,,,,0.0,
2020-12-06,2020-12,49,1,desktop,<Other>,(data deleted),(data deleted),returning_session,1,1,1,0,0,0,0,1,0,0,1,0,0,0,0,0.0,100.0,0.0,,,0.0,0.0,0.0,100.0,,,,0.0,
2020-12-06,2020-12,49,1,tablet,google,organic,(organic),returning_session,6,6,0,0,0,0,6,0,0,0,0,0,0,0,0,0.0,0.0,,,,0.0,,100.0,,,,,0.0,
2020-12-06,2020-12,49,1,tablet,<Other>,<Other>,<Other>,returning_session,2,2,0,0,0,0,2,0,0,0,0,0,0,0,0,0.0,0.0,,,,0.0,,100.0,,,,,0.0,
2020-12-06,2020-12,49,1,mobile,(data deleted),(data deleted),<Other>,returning_session,2,2,2,0,0,0,0,2,0,0,3,0,0,0,0,0.0,100.0,0.0,,,0.0,0.0,0.0,100.0,,,,0.0,
2020-12-06,2020-12,49,1,mobile,(data deleted),(data deleted),(data deleted),new_session,2,2,1,0,0,0,1,1,0,0,2,0,0,0,0,0.0,50.0,0.0,,,0.0,0.0,50.0,100.0,,,,0.0,
2020-12-06,2020-12,49,1,desktop,(data deleted),(data deleted),<Other>,returning_session,3,3,0,0,0,0,3,0,0,0,0,0,0,0,0,0.0,0.0,,,,0.0,,100.0,,,,,0.0,
2020-12-06,2020-12,49,1,desktop,(data deleted),(data deleted),(data deleted),new_session,2,2,0,0,0,0,2,0,0,0,0,0,0,0,0,0.0,0.0,,,,0.0,,100.0,,,,,0.0,
2020-12-06,2020-12,49,1,mobile,google,cpc,<Other>,returning_session,9,9,0,0,0,0,9,0,0,0,0,0,0,0,0,0.0,0.0,,,,0.0,,100.0,,,,,0.0,
2020-12-06,2020-12,49,1,tablet,<Other>,referral,(referral),returning_session,2,2,0,0,0,0,2,0,0,0,0,0,0,0,0,0.0,0.0,,,,0.0,,100.0,,,,,0.0,
2020-12-06,2020-12,49,1,tablet,shop.googlemerchandisestore.com,referral,(referral),returning_session,3,3,0,0,0,0,3,0,0,0,0,0,0,0,0,0.0,0.0,,,,0.0,,100.0,,,,,0.0,
2020-12-06,2020-12,49,1,tablet,google,cpc,<Other>,returning_session,1,1,0,0,0,0,1,0,0,0,0,0,0,0,0,0.0,0.0,,,,0.0,,100.0,,,,,0.0,
2020-12-06,2020-12,49,1,mobile,<Other>,<Other>,<Other>,returning_session,20,20,9,5,0,0,11,4,5,0,38,12,0,0,0,0.0,45.0,55.56,0.0,,0.0,0.0,55.0,44.44,100.0,,,0.0,
2020-12-06,2020-12,49,1,mobile,google,cpc,<Other>,new_session,60,60,6,1,0,0,54,5,1,0,11,1,0,0,0,0.0,10.0,16.67,0.0,,0.0,0.0,90.0,83.33,100.0,,,0.0,
2020-12-06,2020-12,49,1,mobile,(direct),(none),(direct),returning_session,80,80,9,2,0,0,71,7,2,0,23,3,0,0,0,0.0,11.25,22.22,0.0,,0.0,0.0,88.75,77.78,100.0,,,0.0,
2020-12-06,2020-12,49,1,tablet,(direct),(none),(direct),new_session,13,13,4,1,0,0,9,3,1,0,8,1,0,0,0,0.0,30.77,25.0,0.0,,0.0,0.0,69.23,75.0,100.0,,,0.0,
2020-12-06,2020-12,49,1,tablet,google,organic,(organic),new_session,21,21,4,1,0,0,17,3,1,0,13,1,0,0,0,0.0,19.05,25.0,0.0,,0.0,0.0,80.95,75.0,100.0,,,0.0,
2020-12-06,2020-12,49,1,desktop,google,cpc,<Other>,returning_session,9,9,1,1,0,0,8,0,1,0,2,1,0,0,0,0.0,11.11,100.0,0.0,,0.0,0.0,88.89,0.0,100.0,,,0.0,
2020-12-06,2020-12,49,1,tablet,google,cpc,<Other>,new_session,1,1,1,1,0,0,0,0,1,0,8,6,0,0,0,0.0,100.0,100.0,0.0,,0.0,0.0,0.0,0.0,100.0,,,0.0,
2020-12-06,2020-12,49,1,tablet,<Other>,referral,(referral),new_session,9,9,1,1,0,0,8,0,1,0,3,1,0,0,0,0.0,11.11,100.0,0.0,,0.0,0.0,88.89,0.0,100.0,,,0.0,
2020-12-06,2020-12,49,1,desktop,<Other>,organic,(organic),returning_session,8,8,1,1,0,0,7,0,1,0,2,3,0,0,0,0.0,12.5,100.0,0.0,,0.0,0.0,87.5,0.0,100.0,,,0.0,
2020-12-06,2020-12,49,1,desktop,google,cpc,<Other>,new_session,71,71,13,5,1,0,58,8,4,1,36,11,2,0,0,0.0,18.31,38.46,20.0,0.0,0.0,0.0,81.69,61.54,80.0,100.0,,0.0,
2020-12-06,2020-12,49,1,mobile,shop.googlemerchandisestore.com,referral,(referral),new_session,52,52,14,5,1,0,38,9,5,1,71,15,2,0,0,0.0,26.92,35.71,20.0,0.0,0.0,0.0,73.08,64.29,100.0,100.0,,0.0,
2020-12-06,2020-12,49,1,mobile,<Other>,organic,(organic),new_session,30,30,8,5,4,0,22,3,1,4,99,11,8,0,0,0.0,26.67,62.5,80.0,0.0,0.0,0.0,73.33,37.5,20.0,100.0,,0.0,
2020-12-06,2020-12,49,1,desktop,<Other>,<Other>,<Other>,returning_session,26,26,7,1,1,0,19,6,1,1,23,2,4,0,0,0.0,26.92,14.29,100.0,0.0,0.0,0.0,73.08,85.71,100.0,100.0,,0.0,
2020-12-06,2020-12,49,1,desktop,<Other>,organic,(organic),new_session,46,46,15,6,2,1,31,9,5,1,57,19,8,1,1,89.0,32.61,40.0,33.33,50.0,2.17,6.67,67.39,60.0,83.33,50.0,89.0,1.93,89.0
2020-12-06,2020-12,49,1,desktop,google,organic,(organic),returning_session,109,109,27,8,3,1,82,19,5,2,130,26,10,1,1,52.0,24.77,29.63,37.5,33.33,0.92,3.7,75.23,70.37,62.5,66.67,52.0,0.48,52.0
2020-12-06,2020-12,49,1,mobile,<Other>,referral,(referral),new_session,69,69,14,8,3,1,55,6,5,2,78,24,8,1,1,54.0,20.29,57.14,37.5,33.33,1.45,7.14,79.71,42.86,62.5,66.67,54.0,0.78,54.0
2020-12-06,2020-12,49,1,mobile,google,organic,(organic),new_session,344,344,87,26,11,1,257,61,17,10,509,95,24,1,1,20.0,25.29,29.89,42.31,9.09,0.29,1.15,74.71,70.11,65.38,90.91,20.0,0.06,20.0
2020-12-06,2020-12,49,1,desktop,<Other>,<Other>,<Other>,new_session,252,252,50,16,7,1,202,34,9,6,212,30,18,1,1,39.0,19.84,32.0,43.75,14.29,0.4,2.0,80.16,68.0,56.25,85.71,39.0,0.15,39.0
2020-12-06,2020-12,49,1,desktop,(direct),(none),(direct),new_session,317,317,80,28,14,1,237,52,17,13,443,70,36,1,1,22.0,25.24,35.0,50.0,7.14,0.32,1.25,74.76,65.0,60.71,92.86,22.0,0.07,22.0
2020-12-06,2020-12,49,1,desktop,<Other>,referral,(referral),returning_session,51,51,14,4,2,1,37,10,2,1,87,26,16,1,1,68.0,27.45,28.57,50.0,50.0,1.96,7.14,72.55,71.43,50.0,50.0,68.0,1.33,68.0
2020-12-06,2020-12,49,1,tablet,<Other>,<Other>,<Other>,new_session,17,17,5,1,1,1,12,4,0,0,12,1,10,1,1,30.0,29.41,20.0,100.0,100.0,5.88,20.0,70.59,80.0,0.0,0.0,30.0,1.76,30.0
2020-12-06,2020-12,49,1,tablet,(data deleted),(data deleted),(data deleted),returning_session,3,3,1,1,1,1,2,0,0,0,12,3,2,1,1,20.0,33.33,100.0,100.0,100.0,33.33,100.0,66.67,0.0,0.0,0.0,20.0,6.67,20.0
2020-12-06,2020-12,49,1,desktop,shop.googlemerchandisestore.com,referral,(referral),new_session,79,79,18,3,4,1,61,15,2,3,58,8,12,1,1,68.0,22.78,16.67,133.33,25.0,1.27,5.56,77.22,83.33,66.67,75.0,68.0,0.86,68.0
2020-12-06,2020-12,49,1,desktop,shop.googlemerchandisestore.com,referral,(referral),returning_session,72,72,21,11,7,2,51,10,5,5,193,56,32,2,2,208.0,29.17,52.38,63.64,28.57,2.78,9.52,70.83,47.62,45.45,71.43,104.0,2.89,104.0
2020-12-06,2020-12,49,1,mobile,<Other>,<Other>,<Other>,new_session,180,180,39,11,7,2,141,28,4,5,202,27,14,2,2,161.0,21.67,28.21,63.64,28.57,1.11,5.13,78.33,71.79,36.36,71.43,80.5,0.89,80.5
2020-12-06,2020-12,49,1,mobile,(data deleted),(data deleted),(data deleted),returning_session,86,85,18,8,6,2,67,10,4,4,115,26,22,2,2,183.0,21.18,44.44,75.0,33.33,2.33,11.11,78.82,55.56,50.0,66.67,91.5,2.13,91.5
2020-12-06,2020-12,49,1,mobile,(direct),(none),(direct),new_session,246,246,58,17,11,3,188,41,8,8,325,63,29,3,3,58.0,23.58,29.31,64.71,27.27,1.22,5.17,76.42,70.69,47.06,72.73,19.33,0.24,19.33
2020-12-06,2020-12,49,1,mobile,shop.googlemerchandisestore.com,referral,(referral),returning_session,58,58,19,7,5,3,39,12,3,2,101,40,26,3,3,80.0,32.76,36.84,71.43,60.0,5.17,15.79,67.24,63.16,42.86,40.0,26.67,1.38,26.67
2020-12-06,2020-12,49,1,desktop,<Other>,referral,(referral),new_session,153,153,39,13,11,3,114,26,3,8,323,37,34,4,4,269.0,25.49,33.33,84.62,27.27,1.96,7.69,74.51,66.67,23.08,72.73,89.67,1.76,67.25
2020-12-06,2020-12,49,1,desktop,(data deleted),(data deleted),(data deleted),returning_session,116,116,34,13,6,4,82,21,9,2,195,48,28,4,4,388.0,29.31,38.24,46.15,66.67,3.45,11.76,70.69,61.76,69.23,33.33,97.0,3.34,97.0
2020-12-06,2020-12,49,1,mobile,google,organic,(organic),returning_session,73,73,17,9,5,4,56,8,4,1,91,29,18,4,4,93.0,23.29,52.94,55.56,80.0,5.48,23.53,76.71,47.06,44.44,20.0,23.25,1.27,23.25
2020-12-06,2020-12,49,1,desktop,google,organic,(organic),new_session,457,457,95,32,18,4,362,63,16,14,429,96,44,5,5,293.0,20.79,33.68,56.25,22.22,0.88,4.21,79.21,66.32,50.0,77.78,73.25,0.64,58.6
2020-12-06,2020-12,49,1,desktop,(direct),(none),(direct),returning_session,100,100,19,6,7,4,81,13,3,3,147,24,24,4,4,303.0,19.0,31.58,116.67,57.14,4.0,21.05,81.0,68.42,50.0,42.86,75.75,3.03,75.75
2020-11-14,2020-11,45,7,mobile,(data deleted),(data deleted),<Other>,returning_session,1,1,0,0,0,0,1,0,0,0,0,0,0,0,0,0.0,0.0,,,,0.0,,100.0,,,,,0.0,
2020-11-14,2020-11,45,7,tablet,<Other>,organic,(organic),new_session,6,6,0,0,0,0,6,0,0,0,0,0,0,0,0,0.0,0.0,,,,0.0,,100.0,,,,,0.0,
2020-11-14,2020-11,45,7,desktop,<Other>,organic,(organic),returning_session,4,4,0,0,0,0,4,0,0,0,0,0,0,0,0,0.0,0.0,,,,0.0,,100.0,,,,,0.0,
2020-11-14,2020-11,45,7,mobile,<Other>,organic,(organic),returning_session,1,1,0,0,0,0,1,0,0,0,0,0,0,0,0,0.0,0.0,,,,0.0,,100.0,,,,,0.0,
2020-11-14,2020-11,45,7,tablet,google,cpc,<Other>,new_session,3,3,0,0,0,0,3,0,0,0,0,0,0,0,0,0.0,0.0,,,,0.0,,100.0,,,,,0.0,
2020-11-14,2020-11,45,7,tablet,<Other>,<Other>,<Other>,returning_session,1,1,0,0,0,0,1,0,0,0,0,0,0,0,0,0.0,0.0,,,,0.0,,100.0,,,,,0.0,
2020-11-14,2020-11,45,7,tablet,shop.googlemerchandisestore.com,referral,(referral),returning_session,1,1,0,0,0,0,1,0,0,0,0,0,0,0,0,0.0,0.0,,,,0.0,,100.0,,,,,0.0,
2020-11-14,2020-11,45,7,tablet,<Other>,referral,(referral),new_session,3,3,0,0,0,0,3,0,0,0,0,0,0,0,0,0.0,0.0,,,,0.0,,100.0,,,,,0.0,
2020-11-14,2020-11,45,7,tablet,(data deleted),(data deleted),(data deleted),returning_session,4,4,0,0,0,0,4,0,0,0,0,0,0,0,0,0.0,0.0,,,,0.0,,100.0,,,,,0.0,
2020-11-14,2020-11,45,7,tablet,google,organic,(organic),new_session,12,12,0,0,0,0,12,0,0,0,0,0,0,0,0,0.0,0.0,,,,0.0,,100.0,,,,,0.0,
2020-11-14,2020-11,45,7,tablet,(direct),(none),(direct),returning_session,7,7,1,0,0,0,6,1,0,0,1,0,0,0,0,0.0,14.29,0.0,,,0.0,0.0,85.71,100.0,,,,0.0,
2020-11-14,2020-11,45,7,desktop,<Other>,organic,(organic),new_session,28,28,6,0,0,0,22,6,0,0,18,0,0,0,0,0.0,21.43,0.0,,,0.0,0.0,78.57,100.0,,,,0.0,
2020-11-14,2020-11,45,7,desktop,(data deleted),(data deleted),(data deleted),new_session,5,5,2,0,0,0,3,2,0,0,4,0,0,0,0,0.0,40.0,0.0,,,0.0,0.0,60.0,100.0,,,,0.0,
2020-11-14,2020-11,45,7,mobile,(data deleted),(data deleted),(data deleted),new_session,2,2,1,0,0,0,1,1,0,0,5,0,0,0,0,0.0,50.0,0.0,,,0.0,0.0,50.0,100.0,,,,0.0,
2020-11-14,2020-11,45,7,mobile,google,cpc,<Other>,returning_session,4,4,1,0,0,0,3,1,0,0,1,0,0,0,0,0.0,25.0,0.0,,,0.0,0.0,75.0,100.0,,,,0.0,
2020-11-14,2020-11,45,7,mobile,<Other>,(data deleted),(data deleted),returning_session,2,2,1,0,0,0,1,1,0,0,3,0,0,0,0,0.0,50.0,0.0,,,0.0,0.0,50.0,100.0,,,,0.0,
2020-11-14,2020-11,45,7,tablet,google,organic,(organic),returning_session,2,2,2,0,0,0,0,2,0,0,44,0,0,0,0,0.0,100.0,0.0,,,0.0,0.0,0.0,100.0,,,,0.0,
2020-11-14,2020-11,45,7,tablet,<Other>,<Other>,<Other>,new_session,5,5,2,0,0,0,3,2,0,0,6,0,0,0,0,0.0,40.0,0.0,,,0.0,0.0,60.0,100.0,,,,0.0,
2020-11-14,2020-11,45,7,desktop,google,cpc,<Other>,returning_session,6,6,2,0,0,0,4,2,0,0,7,0,0,0,0,0.0,33.33,0.0,,,0.0,0.0,66.67,100.0,,,,0.0,
2020-11-14,2020-11,45,7,tablet,(direct),(none),(direct),new_session,9,9,4,0,1,0,5,4,0,1,10,0,2,0,0,0.0,44.44,0.0,,0.0,0.0,0.0,55.56,100.0,,100.0,,0.0,
2020-11-14,2020-11,45,7,mobile,<Other>,referral,(referral),new_session,57,57,16,0,1,0,41,16,0,1,50,0,2,0,0,0.0,28.07,0.0,,0.0,0.0,0.0,71.93,100.0,,100.0,,0.0,
2020-11-14,2020-11,45,7,mobile,google,organic,(organic),new_session,239,239,58,0,9,0,181,58,0,9,470,0,20,0,0,0.0,24.27,0.0,,0.0,0.0,0.0,75.73,100.0,,100.0,,0.0,
2020-11-14,2020-11,45,7,desktop,shop.googlemerchandisestore.com,referral,(referral),new_session,53,53,17,0,3,0,36,17,0,3,40,0,6,0,0,0.0,32.08,0.0,,0.0,0.0,0.0,67.92,100.0,,100.0,,0.0,
2020-11-14,2020-11,45,7,mobile,shop.googlemerchandisestore.com,referral,(referral),new_session,30,30,7,0,2,0,23,7,0,2,63,0,4,0,0,0.0,23.33,0.0,,0.0,0.0,0.0,76.67,100.0,,100.0,,0.0,
2020-11-14,2020-11,45,7,mobile,<Other>,organic,(organic),new_session,17,17,4,0,1,0,13,4,0,1,24,0,4,0,0,0.0,23.53,0.0,,0.0,0.0,0.0,76.47,100.0,,100.0,,0.0,
2020-11-14,2020-11,45,7,desktop,google,cpc,<Other>,new_session,48,48,8,0,2,0,40,8,0,2,85,0,6,0,0,0.0,16.67,0.0,,0.0,0.0,0.0,83.33,100.0,,100.0,,0.0,
2020-11-14,2020-11,45,7,mobile,google,cpc,<Other>,new_session,44,44,8,0,1,0,36,8,0,1,15,0,2,0,0,0.0,18.18,0.0,,0.0,0.0,0.0,81.82,100.0,,100.0,,0.0,
2020-11-14,2020-11,45,7,tablet,shop.googlemerchandisestore.com,referral,(referral),new_session,2,2,1,0,1,0,1,1,0,1,6,0,4,0,0,0.0,50.0,0.0,,0.0,0.0,0.0,50.0,100.0,,100.0,,0.0,
2020-11-14,2020-11,45,7,desktop,google,organic,(organic),new_session,319,319,89,0,16,1,230,89,0,15,626,0,40,1,1,64.0,27.9,0.0,,6.25,0.31,1.12,72.1,100.0,,93.75,64.0,0.2,64.0
2020-11-14,2020-11,45,7,desktop,(direct),(none),(direct),new_session,214,213,59,0,8,1,155,59,0,7,486,0,20,1,1,97.0,27.7,0.0,,12.5,0.47,1.69,72.77,100.0,,87.5,97.0,0.45,97.0
2020-11-14,2020-11,45,7,mobile,<Other>,<Other>,<Other>,new_session,130,130,25,0,7,1,105,25,0,6,152,0,18,1,1,97.0,19.23,0.0,,14.29,0.77,4.0,80.77,100.0,,85.71,97.0,0.75,97.0
2020-11-14,2020-11,45,7,desktop,<Other>,referral,(referral),new_session,95,95,23,0,5,1,72,23,0,4,133,0,16,1,1,67.0,24.21,0.0,,20.0,1.05,4.35,75.79,100.0,,80.0,67.0,0.71,67.0
2020-11-14,2020-11,45,7,mobile,(direct),(none),(direct),new_session,135,135,36,0,4,1,99,36,0,3,93,0,10,1,1,44.0,26.67,0.0,,25.0,0.74,2.78,73.33,100.0,,75.0,44.0,0.33,44.0
2020-11-14,2020-11,45,7,desktop,<Other>,<Other>,<Other>,new_session,186,186,43,0,10,3,143,43,0,7,218,0,36,3,3,178.0,23.12,0.0,,30.0,1.61,6.98,76.88,100.0,,70.0,59.33,0.96,59.33
2020-11-14,2020-11,45,7,desktop,(direct),(none),(direct),returning_session,87,87,21,0,3,1,66,21,0,2,113,0,12,1,1,35.0,24.14,0.0,,33.33,1.15,4.76,75.86,100.0,,66.67,35.0,0.4,35.0
2020-11-14,2020-11,45,7,mobile,google,organic,(organic),returning_session,70,70,11,0,3,1,59,11,0,2,61,0,14,1,1,146.0,15.71,0.0,,33.33,1.43,9.09,84.29,100.0,,66.67,146.0,2.09,146.0
2020-11-14,2020-11,45,7,desktop,<Other>,referral,(referral),returning_session,49,49,16,0,4,2,33,16,0,2,108,0,10,2,2,402.0,32.65,0.0,,50.0,4.08,12.5,67.35,100.0,,50.0,201.0,8.2,201.0
2020-11-14,2020-11,45,7,desktop,shop.googlemerchandisestore.com,referral,(referral),returning_session,62,61,13,0,4,2,48,13,0,2,33,0,10,2,2,122.0,21.31,0.0,,50.0,3.23,15.38,78.69,100.0,,50.0,61.0,1.97,61.0
2020-11-14,2020-11,45,7,mobile,(data deleted),(data deleted),(data deleted),returning_session,62,62,12,0,4,2,50,12,0,2,85,0,22,2,2,190.0,19.35,0.0,,50.0,3.23,16.67,80.65,100.0,,50.0,95.0,3.06,95.0
2020-11-14,2020-11,45,7,desktop,<Other>,<Other>,<Other>,returning_session,18,18,6,0,2,1,12,6,0,1,41,0,8,2,2,119.0,33.33,0.0,,50.0,5.56,16.67,66.67,100.0,,50.0,119.0,6.61,59.5
2020-11-14,2020-11,45,7,desktop,(data deleted),(data deleted),(data deleted),returning_session,105,105,27,0,5,3,78,27,0,2,88,0,18,3,3,287.0,25.71,0.0,,60.0,2.86,11.11,74.29,100.0,,40.0,95.67,2.73,95.67
2020-11-14,2020-11,45,7,mobile,(direct),(none),(direct),returning_session,58,58,16,0,3,2,42,16,0,1,120,0,12,2,2,122.0,27.59,0.0,,66.67,3.45,12.5,72.41,100.0,,33.33,61.0,2.1,61.0
2020-11-14,2020-11,45,7,desktop,google,organic,(organic),returning_session,76,76,21,0,2,2,55,21,0,0,122,0,6,2,2,111.0,27.63,0.0,,100.0,2.63,9.52,72.37,100.0,,0.0,55.5,1.46,55.5
2020-11-14,2020-11,45,7,mobile,<Other>,referral,(referral),returning_session,34,34,7,0,1,1,27,7,0,0,23,0,2,1,1,28.0,20.59,0.0,,100.0,2.94,14.29,79.41,100.0,,0.0,28.0,0.82,28.0
2020-11-14,2020-11,45,7,mobile,shop.googlemerchandisestore.com,referral,(referral),returning_session,58,58,17,0,3,3,41,17,0,0,96,0,10,3,3,211.0,29.31,0.0,,100.0,5.17,17.65,70.69,100.0,,0.0,70.33,3.64,70.33
2020-11-14,2020-11,45,7,mobile,<Other>,<Other>,<Other>,returning_session,6,6,2,0,1,1,4,2,0,0,3,0,4,1,1,18.0,33.33,0.0,,100.0,16.67,50.0,66.67,100.0,,0.0,18.0,3.0,18.0
2021-01-08,2021-01,1,6,tablet,<Other>,<Other>,<Other>,returning_session,2,2,0,0,0,0,2,0,0,0,0,0,0,0,0,0.0,0.0,,,,0.0,,100.0,,,,,0.0,
2021-01-08,2021-01,1,6,mobile,<Other>,(data deleted),(data deleted),returning_session,1,1,0,0,0,0,1,0,0,0,0,0,0,0,0,0.0,0.0,,,,0.0,,100.0,,,,,0.0,
2021-01-08,2021-01,1,6,tablet,<Other>,organic,(organic),new_session,3,3,0,0,0,0,3,0,0,0,0,0,0,0,0,0.0,0.0,,,,0.0,,100.0,,,,,0.0,
2021-01-08,2021-01,1,6,tablet,(direct),(none),(direct),new_session,20,20,2,0,0,0,18,2,0,0,7,0,0,0,0,0.0,10.0,0.0,,,0.0,0.0,90.0,100.0,,,,0.0,
2021-01-08,2021-01,1,6,tablet,google,organic,(organic),returning_session,5,5,1,0,0,0,4,1,0,0,2,0,0,0,0,0.0,20.0,0.0,,,0.0,0.0,80.0,100.0,,,,0.0,
2021-01-08,2021-01,1,6,mobile,google,cpc,<Other>,new_session,58,58,12,3,0,0,46,9,3,0,56,8,0,0,0,0.0,20.69,25.0,0.0,,0.0,0.0,79.31,75.0,100.0,,,0.0,
2021-01-08,2021-01,1,6,mobile,shop.googlemerchandisestore.com,referral,(referral),new_session,73,73,6,2,0,0,67,4,2,0,17,2,0,0,0,0.0,8.22,33.33,0.0,,0.0,0.0,91.78,66.67,100.0,,,0.0,
2021-01-08,2021-01,1,6,mobile,<Other>,organic,(organic),returning_session,8,8,1,0,0,0,7,1,0,0,5,0,0,0,0,0.0,12.5,0.0,,,0.0,0.0,87.5,100.0,,,,0.0,
2021-01-08,2021-01,1,6,desktop,(data deleted),(data deleted),(data deleted),new_session,4,4,1,0,0,0,3,1,0,0,4,0,0,0,0,0.0,25.0,0.0,,,0.0,0.0,75.0,100.0,,,,0.0,
2021-01-08,2021-01,1,6,desktop,<Other>,(data deleted),(data deleted),returning_session,2,2,1,0,0,0,1,1,0,0,4,0,0,0,0,0.0,50.0,0.0,,,0.0,0.0,50.0,100.0,,,,0.0,
2021-01-08,2021-01,1,6,desktop,<Other>,organic,(organic),returning_session,12,12,1,1,0,0,11,0,1,0,11,2,0,0,0,0.0,8.33,100.0,0.0,,0.0,0.0,91.67,0.0,100.0,,,0.0,
2021-01-08,2021-01,1,6,mobile,google,cpc,<Other>,returning_session,8,8,2,0,0,0,6,2,0,0,7,0,0,0,0,0.0,25.0,0.0,,,0.0,0.0,75.0,100.0,,,,0.0,
2021-01-08,2021-01,1,6,tablet,google,organic,(organic),new_session,28,28,3,0,0,0,25,3,0,0,7,0,0,0,0,0.0,10.71,0.0,,,0.0,0.0,89.29,100.0,,,,0.0,
2021-01-08,2021-01,1,6,tablet,shop.googlemerchandisestore.com,referral,(referral),new_session,3,3,1,0,0,0,2,1,0,0,1,0,0,0,0,0.0,33.33,0.0,,,0.0,0.0,66.67,100.0,,,,0.0,
2021-01-08,2021-01,1,6,desktop,google,cpc,<Other>,returning_session,5,5,2,0,0,0,3,2,0,0,29,0,0,0,0,0.0,40.0,0.0,,,0.0,0.0,60.0,100.0,,,,0.0,
2021-01-08,2021-01,1,6,mobile,google,organic,(organic),returning_session,91,91,15,5,0,0,76,10,5,0,59,9,0,0,0,0.0,16.48,33.33,0.0,,0.0,0.0,83.52,66.67,100.0,,,0.0,
2021-01-08,2021-01,1,6,tablet,<Other>,referral,(referral),returning_session,5,5,0,0,0,0,5,0,0,0,0,0,0,0,0,0.0,0.0,,,,0.0,,100.0,,,,,0.0,
2021-01-08,2021-01,1,6,tablet,google,cpc,<Other>,new_session,6,6,0,0,0,0,6,0,0,0,0,0,0,0,0,0.0,0.0,,,,0.0,,100.0,,,,,0.0,
2021-01-08,2021-01,1,6,tablet,shop.googlemerchandisestore.com,referral,(referral),returning_session,10,10,0,0,0,0,10,0,0,0,0,0,0,0,0,0.0,0.0,,,,0.0,,100.0,,,,,0.0,
2021-01-08,2021-01,1,6,mobile,(data deleted),(data deleted),<Other>,returning_session,3,3,0,0,0,0,3,0,0,0,0,0,0,0,0,0.0,0.0,,,,0.0,,100.0,,,,,0.0,
2021-01-08,2021-01,1,6,desktop,(data deleted),(data deleted),<Other>,returning_session,5,5,0,0,0,0,5,0,0,0,0,0,0,0,0,0.0,0.0,,,,0.0,,100.0,,,,,0.0,
2021-01-08,2021-01,1,6,tablet,<Other>,referral,(referral),new_session,5,5,2,0,0,0,3,2,0,0,2,0,0,0,0,0.0,40.0,0.0,,,0.0,0.0,60.0,100.0,,,,0.0,
2021-01-08,2021-01,1,6,mobile,(data deleted),(data deleted),(data deleted),new_session,2,2,0,0,0,0,2,0,0,0,0,0,0,0,0,0.0,0.0,,,,0.0,,100.0,,,,,0.0,
2021-01-08,2021-01,1,6,tablet,<Other>,<Other>,<Other>,new_session,10,10,3,0,0,0,7,3,0,0,4,0,0,0,0,0.0,30.0,0.0,,,0.0,0.0,70.0,100.0,,,,0.0,
2021-01-08,2021-01,1,6,mobile,<Other>,<Other>,<Other>,returning_session,25,25,2,2,0,0,23,0,2,0,7,4,0,0,0,0.0,8.0,100.0,0.0,,0.0,0.0,92.0,0.0,100.0,,,0.0,
2021-01-08,2021-01,1,6,tablet,(data deleted),(data deleted),(data deleted),returning_session,8,8,3,1,1,0,5,2,0,1,8,1,3,0,0,0.0,37.5,33.33,100.0,0.0,0.0,0.0,62.5,66.67,0.0,100.0,,0.0,
2021-01-08,2021-01,1,6,desktop,shop.googlemerchandisestore.com,referral,(referral),new_session,96,96,14,4,2,0,82,10,2,2,55,20,6,0,0,0.0,14.58,28.57,50.0,0.0,0.0,0.0,85.42,71.43,50.0,100.0,,0.0,
2021-01-08,2021-01,1,6,desktop,(data deleted),(data deleted),(data deleted),returning_session,124,123,31,11,2,0,92,20,9,2,126,43,6,0,0,0.0,25.2,35.48,18.18,0.0,0.0,0.0,74.8,64.52,81.82,100.0,,0.0,
2021-01-08,2021-01,1,6,desktop,<Other>,organic,(organic),new_session,61,61,8,4,1,0,53,4,3,1,26,10,3,0,0,0.0,13.11,50.0,25.0,0.0,0.0,0.0,86.89,50.0,75.0,100.0,,0.0,
2021-01-08,2021-01,1,6,mobile,google,organic,(organic),new_session,462,462,65,9,3,0,397,56,8,3,182,10,12,0,0,0.0,14.07,13.85,33.33,0.0,0.0,0.0,85.93,86.15,88.89,100.0,,0.0,
2021-01-08,2021-01,1,6,tablet,(direct),(none),(direct),returning_session,8,8,1,1,1,0,7,0,0,1,24,15,3,0,0,0.0,12.5,100.0,100.0,0.0,0.0,0.0,87.5,0.0,0.0,100.0,,0.0,
2021-01-08,2021-01,1,6,desktop,<Other>,referral,(referral),returning_session,63,63,11,4,2,0,52,7,3,2,26,7,9,0,0,0.0,17.46,36.36,50.0,0.0,0.0,0.0,82.54,63.64,75.0,100.0,,0.0,
2021-01-08,2021-01,1,6,desktop,shop.googlemerchandisestore.com,referral,(referral),returning_session,89,89,20,9,3,1,69,11,6,2,154,84,27,1,1,51.0,22.47,45.0,33.33,33.33,1.12,5.0,77.53,55.0,66.67,66.67,51.0,0.57,51.0
2021-01-08,2021-01,1,6,desktop,google,organic,(organic),new_session,627,627,93,15,3,1,534,78,13,2,319,44,9,1,1,32.0,14.83,16.13,20.0,33.33,0.16,1.08,85.17,83.87,86.67,66.67,32.0,0.05,32.0
2021-01-08,2021-01,1,6,desktop,<Other>,referral,(referral),new_session,174,174,25,2,3,1,149,23,0,2,86,2,9,1,1,221.0,14.37,8.0,150.0,33.33,0.57,4.0,85.63,92.0,0.0,66.67,221.0,1.27,221.0
2021-01-08,2021-01,1,6,mobile,shop.googlemerchandisestore.com,referral,(referral),returning_session,50,50,14,3,2,1,36,11,2,1,104,6,9,1,1,63.0,28.0,21.43,66.67,50.0,2.0,7.14,72.0,78.57,66.67,50.0,63.0,1.26,63.0
2021-01-08,2021-01,1,6,mobile,<Other>,<Other>,<Other>,new_session,205,205,25,3,2,1,180,22,2,1,71,11,9,1,1,60.0,12.2,12.0,66.67,50.0,0.49,4.0,87.8,88.0,66.67,50.0,60.0,0.29,60.0
2021-01-08,2021-01,1,6,mobile,(direct),(none),(direct),returning_session,89,89,17,8,1,1,72,9,7,0,70,16,3,1,1,55.0,19.1,47.06,12.5,100.0,1.12,5.88,80.9,52.94,87.5,0.0,55.0,0.62,55.0
2021-01-08,2021-01,1,6,desktop,<Other>,<Other>,<Other>,returning_session,39,39,8,5,1,1,31,3,4,0,15,7,6,1,1,55.0,20.51,62.5,20.0,100.0,2.56,12.5,79.49,37.5,80.0,0.0,55.0,1.41,55.0
2021-01-08,2021-01,1,6,mobile,<Other>,referral,(referral),new_session,121,121,13,4,1,1,108,9,3,0,47,5,3,1,1,13.0,10.74,30.77,25.0,100.0,0.83,7.69,89.26,69.23,75.0,0.0,13.0,0.11,13.0
2021-01-08,2021-01,1,6,mobile,<Other>,referral,(referral),returning_session,40,40,18,4,1,1,22,14,4,0,122,18,3,1,1,16.0,45.0,22.22,25.0,100.0,2.5,5.56,55.0,77.78,100.0,0.0,16.0,0.4,16.0
2021-01-08,2021-01,1,6,mobile,<Other>,organic,(organic),new_session,52,52,9,0,1,1,43,9,0,0,16,0,3,1,1,30.0,17.31,0.0,,100.0,1.92,11.11,82.69,100.0,,0.0,30.0,0.58,30.0
2021-01-08,2021-01,1,6,tablet,<Other>,organic,(organic),returning_session,1,1,1,1,1,1,0,0,0,0,18,2,2,1,1,0.0,100.0,100.0,100.0,100.0,100.0,100.0,0.0,0.0,0.0,0.0,0.0,0.0,0.0
2021-01-08,2021-01,1,6,mobile,(data deleted),(data deleted),(data deleted),returning_session,81,81,21,6,4,2,60,15,3,2,93,20,22,2,2,113.0,25.93,28.57,66.67,50.0,2.47,9.52,74.07,71.43,50.0,50.0,56.5,1.4,56.5
2021-01-08,2021-01,1,6,desktop,google,organic,(organic),returning_session,134,134,32,9,3,2,102,23,7,1,183,45,33,2,2,101.0,23.88,28.13,33.33,66.67,1.49,6.25,76.12,71.88,77.78,33.33,50.5,0.75,50.5
2021-01-08,2021-01,1,6,mobile,(direct),(none),(direct),new_session,330,330,39,9,5,3,291,30,4,2,153,20,30,3,3,321.0,11.82,23.08,55.56,60.0,0.91,7.69,88.18,76.92,44.44,40.0,107.0,0.97,107.0
2021-01-08,2021-01,1,6,desktop,<Other>,<Other>,<Other>,new_session,340,340,47,6,4,3,293,41,4,1,157,15,15,3,3,153.0,13.82,12.77,66.67,75.0,0.88,6.38,86.18,87.23,66.67,25.0,51.0,0.45,51.0
2021-01-08,2021-01,1,6,desktop,google,cpc,<Other>,new_session,106,106,19,5,3,3,87,14,2,0,56,20,14,3,3,50.0,17.92,26.32,60.0,100.0,2.83,15.79,82.08,73.68,40.0,0.0,16.67,0.47,16.67
2021-01-08,2021-01,1,6,desktop,(direct),(none),(direct),new_session,437,437,56,15,6,4,381,41,10,2,181,38,30,4,4,132.0,12.81,26.79,40.0,66.67,0.92,7.14,87.19,73.21,66.67,33.33,33.0,0.3,33.0
2021-01-08,2021-01,1,6,desktop,(direct),(none),(direct),returning_session,131,131,26,5,6,5,105,21,2,1,150,18,36,5,5,205.0,19.85,19.23,120.0,83.33,3.82,19.23,80.15,80.77,40.0,16.67,41.0,1.56,41.0
2021-01-15,2021-01,2,6,desktop,<Other>,(data deleted),(data deleted),returning_session,2,2,0,0,0,0,2,0,0,0,0,0,0,0,0,0.0,0.0,,,,0.0,,100.0,,,,,0.0,
2021-01-15,2021-01,2,6,tablet,(data deleted),(data deleted),(data deleted),returning_session,2,2,1,0,0,0,1,1,0,0,8,0,0,0,0,0.0,50.0,0.0,,,0.0,0.0,50.0,100.0,,,,0.0,
2021-01-15,2021-01,2,6,tablet,google,organic,(organic),returning_session,5,5,3,0,0,0,2,3,0,0,6,0,0,0,0,0.0,60.0,0.0,,,0.0,0.0,40.0,100.0,,,,0.0,
2021-01-15,2021-01,2,6,desktop,(data deleted),(data deleted),(data deleted),new_session,5,4,0,0,0,0,4,0,0,0,0,0,0,0,0,0.0,0.0,,,,0.0,,100.0,,,,,0.0,
2021-01-15,2021-01,2,6,mobile,google,cpc,<Other>,returning_session,5,5,2,0,0,0,3,2,0,0,3,0,0,0,0,0.0,40.0,0.0,,,0.0,0.0,60.0,100.0,,,,0.0,
2021-01-15,2021-01,2,6,tablet,(direct),(none),(direct),new_session,17,17,4,0,1,0,13,4,0,1,16,0,9,0,0,0.0,23.53,0.0,,0.0,0.0,0.0,76.47,100.0,,100.0,,0.0,
2021-01-15,2021-01,2,6,tablet,(direct),(none),(direct),returning_session,3,3,1,0,0,0,2,1,0,0,5,0,0,0,0,0.0,33.33,0.0,,,0.0,0.0,66.67,100.0,,,,0.0,
2021-01-15,2021-01,2,6,tablet,<Other>,<Other>,<Other>,new_session,9,9,1,0,0,0,8,1,0,0,1,0,0,0,0,0.0,11.11,0.0,,,0.0,0.0,88.89,100.0,,,,0.0,
2021-01-15,2021-01,2,6,tablet,<Other>,organic,(organic),new_session,3,3,0,0,0,0,3,0,0,0,0,0,0,0,0,0.0,0.0,,,,0.0,,100.0,,,,,0.0,
2021-01-15,2021-01,2,6,mobile,(data deleted),(data deleted),<Other>,returning_session,2,2,0,0,0,0,2,0,0,0,0,0,0,0,0,0.0,0.0,,,,0.0,,100.0,,,,,0.0,
2021-01-15,2021-01,2,6,tablet,google,organic,(organic),new_session,24,24,5,0,0,0,19,5,0,0,5,0,0,0,0,0.0,20.83,0.0,,,0.0,0.0,79.17,100.0,,,,0.0,
2021-01-15,2021-01,2,6,tablet,<Other>,referral,(referral),new_session,6,6,1,0,0,0,5,1,0,0,2,0,0,0,0,0.0,16.67,0.0,,,0.0,0.0,83.33,100.0,,,,0.0,
2021-01-15,2021-01,2,6,tablet,shop.googlemerchandisestore.com,referral,(referral),new_session,4,4,0,0,0,0,4,0,0,0,0,0,0,0,0,0.0,0.0,,,,0.0,,100.0,,,,,0.0,
2021-01-15,2021-01,2,6,tablet,<Other>,referral,(referral),returning_session,1,1,0,0,0,0,1,0,0,0,0,0,0,0,0,0.0,0.0,,,,0.0,,100.0,,,,,0.0,
2021-01-15,2021-01,2,6,mobile,<Other>,organic,(organic),new_session,29,29,6,0,0,0,23,6,0,0,8,0,0,0,0,0.0,20.69,0.0,,,0.0,0.0,79.31,100.0,,,,0.0,
2021-01-15,2021-01,2,6,mobile,(data deleted),(data deleted),(data deleted),new_session,2,2,0,0,0,0,2,0,0,0,0,0,0,0,0,0.0,0.0,,,,0.0,,100.0,,,,,0.0,
2021-01-15,2021-01,2,6,mobile,<Other>,<Other>,<Other>,returning_session,10,10,4,0,0,0,6,4,0,0,5,0,0,0,0,0.0,40.0,0.0,,,0.0,0.0,60.0,100.0,,,,0.0,
2021-01-15,2021-01,2,6,mobile,<Other>,organic,(organic),returning_session,9,9,2,0,0,0,7,2,0,0,10,0,0,0,0,0.0,22.22,0.0,,,0.0,0.0,77.78,100.0,,,,0.0,
2021-01-15,2021-01,2,6,tablet,google,cpc,<Other>,new_session,3,3,1,0,0,0,2,1,0,0,1,0,0,0,0,0.0,33.33,0.0,,,0.0,0.0,66.67,100.0,,,,0.0,
2021-01-15,2021-01,2,6,mobile,(data deleted),(data deleted),(data deleted),returning_session,75,75,15,1,0,0,60,14,1,0,58,5,0,0,0,0.0,20.0,6.67,0.0,,0.0,0.0,80.0,93.33,100.0,,,0.0,
2021-01-15,2021-01,2,6,desktop,<Other>,referral,(referral),new_session,183,183,33,5,0,0,150,28,5,0,100,5,0,0,0,0.0,18.03,15.15,0.0,,0.0,0.0,81.97,84.85,100.0,,,0.0,
2021-01-15,2021-01,2,6,mobile,shop.googlemerchandisestore.com,referral,(referral),new_session,69,69,10,2,0,0,59,8,2,0,32,2,0,0,0,0.0,14.49,20.0,0.0,,0.0,0.0,85.51,80.0,100.0,,,0.0,
2021-01-15,2021-01,2,6,desktop,<Other>,<Other>,<Other>,returning_session,39,39,5,2,0,0,34,3,2,0,13,3,0,0,0,0.0,12.82,40.0,0.0,,0.0,0.0,87.18,60.0,100.0,,,0.0,
2021-01-15,2021-01,2,6,desktop,shop.googlemerchandisestore.com,referral,(referral),new_session,56,56,9,1,0,0,47,8,1,0,26,4,0,0,0,0.0,16.07,11.11,0.0,,0.0,0.0,83.93,88.89,100.0,,,0.0,
2021-01-15,2021-01,2,6,desktop,google,cpc,<Other>,new_session,79,79,14,3,0,0,65,11,3,0,48,10,0,0,0,0.0,17.72,21.43,0.0,,0.0,0.0,82.28,78.57,100.0,,,0.0,
2021-01-15,2021-01,2,6,desktop,<Other>,organic,(organic),new_session,56,56,9,3,0,0,47,6,3,0,25,7,0,0,0,0.0,16.07,33.33,0.0,,0.0,0.0,83.93,66.67,100.0,,,0.0,
2021-01-15,2021-01,2,6,mobile,shop.googlemerchandisestore.com,referral,(referral),returning_session,65,65,22,8,2,0,43,14,6,2,84,22,6,0,0,0.0,33.85,36.36,25.0,0.0,0.0,0.0,66.15,63.64,75.0,100.0,,0.0,
2021-01-15,2021-01,2,6,mobile,<Other>,referral,(referral),new_session,112,112,13,5,2,0,99,8,4,2,33,12,5,0,0,0.0,11.61,38.46,40.0,0.0,0.0,0.0,88.39,61.54,80.0,100.0,,0.0,
2021-01-15,2021-01,2,6,desktop,google,cpc,<Other>,returning_session,13,13,6,2,1,0,7,4,2,1,45,2,3,0,0,0.0,46.15,33.33,50.0,0.0,0.0,0.0,53.85,66.67,100.0,100.0,,0.0,
2021-01-15,2021-01,2,6,desktop,shop.googlemerchandisestore.com,referral,(referral),returning_session,77,77,17,3,1,1,60,14,2,0,59,12,21,7,7,351.0,22.08,17.65,33.33,100.0,1.3,5.88,77.92,82.35,66.67,0.0,351.0,4.56,50.14
2021-01-15,2021-01,2,6,mobile,google,cpc,<Other>,new_session,60,60,8,3,1,1,52,5,2,0,44,10,3,1,1,80.0,13.33,37.5,33.33,100.0,1.67,12.5,86.67,62.5,66.67,0.0,80.0,1.33,80.0
2021-01-15,2021-01,2,6,mobile,<Other>,<Other>,<Other>,new_session,242,242,41,5,2,1,201,36,4,1,123,15,9,1,1,26.0,16.94,12.2,40.0,50.0,0.41,2.44,83.06,87.8,80.0,50.0,26.0,0.11,26.0
2021-01-15,2021-01,2,6,desktop,<Other>,organic,(organic),returning_session,11,11,4,3,2,1,7,1,1,1,68,12,8,1,1,0.0,36.36,75.0,66.67,50.0,9.09,25.0,63.64,25.0,33.33,50.0,0.0,0.0,0.0
2021-01-15,2021-01,2,6,mobile,<Other>,referral,(referral),returning_session,23,23,7,3,2,1,16,4,1,1,54,8,9,1,1,78.0,30.43,42.86,66.67,50.0,4.35,14.29,69.57,57.14,33.33,50.0,78.0,3.39,78.0
2021-01-15,2021-01,2,6,tablet,<Other>,<Other>,<Other>,returning_session,4,4,2,1,1,1,2,1,1,0,5,2,3,1,1,55.0,50.0,50.0,100.0,100.0,25.0,50.0,50.0,50.0,100.0,0.0,55.0,13.75,55.0
2021-01-15,2021-01,2,6,desktop,(data deleted),(data deleted),<Other>,returning_session,4,4,3,1,1,1,1,2,0,0,61,1,2,1,1,0.0,75.0,33.33,100.0,100.0,25.0,33.33,25.0,66.67,0.0,0.0,0.0,0.0,0.0
2021-01-15,2021-01,2,6,tablet,shop.googlemerchandisestore.com,referral,(referral),returning_session,3,3,1,1,1,1,2,0,0,0,6,1,3,1,1,15.0,33.33,100.0,100.0,100.0,33.33,100.0,66.67,0.0,0.0,0.0,15.0,5.0,15.0
2021-01-15,2021-01,2,6,desktop,google,organic,(organic),returning_session,117,117,21,2,3,1,96,19,0,2,71,4,18,1,1,3.0,17.95,9.52,150.0,33.33,0.85,4.76,82.05,90.48,0.0,66.67,3.0,0.03,3.0
2021-01-15,2021-01,2,6,desktop,(data deleted),(data deleted),(data deleted),returning_session,114,114,22,10,3,2,92,12,7,1,135,46,21,3,3,115.0,19.3,45.45,30.0,66.67,1.75,9.09,80.7,54.55,70.0,33.33,57.5,1.01,38.33
2021-01-15,2021-01,2,6,desktop,(direct),(none),(direct),new_session,449,449,69,9,3,2,380,60,7,1,219,46,20,2,2,12.0,15.37,13.04,33.33,66.67,0.45,2.9,84.63,86.96,77.78,33.33,6.0,0.03,6.0
2021-01-15,2021-01,2,6,mobile,(direct),(none),(direct),new_session,283,283,42,11,4,2,241,31,8,2,173,36,18,2,2,70.0,14.84,26.19,36.36,50.0,0.71,4.76,85.16,73.81,72.73,50.0,35.0,0.25,35.0
2021-01-15,2021-01,2,6,desktop,<Other>,referral,(referral),returning_session,61,61,13,7,3,2,48,6,4,1,112,36,12,2,2,51.0,21.31,53.85,42.86,66.67,3.28,15.38,78.69,46.15,57.14,33.33,25.5,0.84,25.5
2021-01-15,2021-01,2,6,desktop,<Other>,<Other>,<Other>,new_session,291,291,43,11,6,2,248,32,6,4,202,61,21,2,2,149.0,14.78,25.58,54.55,33.33,0.69,4.65,85.22,74.42,54.55,66.67,74.5,0.51,74.5
2021-01-15,2021-01,2,6,desktop,(direct),(none),(direct),returning_session,128,128,33,11,5,3,95,22,8,2,181,39,28,3,3,91.0,25.78,33.33,45.45,60.0,2.34,9.09,74.22,66.67,72.73,40.0,30.33,0.71,30.33
2021-01-15,2021-01,2,6,mobile,(direct),(none),(direct),returning_session,69,69,20,4,4,3,49,16,3,1,80,11,15,3,3,83.0,28.99,20.0,100.0,75.0,4.35,15.0,71.01,80.0,75.0,25.0,27.67,1.2,27.67
2021-01-15,2021-01,2,6,desktop,google,organic,(organic),new_session,593,593,98,19,8,4,495,79,13,4,269,63,33,4,4,205.0,16.53,19.39,42.11,50.0,0.67,4.08,83.47,80.61,68.42,50.0,51.25,0.35,51.25
2021-01-15,2021-01,2,6,mobile,google,organic,(organic),returning_session,90,90,27,10,6,4,63,17,6,2,129,27,65,4,4,162.0,30.0,37.04,60.0,66.67,4.44,14.81,70.0,62.96,60.0,33.33,40.5,1.8,40.5
2021-01-15,2021-01,2,6,mobile,google,organic,(organic),new_session,428,428,78,20,8,5,350,58,13,3,394,69,48,7,7,525.0,18.22,25.64,40.0,62.5,1.17,6.41,81.78,74.36,65.0,37.5,105.0,1.23,75.0
2021-01-18,2021-01,3,2,tablet,google,organic,(organic),returning_session,2,2,0,0,0,0,2,0,0,0,0,0,0,0,0,0.0,0.0,,,,0.0,,100.0,,,,,0.0,
2021-01-18,2021-01,3,2,desktop,<Other>,organic,(organic),returning_session,10,10,0,0,0,0,10,0,0,0,0,0,0,0,0,0.0,0.0,,,,0.0,,100.0,,,,,0.0,
2021-01-18,2021-01,3,2,tablet,<Other>,referral,(referral),returning_session,2,2,0,0,0,0,2,0,0,0,0,0,0,0,0,0.0,0.0,,,,0.0,,100.0,,,,,0.0,
2021-01-18,2021-01,3,2,tablet,google,cpc,<Other>,new_session,3,3,0,0,0,0,3,0,0,0,0,0,0,0,0,0.0,0.0,,,,0.0,,100.0,,,,,0.0,
2021-01-18,2021-01,3,2,tablet,<Other>,organic,(organic),new_session,1,1,0,0,0,0,1,0,0,0,0,0,0,0,0,0.0,0.0,,,,0.0,,100.0,,,,,0.0,
2021-01-18,2021-01,3,2,tablet,google,cpc,<Other>,returning_session,1,1,0,0,0,0,1,0,0,0,0,0,0,0,0,0.0,0.0,,,,0.0,,100.0,,,,,0.0,
2021-01-18,2021-01,3,2,mobile,<Other>,(data deleted),(data deleted),returning_session,1,1,0,0,0,0,1,0,0,0,0,0,0,0,0,0.0,0.0,,,,0.0,,100.0,,,,,0.0,
2021-01-18,2021-01,3,2,desktop,google,cpc,<Other>,returning_session,3,3,0,0,0,0,3,0,0,0,0,0,0,0,0,0.0,0.0,,,,0.0,,100.0,,,,,0.0,
2021-01-18,2021-01,3,2,mobile,<Other>,organic,(organic),returning_session,9,9,0,0,0,0,9,0,0,0,0,0,0,0,0,0.0,0.0,,,,0.0,,100.0,,,,,0.0,
2021-01-18,2021-01,3,2,tablet,(direct),(none),(direct),new_session,14,14,0,0,0,0,14,0,0,0,0,0,0,0,0,0.0,0.0,,,,0.0,,100.0,,,,,0.0,
2021-01-18,2021-01,3,2,mobile,google,cpc,<Other>,returning_session,6,6,0,0,0,0,6,0,0,0,0,0,0,0,0,0.0,0.0,,,,0.0,,100.0,,,,,0.0,
2021-01-18,2021-01,3,2,mobile,(data deleted),(data deleted),<Other>,returning_session,1,1,0,0,0,0,1,0,0,0,0,0,0,0,0,0.0,0.0,,,,0.0,,100.0,,,,,0.0,
2021-01-18,2021-01,3,2,tablet,<Other>,<Other>,<Other>,new_session,9,9,0,0,0,0,9,0,0,0,0,0,0,0,0,0.0,0.0,,,,0.0,,100.0,,,,,0.0,
2021-01-18,2021-01,3,2,desktop,<Other>,(data deleted),(data deleted),returning_session,1,1,0,0,0,0,1,0,0,0,0,0,0,0,0,0.0,0.0,,,,0.0,,100.0,,,,,0.0,
2021-01-18,2021-01,3,2,tablet,shop.googlemerchandisestore.com,referral,(referral),returning_session,1,1,0,0,0,0,1,0,0,0,0,0,0,0,0,0.0,0.0,,,,0.0,,100.0,,,,,0.0,
2021-01-18,2021-01,3,2,mobile,(data deleted),(data deleted),(data deleted),new_session,4,4,1,1,0,0,3,0,1,0,3,1,0,0,0,0.0,25.0,100.0,0.0,,0.0,0.0,75.0,0.0,100.0,,,0.0,
2021-01-18,2021-01,3,2,tablet,(data deleted),(data deleted),(data deleted),returning_session,4,4,1,1,0,0,3,0,1,0,1,1,0,0,0,0.0,25.0,100.0,0.0,,0.0,0.0,75.0,0.0,100.0,,,0.0,
2021-01-18,2021-01,3,2,tablet,google,organic,(organic),new_session,17,17,2,1,0,0,15,1,1,0,5,1,0,0,0,0.0,11.76,50.0,0.0,,0.0,0.0,88.24,50.0,100.0,,,0.0,
2021-01-18,2021-01,3,2,desktop,shop.googlemerchandisestore.com,referral,(referral),new_session,77,77,12,3,0,0,65,9,3,0,37,5,0,0,0,0.0,15.58,25.0,0.0,,0.0,0.0,84.42,75.0,100.0,,,0.0,
2021-01-18,2021-01,3,2,desktop,<Other>,<Other>,<Other>,new_session,302,302,42,5,0,0,260,37,5,0,64,6,0,0,0,0.0,13.91,11.9,0.0,,0.0,0.0,86.09,88.1,100.0,,,0.0,
2021-01-18,2021-01,3,2,mobile,<Other>,referral,(referral),new_session,108,108,14,1,0,0,94,13,1,0,31,1,0,0,0,0.0,12.96,7.14,0.0,,0.0,0.0,87.04,92.86,100.0,,,0.0,
2021-01-18,2021-01,3,2,mobile,<Other>,organic,(organic),new_session,20,20,1,0,0,0,19,1,0,0,3,0,0,0,0,0.0,5.0,0.0,,,0.0,0.0,95.0,100.0,,,,0.0,
2021-01-18,2021-01,3,2,mobile,<Other>,<Other>,<Other>,returning_session,14,13,2,0,0,0,11,2,0,0,6,0,0,0,0,0.0,15.38,0.0,,,0.0,0.0,84.62,100.0,,,,0.0,
2021-01-18,2021-01,3,2,desktop,(data deleted),(data deleted),(data deleted),new_session,2,2,2,0,0,0,0,2,0,0,2,0,0,0,0,0.0,100.0,0.0,,,0.0,0.0,0.0,100.0,,,,0.0,
2021-01-18,2021-01,3,2,tablet,(direct),(none),(direct),returning_session,9,9,3,0,0,0,6,3,0,0,29,0,0,0,0,0.0,33.33,0.0,,,0.0,0.0,66.67,100.0,,,,0.0,
2021-01-18,2021-01,3,2,tablet,shop.googlemerchandisestore.com,referral,(referral),new_session,2,2,1,0,0,0,1,1,0,0,1,0,0,0,0,0.0,50.0,0.0,,,0.0,0.0,50.0,100.0,,,,0.0,
2021-01-18,2021-01,3,2,tablet,<Other>,<Other>,<Other>,returning_session,2,2,2,0,0,0,0,2,0,0,6,0,0,0,0,0.0,100.0,0.0,,,0.0,0.0,0.0,100.0,,,,0.0,
2021-01-18,2021-01,3,2,desktop,<Other>,organic,(organic),new_session,44,44,3,0,0,0,41,3,0,0,6,0,0,0,0,0.0,6.82,0.0,,,0.0,0.0,93.18,100.0,,,,0.0,
2021-01-18,2021-01,3,2,tablet,<Other>,referral,(referral),new_session,6,6,1,0,0,0,5,1,0,0,1,0,0,0,0,0.0,16.67,0.0,,,0.0,0.0,83.33,100.0,,,,0.0,
2021-01-18,2021-01,3,2,mobile,google,cpc,<Other>,new_session,51,51,13,4,2,0,38,9,3,2,115,9,7,0,0,0.0,25.49,30.77,50.0,0.0,0.0,0.0,74.51,69.23,75.0,100.0,,0.0,
2021-01-18,2021-01,3,2,mobile,shop.googlemerchandisestore.com,referral,(referral),returning_session,54,53,13,4,2,0,40,9,3,2,37,7,6,0,0,0.0,24.53,30.77,50.0,0.0,0.0,0.0,75.47,69.23,75.0,100.0,,0.0,
2021-01-18,2021-01,3,2,mobile,(direct),(none),(direct),returning_session,56,56,9,2,2,0,47,7,0,2,18,21,6,0,0,0.0,16.07,22.22,100.0,0.0,0.0,0.0,83.93,77.78,0.0,100.0,,0.0,
2021-01-18,2021-01,3,2,desktop,(direct),(none),(direct),new_session,371,371,49,10,3,0,322,39,9,3,167,26,9,0,0,0.0,13.21,20.41,30.0,0.0,0.0,0.0,86.79,79.59,90.0,100.0,,0.0,
2021-01-18,2021-01,3,2,mobile,(data deleted),(data deleted),(data deleted),returning_session,57,57,7,1,1,0,50,6,0,1,23,1,6,0,0,0.0,12.28,14.29,100.0,0.0,0.0,0.0,87.72,85.71,0.0,100.0,,0.0,
2021-01-18,2021-01,3,2,desktop,<Other>,referral,(referral),new_session,117,117,22,2,1,0,95,20,1,1,57,2,9,0,0,0.0,18.8,9.09,50.0,0.0,0.0,0.0,81.2,90.91,50.0,100.0,,0.0,
2021-01-18,2021-01,3,2,desktop,google,cpc,<Other>,new_session,93,93,8,0,1,0,85,8,0,1,13,0,3,0,0,0.0,8.6,0.0,,0.0,0.0,0.0,91.4,100.0,,100.0,,0.0,
2021-01-18,2021-01,3,2,desktop,google,organic,(organic),returning_session,122,122,18,8,6,1,104,10,4,5,90,20,34,1,1,0.0,14.75,44.44,75.0,16.67,0.82,5.56,85.25,55.56,50.0,83.33,0.0,0.0,0.0
2021-01-18,2021-01,3,2,desktop,(data deleted),(data deleted),(data deleted),returning_session,119,119,24,10,4,1,95,14,6,3,90,42,27,1,1,54.0,20.17,41.67,40.0,25.0,0.84,4.17,79.83,58.33,60.0,75.0,54.0,0.45,54.0
2021-01-18,2021-01,3,2,mobile,shop.googlemerchandisestore.com,referral,(referral),new_session,60,60,7,3,3,1,53,4,0,2,31,4,15,1,1,13.0,11.67,42.86,100.0,33.33,1.67,14.29,88.33,57.14,0.0,66.67,13.0,0.22,13.0
2021-01-18,2021-01,3,2,mobile,google,organic,(organic),new_session,394,394,49,10,3,1,345,39,8,2,218,23,9,1,1,15.0,12.44,20.41,30.0,33.33,0.25,2.04,87.56,79.59,80.0,66.67,15.0,0.04,15.0
2021-01-18,2021-01,3,2,desktop,google,organic,(organic),new_session,583,583,79,12,4,2,504,67,8,2,209,64,15,2,2,420.0,13.55,15.19,33.33,50.0,0.34,2.53,86.45,84.81,66.67,50.0,210.0,0.72,210.0
2021-01-18,2021-01,3,2,mobile,<Other>,referral,(referral),returning_session,32,31,7,1,2,1,24,6,0,1,90,60,6,1,1,122.0,22.58,14.29,200.0,50.0,3.13,14.29,77.42,85.71,0.0,50.0,122.0,3.81,122.0
2021-01-18,2021-01,3,2,mobile,<Other>,<Other>,<Other>,new_session,215,215,36,9,3,2,179,27,6,1,153,32,15,3,2,240.0,16.74,25.0,33.33,66.67,0.93,5.56,83.26,75.0,66.67,33.33,120.0,1.12,120.0
2021-01-18,2021-01,3,2,mobile,(direct),(none),(direct),new_session,269,269,31,5,3,2,238,26,3,1,55,11,9,2,2,127.0,11.52,16.13,60.0,66.67,0.74,6.45,88.48,83.87,60.0,33.33,63.5,0.47,63.5
2021-01-18,2021-01,3,2,mobile,google,organic,(organic),returning_session,77,77,12,6,3,3,65,6,3,0,64,18,24,3,3,144.0,15.58,50.0,50.0,100.0,3.9,25.0,84.42,50.0,50.0,0.0,48.0,1.87,48.0
2021-01-18,2021-01,3,2,desktop,<Other>,<Other>,<Other>,returning_session,28,28,6,3,1,1,22,3,2,0,28,9,3,1,1,5.0,21.43,50.0,33.33,100.0,3.57,16.67,78.57,50.0,66.67,0.0,5.0,0.18,5.0
2021-01-18,2021-01,3,2,desktop,(direct),(none),(direct),returning_session,99,99,18,6,1,1,81,12,5,0,65,12,9,1,1,32.0,18.18,33.33,16.67,100.0,1.01,5.56,81.82,66.67,83.33,0.0,32.0,0.32,32.0
2021-01-18,2021-01,3,2,desktop,shop.googlemerchandisestore.com,referral,(referral),returning_session,86,86,14,3,1,1,72,11,2,0,79,11,6,1,1,34.0,16.28,21.43,33.33,100.0,1.16,7.14,83.72,78.57,66.67,0.0,34.0,0.4,34.0
2021-01-18,2021-01,3,2,desktop,<Other>,referral,(referral),returning_session,52,52,8,1,1,1,44,7,0,0,30,1,3,1,1,17.0,15.38,12.5,100.0,100.0,1.92,12.5,84.62,87.5,0.0,0.0,17.0,0.33,17.0
2020-12-31,2020-12,52,5,mobile,(data deleted),(data deleted),<Other>,returning_session,1,1,0,0,0,0,1,0,0,0,0,0,0,0,0,0.0,0.0,,,,0.0,,100.0,,,,,0.0,
2020-12-31,2020-12,52,5,mobile,(data deleted),(data deleted),(data deleted),new_session,1,1,0,0,0,0,1,0,0,0,0,0,0,0,0,0.0,0.0,,,,0.0,,100.0,,,,,0.0,
2020-12-31,2020-12,52,5,tablet,google,organic,(organic),returning_session,5,5,0,0,0,0,5,0,0,0,0,0,0,0,0,0.0,0.0,,,,0.0,,100.0,,,,,0.0,
2020-12-31,2020-12,52,5,desktop,<Other>,(data deleted),(data deleted),new_session,1,1,0,0,0,0,1,0,0,0,0,0,0,0,0,0.0,0.0,,,,0.0,,100.0,,,,,0.0,
2020-12-31,2020-12,52,5,desktop,(data deleted),(data deleted),(data deleted),new_session,5,5,0,0,0,0,5,0,0,0,0,0,0,0,0,0.0,0.0,,,,0.0,,100.0,,,,,0.0,
2020-12-31,2020-12,52,5,tablet,<Other>,referral,(referral),new_session,1,1,0,0,0,0,1,0,0,0,0,0,0,0,0,0.0,0.0,,,,0.0,,100.0,,,,,0.0,
2020-12-31,2020-12,52,5,tablet,(direct),(none),(direct),returning_session,2,2,0,0,0,0,2,0,0,0,0,0,0,0,0,0.0,0.0,,,,0.0,,100.0,,,,,0.0,
2020-12-31,2020-12,52,5,tablet,shop.googlemerchandisestore.com,referral,(referral),new_session,4,4,0,0,0,0,4,0,0,0,0,0,0,0,0,0.0,0.0,,,,0.0,,100.0,,,,,0.0,
2020-12-31,2020-12,52,5,desktop,(data deleted),(data deleted),<Other>,returning_session,1,1,0,0,0,0,1,0,0,0,0,0,0,0,0,0.0,0.0,,,,0.0,,100.0,,,,,0.0,
2020-12-31,2020-12,52,5,tablet,<Other>,referral,(referral),returning_session,4,4,0,0,0,0,4,0,0,0,0,0,0,0,0,0.0,0.0,,,,0.0,,100.0,,,,,0.0,
2020-12-31,2020-12,52,5,desktop,(data deleted),(data deleted),<Other>,new_session,1,1,0,0,0,0,1,0,0,0,0,0,0,0,0,0.0,0.0,,,,0.0,,100.0,,,,,0.0,
2020-12-31,2020-12,52,5,tablet,google,cpc,<Other>,new_session,6,6,0,0,0,0,6,0,0,0,0,0,0,0,0,0.0,0.0,,,,0.0,,100.0,,,,,0.0,
2020-12-31,2020-12,52,5,desktop,google,cpc,<Other>,returning_session,3,3,0,0,0,0,3,0,0,0,0,0,0,0,0,0.0,0.0,,,,0.0,,100.0,,,,,0.0,
2020-12-31,2020-12,52,5,mobile,(data deleted),(data deleted),<Other>,new_session,1,1,0,0,0,0,1,0,0,0,0,0,0,0,0,0.0,0.0,,,,0.0,,100.0,,,,,0.0,
2020-12-31,2020-12,52,5,tablet,(direct),(none),(direct),new_session,17,17,3,0,0,0,14,3,0,0,14,0,0,0,0,0.0,17.65,0.0,,,0.0,0.0,82.35,100.0,,,,0.0,
2020-12-31,2020-12,52,5,mobile,(data deleted),(data deleted),(data deleted),returning_session,53,53,14,4,0,0,39,10,4,0,77,21,0,0,0,0.0,26.42,28.57,0.0,,0.0,0.0,73.58,71.43,100.0,,,0.0,
2020-12-31,2020-12,52,5,mobile,shop.googlemerchandisestore.com,referral,(referral),new_session,42,42,4,2,0,0,38,2,2,0,13,3,0,0,0,0.0,9.52,50.0,0.0,,0.0,0.0,90.48,50.0,100.0,,,0.0,
2020-12-31,2020-12,52,5,mobile,google,cpc,<Other>,new_session,38,38,4,0,0,0,34,4,0,0,5,0,0,0,0,0.0,10.53,0.0,,,0.0,0.0,89.47,100.0,,,,0.0,
2020-12-31,2020-12,52,5,tablet,google,organic,(organic),new_session,22,22,4,2,0,0,18,2,2,0,21,13,0,0,0,0.0,18.18,50.0,0.0,,0.0,0.0,81.82,50.0,100.0,,,0.0,
2020-12-31,2020-12,52,5,mobile,google,cpc,<Other>,returning_session,4,4,2,2,0,0,2,0,2,0,4,2,0,0,0,0.0,50.0,100.0,0.0,,0.0,0.0,50.0,0.0,100.0,,,0.0,
2020-12-31,2020-12,52,5,tablet,<Other>,organic,(organic),new_session,2,2,1,0,0,0,1,1,0,0,1,0,0,0,0,0.0,50.0,0.0,,,0.0,0.0,50.0,100.0,,,,0.0,
2020-12-31,2020-12,52,5,tablet,shop.googlemerchandisestore.com,referral,(referral),returning_session,3,3,1,0,0,0,2,1,0,0,1,0,0,0,0,0.0,33.33,0.0,,,0.0,0.0,66.67,100.0,,,,0.0,
2020-12-31,2020-12,52,5,desktop,shop.googlemerchandisestore.com,referral,(referral),new_session,70,70,6,1,0,0,64,5,1,0,11,5,0,0,0,0.0,8.57,16.67,0.0,,0.0,0.0,91.43,83.33,100.0,,,0.0,
2020-12-31,2020-12,52,5,mobile,<Other>,organic,(organic),new_session,27,27,5,2,0,0,22,3,2,0,8,5,0,0,0,0.0,18.52,40.0,0.0,,0.0,0.0,81.48,60.0,100.0,,,0.0,
2020-12-31,2020-12,52,5,mobile,<Other>,referral,(referral),new_session,67,67,12,0,0,0,55,12,0,0,17,0,0,0,0,0.0,17.91,0.0,,,0.0,0.0,82.09,100.0,,,,0.0,
2020-12-31,2020-12,52,5,tablet,<Other>,<Other>,<Other>,new_session,12,12,2,0,0,0,10,2,0,0,2,0,0,0,0,0.0,16.67,0.0,,,0.0,0.0,83.33,100.0,,,,0.0,
2020-12-31,2020-12,52,5,desktop,<Other>,organic,(organic),returning_session,6,6,2,0,0,0,4,2,0,0,9,0,0,0,0,0.0,33.33,0.0,,,0.0,0.0,66.67,100.0,,,,0.0,
2020-12-31,2020-12,52,5,mobile,(direct),(none),(direct),new_session,207,207,25,6,1,0,182,19,5,1,87,15,9,0,0,0.0,12.08,24.0,16.67,0.0,0.0,0.0,87.92,76.0,83.33,100.0,,0.0,
2020-12-31,2020-12,52,5,desktop,<Other>,organic,(organic),new_session,51,51,4,1,1,0,47,3,0,1,48,31,6,0,0,0.0,7.84,25.0,100.0,0.0,0.0,0.0,92.16,75.0,0.0,100.0,,0.0,
2020-12-31,2020-12,52,5,desktop,<Other>,<Other>,<Other>,returning_session,10,10,4,3,2,0,6,1,1,2,49,12,12,0,0,0.0,40.0,75.0,66.67,0.0,0.0,0.0,60.0,25.0,33.33,100.0,,0.0,
2020-12-31,2020-12,52,5,desktop,(direct),(none),(direct),returning_session,53,53,10,3,1,0,43,7,3,1,32,9,12,0,0,0.0,18.87,30.0,33.33,0.0,0.0,0.0,81.13,70.0,100.0,100.0,,0.0,
2020-12-31,2020-12,52,5,mobile,<Other>,organic,(organic),returning_session,4,4,3,1,1,0,1,2,0,1,12,5,12,0,0,0.0,75.0,33.33,100.0,0.0,0.0,0.0,25.0,66.67,0.0,100.0,,0.0,
2020-12-31,2020-12,52,5,mobile,<Other>,<Other>,<Other>,new_session,146,146,17,1,1,0,129,16,1,1,60,3,3,0,0,0.0,11.64,5.88,100.0,0.0,0.0,0.0,88.36,94.12,100.0,100.0,,0.0,
2020-12-31,2020-12,52,5,desktop,google,organic,(organic),new_session,432,432,60,7,4,1,372,53,6,3,180,21,18,1,1,75.0,13.89,11.67,57.14,25.0,0.23,1.67,86.11,88.33,85.71,75.0,75.0,0.17,75.0
2020-12-31,2020-12,52,5,desktop,(direct),(none),(direct),new_session,296,296,46,5,1,1,250,41,4,0,110,19,3,2,1,36.0,15.54,10.87,20.0,100.0,0.34,2.17,84.46,89.13,80.0,0.0,36.0,0.12,36.0
2020-12-31,2020-12,52,5,mobile,google,organic,(organic),new_session,295,295,30,7,2,1,265,23,5,1,84,13,6,1,1,26.0,10.17,23.33,28.57,50.0,0.34,3.33,89.83,76.67,71.43,50.0,26.0,0.09,26.0
2020-12-31,2020-12,52,5,desktop,<Other>,<Other>,<Other>,new_session,211,211,28,6,3,1,183,22,3,2,126,35,24,1,1,79.0,13.27,21.43,50.0,33.33,0.47,3.57,86.73,78.57,50.0,66.67,79.0,0.37,79.0
2020-12-31,2020-12,52,5,desktop,<Other>,referral,(referral),new_session,112,112,14,5,2,1,98,9,3,1,89,42,12,1,1,89.0,12.5,35.71,40.0,50.0,0.89,7.14,87.5,64.29,60.0,50.0,89.0,0.79,89.0
2020-12-31,2020-12,52,5,desktop,google,cpc,<Other>,new_session,67,67,12,4,2,1,55,8,2,1,39,11,9,1,1,27.0,17.91,33.33,50.0,50.0,1.49,8.33,82.09,66.67,50.0,50.0,27.0,0.4,27.0
2020-12-31,2020-12,52,5,mobile,google,organic,(organic),returning_session,46,46,12,2,1,1,34,10,2,0,61,9,6,1,1,16.0,26.09,16.67,50.0,100.0,2.17,8.33,73.91,83.33,100.0,0.0,16.0,0.35,16.0
2020-12-31,2020-12,52,5,mobile,(direct),(none),(direct),returning_session,41,41,7,3,2,1,34,4,1,1,37,8,15,1,1,18.0,17.07,42.86,66.67,50.0,2.44,14.29,82.93,57.14,33.33,50.0,18.0,0.44,18.0
2020-12-31,2020-12,52,5,desktop,shop.googlemerchandisestore.com,referral,(referral),returning_session,41,41,14,7,3,2,27,7,4,1,110,46,21,2,2,233.0,34.15,50.0,42.86,66.67,4.88,14.29,65.85,50.0,57.14,33.33,116.5,5.68,116.5
2020-12-31,2020-12,52,5,desktop,google,organic,(organic),returning_session,69,69,10,5,2,2,59,5,3,0,158,79,15,2,2,166.0,14.49,50.0,40.0,100.0,2.9,20.0,85.51,50.0,60.0,0.0,83.0,2.41,83.0
2020-12-31,2020-12,52,5,mobile,shop.googlemerchandisestore.com,referral,(referral),returning_session,20,20,4,3,2,1,16,1,1,1,8,4,9,1,1,52.0,20.0,75.0,66.67,50.0,5.0,25.0,80.0,25.0,33.33,50.0,52.0,2.6,52.0
2020-12-31,2020-12,52,5,desktop,<Other>,referral,(referral),returning_session,30,30,8,4,2,2,22,4,3,0,47,4,21,4,4,1464.0,26.67,50.0,50.0,100.0,6.67,25.0,73.33,50.0,75.0,0.0,732.0,48.8,366.0
2020-12-31,2020-12,52,5,desktop,(data deleted),(data deleted),(data deleted),returning_session,56,56,10,5,6,3,46,5,1,3,86,18,21,3,3,200.0,17.86,50.0,120.0,50.0,5.36,30.0,82.14,50.0,20.0,50.0,66.67,3.57,66.67
2020-12-31,2020-12,52,5,mobile,<Other>,referral,(referral),returning_session,18,18,3,2,2,2,15,1,1,0,9,2,9,2,2,41.0,16.67,66.67,100.0,100.0,11.11,66.67,83.33,33.33,50.0,0.0,20.5,2.28,20.5
2020-12-31,2020-12,52,5,tablet,(data deleted),(data deleted),(data deleted),returning_session,3,3,1,1,1,1,2,0,0,0,17,4,9,1,1,55.0,33.33,100.0,100.0,100.0,33.33,100.0,66.67,0.0,0.0,0.0,55.0,18.33,55.0
2020-12-31,2020-12,52,5,mobile,<Other>,<Other>,<Other>,returning_session,12,12,1,0,1,1,11,1,0,0,1,0,6,1,1,18.0,8.33,0.0,,100.0,8.33,100.0,91.67,100.0,,0.0,18.0,1.5,18.0
2020-11-10,2020-11,45,3,tablet,shop.googlemerchandisestore.com,referral,(referral),new_session,1,1,1,0,0,0,0,1,0,0,2,0,0,0,0,0.0,100.0,0.0,,,0.0,0.0,0.0,100.0,,,,0.0,
2020-11-10,2020-11,45,3,tablet,(direct),(none),(direct),returning_session,3,3,1,0,0,0,2,1,0,0,1,0,0,0,0,0.0,33.33,0.0,,,0.0,0.0,66.67,100.0,,,,0.0,
2020-11-10,2020-11,45,3,desktop,<Other>,organic,(organic),returning_session,10,10,3,0,0,0,7,3,0,0,18,0,0,0,0,0.0,30.0,0.0,,,0.0,0.0,70.0,100.0,,,,0.0,
2020-11-10,2020-11,45,3,tablet,<Other>,referral,(referral),returning_session,2,2,1,0,0,0,1,1,0,0,1,0,0,0,0,0.0,50.0,0.0,,,0.0,0.0,50.0,100.0,,,,0.0,
2020-11-10,2020-11,45,3,desktop,google,cpc,<Other>,returning_session,11,11,3,0,0,0,8,3,0,0,17,0,0,0,0,0.0,27.27,0.0,,,0.0,0.0,72.73,100.0,,,,0.0,
2020-11-10,2020-11,45,3,tablet,google,organic,(organic),returning_session,6,6,2,0,0,0,4,2,0,0,2,0,0,0,0,0.0,33.33,0.0,,,0.0,0.0,66.67,100.0,,,,0.0,
2020-11-10,2020-11,45,3,mobile,(data deleted),(data deleted),(data deleted),new_session,4,4,1,0,0,0,3,1,0,0,2,0,0,0,0,0.0,25.0,0.0,,,0.0,0.0,75.0,100.0,,,,0.0,
2020-11-10,2020-11,45,3,tablet,<Other>,referral,(referral),new_session,6,6,1,0,0,0,5,1,0,0,1,0,0,0,0,0.0,16.67,0.0,,,0.0,0.0,83.33,100.0,,,,0.0,
2020-11-10,2020-11,45,3,tablet,google,cpc,<Other>,new_session,2,2,0,0,0,0,2,0,0,0,0,0,0,0,0,0.0,0.0,,,,0.0,,100.0,,,,,0.0,
2020-11-10,2020-11,45,3,tablet,(data deleted),(data deleted),(data deleted),returning_session,8,8,1,0,0,0,7,1,0,0,1,0,0,0,0,0.0,12.5,0.0,,,0.0,0.0,87.5,100.0,,,,0.0,
2020-11-10,2020-11,45,3,tablet,<Other>,<Other>,<Other>,returning_session,3,3,1,0,0,0,2,1,0,0,2,0,0,0,0,0.0,33.33,0.0,,,0.0,0.0,66.67,100.0,,,,0.0,
2020-11-10,2020-11,45,3,tablet,(direct),(none),(direct),new_session,6,6,0,0,0,0,6,0,0,0,0,0,0,0,0,0.0,0.0,,,,0.0,,100.0,,,,,0.0,
2020-11-10,2020-11,45,3,desktop,(data deleted),(data deleted),<Other>,returning_session,2,2,0,0,0,0,2,0,0,0,0,0,0,0,0,0.0,0.0,,,,0.0,,100.0,,,,,0.0,
2020-11-10,2020-11,45,3,tablet,shop.googlemerchandisestore.com,referral,(referral),returning_session,4,4,2,0,0,0,2,2,0,0,3,0,0,0,0,0.0,50.0,0.0,,,0.0,0.0,50.0,100.0,,,,0.0,
2020-11-10,2020-11,45,3,desktop,(data deleted),(data deleted),(data deleted),new_session,2,2,1,0,0,0,1,1,0,0,2,0,0,0,0,0.0,50.0,0.0,,,0.0,0.0,50.0,100.0,,,,0.0,
2020-11-10,2020-11,45,3,tablet,google,organic,(organic),new_session,15,15,7,0,0,0,8,7,0,0,20,0,0,0,0,0.0,46.67,0.0,,,0.0,0.0,53.33,100.0,,,,0.0,
2020-11-10,2020-11,45,3,mobile,google,cpc,<Other>,returning_session,8,8,1,0,0,0,7,1,0,0,1,0,0,0,0,0.0,12.5,0.0,,,0.0,0.0,87.5,100.0,,,,0.0,
2020-11-10,2020-11,45,3,mobile,<Other>,(data deleted),(data deleted),returning_session,2,2,2,0,0,0,0,2,0,0,3,0,0,0,0,0.0,100.0,0.0,,,0.0,0.0,0.0,100.0,,,,0.0,
2020-11-10,2020-11,45,3,desktop,google,cpc,<Other>,new_session,76,76,23,0,4,0,53,23,0,4,73,0,4,0,0,0.0,30.26,0.0,,0.0,0.0,0.0,69.74,100.0,,100.0,,0.0,
2020-11-10,2020-11,45,3,desktop,<Other>,(data deleted),(data deleted),returning_session,5,5,2,0,2,0,3,2,0,2,15,0,2,0,0,0.0,40.0,0.0,,0.0,0.0,0.0,60.0,100.0,,100.0,,0.0,
2020-11-10,2020-11,45,3,desktop,shop.googlemerchandisestore.com,referral,(referral),new_session,80,79,23,0,3,0,56,23,0,3,71,0,4,0,0,0.0,29.11,0.0,,0.0,0.0,0.0,70.89,100.0,,100.0,,0.0,
2020-11-10,2020-11,45,3,mobile,(direct),(none),(direct),returning_session,111,111,39,0,6,0,72,39,0,6,164,0,13,0,0,0.0,35.14,0.0,,0.0,0.0,0.0,64.86,100.0,,100.0,,0.0,
2020-11-10,2020-11,45,3,desktop,<Other>,organic,(organic),new_session,44,44,10,0,1,0,34,10,0,1,34,0,2,0,0,0.0,22.73,0.0,,0.0,0.0,0.0,77.27,100.0,,100.0,,0.0,
2020-11-10,2020-11,45,3,mobile,shop.googlemerchandisestore.com,referral,(referral),new_session,47,47,9,0,3,0,38,9,0,3,29,0,5,0,0,0.0,19.15,0.0,,0.0,0.0,0.0,80.85,100.0,,100.0,,0.0,
2020-11-10,2020-11,45,3,tablet,<Other>,<Other>,<Other>,new_session,13,13,3,0,1,0,10,3,0,1,6,0,1,0,0,0.0,23.08,0.0,,0.0,0.0,0.0,76.92,100.0,,100.0,,0.0,
2020-11-10,2020-11,45,3,desktop,<Other>,referral,(referral),new_session,125,125,30,0,6,1,95,30,0,5,196,0,6,1,1,32.0,24.0,0.0,,16.67,0.8,3.33,76.0,100.0,,83.33,32.0,0.26,32.0
2020-11-10,2020-11,45,3,desktop,<Other>,referral,(referral),returning_session,91,91,20,0,5,1,71,20,0,4,138,0,7,1,1,18.0,21.98,0.0,,20.0,1.1,5.0,78.02,100.0,,80.0,18.0,0.2,18.0
2020-11-10,2020-11,45,3,mobile,<Other>,referral,(referral),new_session,113,113,25,0,4,1,88,25,0,3,130,0,4,1,1,72.0,22.12,0.0,,25.0,0.88,4.0,77.88,100.0,,75.0,72.0,0.64,72.0
2020-11-10,2020-11,45,3,mobile,<Other>,referral,(referral),returning_session,55,55,18,0,2,1,37,18,0,1,109,0,3,1,1,34.0,32.73,0.0,,50.0,1.82,5.56,67.27,100.0,,50.0,34.0,0.62,34.0
2020-11-10,2020-11,45,3,mobile,<Other>,organic,(organic),new_session,33,33,8,0,2,1,25,8,0,1,12,0,3,1,1,22.0,24.24,0.0,,50.0,3.03,12.5,75.76,100.0,,50.0,22.0,0.67,22.0
2020-11-10,2020-11,45,3,mobile,<Other>,organic,(organic),returning_session,9,9,3,0,1,1,6,3,0,0,13,0,1,1,1,48.0,33.33,0.0,,100.0,11.11,33.33,66.67,100.0,,0.0,48.0,5.33,48.0
2020-11-10,2020-11,45,3,mobile,(data deleted),(data deleted),<Other>,returning_session,1,1,1,0,1,1,0,1,0,0,9,0,1,1,1,47.0,100.0,0.0,,100.0,100.0,100.0,0.0,100.0,,0.0,47.0,47.0,47.0
2020-11-10,2020-11,45,3,mobile,google,organic,(organic),new_session,354,354,94,0,14,2,260,94,0,12,556,0,17,2,2,156.0,26.55,0.0,,14.29,0.56,2.13,73.45,100.0,,85.71,78.0,0.44,78.0
2020-11-10,2020-11,45,3,mobile,<Other>,<Other>,<Other>,new_session,181,181,36,0,6,2,145,36,0,4,126,0,9,2,2,75.0,19.89,0.0,,33.33,1.1,5.56,80.11,100.0,,66.67,37.5,0.41,37.5
2020-11-10,2020-11,45,3,desktop,(data deleted),(data deleted),(data deleted),returning_session,152,152,34,0,5,2,118,34,0,3,219,0,9,2,2,118.0,22.37,0.0,,40.0,1.32,5.88,77.63,100.0,,60.0,59.0,0.78,59.0
2020-11-10,2020-11,45,3,mobile,<Other>,<Other>,<Other>,returning_session,25,25,9,0,5,2,16,9,0,3,49,0,7,2,2,80.0,36.0,0.0,,40.0,8.0,22.22,64.0,100.0,,60.0,40.0,3.2,40.0
2020-11-10,2020-11,45,3,mobile,google,cpc,<Other>,new_session,62,62,16,0,5,2,46,16,0,3,191,0,6,2,2,92.0,25.81,0.0,,40.0,3.23,12.5,74.19,100.0,,60.0,46.0,1.48,46.0
2020-11-10,2020-11,45,3,desktop,<Other>,<Other>,<Other>,returning_session,39,39,15,0,4,2,24,15,0,2,76,0,8,2,2,152.0,38.46,0.0,,50.0,5.13,13.33,61.54,100.0,,50.0,76.0,3.9,76.0
2020-11-10,2020-11,45,3,mobile,(direct),(none),(direct),new_session,221,221,45,0,10,3,176,45,0,7,308,0,12,3,3,73.0,20.36,0.0,,30.0,1.36,6.67,79.64,100.0,,70.0,24.33,0.33,24.33
2020-11-10,2020-11,45,3,desktop,<Other>,<Other>,<Other>,new_session,261,261,69,0,10,3,192,69,0,7,526,0,14,3,3,219.0,26.44,0.0,,30.0,1.15,4.35,73.56,100.0,,70.0,73.0,0.84,73.0
2020-11-10,2020-11,45,3,desktop,shop.googlemerchandisestore.com,referral,(referral),returning_session,118,118,36,0,5,3,82,36,0,2,189,0,12,3,3,154.0,30.51,0.0,,60.0,2.54,8.33,69.49,100.0,,40.0,51.33,1.31,51.33
2020-11-10,2020-11,45,3,desktop,(direct),(none),(direct),new_session,346,346,82,0,16,4,264,82,0,12,520,0,24,4,4,478.0,23.7,0.0,,25.0,1.16,4.88,76.3,100.0,,75.0,119.5,1.38,119.5
2020-11-10,2020-11,45,3,desktop,google,organic,(organic),new_session,496,496,114,0,14,4,382,114,0,10,525,0,22,4,4,199.0,22.98,0.0,,28.57,0.81,3.51,77.02,100.0,,71.43,49.75,0.4,49.75
2020-11-10,2020-11,45,3,mobile,shop.googlemerchandisestore.com,referral,(referral),returning_session,103,103,21,0,6,4,82,21,0,2,150,0,14,4,4,521.0,20.39,0.0,,66.67,3.88,19.05,79.61,100.0,,33.33,130.25,5.06,130.25
2020-11-10,2020-11,45,3,mobile,google,organic,(organic),returning_session,120,120,30,0,4,4,90,30,0,1,108,0,5,4,4,218.0,25.0,0.0,,100.0,3.33,13.33,75.0,100.0,,25.0,54.5,1.82,54.5
2020-11-10,2020-11,45,3,mobile,(data deleted),(data deleted),(data deleted),returning_session,109,109,22,0,8,5,87,22,0,3,80,0,11,5,5,246.0,20.18,0.0,,62.5,4.59,22.73,79.82,100.0,,37.5,49.2,2.26,49.2
2020-11-10,2020-11,45,3,desktop,google,organic,(organic),returning_session,168,168,37,0,7,5,131,37,0,2,254,0,13,5,5,338.0,22.02,0.0,,71.43,2.98,13.51,77.98,100.0,,28.57,67.6,2.01,67.6
2020-11-10,2020-11,45,3,desktop,(direct),(none),(direct),returning_session,171,171,49,0,13,9,122,49,0,4,310,0,27,9,9,622.0,28.65,0.0,,69.23,5.26,18.37,71.35,100.0,,30.77,69.11,3.64,69.11
2020-11-30,2020-11,48,2,tablet,<Other>,referral,(referral),new_session,5,5,2,2,0,0,3,0,2,0,17,8,0,0,0,0.0,40.0,100.0,0.0,,0.0,0.0,60.0,0.0,100.0,,,0.0,
2020-11-30,2020-11,48,2,tablet,google,organic,(organic),new_session,40,40,5,1,0,0,35,4,1,0,12,1,0,0,0,0.0,12.5,20.0,0.0,,0.0,0.0,87.5,80.0,100.0,,,0.0,
2020-11-30,2020-11,48,2,mobile,<Other>,organic,(organic),returning_session,10,10,3,1,0,0,7,2,1,0,11,5,0,0,0,0.0,30.0,33.33,0.0,,0.0,0.0,70.0,66.67,100.0,,,0.0,
2020-11-30,2020-11,48,2,tablet,shop.googlemerchandisestore.com,referral,(referral),new_session,2,2,1,0,0,0,1,1,0,0,1,0,0,0,0,0.0,50.0,0.0,,,0.0,0.0,50.0,100.0,,,,0.0,
2020-11-30,2020-11,48,2,desktop,(data deleted),(data deleted),(data deleted),new_session,11,9,1,0,0,0,9,1,0,0,1,0,0,0,0,0.0,11.11,0.0,,,0.0,0.0,100.0,100.0,,,,0.0,
2020-11-30,2020-11,48,2,tablet,shop.googlemerchandisestore.com,referral,(referral),returning_session,4,4,2,1,0,0,2,1,1,0,14,4,0,0,0,0.0,50.0,50.0,0.0,,0.0,0.0,50.0,50.0,100.0,,,0.0,
2020-11-30,2020-11,48,2,tablet,(direct),(none),(direct),returning_session,7,7,2,0,0,0,5,2,0,0,2,0,0,0,0,0.0,28.57,0.0,,,0.0,0.0,71.43,100.0,,,,0.0,
2020-11-30,2020-11,48,2,tablet,<Other>,organic,(organic),returning_session,1,1,0,0,0,0,1,0,0,0,0,0,0,0,0,0.0,0.0,,,,0.0,,100.0,,,,,0.0,
2020-11-30,2020-11,48,2,mobile,(data deleted),(data deleted),<Other>,returning_session,1,1,0,0,0,0,1,0,0,0,0,0,0,0,0,0.0,0.0,,,,0.0,,100.0,,,,,0.0,
2020-11-30,2020-11,48,2,mobile,(data deleted),(data deleted),(data deleted),new_session,4,4,0,0,0,0,4,0,0,0,0,0,0,0,0,0.0,0.0,,,,0.0,,100.0,,,,,0.0,
2020-11-30,2020-11,48,2,tablet,<Other>,<Other>,<Other>,new_session,10,10,0,0,0,0,10,0,0,0,0,0,0,0,0,0.0,0.0,,,,0.0,,100.0,,,,,0.0,
2020-11-30,2020-11,48,2,tablet,google,cpc,<Other>,new_session,5,5,1,0,0,0,4,1,0,0,2,0,0,0,0,0.0,20.0,0.0,,,0.0,0.0,80.0,100.0,,,,0.0,
2020-11-30,2020-11,48,2,desktop,(data deleted),(data deleted),<Other>,returning_session,1,1,0,0,0,0,1,0,0,0,0,0,0,0,0,0.0,0.0,,,,0.0,,100.0,,,,,0.0,
2020-11-30,2020-11,48,2,tablet,<Other>,referral,(referral),returning_session,4,4,0,0,0,0,4,0,0,0,0,0,0,0,0,0.0,0.0,,,,0.0,,100.0,,,,,0.0,
2020-11-30,2020-11,48,2,tablet,(data deleted),(data deleted),(data deleted),returning_session,5,5,2,0,0,0,3,2,0,0,3,0,0,0,0,0.0,40.0,0.0,,,0.0,0.0,60.0,100.0,,,,0.0,
2020-11-30,2020-11,48,2,desktop,<Other>,(data deleted),(data deleted),returning_session,1,1,0,0,0,0,1,0,0,0,0,0,0,0,0,0.0,0.0,,,,0.0,,100.0,,,,,0.0,
2020-11-30,2020-11,48,2,mobile,<Other>,(data deleted),(data deleted),returning_session,3,3,1,1,1,1,2,0,0,0,22,6,2,1,1,52.0,33.33,100.0,100.0,100.0,33.33,100.0,66.67,0.0,0.0,0.0,52.0,17.33,52.0
2020-11-30,2020-11,48,2,mobile,google,cpc,<Other>,returning_session,9,9,2,1,1,1,7,1,0,0,17,2,4,1,1,71.0,22.22,50.0,100.0,100.0,11.11,50.0,77.78,50.0,0.0,0.0,71.0,7.89,71.0
2020-11-30,2020-11,48,2,tablet,<Other>,<Other>,<Other>,returning_session,2,2,2,2,1,1,0,0,1,0,10,5,10,1,1,7.0,100.0,100.0,50.0,100.0,50.0,50.0,0.0,0.0,50.0,0.0,7.0,3.5,7.0
2020-11-30,2020-11,48,2,desktop,<Other>,organic,(organic),new_session,72,71,22,6,1,1,49,16,5,0,96,30,4,1,1,97.0,30.99,27.27,16.67,100.0,1.39,4.55,69.01,72.73,83.33,0.0,97.0,1.35,97.0
2020-11-30,2020-11,48,2,desktop,<Other>,<Other>,<Other>,returning_session,57,57,12,2,1,1,45,10,2,0,38,4,6,1,1,22.0,21.05,16.67,50.0,100.0,1.75,8.33,78.95,83.33,100.0,0.0,22.0,0.39,22.0
2020-11-30,2020-11,48,2,desktop,google,cpc,<Other>,returning_session,16,16,9,4,2,2,7,5,3,0,44,9,6,2,2,130.0,56.25,44.44,50.0,100.0,12.5,22.22,43.75,55.56,75.0,0.0,65.0,8.13,65.0
2020-11-30,2020-11,48,2,mobile,<Other>,<Other>,<Other>,returning_session,23,23,5,2,2,2,18,3,0,0,60,28,18,5,5,831.0,21.74,40.0,100.0,100.0,8.7,40.0,78.26,60.0,0.0,0.0,415.5,36.13,166.2
2020-11-30,2020-11,48,2,desktop,<Other>,organic,(organic),returning_session,12,12,6,3,1,0,6,3,2,1,55,22,4,0,0,0.0,50.0,50.0,33.33,0.0,0.0,0.0,50.0,50.0,66.67,100.0,,0.0,
2020-11-30,2020-11,48,2,tablet,(direct),(none),(direct),new_session,13,13,2,0,1,0,11,2,0,1,5,0,2,0,0,0.0,15.38,0.0,,0.0,0.0,0.0,84.62,100.0,,100.0,,0.0,
2020-11-30,2020-11,48,2,tablet,google,organic,(organic),returning_session,8,8,2,0,1,0,6,2,0,1,3,0,6,0,0,0.0,25.0,0.0,,0.0,0.0,0.0,75.0,100.0,,100.0,,0.0,
2020-11-30,2020-11,48,2,mobile,google,cpc,<Other>,new_session,85,85,16,7,1,0,69,9,6,1,100,32,2,0,0,0.0,18.82,43.75,14.29,0.0,0.0,0.0,81.18,56.25,85.71,100.0,,0.0,
2020-11-30,2020-11,48,2,mobile,<Other>,organic,(organic),new_session,41,41,8,2,2,1,33,6,2,1,34,5,10,1,1,24.0,19.51,25.0,100.0,50.0,2.44,12.5,80.49,75.0,100.0,50.0,24.0,0.59,24.0
2020-11-30,2020-11,48,2,mobile,(direct),(none),(direct),returning_session,121,121,28,9,4,3,93,19,6,1,179,43,11,3,3,514.0,23.14,32.14,44.44,75.0,2.48,10.71,76.86,67.86,66.67,25.0,171.33,4.25,171.33
2020-11-30,2020-11,48,2,desktop,google,cpc,<Other>,new_session,111,111,30,11,5,4,81,19,6,1,185,41,14,4,4,255.0,27.03,36.67,45.45,80.0,3.6,13.33,72.97,63.33,54.55,20.0,63.75,2.3,63.75
2020-11-30,2020-11,48,2,mobile,shop.googlemerchandisestore.com,referral,(referral),new_session,56,56,16,6,5,3,40,10,1,2,120,21,36,4,4,254.0,28.57,37.5,83.33,60.0,5.36,18.75,71.43,62.5,16.67,40.0,84.67,4.54,63.5
2020-11-30,2020-11,48,2,mobile,shop.googlemerchandisestore.com,referral,(referral),returning_session,84,83,20,8,6,4,63,12,2,2,115,23,44,6,6,403.0,24.1,40.0,75.0,66.67,4.76,20.0,75.9,60.0,25.0,33.33,100.75,4.8,67.17
2020-11-30,2020-11,48,2,desktop,(data deleted),(data deleted),(data deleted),returning_session,173,173,37,20,10,8,136,17,11,2,249,102,56,10,10,501.0,21.39,54.05,50.0,80.0,4.62,21.62,78.61,45.95,55.0,20.0,62.63,2.9,50.1
2020-11-30,2020-11,48,2,desktop,<Other>,referral,(referral),new_session,169,169,51,18,5,2,118,33,13,3,237,49,14,2,2,107.0,30.18,35.29,27.78,40.0,1.18,3.92,69.82,64.71,72.22,60.0,53.5,0.63,53.5
2020-11-30,2020-11,48,2,mobile,<Other>,referral,(referral),returning_session,57,57,26,12,8,5,31,14,5,3,144,23,22,5,5,368.0,45.61,46.15,66.67,62.5,8.77,19.23,54.39,53.85,41.67,37.5,73.6,6.46,73.6
2020-11-30,2020-11,48,2,desktop,<Other>,referral,(referral),returning_session,102,102,27,11,9,6,75,16,3,3,178,95,46,6,6,786.0,26.47,40.74,81.82,66.67,5.88,22.22,73.53,59.26,27.27,33.33,131.0,7.71,131.0
2020-11-30,2020-11,48,2,desktop,shop.googlemerchandisestore.com,referral,(referral),returning_session,126,126,41,15,11,8,85,26,7,3,267,72,58,9,9,581.0,32.54,36.59,73.33,72.73,6.35,19.51,67.46,63.41,46.67,27.27,72.63,4.61,64.56
2020-11-30,2020-11,48,2,desktop,shop.googlemerchandisestore.com,referral,(referral),new_session,95,95,19,8,6,2,76,11,2,4,195,16,18,2,2,123.0,20.0,42.11,75.0,33.33,2.11,10.53,80.0,57.89,25.0,66.67,61.5,1.29,61.5
2020-11-30,2020-11,48,2,mobile,<Other>,referral,(referral),new_session,121,121,28,12,6,2,93,16,7,4,214,53,16,4,2,225.0,23.14,42.86,50.0,33.33,1.65,7.14,76.86,57.14,58.33,66.67,112.5,1.86,112.5
2020-11-30,2020-11,48,2,mobile,(data deleted),(data deleted),(data deleted),returning_session,145,145,44,22,9,5,101,22,14,4,227,89,36,5,5,500.0,30.34,50.0,40.91,55.56,3.45,11.36,69.66,50.0,63.64,44.44,100.0,3.45,100.0
2020-11-30,2020-11,48,2,mobile,<Other>,<Other>,<Other>,new_session,209,209,59,18,9,5,150,41,10,4,335,35,31,5,5,232.0,28.23,30.51,50.0,55.56,2.39,8.47,71.77,69.49,55.56,44.44,46.4,1.11,46.4
2020-11-30,2020-11,48,2,mobile,google,organic,(organic),returning_session,116,116,39,14,11,7,77,25,5,4,360,105,56,7,7,577.0,33.62,35.9,78.57,63.64,6.03,17.95,66.38,64.1,35.71,36.36,82.43,4.97,82.43
2020-11-30,2020-11,48,2,desktop,(direct),(none),(direct),returning_session,191,190,47,18,10,6,143,29,9,4,321,97,55,8,8,815.0,24.74,38.3,55.56,60.0,3.14,12.77,75.26,61.7,50.0,40.0,135.83,4.27,101.88
2020-11-30,2020-11,48,2,desktop,google,organic,(organic),returning_session,194,194,46,18,15,9,148,28,8,6,257,56,62,9,9,1394.0,23.71,39.13,83.33,60.0,4.64,19.57,76.29,60.87,44.44,40.0,154.89,7.19,154.89
2020-11-30,2020-11,48,2,mobile,google,organic,(organic),new_session,429,429,101,30,16,9,328,71,19,7,509,113,61,10,10,763.0,23.54,29.7,53.33,56.25,2.1,8.91,76.46,70.3,63.33,43.75,84.78,1.78,76.3
2020-11-30,2020-11,48,2,mobile,(direct),(none),(direct),new_session,270,270,66,24,16,7,204,42,8,9,292,126,41,7,7,470.0,24.44,36.36,66.67,43.75,2.59,10.61,75.56,63.64,33.33,56.25,67.14,1.74,67.14
2020-11-30,2020-11,48,2,desktop,<Other>,<Other>,<Other>,new_session,338,338,96,26,17,4,242,70,10,13,560,105,44,4,4,190.0,28.4,27.08,65.38,23.53,1.18,4.17,71.6,72.92,38.46,76.47,47.5,0.56,47.5
2020-11-30,2020-11,48,2,desktop,google,organic,(organic),new_session,637,637,159,51,25,10,478,108,28,15,938,164,75,10,10,1087.0,24.96,32.08,49.02,40.0,1.57,6.29,75.04,67.92,54.9,60.0,108.7,1.71,108.7
2020-11-30,2020-11,48,2,desktop,(direct),(none),(direct),new_session,387,386,105,41,23,7,281,64,21,16,619,141,69,7,7,565.0,27.2,39.05,56.1,30.43,1.81,6.67,72.8,60.95,51.22,69.57,80.71,1.46,80.71
2020-12-18,2020-12,50,6,mobile,google,cpc,<Other>,new_session,80,80,9,0,0,0,71,9,0,0,24,0,0,0,0,0.0,11.25,0.0,,,0.0,0.0,88.75,100.0,,,,0.0,
2020-12-18,2020-12,50,6,tablet,(data deleted),(data deleted),(data deleted),returning_session,2,2,0,0,0,0,2,0,0,0,0,0,0,0,0,0.0,0.0,,,,0.0,,100.0,,,,,0.0,
2020-12-18,2020-12,50,6,tablet,<Other>,organic,(organic),returning_session,1,1,0,0,0,0,1,0,0,0,0,0,0,0,0,0.0,0.0,,,,0.0,,100.0,,,,,0.0,
2020-12-18,2020-12,50,6,tablet,google,organic,(organic),returning_session,6,6,2,0,0,0,4,2,0,0,11,0,0,0,0,0.0,33.33,0.0,,,0.0,0.0,66.67,100.0,,,,0.0,
2020-12-18,2020-12,50,6,tablet,google,organic,(organic),new_session,25,25,3,0,0,0,22,3,0,0,5,0,0,0,0,0.0,12.0,0.0,,,0.0,0.0,88.0,100.0,,,,0.0,
2020-12-18,2020-12,50,6,mobile,(data deleted),(data deleted),(data deleted),new_session,1,1,0,0,0,0,1,0,0,0,0,0,0,0,0,0.0,0.0,,,,0.0,,100.0,,,,,0.0,
2020-12-18,2020-12,50,6,mobile,(data deleted),(data deleted),<Other>,returning_session,8,8,1,0,0,0,7,1,0,0,1,0,0,0,0,0.0,12.5,0.0,,,0.0,0.0,87.5,100.0,,,,0.0,
2020-12-18,2020-12,50,6,desktop,google,cpc,<Other>,returning_session,7,7,3,0,0,0,4,3,0,0,11,0,0,0,0,0.0,42.86,0.0,,,0.0,0.0,57.14,100.0,,,,0.0,
2020-12-18,2020-12,50,6,tablet,shop.googlemerchandisestore.com,referral,(referral),returning_session,4,4,0,0,0,0,4,0,0,0,0,0,0,0,0,0.0,0.0,,,,0.0,,100.0,,,,,0.0,
2020-12-18,2020-12,50,6,tablet,<Other>,<Other>,<Other>,returning_session,1,1,0,0,0,0,1,0,0,0,0,0,0,0,0,0.0,0.0,,,,0.0,,100.0,,,,,0.0,
2020-12-18,2020-12,50,6,desktop,<Other>,(data deleted),(data deleted),returning_session,2,2,1,0,0,0,1,1,0,0,5,0,0,0,0,0.0,50.0,0.0,,,0.0,0.0,50.0,100.0,,,,0.0,
2020-12-18,2020-12,50,6,tablet,shop.googlemerchandisestore.com,referral,(referral),new_session,5,5,0,0,0,0,5,0,0,0,0,0,0,0,0,0.0,0.0,,,,0.0,,100.0,,,,,0.0,
2020-12-18,2020-12,50,6,tablet,<Other>,referral,(referral),returning_session,2,2,0,0,0,0,2,0,0,0,0,0,0,0,0,0.0,0.0,,,,0.0,,100.0,,,,,0.0,
2020-12-18,2020-12,50,6,mobile,google,cpc,<Other>,returning_session,4,4,0,0,0,0,4,0,0,0,0,0,0,0,0,0.0,0.0,,,,0.0,,100.0,,,,,0.0,
2020-12-18,2020-12,50,6,tablet,<Other>,organic,(organic),new_session,10,10,0,0,0,0,10,0,0,0,0,0,0,0,0,0.0,0.0,,,,0.0,,100.0,,,,,0.0,
2020-12-18,2020-12,50,6,desktop,(data deleted),(data deleted),<Other>,returning_session,1,1,0,0,0,0,1,0,0,0,0,0,0,0,0,0.0,0.0,,,,0.0,,100.0,,,,,0.0,
2020-12-18,2020-12,50,6,tablet,<Other>,referral,(referral),new_session,5,5,0,0,0,0,5,0,0,0,0,0,0,0,0,0.0,0.0,,,,0.0,,100.0,,,,,0.0,
2020-12-18,2020-12,50,6,desktop,(data deleted),(data deleted),(data deleted),new_session,5,4,2,0,0,0,2,2,0,0,5,0,0,0,0,0.0,50.0,0.0,,,0.0,0.0,50.0,100.0,,,,0.0,
2020-12-18,2020-12,50,6,tablet,google,cpc,<Other>,new_session,1,1,0,0,0,0,1,0,0,0,0,0,0,0,0,0.0,0.0,,,,0.0,,100.0,,,,,0.0,
2020-12-18,2020-12,50,6,tablet,(direct),(none),(direct),new_session,20,20,3,1,0,0,17,2,1,0,16,2,0,0,0,0.0,15.0,33.33,0.0,,0.0,0.0,85.0,66.67,100.0,,,0.0,
2020-12-18,2020-12,50,6,mobile,<Other>,(data deleted),(data deleted),returning_session,2,2,1,1,0,0,1,0,1,0,9,1,0,0,0,0.0,50.0,100.0,0.0,,0.0,0.0,50.0,0.0,100.0,,,0.0,
2020-12-18,2020-12,50,6,mobile,<Other>,organic,(organic),new_session,39,39,7,1,0,0,32,6,1,0,22,1,0,0,0,0.0,17.95,14.29,0.0,,0.0,0.0,82.05,85.71,100.0,,,0.0,
2020-12-18,2020-12,50,6,desktop,<Other>,organic,(organic),returning_session,11,11,2,1,0,0,9,1,1,0,7,3,0,0,0,0.0,18.18,50.0,0.0,,0.0,0.0,81.82,50.0,100.0,,,0.0,
2020-12-18,2020-12,50,6,desktop,<Other>,organic,(organic),new_session,50,50,12,1,0,0,38,11,1,0,32,1,0,0,0,0.0,24.0,8.33,0.0,,0.0,0.0,76.0,91.67,100.0,,,0.0,
2020-12-18,2020-12,50,6,mobile,shop.googlemerchandisestore.com,referral,(referral),new_session,82,82,14,7,0,0,68,7,7,0,63,22,0,0,0,0.0,17.07,50.0,0.0,,0.0,0.0,82.93,50.0,100.0,,,0.0,
2020-12-18,2020-12,50,6,mobile,<Other>,referral,(referral),new_session,128,128,21,7,1,0,107,14,6,1,84,43,3,0,0,0.0,16.41,33.33,14.29,0.0,0.0,0.0,83.59,66.67,85.71,100.0,,0.0,
2020-12-18,2020-12,50,6,tablet,<Other>,<Other>,<Other>,new_session,19,19,6,3,1,0,13,3,2,1,34,26,3,0,0,0.0,31.58,50.0,33.33,0.0,0.0,0.0,68.42,50.0,66.67,100.0,,0.0,
2020-12-18,2020-12,50,6,desktop,<Other>,referral,(referral),new_session,193,193,49,12,2,1,144,37,10,1,171,43,18,1,1,19.0,25.39,24.49,16.67,50.0,0.52,2.04,74.61,75.51,83.33,50.0,19.0,0.1,19.0
2020-12-18,2020-12,50,6,mobile,<Other>,referral,(referral),returning_session,52,51,10,7,2,1,41,3,5,1,119,45,18,1,1,184.0,19.61,70.0,28.57,50.0,1.92,10.0,80.39,30.0,71.43,50.0,184.0,3.54,184.0
2020-12-18,2020-12,50,6,mobile,<Other>,organic,(organic),returning_session,19,19,4,3,1,1,15,1,2,0,28,16,8,1,1,112.0,21.05,75.0,33.33,100.0,5.26,25.0,78.95,25.0,66.67,0.0,112.0,5.89,112.0
2020-12-18,2020-12,50,6,desktop,<Other>,<Other>,<Other>,returning_session,33,33,8,3,1,1,25,5,3,0,76,9,3,1,1,96.0,24.24,37.5,33.33,100.0,3.03,12.5,75.76,62.5,100.0,0.0,96.0,2.91,96.0
2020-12-18,2020-12,50,6,desktop,shop.googlemerchandisestore.com,referral,(referral),new_session,102,102,15,2,1,1,87,13,1,0,47,8,9,1,1,14.0,14.71,13.33,50.0,100.0,0.98,6.67,85.29,86.67,50.0,0.0,14.0,0.14,14.0
2020-12-18,2020-12,50,6,desktop,<Other>,referral,(referral),returning_session,74,74,24,9,6,1,50,15,4,5,201,45,34,1,1,75.0,32.43,37.5,66.67,16.67,1.35,4.17,67.57,62.5,44.44,83.33,75.0,1.01,75.0
2020-12-18,2020-12,50,6,tablet,(direct),(none),(direct),returning_session,9,9,3,1,3,1,6,2,0,2,25,2,7,1,1,79.0,33.33,33.33,300.0,33.33,11.11,33.33,66.67,66.67,0.0,66.67,79.0,8.78,79.0
2020-12-18,2020-12,50,6,mobile,(direct),(none),(direct),new_session,353,353,71,14,4,2,282,57,10,2,353,109,18,2,2,162.0,20.11,19.72,28.57,50.0,0.57,2.82,79.89,80.28,71.43,50.0,81.0,0.46,81.0
2020-12-18,2020-12,50,6,mobile,<Other>,<Other>,<Other>,returning_session,30,30,7,6,4,2,23,1,2,2,37,18,30,4,4,71.0,23.33,85.71,66.67,50.0,6.67,28.57,76.67,14.29,33.33,50.0,35.5,2.37,17.75
2020-12-18,2020-12,50,6,desktop,google,cpc,<Other>,new_session,95,95,15,4,4,2,80,11,2,2,89,37,18,2,2,134.0,15.79,26.67,100.0,50.0,2.11,13.33,84.21,73.33,50.0,50.0,67.0,1.41,67.0
2020-12-18,2020-12,50,6,desktop,google,organic,(organic),new_session,740,740,157,31,13,3,583,126,24,10,567,139,77,4,3,189.0,21.22,19.75,41.94,23.08,0.41,1.91,78.78,80.25,77.42,76.92,63.0,0.26,63.0
2020-12-18,2020-12,50,6,mobile,shop.googlemerchandisestore.com,referral,(referral),returning_session,76,76,24,9,5,3,52,15,5,2,171,62,55,9,9,595.0,31.58,37.5,55.56,60.0,3.95,12.5,68.42,62.5,55.56,40.0,198.33,7.83,66.11
2020-12-18,2020-12,50,6,mobile,<Other>,<Other>,<Other>,new_session,260,260,61,12,8,3,199,49,6,5,242,50,39,3,3,201.0,23.46,19.67,66.67,37.5,1.15,4.92,76.54,80.33,50.0,62.5,67.0,0.77,67.0
2020-12-18,2020-12,50,6,desktop,<Other>,<Other>,<Other>,new_session,379,379,79,20,7,4,300,59,14,3,410,145,57,4,4,510.0,20.84,25.32,35.0,57.14,1.06,5.06,79.16,74.68,70.0,42.86,127.5,1.35,127.5
2020-12-18,2020-12,50,6,desktop,shop.googlemerchandisestore.com,referral,(referral),returning_session,120,120,35,17,8,4,85,18,11,4,173,44,36,4,4,383.0,29.17,48.57,47.06,50.0,3.33,11.43,70.83,51.43,64.71,50.0,95.75,3.19,95.75
2020-12-18,2020-12,50,6,mobile,(data deleted),(data deleted),(data deleted),returning_session,107,107,36,16,8,4,71,20,11,4,251,73,57,4,4,238.0,33.64,44.44,50.0,50.0,3.74,11.11,66.36,55.56,68.75,50.0,59.5,2.22,59.5
2020-12-18,2020-12,50,6,mobile,google,organic,(organic),returning_session,133,133,39,13,7,4,94,26,9,3,181,26,28,4,4,432.0,29.32,33.33,53.85,57.14,3.01,10.26,70.68,66.67,69.23,42.86,108.0,3.25,108.0
2020-12-18,2020-12,50,6,mobile,(direct),(none),(direct),returning_session,99,99,25,12,7,4,74,13,6,3,129,69,35,5,5,220.0,25.25,48.0,58.33,57.14,4.04,16.0,74.75,52.0,50.0,42.86,55.0,2.22,44.0
2020-12-18,2020-12,50,6,mobile,google,organic,(organic),new_session,481,480,87,28,15,5,393,59,17,10,373,125,69,5,5,286.0,18.13,32.18,53.57,33.33,1.04,5.75,81.88,67.82,60.71,66.67,57.2,0.59,57.2
2020-12-18,2020-12,50,6,desktop,(direct),(none),(direct),new_session,509,509,99,29,10,7,410,70,19,3,460,172,47,8,8,497.0,19.45,29.29,34.48,70.0,1.38,7.07,80.55,70.71,65.52,30.0,71.0,0.98,62.13
2020-12-18,2020-12,50,6,desktop,(direct),(none),(direct),returning_session,167,167,37,17,9,7,130,20,11,2,300,92,99,19,19,1058.0,22.16,45.95,52.94,77.78,4.19,18.92,77.84,54.05,64.71,22.22,151.14,6.34,55.68
2020-12-18,2020-12,50,6,desktop,google,organic,(organic),returning_session,150,150,46,12,12,8,104,34,8,4,321,44,101,13,13,696.0,30.67,26.09,100.0,66.67,5.33,17.39,69.33,73.91,66.67,33.33,87.0,4.64,53.54
2020-12-18,2020-12,50,6,desktop,(data deleted),(data deleted),(data deleted),returning_session,122,122,39,21,14,9,83,18,11,5,305,148,90,9,9,508.0,31.97,53.85,66.67,64.29,7.38,23.08,68.03,46.15,52.38,35.71,56.44,4.16,56.44
2021-01-01,2021-01,0,6,tablet,shop.googlemerchandisestore.com,referral,(referral),new_session,4,4,0,0,0,0,4,0,0,0,0,0,0,0,0,0.0,0.0,,,,0.0,,100.0,,,,,0.0,
2021-01-01,2021-01,0,6,tablet,(direct),(none),(direct),returning_session,1,1,0,0,0,0,1,0,0,0,0,0,0,0,0,0.0,0.0,,,,0.0,,100.0,,,,,0.0,
2021-01-01,2021-01,0,6,tablet,shop.googlemerchandisestore.com,referral,(referral),returning_session,1,1,0,0,0,0,1,0,0,0,0,0,0,0,0,0.0,0.0,,,,0.0,,100.0,,,,,0.0,
2021-01-01,2021-01,0,6,desktop,google,cpc,<Other>,returning_session,2,2,0,0,0,0,2,0,0,0,0,0,0,0,0,0.0,0.0,,,,0.0,,100.0,,,,,0.0,
2021-01-01,2021-01,0,6,desktop,(data deleted),(data deleted),<Other>,returning_session,3,3,0,0,0,0,3,0,0,0,0,0,0,0,0,0.0,0.0,,,,0.0,,100.0,,,,,0.0,
2021-01-01,2021-01,0,6,tablet,<Other>,<Other>,<Other>,returning_session,1,1,0,0,0,0,1,0,0,0,0,0,0,0,0,0.0,0.0,,,,0.0,,100.0,,,,,0.0,
2021-01-01,2021-01,0,6,mobile,google,cpc,<Other>,returning_session,4,4,0,0,0,0,4,0,0,0,0,0,0,0,0,0.0,0.0,,,,0.0,,100.0,,,,,0.0,
2021-01-01,2021-01,0,6,tablet,<Other>,organic,(organic),new_session,2,2,0,0,0,0,2,0,0,0,0,0,0,0,0,0.0,0.0,,,,0.0,,100.0,,,,,0.0,
2021-01-01,2021-01,0,6,mobile,<Other>,organic,(organic),returning_session,3,3,0,0,0,0,3,0,0,0,0,0,0,0,0,0.0,0.0,,,,0.0,,100.0,,,,,0.0,
2021-01-01,2021-01,0,6,mobile,<Other>,(data deleted),(data deleted),returning_session,1,1,1,0,0,0,0,1,0,0,2,0,0,0,0,0.0,100.0,0.0,,,0.0,0.0,0.0,100.0,,,,0.0,
2021-01-01,2021-01,0,6,mobile,google,cpc,<Other>,new_session,34,34,1,0,0,0,33,1,0,0,1,0,0,0,0,0.0,2.94,0.0,,,0.0,0.0,97.06,100.0,,,,0.0,
2021-01-01,2021-01,0,6,mobile,shop.googlemerchandisestore.com,referral,(referral),new_session,38,38,7,0,0,0,31,7,0,0,11,0,0,0,0,0.0,18.42,0.0,,,0.0,0.0,81.58,100.0,,,,0.0,
2021-01-01,2021-01,0,6,desktop,<Other>,organic,(organic),new_session,33,33,4,0,0,0,29,4,0,0,6,0,0,0,0,0.0,12.12,0.0,,,0.0,0.0,87.88,100.0,,,,0.0,
2021-01-01,2021-01,0,6,tablet,<Other>,referral,(referral),new_session,9,9,2,0,0,0,7,2,0,0,2,0,0,0,0,0.0,22.22,0.0,,,0.0,0.0,77.78,100.0,,,,0.0,
2021-01-01,2021-01,0,6,tablet,google,organic,(organic),new_session,7,7,1,0,0,0,6,1,0,0,1,0,0,0,0,0.0,14.29,0.0,,,0.0,0.0,85.71,100.0,,,,0.0,
2021-01-01,2021-01,0,6,tablet,<Other>,<Other>,<Other>,new_session,12,12,2,0,0,0,10,2,0,0,3,0,0,0,0,0.0,16.67,0.0,,,0.0,0.0,83.33,100.0,,,,0.0,
2021-01-01,2021-01,0,6,desktop,<Other>,<Other>,<Other>,returning_session,8,8,1,0,0,0,7,1,0,0,1,0,0,0,0,0.0,12.5,0.0,,,0.0,0.0,87.5,100.0,,,,0.0,
2021-01-01,2021-01,0,6,desktop,shop.googlemerchandisestore.com,referral,(referral),new_session,44,44,6,0,0,0,38,6,0,0,20,0,0,0,0,0.0,13.64,0.0,,,0.0,0.0,86.36,100.0,,,,0.0,
2021-01-01,2021-01,0,6,tablet,(direct),(none),(direct),new_session,12,12,2,0,0,0,10,2,0,0,6,0,0,0,0,0.0,16.67,0.0,,,0.0,0.0,83.33,100.0,,,,0.0,
2021-01-01,2021-01,0,6,mobile,<Other>,organic,(organic),new_session,18,18,2,0,0,0,16,2,0,0,2,0,0,0,0,0.0,11.11,0.0,,,0.0,0.0,88.89,100.0,,,,0.0,
2021-01-01,2021-01,0,6,desktop,<Other>,(data deleted),(data deleted),returning_session,1,1,1,0,0,0,0,1,0,0,2,0,0,0,0,0.0,100.0,0.0,,,0.0,0.0,0.0,100.0,,,,0.0,
2021-01-01,2021-01,0,6,desktop,<Other>,organic,(organic),returning_session,8,8,2,1,0,0,6,1,1,0,20,1,0,0,0,0.0,25.0,50.0,0.0,,0.0,0.0,75.0,50.0,100.0,,,0.0,
2021-01-01,2021-01,0,6,desktop,<Other>,referral,(referral),returning_session,26,26,8,1,0,0,18,7,1,0,32,1,0,0,0,0.0,30.77,12.5,0.0,,0.0,0.0,69.23,87.5,100.0,,,0.0,
2021-01-01,2021-01,0,6,mobile,google,organic,(organic),returning_session,32,32,5,1,0,0,27,4,1,0,17,1,0,0,0,0.0,15.63,20.0,0.0,,0.0,0.0,84.38,80.0,100.0,,,0.0,
2021-01-01,2021-01,0,6,desktop,<Other>,referral,(referral),new_session,99,99,11,1,0,0,88,10,1,0,17,2,0,0,0,0.0,11.11,9.09,0.0,,0.0,0.0,88.89,90.91,100.0,,,0.0,
2021-01-01,2021-01,0,6,mobile,<Other>,<Other>,<Other>,returning_session,9,9,2,1,0,0,7,1,1,0,17,2,0,0,0,0.0,22.22,50.0,0.0,,0.0,0.0,77.78,50.0,100.0,,,0.0,
2021-01-01,2021-01,0,6,desktop,shop.googlemerchandisestore.com,referral,(referral),returning_session,33,33,6,2,0,0,27,4,2,0,94,2,0,0,0,0.0,18.18,33.33,0.0,,0.0,0.0,81.82,66.67,100.0,,,0.0,
2021-01-01,2021-01,0,6,desktop,google,cpc,<Other>,new_session,62,62,6,1,0,0,56,5,1,0,15,2,0,0,0,0.0,9.68,16.67,0.0,,0.0,0.0,90.32,83.33,100.0,,,0.0,
2021-01-01,2021-01,0,6,mobile,shop.googlemerchandisestore.com,referral,(referral),returning_session,18,18,3,1,0,0,15,2,1,0,9,2,0,0,0,0.0,16.67,33.33,0.0,,0.0,0.0,83.33,66.67,100.0,,,0.0,
2021-01-01,2021-01,0,6,mobile,<Other>,referral,(referral),returning_session,9,9,4,2,0,0,5,2,2,0,27,4,0,0,0,0.0,44.44,50.0,0.0,,0.0,0.0,55.56,50.0,100.0,,,0.0,
2021-01-01,2021-01,0,6,mobile,<Other>,referral,(referral),new_session,70,70,7,2,1,1,63,5,1,0,28,4,3,1,1,19.0,10.0,28.57,50.0,100.0,1.43,14.29,90.0,71.43,50.0,0.0,19.0,0.27,19.0
2021-01-01,2021-01,0,6,desktop,(data deleted),(data deleted),(data deleted),returning_session,49,49,9,1,1,1,40,8,1,0,79,5,12,3,2,72.0,18.37,11.11,100.0,100.0,2.04,11.11,81.63,88.89,100.0,0.0,72.0,1.47,36.0
2021-01-01,2021-01,0,6,desktop,<Other>,<Other>,<Other>,new_session,206,206,22,3,3,0,184,19,1,3,60,6,9,0,0,0.0,10.68,13.64,100.0,0.0,0.0,0.0,89.32,86.36,33.33,100.0,,0.0,
2021-01-01,2021-01,0,6,desktop,(direct),(none),(direct),returning_session,52,52,13,4,2,0,39,9,2,2,53,14,9,0,0,0.0,25.0,30.77,50.0,0.0,0.0,0.0,75.0,69.23,50.0,100.0,,0.0,
2021-01-01,2021-01,0,6,mobile,(direct),(none),(direct),new_session,185,185,27,5,3,2,158,22,3,1,98,14,21,2,2,72.0,14.59,18.52,60.0,66.67,1.08,7.41,85.41,81.48,60.0,33.33,36.0,0.39,36.0
2021-01-01,2021-01,0,6,mobile,(data deleted),(data deleted),(data deleted),returning_session,36,36,7,4,1,1,29,3,3,0,39,18,3,1,1,34.0,19.44,57.14,25.0,100.0,2.78,14.29,80.56,42.86,75.0,0.0,34.0,0.94,34.0
2021-01-01,2021-01,0,6,mobile,google,organic,(organic),new_session,261,261,32,9,5,1,229,23,6,4,67,21,36,1,1,22.0,12.26,28.13,55.56,20.0,0.38,3.13,87.74,71.88,66.67,80.0,22.0,0.08,22.0
2021-01-01,2021-01,0,6,mobile,<Other>,<Other>,<Other>,new_session,144,144,18,3,3,0,126,15,0,3,93,24,15,0,0,0.0,12.5,16.67,100.0,0.0,0.0,0.0,87.5,83.33,0.0,100.0,,0.0,
2021-01-01,2021-01,0,6,desktop,google,organic,(organic),returning_session,42,42,8,3,2,2,34,5,1,0,147,24,15,2,2,181.0,19.05,37.5,66.67,100.0,4.76,25.0,80.95,62.5,33.33,0.0,90.5,4.31,90.5
2021-01-01,2021-01,0,6,tablet,google,cpc,<Other>,new_session,2,2,1,1,1,1,1,0,0,0,42,26,6,1,1,137.0,50.0,100.0,100.0,100.0,50.0,100.0,50.0,0.0,0.0,0.0,137.0,68.5,137.0
2021-01-01,2021-01,0,6,desktop,(direct),(none),(direct),new_session,284,284,42,11,1,1,242,31,10,0,265,34,6,1,1,305.0,14.79,26.19,9.09,100.0,0.35,2.38,85.21,73.81,90.91,0.0,305.0,1.07,305.0
2021-01-01,2021-01,0,6,mobile,(direct),(none),(direct),returning_session,36,36,9,4,2,2,27,5,2,0,56,34,9,2,2,133.0,25.0,44.44,50.0,100.0,5.56,22.22,75.0,55.56,50.0,0.0,66.5,3.69,66.5
2021-01-01,2021-01,0,6,desktop,google,organic,(organic),new_session,407,407,49,7,1,0,358,42,6,1,164,54,6,0,0,0.0,12.04,14.29,14.29,0.0,0.0,0.0,87.96,85.71,85.71,100.0,,0.0,
2020-12-04,2020-12,48,6,tablet,<Other>,organic,(organic),new_session,2,2,0,0,0,0,2,0,0,0,0,0,0,0,0,0.0,0.0,,,,0.0,,100.0,,,,,0.0,
2020-12-04,2020-12,48,6,tablet,shop.googlemerchandisestore.com,referral,(referral),new_session,3,3,0,0,0,0,3,0,0,0,0,0,0,0,0,0.0,0.0,,,,0.0,,100.0,,,,,0.0,
2020-12-04,2020-12,48,6,mobile,<Other>,(data deleted),(data deleted),returning_session,1,1,0,0,0,0,1,0,0,0,0,0,0,0,0,0.0,0.0,,,,0.0,,100.0,,,,,0.0,
2020-12-04,2020-12,48,6,desktop,(data deleted),(data deleted),(data deleted),new_session,5,5,2,1,0,0,3,1,1,0,6,1,0,0,0,0.0,40.0,50.0,0.0,,0.0,0.0,60.0,50.0,100.0,,,0.0,
2020-12-04,2020-12,48,6,tablet,<Other>,<Other>,<Other>,new_session,16,16,3,0,0,0,13,3,0,0,8,0,0,0,0,0.0,18.75,0.0,,,0.0,0.0,81.25,100.0,,,,0.0,
2020-12-04,2020-12,48,6,tablet,google,organic,(organic),new_session,28,28,6,0,0,0,22,6,0,0,9,0,0,0,0,0.0,21.43,0.0,,,0.0,0.0,78.57,100.0,,,,0.0,
2020-12-04,2020-12,48,6,tablet,google,organic,(organic),returning_session,6,6,0,0,0,0,6,0,0,0,0,0,0,0,0,0.0,0.0,,,,0.0,,100.0,,,,,0.0,
2020-12-04,2020-12,48,6,mobile,(data deleted),(data deleted),<Other>,returning_session,3,3,0,0,0,0,3,0,0,0,0,0,0,0,0,0.0,0.0,,,,0.0,,100.0,,,,,0.0,
2020-12-04,2020-12,48,6,tablet,shop.googlemerchandisestore.com,referral,(referral),returning_session,4,4,1,1,0,0,3,0,1,0,5,1,0,0,0,0.0,25.0,100.0,0.0,,0.0,0.0,75.0,0.0,100.0,,,0.0,
2020-12-04,2020-12,48,6,mobile,(data deleted),(data deleted),(data deleted),new_session,6,4,0,0,0,0,4,0,0,0,0,0,0,0,0,0.0,0.0,,,,0.0,,100.0,,,,,0.0,
2020-12-04,2020-12,48,6,tablet,(data deleted),(data deleted),(data deleted),returning_session,6,6,1,0,0,0,5,1,0,0,1,0,0,0,0,0.0,16.67,0.0,,,0.0,0.0,83.33,100.0,,,,0.0,
2020-12-04,2020-12,48,6,desktop,<Other>,(data deleted),(data deleted),returning_session,4,4,1,1,0,0,3,0,1,0,2,2,0,0,0,0.0,25.0,100.0,0.0,,0.0,0.0,75.0,0.0,100.0,,,0.0,
2020-12-04,2020-12,48,6,tablet,google,cpc,<Other>,new_session,5,5,2,2,0,0,3,0,2,0,14,3,0,0,0,0.0,40.0,100.0,0.0,,0.0,0.0,60.0,0.0,100.0,,,0.0,
2020-12-04,2020-12,48,6,mobile,google,cpc,<Other>,returning_session,11,11,5,2,0,0,6,3,2,0,13,2,0,0,0,0.0,45.45,40.0,0.0,,0.0,0.0,54.55,60.0,100.0,,,0.0,
2020-12-04,2020-12,48,6,desktop,<Other>,organic,(organic),new_session,70,70,11,2,0,0,59,9,2,0,61,7,0,0,0,0.0,15.71,18.18,0.0,,0.0,0.0,84.29,81.82,100.0,,,0.0,
2020-12-04,2020-12,48,6,tablet,(direct),(none),(direct),new_session,20,20,5,1,0,0,15,4,1,0,7,1,0,0,0,0.0,25.0,20.0,0.0,,0.0,0.0,75.0,80.0,100.0,,,0.0,
2020-12-04,2020-12,48,6,desktop,google,cpc,<Other>,returning_session,9,9,3,2,0,0,6,1,2,0,16,12,0,0,0,0.0,33.33,66.67,0.0,,0.0,0.0,66.67,33.33,100.0,,,0.0,
2020-12-04,2020-12,48,6,desktop,(data deleted),(data deleted),<Other>,returning_session,2,2,0,0,0,0,2,0,0,0,0,0,0,0,0,0.0,0.0,,,,0.0,,100.0,,,,,0.0,
2020-12-04,2020-12,48,6,tablet,<Other>,referral,(referral),new_session,5,5,0,0,0,0,5,0,0,0,0,0,0,0,0,0.0,0.0,,,,0.0,,100.0,,,,,0.0,
2020-12-04,2020-12,48,6,mobile,shop.googlemerchandisestore.com,referral,(referral),new_session,65,65,16,6,4,0,49,10,2,4,142,11,8,0,0,0.0,24.62,37.5,66.67,0.0,0.0,0.0,75.38,62.5,33.33,100.0,,0.0,
2020-12-04,2020-12,48,6,desktop,<Other>,organic,(organic),returning_session,8,8,2,1,1,0,6,1,0,1,2,2,4,0,0,0.0,25.0,50.0,100.0,0.0,0.0,0.0,75.0,50.0,0.0,100.0,,0.0,
2020-12-04,2020-12,48,6,mobile,<Other>,organic,(organic),new_session,36,36,7,2,1,0,29,5,1,1,31,10,4,0,0,0.0,19.44,28.57,50.0,0.0,0.0,0.0,80.56,71.43,50.0,100.0,,0.0,
2020-12-04,2020-12,48,6,mobile,<Other>,referral,(referral),new_session,116,116,27,9,2,0,89,18,7,2,78,20,4,0,0,0.0,23.28,33.33,22.22,0.0,0.0,0.0,76.72,66.67,77.78,100.0,,0.0,
2020-12-04,2020-12,48,6,mobile,<Other>,<Other>,<Other>,new_session,208,208,55,21,9,1,153,34,12,8,499,82,22,1,1,79.0,26.44,38.18,42.86,11.11,0.48,1.82,73.56,61.82,57.14,88.89,79.0,0.38,79.0
2020-12-04,2020-12,48,6,mobile,(direct),(none),(direct),returning_session,102,102,26,10,5,1,76,16,5,4,194,39,28,1,1,278.0,25.49,38.46,50.0,20.0,0.98,3.85,74.51,61.54,50.0,80.0,278.0,2.73,278.0
2020-12-04,2020-12,48,6,desktop,shop.googlemerchandisestore.com,referral,(referral),new_session,98,97,19,8,4,1,78,11,5,3,129,33,16,1,1,75.0,19.59,42.11,50.0,25.0,1.02,5.26,80.41,57.89,62.5,75.0,75.0,0.77,75.0
2020-12-04,2020-12,48,6,desktop,<Other>,referral,(referral),returning_session,70,70,23,11,4,1,47,12,8,3,157,63,12,1,1,326.0,32.86,47.83,36.36,25.0,1.43,4.35,67.14,52.17,72.73,75.0,326.0,4.66,326.0
2020-12-04,2020-12,48,6,mobile,<Other>,organic,(organic),returning_session,13,13,4,2,2,1,9,2,0,1,46,25,5,1,1,0.0,30.77,50.0,100.0,50.0,7.69,25.0,69.23,50.0,0.0,50.0,0.0,0.0,0.0
2020-12-04,2020-12,48,6,desktop,<Other>,<Other>,<Other>,returning_session,35,35,8,3,2,1,27,5,2,1,34,10,4,1,1,139.0,22.86,37.5,66.67,50.0,2.86,12.5,77.14,62.5,66.67,50.0,139.0,3.97,139.0
2020-12-04,2020-12,48,6,mobile,google,cpc,<Other>,new_session,62,62,14,5,2,1,48,9,3,1,99,20,12,1,1,40.0,22.58,35.71,40.0,50.0,1.61,7.14,77.42,64.29,60.0,50.0,40.0,0.65,40.0
2020-12-04,2020-12,48,6,tablet,<Other>,<Other>,<Other>,returning_session,1,1,1,1,1,1,0,0,0,0,12,8,2,1,1,32.0,100.0,100.0,100.0,100.0,100.0,100.0,0.0,0.0,0.0,0.0,32.0,32.0,32.0
2020-12-04,2020-12,48,6,mobile,<Other>,<Other>,<Other>,returning_session,29,29,5,2,1,1,24,3,1,0,24,2,4,1,1,63.0,17.24,40.0,50.0,100.0,3.45,20.0,82.76,60.0,50.0,0.0,63.0,2.17,63.0
2020-12-04,2020-12,48,6,tablet,(direct),(none),(direct),returning_session,8,8,2,2,1,1,6,0,1,0,17,2,2,1,1,76.0,25.0,100.0,50.0,100.0,12.5,50.0,75.0,0.0,50.0,0.0,76.0,9.5,76.0
2020-12-04,2020-12,48,6,desktop,<Other>,<Other>,<Other>,new_session,313,313,81,24,9,2,232,57,16,7,493,72,34,2,2,73.0,25.88,29.63,37.5,22.22,0.64,2.47,74.12,70.37,66.67,77.78,36.5,0.23,36.5
2020-12-04,2020-12,48,6,desktop,<Other>,referral,(referral),new_session,185,185,44,11,5,2,141,33,6,3,177,41,22,2,2,172.0,23.78,25.0,45.45,40.0,1.08,4.55,76.22,75.0,54.55,60.0,86.0,0.93,86.0
2020-12-04,2020-12,48,6,desktop,google,cpc,<Other>,new_session,117,117,31,7,5,2,86,24,3,3,222,22,28,2,2,55.0,26.5,22.58,71.43,40.0,1.71,6.45,73.5,77.42,42.86,60.0,27.5,0.47,27.5
2020-12-04,2020-12,48,6,desktop,(direct),(none),(direct),returning_session,188,187,53,13,11,3,134,40,7,8,357,65,47,3,3,88.0,28.34,24.53,84.62,27.27,1.6,5.66,71.66,75.47,53.85,72.73,29.33,0.47,29.33
2020-12-04,2020-12,48,6,mobile,(direct),(none),(direct),new_session,333,333,74,16,9,3,259,58,10,6,277,38,24,3,3,116.0,22.22,21.62,56.25,33.33,0.9,4.05,77.78,78.38,62.5,66.67,38.67,0.35,38.67
2020-12-04,2020-12,48,6,mobile,(data deleted),(data deleted),(data deleted),returning_session,154,154,53,24,8,4,101,29,17,4,386,154,37,4,4,129.0,34.42,45.28,33.33,50.0,2.6,7.55,65.58,54.72,70.83,50.0,32.25,0.84,32.25
2020-12-04,2020-12,48,6,desktop,(data deleted),(data deleted),(data deleted),returning_session,166,166,45,14,6,4,121,31,11,2,258,48,14,4,4,130.0,27.11,31.11,42.86,66.67,2.41,8.89,72.89,68.89,78.57,33.33,32.5,0.78,32.5
2020-12-04,2020-12,48,6,desktop,(direct),(none),(direct),new_session,456,456,111,26,13,4,345,85,16,9,489,77,50,5,5,237.0,24.34,23.42,50.0,30.77,0.88,3.6,75.66,76.58,61.54,69.23,59.25,0.52,47.4
2020-12-04,2020-12,48,6,mobile,<Other>,referral,(referral),returning_session,57,57,21,8,6,5,36,13,3,1,136,42,28,5,5,273.0,36.84,38.1,75.0,83.33,8.77,23.81,63.16,61.9,37.5,16.67,54.6,4.79,54.6
2020-12-04,2020-12,48,6,mobile,google,organic,(organic),new_session,433,433,99,31,15,7,334,68,20,8,459,92,44,7,7,293.0,22.86,31.31,48.39,46.67,1.62,7.07,77.14,68.69,64.52,53.33,41.86,0.68,41.86
2020-12-04,2020-12,48,6,mobile,google,organic,(organic),returning_session,142,141,40,17,13,8,101,23,8,5,270,78,39,9,8,595.0,28.37,42.5,76.47,61.54,5.63,20.0,71.63,57.5,47.06,38.46,74.38,4.19,74.38
2020-12-04,2020-12,48,6,mobile,shop.googlemerchandisestore.com,referral,(referral),returning_session,105,104,21,13,9,6,83,8,5,3,146,60,32,8,8,654.0,20.19,61.9,69.23,66.67,5.71,28.57,79.81,38.1,38.46,33.33,109.0,6.23,81.75
2020-12-04,2020-12,48,6,desktop,shop.googlemerchandisestore.com,referral,(referral),returning_session,128,128,34,14,9,7,94,20,5,2,299,100,60,9,9,1184.0,26.56,41.18,64.29,77.78,5.47,20.59,73.44,58.82,35.71,22.22,169.14,9.25,131.56
2020-12-04,2020-12,48,6,desktop,google,organic,(organic),new_session,697,697,172,49,25,9,525,123,31,16,1262,192,72,10,10,448.0,24.68,28.49,51.02,36.0,1.29,5.23,75.32,71.51,63.27,64.0,49.78,0.64,44.8
2020-12-04,2020-12,48,6,desktop,google,organic,(organic),returning_session,183,183,58,21,16,10,125,37,8,6,583,135,71,13,13,954.0,31.69,36.21,76.19,62.5,5.46,17.24,68.31,63.79,38.1,37.5,95.4,5.21,73.38
2020-12-21,2020-12,51,2,desktop,<Other>,(data deleted),(data deleted),returning_session,3,3,0,0,0,0,3,0,0,0,0,0,0,0,0,0.0,0.0,,,,0.0,,100.0,,,,,0.0,
2020-12-21,2020-12,51,2,tablet,<Other>,<Other>,<Other>,returning_session,2,2,0,0,0,0,2,0,0,0,0,0,0,0,0,0.0,0.0,,,,0.0,,100.0,,,,,0.0,
2020-12-21,2020-12,51,2,desktop,(data deleted),(data deleted),(data deleted),new_session,2,1,0,0,0,0,1,0,0,0,0,0,0,0,0,0.0,0.0,,,,0.0,,100.0,,,,,0.0,
2020-12-21,2020-12,51,2,mobile,google,cpc,<Other>,returning_session,3,3,0,0,0,0,3,0,0,0,0,0,0,0,0,0.0,0.0,,,,0.0,,100.0,,,,,0.0,
2020-12-21,2020-12,51,2,tablet,<Other>,(data deleted),(data deleted),returning_session,1,1,0,0,0,0,1,0,0,0,0,0,0,0,0,0.0,0.0,,,,0.0,,100.0,,,,,0.0,
2020-12-21,2020-12,51,2,tablet,<Other>,referral,(referral),new_session,9,9,0,0,0,0,9,0,0,0,0,0,0,0,0,0.0,0.0,,,,0.0,,100.0,,,,,0.0,
2020-12-21,2020-12,51,2,tablet,(data deleted),(data deleted),(data deleted),returning_session,3,3,0,0,0,0,3,0,0,0,0,0,0,0,0,0.0,0.0,,,,0.0,,100.0,,,,,0.0,
2020-12-21,2020-12,51,2,mobile,<Other>,(data deleted),(data deleted),returning_session,1,1,0,0,0,0,1,0,0,0,0,0,0,0,0,0.0,0.0,,,,0.0,,100.0,,,,,0.0,
2020-12-21,2020-12,51,2,tablet,google,cpc,<Other>,new_session,2,2,0,0,0,0,2,0,0,0,0,0,0,0,0,0.0,0.0,,,,0.0,,100.0,,,,,0.0,
2020-12-21,2020-12,51,2,mobile,(data deleted),(data deleted),<Other>,returning_session,3,3,0,0,0,0,3,0,0,0,0,0,0,0,0,0.0,0.0,,,,0.0,,100.0,,,,,0.0,
2020-12-21,2020-12,51,2,desktop,(data deleted),(data deleted),<Other>,returning_session,1,1,0,0,0,0,1,0,0,0,0,0,0,0,0,0.0,0.0,,,,0.0,,100.0,,,,,0.0,
2020-12-21,2020-12,51,2,mobile,<Other>,referral,(referral),returning_session,44,44,7,3,0,0,37,4,3,0,31,8,0,0,0,0.0,15.91,42.86,0.0,,0.0,0.0,84.09,57.14,100.0,,,0.0,
2020-12-21,2020-12,51,2,mobile,<Other>,<Other>,<Other>,returning_session,23,23,4,1,0,0,19,3,1,0,5,2,0,0,0,0.0,17.39,25.0,0.0,,0.0,0.0,82.61,75.0,100.0,,,0.0,
2020-12-21,2020-12,51,2,tablet,google,organic,(organic),new_session,30,30,4,1,0,0,26,3,1,0,24,6,0,0,0,0.0,13.33,25.0,0.0,,0.0,0.0,86.67,75.0,100.0,,,0.0,
2020-12-21,2020-12,51,2,desktop,shop.googlemerchandisestore.com,referral,(referral),new_session,99,99,17,1,0,0,82,16,1,0,39,2,0,0,0,0.0,17.17,5.88,0.0,,0.0,0.0,82.83,94.12,100.0,,,0.0,
2020-12-21,2020-12,51,2,tablet,shop.googlemerchandisestore.com,referral,(referral),new_session,4,4,1,0,0,0,3,1,0,0,5,0,0,0,0,0.0,25.0,0.0,,,0.0,0.0,75.0,100.0,,,,0.0,
2020-12-21,2020-12,51,2,mobile,<Other>,organic,(organic),returning_session,7,7,1,0,0,0,6,1,0,0,2,0,0,0,0,0.0,14.29,0.0,,,0.0,0.0,85.71,100.0,,,,0.0,
2020-12-21,2020-12,51,2,tablet,<Other>,<Other>,<Other>,new_session,11,11,2,0,0,0,9,2,0,0,11,0,0,0,0,0.0,18.18,0.0,,,0.0,0.0,81.82,100.0,,,,0.0,
2020-12-21,2020-12,51,2,tablet,<Other>,organic,(organic),new_session,3,3,1,0,0,0,2,1,0,0,1,0,0,0,0,0.0,33.33,0.0,,,0.0,0.0,66.67,100.0,,,,0.0,
2020-12-21,2020-12,51,2,tablet,google,cpc,<Other>,returning_session,1,1,1,0,0,0,0,1,0,0,4,0,0,0,0,0.0,100.0,0.0,,,0.0,0.0,0.0,100.0,,,,0.0,
2020-12-21,2020-12,51,2,tablet,<Other>,organic,(organic),returning_session,1,1,1,0,0,0,0,1,0,0,1,0,0,0,0,0.0,100.0,0.0,,,0.0,0.0,0.0,100.0,,,,0.0,
2020-12-21,2020-12,51,2,mobile,(data deleted),(data deleted),(data deleted),new_session,9,8,1,0,0,0,7,1,0,0,1,0,0,0,0,0.0,12.5,0.0,,,0.0,0.0,87.5,100.0,,,,0.0,
2020-12-21,2020-12,51,2,mobile,(data deleted),(data deleted),<Other>,new_session,1,1,1,0,0,0,0,1,0,0,4,0,0,0,0,0.0,100.0,0.0,,,0.0,0.0,0.0,100.0,,,,0.0,
2020-12-21,2020-12,51,2,desktop,google,cpc,<Other>,returning_session,12,12,1,0,0,0,11,1,0,0,7,0,0,0,0,0.0,8.33,0.0,,,0.0,0.0,91.67,100.0,,,,0.0,
2020-12-21,2020-12,51,2,tablet,shop.googlemerchandisestore.com,referral,(referral),returning_session,3,3,1,1,1,0,2,0,0,1,44,6,9,0,0,0.0,33.33,100.0,100.0,0.0,0.0,0.0,66.67,0.0,0.0,100.0,,0.0,
2020-12-21,2020-12,51,2,desktop,shop.googlemerchandisestore.com,referral,(referral),returning_session,98,98,23,9,1,0,75,14,8,1,90,39,3,0,0,0.0,23.47,39.13,11.11,0.0,0.0,0.0,76.53,60.87,88.89,100.0,,0.0,
2020-12-21,2020-12,51,2,desktop,<Other>,<Other>,<Other>,returning_session,25,25,6,2,1,0,19,4,2,1,41,7,12,0,0,0.0,24.0,33.33,50.0,0.0,0.0,0.0,76.0,66.67,100.0,100.0,,0.0,
2020-12-21,2020-12,51,2,desktop,<Other>,referral,(referral),new_session,162,162,23,7,1,0,139,16,6,1,127,22,12,0,0,0.0,14.2,30.43,14.29,0.0,0.0,0.0,85.8,69.57,85.71,100.0,,0.0,
2020-12-21,2020-12,51,2,tablet,(direct),(none),(direct),new_session,20,20,4,1,1,0,16,3,1,1,13,1,12,0,0,0.0,20.0,25.0,100.0,0.0,0.0,0.0,80.0,75.0,100.0,100.0,,0.0,
2020-12-21,2020-12,51,2,mobile,shop.googlemerchandisestore.com,referral,(referral),new_session,58,58,17,3,1,0,41,14,2,1,34,3,6,0,0,0.0,29.31,17.65,33.33,0.0,0.0,0.0,70.69,82.35,66.67,100.0,,0.0,
2020-12-21,2020-12,51,2,mobile,google,organic,(organic),new_session,408,408,84,14,5,1,324,70,11,4,236,33,27,1,1,63.0,20.59,16.67,35.71,20.0,0.25,1.19,79.41,83.33,78.57,80.0,63.0,0.15,63.0
2020-12-21,2020-12,51,2,desktop,(data deleted),(data deleted),(data deleted),returning_session,140,140,40,14,7,2,100,26,9,5,343,89,28,2,2,19.0,28.57,35.0,50.0,28.57,1.43,5.0,71.43,65.0,64.29,71.43,9.5,0.14,9.5
2020-12-21,2020-12,51,2,mobile,<Other>,referral,(referral),new_session,119,119,18,5,3,1,101,13,3,2,119,46,21,3,3,30.0,15.13,27.78,60.0,33.33,0.84,5.56,84.87,72.22,60.0,66.67,30.0,0.25,10.0
2020-12-21,2020-12,51,2,mobile,(data deleted),(data deleted),(data deleted),returning_session,87,87,24,10,2,1,63,14,10,1,114,20,6,1,1,58.0,27.59,41.67,20.0,50.0,1.15,4.17,72.41,58.33,100.0,50.0,58.0,0.67,58.0
2020-12-21,2020-12,51,2,desktop,google,organic,(organic),returning_session,123,122,34,13,6,3,88,21,8,3,180,59,30,3,3,411.0,27.87,38.24,46.15,50.0,2.44,8.82,72.13,61.76,61.54,50.0,137.0,3.34,137.0
2020-12-21,2020-12,51,2,mobile,(direct),(none),(direct),returning_session,97,96,23,7,2,1,73,16,6,1,137,44,9,1,1,28.0,23.96,30.43,28.57,50.0,1.03,4.35,76.04,69.57,85.71,50.0,28.0,0.29,28.0
2020-12-21,2020-12,51,2,mobile,<Other>,<Other>,<Other>,new_session,213,213,34,7,4,2,179,27,4,2,97,25,27,2,2,71.0,15.96,20.59,57.14,50.0,0.94,5.88,84.04,79.41,57.14,50.0,35.5,0.33,35.5
2020-12-21,2020-12,51,2,desktop,google,organic,(organic),new_session,608,607,113,20,6,3,494,93,16,3,359,50,30,3,3,51.0,18.62,17.7,30.0,50.0,0.49,2.65,81.38,82.3,80.0,50.0,17.0,0.08,17.0
2020-12-21,2020-12,51,2,desktop,(direct),(none),(direct),new_session,393,393,74,19,8,5,319,55,14,3,287,99,45,6,5,302.0,18.83,25.68,42.11,62.5,1.27,6.76,81.17,74.32,73.68,37.5,60.4,0.77,60.4
2020-12-21,2020-12,51,2,mobile,shop.googlemerchandisestore.com,referral,(referral),returning_session,62,62,16,7,3,2,46,9,4,1,93,15,18,2,2,98.0,25.81,43.75,42.86,66.67,3.23,12.5,74.19,56.25,57.14,33.33,49.0,1.58,49.0
2020-12-21,2020-12,51,2,mobile,google,organic,(organic),returning_session,82,82,19,7,3,2,63,12,4,1,90,27,21,2,2,56.0,23.17,36.84,42.86,66.67,2.44,10.53,76.83,63.16,57.14,33.33,28.0,0.68,28.0
2020-12-21,2020-12,51,2,desktop,(direct),(none),(direct),returning_session,111,111,35,10,9,6,76,25,5,3,154,48,54,6,6,294.0,31.53,28.57,90.0,66.67,5.41,17.14,68.47,71.43,50.0,33.33,49.0,2.65,49.0
2020-12-21,2020-12,51,2,desktop,<Other>,referral,(referral),returning_session,73,73,22,6,6,4,51,16,4,2,152,29,39,4,4,1126.0,30.14,27.27,100.0,66.67,5.48,18.18,69.86,72.73,66.67,33.33,281.5,15.42,281.5
2020-12-21,2020-12,51,2,mobile,(direct),(none),(direct),new_session,288,288,61,11,7,5,227,50,5,2,273,77,44,7,7,400.0,21.18,18.03,63.64,71.43,1.74,8.2,78.82,81.97,45.45,28.57,80.0,1.39,57.14
2020-12-21,2020-12,51,2,tablet,(direct),(none),(direct),returning_session,2,2,1,1,1,1,1,0,0,0,4,2,24,1,1,71.0,50.0,100.0,100.0,100.0,50.0,100.0,50.0,0.0,0.0,0.0,71.0,35.5,71.0
2020-12-21,2020-12,51,2,tablet,<Other>,referral,(referral),returning_session,3,3,1,1,1,1,2,0,0,0,7,1,3,1,1,16.0,33.33,100.0,100.0,100.0,33.33,100.0,66.67,0.0,0.0,0.0,16.0,5.33,16.0
2020-12-21,2020-12,51,2,desktop,<Other>,organic,(organic),new_session,51,51,12,6,2,2,39,6,4,0,82,21,9,2,2,49.0,23.53,50.0,33.33,100.0,3.92,16.67,76.47,50.0,66.67,0.0,24.5,0.96,24.5
2020-12-21,2020-12,51,2,mobile,<Other>,organic,(organic),new_session,35,35,9,3,1,1,26,6,2,0,66,32,3,1,1,55.0,25.71,33.33,33.33,100.0,2.86,11.11,74.29,66.67,66.67,0.0,55.0,1.57,55.0
2020-12-21,2020-12,51,2,desktop,<Other>,organic,(organic),returning_session,5,5,3,1,1,1,2,2,0,0,14,2,6,1,1,41.0,60.0,33.33,100.0,100.0,20.0,33.33,40.0,66.67,0.0,0.0,41.0,8.2,41.0
2020-12-21,2020-12,51,2,tablet,google,organic,(organic),returning_session,5,5,3,1,2,2,2,2,0,0,15,7,18,2,2,116.0,60.0,33.33,200.0,100.0,40.0,66.67,40.0,66.67,0.0,0.0,58.0,23.2,58.0
2020-12-21,2020-12,51,2,mobile,google,cpc,<Other>,new_session,51,51,6,1,1,1,45,5,0,0,50,8,6,1,1,14.0,11.76,16.67,100.0,100.0,1.96,16.67,88.24,83.33,0.0,0.0,14.0,0.27,14.0
2020-12-21,2020-12,51,2,desktop,google,cpc,<Other>,new_session,93,93,14,2,1,1,79,12,1,0,29,3,15,1,1,61.0,15.05,14.29,50.0,100.0,1.08,7.14,84.95,85.71,50.0,0.0,61.0,0.66,61.0
2020-12-21,2020-12,51,2,desktop,<Other>,<Other>,<Other>,new_session,316,316,58,6,2,2,258,52,5,0,169,13,6,2,2,122.0,18.35,10.34,33.33,100.0,0.63,3.45,81.65,89.66,83.33,0.0,61.0,0.39,61.0
2020-12-14,2020-12,50,2,tablet,<Other>,<Other>,<Other>,returning_session,1,1,0,0,0,0,1,0,0,0,0,0,0,0,0,0.0,0.0,,,,0.0,,100.0,,,,,0.0,
2020-12-14,2020-12,50,2,tablet,google,organic,(organic),returning_session,7,7,0,0,0,0,7,0,0,0,0,0,0,0,0,0.0,0.0,,,,0.0,,100.0,,,,,0.0,
2020-12-14,2020-12,50,2,tablet,<Other>,referral,(referral),returning_session,5,5,0,0,0,0,5,0,0,0,0,0,0,0,0,0.0,0.0,,,,0.0,,100.0,,,,,0.0,
2020-12-14,2020-12,50,2,mobile,<Other>,organic,(organic),returning_session,8,8,0,0,0,0,8,0,0,0,0,0,0,0,0,0.0,0.0,,,,0.0,,100.0,,,,,0.0,
2020-12-14,2020-12,50,2,tablet,google,cpc,<Other>,new_session,4,4,0,0,0,0,4,0,0,0,0,0,0,0,0,0.0,0.0,,,,0.0,,100.0,,,,,0.0,
2020-12-14,2020-12,50,2,tablet,(data deleted),(data deleted),(data deleted),returning_session,6,6,0,0,0,0,6,0,0,0,0,0,0,0,0,0.0,0.0,,,,0.0,,100.0,,,,,0.0,
2020-12-14,2020-12,50,2,desktop,<Other>,(data deleted),(data deleted),returning_session,2,2,0,0,0,0,2,0,0,0,0,0,0,0,0,0.0,0.0,,,,0.0,,100.0,,,,,0.0,
2020-12-14,2020-12,50,2,tablet,<Other>,organic,(organic),new_session,2,2,0,0,0,0,2,0,0,0,0,0,0,0,0,0.0,0.0,,,,0.0,,100.0,,,,,0.0,
2020-12-14,2020-12,50,2,mobile,<Other>,(data deleted),(data deleted),returning_session,2,2,0,0,0,0,2,0,0,0,0,0,0,0,0,0.0,0.0,,,,0.0,,100.0,,,,,0.0,
2020-12-14,2020-12,50,2,mobile,(data deleted),(data deleted),(data deleted),new_session,4,4,0,0,0,0,4,0,0,0,0,0,0,0,0,0.0,0.0,,,,0.0,,100.0,,,,,0.0,
2020-12-14,2020-12,50,2,tablet,<Other>,referral,(referral),new_session,3,3,1,0,0,0,2,1,0,0,1,0,0,0,0,0.0,33.33,0.0,,,0.0,0.0,66.67,100.0,,,,0.0,
2020-12-14,2020-12,50,2,tablet,shop.googlemerchandisestore.com,referral,(referral),new_session,5,5,1,0,0,0,4,1,0,0,6,0,0,0,0,0.0,20.0,0.0,,,0.0,0.0,80.0,100.0,,,,0.0,
2020-12-14,2020-12,50,2,tablet,<Other>,<Other>,<Other>,new_session,21,21,1,0,0,0,20,1,0,0,1,0,0,0,0,0.0,4.76,0.0,,,0.0,0.0,95.24,100.0,,,,0.0,
2020-12-14,2020-12,50,2,desktop,<Other>,organic,(organic),returning_session,9,9,1,1,0,0,8,0,1,0,6,3,0,0,0,0.0,11.11,100.0,0.0,,0.0,0.0,88.89,0.0,100.0,,,0.0,
2020-12-14,2020-12,50,2,desktop,(data deleted),(data deleted),<Other>,returning_session,2,2,2,1,0,0,0,1,1,0,9,2,0,0,0,0.0,100.0,50.0,0.0,,0.0,0.0,0.0,50.0,100.0,,,0.0,
2020-12-14,2020-12,50,2,tablet,shop.googlemerchandisestore.com,referral,(referral),returning_session,10,10,3,2,0,0,7,1,2,0,20,12,0,0,0,0.0,30.0,66.67,0.0,,0.0,0.0,70.0,33.33,100.0,,,0.0,
2020-12-14,2020-12,50,2,desktop,(data deleted),(data deleted),(data deleted),new_session,9,9,3,2,0,0,6,1,2,0,8,5,0,0,0,0.0,33.33,66.67,0.0,,0.0,0.0,66.67,33.33,100.0,,,0.0,
2020-12-14,2020-12,50,2,tablet,(direct),(none),(direct),new_session,26,26,6,2,0,0,20,4,2,0,39,4,0,0,0,0.0,23.08,33.33,0.0,,0.0,0.0,76.92,66.67,100.0,,,0.0,
2020-12-14,2020-12,50,2,mobile,<Other>,organic,(organic),new_session,56,56,10,2,0,0,46,8,2,0,30,5,0,0,0,0.0,17.86,20.0,0.0,,0.0,0.0,82.14,80.0,100.0,,,0.0,
2020-12-14,2020-12,50,2,desktop,<Other>,organic,(organic),new_session,64,64,14,3,0,0,50,11,3,0,53,8,0,0,0,0.0,21.88,21.43,0.0,,0.0,0.0,78.13,78.57,100.0,,,0.0,
2020-12-14,2020-12,50,2,tablet,(direct),(none),(direct),returning_session,9,9,1,1,1,0,8,0,0,1,14,6,2,0,0,0.0,11.11,100.0,100.0,0.0,0.0,0.0,88.89,0.0,0.0,100.0,,0.0,
2020-12-14,2020-12,50,2,mobile,google,cpc,<Other>,returning_session,6,6,3,0,1,0,3,3,0,1,31,0,2,0,0,0.0,50.0,0.0,,0.0,0.0,0.0,50.0,100.0,,100.0,,0.0,
2020-12-14,2020-12,50,2,desktop,google,cpc,<Other>,returning_session,8,8,4,4,1,0,4,0,3,1,59,40,8,0,0,0.0,50.0,100.0,25.0,0.0,0.0,0.0,50.0,0.0,75.0,100.0,,0.0,
2020-12-14,2020-12,50,2,mobile,<Other>,<Other>,<Other>,returning_session,21,21,7,3,1,1,14,4,3,0,44,6,2,1,1,90.0,33.33,42.86,33.33,100.0,4.76,14.29,66.67,57.14,100.0,0.0,90.0,4.29,90.0
2020-12-14,2020-12,50,2,mobile,shop.googlemerchandisestore.com,referral,(referral),new_session,91,91,14,6,1,0,77,8,5,1,63,35,2,0,0,0.0,15.38,42.86,16.67,0.0,0.0,0.0,84.62,57.14,83.33,100.0,,0.0,
2020-12-14,2020-12,50,2,tablet,google,organic,(organic),new_session,32,32,7,3,2,1,25,4,1,1,104,20,14,1,1,105.0,21.88,42.86,66.67,50.0,3.13,14.29,78.13,57.14,33.33,50.0,105.0,3.28,105.0
2020-12-14,2020-12,50,2,desktop,shop.googlemerchandisestore.com,referral,(referral),new_session,112,112,23,7,2,1,89,16,5,1,154,38,11,1,1,0.0,20.54,30.43,28.57,50.0,0.89,4.35,79.46,69.57,71.43,50.0,0.0,0.0,0.0
2020-12-14,2020-12,50,2,mobile,(data deleted),(data deleted),<Other>,returning_session,4,4,3,2,3,2,1,1,0,1,90,8,11,2,2,40.0,75.0,66.67,150.0,66.67,50.0,66.67,25.0,33.33,0.0,33.33,20.0,10.0,20.0
2020-12-14,2020-12,50,2,mobile,google,cpc,<Other>,new_session,78,78,10,6,3,1,68,4,3,2,103,45,10,1,1,133.0,12.82,60.0,50.0,33.33,1.28,10.0,87.18,40.0,50.0,66.67,133.0,1.71,133.0
2020-12-14,2020-12,50,2,desktop,<Other>,<Other>,<Other>,returning_session,53,53,18,4,3,2,35,14,3,1,73,8,8,2,2,74.0,33.96,22.22,75.0,66.67,3.77,11.11,66.04,77.78,75.0,33.33,37.0,1.4,37.0
2020-12-14,2020-12,50,2,mobile,<Other>,referral,(referral),new_session,146,146,19,5,4,2,127,14,3,2,157,8,10,2,2,107.0,13.01,26.32,80.0,50.0,1.37,10.53,86.99,73.68,60.0,50.0,53.5,0.73,53.5
2020-12-14,2020-12,50,2,desktop,google,cpc,<Other>,new_session,120,120,24,9,4,1,96,15,6,3,201,17,12,1,1,107.0,20.0,37.5,44.44,25.0,0.83,4.17,80.0,62.5,66.67,75.0,107.0,0.89,107.0
2020-12-14,2020-12,50,2,desktop,<Other>,referral,(referral),new_session,193,193,32,8,4,1,161,24,5,3,127,26,12,1,1,13.0,16.58,25.0,50.0,25.0,0.52,3.13,83.42,75.0,62.5,75.0,13.0,0.07,13.0
2020-12-14,2020-12,50,2,desktop,<Other>,referral,(referral),returning_session,79,78,26,10,5,2,52,16,5,3,278,42,20,2,2,838.0,33.33,38.46,50.0,40.0,2.53,7.69,66.67,61.54,50.0,60.0,419.0,10.61,419.0
2020-12-14,2020-12,50,2,desktop,(data deleted),(data deleted),(data deleted),returning_session,154,154,38,17,6,4,116,21,12,2,282,58,24,4,4,424.0,24.68,44.74,35.29,66.67,2.6,10.53,75.32,55.26,70.59,33.33,106.0,2.75,106.0
2020-12-14,2020-12,50,2,mobile,(direct),(none),(direct),returning_session,114,114,35,14,7,4,79,21,10,3,247,48,59,11,11,633.0,30.7,40.0,50.0,57.14,3.51,11.43,69.3,60.0,71.43,42.86,158.25,5.55,57.55
2020-12-14,2020-12,50,2,desktop,(direct),(none),(direct),returning_session,194,193,48,11,7,4,145,37,7,3,295,68,30,4,4,254.0,24.87,22.92,63.64,57.14,2.06,8.33,75.13,77.08,63.64,42.86,63.5,1.31,63.5
2020-12-14,2020-12,50,2,mobile,<Other>,referral,(referral),returning_session,58,58,17,7,8,3,41,10,2,5,132,44,29,4,4,135.0,29.31,41.18,114.29,37.5,5.17,17.65,70.69,58.82,28.57,62.5,45.0,2.33,33.75
2020-12-14,2020-12,50,2,desktop,shop.googlemerchandisestore.com,referral,(referral),returning_session,116,116,32,14,8,5,84,18,6,3,152,67,30,5,5,142.0,27.59,43.75,57.14,62.5,4.31,15.63,72.41,56.25,42.86,37.5,28.4,1.22,28.4
2020-12-14,2020-12,50,2,mobile,<Other>,<Other>,<Other>,new_session,266,266,56,20,8,5,210,36,13,3,254,63,50,6,5,327.0,21.05,35.71,40.0,62.5,1.88,8.93,78.95,64.29,65.0,37.5,65.4,1.23,65.4
2020-12-14,2020-12,50,2,mobile,shop.googlemerchandisestore.com,referral,(referral),returning_session,86,85,28,12,9,6,57,16,5,3,231,97,34,6,6,734.0,32.94,42.86,75.0,66.67,6.98,21.43,67.06,57.14,41.67,33.33,122.33,8.53,122.33
2020-12-14,2020-12,50,2,mobile,(data deleted),(data deleted),(data deleted),returning_session,117,117,31,15,9,7,86,16,8,2,217,98,38,8,8,474.0,26.5,48.39,60.0,77.78,5.98,22.58,73.5,51.61,53.33,22.22,67.71,4.05,59.25
2020-12-14,2020-12,50,2,mobile,google,organic,(organic),returning_session,123,123,32,15,9,8,91,17,7,1,214,89,36,10,10,617.0,26.02,46.88,60.0,88.89,6.5,25.0,73.98,53.13,46.67,11.11,77.13,5.02,61.7
2020-12-14,2020-12,50,2,desktop,google,organic,(organic),returning_session,174,174,43,16,9,5,131,27,11,4,351,64,48,5,5,1727.0,24.71,37.21,56.25,55.56,2.87,11.63,75.29,62.79,68.75,44.44,345.4,9.93,345.4
2020-12-14,2020-12,50,2,desktop,<Other>,<Other>,<Other>,new_session,337,337,52,21,10,4,285,31,12,6,372,60,27,4,4,735.0,15.43,40.38,47.62,40.0,1.19,7.69,84.57,59.62,57.14,60.0,183.75,2.18,183.75
2020-12-14,2020-12,50,2,mobile,(direct),(none),(direct),new_session,333,332,69,23,13,3,263,46,13,10,452,81,36,3,3,156.0,20.78,33.33,56.52,23.08,0.9,4.35,79.22,66.67,56.52,76.92,52.0,0.47,52.0
2020-12-14,2020-12,50,2,mobile,google,organic,(organic),new_session,513,513,88,32,13,4,425,56,19,9,623,91,44,5,4,241.0,17.15,36.36,40.63,30.77,0.78,4.55,82.85,63.64,59.38,69.23,60.25,0.47,60.25
2020-12-14,2020-12,50,2,desktop,(direct),(none),(direct),new_session,525,525,101,31,17,4,424,70,17,13,548,108,69,4,4,262.0,19.24,30.69,54.84,23.53,0.76,3.96,80.76,69.31,54.84,76.47,65.5,0.5,65.5
2020-12-14,2020-12,50,2,desktop,google,organic,(organic),new_session,790,790,162,50,19,6,628,112,33,13,723,178,57,6,6,201.0,20.51,30.86,38.0,31.58,0.76,3.7,79.49,69.14,66.0,68.42,33.5,0.25,33.5
2020-11-11,2020-11,45,4,tablet,(data deleted),(data deleted),(data deleted),returning_session,4,4,0,0,0,0,4,0,0,0,0,0,0,0,0,0.0,0.0,,,,0.0,,100.0,,,,,0.0,
2020-11-11,2020-11,45,4,tablet,<Other>,<Other>,<Other>,returning_session,1,1,0,0,0,0,1,0,0,0,0,0,0,0,0,0.0,0.0,,,,0.0,,100.0,,,,,0.0,
2020-11-11,2020-11,45,4,tablet,<Other>,organic,(organic),returning_session,1,1,0,0,0,0,1,0,0,0,0,0,0,0,0,0.0,0.0,,,,0.0,,100.0,,,,,0.0,
2020-11-11,2020-11,45,4,tablet,shop.googlemerchandisestore.com,referral,(referral),returning_session,2,2,0,0,0,0,2,0,0,0,0,0,0,0,0,0.0,0.0,,,,0.0,,100.0,,,,,0.0,
2020-11-11,2020-11,45,4,desktop,<Other>,(data deleted),(data deleted),returning_session,4,4,0,0,0,0,4,0,0,0,0,0,0,0,0,0.0,0.0,,,,0.0,,100.0,,,,,0.0,
2020-11-11,2020-11,45,4,tablet,<Other>,referral,(referral),returning_session,3,3,0,0,0,0,3,0,0,0,0,0,0,0,0,0.0,0.0,,,,0.0,,100.0,,,,,0.0,
2020-11-11,2020-11,45,4,mobile,<Other>,(data deleted),(data deleted),returning_session,2,2,0,0,0,0,2,0,0,0,0,0,0,0,0,0.0,0.0,,,,0.0,,100.0,,,,,0.0,
2020-11-11,2020-11,45,4,tablet,shop.googlemerchandisestore.com,referral,(referral),new_session,2,2,0,0,0,0,2,0,0,0,0,0,0,0,0,0.0,0.0,,,,0.0,,100.0,,,,,0.0,
2020-11-11,2020-11,45,4,desktop,(data deleted),(data deleted),<Other>,returning_session,2,2,1,0,0,0,1,1,0,0,1,0,0,0,0,0.0,50.0,0.0,,,0.0,0.0,50.0,100.0,,,,0.0,
2020-11-11,2020-11,45,4,tablet,<Other>,organic,(organic),new_session,3,3,1,0,0,0,2,1,0,0,1,0,0,0,0,0.0,33.33,0.0,,,0.0,0.0,66.67,100.0,,,,0.0,
2020-11-11,2020-11,45,4,tablet,<Other>,<Other>,<Other>,new_session,13,13,1,0,0,0,12,1,0,0,1,0,0,0,0,0.0,7.69,0.0,,,0.0,0.0,92.31,100.0,,,,0.0,
2020-11-11,2020-11,45,4,tablet,<Other>,(data deleted),(data deleted),returning_session,1,1,1,0,0,0,0,1,0,0,3,0,0,0,0,0.0,100.0,0.0,,,0.0,0.0,0.0,100.0,,,,0.0,
2020-11-11,2020-11,45,4,tablet,google,cpc,<Other>,new_session,4,4,1,0,0,0,3,1,0,0,1,0,0,0,0,0.0,25.0,0.0,,,0.0,0.0,75.0,100.0,,,,0.0,
2020-11-11,2020-11,45,4,tablet,(direct),(none),(direct),returning_session,9,9,1,0,0,0,8,1,0,0,5,0,0,0,0,0.0,11.11,0.0,,,0.0,0.0,88.89,100.0,,,,0.0,
2020-11-11,2020-11,45,4,mobile,google,cpc,<Other>,returning_session,5,5,1,0,0,0,4,1,0,0,1,0,0,0,0,0.0,20.0,0.0,,,0.0,0.0,80.0,100.0,,,,0.0,
2020-11-11,2020-11,45,4,mobile,(data deleted),(data deleted),(data deleted),new_session,4,4,2,0,0,0,2,2,0,0,5,0,0,0,0,0.0,50.0,0.0,,,0.0,0.0,50.0,100.0,,,,0.0,
2020-11-11,2020-11,45,4,tablet,google,organic,(organic),returning_session,7,7,2,0,0,0,5,2,0,0,11,0,0,0,0,0.0,28.57,0.0,,,0.0,0.0,71.43,100.0,,,,0.0,
2020-11-11,2020-11,45,4,desktop,google,cpc,<Other>,returning_session,5,5,2,0,0,0,3,2,0,0,11,0,0,0,0,0.0,40.0,0.0,,,0.0,0.0,60.0,100.0,,,,0.0,
2020-11-11,2020-11,45,4,desktop,(data deleted),(data deleted),(data deleted),new_session,7,7,2,0,0,0,5,2,0,0,3,0,0,0,0,0.0,28.57,0.0,,,0.0,0.0,71.43,100.0,,,,0.0,
2020-11-11,2020-11,45,4,tablet,<Other>,referral,(referral),new_session,8,8,3,0,0,0,5,3,0,0,21,0,0,0,0,0.0,37.5,0.0,,,0.0,0.0,62.5,100.0,,,,0.0,
2020-11-11,2020-11,45,4,mobile,<Other>,<Other>,<Other>,returning_session,21,21,3,0,0,0,18,3,0,0,25,0,0,0,0,0.0,14.29,0.0,,,0.0,0.0,85.71,100.0,,,,0.0,
2020-11-11,2020-11,45,4,desktop,<Other>,organic,(organic),returning_session,13,13,4,0,0,0,9,4,0,0,15,0,0,0,0,0.0,30.77,0.0,,,0.0,0.0,69.23,100.0,,,,0.0,
2020-11-11,2020-11,45,4,tablet,google,organic,(organic),new_session,24,24,4,0,1,0,20,4,0,1,67,0,1,0,0,0.0,16.67,0.0,,0.0,0.0,0.0,83.33,100.0,,100.0,,0.0,
2020-11-11,2020-11,45,4,mobile,shop.googlemerchandisestore.com,referral,(referral),returning_session,69,69,13,0,1,0,56,13,0,1,22,0,2,0,0,0.0,18.84,0.0,,0.0,0.0,0.0,81.16,100.0,,100.0,,0.0,
2020-11-11,2020-11,45,4,desktop,<Other>,organic,(organic),new_session,46,46,13,0,2,0,33,13,0,2,156,0,2,0,0,0.0,28.26,0.0,,0.0,0.0,0.0,71.74,100.0,,100.0,,0.0,
2020-11-11,2020-11,45,4,mobile,shop.googlemerchandisestore.com,referral,(referral),new_session,49,48,14,0,1,0,34,14,0,1,29,0,1,0,0,0.0,29.17,0.0,,0.0,0.0,0.0,70.83,100.0,,100.0,,0.0,
2020-11-11,2020-11,45,4,desktop,shop.googlemerchandisestore.com,referral,(referral),new_session,73,72,21,0,2,0,51,21,0,2,105,0,2,0,0,0.0,29.17,0.0,,0.0,0.0,0.0,70.83,100.0,,100.0,,0.0,
2020-11-11,2020-11,45,4,mobile,<Other>,referral,(referral),new_session,92,92,24,0,4,0,68,24,0,4,138,0,5,0,0,0.0,26.09,0.0,,0.0,0.0,0.0,73.91,100.0,,100.0,,0.0,
2020-11-11,2020-11,45,4,mobile,<Other>,organic,(organic),returning_session,11,11,4,0,2,1,7,4,0,1,12,0,2,1,1,32.0,36.36,0.0,,50.0,9.09,25.0,63.64,100.0,,50.0,32.0,2.91,32.0
2020-11-11,2020-11,45,4,mobile,<Other>,organic,(organic),new_session,24,24,4,0,1,1,20,4,0,0,5,0,2,1,1,32.0,16.67,0.0,,100.0,4.17,25.0,83.33,100.0,,0.0,32.0,1.33,32.0
2020-11-11,2020-11,45,4,tablet,(direct),(none),(direct),new_session,12,12,5,0,2,1,7,5,0,1,26,0,2,1,1,10.0,41.67,0.0,,50.0,8.33,20.0,58.33,100.0,,50.0,10.0,0.83,10.0
2020-11-11,2020-11,45,4,mobile,google,cpc,<Other>,new_session,72,72,15,0,5,1,57,15,0,4,118,0,6,1,1,74.0,20.83,0.0,,20.0,1.39,6.67,79.17,100.0,,80.0,74.0,1.03,74.0
2020-11-11,2020-11,45,4,desktop,<Other>,referral,(referral),new_session,109,108,24,0,3,1,84,24,0,2,127,0,4,1,1,40.0,22.22,0.0,,33.33,0.92,4.17,77.78,100.0,,66.67,40.0,0.37,40.0
2020-11-11,2020-11,45,4,mobile,<Other>,<Other>,<Other>,new_session,173,173,46,0,9,1,127,46,0,8,314,0,10,1,1,1.0,26.59,0.0,,11.11,0.58,2.17,73.41,100.0,,88.89,1.0,0.01,1.0
2020-11-11,2020-11,45,4,mobile,<Other>,referral,(referral),returning_session,51,51,10,0,1,1,41,10,0,0,42,0,4,2,1,309.0,19.61,0.0,,100.0,1.96,10.0,80.39,100.0,,0.0,309.0,6.06,309.0
2020-11-11,2020-11,45,4,desktop,<Other>,<Other>,<Other>,returning_session,50,50,12,0,3,2,38,12,0,1,57,0,5,2,2,76.0,24.0,0.0,,66.67,4.0,16.67,76.0,100.0,,33.33,38.0,1.52,38.0
2020-11-11,2020-11,45,4,desktop,google,cpc,<Other>,new_session,94,94,21,0,3,2,73,21,0,1,107,0,4,2,2,49.0,22.34,0.0,,66.67,2.13,9.52,77.66,100.0,,33.33,24.5,0.52,24.5
2020-11-11,2020-11,45,4,mobile,google,organic,(organic),returning_session,111,111,30,0,4,2,81,30,0,2,127,0,7,2,2,61.0,27.03,0.0,,50.0,1.8,6.67,72.97,100.0,,50.0,30.5,0.55,30.5
2020-11-11,2020-11,45,4,desktop,(direct),(none),(direct),returning_session,167,167,36,0,5,2,131,36,0,3,124,0,19,2,2,72.0,21.56,0.0,,40.0,1.2,5.56,78.44,100.0,,60.0,36.0,0.43,36.0
2020-11-11,2020-11,45,4,mobile,(direct),(none),(direct),new_session,228,228,46,0,7,2,182,46,0,5,339,0,7,2,2,284.0,20.18,0.0,,28.57,0.88,4.35,79.82,100.0,,71.43,142.0,1.25,142.0
2020-11-11,2020-11,45,4,desktop,(direct),(none),(direct),new_session,315,313,84,0,8,3,229,84,0,5,432,0,12,3,3,206.0,26.84,0.0,,37.5,0.95,3.57,73.16,100.0,,62.5,68.67,0.65,68.67
2020-11-11,2020-11,45,4,desktop,google,organic,(organic),new_session,507,507,117,0,20,3,390,117,0,17,646,0,27,3,3,107.0,23.08,0.0,,15.0,0.59,2.56,76.92,100.0,,85.0,35.67,0.21,35.67
2020-11-11,2020-11,45,4,desktop,google,organic,(organic),returning_session,192,191,35,0,6,4,156,35,0,2,169,0,10,4,4,204.0,18.32,0.0,,66.67,2.08,11.43,81.68,100.0,,33.33,51.0,1.06,51.0
2020-11-11,2020-11,45,4,desktop,(data deleted),(data deleted),(data deleted),returning_session,164,164,45,0,11,4,119,45,0,7,301,0,14,4,4,357.0,27.44,0.0,,36.36,2.44,8.89,72.56,100.0,,63.64,89.25,2.18,89.25
2020-11-11,2020-11,45,4,desktop,<Other>,<Other>,<Other>,new_session,272,272,65,0,7,4,207,65,0,3,221,0,13,4,4,130.0,23.9,0.0,,57.14,1.47,6.15,76.1,100.0,,42.86,32.5,0.48,32.5
2020-11-11,2020-11,45,4,desktop,shop.googlemerchandisestore.com,referral,(referral),returning_session,120,120,35,0,10,5,85,35,0,5,283,0,17,5,5,285.0,29.17,0.0,,50.0,4.17,14.29,70.83,100.0,,50.0,57.0,2.38,57.0
2020-11-11,2020-11,45,4,mobile,(data deleted),(data deleted),(data deleted),returning_session,114,114,36,0,7,5,78,36,0,3,231,0,11,5,5,1202.0,31.58,0.0,,71.43,4.39,13.89,68.42,100.0,,42.86,240.4,10.54,240.4
2020-11-11,2020-11,45,4,mobile,google,organic,(organic),new_session,353,352,88,0,20,5,264,88,0,15,595,0,28,5,5,262.0,25.0,0.0,,25.0,1.42,5.68,75.0,100.0,,75.0,52.4,0.74,52.4
2020-11-11,2020-11,45,4,mobile,(direct),(none),(direct),returning_session,109,109,45,0,7,6,64,45,0,1,216,0,18,6,6,277.0,41.28,0.0,,85.71,5.5,13.33,58.72,100.0,,14.29,46.17,2.54,46.17
2020-11-11,2020-11,45,4,desktop,<Other>,referral,(referral),returning_session,87,87,26,0,11,7,61,26,0,4,146,0,12,7,7,358.0,29.89,0.0,,63.64,8.05,26.92,70.11,100.0,,36.36,51.14,4.11,51.14
2021-01-19,2021-01,3,3,tablet,<Other>,referral,(referral),returning_session,2,2,0,0,0,0,2,0,0,0,0,0,0,0,0,0.0,0.0,,,,0.0,,100.0,,,,,0.0,
2021-01-19,2021-01,3,3,tablet,(direct),(none),(direct),returning_session,5,5,0,0,0,0,5,0,0,0,0,0,0,0,0,0.0,0.0,,,,0.0,,100.0,,,,,0.0,
2021-01-19,2021-01,3,3,tablet,google,cpc,<Other>,new_session,2,2,0,0,0,0,2,0,0,0,0,0,0,0,0,0.0,0.0,,,,0.0,,100.0,,,,,0.0,
2021-01-19,2021-01,3,3,mobile,<Other>,organic,(organic),returning_session,4,4,0,0,0,0,4,0,0,0,0,0,0,0,0,0.0,0.0,,,,0.0,,100.0,,,,,0.0,
2021-01-19,2021-01,3,3,desktop,(data deleted),(data deleted),<Other>,returning_session,5,5,0,0,0,0,5,0,0,0,0,0,0,0,0,0.0,0.0,,,,0.0,,100.0,,,,,0.0,
2021-01-19,2021-01,3,3,tablet,<Other>,<Other>,<Other>,new_session,13,13,0,0,0,0,13,0,0,0,0,0,0,0,0,0.0,0.0,,,,0.0,,100.0,,,,,0.0,
2021-01-19,2021-01,3,3,mobile,(data deleted),(data deleted),(data deleted),new_session,4,4,0,0,0,0,4,0,0,0,0,0,0,0,0,0.0,0.0,,,,0.0,,100.0,,,,,0.0,
2021-01-19,2021-01,3,3,tablet,<Other>,organic,(organic),returning_session,1,1,0,0,0,0,1,0,0,0,0,0,0,0,0,0.0,0.0,,,,0.0,,100.0,,,,,0.0,
2021-01-19,2021-01,3,3,tablet,<Other>,organic,(organic),new_session,3,3,1,0,0,0,2,1,0,0,1,0,0,0,0,0.0,33.33,0.0,,,0.0,0.0,66.67,100.0,,,,0.0,
2021-01-19,2021-01,3,3,tablet,shop.googlemerchandisestore.com,referral,(referral),new_session,1,1,1,0,0,0,0,1,0,0,1,0,0,0,0,0.0,100.0,0.0,,,0.0,0.0,0.0,100.0,,,,0.0,
2021-01-19,2021-01,3,3,desktop,<Other>,<Other>,<Other>,returning_session,27,27,2,0,0,0,25,2,0,0,2,0,0,0,0,0.0,7.41,0.0,,,0.0,0.0,92.59,100.0,,,,0.0,
2021-01-19,2021-01,3,3,tablet,<Other>,<Other>,<Other>,returning_session,2,2,2,0,0,0,0,2,0,0,3,0,0,0,0,0.0,100.0,0.0,,,0.0,0.0,0.0,100.0,,,,0.0,
2021-01-19,2021-01,3,3,tablet,shop.googlemerchandisestore.com,referral,(referral),returning_session,7,7,1,0,0,0,6,1,0,0,3,0,0,0,0,0.0,14.29,0.0,,,0.0,0.0,85.71,100.0,,,,0.0,
2021-01-19,2021-01,3,3,tablet,(data deleted),(data deleted),(data deleted),new_session,1,1,1,0,0,0,0,1,0,0,4,0,0,0,0,0.0,100.0,0.0,,,0.0,0.0,0.0,100.0,,,,0.0,
2021-01-19,2021-01,3,3,desktop,<Other>,(data deleted),(data deleted),returning_session,2,2,1,0,0,0,1,1,0,0,4,0,0,0,0,0.0,50.0,0.0,,,0.0,0.0,50.0,100.0,,,,0.0,
2021-01-19,2021-01,3,3,tablet,(direct),(none),(direct),new_session,18,18,3,0,0,0,15,3,0,0,5,0,0,0,0,0.0,16.67,0.0,,,0.0,0.0,83.33,100.0,,,,0.0,
2021-01-19,2021-01,3,3,tablet,google,organic,(organic),returning_session,5,5,2,0,0,0,3,2,0,0,6,0,0,0,0,0.0,40.0,0.0,,,0.0,0.0,60.0,100.0,,,,0.0,
2021-01-19,2021-01,3,3,mobile,google,cpc,<Other>,returning_session,9,9,2,0,0,0,7,2,0,0,10,0,0,0,0,0.0,22.22,0.0,,,0.0,0.0,77.78,100.0,,,,0.0,
2021-01-19,2021-01,3,3,mobile,<Other>,<Other>,<Other>,returning_session,20,20,5,0,0,0,15,5,0,0,11,0,0,0,0,0.0,25.0,0.0,,,0.0,0.0,75.0,100.0,,,,0.0,
2021-01-19,2021-01,3,3,desktop,google,cpc,<Other>,returning_session,12,12,2,0,0,0,10,2,0,0,15,0,0,0,0,0.0,16.67,0.0,,,0.0,0.0,83.33,100.0,,,,0.0,
2021-01-19,2021-01,3,3,desktop,<Other>,organic,(organic),returning_session,9,9,1,1,0,0,8,0,1,0,17,8,0,0,0,0.0,11.11,100.0,0.0,,0.0,0.0,88.89,0.0,100.0,,,0.0,
2021-01-19,2021-01,3,3,desktop,<Other>,organic,(organic),new_session,72,72,12,3,0,0,60,9,3,0,21,4,0,0,0,0.0,16.67,25.0,0.0,,0.0,0.0,83.33,75.0,100.0,,,0.0,
2021-01-19,2021-01,3,3,mobile,google,cpc,<Other>,new_session,54,54,7,0,0,0,47,7,0,0,22,0,0,0,0,0.0,12.96,0.0,,,0.0,0.0,87.04,100.0,,,,0.0,
2021-01-19,2021-01,3,3,mobile,<Other>,referral,(referral),returning_session,49,49,9,3,0,0,40,6,3,0,39,4,0,0,0,0.0,18.37,33.33,0.0,,0.0,0.0,81.63,66.67,100.0,,,0.0,
2021-01-19,2021-01,3,3,mobile,shop.googlemerchandisestore.com,referral,(referral),new_session,73,73,15,3,0,0,58,12,3,0,47,5,0,0,0,0.0,20.55,20.0,0.0,,0.0,0.0,79.45,80.0,100.0,,,0.0,
2021-01-19,2021-01,3,3,desktop,google,cpc,<Other>,new_session,100,100,16,2,0,0,84,14,2,0,70,7,0,0,0,0.0,16.0,12.5,0.0,,0.0,0.0,84.0,87.5,100.0,,,0.0,
2021-01-19,2021-01,3,3,mobile,(data deleted),(data deleted),<Other>,returning_session,3,3,3,0,1,0,0,3,0,1,5,0,3,0,0,0.0,100.0,0.0,,0.0,0.0,0.0,0.0,100.0,,100.0,,0.0,
2021-01-19,2021-01,3,3,desktop,(data deleted),(data deleted),(data deleted),new_session,5,5,2,1,1,0,3,1,0,1,22,1,3,0,0,0.0,40.0,50.0,100.0,0.0,0.0,0.0,60.0,50.0,0.0,100.0,,0.0,
2021-01-19,2021-01,3,3,mobile,<Other>,organic,(organic),new_session,53,53,14,2,1,0,39,12,2,1,30,3,6,0,0,0.0,26.42,14.29,50.0,0.0,0.0,0.0,73.58,85.71,100.0,100.0,,0.0,
2021-01-19,2021-01,3,3,desktop,<Other>,referral,(referral),new_session,158,158,26,3,1,0,132,23,2,1,61,10,4,0,0,0.0,16.46,11.54,33.33,0.0,0.0,0.0,83.54,88.46,66.67,100.0,,0.0,
2021-01-19,2021-01,3,3,desktop,shop.googlemerchandisestore.com,referral,(referral),new_session,90,90,26,3,1,0,64,23,2,1,90,8,24,0,0,0.0,28.89,11.54,33.33,0.0,0.0,0.0,71.11,88.46,66.67,100.0,,0.0,
2021-01-19,2021-01,3,3,desktop,google,organic,(organic),new_session,647,647,126,21,11,4,521,105,12,7,460,89,54,4,4,211.0,19.47,16.67,52.38,36.36,0.62,3.17,80.53,83.33,57.14,63.64,52.75,0.33,52.75
2021-01-19,2021-01,3,3,desktop,google,organic,(organic),returning_session,137,137,31,9,8,3,106,22,4,5,301,41,42,3,3,132.0,22.63,29.03,88.89,37.5,2.19,9.68,77.37,70.97,44.44,62.5,44.0,0.96,44.0
2021-01-19,2021-01,3,3,mobile,google,organic,(organic),new_session,403,403,87,14,8,3,316,73,10,5,322,50,51,3,3,287.0,21.59,16.09,57.14,37.5,0.74,3.45,78.41,83.91,71.43,62.5,95.67,0.71,95.67
2021-01-19,2021-01,3,3,desktop,(direct),(none),(direct),new_session,413,413,71,16,7,3,342,55,11,4,293,54,36,4,4,95.0,17.19,22.54,43.75,42.86,0.73,4.23,82.81,77.46,68.75,57.14,31.67,0.23,23.75
2021-01-19,2021-01,3,3,mobile,(direct),(none),(direct),new_session,286,286,44,8,2,1,242,36,6,1,150,19,21,1,1,44.0,15.38,18.18,25.0,50.0,0.35,2.27,84.62,81.82,75.0,50.0,44.0,0.15,44.0
2021-01-19,2021-01,3,3,desktop,shop.googlemerchandisestore.com,referral,(referral),returning_session,112,112,23,9,2,1,89,14,7,1,197,55,9,1,1,28.0,20.54,39.13,22.22,50.0,0.89,4.35,79.46,60.87,77.78,50.0,28.0,0.25,28.0
2021-01-19,2021-01,3,3,mobile,<Other>,<Other>,<Other>,new_session,228,228,47,11,2,1,181,36,9,1,215,30,15,1,1,80.0,20.61,23.4,18.18,50.0,0.44,2.13,79.39,76.6,81.82,50.0,80.0,0.35,80.0
2021-01-19,2021-01,3,3,mobile,(data deleted),(data deleted),(data deleted),returning_session,95,95,30,12,5,3,65,18,7,2,152,42,33,3,3,97.0,31.58,40.0,41.67,60.0,3.16,10.0,68.42,60.0,58.33,40.0,32.33,1.02,32.33
2021-01-19,2021-01,3,3,mobile,(direct),(none),(direct),returning_session,96,96,22,11,6,4,74,11,5,2,172,41,30,4,4,360.0,22.92,50.0,54.55,66.67,4.17,18.18,77.08,50.0,45.45,33.33,90.0,3.75,90.0
2021-01-19,2021-01,3,3,desktop,<Other>,<Other>,<Other>,new_session,314,314,57,5,3,2,257,52,2,1,248,39,30,2,2,186.0,18.15,8.77,60.0,66.67,0.64,3.51,81.85,91.23,40.0,33.33,93.0,0.59,93.0
2021-01-19,2021-01,3,3,desktop,(direct),(none),(direct),returning_session,137,137,28,10,7,5,109,18,4,2,186,36,26,5,5,73.0,20.44,35.71,70.0,71.43,3.65,17.86,79.56,64.29,40.0,28.57,14.6,0.53,14.6
2021-01-19,2021-01,3,3,mobile,shop.googlemerchandisestore.com,referral,(referral),returning_session,92,92,22,4,4,3,70,18,3,1,146,21,30,3,3,1321.0,23.91,18.18,100.0,75.0,3.26,13.64,76.09,81.82,75.0,25.0,440.33,14.36,440.33
2021-01-19,2021-01,3,3,desktop,(data deleted),(data deleted),(data deleted),returning_session,110,109,25,8,5,4,84,17,4,1,204,70,14,4,4,231.0,22.94,32.0,62.5,80.0,3.64,16.0,77.06,68.0,50.0,20.0,57.75,2.1,57.75
2021-01-19,2021-01,3,3,tablet,(data deleted),(data deleted),(data deleted),returning_session,7,7,2,1,1,1,5,1,0,0,21,4,6,1,1,88.0,28.57,50.0,100.0,100.0,14.29,50.0,71.43,50.0,0.0,0.0,88.0,12.57,88.0
2021-01-19,2021-01,3,3,mobile,<Other>,referral,(referral),new_session,112,112,15,1,1,1,97,14,0,0,42,5,2,2,1,0.0,13.39,6.67,100.0,100.0,0.89,6.67,86.61,93.33,0.0,0.0,0.0,0.0,0.0
2021-01-19,2021-01,3,3,tablet,<Other>,referral,(referral),new_session,7,7,5,3,2,2,2,2,1,0,60,10,6,2,2,157.0,71.43,60.0,66.67,100.0,28.57,40.0,28.57,40.0,33.33,0.0,78.5,22.43,78.5
2021-01-19,2021-01,3,3,tablet,google,organic,(organic),new_session,27,27,11,3,1,1,16,8,2,0,67,25,6,1,1,20.0,40.74,27.27,33.33,100.0,3.7,9.09,59.26,72.73,66.67,0.0,20.0,0.74,20.0
2021-01-19,2021-01,3,3,desktop,<Other>,referral,(referral),returning_session,55,55,13,4,2,2,42,9,2,0,95,10,12,2,2,236.0,23.64,30.77,50.0,100.0,3.64,15.38,76.36,69.23,50.0,0.0,118.0,4.29,118.0
2021-01-19,2021-01,3,3,mobile,google,organic,(organic),returning_session,100,100,25,8,3,3,75,17,6,0,178,29,12,3,3,110.0,25.0,32.0,37.5,100.0,3.0,12.0,75.0,68.0,75.0,0.0,36.67,1.1,36.67
2020-12-24,2020-12,51,5,desktop,<Other>,organic,(organic),returning_session,2,2,0,0,0,0,2,0,0,0,0,0,0,0,0,0.0,0.0,,,,0.0,,100.0,,,,,0.0,
2020-12-24,2020-12,51,5,mobile,<Other>,(data deleted),(data deleted),returning_session,1,1,0,0,0,0,1,0,0,0,0,0,0,0,0,0.0,0.0,,,,0.0,,100.0,,,,,0.0,
2020-12-24,2020-12,51,5,tablet,shop.googlemerchandisestore.com,referral,(referral),returning_session,1,1,0,0,0,0,1,0,0,0,0,0,0,0,0,0.0,0.0,,,,0.0,,100.0,,,,,0.0,
2020-12-24,2020-12,51,5,mobile,(data deleted),(data deleted),(data deleted),new_session,3,3,0,0,0,0,3,0,0,0,0,0,0,0,0,0.0,0.0,,,,0.0,,100.0,,,,,0.0,
2020-12-24,2020-12,51,5,tablet,(direct),(none),(direct),returning_session,2,2,0,0,0,0,2,0,0,0,0,0,0,0,0,0.0,0.0,,,,0.0,,100.0,,,,,0.0,
2020-12-24,2020-12,51,5,tablet,<Other>,referral,(referral),returning_session,2,2,0,0,0,0,2,0,0,0,0,0,0,0,0,0.0,0.0,,,,0.0,,100.0,,,,,0.0,
2020-12-24,2020-12,51,5,desktop,(data deleted),(data deleted),<Other>,returning_session,1,1,0,0,0,0,1,0,0,0,0,0,0,0,0,0.0,0.0,,,,0.0,,100.0,,,,,0.0,
2020-12-24,2020-12,51,5,mobile,(data deleted),(data deleted),<Other>,returning_session,1,1,0,0,0,0,1,0,0,0,0,0,0,0,0,0.0,0.0,,,,0.0,,100.0,,,,,0.0,
2020-12-24,2020-12,51,5,tablet,<Other>,organic,(organic),new_session,2,2,0,0,0,0,2,0,0,0,0,0,0,0,0,0.0,0.0,,,,0.0,,100.0,,,,,0.0,
2020-12-24,2020-12,51,5,tablet,<Other>,referral,(referral),new_session,3,3,0,0,0,0,3,0,0,0,0,0,0,0,0,0.0,0.0,,,,0.0,,100.0,,,,,0.0,
2020-12-24,2020-12,51,5,desktop,shop.googlemerchandisestore.com,referral,(referral),new_session,65,65,8,0,0,0,57,8,0,0,20,0,0,0,0,0.0,12.31,0.0,,,0.0,0.0,87.69,100.0,,,,0.0,
2020-12-24,2020-12,51,5,mobile,<Other>,<Other>,<Other>,returning_session,19,19,2,0,0,0,17,2,0,0,11,0,0,0,0,0.0,10.53,0.0,,,0.0,0.0,89.47,100.0,,,,0.0,
2020-12-24,2020-12,51,5,desktop,(data deleted),(data deleted),(data deleted),new_session,1,1,1,0,0,0,0,1,0,0,2,0,0,0,0,0.0,100.0,0.0,,,0.0,0.0,0.0,100.0,,,,0.0,
2020-12-24,2020-12,51,5,tablet,<Other>,<Other>,<Other>,new_session,13,13,1,0,0,0,12,1,0,0,5,0,0,0,0,0.0,7.69,0.0,,,0.0,0.0,92.31,100.0,,,,0.0,
2020-12-24,2020-12,51,5,mobile,<Other>,organic,(organic),returning_session,4,4,1,0,0,0,3,1,0,0,2,0,0,0,0,0.0,25.0,0.0,,,0.0,0.0,75.0,100.0,,,,0.0,
2020-12-24,2020-12,51,5,tablet,(direct),(none),(direct),new_session,13,13,2,0,0,0,11,2,0,0,19,0,0,0,0,0.0,15.38,0.0,,,0.0,0.0,84.62,100.0,,,,0.0,
2020-12-24,2020-12,51,5,tablet,google,organic,(organic),new_session,15,15,5,1,0,0,10,4,1,0,27,1,0,0,0,0.0,33.33,20.0,0.0,,0.0,0.0,66.67,80.0,100.0,,,0.0,
2020-12-24,2020-12,51,5,mobile,shop.googlemerchandisestore.com,referral,(referral),new_session,44,44,8,2,0,0,36,6,2,0,45,8,0,0,0,0.0,18.18,25.0,0.0,,0.0,0.0,81.82,75.0,100.0,,,0.0,
2020-12-24,2020-12,51,5,mobile,google,cpc,<Other>,returning_session,4,4,2,1,0,0,2,1,1,0,3,4,0,0,0,0.0,50.0,50.0,0.0,,0.0,0.0,50.0,50.0,100.0,,,0.0,
2020-12-24,2020-12,51,5,desktop,<Other>,referral,(referral),new_session,115,115,24,5,0,0,91,19,5,0,55,16,0,0,0,0.0,20.87,20.83,0.0,,0.0,0.0,79.13,79.17,100.0,,,0.0,
2020-12-24,2020-12,51,5,mobile,google,cpc,<Other>,new_session,61,61,5,2,0,0,56,3,2,0,18,6,0,0,0,0.0,8.2,40.0,0.0,,0.0,0.0,91.8,60.0,100.0,,,0.0,
2020-12-24,2020-12,51,5,desktop,<Other>,<Other>,<Other>,new_session,245,245,28,3,0,0,217,25,3,0,92,3,0,0,0,0.0,11.43,10.71,0.0,,0.0,0.0,88.57,89.29,100.0,,,0.0,
2020-12-24,2020-12,51,5,desktop,google,cpc,<Other>,new_session,68,68,9,2,0,0,59,7,2,0,25,10,0,0,0,0.0,13.24,22.22,0.0,,0.0,0.0,86.76,77.78,100.0,,,0.0,
2020-12-24,2020-12,51,5,tablet,google,cpc,<Other>,new_session,5,5,2,1,0,0,3,1,1,0,4,1,0,0,0,0.0,40.0,50.0,0.0,,0.0,0.0,60.0,50.0,100.0,,,0.0,
2020-12-24,2020-12,51,5,mobile,google,organic,(organic),returning_session,43,43,13,2,0,0,30,11,2,0,83,15,0,0,0,0.0,30.23,15.38,0.0,,0.0,0.0,69.77,84.62,100.0,,,0.0,
2020-12-24,2020-12,51,5,desktop,<Other>,organic,(organic),new_session,53,53,7,1,0,0,46,6,1,0,16,1,0,0,0,0.0,13.21,14.29,0.0,,0.0,0.0,86.79,85.71,100.0,,,0.0,
2020-12-24,2020-12,51,5,desktop,google,organic,(organic),returning_session,59,59,9,2,0,0,50,7,2,0,38,4,0,0,0,0.0,15.25,22.22,0.0,,0.0,0.0,84.75,77.78,100.0,,,0.0,
2020-12-24,2020-12,51,5,desktop,<Other>,referral,(referral),returning_session,32,32,12,4,1,0,20,9,4,1,63,14,6,0,0,0.0,37.5,33.33,25.0,0.0,0.0,0.0,62.5,75.0,100.0,100.0,,0.0,
2020-12-24,2020-12,51,5,desktop,(direct),(none),(direct),new_session,297,296,54,8,2,0,242,46,7,2,239,30,6,0,0,0.0,18.24,14.81,25.0,0.0,0.0,0.0,81.76,85.19,87.5,100.0,,0.0,
2020-12-24,2020-12,51,5,mobile,<Other>,referral,(referral),new_session,89,88,11,3,1,0,77,8,3,1,104,40,6,0,0,0.0,12.5,27.27,33.33,0.0,0.0,0.0,87.5,72.73,100.0,100.0,,0.0,
2020-12-24,2020-12,51,5,mobile,<Other>,organic,(organic),new_session,28,28,5,3,1,0,23,2,2,1,21,3,3,0,0,0.0,17.86,60.0,33.33,0.0,0.0,0.0,82.14,40.0,66.67,100.0,,0.0,
2020-12-24,2020-12,51,5,mobile,(direct),(none),(direct),new_session,213,213,33,5,2,0,180,28,3,2,106,24,6,0,0,0.0,15.49,15.15,40.0,0.0,0.0,0.0,84.51,84.85,60.0,100.0,,0.0,
2020-12-24,2020-12,51,5,desktop,google,organic,(organic),new_session,440,440,59,7,2,1,381,52,6,1,187,22,12,1,1,99.0,13.41,11.86,28.57,50.0,0.23,1.69,86.59,88.14,85.71,50.0,99.0,0.23,99.0
2020-12-24,2020-12,51,5,mobile,google,organic,(organic),new_session,324,324,54,13,4,1,270,41,10,3,163,47,15,1,1,26.0,16.67,24.07,30.77,25.0,0.31,1.85,83.33,75.93,76.92,75.0,26.0,0.08,26.0
2020-12-24,2020-12,51,5,desktop,shop.googlemerchandisestore.com,referral,(referral),returning_session,56,56,21,5,2,1,35,16,3,1,159,25,9,1,1,153.0,37.5,23.81,40.0,50.0,1.79,4.76,62.5,76.19,60.0,50.0,153.0,2.73,153.0
2020-12-24,2020-12,51,5,desktop,(direct),(none),(direct),returning_session,67,67,17,7,2,1,50,10,5,1,102,22,5,1,1,0.0,25.37,41.18,28.57,50.0,1.49,5.88,74.63,58.82,71.43,50.0,0.0,0.0,0.0
2020-12-24,2020-12,51,5,mobile,shop.googlemerchandisestore.com,referral,(referral),returning_session,37,37,9,3,2,1,28,6,2,1,32,9,9,1,1,19.0,24.32,33.33,66.67,50.0,2.7,11.11,75.68,66.67,66.67,50.0,19.0,0.51,19.0
2020-12-24,2020-12,51,5,mobile,<Other>,<Other>,<Other>,new_session,166,166,25,4,4,3,141,21,1,1,160,35,18,3,3,68.0,15.06,16.0,100.0,75.0,1.81,12.0,84.94,84.0,25.0,25.0,22.67,0.41,22.67
2020-12-24,2020-12,51,5,mobile,(data deleted),(data deleted),(data deleted),returning_session,48,48,11,4,4,2,37,7,1,2,84,19,18,2,2,71.0,22.92,36.36,100.0,50.0,4.17,18.18,77.08,63.64,25.0,50.0,35.5,1.48,35.5
2020-12-24,2020-12,51,5,mobile,(direct),(none),(direct),returning_session,42,42,9,1,2,2,33,8,0,0,77,14,6,2,2,64.0,21.43,11.11,200.0,100.0,4.76,22.22,78.57,88.89,0.0,0.0,32.0,1.52,32.0
2020-12-24,2020-12,51,5,desktop,<Other>,<Other>,<Other>,returning_session,14,14,4,1,1,1,10,3,1,0,20,1,6,1,1,59.0,28.57,25.0,100.0,100.0,7.14,25.0,71.43,75.0,100.0,0.0,59.0,4.21,59.0
2020-12-24,2020-12,51,5,mobile,<Other>,referral,(referral),returning_session,23,23,4,1,1,1,19,3,0,0,21,1,6,1,1,120.0,17.39,25.0,100.0,100.0,4.35,25.0,82.61,75.0,0.0,0.0,120.0,5.22,120.0
2020-12-24,2020-12,51,5,desktop,(data deleted),(data deleted),(data deleted),returning_session,61,61,15,6,4,4,46,9,3,0,163,61,30,5,5,344.0,24.59,40.0,66.67,100.0,6.56,26.67,75.41,60.0,50.0,0.0,86.0,5.64,68.8
2020-12-24,2020-12,51,5,desktop,google,cpc,<Other>,returning_session,8,8,5,3,2,2,3,2,1,0,53,34,15,2,2,68.0,62.5,60.0,66.67,100.0,25.0,40.0,37.5,40.0,33.33,0.0,34.0,8.5,34.0
2020-12-24,2020-12,51,5,tablet,google,organic,(organic),returning_session,1,1,1,0,1,1,0,1,0,0,39,0,6,1,1,76.0,100.0,0.0,,100.0,100.0,100.0,0.0,100.0,,0.0,76.0,76.0,76.0
2020-12-24,2020-12,51,5,tablet,(data deleted),(data deleted),(data deleted),returning_session,7,7,1,1,1,1,6,0,0,0,12,11,6,1,1,25.0,14.29,100.0,100.0,100.0,14.29,100.0,85.71,0.0,0.0,0.0,25.0,3.57,25.0
2020-12-11,2020-12,49,6,tablet,google,cpc,<Other>,new_session,6,6,0,0,0,0,6,0,0,0,0,0,0,0,0,0.0,0.0,,,,0.0,,100.0,,,,,0.0,
2020-12-11,2020-12,49,6,mobile,<Other>,(data deleted),(data deleted),returning_session,1,1,1,0,0,0,0,1,0,0,4,0,0,0,0,0.0,100.0,0.0,,,0.0,0.0,0.0,100.0,,,,0.0,
2020-12-11,2020-12,49,6,mobile,(data deleted),(data deleted),(data deleted),new_session,8,8,3,0,0,0,5,3,0,0,5,0,0,0,0,0.0,37.5,0.0,,,0.0,0.0,62.5,100.0,,,,0.0,
2020-12-11,2020-12,49,6,tablet,<Other>,organic,(organic),new_session,3,3,0,0,0,0,3,0,0,0,0,0,0,0,0,0.0,0.0,,,,0.0,,100.0,,,,,0.0,
2020-12-11,2020-12,49,6,mobile,(data deleted),(data deleted),<Other>,returning_session,3,3,0,0,0,0,3,0,0,0,0,0,0,0,0,0.0,0.0,,,,0.0,,100.0,,,,,0.0,
2020-12-11,2020-12,49,6,tablet,(data deleted),(data deleted),(data deleted),new_session,1,1,0,0,0,0,1,0,0,0,0,0,0,0,0,0.0,0.0,,,,0.0,,100.0,,,,,0.0,
2020-12-11,2020-12,49,6,tablet,<Other>,referral,(referral),new_session,7,7,0,0,0,0,7,0,0,0,0,0,0,0,0,0.0,0.0,,,,0.0,,100.0,,,,,0.0,
2020-12-11,2020-12,49,6,tablet,(direct),(none),(direct),new_session,17,17,3,0,0,0,14,3,0,0,24,0,0,0,0,0.0,17.65,0.0,,,0.0,0.0,82.35,100.0,,,,0.0,
2020-12-11,2020-12,49,6,tablet,shop.googlemerchandisestore.com,referral,(referral),returning_session,3,3,1,1,0,0,2,0,1,0,2,3,0,0,0,0.0,33.33,100.0,0.0,,0.0,0.0,66.67,0.0,100.0,,,0.0,
2020-12-11,2020-12,49,6,tablet,<Other>,referral,(referral),returning_session,8,8,2,1,0,0,6,1,1,0,4,3,0,0,0,0.0,25.0,50.0,0.0,,0.0,0.0,75.0,50.0,100.0,,,0.0,
2020-12-11,2020-12,49,6,tablet,shop.googlemerchandisestore.com,referral,(referral),new_session,7,7,2,1,0,0,5,1,1,0,8,1,0,0,0,0.0,28.57,50.0,0.0,,0.0,0.0,71.43,50.0,100.0,,,0.0,
2020-12-11,2020-12,49,6,desktop,(data deleted),(data deleted),<Other>,returning_session,4,4,2,2,0,0,2,0,2,0,22,6,0,0,0,0.0,50.0,100.0,0.0,,0.0,0.0,50.0,0.0,100.0,,,0.0,
2020-12-11,2020-12,49,6,mobile,<Other>,organic,(organic),new_session,49,49,12,3,0,0,37,9,3,0,138,75,0,0,0,0.0,24.49,25.0,0.0,,0.0,0.0,75.51,75.0,100.0,,,0.0,
2020-12-11,2020-12,49,6,tablet,(data deleted),(data deleted),(data deleted),returning_session,8,8,1,1,0,0,7,0,1,0,1,1,0,0,0,0.0,12.5,100.0,0.0,,0.0,0.0,87.5,0.0,100.0,,,0.0,
2020-12-11,2020-12,49,6,tablet,<Other>,<Other>,<Other>,new_session,17,17,4,2,0,0,13,2,2,0,22,11,0,0,0,0.0,23.53,50.0,0.0,,0.0,0.0,76.47,50.0,100.0,,,0.0,
2020-12-11,2020-12,49,6,mobile,google,cpc,<Other>,new_session,93,93,19,4,1,1,74,15,4,0,77,6,2,1,1,24.0,20.43,21.05,25.0,100.0,1.08,5.26,79.57,78.95,100.0,0.0,24.0,0.26,24.0
2020-12-11,2020-12,49,6,mobile,<Other>,<Other>,<Other>,new_session,304,303,59,20,8,0,245,39,14,8,216,48,22,0,0,0.0,19.47,33.9,40.0,0.0,0.0,0.0,80.86,66.1,70.0,100.0,,0.0,
2020-12-11,2020-12,49,6,desktop,<Other>,<Other>,<Other>,new_session,414,414,78,20,8,3,336,58,12,5,425,61,20,3,3,150.0,18.84,25.64,40.0,37.5,0.72,3.85,81.16,74.36,60.0,62.5,50.0,0.36,50.0
2020-12-11,2020-12,49,6,desktop,(direct),(none),(direct),new_session,536,536,107,29,12,6,429,78,19,6,413,88,36,6,6,221.0,19.96,27.1,41.38,50.0,1.12,5.61,80.04,72.9,65.52,50.0,36.83,0.41,36.83
2020-12-11,2020-12,49,6,mobile,(direct),(none),(direct),new_session,338,338,61,21,10,2,277,40,12,8,293,33,28,2,2,83.0,18.05,34.43,47.62,20.0,0.59,3.28,81.95,65.57,57.14,80.0,41.5,0.25,41.5
2020-12-11,2020-12,49,6,desktop,<Other>,organic,(organic),new_session,64,64,15,2,1,1,49,13,1,0,33,6,6,1,1,17.0,23.44,13.33,50.0,100.0,1.56,6.67,76.56,86.67,50.0,0.0,17.0,0.27,17.0
2020-12-11,2020-12,49,6,mobile,(data deleted),(data deleted),(data deleted),returning_session,135,135,31,17,9,7,104,14,9,2,161,64,32,7,7,565.0,22.96,54.84,52.94,77.78,5.19,22.58,77.04,45.16,52.94,22.22,80.71,4.19,80.71
2020-12-11,2020-12,49,6,desktop,shop.googlemerchandisestore.com,referral,(referral),returning_session,147,146,46,13,7,5,100,33,8,2,234,73,32,5,5,751.0,31.51,28.26,53.85,71.43,3.4,10.87,68.49,71.74,61.54,28.57,150.2,5.11,150.2
2020-12-11,2020-12,49,6,mobile,<Other>,referral,(referral),new_session,153,152,24,7,4,2,129,17,5,2,65,18,12,2,2,99.0,15.79,29.17,57.14,50.0,1.31,8.33,84.87,70.83,71.43,50.0,49.5,0.65,49.5
2020-12-11,2020-12,49,6,desktop,<Other>,<Other>,<Other>,returning_session,58,58,24,12,7,7,34,12,6,0,233,83,34,7,7,529.0,41.38,50.0,58.33,100.0,12.07,29.17,58.62,50.0,50.0,0.0,75.57,9.12,75.57
2020-12-11,2020-12,49,6,desktop,<Other>,referral,(referral),returning_session,93,93,31,12,7,6,62,19,8,1,152,53,38,9,9,451.0,33.33,38.71,58.33,85.71,6.45,19.35,66.67,61.29,66.67,14.29,75.17,4.85,50.11
2020-12-11,2020-12,49,6,mobile,(direct),(none),(direct),returning_session,125,125,49,27,16,11,76,22,13,5,382,186,61,14,14,648.0,39.2,55.1,59.26,68.75,8.8,22.45,60.8,44.9,48.15,31.25,58.91,5.18,46.29
2020-12-11,2020-12,49,6,desktop,(direct),(none),(direct),returning_session,220,219,80,36,22,12,140,44,18,10,580,155,83,13,13,1236.0,36.53,45.0,61.11,54.55,5.45,15.0,63.93,55.0,50.0,45.45,103.0,5.62,95.08
2020-12-11,2020-12,49,6,desktop,google,organic,(organic),returning_session,189,189,67,21,13,10,122,46,12,3,466,129,52,10,10,413.0,35.45,31.34,61.9,76.92,5.29,14.93,64.55,68.66,57.14,23.08,41.3,2.19,41.3
2020-12-11,2020-12,49,6,mobile,google,organic,(organic),new_session,548,548,114,32,20,8,434,82,13,12,608,145,56,8,8,780.0,20.8,28.07,62.5,40.0,1.46,7.02,79.2,71.93,40.63,60.0,97.5,1.42,97.5
2020-12-11,2020-12,49,6,desktop,google,organic,(organic),new_session,799,799,147,35,23,10,652,112,17,13,766,133,80,11,11,623.0,18.4,23.81,65.71,43.48,1.25,6.8,81.6,76.19,48.57,56.52,62.3,0.78,56.64
2020-12-11,2020-12,49,6,desktop,<Other>,organic,(organic),returning_session,20,20,10,6,4,4,10,4,2,0,42,10,16,4,4,225.0,50.0,60.0,66.67,100.0,20.0,40.0,50.0,40.0,33.33,0.0,56.25,11.25,56.25
2020-12-11,2020-12,49,6,desktop,<Other>,referral,(referral),new_session,231,231,48,14,10,1,183,34,4,9,392,98,30,1,1,44.0,20.78,29.17,71.43,10.0,0.43,2.08,79.22,70.83,28.57,90.0,44.0,0.19,44.0
2020-12-11,2020-12,49,6,desktop,google,cpc,<Other>,new_session,133,133,22,7,5,3,111,15,2,2,112,39,9,3,3,150.0,16.54,31.82,71.43,60.0,2.26,13.64,83.46,68.18,28.57,40.0,50.0,1.13,50.0
2020-12-11,2020-12,49,6,desktop,(data deleted),(data deleted),(data deleted),returning_session,220,220,57,24,19,11,163,33,11,8,554,178,64,11,11,517.0,25.91,42.11,79.17,57.89,5.0,19.3,74.09,57.89,45.83,42.11,47.0,2.35,47.0
2020-12-11,2020-12,49,6,mobile,shop.googlemerchandisestore.com,referral,(referral),returning_session,90,90,30,15,12,8,60,15,5,4,280,142,39,10,10,666.0,33.33,50.0,80.0,66.67,8.89,26.67,66.67,50.0,33.33,33.33,83.25,7.4,66.6
2020-12-11,2020-12,49,6,mobile,google,organic,(organic),returning_session,145,145,38,15,12,10,107,23,9,2,567,57,51,10,10,753.0,26.21,39.47,80.0,83.33,6.9,26.32,73.79,60.53,60.0,16.67,75.3,5.19,75.3
2020-12-11,2020-12,49,6,tablet,google,organic,(organic),returning_session,8,8,2,2,2,0,6,0,0,2,32,32,6,0,0,0.0,25.0,100.0,100.0,0.0,0.0,0.0,75.0,0.0,0.0,100.0,,0.0,
2020-12-11,2020-12,49,6,desktop,(data deleted),(data deleted),(data deleted),new_session,12,11,6,1,1,0,5,5,0,1,37,3,2,0,0,0.0,54.55,16.67,100.0,0.0,0.0,0.0,45.45,83.33,0.0,100.0,,0.0,
2020-12-11,2020-12,49,6,tablet,google,organic,(organic),new_session,30,30,7,1,1,0,23,6,1,1,32,2,2,0,0,0.0,23.33,14.29,100.0,0.0,0.0,0.0,76.67,85.71,100.0,100.0,,0.0,
2020-12-11,2020-12,49,6,tablet,(direct),(none),(direct),returning_session,7,7,1,1,1,1,6,0,0,0,6,2,2,1,1,56.0,14.29,100.0,100.0,100.0,14.29,100.0,85.71,0.0,0.0,0.0,56.0,8.0,56.0
2020-12-11,2020-12,49,6,mobile,google,cpc,<Other>,returning_session,14,13,6,2,2,1,8,4,0,1,61,21,6,1,1,176.0,46.15,33.33,100.0,50.0,7.14,16.67,61.54,66.67,0.0,50.0,176.0,12.57,176.0
2020-12-11,2020-12,49,6,mobile,<Other>,organic,(organic),returning_session,5,5,2,1,1,1,3,1,0,0,23,21,10,2,2,173.0,40.0,50.0,100.0,100.0,20.0,50.0,60.0,50.0,0.0,0.0,173.0,34.6,86.5
2020-12-11,2020-12,49,6,mobile,shop.googlemerchandisestore.com,referral,(referral),new_session,79,79,13,4,4,2,66,9,1,2,71,11,8,2,2,108.0,16.46,30.77,100.0,50.0,2.53,15.38,83.54,69.23,25.0,50.0,54.0,1.37,54.0
2020-12-11,2020-12,49,6,desktop,google,cpc,<Other>,returning_session,15,15,5,3,3,2,10,2,1,1,45,23,10,2,2,82.0,33.33,60.0,100.0,66.67,13.33,40.0,66.67,40.0,33.33,33.33,41.0,5.47,41.0
2020-12-11,2020-12,49,6,mobile,<Other>,<Other>,<Other>,returning_session,43,43,15,4,4,2,28,11,1,2,89,29,24,2,2,143.0,34.88,26.67,100.0,50.0,4.65,13.33,65.12,73.33,25.0,50.0,71.5,3.33,71.5
2020-12-11,2020-12,49,6,desktop,shop.googlemerchandisestore.com,referral,(referral),new_session,125,125,21,7,7,4,104,14,1,3,124,48,36,4,4,256.0,16.8,33.33,100.0,57.14,3.2,19.05,83.2,66.67,14.29,42.86,64.0,2.05,64.0
2020-12-11,2020-12,49,6,mobile,<Other>,referral,(referral),returning_session,72,72,15,3,4,4,57,12,0,0,79,18,16,4,4,190.0,20.83,20.0,133.33,100.0,5.56,26.67,79.17,80.0,0.0,0.0,47.5,2.64,47.5
2021-01-04,2021-01,1,2,tablet,(direct),(none),(direct),returning_session,6,6,0,0,0,0,6,0,0,0,0,0,0,0,0,0.0,0.0,,,,0.0,,100.0,,,,,0.0,
2021-01-04,2021-01,1,2,mobile,<Other>,organic,(organic),returning_session,4,4,0,0,0,0,4,0,0,0,0,0,0,0,0,0.0,0.0,,,,0.0,,100.0,,,,,0.0,
2021-01-04,2021-01,1,2,tablet,shop.googlemerchandisestore.com,referral,(referral),returning_session,1,1,0,0,0,0,1,0,0,0,0,0,0,0,0,0.0,0.0,,,,0.0,,100.0,,,,,0.0,
2021-01-04,2021-01,1,2,tablet,<Other>,<Other>,<Other>,returning_session,1,1,0,0,0,0,1,0,0,0,0,0,0,0,0,0.0,0.0,,,,0.0,,100.0,,,,,0.0,
2021-01-04,2021-01,1,2,tablet,<Other>,organic,(organic),new_session,2,2,0,0,0,0,2,0,0,0,0,0,0,0,0,0.0,0.0,,,,0.0,,100.0,,,,,0.0,
2021-01-04,2021-01,1,2,desktop,(data deleted),(data deleted),<Other>,returning_session,2,2,0,0,0,0,2,0,0,0,0,0,0,0,0,0.0,0.0,,,,0.0,,100.0,,,,,0.0,
2021-01-04,2021-01,1,2,mobile,(data deleted),(data deleted),<Other>,returning_session,1,1,0,0,0,0,1,0,0,0,0,0,0,0,0,0.0,0.0,,,,0.0,,100.0,,,,,0.0,
2021-01-04,2021-01,1,2,tablet,(data deleted),(data deleted),(data deleted),returning_session,3,3,0,0,0,0,3,0,0,0,0,0,0,0,0,0.0,0.0,,,,0.0,,100.0,,,,,0.0,
2021-01-04,2021-01,1,2,mobile,(data deleted),(data deleted),(data deleted),new_session,4,4,1,0,0,0,3,1,0,0,2,0,0,0,0,0.0,25.0,0.0,,,0.0,0.0,75.0,100.0,,,,0.0,
2021-01-04,2021-01,1,2,tablet,<Other>,referral,(referral),returning_session,2,2,1,0,0,0,1,1,0,0,1,0,0,0,0,0.0,50.0,0.0,,,0.0,0.0,50.0,100.0,,,,0.0,
2021-01-04,2021-01,1,2,desktop,google,cpc,<Other>,returning_session,5,5,1,0,0,0,4,1,0,0,6,0,0,0,0,0.0,20.0,0.0,,,0.0,0.0,80.0,100.0,,,,0.0,
2021-01-04,2021-01,1,2,desktop,<Other>,(data deleted),(data deleted),returning_session,3,3,1,0,0,0,2,1,0,0,1,0,0,0,0,0.0,33.33,0.0,,,0.0,0.0,66.67,100.0,,,,0.0,
2021-01-04,2021-01,1,2,mobile,google,cpc,<Other>,returning_session,5,5,1,0,0,0,4,1,0,0,12,0,0,0,0,0.0,20.0,0.0,,,0.0,0.0,80.0,100.0,,,,0.0,
2021-01-04,2021-01,1,2,tablet,google,cpc,<Other>,new_session,1,1,1,0,0,0,0,1,0,0,1,0,0,0,0,0.0,100.0,0.0,,,0.0,0.0,0.0,100.0,,,,0.0,
2021-01-04,2021-01,1,2,tablet,google,organic,(organic),returning_session,3,3,1,0,0,0,2,1,0,0,4,0,0,0,0,0.0,33.33,0.0,,,0.0,0.0,66.67,100.0,,,,0.0,
2021-01-04,2021-01,1,2,mobile,<Other>,referral,(referral),returning_session,31,31,6,2,0,0,25,4,2,0,15,4,0,0,0,0.0,19.35,33.33,0.0,,0.0,0.0,80.65,66.67,100.0,,,0.0,
2021-01-04,2021-01,1,2,mobile,shop.googlemerchandisestore.com,referral,(referral),returning_session,51,51,14,2,0,0,37,12,2,0,41,6,0,0,0,0.0,27.45,14.29,0.0,,0.0,0.0,72.55,85.71,100.0,,,0.0,
2021-01-04,2021-01,1,2,desktop,(data deleted),(data deleted),(data deleted),new_session,5,5,1,0,0,0,4,1,0,0,8,0,0,0,0,0.0,20.0,0.0,,,0.0,0.0,80.0,100.0,,,,0.0,
2021-01-04,2021-01,1,2,desktop,google,cpc,<Other>,new_session,95,95,18,1,0,0,77,17,1,0,35,1,0,0,0,0.0,18.95,5.56,0.0,,0.0,0.0,81.05,94.44,100.0,,,0.0,
2021-01-04,2021-01,1,2,tablet,google,organic,(organic),new_session,21,21,5,1,0,0,16,4,1,0,31,16,0,0,0,0.0,23.81,20.0,0.0,,0.0,0.0,76.19,80.0,100.0,,,0.0,
2021-01-04,2021-01,1,2,mobile,shop.googlemerchandisestore.com,referral,(referral),new_session,43,43,3,1,0,0,40,2,1,0,5,2,0,0,0,0.0,6.98,33.33,0.0,,0.0,0.0,93.02,66.67,100.0,,,0.0,
2021-01-04,2021-01,1,2,desktop,shop.googlemerchandisestore.com,referral,(referral),returning_session,62,62,6,1,0,0,56,5,1,0,25,2,0,0,0,0.0,9.68,16.67,0.0,,0.0,0.0,90.32,83.33,100.0,,,0.0,
2021-01-04,2021-01,1,2,desktop,<Other>,organic,(organic),returning_session,11,11,1,0,0,0,10,1,0,0,2,0,0,0,0,0.0,9.09,0.0,,,0.0,0.0,90.91,100.0,,,,0.0,
2021-01-04,2021-01,1,2,mobile,<Other>,referral,(referral),new_session,98,98,19,4,0,0,79,15,4,0,45,8,0,0,0,0.0,19.39,21.05,0.0,,0.0,0.0,80.61,78.95,100.0,,,0.0,
2021-01-04,2021-01,1,2,tablet,<Other>,referral,(referral),new_session,7,7,3,1,0,0,4,2,1,0,12,4,0,0,0,0.0,42.86,33.33,0.0,,0.0,0.0,57.14,66.67,100.0,,,0.0,
2021-01-04,2021-01,1,2,desktop,<Other>,<Other>,<Other>,returning_session,19,19,2,0,0,0,17,2,0,0,6,0,0,0,0,0.0,10.53,0.0,,,0.0,0.0,89.47,100.0,,,,0.0,
2021-01-04,2021-01,1,2,mobile,<Other>,organic,(organic),new_session,33,33,4,0,0,0,29,4,0,0,5,0,0,0,0,0.0,12.12,0.0,,,0.0,0.0,87.88,100.0,,,,0.0,
2021-01-04,2021-01,1,2,tablet,<Other>,<Other>,<Other>,new_session,14,14,4,0,0,0,10,4,0,0,11,0,0,0,0,0.0,28.57,0.0,,,0.0,0.0,71.43,100.0,,,,0.0,
2021-01-04,2021-01,1,2,tablet,shop.googlemerchandisestore.com,referral,(referral),new_session,2,2,1,1,0,0,1,0,1,0,1,1,0,0,0,0.0,50.0,100.0,0.0,,0.0,0.0,50.0,0.0,100.0,,,0.0,
2021-01-04,2021-01,1,2,desktop,shop.googlemerchandisestore.com,referral,(referral),new_session,76,76,8,1,0,0,68,7,1,0,10,1,0,0,0,0.0,10.53,12.5,0.0,,0.0,0.0,89.47,87.5,100.0,,,0.0,
2021-01-04,2021-01,1,2,mobile,(direct),(none),(direct),new_session,224,223,27,4,1,0,196,23,4,1,46,4,3,0,0,0.0,12.11,14.81,25.0,0.0,0.0,0.0,87.89,85.19,100.0,100.0,,0.0,
2021-01-04,2021-01,1,2,desktop,<Other>,<Other>,<Other>,new_session,265,265,32,4,1,0,233,28,3,1,68,6,3,0,0,0.0,12.08,12.5,25.0,0.0,0.0,0.0,87.92,87.5,75.0,100.0,,0.0,
2021-01-04,2021-01,1,2,desktop,<Other>,organic,(organic),new_session,44,44,5,2,1,0,39,3,2,1,71,4,3,0,0,0.0,11.36,40.0,50.0,0.0,0.0,0.0,88.64,60.0,100.0,100.0,,0.0,
2021-01-04,2021-01,1,2,mobile,<Other>,<Other>,<Other>,returning_session,18,18,3,1,1,0,15,2,0,1,3,1,3,0,0,0.0,16.67,33.33,100.0,0.0,0.0,0.0,83.33,66.67,0.0,100.0,,0.0,
2021-01-04,2021-01,1,2,desktop,<Other>,referral,(referral),new_session,155,155,15,5,1,0,140,10,5,1,116,41,3,0,0,0.0,9.68,33.33,20.0,0.0,0.0,0.0,90.32,66.67,100.0,100.0,,0.0,
2021-01-04,2021-01,1,2,mobile,(direct),(none),(direct),returning_session,63,63,11,3,1,1,52,8,2,0,45,9,3,1,1,92.0,17.46,27.27,33.33,100.0,1.59,9.09,82.54,72.73,66.67,0.0,92.0,1.46,92.0
2021-01-04,2021-01,1,2,mobile,google,cpc,<Other>,new_session,58,58,10,1,1,1,48,9,1,0,58,1,6,1,1,13.0,17.24,10.0,100.0,100.0,1.72,10.0,82.76,90.0,100.0,0.0,13.0,0.22,13.0
2021-01-04,2021-01,1,2,tablet,(direct),(none),(direct),new_session,17,17,3,1,1,1,14,2,0,0,15,6,9,1,1,42.0,17.65,33.33,100.0,100.0,5.88,33.33,82.35,66.67,0.0,0.0,42.0,2.47,42.0
2021-01-04,2021-01,1,2,desktop,(direct),(none),(direct),new_session,395,395,77,8,2,1,318,69,6,1,244,19,12,1,1,14.0,19.49,10.39,25.0,50.0,0.25,1.3,80.51,89.61,75.0,50.0,14.0,0.04,14.0
2021-01-04,2021-01,1,2,mobile,google,organic,(organic),new_session,351,351,58,12,2,1,293,46,12,1,190,43,6,1,1,11.0,16.52,20.69,16.67,50.0,0.28,1.72,83.48,79.31,100.0,50.0,11.0,0.03,11.0
2021-01-04,2021-01,1,2,mobile,<Other>,<Other>,<Other>,new_session,197,197,27,6,2,1,170,21,4,1,200,40,24,1,1,26.0,13.71,22.22,33.33,50.0,0.51,3.7,86.29,77.78,66.67,50.0,26.0,0.13,26.0
2021-01-04,2021-01,1,2,mobile,google,organic,(organic),returning_session,73,72,15,5,2,1,57,10,3,1,81,27,27,1,1,123.0,20.83,33.33,40.0,50.0,1.37,6.67,79.17,66.67,60.0,50.0,123.0,1.68,123.0
2021-01-04,2021-01,1,2,mobile,(data deleted),(data deleted),(data deleted),returning_session,54,54,12,2,2,1,42,10,1,1,57,30,6,1,1,49.0,22.22,16.67,100.0,50.0,1.85,8.33,77.78,83.33,50.0,50.0,49.0,0.91,49.0
2021-01-04,2021-01,1,2,desktop,(direct),(none),(direct),returning_session,91,91,11,1,2,1,80,10,0,1,52,6,27,1,1,70.0,12.09,9.09,200.0,50.0,1.1,9.09,87.91,90.91,0.0,50.0,70.0,0.77,70.0
2021-01-04,2021-01,1,2,desktop,<Other>,referral,(referral),returning_session,33,33,8,3,2,1,25,5,2,1,36,14,9,1,1,45.0,24.24,37.5,66.67,50.0,3.03,12.5,75.76,62.5,66.67,50.0,45.0,1.36,45.0
2021-01-04,2021-01,1,2,desktop,(data deleted),(data deleted),(data deleted),returning_session,89,89,15,6,2,2,74,9,4,0,107,47,9,2,2,154.0,16.85,40.0,33.33,100.0,2.25,13.33,83.15,60.0,66.67,0.0,77.0,1.73,77.0
2021-01-04,2021-01,1,2,desktop,google,organic,(organic),new_session,550,550,78,18,3,2,472,60,16,1,276,45,12,2,2,62.0,14.18,23.08,16.67,66.67,0.36,2.56,85.82,76.92,88.89,33.33,31.0,0.11,31.0
2021-01-04,2021-01,1,2,desktop,google,organic,(organic),returning_session,79,79,16,4,3,1,63,12,3,2,39,8,15,1,1,32.0,20.25,25.0,75.0,33.33,1.27,6.25,79.75,75.0,75.0,66.67,32.0,0.41,32.0
2021-01-31,2021-01,5,1,tablet,shop.googlemerchandisestore.com,referral,(referral),returning_session,3,3,0,0,0,0,3,0,0,0,0,0,0,0,0,0.0,0.0,,,,0.0,,100.0,,,,,0.0,
2020-12-20,2020-12,51,1,tablet,(direct),(none),(direct),returning_session,5,5,0,0,0,0,5,0,0,0,0,0,0,0,0,0.0,0.0,,,,0.0,,100.0,,,,,0.0,
2020-12-20,2020-12,51,1,desktop,<Other>,organic,(organic),returning_session,2,2,0,0,0,0,2,0,0,0,0,0,0,0,0,0.0,0.0,,,,0.0,,100.0,,,,,0.0,
2020-12-20,2020-12,51,1,tablet,shop.googlemerchandisestore.com,referral,(referral),returning_session,1,1,0,0,0,0,1,0,0,0,0,0,0,0,0,0.0,0.0,,,,0.0,,100.0,,,,,0.0,
2020-12-20,2020-12,51,1,tablet,google,organic,(organic),returning_session,3,3,0,0,0,0,3,0,0,0,0,0,0,0,0,0.0,0.0,,,,0.0,,100.0,,,,,0.0,
2020-12-20,2020-12,51,1,tablet,shop.googlemerchandisestore.com,referral,(referral),new_session,3,3,0,0,0,0,3,0,0,0,0,0,0,0,0,0.0,0.0,,,,0.0,,100.0,,,,,0.0,
2020-12-20,2020-12,51,1,desktop,(data deleted),(data deleted),(data deleted),new_session,1,1,0,0,0,0,1,0,0,0,0,0,0,0,0,0.0,0.0,,,,0.0,,100.0,,,,,0.0,
2020-12-20,2020-12,51,1,tablet,google,cpc,<Other>,new_session,3,3,0,0,0,0,3,0,0,0,0,0,0,0,0,0.0,0.0,,,,0.0,,100.0,,,,,0.0,
2020-12-20,2020-12,51,1,tablet,<Other>,referral,(referral),returning_session,1,1,0,0,0,0,1,0,0,0,0,0,0,0,0,0.0,0.0,,,,0.0,,100.0,,,,,0.0,
2020-12-20,2020-12,51,1,mobile,google,cpc,<Other>,returning_session,7,7,0,0,0,0,7,0,0,0,0,0,0,0,0,0.0,0.0,,,,0.0,,100.0,,,,,0.0,
2020-12-20,2020-12,51,1,desktop,<Other>,referral,(referral),returning_session,42,41,9,2,0,0,32,7,2,0,26,3,0,0,0,0.0,21.95,22.22,0.0,,0.0,0.0,78.05,77.78,100.0,,,0.0,
2020-12-20,2020-12,51,1,mobile,<Other>,organic,(organic),new_session,29,28,3,0,0,0,25,3,0,0,3,0,0,0,0,0.0,10.71,0.0,,,0.0,0.0,89.29,100.0,,,,0.0,
2020-12-20,2020-12,51,1,desktop,google,cpc,<Other>,new_session,72,72,5,1,0,0,67,4,1,0,16,2,0,0,0,0.0,6.94,20.0,0.0,,0.0,0.0,93.06,80.0,100.0,,,0.0,
2020-12-20,2020-12,51,1,tablet,google,organic,(organic),new_session,15,15,1,0,0,0,14,1,0,0,3,0,0,0,0,0.0,6.67,0.0,,,0.0,0.0,93.33,100.0,,,,0.0,
2020-12-20,2020-12,51,1,desktop,(data deleted),(data deleted),<Other>,returning_session,3,3,1,0,0,0,2,1,0,0,5,0,0,0,0,0.0,33.33,0.0,,,0.0,0.0,66.67,100.0,,,,0.0,
2020-12-20,2020-12,51,1,mobile,shop.googlemerchandisestore.com,referral,(referral),returning_session,36,36,7,5,0,0,29,2,5,0,64,31,0,0,0,0.0,19.44,71.43,0.0,,0.0,0.0,80.56,28.57,100.0,,,0.0,
2020-12-20,2020-12,51,1,mobile,(data deleted),(data deleted),(data deleted),new_session,5,5,2,0,0,0,3,2,0,0,3,0,0,0,0,0.0,40.0,0.0,,,0.0,0.0,60.0,100.0,,,,0.0,
2020-12-20,2020-12,51,1,mobile,<Other>,organic,(organic),returning_session,8,8,2,0,0,0,6,2,0,0,12,0,0,0,0,0.0,25.0,0.0,,,0.0,0.0,75.0,100.0,,,,0.0,
2020-12-20,2020-12,51,1,desktop,<Other>,(data deleted),(data deleted),returning_session,3,3,1,0,0,0,2,1,0,0,2,0,0,0,0,0.0,33.33,0.0,,,0.0,0.0,66.67,100.0,,,,0.0,
2020-12-20,2020-12,51,1,tablet,<Other>,referral,(referral),new_session,5,5,1,0,0,0,4,1,0,0,1,0,0,0,0,0.0,20.0,0.0,,,0.0,0.0,80.0,100.0,,,,0.0,
2020-12-20,2020-12,51,1,mobile,google,cpc,<Other>,new_session,54,54,8,0,0,0,46,8,0,0,21,0,0,0,0,0.0,14.81,0.0,,,0.0,0.0,85.19,100.0,,,,0.0,
2020-12-20,2020-12,51,1,mobile,(data deleted),(data deleted),<Other>,returning_session,1,1,1,1,0,0,0,0,1,0,5,3,0,0,0,0.0,100.0,100.0,0.0,,0.0,0.0,0.0,0.0,100.0,,,0.0,
2020-12-20,2020-12,51,1,mobile,<Other>,<Other>,<Other>,returning_session,19,19,4,1,0,0,15,3,1,0,38,1,0,0,0,0.0,21.05,25.0,0.0,,0.0,0.0,78.95,75.0,100.0,,,0.0,
2020-12-20,2020-12,51,1,tablet,(data deleted),(data deleted),(data deleted),returning_session,4,4,2,1,0,0,2,1,1,0,4,3,0,0,0,0.0,50.0,50.0,0.0,,0.0,0.0,50.0,50.0,100.0,,,0.0,
2020-12-20,2020-12,51,1,desktop,<Other>,organic,(organic),new_session,57,57,5,1,0,0,52,4,1,0,9,1,0,0,0,0.0,8.77,20.0,0.0,,0.0,0.0,91.23,80.0,100.0,,,0.0,
2020-12-20,2020-12,51,1,desktop,google,cpc,<Other>,returning_session,4,4,1,1,0,0,3,0,1,0,4,2,0,0,0,0.0,25.0,100.0,0.0,,0.0,0.0,75.0,0.0,100.0,,,0.0,
2020-12-20,2020-12,51,1,mobile,(direct),(none),(direct),returning_session,56,56,12,3,0,0,44,9,3,0,35,7,0,0,0,0.0,21.43,25.0,0.0,,0.0,0.0,78.57,75.0,100.0,,,0.0,
2020-12-20,2020-12,51,1,tablet,(direct),(none),(direct),new_session,12,12,2,0,0,0,10,2,0,0,6,0,0,0,0,0.0,16.67,0.0,,,0.0,0.0,83.33,100.0,,,,0.0,
2020-12-20,2020-12,51,1,tablet,<Other>,<Other>,<Other>,new_session,12,12,3,1,0,0,9,2,1,0,7,2,0,0,0,0.0,25.0,33.33,0.0,,0.0,0.0,75.0,66.67,100.0,,,0.0,
2020-12-20,2020-12,51,1,desktop,(direct),(none),(direct),returning_session,87,86,18,7,3,0,68,11,4,3,100,29,15,0,0,0.0,20.93,38.89,42.86,0.0,0.0,0.0,79.07,61.11,57.14,100.0,,0.0,
2020-12-20,2020-12,51,1,mobile,google,organic,(organic),returning_session,53,53,9,1,1,0,44,8,0,1,37,3,6,0,0,0.0,16.98,11.11,100.0,0.0,0.0,0.0,83.02,88.89,0.0,100.0,,0.0,
2020-12-20,2020-12,51,1,desktop,(data deleted),(data deleted),(data deleted),returning_session,89,89,18,5,4,0,71,13,2,4,53,7,12,0,0,0.0,20.22,27.78,80.0,0.0,0.0,0.0,79.78,72.22,40.0,100.0,,0.0,
2020-12-20,2020-12,51,1,mobile,shop.googlemerchandisestore.com,referral,(referral),new_session,36,35,9,5,1,0,26,4,4,1,93,27,6,0,0,0.0,25.71,55.56,20.0,0.0,0.0,0.0,74.29,44.44,80.0,100.0,,0.0,
2020-12-20,2020-12,51,1,mobile,<Other>,<Other>,<Other>,new_session,181,180,28,5,1,0,152,23,4,1,178,12,6,0,0,0.0,15.56,17.86,20.0,0.0,0.0,0.0,84.44,82.14,80.0,100.0,,0.0,
2020-12-20,2020-12,51,1,desktop,<Other>,<Other>,<Other>,returning_session,21,21,3,1,1,0,18,2,1,1,12,3,6,0,0,0.0,14.29,33.33,100.0,0.0,0.0,0.0,85.71,66.67,100.0,100.0,,0.0,
2020-12-20,2020-12,51,1,desktop,<Other>,<Other>,<Other>,new_session,276,276,49,10,5,1,227,39,7,4,151,30,30,2,2,81.0,17.75,20.41,50.0,20.0,0.36,2.04,82.25,79.59,70.0,80.0,81.0,0.29,40.5
2020-12-20,2020-12,51,1,desktop,(direct),(none),(direct),new_session,355,355,63,15,4,1,292,48,11,3,222,63,15,1,1,55.0,17.75,23.81,26.67,25.0,0.28,1.59,82.25,76.19,73.33,75.0,55.0,0.15,55.0
2020-12-20,2020-12,51,1,desktop,shop.googlemerchandisestore.com,referral,(referral),returning_session,79,79,16,4,4,1,63,12,2,3,65,16,51,1,1,45.0,20.25,25.0,100.0,25.0,1.27,6.25,79.75,75.0,50.0,75.0,45.0,0.57,45.0
2020-12-20,2020-12,51,1,desktop,<Other>,referral,(referral),new_session,125,125,20,3,3,1,105,17,2,2,149,12,21,1,1,59.0,16.0,15.0,100.0,33.33,0.8,5.0,84.0,85.0,66.67,66.67,59.0,0.47,59.0
2020-12-20,2020-12,51,1,mobile,google,organic,(organic),new_session,351,351,55,15,8,3,296,40,9,5,234,66,93,3,3,127.0,15.67,27.27,53.33,37.5,0.85,5.45,84.33,72.73,60.0,62.5,42.33,0.36,42.33
2020-12-20,2020-12,51,1,mobile,(direct),(none),(direct),new_session,250,250,35,3,2,1,215,32,1,1,120,29,6,1,1,22.0,14.0,8.57,66.67,50.0,0.4,2.86,86.0,91.43,33.33,50.0,22.0,0.09,22.0
2020-12-20,2020-12,51,1,mobile,<Other>,referral,(referral),returning_session,29,29,9,1,2,1,20,8,1,1,19,1,12,1,1,16.0,31.03,11.11,200.0,50.0,3.45,11.11,68.97,88.89,100.0,50.0,16.0,0.55,16.0
2020-12-20,2020-12,51,1,desktop,google,organic,(organic),returning_session,77,77,21,11,6,3,56,10,5,3,200,86,57,3,3,388.0,27.27,52.38,54.55,50.0,3.9,14.29,72.73,47.62,45.45,50.0,129.33,5.04,129.33
2020-12-20,2020-12,51,1,desktop,google,organic,(organic),new_session,569,569,92,16,3,2,477,76,14,1,248,55,12,2,2,346.0,16.17,17.39,18.75,66.67,0.35,2.17,83.83,82.61,87.5,33.33,173.0,0.61,173.0
2020-12-20,2020-12,51,1,desktop,shop.googlemerchandisestore.com,referral,(referral),new_session,87,87,16,4,1,1,71,12,3,0,50,9,6,1,1,39.0,18.39,25.0,25.0,100.0,1.15,6.25,81.61,75.0,75.0,0.0,39.0,0.45,39.0
2020-12-20,2020-12,51,1,mobile,<Other>,referral,(referral),new_session,97,97,10,2,1,1,87,8,1,0,60,26,6,1,1,91.0,10.31,20.0,50.0,100.0,1.03,10.0,89.69,80.0,50.0,0.0,91.0,0.94,91.0
2020-12-20,2020-12,51,1,mobile,(data deleted),(data deleted),(data deleted),returning_session,63,63,15,2,2,2,48,13,1,0,97,4,18,2,2,130.0,23.81,13.33,100.0,100.0,3.17,13.33,76.19,86.67,50.0,0.0,65.0,2.06,65.0
2021-01-14,2021-01,2,5,tablet,<Other>,organic,(organic),new_session,1,1,0,0,0,0,1,0,0,0,0,0,0,0,0,0.0,0.0,,,,0.0,,100.0,,,,,0.0,
2021-01-14,2021-01,2,5,mobile,(data deleted),(data deleted),<Other>,new_session,1,1,0,0,0,0,1,0,0,0,0,0,0,0,0,0.0,0.0,,,,0.0,,100.0,,,,,0.0,
2021-01-14,2021-01,2,5,tablet,(data deleted),(data deleted),<Other>,returning_session,1,1,0,0,0,0,1,0,0,0,0,0,0,0,0,0.0,0.0,,,,0.0,,100.0,,,,,0.0,
2021-01-14,2021-01,2,5,desktop,(data deleted),(data deleted),<Other>,returning_session,1,1,0,0,0,0,1,0,0,0,0,0,0,0,0,0.0,0.0,,,,0.0,,100.0,,,,,0.0,
2021-01-14,2021-01,2,5,tablet,<Other>,(data deleted),(data deleted),returning_session,1,1,0,0,0,0,1,0,0,0,0,0,0,0,0,0.0,0.0,,,,0.0,,100.0,,,,,0.0,
2021-01-14,2021-01,2,5,mobile,(data deleted),(data deleted),(data deleted),new_session,3,3,0,0,0,0,3,0,0,0,0,0,0,0,0,0.0,0.0,,,,0.0,,100.0,,,,,0.0,
2021-01-14,2021-01,2,5,tablet,<Other>,referral,(referral),returning_session,3,3,0,0,0,0,3,0,0,0,0,0,0,0,0,0.0,0.0,,,,0.0,,100.0,,,,,0.0,
2021-01-14,2021-01,2,5,tablet,google,cpc,<Other>,new_session,3,3,0,0,0,0,3,0,0,0,0,0,0,0,0,0.0,0.0,,,,0.0,,100.0,,,,,0.0,
2021-01-14,2021-01,2,5,desktop,(data deleted),(data deleted),(data deleted),new_session,3,3,0,0,0,0,3,0,0,0,0,0,0,0,0,0.0,0.0,,,,0.0,,100.0,,,,,0.0,
2021-01-14,2021-01,2,5,tablet,shop.googlemerchandisestore.com,referral,(referral),returning_session,4,4,1,0,0,0,3,1,0,0,2,0,0,0,0,0.0,25.0,0.0,,,0.0,0.0,75.0,100.0,,,,0.0,
2021-01-14,2021-01,2,5,tablet,shop.googlemerchandisestore.com,referral,(referral),new_session,4,4,1,0,0,0,3,1,0,0,1,0,0,0,0,0.0,25.0,0.0,,,0.0,0.0,75.0,100.0,,,,0.0,
2021-01-14,2021-01,2,5,tablet,<Other>,<Other>,<Other>,new_session,10,10,2,0,0,0,8,2,0,0,2,0,0,0,0,0.0,20.0,0.0,,,0.0,0.0,80.0,100.0,,,,0.0,
2021-01-14,2021-01,2,5,tablet,(direct),(none),(direct),returning_session,4,4,1,0,0,0,3,1,0,0,2,0,0,0,0,0.0,25.0,0.0,,,0.0,0.0,75.0,100.0,,,,0.0,
2021-01-14,2021-01,2,5,tablet,<Other>,referral,(referral),new_session,7,7,2,0,0,0,5,2,0,0,3,0,0,0,0,0.0,28.57,0.0,,,0.0,0.0,71.43,100.0,,,,0.0,
2021-01-14,2021-01,2,5,mobile,google,cpc,<Other>,new_session,73,73,9,0,0,0,64,9,0,0,10,0,0,0,0,0.0,12.33,0.0,,,0.0,0.0,87.67,100.0,,,,0.0,
2021-01-14,2021-01,2,5,desktop,<Other>,organic,(organic),returning_session,18,18,2,0,0,0,16,2,0,0,3,0,0,0,0,0.0,11.11,0.0,,,0.0,0.0,88.89,100.0,,,,0.0,
2021-01-14,2021-01,2,5,desktop,<Other>,(data deleted),(data deleted),returning_session,5,5,1,0,0,0,4,1,0,0,3,0,0,0,0,0.0,20.0,0.0,,,0.0,0.0,80.0,100.0,,,,0.0,
2021-01-14,2021-01,2,5,tablet,(direct),(none),(direct),new_session,19,19,7,0,0,0,12,7,0,0,10,0,0,0,0,0.0,36.84,0.0,,,0.0,0.0,63.16,100.0,,,,0.0,
2021-01-14,2021-01,2,5,desktop,google,cpc,<Other>,new_session,104,104,19,4,0,0,85,15,4,0,44,10,0,0,0,0.0,18.27,21.05,0.0,,0.0,0.0,81.73,78.95,100.0,,,0.0,
2021-01-14,2021-01,2,5,mobile,google,cpc,<Other>,returning_session,4,4,1,1,0,0,3,0,1,0,3,3,0,0,0,0.0,25.0,100.0,0.0,,0.0,0.0,75.0,0.0,100.0,,,0.0,
2021-01-14,2021-01,2,5,mobile,<Other>,organic,(organic),new_session,46,46,7,2,0,0,39,5,2,0,15,2,0,0,0,0.0,15.22,28.57,0.0,,0.0,0.0,84.78,71.43,100.0,,,0.0,
2021-01-14,2021-01,2,5,mobile,<Other>,referral,(referral),new_session,140,140,23,3,0,0,117,20,3,0,69,8,0,0,0,0.0,16.43,13.04,0.0,,0.0,0.0,83.57,86.96,100.0,,,0.0,
2021-01-14,2021-01,2,5,mobile,<Other>,organic,(organic),returning_session,4,4,2,1,0,0,2,1,1,0,6,1,0,0,0,0.0,50.0,50.0,0.0,,0.0,0.0,50.0,50.0,100.0,,,0.0,
2021-01-14,2021-01,2,5,tablet,(data deleted),(data deleted),(data deleted),returning_session,8,8,1,1,0,0,7,0,1,0,1,3,0,0,0,0.0,12.5,100.0,0.0,,0.0,0.0,87.5,0.0,100.0,,,0.0,
2021-01-14,2021-01,2,5,tablet,google,organic,(organic),new_session,29,29,5,2,0,0,24,3,2,0,19,5,0,0,0,0.0,17.24,40.0,0.0,,0.0,0.0,82.76,60.0,100.0,,,0.0,
2021-01-14,2021-01,2,5,desktop,google,cpc,<Other>,returning_session,4,4,3,3,0,0,1,0,3,0,19,9,0,0,0,0.0,75.0,100.0,0.0,,0.0,0.0,25.0,0.0,100.0,,,0.0,
2021-01-14,2021-01,2,5,tablet,google,organic,(organic),returning_session,6,6,3,1,0,0,3,2,1,0,6,3,0,0,0,0.0,50.0,33.33,0.0,,0.0,0.0,50.0,66.67,100.0,,,0.0,
2021-01-14,2021-01,2,5,tablet,<Other>,<Other>,<Other>,returning_session,2,2,1,1,0,0,1,0,1,0,2,2,0,0,0,0.0,50.0,100.0,0.0,,0.0,0.0,50.0,0.0,100.0,,,0.0,
2021-01-14,2021-01,2,5,desktop,<Other>,organic,(organic),new_session,67,67,12,3,1,0,55,9,2,1,52,3,3,0,0,0.0,17.91,25.0,33.33,0.0,0.0,0.0,82.09,75.0,66.67,100.0,,0.0,
2021-01-14,2021-01,2,5,desktop,(direct),(none),(direct),new_session,482,482,89,26,7,1,393,63,21,6,386,90,41,1,1,41.0,18.46,29.21,26.92,14.29,0.21,1.12,81.54,70.79,80.77,85.71,41.0,0.09,41.0
2021-01-14,2021-01,2,5,desktop,google,organic,(organic),new_session,667,667,121,19,8,2,546,102,13,6,311,62,27,2,2,134.0,18.14,15.7,42.11,25.0,0.3,1.65,81.86,84.3,68.42,75.0,67.0,0.2,67.0
2021-01-14,2021-01,2,5,mobile,(direct),(none),(direct),new_session,331,331,60,11,5,1,271,49,8,4,166,31,27,2,2,140.0,18.13,18.33,45.45,20.0,0.3,1.67,81.87,81.67,72.73,80.0,140.0,0.42,70.0
2021-01-14,2021-01,2,5,mobile,<Other>,<Other>,<Other>,new_session,217,217,34,4,2,1,183,30,4,1,109,6,13,1,1,55.0,15.67,11.76,50.0,50.0,0.46,2.94,84.33,88.24,100.0,50.0,55.0,0.25,55.0
2021-01-14,2021-01,2,5,desktop,<Other>,referral,(referral),new_session,149,149,29,4,2,1,120,25,2,1,105,9,12,1,1,70.0,19.46,13.79,50.0,50.0,0.67,3.45,80.54,86.21,50.0,50.0,70.0,0.47,70.0
2021-01-14,2021-01,2,5,desktop,shop.googlemerchandisestore.com,referral,(referral),new_session,94,94,28,5,2,1,66,23,3,1,139,28,5,1,1,0.0,29.79,17.86,40.0,50.0,1.06,3.57,70.21,82.14,60.0,50.0,0.0,0.0,0.0
2021-01-14,2021-01,2,5,desktop,<Other>,<Other>,<Other>,new_session,332,332,54,10,2,2,278,44,9,0,160,28,9,2,2,87.0,16.27,18.52,20.0,100.0,0.6,3.7,83.73,81.48,90.0,0.0,43.5,0.26,43.5
2021-01-14,2021-01,2,5,mobile,(data deleted),(data deleted),(data deleted),returning_session,95,95,21,4,2,1,74,17,2,1,73,19,9,2,1,166.0,22.11,19.05,50.0,50.0,1.05,4.76,77.89,80.95,50.0,50.0,166.0,1.75,166.0
2021-01-14,2021-01,2,5,mobile,google,organic,(organic),returning_session,98,98,27,6,2,2,71,21,4,0,92,24,18,2,2,110.0,27.55,22.22,33.33,100.0,2.04,7.41,72.45,77.78,66.67,0.0,55.0,1.12,55.0
2021-01-14,2021-01,2,5,mobile,google,organic,(organic),new_session,428,428,67,18,9,6,361,49,12,3,341,54,62,8,8,213.0,15.65,26.87,50.0,66.67,1.4,8.96,84.35,73.13,66.67,33.33,35.5,0.5,26.63
2021-01-14,2021-01,2,5,desktop,<Other>,<Other>,<Other>,returning_session,38,38,10,3,1,1,28,7,2,0,39,18,3,1,1,42.0,26.32,30.0,33.33,100.0,2.63,10.0,73.68,70.0,66.67,0.0,42.0,1.11,42.0
2021-01-14,2021-01,2,5,desktop,(data deleted),(data deleted),(data deleted),returning_session,122,122,39,11,7,4,83,28,7,3,253,45,60,5,5,262.0,31.97,28.21,63.64,57.14,3.28,10.26,68.03,71.79,63.64,42.86,65.5,2.15,52.4
2021-01-14,2021-01,2,5,desktop,google,organic,(organic),returning_session,145,144,29,10,5,3,115,19,7,2,130,28,21,3,3,91.0,20.14,34.48,50.0,60.0,2.07,10.34,79.86,65.52,70.0,40.0,30.33,0.63,30.33
2021-01-14,2021-01,2,5,desktop,<Other>,referral,(referral),returning_session,65,65,19,6,2,2,46,13,5,0,151,17,15,2,2,186.0,29.23,31.58,33.33,100.0,3.08,10.53,70.77,68.42,83.33,0.0,93.0,2.86,93.0
2021-01-14,2021-01,2,5,mobile,shop.googlemerchandisestore.com,referral,(referral),new_session,73,73,16,4,2,2,57,12,3,0,41,16,9,2,2,56.0,21.92,25.0,50.0,100.0,2.74,12.5,78.08,75.0,75.0,0.0,28.0,0.77,28.0
2021-01-14,2021-01,2,5,mobile,(direct),(none),(direct),returning_session,88,88,16,8,5,2,72,8,3,3,101,21,25,2,2,865.0,18.18,50.0,62.5,40.0,2.27,12.5,81.82,50.0,37.5,60.0,432.5,9.83,432.5
2021-01-14,2021-01,2,5,mobile,shop.googlemerchandisestore.com,referral,(referral),returning_session,76,76,20,7,6,3,56,13,3,3,101,44,33,3,3,143.0,26.32,35.0,85.71,50.0,3.95,15.0,73.68,65.0,42.86,50.0,47.67,1.88,47.67
2021-01-14,2021-01,2,5,desktop,shop.googlemerchandisestore.com,referral,(referral),returning_session,102,102,23,11,4,4,79,12,9,0,73,23,24,4,4,162.0,22.55,47.83,36.36,100.0,3.92,17.39,77.45,52.17,81.82,0.0,40.5,1.59,40.5
2021-01-14,2021-01,2,5,desktop,(direct),(none),(direct),returning_session,123,123,28,7,5,5,95,21,4,0,198,38,26,7,6,195.0,22.76,25.0,71.43,100.0,4.07,17.86,77.24,75.0,57.14,0.0,39.0,1.59,32.5
2021-01-14,2021-01,2,5,mobile,<Other>,referral,(referral),returning_session,35,35,9,6,3,2,26,3,4,1,73,30,12,2,2,124.0,25.71,66.67,50.0,66.67,5.71,22.22,74.29,33.33,66.67,33.33,62.0,3.54,62.0
2021-01-14,2021-01,2,5,mobile,<Other>,<Other>,<Other>,returning_session,28,28,4,1,1,1,24,3,0,0,15,5,15,1,1,132.0,14.29,25.0,100.0,100.0,3.57,25.0,85.71,75.0,0.0,0.0,132.0,4.71,132.0
2020-12-19,2020-12,50,7,mobile,(data deleted),(data deleted),(data deleted),new_session,1,0,0,0,0,0,0,0,0,0,0,0,0,0,0,0.0,,,,,0.0,,,,,,,0.0,
2020-12-19,2020-12,50,7,desktop,(data deleted),(data deleted),<Other>,new_session,1,1,0,0,0,0,1,0,0,0,0,0,0,0,0,0.0,0.0,,,,0.0,,100.0,,,,,0.0,
2020-12-19,2020-12,50,7,tablet,google,cpc,<Other>,returning_session,1,1,0,0,0,0,1,0,0,0,0,0,0,0,0,0.0,0.0,,,,0.0,,100.0,,,,,0.0,
2020-12-19,2020-12,50,7,desktop,(data deleted),(data deleted),<Other>,returning_session,1,1,0,0,0,0,1,0,0,0,0,0,0,0,0,0.0,0.0,,,,0.0,,100.0,,,,,0.0,
2020-12-19,2020-12,50,7,desktop,<Other>,(data deleted),(data deleted),new_session,1,1,0,0,0,0,1,0,0,0,0,0,0,0,0,0.0,0.0,,,,0.0,,100.0,,,,,0.0,
2020-12-19,2020-12,50,7,tablet,<Other>,<Other>,<Other>,returning_session,1,1,0,0,0,0,1,0,0,0,0,0,0,0,0,0.0,0.0,,,,0.0,,100.0,,,,,0.0,
2020-12-19,2020-12,50,7,mobile,(data deleted),(data deleted),<Other>,returning_session,1,1,0,0,0,0,1,0,0,0,0,0,0,0,0,0.0,0.0,,,,0.0,,100.0,,,,,0.0,
2020-12-19,2020-12,50,7,tablet,<Other>,organic,(organic),returning_session,1,1,0,0,0,0,1,0,0,0,0,0,0,0,0,0.0,0.0,,,,0.0,,100.0,,,,,0.0,
2020-12-19,2020-12,50,7,tablet,google,organic,(organic),returning_session,2,2,1,0,0,0,1,1,0,0,1,0,0,0,0,0.0,50.0,0.0,,,0.0,0.0,50.0,100.0,,,,0.0,
2020-12-19,2020-12,50,7,tablet,(data deleted),(data deleted),(data deleted),returning_session,2,2,1,0,0,0,1,1,0,0,10,0,0,0,0,0.0,50.0,0.0,,,0.0,0.0,50.0,100.0,,,,0.0,
2020-12-19,2020-12,50,7,tablet,<Other>,referral,(referral),returning_session,2,2,0,0,0,0,2,0,0,0,0,0,0,0,0,0.0,0.0,,,,0.0,,100.0,,,,,0.0,
2020-12-19,2020-12,50,7,tablet,shop.googlemerchandisestore.com,referral,(referral),new_session,2,2,0,0,0,0,2,0,0,0,0,0,0,0,0,0.0,0.0,,,,0.0,,100.0,,,,,0.0,
2020-12-19,2020-12,50,7,desktop,<Other>,organic,(organic),returning_session,3,3,0,0,0,0,3,0,0,0,0,0,0,0,0,0.0,0.0,,,,0.0,,100.0,,,,,0.0,
2020-12-19,2020-12,50,7,tablet,<Other>,referral,(referral),new_session,3,3,0,0,0,0,3,0,0,0,0,0,0,0,0,0.0,0.0,,,,0.0,,100.0,,,,,0.0,
2020-12-19,2020-12,50,7,tablet,<Other>,organic,(organic),new_session,3,3,0,0,0,0,3,0,0,0,0,0,0,0,0,0.0,0.0,,,,0.0,,100.0,,,,,0.0,
2020-12-19,2020-12,50,7,tablet,google,cpc,<Other>,new_session,3,3,1,0,0,0,2,1,0,0,1,0,0,0,0,0.0,33.33,0.0,,,0.0,0.0,66.67,100.0,,,,0.0,
2020-12-19,2020-12,50,7,tablet,(direct),(none),(direct),returning_session,3,3,0,0,0,0,3,0,0,0,0,0,0,0,0,0.0,0.0,,,,0.0,,100.0,,,,,0.0,
2020-12-19,2020-12,50,7,desktop,(data deleted),(data deleted),(data deleted),new_session,4,4,0,0,0,0,4,0,0,0,0,0,0,0,0,0.0,0.0,,,,0.0,,100.0,,,,,0.0,
2020-12-19,2020-12,50,7,mobile,<Other>,organic,(organic),returning_session,5,5,1,0,0,0,4,1,0,0,5,0,0,0,0,0.0,20.0,0.0,,,0.0,0.0,80.0,100.0,,,,0.0,
2020-12-19,2020-12,50,7,tablet,shop.googlemerchandisestore.com,referral,(referral),returning_session,6,6,2,0,0,0,4,2,0,0,14,0,0,0,0,0.0,33.33,0.0,,,0.0,0.0,66.67,100.0,,,,0.0,
2020-12-19,2020-12,50,7,mobile,google,cpc,<Other>,returning_session,8,8,4,0,0,0,4,4,0,0,5,0,0,0,0,0.0,50.0,0.0,,,0.0,0.0,50.0,100.0,,,,0.0,
2020-12-19,2020-12,50,7,tablet,<Other>,<Other>,<Other>,new_session,10,10,3,0,0,0,7,3,0,0,4,0,0,0,0,0.0,30.0,0.0,,,0.0,0.0,70.0,100.0,,,,0.0,
2020-12-19,2020-12,50,7,tablet,google,organic,(organic),new_session,16,16,1,0,0,0,15,1,0,0,1,0,0,0,0,0.0,6.25,0.0,,,0.0,0.0,93.75,100.0,,,,0.0,
2020-12-19,2020-12,50,7,desktop,<Other>,referral,(referral),returning_session,44,44,6,1,0,0,38,5,1,0,40,5,0,0,0,0.0,13.64,16.67,0.0,,0.0,0.0,86.36,83.33,100.0,,,0.0,
2020-12-19,2020-12,50,7,desktop,<Other>,organic,(organic),new_session,50,50,13,0,0,0,37,13,0,0,23,0,0,0,0,0.0,26.0,0.0,,,0.0,0.0,74.0,100.0,,,,0.0,
2020-12-19,2020-12,50,7,mobile,<Other>,<Other>,<Other>,new_session,193,193,35,6,0,0,158,29,6,0,93,13,0,0,0,0.0,18.13,17.14,0.0,,0.0,0.0,81.87,82.86,100.0,,,0.0,
2020-12-19,2020-12,50,7,mobile,<Other>,(data deleted),(data deleted),returning_session,1,1,1,1,1,0,0,0,0,1,1,1,3,0,0,0.0,100.0,100.0,100.0,0.0,0.0,0.0,0.0,0.0,0.0,100.0,,0.0,
2020-12-19,2020-12,50,7,tablet,(direct),(none),(direct),new_session,17,17,3,1,1,0,14,2,0,1,17,3,3,0,0,0.0,17.65,33.33,100.0,0.0,0.0,0.0,82.35,66.67,0.0,100.0,,0.0,
2020-12-19,2020-12,50,7,desktop,<Other>,<Other>,<Other>,returning_session,23,23,5,1,1,0,18,4,0,1,63,5,6,0,0,0.0,21.74,20.0,100.0,0.0,0.0,0.0,78.26,80.0,0.0,100.0,,0.0,
2020-12-19,2020-12,50,7,mobile,<Other>,<Other>,<Other>,returning_session,23,23,7,4,1,0,16,3,4,1,58,12,2,0,0,0.0,30.43,57.14,25.0,0.0,0.0,0.0,69.57,42.86,100.0,100.0,,0.0,
2020-12-19,2020-12,50,7,mobile,<Other>,organic,(organic),new_session,31,31,6,1,1,0,25,5,0,1,11,3,3,0,0,0.0,19.35,16.67,100.0,0.0,0.0,0.0,80.65,83.33,0.0,100.0,,0.0,
2020-12-19,2020-12,50,7,mobile,shop.googlemerchandisestore.com,referral,(referral),new_session,62,62,14,3,1,0,48,11,2,1,30,6,6,0,0,0.0,22.58,21.43,33.33,0.0,0.0,0.0,77.42,78.57,66.67,100.0,,0.0,
2020-12-19,2020-12,50,7,mobile,google,cpc,<Other>,new_session,65,65,6,4,1,0,59,2,3,1,15,6,3,0,0,0.0,9.23,66.67,25.0,0.0,0.0,0.0,90.77,33.33,75.0,100.0,,0.0,
2020-12-19,2020-12,50,7,desktop,shop.googlemerchandisestore.com,referral,(referral),new_session,72,72,12,1,1,0,60,11,1,1,26,4,9,0,0,0.0,16.67,8.33,100.0,0.0,0.0,0.0,83.33,91.67,100.0,100.0,,0.0,
2020-12-19,2020-12,50,7,desktop,google,cpc,<Other>,new_session,95,95,24,5,2,0,71,19,3,2,65,11,9,0,0,0.0,25.26,20.83,40.0,0.0,0.0,0.0,74.74,79.17,60.0,100.0,,0.0,
2020-12-19,2020-12,50,7,desktop,<Other>,referral,(referral),new_session,150,149,27,3,1,0,122,24,2,1,62,16,6,0,0,0.0,18.12,11.11,33.33,0.0,0.0,0.0,81.88,88.89,66.67,100.0,,0.0,
2020-12-19,2020-12,50,7,desktop,<Other>,<Other>,<Other>,new_session,284,284,51,14,6,1,233,37,10,5,207,64,24,1,1,88.0,17.96,27.45,42.86,16.67,0.35,1.96,82.04,72.55,71.43,83.33,88.0,0.31,88.0
2020-12-19,2020-12,50,7,desktop,(direct),(none),(direct),new_session,407,407,71,15,6,1,336,56,11,5,248,40,21,1,1,16.0,17.44,21.13,40.0,16.67,0.25,1.41,82.56,78.87,73.33,83.33,16.0,0.04,16.0
2020-12-19,2020-12,50,7,mobile,google,organic,(organic),new_session,368,368,70,15,8,2,298,55,10,6,325,43,39,3,2,68.0,19.02,21.43,53.33,25.0,0.54,2.86,80.98,78.57,66.67,75.0,34.0,0.18,34.0
2020-12-19,2020-12,50,7,mobile,<Other>,referral,(referral),returning_session,42,42,11,6,3,1,31,5,3,2,88,47,36,3,3,233.0,26.19,54.55,50.0,33.33,2.38,9.09,73.81,45.45,50.0,66.67,233.0,5.55,77.67
2020-12-19,2020-12,50,7,desktop,shop.googlemerchandisestore.com,referral,(referral),returning_session,54,54,10,2,3,1,44,8,1,2,32,6,14,1,1,22.0,18.52,20.0,150.0,33.33,1.85,10.0,81.48,80.0,50.0,66.67,22.0,0.41,22.0
2020-12-19,2020-12,50,7,mobile,shop.googlemerchandisestore.com,referral,(referral),returning_session,54,54,11,2,2,1,43,9,0,1,67,15,21,1,1,39.0,20.37,18.18,100.0,50.0,1.85,9.09,79.63,81.82,0.0,50.0,39.0,0.72,39.0
2020-12-19,2020-12,50,7,mobile,google,organic,(organic),returning_session,79,78,23,11,4,2,55,12,7,2,102,28,21,2,2,242.0,29.49,47.83,36.36,50.0,2.53,8.7,70.51,52.17,63.64,50.0,121.0,3.06,121.0
2020-12-19,2020-12,50,7,mobile,(direct),(none),(direct),new_session,289,289,60,14,4,2,229,46,11,2,228,66,12,2,2,76.0,20.76,23.33,28.57,50.0,0.69,3.33,79.24,76.67,78.57,50.0,38.0,0.26,38.0
2020-12-19,2020-12,50,7,desktop,google,organic,(organic),new_session,553,552,100,25,10,5,453,75,18,5,429,166,63,7,7,247.0,18.12,25.0,40.0,50.0,0.9,5.0,82.07,75.0,72.0,50.0,49.4,0.45,35.29
2020-12-19,2020-12,50,7,desktop,(direct),(none),(direct),returning_session,99,99,27,9,9,5,72,18,2,4,178,16,39,5,5,338.0,27.27,33.33,100.0,55.56,5.05,18.52,72.73,66.67,22.22,44.44,67.6,3.41,67.6
2020-12-19,2020-12,50,7,mobile,(direct),(none),(direct),returning_session,77,77,24,8,5,3,53,16,5,2,95,19,33,4,4,240.0,31.17,33.33,62.5,60.0,3.9,12.5,68.83,66.67,62.5,40.0,80.0,3.12,60.0
2020-12-19,2020-12,50,7,desktop,(data deleted),(data deleted),(data deleted),returning_session,99,99,27,9,5,3,72,18,6,2,165,58,24,3,3,112.0,27.27,33.33,55.56,60.0,3.03,11.11,72.73,66.67,66.67,40.0,37.33,1.13,37.33
2020-12-19,2020-12,50,7,mobile,(data deleted),(data deleted),(data deleted),returning_session,73,73,18,10,5,4,55,8,5,1,170,53,30,5,5,392.0,24.66,55.56,50.0,80.0,5.48,22.22,75.34,44.44,50.0,20.0,98.0,5.37,78.4
2020-12-19,2020-12,50,7,desktop,google,organic,(organic),returning_session,86,86,26,8,5,4,60,18,4,1,105,27,60,9,9,191.0,30.23,30.77,62.5,80.0,4.65,15.38,69.77,69.23,50.0,20.0,47.75,2.22,21.22
2020-12-19,2020-12,50,7,desktop,google,cpc,<Other>,returning_session,5,5,2,2,2,2,3,0,0,0,35,11,12,2,2,83.0,40.0,100.0,100.0,100.0,40.0,100.0,60.0,0.0,0.0,0.0,41.5,16.6,41.5
2020-12-19,2020-12,50,7,mobile,<Other>,referral,(referral),new_session,112,112,20,3,2,2,92,17,2,0,63,13,6,2,2,72.0,17.86,15.0,66.67,100.0,1.79,10.0,82.14,85.0,66.67,0.0,36.0,0.64,36.0
2020-12-22,2020-12,51,3,desktop,(data deleted),(data deleted),<Other>,returning_session,2,2,0,0,0,0,2,0,0,0,0,0,0,0,0,0.0,0.0,,,,0.0,,100.0,,,,,0.0,
2020-12-22,2020-12,51,3,tablet,(data deleted),(data deleted),(data deleted),new_session,1,1,0,0,0,0,1,0,0,0,0,0,0,0,0,0.0,0.0,,,,0.0,,100.0,,,,,0.0,
2020-12-22,2020-12,51,3,tablet,(direct),(none),(direct),new_session,10,10,0,0,0,0,10,0,0,0,0,0,0,0,0,0.0,0.0,,,,0.0,,100.0,,,,,0.0,
2020-12-22,2020-12,51,3,mobile,(data deleted),(data deleted),<Other>,returning_session,1,1,0,0,0,0,1,0,0,0,0,0,0,0,0,0.0,0.0,,,,0.0,,100.0,,,,,0.0,
2020-12-22,2020-12,51,3,tablet,shop.googlemerchandisestore.com,referral,(referral),returning_session,7,7,0,0,0,0,7,0,0,0,0,0,0,0,0,0.0,0.0,,,,0.0,,100.0,,,,,0.0,
2020-12-22,2020-12,51,3,tablet,<Other>,organic,(organic),returning_session,1,1,0,0,0,0,1,0,0,0,0,0,0,0,0,0.0,0.0,,,,0.0,,100.0,,,,,0.0,
2020-12-22,2020-12,51,3,tablet,<Other>,referral,(referral),returning_session,4,4,2,1,0,0,2,1,1,0,7,1,0,0,0,0.0,50.0,50.0,0.0,,0.0,0.0,50.0,50.0,100.0,,,0.0,
2020-12-22,2020-12,51,3,desktop,<Other>,(data deleted),(data deleted),returning_session,7,7,2,0,0,0,5,2,0,0,2,0,0,0,0,0.0,28.57,0.0,,,0.0,0.0,71.43,100.0,,,,0.0,
2020-12-22,2020-12,51,3,desktop,<Other>,organic,(organic),new_session,55,55,11,2,0,0,44,9,2,0,25,3,0,0,0,0.0,20.0,18.18,0.0,,0.0,0.0,80.0,81.82,100.0,,,0.0,
2020-12-22,2020-12,51,3,tablet,<Other>,<Other>,<Other>,new_session,9,9,2,0,0,0,7,2,0,0,6,0,0,0,0,0.0,22.22,0.0,,,0.0,0.0,77.78,100.0,,,,0.0,
2020-12-22,2020-12,51,3,mobile,<Other>,(data deleted),(data deleted),returning_session,2,2,1,1,0,0,1,0,1,0,1,1,0,0,0,0.0,50.0,100.0,0.0,,0.0,0.0,50.0,0.0,100.0,,,0.0,
2020-12-22,2020-12,51,3,desktop,(data deleted),(data deleted),(data deleted),new_session,5,5,1,0,0,0,4,1,0,0,2,0,0,0,0,0.0,20.0,0.0,,,0.0,0.0,80.0,100.0,,,,0.0,
2020-12-22,2020-12,51,3,tablet,(direct),(none),(direct),returning_session,6,6,2,0,0,0,4,2,0,0,2,0,0,0,0,0.0,33.33,0.0,,,0.0,0.0,66.67,100.0,,,,0.0,
2020-12-22,2020-12,51,3,mobile,(data deleted),(data deleted),(data deleted),new_session,3,3,1,0,0,0,2,1,0,0,2,0,0,0,0,0.0,33.33,0.0,,,0.0,0.0,66.67,100.0,,,,0.0,
2020-12-22,2020-12,51,3,mobile,<Other>,organic,(organic),returning_session,10,10,4,0,0,0,6,4,0,0,6,0,0,0,0,0.0,40.0,0.0,,,0.0,0.0,60.0,100.0,,,,0.0,
2020-12-22,2020-12,51,3,tablet,<Other>,organic,(organic),new_session,4,4,2,0,0,0,2,2,0,0,4,0,0,0,0,0.0,50.0,0.0,,,0.0,0.0,50.0,100.0,,,,0.0,
2020-12-22,2020-12,51,3,tablet,google,organic,(organic),returning_session,7,7,3,1,0,0,4,2,1,0,9,5,0,0,0,0.0,42.86,33.33,0.0,,0.0,0.0,57.14,66.67,100.0,,,0.0,
2020-12-22,2020-12,51,3,mobile,shop.googlemerchandisestore.com,referral,(referral),new_session,53,52,10,2,0,0,42,8,2,0,42,16,0,0,0,0.0,19.23,20.0,0.0,,0.0,0.0,80.77,80.0,100.0,,,0.0,
2020-12-22,2020-12,51,3,mobile,google,cpc,<Other>,returning_session,4,4,3,2,0,0,1,1,2,0,40,18,0,0,0,0.0,75.0,66.67,0.0,,0.0,0.0,25.0,33.33,100.0,,,0.0,
2020-12-22,2020-12,51,3,tablet,shop.googlemerchandisestore.com,referral,(referral),new_session,5,5,2,0,0,0,3,2,0,0,2,0,0,0,0,0.0,40.0,0.0,,,0.0,0.0,60.0,100.0,,,,0.0,
2020-12-22,2020-12,51,3,tablet,google,cpc,<Other>,new_session,2,2,1,0,0,0,1,1,0,0,5,0,0,0,0,0.0,50.0,0.0,,,0.0,0.0,50.0,100.0,,,,0.0,
2020-12-22,2020-12,51,3,mobile,google,cpc,<Other>,new_session,52,52,12,0,0,0,40,12,0,0,52,0,0,0,0,0.0,23.08,0.0,,,0.0,0.0,76.92,100.0,,,,0.0,
2020-12-22,2020-12,51,3,desktop,google,cpc,<Other>,new_session,89,89,20,3,1,0,69,17,2,1,38,3,3,0,0,0.0,22.47,15.0,33.33,0.0,0.0,0.0,77.53,85.0,66.67,100.0,,0.0,
2020-12-22,2020-12,51,3,tablet,<Other>,referral,(referral),new_session,8,8,3,1,2,0,5,2,0,2,29,15,9,0,0,0.0,37.5,33.33,200.0,0.0,0.0,0.0,62.5,66.67,0.0,100.0,,0.0,
2020-12-22,2020-12,51,3,desktop,shop.googlemerchandisestore.com,referral,(referral),new_session,80,80,17,1,1,0,63,16,0,1,57,11,3,0,0,0.0,21.25,5.88,100.0,0.0,0.0,0.0,78.75,94.12,0.0,100.0,,0.0,
2020-12-22,2020-12,51,3,desktop,<Other>,organic,(organic),returning_session,12,12,3,1,1,0,9,2,1,1,12,1,3,0,0,0.0,25.0,33.33,100.0,0.0,0.0,0.0,75.0,66.67,100.0,100.0,,0.0,
2020-12-22,2020-12,51,3,desktop,google,cpc,<Other>,returning_session,11,11,5,1,1,0,6,4,0,1,22,8,3,0,0,0.0,45.45,20.0,100.0,0.0,0.0,0.0,54.55,80.0,0.0,100.0,,0.0,
2020-12-22,2020-12,51,3,tablet,google,organic,(organic),new_session,17,17,6,1,1,0,11,5,0,1,46,14,6,0,0,0.0,35.29,16.67,100.0,0.0,0.0,0.0,64.71,83.33,0.0,100.0,,0.0,
2020-12-22,2020-12,51,3,mobile,<Other>,organic,(organic),new_session,37,37,5,3,1,0,32,2,2,1,21,11,6,0,0,0.0,13.51,60.0,33.33,0.0,0.0,0.0,86.49,40.0,66.67,100.0,,0.0,
2020-12-22,2020-12,51,3,mobile,google,organic,(organic),new_session,396,396,89,16,3,1,307,73,13,2,270,54,18,1,1,8.0,22.47,17.98,18.75,33.33,0.25,1.12,77.53,82.02,81.25,66.67,8.0,0.02,8.0
2020-12-22,2020-12,51,3,desktop,(direct),(none),(direct),new_session,372,370,77,17,6,1,293,60,13,5,284,45,27,1,1,48.0,20.81,22.08,35.29,16.67,0.27,1.3,79.19,77.92,76.47,83.33,48.0,0.13,48.0
2020-12-22,2020-12,51,3,desktop,google,organic,(organic),new_session,552,552,112,21,9,3,440,91,15,6,414,120,48,3,3,91.0,20.29,18.75,42.86,33.33,0.54,2.68,79.71,81.25,71.43,66.67,30.33,0.16,30.33
2020-12-22,2020-12,51,3,mobile,<Other>,referral,(referral),new_session,105,105,25,7,1,1,80,18,6,0,90,42,3,1,1,40.0,23.81,28.0,14.29,100.0,0.95,4.0,76.19,72.0,85.71,0.0,40.0,0.38,40.0
2020-12-22,2020-12,51,3,mobile,<Other>,<Other>,<Other>,new_session,209,209,50,14,3,2,159,36,12,1,215,68,18,2,2,100.0,23.92,28.0,21.43,66.67,0.96,4.0,76.08,72.0,85.71,33.33,50.0,0.48,50.0
2020-12-22,2020-12,51,3,desktop,<Other>,<Other>,<Other>,new_session,286,286,73,20,7,3,213,53,13,4,367,76,29,3,3,216.0,25.52,27.4,35.0,42.86,1.05,4.11,74.48,72.6,65.0,57.14,72.0,0.76,72.0
2020-12-22,2020-12,51,3,mobile,(direct),(none),(direct),new_session,260,260,51,13,7,3,209,38,9,4,213,60,39,3,3,66.0,19.62,25.49,53.85,42.86,1.15,5.88,80.38,74.51,69.23,57.14,22.0,0.25,22.0
2020-12-22,2020-12,51,3,mobile,<Other>,referral,(referral),returning_session,46,46,15,5,1,1,31,10,4,0,93,27,3,1,1,68.0,32.61,33.33,20.0,100.0,2.17,6.67,67.39,66.67,80.0,0.0,68.0,1.48,68.0
2020-12-22,2020-12,51,3,desktop,<Other>,referral,(referral),new_session,143,143,28,6,3,2,115,22,4,1,148,61,42,3,2,402.0,19.58,21.43,50.0,66.67,1.4,7.14,80.42,78.57,66.67,33.33,201.0,2.81,201.0
2020-12-22,2020-12,51,3,mobile,(data deleted),(data deleted),(data deleted),returning_session,100,100,36,11,5,3,64,25,7,2,162,49,24,3,3,155.0,36.0,30.56,45.45,60.0,3.0,8.33,64.0,69.44,63.64,40.0,51.67,1.55,51.67
2020-12-22,2020-12,51,3,mobile,(direct),(none),(direct),returning_session,93,93,23,7,4,2,70,16,6,2,178,41,12,2,2,111.0,24.73,30.43,57.14,50.0,2.15,8.7,75.27,69.57,85.71,50.0,55.5,1.19,55.5
2020-12-22,2020-12,51,3,desktop,google,organic,(organic),returning_session,133,133,43,9,7,4,90,34,6,3,325,34,48,4,4,143.0,32.33,20.93,77.78,57.14,3.01,9.3,67.67,79.07,66.67,42.86,35.75,1.08,35.75
2020-12-22,2020-12,51,3,mobile,google,organic,(organic),returning_session,101,101,28,10,5,3,73,18,6,2,148,31,18,3,3,252.0,27.72,35.71,50.0,60.0,2.97,10.71,72.28,64.29,60.0,40.0,84.0,2.5,84.0
2020-12-22,2020-12,51,3,desktop,(data deleted),(data deleted),(data deleted),returning_session,135,134,36,9,4,4,98,27,5,0,216,84,45,5,5,336.0,26.87,25.0,44.44,100.0,2.96,11.11,73.13,75.0,55.56,0.0,84.0,2.49,67.2
2020-12-22,2020-12,51,3,desktop,shop.googlemerchandisestore.com,referral,(referral),returning_session,96,96,23,5,4,4,73,18,2,0,138,40,24,4,4,268.0,23.96,21.74,80.0,100.0,4.17,17.39,76.04,78.26,40.0,0.0,67.0,2.79,67.0
2020-12-22,2020-12,51,3,mobile,<Other>,<Other>,<Other>,returning_session,26,26,11,2,2,2,15,9,1,0,63,2,12,2,2,92.0,42.31,18.18,100.0,100.0,7.69,18.18,57.69,81.82,50.0,0.0,46.0,3.54,46.0
2020-12-22,2020-12,51,3,desktop,<Other>,referral,(referral),returning_session,54,54,11,5,2,2,43,6,3,0,102,43,12,2,2,106.0,20.37,45.45,40.0,100.0,3.7,18.18,79.63,54.55,60.0,0.0,53.0,1.96,53.0
2020-12-22,2020-12,51,3,desktop,<Other>,<Other>,<Other>,returning_session,41,41,11,4,3,2,30,7,2,1,93,17,24,2,2,71.0,26.83,36.36,75.0,66.67,4.88,18.18,73.17,63.64,50.0,33.33,35.5,1.73,35.5
2020-12-22,2020-12,51,3,mobile,shop.googlemerchandisestore.com,referral,(referral),returning_session,76,76,21,6,4,4,55,15,3,0,155,32,16,4,4,163.0,27.63,28.57,66.67,100.0,5.26,19.05,72.37,71.43,50.0,0.0,40.75,2.14,40.75
2020-12-22,2020-12,51,3,desktop,(direct),(none),(direct),returning_session,106,106,28,11,7,7,78,17,6,0,180,60,45,8,8,329.0,26.42,39.29,63.64,100.0,6.6,25.0,73.58,60.71,54.55,0.0,47.0,3.1,41.13
2020-12-22,2020-12,51,3,tablet,(data deleted),(data deleted),(data deleted),returning_session,4,4,1,1,1,1,3,0,0,0,15,1,3,1,1,42.0,25.0,100.0,100.0,100.0,25.0,100.0,75.0,0.0,0.0,0.0,42.0,10.5,42.0
2021-01-13,2021-01,2,4,tablet,shop.googlemerchandisestore.com,referral,(referral),returning_session,2,2,0,0,0,0,2,0,0,0,0,0,0,0,0,0.0,0.0,,,,0.0,,100.0,,,,,0.0,
2021-01-13,2021-01,2,4,desktop,<Other>,organic,(organic),returning_session,16,16,0,0,0,0,16,0,0,0,0,0,0,0,0,0.0,0.0,,,,0.0,,100.0,,,,,0.0,
2021-01-13,2021-01,2,4,tablet,google,organic,(organic),returning_session,4,4,0,0,0,0,4,0,0,0,0,0,0,0,0,0.0,0.0,,,,0.0,,100.0,,,,,0.0,
2021-01-13,2021-01,2,4,tablet,<Other>,<Other>,<Other>,returning_session,1,1,0,0,0,0,1,0,0,0,0,0,0,0,0,0.0,0.0,,,,0.0,,100.0,,,,,0.0,
2021-01-13,2021-01,2,4,mobile,(data deleted),(data deleted),(data deleted),new_session,4,4,0,0,0,0,4,0,0,0,0,0,0,0,0,0.0,0.0,,,,0.0,,100.0,,,,,0.0,
2021-01-13,2021-01,2,4,tablet,google,cpc,<Other>,new_session,4,4,0,0,0,0,4,0,0,0,0,0,0,0,0,0.0,0.0,,,,0.0,,100.0,,,,,0.0,
2021-01-13,2021-01,2,4,mobile,google,cpc,<Other>,returning_session,4,4,0,0,0,0,4,0,0,0,0,0,0,0,0,0.0,0.0,,,,0.0,,100.0,,,,,0.0,
2021-01-13,2021-01,2,4,mobile,<Other>,organic,(organic),returning_session,6,6,0,0,0,0,6,0,0,0,0,0,0,0,0,0.0,0.0,,,,0.0,,100.0,,,,,0.0,
2021-01-13,2021-01,2,4,desktop,(data deleted),(data deleted),<Other>,returning_session,2,2,0,0,0,0,2,0,0,0,0,0,0,0,0,0.0,0.0,,,,0.0,,100.0,,,,,0.0,
2021-01-13,2021-01,2,4,desktop,<Other>,(data deleted),(data deleted),new_session,1,0,0,0,0,0,0,0,0,0,0,0,0,0,0,0.0,,,,,0.0,,,,,,,0.0,
2021-01-13,2021-01,2,4,tablet,google,cpc,<Other>,returning_session,1,1,0,0,0,0,1,0,0,0,0,0,0,0,0,0.0,0.0,,,,0.0,,100.0,,,,,0.0,
2021-01-13,2021-01,2,4,tablet,(direct),(none),(direct),returning_session,7,7,0,0,0,0,7,0,0,0,0,0,0,0,0,0.0,0.0,,,,0.0,,100.0,,,,,0.0,
2021-01-13,2021-01,2,4,tablet,<Other>,organic,(organic),new_session,1,1,0,0,0,0,1,0,0,0,0,0,0,0,0,0.0,0.0,,,,0.0,,100.0,,,,,0.0,
2021-01-13,2021-01,2,4,tablet,<Other>,<Other>,<Other>,new_session,10,10,1,0,0,0,9,1,0,0,1,0,0,0,0,0.0,10.0,0.0,,,0.0,0.0,90.0,100.0,,,,0.0,
2021-01-13,2021-01,2,4,desktop,(data deleted),(data deleted),(data deleted),new_session,5,4,1,0,0,0,3,1,0,0,1,0,0,0,0,0.0,25.0,0.0,,,0.0,0.0,75.0,100.0,,,,0.0,
2021-01-13,2021-01,2,4,tablet,(data deleted),(data deleted),(data deleted),returning_session,8,8,1,0,0,0,7,1,0,0,1,0,0,0,0,0.0,12.5,0.0,,,0.0,0.0,87.5,100.0,,,,0.0,
2021-01-13,2021-01,2,4,tablet,<Other>,referral,(referral),new_session,6,5,1,0,0,0,4,1,0,0,3,0,0,0,0,0.0,20.0,0.0,,,0.0,0.0,80.0,100.0,,,,0.0,
2021-01-13,2021-01,2,4,tablet,google,organic,(organic),new_session,20,20,2,0,0,0,18,2,0,0,4,0,0,0,0,0.0,10.0,0.0,,,0.0,0.0,90.0,100.0,,,,0.0,
2021-01-13,2021-01,2,4,desktop,<Other>,(data deleted),(data deleted),returning_session,2,2,1,0,0,0,1,1,0,0,4,0,0,0,0,0.0,50.0,0.0,,,0.0,0.0,50.0,100.0,,,,0.0,
2021-01-13,2021-01,2,4,tablet,shop.googlemerchandisestore.com,referral,(referral),new_session,6,6,1,0,0,0,5,1,0,0,5,0,0,0,0,0.0,16.67,0.0,,,0.0,0.0,83.33,100.0,,,,0.0,
2021-01-13,2021-01,2,4,tablet,(direct),(none),(direct),new_session,18,18,3,1,0,0,15,2,1,0,5,2,0,0,0,0.0,16.67,33.33,0.0,,0.0,0.0,83.33,66.67,100.0,,,0.0,
2021-01-13,2021-01,2,4,mobile,<Other>,(data deleted),(data deleted),returning_session,1,1,1,0,0,0,0,1,0,0,6,0,0,0,0,0.0,100.0,0.0,,,0.0,0.0,0.0,100.0,,,,0.0,
2021-01-13,2021-01,2,4,mobile,<Other>,referral,(referral),returning_session,30,30,4,1,0,0,26,3,1,0,8,2,0,0,0,0.0,13.33,25.0,0.0,,0.0,0.0,86.67,75.0,100.0,,,0.0,
2021-01-13,2021-01,2,4,desktop,google,cpc,<Other>,returning_session,14,14,3,1,0,0,11,2,1,0,11,2,0,0,0,0.0,21.43,33.33,0.0,,0.0,0.0,78.57,66.67,100.0,,,0.0,
2021-01-13,2021-01,2,4,mobile,<Other>,<Other>,<Other>,returning_session,22,22,5,2,0,0,17,3,2,0,14,5,0,0,0,0.0,22.73,40.0,0.0,,0.0,0.0,77.27,60.0,100.0,,,0.0,
2021-01-13,2021-01,2,4,desktop,<Other>,organic,(organic),new_session,73,73,9,3,0,0,64,6,3,0,16,7,0,0,0,0.0,12.33,33.33,0.0,,0.0,0.0,87.67,66.67,100.0,,,0.0,
2021-01-13,2021-01,2,4,desktop,shop.googlemerchandisestore.com,referral,(referral),new_session,120,120,17,1,0,0,103,16,1,0,32,1,0,0,0,0.0,14.17,5.88,0.0,,0.0,0.0,85.83,94.12,100.0,,,0.0,
2021-01-13,2021-01,2,4,mobile,google,cpc,<Other>,new_session,73,73,12,0,0,0,61,12,0,0,42,0,0,0,0,0.0,16.44,0.0,,,0.0,0.0,83.56,100.0,,,,0.0,
2021-01-13,2021-01,2,4,mobile,<Other>,organic,(organic),new_session,52,52,10,3,1,0,42,7,2,1,17,7,3,0,0,0.0,19.23,30.0,33.33,0.0,0.0,0.0,80.77,70.0,66.67,100.0,,0.0,
2021-01-13,2021-01,2,4,mobile,shop.googlemerchandisestore.com,referral,(referral),new_session,75,75,17,2,1,0,58,15,1,1,33,3,3,0,0,0.0,22.67,11.76,50.0,0.0,0.0,0.0,77.33,88.24,50.0,100.0,,0.0,
2021-01-13,2021-01,2,4,desktop,(direct),(none),(direct),new_session,478,478,60,15,1,0,418,45,15,1,196,39,3,0,0,0.0,12.55,25.0,6.67,0.0,0.0,0.0,87.45,75.0,100.0,100.0,,0.0,
2021-01-13,2021-01,2,4,mobile,google,organic,(organic),new_session,497,497,71,14,11,2,426,57,5,9,304,90,48,2,2,152.0,14.29,19.72,78.57,18.18,0.4,2.82,85.71,80.28,35.71,81.82,76.0,0.31,76.0
2021-01-13,2021-01,2,4,desktop,google,organic,(organic),new_session,655,655,111,16,9,2,544,95,9,7,377,55,45,2,2,125.0,16.95,14.41,56.25,22.22,0.31,1.8,83.05,85.59,56.25,77.78,62.5,0.19,62.5
2021-01-13,2021-01,2,4,desktop,google,organic,(organic),returning_session,140,140,33,19,8,2,107,14,11,6,218,52,51,2,2,133.0,23.57,57.58,42.11,25.0,1.43,6.06,76.43,42.42,57.89,75.0,66.5,0.95,66.5
2021-01-13,2021-01,2,4,desktop,<Other>,<Other>,<Other>,new_session,357,357,63,13,4,1,294,50,10,3,257,88,24,1,1,133.0,17.65,20.63,30.77,25.0,0.28,1.59,82.35,79.37,76.92,75.0,133.0,0.37,133.0
2021-01-13,2021-01,2,4,desktop,shop.googlemerchandisestore.com,referral,(referral),returning_session,67,67,16,6,3,1,51,10,4,2,55,17,9,1,1,44.0,23.88,37.5,50.0,33.33,1.49,6.25,76.12,62.5,66.67,66.67,44.0,0.66,44.0
2021-01-13,2021-01,2,4,mobile,(data deleted),(data deleted),(data deleted),returning_session,101,101,20,9,6,2,81,11,4,4,82,17,39,2,2,69.0,19.8,45.0,66.67,33.33,1.98,10.0,80.2,55.0,44.44,66.67,34.5,0.68,34.5
2021-01-13,2021-01,2,4,mobile,google,organic,(organic),returning_session,81,81,18,10,5,2,63,8,5,3,119,52,22,2,2,42.0,22.22,55.56,50.0,40.0,2.47,11.11,77.78,44.44,50.0,60.0,21.0,0.52,21.0
2021-01-13,2021-01,2,4,desktop,<Other>,<Other>,<Other>,returning_session,30,30,7,2,2,1,23,5,1,1,25,4,9,1,1,55.0,23.33,28.57,100.0,50.0,3.33,14.29,76.67,71.43,50.0,50.0,55.0,1.83,55.0
2021-01-13,2021-01,2,4,desktop,<Other>,referral,(referral),new_session,195,195,28,4,2,1,167,24,3,1,72,16,6,1,1,24.0,14.36,14.29,50.0,50.0,0.51,3.57,85.64,85.71,75.0,50.0,24.0,0.12,24.0
2021-01-13,2021-01,2,4,desktop,<Other>,referral,(referral),returning_session,64,64,16,7,6,3,48,9,3,3,86,25,18,3,3,182.0,25.0,43.75,85.71,50.0,4.69,18.75,75.0,56.25,42.86,50.0,60.67,2.84,60.67
2021-01-13,2021-01,2,4,mobile,(direct),(none),(direct),returning_session,103,103,19,8,2,1,84,11,6,1,132,60,9,1,1,35.0,18.45,42.11,25.0,50.0,0.97,5.26,81.55,57.89,75.0,50.0,35.0,0.34,35.0
2021-01-13,2021-01,2,4,desktop,(direct),(none),(direct),returning_session,150,150,33,6,4,2,117,27,4,2,144,24,31,3,3,110.0,22.0,18.18,66.67,50.0,1.33,6.06,78.0,81.82,66.67,50.0,55.0,0.73,36.67
2021-01-13,2021-01,2,4,mobile,(direct),(none),(direct),new_session,344,344,53,9,4,2,291,44,6,2,192,26,18,2,2,31.0,15.41,16.98,44.44,50.0,0.58,3.77,84.59,83.02,66.67,50.0,15.5,0.09,15.5
2021-01-13,2021-01,2,4,mobile,shop.googlemerchandisestore.com,referral,(referral),returning_session,64,64,17,3,3,2,47,14,2,1,55,4,12,2,2,67.0,26.56,17.65,100.0,66.67,3.13,11.76,73.44,82.35,66.67,33.33,33.5,1.05,33.5
2021-01-13,2021-01,2,4,mobile,<Other>,<Other>,<Other>,new_session,267,267,37,5,3,2,230,32,4,1,85,11,12,2,2,110.0,13.86,13.51,60.0,66.67,0.75,5.41,86.14,86.49,80.0,33.33,55.0,0.41,55.0
2021-01-13,2021-01,2,4,desktop,(data deleted),(data deleted),(data deleted),returning_session,130,130,35,10,6,5,95,25,6,1,243,34,21,5,5,231.0,26.92,28.57,60.0,83.33,3.85,14.29,73.08,71.43,60.0,16.67,46.2,1.78,46.2
2021-01-13,2021-01,2,4,mobile,(data deleted),(data deleted),<Other>,returning_session,1,1,1,1,1,1,0,0,0,0,32,5,9,1,1,100.0,100.0,100.0,100.0,100.0,100.0,100.0,0.0,0.0,0.0,0.0,100.0,100.0,100.0
2021-01-13,2021-01,2,4,mobile,<Other>,referral,(referral),new_session,137,137,23,3,1,1,114,20,2,0,56,6,3,1,1,173.0,16.79,13.04,33.33,100.0,0.73,4.35,83.21,86.96,66.67,0.0,173.0,1.26,173.0
2021-01-13,2021-01,2,4,desktop,google,cpc,<Other>,new_session,121,121,22,5,2,2,99,17,4,0,69,11,9,2,2,42.0,18.18,22.73,40.0,100.0,1.65,9.09,81.82,77.27,80.0,0.0,21.0,0.35,21.0
2020-12-29,2020-12,52,3,mobile,<Other>,(data deleted),(data deleted),returning_session,2,2,0,0,0,0,2,0,0,0,0,0,0,0,0,0.0,0.0,,,,0.0,,100.0,,,,,0.0,
2020-12-29,2020-12,52,3,mobile,(data deleted),(data deleted),<Other>,returning_session,1,1,0,0,0,0,1,0,0,0,0,0,0,0,0,0.0,0.0,,,,0.0,,100.0,,,,,0.0,
2020-12-29,2020-12,52,3,tablet,<Other>,referral,(referral),new_session,2,2,0,0,0,0,2,0,0,0,0,0,0,0,0,0.0,0.0,,,,0.0,,100.0,,,,,0.0,
2020-12-29,2020-12,52,3,tablet,(data deleted),(data deleted),(data deleted),returning_session,1,1,0,0,0,0,1,0,0,0,0,0,0,0,0,0.0,0.0,,,,0.0,,100.0,,,,,0.0,
2020-12-29,2020-12,52,3,mobile,google,cpc,<Other>,returning_session,4,4,0,0,0,0,4,0,0,0,0,0,0,0,0,0.0,0.0,,,,0.0,,100.0,,,,,0.0,
2020-12-29,2020-12,52,3,tablet,<Other>,<Other>,<Other>,returning_session,3,3,0,0,0,0,3,0,0,0,0,0,0,0,0,0.0,0.0,,,,0.0,,100.0,,,,,0.0,
2020-12-29,2020-12,52,3,mobile,(data deleted),(data deleted),(data deleted),new_session,6,6,0,0,0,0,6,0,0,0,0,0,0,0,0,0.0,0.0,,,,0.0,,100.0,,,,,0.0,
2020-12-29,2020-12,52,3,tablet,(direct),(none),(direct),new_session,9,9,1,0,0,0,8,1,0,0,1,0,0,0,0,0.0,11.11,0.0,,,0.0,0.0,88.89,100.0,,,,0.0,
2020-12-29,2020-12,52,3,tablet,(direct),(none),(direct),returning_session,7,7,1,0,0,0,6,1,0,0,1,0,0,0,0,0.0,14.29,0.0,,,0.0,0.0,85.71,100.0,,,,0.0,
2020-12-29,2020-12,52,3,tablet,google,cpc,<Other>,new_session,4,4,2,0,0,0,2,2,0,0,2,0,0,0,0,0.0,50.0,0.0,,,0.0,0.0,50.0,100.0,,,,0.0,
2020-12-29,2020-12,52,3,desktop,google,cpc,<Other>,returning_session,5,5,2,0,0,0,3,2,0,0,2,0,0,0,0,0.0,40.0,0.0,,,0.0,0.0,60.0,100.0,,,,0.0,
2020-12-29,2020-12,52,3,tablet,<Other>,organic,(organic),new_session,2,2,1,0,0,0,1,1,0,0,2,0,0,0,0,0.0,50.0,0.0,,,0.0,0.0,50.0,100.0,,,,0.0,
2020-12-29,2020-12,52,3,tablet,<Other>,<Other>,<Other>,new_session,10,10,1,1,0,0,9,0,1,0,2,4,0,0,0,0.0,10.0,100.0,0.0,,0.0,0.0,90.0,0.0,100.0,,,0.0,
2020-12-29,2020-12,52,3,tablet,google,organic,(organic),returning_session,6,6,2,0,0,0,4,2,0,0,3,0,0,0,0,0.0,33.33,0.0,,,0.0,0.0,66.67,100.0,,,,0.0,
2020-12-29,2020-12,52,3,tablet,<Other>,referral,(referral),returning_session,5,5,1,0,0,0,4,1,0,0,3,0,0,0,0,0.0,20.0,0.0,,,0.0,0.0,80.0,100.0,,,,0.0,
2020-12-29,2020-12,52,3,tablet,shop.googlemerchandisestore.com,referral,(referral),new_session,8,8,1,0,0,0,7,1,0,0,4,0,0,0,0,0.0,12.5,0.0,,,0.0,0.0,87.5,100.0,,,,0.0,
2020-12-29,2020-12,52,3,desktop,<Other>,organic,(organic),new_session,48,48,2,1,0,0,46,1,1,0,5,3,0,0,0,0.0,4.17,50.0,0.0,,0.0,0.0,95.83,50.0,100.0,,,0.0,
2020-12-29,2020-12,52,3,mobile,<Other>,organic,(organic),new_session,35,35,3,2,0,0,32,1,2,0,7,5,0,0,0,0.0,8.57,66.67,0.0,,0.0,0.0,91.43,33.33,100.0,,,0.0,
2020-12-29,2020-12,52,3,mobile,<Other>,organic,(organic),returning_session,10,10,4,1,0,0,6,3,1,0,8,1,0,0,0,0.0,40.0,25.0,0.0,,0.0,0.0,60.0,75.0,100.0,,,0.0,
2020-12-29,2020-12,52,3,desktop,<Other>,organic,(organic),returning_session,12,12,1,1,0,0,11,0,1,0,15,2,0,0,0,0.0,8.33,100.0,0.0,,0.0,0.0,91.67,0.0,100.0,,,0.0,
2020-12-29,2020-12,52,3,tablet,shop.googlemerchandisestore.com,referral,(referral),returning_session,5,5,3,2,0,0,2,1,2,0,15,5,0,0,0,0.0,60.0,66.67,0.0,,0.0,0.0,40.0,33.33,100.0,,,0.0,
2020-12-29,2020-12,52,3,desktop,shop.googlemerchandisestore.com,referral,(referral),new_session,68,68,10,2,0,0,58,8,2,0,27,6,0,0,0,0.0,14.71,20.0,0.0,,0.0,0.0,85.29,80.0,100.0,,,0.0,
2020-12-29,2020-12,52,3,mobile,google,organic,(organic),returning_session,59,59,8,3,0,0,51,5,3,0,34,3,0,0,0,0.0,13.56,37.5,0.0,,0.0,0.0,86.44,62.5,100.0,,,0.0,
2020-12-29,2020-12,52,3,desktop,google,cpc,<Other>,new_session,84,84,13,1,0,0,71,12,1,0,38,5,0,0,0,0.0,15.48,7.69,0.0,,0.0,0.0,84.52,92.31,100.0,,,0.0,
2020-12-29,2020-12,52,3,desktop,<Other>,referral,(referral),returning_session,55,55,12,4,0,0,43,8,4,0,44,5,0,0,0,0.0,21.82,33.33,0.0,,0.0,0.0,78.18,66.67,100.0,,,0.0,
2020-12-29,2020-12,52,3,mobile,<Other>,<Other>,<Other>,new_session,190,190,18,3,0,0,172,15,3,0,44,7,0,0,0,0.0,9.47,16.67,0.0,,0.0,0.0,90.53,83.33,100.0,,,0.0,
2020-12-29,2020-12,52,3,mobile,<Other>,referral,(referral),returning_session,29,29,8,3,0,0,21,5,3,0,46,14,0,0,0,0.0,27.59,37.5,0.0,,0.0,0.0,72.41,62.5,100.0,,,0.0,
2020-12-29,2020-12,52,3,mobile,(direct),(none),(direct),returning_session,65,65,10,2,0,0,55,8,2,0,49,13,0,0,0,0.0,15.38,20.0,0.0,,0.0,0.0,84.62,80.0,100.0,,,0.0,
2020-12-29,2020-12,52,3,mobile,google,cpc,<Other>,new_session,59,59,14,2,0,0,45,12,2,0,60,6,0,0,0,0.0,23.73,14.29,0.0,,0.0,0.0,76.27,85.71,100.0,,,0.0,
2020-12-29,2020-12,52,3,mobile,shop.googlemerchandisestore.com,referral,(referral),returning_session,39,38,11,5,0,0,27,6,5,0,91,29,0,0,0,0.0,28.95,45.45,0.0,,0.0,0.0,71.05,54.55,100.0,,,0.0,
2020-12-29,2020-12,52,3,mobile,shop.googlemerchandisestore.com,referral,(referral),new_session,45,45,4,2,1,0,41,2,1,1,15,4,3,0,0,0.0,8.89,50.0,50.0,0.0,0.0,0.0,91.11,50.0,50.0,100.0,,0.0,
2020-12-29,2020-12,52,3,desktop,google,organic,(organic),returning_session,88,88,15,4,1,0,73,11,3,1,44,13,6,0,0,0.0,17.05,26.67,25.0,0.0,0.0,0.0,82.95,73.33,75.0,100.0,,0.0,
2020-12-29,2020-12,52,3,desktop,<Other>,referral,(referral),new_session,120,120,16,5,2,0,104,11,3,2,45,19,6,0,0,0.0,13.33,31.25,40.0,0.0,0.0,0.0,86.67,68.75,60.0,100.0,,0.0,
2020-12-29,2020-12,52,3,desktop,(data deleted),(data deleted),(data deleted),returning_session,97,97,24,4,3,1,73,20,3,2,79,12,15,1,1,19.0,24.74,16.67,75.0,33.33,1.03,4.17,75.26,83.33,75.0,66.67,19.0,0.2,19.0
2020-12-29,2020-12,52,3,desktop,(direct),(none),(direct),new_session,385,384,58,9,5,2,326,49,7,3,220,45,27,4,4,126.0,15.1,15.52,55.56,40.0,0.52,3.45,84.9,84.48,77.78,60.0,63.0,0.33,31.5
2020-12-29,2020-12,52,3,mobile,<Other>,<Other>,<Other>,returning_session,12,12,5,2,2,1,7,3,0,1,24,9,6,1,1,48.0,41.67,40.0,100.0,50.0,8.33,20.0,58.33,60.0,0.0,50.0,48.0,4.0,48.0
2020-12-29,2020-12,52,3,mobile,(direct),(none),(direct),new_session,269,269,32,5,2,1,237,27,4,1,112,27,6,1,1,13.0,11.9,15.63,40.0,50.0,0.37,3.13,88.1,84.38,80.0,50.0,13.0,0.05,13.0
2020-12-29,2020-12,52,3,mobile,(data deleted),(data deleted),(data deleted),returning_session,69,69,18,7,2,1,51,11,7,1,154,39,24,1,1,57.0,26.09,38.89,28.57,50.0,1.45,5.56,73.91,61.11,100.0,50.0,57.0,0.83,57.0
2020-12-29,2020-12,52,3,desktop,shop.googlemerchandisestore.com,referral,(referral),returning_session,69,69,14,7,6,3,55,7,2,3,187,45,60,3,3,430.0,20.29,50.0,85.71,50.0,4.35,21.43,79.71,50.0,28.57,50.0,143.33,6.23,143.33
2020-12-29,2020-12,52,3,mobile,google,organic,(organic),new_session,379,379,62,11,6,3,317,51,6,3,235,31,20,3,3,86.0,16.36,17.74,54.55,50.0,0.79,4.84,83.64,82.26,54.55,50.0,28.67,0.23,28.67
2020-12-29,2020-12,52,3,desktop,(direct),(none),(direct),returning_session,93,93,25,13,5,3,68,12,9,2,187,86,33,3,3,282.0,26.88,52.0,38.46,60.0,3.23,12.0,73.12,48.0,69.23,40.0,94.0,3.03,94.0
2020-12-29,2020-12,52,3,desktop,<Other>,<Other>,<Other>,new_session,282,282,37,11,3,2,245,26,8,1,226,64,12,2,2,126.0,13.12,29.73,27.27,66.67,0.71,5.41,86.88,70.27,72.73,33.33,63.0,0.45,63.0
2020-12-29,2020-12,52,3,desktop,<Other>,<Other>,<Other>,returning_session,29,29,5,1,1,1,24,4,1,0,18,1,3,1,1,67.0,17.24,20.0,100.0,100.0,3.45,20.0,82.76,80.0,100.0,0.0,67.0,2.31,67.0
2020-12-29,2020-12,52,3,tablet,google,organic,(organic),new_session,26,26,8,2,1,1,18,6,1,0,26,5,9,1,1,16.0,30.77,25.0,50.0,100.0,3.85,12.5,69.23,75.0,50.0,0.0,16.0,0.62,16.0
2020-12-29,2020-12,52,3,mobile,<Other>,referral,(referral),new_session,98,98,11,1,1,1,87,10,0,0,41,16,3,1,1,68.0,11.22,9.09,100.0,100.0,1.02,9.09,88.78,90.91,0.0,0.0,68.0,0.69,68.0
2020-12-29,2020-12,52,3,desktop,google,organic,(organic),new_session,541,541,68,10,1,1,473,58,10,0,190,32,3,1,1,30.0,12.57,14.71,10.0,100.0,0.18,1.47,87.43,85.29,100.0,0.0,30.0,0.06,30.0
2021-01-25,2021-01,4,2,desktop,<Other>,(data deleted),(data deleted),returning_session,2,2,0,0,0,0,2,0,0,0,0,0,0,0,0,0.0,0.0,,,,0.0,,100.0,,,,,0.0,
2021-01-25,2021-01,4,2,mobile,(data deleted),(data deleted),(data deleted),new_session,2,2,0,0,0,0,2,0,0,0,0,0,0,0,0,0.0,0.0,,,,0.0,,100.0,,,,,0.0,
2021-01-25,2021-01,4,2,mobile,(data deleted),(data deleted),<Other>,returning_session,3,3,0,0,0,0,3,0,0,0,0,0,0,0,0,0.0,0.0,,,,0.0,,100.0,,,,,0.0,
2021-01-25,2021-01,4,2,tablet,<Other>,referral,(referral),returning_session,2,2,0,0,0,0,2,0,0,0,0,0,0,0,0,0.0,0.0,,,,0.0,,100.0,,,,,0.0,
2021-01-25,2021-01,4,2,tablet,shop.googlemerchandisestore.com,referral,(referral),returning_session,2,2,0,0,0,0,2,0,0,0,0,0,0,0,0,0.0,0.0,,,,0.0,,100.0,,,,,0.0,
2021-01-25,2021-01,4,2,tablet,<Other>,<Other>,<Other>,returning_session,1,1,0,0,0,0,1,0,0,0,0,0,0,0,0,0.0,0.0,,,,0.0,,100.0,,,,,0.0,
2021-01-25,2021-01,4,2,tablet,<Other>,organic,(organic),new_session,3,3,0,0,0,0,3,0,0,0,0,0,0,0,0,0.0,0.0,,,,0.0,,100.0,,,,,0.0,
2021-01-25,2021-01,4,2,tablet,(data deleted),(data deleted),(data deleted),returning_session,6,6,0,0,0,0,6,0,0,0,0,0,0,0,0,0.0,0.0,,,,0.0,,100.0,,,,,0.0,
2021-01-25,2021-01,4,2,desktop,(data deleted),(data deleted),(data deleted),new_session,2,2,0,0,0,0,2,0,0,0,0,0,0,0,0,0.0,0.0,,,,0.0,,100.0,,,,,0.0,
2021-01-25,2021-01,4,2,tablet,(data deleted),(data deleted),<Other>,returning_session,1,1,0,0,0,0,1,0,0,0,0,0,0,0,0,0.0,0.0,,,,0.0,,100.0,,,,,0.0,
2021-01-25,2021-01,4,2,tablet,google,organic,(organic),returning_session,1,1,0,0,0,0,1,0,0,0,0,0,0,0,0,0.0,0.0,,,,0.0,,100.0,,,,,0.0,
2021-01-25,2021-01,4,2,tablet,google,organic,(organic),new_session,25,25,6,0,0,0,19,6,0,0,7,0,0,0,0,0.0,24.0,0.0,,,0.0,0.0,76.0,100.0,,,,0.0,
2021-01-25,2021-01,4,2,desktop,<Other>,organic,(organic),new_session,51,51,14,0,0,0,37,14,0,0,24,0,0,0,0,0.0,27.45,0.0,,,0.0,0.0,72.55,100.0,,,,0.0,
2021-01-25,2021-01,4,2,desktop,shop.googlemerchandisestore.com,referral,(referral),new_session,87,87,15,0,0,0,72,15,0,0,31,0,0,0,0,0.0,17.24,0.0,,,0.0,0.0,82.76,100.0,,,,0.0,
2021-01-25,2021-01,4,2,mobile,<Other>,organic,(organic),new_session,39,39,7,0,0,0,32,7,0,0,38,0,0,0,0,0.0,17.95,0.0,,,0.0,0.0,82.05,100.0,,,,0.0,
2021-01-25,2021-01,4,2,tablet,<Other>,referral,(referral),new_session,5,5,2,0,0,0,3,2,0,0,2,0,0,0,0,0.0,40.0,0.0,,,0.0,0.0,60.0,100.0,,,,0.0,
2021-01-25,2021-01,4,2,tablet,<Other>,<Other>,<Other>,new_session,11,11,2,0,0,0,9,2,0,0,2,0,0,0,0,0.0,18.18,0.0,,,0.0,0.0,81.82,100.0,,,,0.0,
2021-01-25,2021-01,4,2,desktop,<Other>,organic,(organic),returning_session,9,9,3,0,0,0,6,3,0,0,18,0,0,0,0,0.0,33.33,0.0,,,0.0,0.0,66.67,100.0,,,,0.0,
2021-01-25,2021-01,4,2,tablet,(direct),(none),(direct),new_session,19,19,1,0,0,0,18,1,0,0,1,0,0,0,0,0.0,5.26,0.0,,,0.0,0.0,94.74,100.0,,,,0.0,
2021-01-25,2021-01,4,2,mobile,google,cpc,<Other>,new_session,60,60,17,0,1,1,43,17,0,0,28,0,6,1,1,52.0,28.33,0.0,,100.0,1.67,5.88,71.67,100.0,,0.0,52.0,0.87,52.0
2021-01-25,2021-01,4,2,mobile,google,cpc,<Other>,returning_session,4,4,3,0,2,2,1,3,0,0,10,0,5,2,2,17.0,75.0,0.0,,100.0,50.0,66.67,25.0,100.0,,0.0,8.5,4.25,8.5
2021-01-25,2021-01,4,2,desktop,google,cpc,<Other>,new_session,98,98,30,3,0,0,68,27,3,0,126,5,0,0,0,0.0,30.61,10.0,0.0,,0.0,0.0,69.39,90.0,100.0,,,0.0,
2021-01-25,2021-01,4,2,tablet,google,cpc,<Other>,new_session,6,6,3,1,0,0,3,2,1,0,10,5,0,0,0,0.0,50.0,33.33,0.0,,0.0,0.0,50.0,66.67,100.0,,,0.0,
2021-01-25,2021-01,4,2,mobile,<Other>,referral,(referral),new_session,97,97,21,1,0,0,76,20,1,0,41,3,0,0,0,0.0,21.65,4.76,0.0,,0.0,0.0,78.35,95.24,100.0,,,0.0,
2021-01-25,2021-01,4,2,desktop,(data deleted),(data deleted),<Other>,returning_session,5,5,2,1,0,0,3,1,1,0,6,3,0,0,0,0.0,40.0,50.0,0.0,,0.0,0.0,60.0,50.0,100.0,,,0.0,
2021-01-25,2021-01,4,2,mobile,google,organic,(organic),new_session,421,421,96,9,2,0,325,87,7,2,194,15,9,0,0,0.0,22.8,9.38,22.22,0.0,0.0,0.0,77.2,90.63,77.78,100.0,,0.0,
2021-01-25,2021-01,4,2,mobile,<Other>,referral,(referral),returning_session,44,44,7,3,1,1,37,4,2,0,40,14,3,1,1,194.0,15.91,42.86,33.33,100.0,2.27,14.29,84.09,57.14,66.67,0.0,194.0,4.41,194.0
2021-01-25,2021-01,4,2,mobile,<Other>,<Other>,<Other>,new_session,194,194,44,5,2,1,150,39,3,1,132,6,15,1,1,17.0,22.68,11.36,40.0,50.0,0.52,2.27,77.32,88.64,60.0,50.0,17.0,0.09,17.0
2021-01-25,2021-01,4,2,desktop,<Other>,<Other>,<Other>,new_session,316,316,75,10,4,2,241,65,6,2,217,14,30,2,2,189.0,23.73,13.33,40.0,50.0,0.63,2.67,76.27,86.67,60.0,50.0,94.5,0.6,94.5
2021-01-25,2021-01,4,2,mobile,(direct),(none),(direct),new_session,267,267,72,9,4,3,195,63,6,1,185,28,23,3,3,40.0,26.97,12.5,44.44,75.0,1.12,4.17,73.03,87.5,66.67,25.0,13.33,0.15,13.33
2021-01-25,2021-01,4,2,desktop,(direct),(none),(direct),returning_session,121,121,25,9,4,4,96,16,5,0,171,20,26,4,4,217.0,20.66,36.0,44.44,100.0,3.31,16.0,79.34,64.0,55.56,0.0,54.25,1.79,54.25
2021-01-25,2021-01,4,2,desktop,(direct),(none),(direct),new_session,409,409,95,11,5,2,314,84,7,3,188,33,24,2,2,168.0,23.23,11.58,45.45,40.0,0.49,2.11,76.77,88.42,63.64,60.0,84.0,0.41,84.0
2021-01-25,2021-01,4,2,mobile,shop.googlemerchandisestore.com,referral,(referral),new_session,55,55,21,2,1,0,34,19,1,1,44,3,6,0,0,0.0,38.18,9.52,50.0,0.0,0.0,0.0,61.82,90.48,50.0,100.0,,0.0,
2021-01-25,2021-01,4,2,desktop,google,organic,(organic),new_session,567,567,130,18,9,6,437,112,10,3,399,41,41,6,6,237.0,22.93,13.85,50.0,66.67,1.06,4.62,77.07,86.15,55.56,33.33,39.5,0.42,39.5
2021-01-25,2021-01,4,2,desktop,google,organic,(organic),returning_session,148,148,28,6,3,2,120,22,4,1,111,27,8,2,2,22.0,18.92,21.43,50.0,66.67,1.35,7.14,81.08,78.57,66.67,33.33,11.0,0.15,11.0
2021-01-25,2021-01,4,2,mobile,(data deleted),(data deleted),(data deleted),returning_session,87,87,20,5,3,2,67,15,3,1,88,8,12,2,2,118.0,22.99,25.0,60.0,66.67,2.3,10.0,77.01,75.0,60.0,33.33,59.0,1.36,59.0
2021-01-25,2021-01,4,2,mobile,shop.googlemerchandisestore.com,referral,(referral),returning_session,62,62,19,5,3,2,43,14,2,1,114,27,9,2,2,129.0,30.65,26.32,60.0,66.67,3.23,10.53,69.35,73.68,40.0,33.33,64.5,2.08,64.5
2021-01-25,2021-01,4,2,mobile,google,organic,(organic),returning_session,97,97,31,11,7,6,66,20,5,1,262,39,44,6,6,327.0,31.96,35.48,63.64,85.71,6.19,19.35,68.04,64.52,45.45,14.29,54.5,3.37,54.5
2021-01-25,2021-01,4,2,mobile,(direct),(none),(direct),returning_session,71,71,12,3,2,1,59,9,1,1,79,20,21,1,1,51.0,16.9,25.0,66.67,50.0,1.41,8.33,83.1,75.0,33.33,50.0,51.0,0.72,51.0
2021-01-25,2021-01,4,2,desktop,<Other>,<Other>,<Other>,returning_session,34,34,8,3,2,1,26,5,1,1,82,24,12,1,1,76.0,23.53,37.5,66.67,50.0,2.94,12.5,76.47,62.5,33.33,50.0,76.0,2.24,76.0
2021-01-25,2021-01,4,2,mobile,<Other>,organic,(organic),returning_session,6,6,4,3,2,2,2,1,1,0,29,8,9,2,2,35.0,66.67,75.0,66.67,100.0,33.33,50.0,33.33,25.0,33.33,0.0,17.5,5.83,17.5
2021-01-25,2021-01,4,2,desktop,(data deleted),(data deleted),(data deleted),returning_session,122,122,37,10,7,3,85,27,3,4,171,32,33,3,3,123.0,30.33,27.03,70.0,42.86,2.46,8.11,69.67,72.97,30.0,57.14,41.0,1.01,41.0
2021-01-25,2021-01,4,2,desktop,<Other>,referral,(referral),new_session,140,140,37,4,3,3,103,33,1,0,130,17,23,3,3,204.0,26.43,10.81,75.0,100.0,2.14,8.11,73.57,89.19,25.0,0.0,68.0,1.46,68.0
2021-01-25,2021-01,4,2,desktop,shop.googlemerchandisestore.com,referral,(referral),returning_session,98,98,28,5,4,4,70,23,2,0,108,36,63,6,6,167.0,28.57,17.86,80.0,100.0,4.08,14.29,71.43,82.14,40.0,0.0,41.75,1.7,27.83
2021-01-25,2021-01,4,2,tablet,shop.googlemerchandisestore.com,referral,(referral),new_session,3,3,1,1,1,0,2,0,0,1,6,1,3,0,0,0.0,33.33,100.0,100.0,0.0,0.0,0.0,66.67,0.0,0.0,100.0,,0.0,
2021-01-25,2021-01,4,2,desktop,google,cpc,<Other>,returning_session,6,6,1,1,1,1,5,0,0,0,12,8,6,1,1,162.0,16.67,100.0,100.0,100.0,16.67,100.0,83.33,0.0,0.0,0.0,162.0,27.0,162.0
2021-01-25,2021-01,4,2,tablet,(direct),(none),(direct),returning_session,4,4,2,2,2,2,2,0,0,0,19,10,15,2,2,132.0,50.0,100.0,100.0,100.0,50.0,100.0,50.0,0.0,0.0,0.0,66.0,33.0,66.0
2021-01-25,2021-01,4,2,desktop,<Other>,referral,(referral),returning_session,64,64,17,4,5,4,47,13,3,1,102,15,23,4,4,268.0,26.56,23.53,125.0,80.0,6.25,23.53,73.44,76.47,75.0,20.0,67.0,4.19,67.0
2021-01-25,2021-01,4,2,mobile,<Other>,<Other>,<Other>,returning_session,29,29,8,3,4,3,21,5,0,1,66,29,16,3,3,82.0,27.59,37.5,133.33,75.0,10.34,37.5,72.41,62.5,0.0,25.0,27.33,2.83,27.33
2020-11-07,2020-11,44,7,mobile,<Other>,organic,(organic),returning_session,2,2,0,0,0,0,2,0,0,0,0,0,0,0,0,0.0,0.0,,,,0.0,,100.0,,,,,0.0,
2020-11-07,2020-11,44,7,tablet,<Other>,<Other>,<Other>,new_session,2,2,0,0,0,0,2,0,0,0,0,0,0,0,0,0.0,0.0,,,,0.0,,100.0,,,,,0.0,
2020-11-07,2020-11,44,7,mobile,google,cpc,<Other>,returning_session,5,5,0,0,0,0,5,0,0,0,0,0,0,0,0,0.0,0.0,,,,0.0,,100.0,,,,,0.0,
2020-11-07,2020-11,44,7,tablet,(data deleted),(data deleted),<Other>,returning_session,1,1,0,0,0,0,1,0,0,0,0,0,0,0,0,0.0,0.0,,,,0.0,,100.0,,,,,0.0,
2020-11-07,2020-11,44,7,tablet,<Other>,referral,(referral),returning_session,2,2,0,0,0,0,2,0,0,0,0,0,0,0,0,0.0,0.0,,,,0.0,,100.0,,,,,0.0,
2020-11-07,2020-11,44,7,tablet,<Other>,referral,(referral),new_session,3,3,0,0,0,0,3,0,0,0,0,0,0,0,0,0.0,0.0,,,,0.0,,100.0,,,,,0.0,
2020-11-07,2020-11,44,7,tablet,<Other>,<Other>,<Other>,returning_session,1,1,0,0,0,0,1,0,0,0,0,0,0,0,0,0.0,0.0,,,,0.0,,100.0,,,,,0.0,
2020-11-07,2020-11,44,7,desktop,<Other>,organic,(organic),returning_session,5,5,0,0,0,0,5,0,0,0,0,0,0,0,0,0.0,0.0,,,,0.0,,100.0,,,,,0.0,
2020-11-07,2020-11,44,7,tablet,shop.googlemerchandisestore.com,referral,(referral),new_session,1,1,0,0,0,0,1,0,0,0,0,0,0,0,0,0.0,0.0,,,,0.0,,100.0,,,,,0.0,
2020-11-07,2020-11,44,7,tablet,google,cpc,<Other>,new_session,2,2,1,0,0,0,1,1,0,0,1,0,0,0,0,0.0,50.0,0.0,,,0.0,0.0,50.0,100.0,,,,0.0,
2020-11-07,2020-11,44,7,tablet,(direct),(none),(direct),returning_session,3,3,1,0,0,0,2,1,0,0,1,0,0,0,0,0.0,33.33,0.0,,,0.0,0.0,66.67,100.0,,,,0.0,
2020-11-07,2020-11,44,7,desktop,google,cpc,<Other>,returning_session,9,9,3,0,0,0,6,3,0,0,5,0,0,0,0,0.0,33.33,0.0,,,0.0,0.0,66.67,100.0,,,,0.0,
2020-11-07,2020-11,44,7,mobile,(data deleted),(data deleted),(data deleted),new_session,2,2,1,0,0,0,1,1,0,0,15,0,0,0,0,0.0,50.0,0.0,,,0.0,0.0,50.0,100.0,,,,0.0,
2020-11-07,2020-11,44,7,tablet,google,organic,(organic),new_session,13,13,4,0,0,0,9,4,0,0,4,0,0,0,0,0.0,30.77,0.0,,,0.0,0.0,69.23,100.0,,,,0.0,
2020-11-07,2020-11,44,7,tablet,shop.googlemerchandisestore.com,referral,(referral),returning_session,5,5,2,0,0,0,3,2,0,0,3,0,0,0,0,0.0,40.0,0.0,,,0.0,0.0,60.0,100.0,,,,0.0,
2020-11-07,2020-11,44,7,desktop,(data deleted),(data deleted),<Other>,returning_session,4,4,2,0,0,0,2,2,0,0,6,0,0,0,0,0.0,50.0,0.0,,,0.0,0.0,50.0,100.0,,,,0.0,
2020-11-07,2020-11,44,7,mobile,shop.googlemerchandisestore.com,referral,(referral),new_session,23,23,4,0,0,0,19,4,0,0,21,0,0,0,0,0.0,17.39,0.0,,,0.0,0.0,82.61,100.0,,,,0.0,
2020-11-07,2020-11,44,7,desktop,(data deleted),(data deleted),(data deleted),new_session,5,5,4,0,0,0,1,4,0,0,11,0,0,0,0,0.0,80.0,0.0,,,0.0,0.0,20.0,100.0,,,,0.0,
2020-11-07,2020-11,44,7,desktop,<Other>,<Other>,<Other>,returning_session,20,20,3,0,0,0,17,3,0,0,9,0,0,0,0,0.0,15.0,0.0,,,0.0,0.0,85.0,100.0,,,,0.0,
2020-11-07,2020-11,44,7,mobile,(direct),(none),(direct),new_session,156,156,40,0,6,0,116,40,0,6,410,0,6,0,0,0.0,25.64,0.0,,0.0,0.0,0.0,74.36,100.0,,100.0,,0.0,
2020-11-07,2020-11,44,7,tablet,google,organic,(organic),returning_session,6,6,4,0,1,0,2,4,0,1,10,0,1,0,0,0.0,66.67,0.0,,0.0,0.0,0.0,33.33,100.0,,100.0,,0.0,
2020-11-07,2020-11,44,7,mobile,(data deleted),(data deleted),(data deleted),returning_session,58,58,14,0,2,0,44,14,0,2,101,0,5,0,0,0.0,24.14,0.0,,0.0,0.0,0.0,75.86,100.0,,100.0,,0.0,
2020-11-07,2020-11,44,7,mobile,<Other>,referral,(referral),new_session,60,60,18,0,1,0,42,18,0,1,96,0,1,0,0,0.0,30.0,0.0,,0.0,0.0,0.0,70.0,100.0,,100.0,,0.0,
2020-11-07,2020-11,44,7,mobile,google,cpc,<Other>,new_session,39,39,12,0,1,0,27,12,0,1,34,0,1,0,0,0.0,30.77,0.0,,0.0,0.0,0.0,69.23,100.0,,100.0,,0.0,
2020-11-07,2020-11,44,7,mobile,<Other>,organic,(organic),new_session,18,18,6,0,2,0,12,6,0,2,145,0,2,0,0,0.0,33.33,0.0,,0.0,0.0,0.0,66.67,100.0,,100.0,,0.0,
2020-11-07,2020-11,44,7,desktop,shop.googlemerchandisestore.com,referral,(referral),new_session,47,47,16,0,6,0,31,16,0,6,194,0,6,0,0,0.0,34.04,0.0,,0.0,0.0,0.0,65.96,100.0,,100.0,,0.0,
2020-11-07,2020-11,44,7,desktop,<Other>,referral,(referral),returning_session,46,45,13,0,1,0,32,13,0,1,58,0,1,0,0,0.0,28.89,0.0,,0.0,0.0,0.0,71.11,100.0,,100.0,,0.0,
2020-11-07,2020-11,44,7,tablet,(direct),(none),(direct),new_session,6,6,3,0,1,0,3,3,0,1,5,0,1,0,0,0.0,50.0,0.0,,0.0,0.0,0.0,50.0,100.0,,100.0,,0.0,
2020-11-07,2020-11,44,7,mobile,<Other>,<Other>,<Other>,returning_session,15,15,5,0,1,0,10,5,0,1,27,0,1,0,0,0.0,33.33,0.0,,0.0,0.0,0.0,66.67,100.0,,100.0,,0.0,
2020-11-07,2020-11,44,7,tablet,(data deleted),(data deleted),(data deleted),returning_session,4,4,1,0,1,0,3,1,0,1,8,0,1,0,0,0.0,25.0,0.0,,0.0,0.0,0.0,75.0,100.0,,100.0,,0.0,
2020-11-07,2020-11,44,7,mobile,shop.googlemerchandisestore.com,referral,(referral),returning_session,46,46,8,0,2,0,38,8,0,2,83,0,2,0,0,0.0,17.39,0.0,,0.0,0.0,0.0,82.61,100.0,,100.0,,0.0,
2020-11-07,2020-11,44,7,desktop,google,organic,(organic),new_session,318,317,78,0,23,3,239,78,0,20,740,0,27,4,3,184.0,24.61,0.0,,13.04,0.94,3.85,75.39,100.0,,86.96,61.33,0.58,61.33
2020-11-07,2020-11,44,7,desktop,<Other>,<Other>,<Other>,new_session,140,140,40,0,6,1,100,40,0,5,197,0,7,1,1,88.0,28.57,0.0,,16.67,0.71,2.5,71.43,100.0,,83.33,88.0,0.63,88.0
2020-11-07,2020-11,44,7,desktop,<Other>,referral,(referral),new_session,86,86,26,0,5,1,60,26,0,4,133,0,5,1,1,56.0,30.23,0.0,,20.0,1.16,3.85,69.77,100.0,,80.0,56.0,0.65,56.0
2020-11-07,2020-11,44,7,desktop,(direct),(none),(direct),returning_session,78,77,16,0,5,1,61,16,0,4,73,0,9,1,1,93.0,20.78,0.0,,20.0,1.28,6.25,79.22,100.0,,80.0,93.0,1.19,93.0
2020-11-07,2020-11,44,7,desktop,(direct),(none),(direct),new_session,228,227,55,0,12,3,172,55,0,9,354,0,15,3,3,110.0,24.23,0.0,,25.0,1.32,5.45,75.77,100.0,,75.0,36.67,0.48,36.67
2020-11-07,2020-11,44,7,mobile,google,organic,(organic),new_session,214,214,65,0,11,3,149,65,0,8,416,0,14,5,3,985.0,30.37,0.0,,27.27,1.4,4.62,69.63,100.0,,72.73,328.33,4.6,328.33
2020-11-07,2020-11,44,7,desktop,<Other>,organic,(organic),new_session,27,27,9,0,3,1,18,9,0,2,130,0,4,1,1,20.0,33.33,0.0,,33.33,3.7,11.11,66.67,100.0,,66.67,20.0,0.74,20.0
2020-11-07,2020-11,44,7,mobile,<Other>,<Other>,<Other>,new_session,129,129,32,0,5,2,97,32,0,3,155,0,13,2,2,145.0,24.81,0.0,,40.0,1.55,6.25,75.19,100.0,,60.0,72.5,1.12,72.5
2020-11-07,2020-11,44,7,desktop,(data deleted),(data deleted),(data deleted),returning_session,74,74,19,0,2,1,55,19,0,1,152,0,2,1,1,79.0,25.68,0.0,,50.0,1.35,5.26,74.32,100.0,,50.0,79.0,1.07,79.0
2020-11-07,2020-11,44,7,mobile,(direct),(none),(direct),returning_session,82,82,22,0,4,2,60,22,0,2,95,0,6,2,2,144.0,26.83,0.0,,50.0,2.44,9.09,73.17,100.0,,50.0,72.0,1.76,72.0
2020-11-07,2020-11,44,7,desktop,google,organic,(organic),returning_session,80,80,12,0,1,1,68,12,0,0,64,0,5,1,1,11.0,15.0,0.0,,100.0,1.25,8.33,85.0,100.0,,0.0,11.0,0.14,11.0
2020-11-07,2020-11,44,7,desktop,google,cpc,<Other>,new_session,51,51,14,0,2,2,37,14,0,0,68,0,7,2,2,139.0,27.45,0.0,,100.0,3.92,14.29,72.55,100.0,,0.0,69.5,2.73,69.5
2020-11-07,2020-11,44,7,desktop,shop.googlemerchandisestore.com,referral,(referral),returning_session,60,60,11,0,2,2,49,11,0,0,49,0,2,2,2,283.0,18.33,0.0,,100.0,3.33,18.18,81.67,100.0,,0.0,141.5,4.72,141.5
2020-11-07,2020-11,44,7,mobile,google,organic,(organic),returning_session,59,59,15,0,3,3,44,15,0,0,52,0,3,3,3,162.0,25.42,0.0,,100.0,5.08,20.0,74.58,100.0,,0.0,54.0,2.75,54.0
2020-11-07,2020-11,44,7,mobile,<Other>,referral,(referral),returning_session,36,36,10,0,2,2,26,10,0,0,35,0,3,2,2,32.0,27.78,0.0,,100.0,5.56,20.0,72.22,100.0,,0.0,16.0,0.89,16.0
2020-12-03,2020-12,48,5,desktop,<Other>,(data deleted),(data deleted),returning_session,1,1,0,0,0,0,1,0,0,0,0,0,0,0,0,0.0,0.0,,,,0.0,,100.0,,,,,0.0,
2020-12-03,2020-12,48,5,mobile,(data deleted),(data deleted),(data deleted),new_session,1,1,0,0,0,0,1,0,0,0,0,0,0,0,0,0.0,0.0,,,,0.0,,100.0,,,,,0.0,
2020-12-03,2020-12,48,5,mobile,<Other>,(data deleted),(data deleted),returning_session,2,2,0,0,0,0,2,0,0,0,0,0,0,0,0,0.0,0.0,,,,0.0,,100.0,,,,,0.0,
2020-12-03,2020-12,48,5,desktop,(data deleted),(data deleted),(data deleted),new_session,2,2,0,0,0,0,2,0,0,0,0,0,0,0,0,0.0,0.0,,,,0.0,,100.0,,,,,0.0,
2020-12-03,2020-12,48,5,tablet,<Other>,organic,(organic),returning_session,1,1,0,0,0,0,1,0,0,0,0,0,0,0,0,0.0,0.0,,,,0.0,,100.0,,,,,0.0,
2020-12-03,2020-12,48,5,mobile,<Other>,organic,(organic),returning_session,13,13,6,2,0,0,7,4,2,0,35,2,0,0,0,0.0,46.15,33.33,0.0,,0.0,0.0,53.85,66.67,100.0,,,0.0,
2020-12-03,2020-12,48,5,tablet,<Other>,referral,(referral),returning_session,9,9,2,1,0,0,7,1,1,0,18,1,0,0,0,0.0,22.22,50.0,0.0,,0.0,0.0,77.78,50.0,100.0,,,0.0,
2020-12-03,2020-12,48,5,mobile,<Other>,<Other>,<Other>,returning_session,38,38,9,1,0,0,29,8,1,0,64,1,0,0,0,0.0,23.68,11.11,0.0,,0.0,0.0,76.32,88.89,100.0,,,0.0,
2020-12-03,2020-12,48,5,mobile,(data deleted),(data deleted),<Other>,returning_session,2,2,1,0,0,0,1,1,0,0,2,0,0,0,0,0.0,50.0,0.0,,,0.0,0.0,50.0,100.0,,,,0.0,
2020-12-03,2020-12,48,5,tablet,(data deleted),(data deleted),(data deleted),returning_session,10,10,2,0,0,0,8,2,0,0,7,0,0,0,0,0.0,20.0,0.0,,,0.0,0.0,80.0,100.0,,,,0.0,
2020-12-03,2020-12,48,5,tablet,google,organic,(organic),new_session,24,24,8,4,0,0,16,4,4,0,34,11,0,0,0,0.0,33.33,50.0,0.0,,0.0,0.0,66.67,50.0,100.0,,,0.0,
2020-12-03,2020-12,48,5,mobile,google,cpc,<Other>,new_session,71,71,12,4,4,0,59,8,0,4,83,5,8,0,0,0.0,16.9,33.33,100.0,0.0,0.0,0.0,83.1,66.67,0.0,100.0,,0.0,
2020-12-03,2020-12,48,5,desktop,shop.googlemerchandisestore.com,referral,(referral),new_session,111,111,31,9,2,0,80,22,7,2,145,25,4,0,0,0.0,27.93,29.03,22.22,0.0,0.0,0.0,72.07,70.97,77.78,100.0,,0.0,
2020-12-03,2020-12,48,5,tablet,<Other>,<Other>,<Other>,new_session,13,13,4,1,1,0,9,3,0,1,49,2,2,0,0,0.0,30.77,25.0,100.0,0.0,0.0,0.0,69.23,75.0,0.0,100.0,,0.0,
2020-12-03,2020-12,48,5,mobile,google,cpc,<Other>,returning_session,9,9,3,2,2,0,6,1,0,2,9,7,10,0,0,0.0,33.33,66.67,100.0,0.0,0.0,0.0,66.67,33.33,0.0,100.0,,0.0,
2020-12-03,2020-12,48,5,tablet,shop.googlemerchandisestore.com,referral,(referral),new_session,8,8,3,2,2,0,5,1,0,2,53,3,4,0,0,0.0,37.5,66.67,100.0,0.0,0.0,0.0,62.5,33.33,0.0,100.0,,0.0,
2020-12-03,2020-12,48,5,tablet,google,cpc,<Other>,new_session,5,5,2,0,0,0,3,2,0,0,7,0,0,0,0,0.0,40.0,0.0,,,0.0,0.0,60.0,100.0,,,,0.0,
2020-12-03,2020-12,48,5,tablet,google,organic,(organic),returning_session,4,4,1,0,0,0,3,1,0,0,10,0,0,0,0,0.0,25.0,0.0,,,0.0,0.0,75.0,100.0,,,,0.0,
2020-12-03,2020-12,48,5,tablet,(direct),(none),(direct),new_session,19,19,3,1,0,0,16,2,1,0,11,3,0,0,0,0.0,15.79,33.33,0.0,,0.0,0.0,84.21,66.67,100.0,,,0.0,
2020-12-03,2020-12,48,5,desktop,google,cpc,<Other>,returning_session,19,19,2,1,0,0,17,1,1,0,14,2,0,0,0,0.0,10.53,50.0,0.0,,0.0,0.0,89.47,50.0,100.0,,,0.0,
2020-12-03,2020-12,48,5,desktop,(data deleted),(data deleted),<Other>,returning_session,1,1,1,1,0,0,0,0,1,0,2,1,0,0,0,0.0,100.0,100.0,0.0,,0.0,0.0,0.0,0.0,100.0,,,0.0,
2020-12-03,2020-12,48,5,tablet,(direct),(none),(direct),returning_session,6,6,1,0,0,0,5,1,0,0,1,0,0,0,0,0.0,16.67,0.0,,,0.0,0.0,83.33,100.0,,,,0.0,
2020-12-03,2020-12,48,5,tablet,shop.googlemerchandisestore.com,referral,(referral),returning_session,3,3,1,0,0,0,2,1,0,0,5,0,0,0,0,0.0,33.33,0.0,,,0.0,0.0,66.67,100.0,,,,0.0,
2020-12-03,2020-12,48,5,mobile,<Other>,<Other>,<Other>,new_session,229,229,66,21,10,1,163,45,12,9,374,75,23,1,1,258.0,28.82,31.82,47.62,10.0,0.44,1.52,71.18,68.18,57.14,90.0,258.0,1.13,258.0
2020-12-03,2020-12,48,5,desktop,<Other>,referral,(referral),new_session,194,193,51,10,4,1,142,41,7,3,193,14,10,1,1,149.0,26.42,19.61,40.0,25.0,0.52,1.96,73.58,80.39,70.0,75.0,149.0,0.77,149.0
2020-12-03,2020-12,48,5,mobile,<Other>,referral,(referral),new_session,103,103,30,6,4,1,73,24,3,3,98,30,8,1,1,46.0,29.13,20.0,66.67,25.0,0.97,3.33,70.87,80.0,50.0,75.0,46.0,0.45,46.0
2020-12-03,2020-12,48,5,desktop,google,cpc,<Other>,new_session,125,125,25,7,4,1,100,18,3,3,169,13,8,1,1,50.0,20.0,28.0,57.14,25.0,0.8,4.0,80.0,72.0,42.86,75.0,50.0,0.4,50.0
2020-12-03,2020-12,48,5,mobile,shop.googlemerchandisestore.com,referral,(referral),new_session,65,65,18,2,2,1,47,16,1,1,47,3,6,1,1,40.0,27.69,11.11,100.0,50.0,1.54,5.56,72.31,88.89,50.0,50.0,40.0,0.62,40.0
2020-12-03,2020-12,48,5,desktop,<Other>,organic,(organic),new_session,75,75,17,4,2,1,58,13,2,1,81,23,6,1,1,76.0,22.67,23.53,50.0,50.0,1.33,5.88,77.33,76.47,50.0,50.0,76.0,1.01,76.0
2020-12-03,2020-12,48,5,mobile,<Other>,organic,(organic),new_session,41,41,12,3,3,1,29,9,1,2,132,7,8,1,1,40.0,29.27,25.0,100.0,33.33,2.44,8.33,70.73,75.0,33.33,66.67,40.0,0.98,40.0
2020-12-03,2020-12,48,5,desktop,<Other>,organic,(organic),returning_session,16,15,6,3,3,1,9,3,1,2,28,10,6,1,1,127.0,40.0,50.0,100.0,33.33,6.25,16.67,60.0,50.0,33.33,66.67,127.0,7.94,127.0
2020-12-03,2020-12,48,5,tablet,<Other>,organic,(organic),new_session,5,5,3,1,1,1,2,2,1,0,6,1,2,1,1,28.0,60.0,33.33,100.0,100.0,20.0,33.33,40.0,66.67,100.0,0.0,28.0,5.6,28.0
2020-12-03,2020-12,48,5,tablet,<Other>,<Other>,<Other>,returning_session,5,5,3,1,1,1,2,2,0,0,42,19,2,1,1,0.0,60.0,33.33,100.0,100.0,20.0,33.33,40.0,66.67,0.0,0.0,0.0,0.0,0.0
2020-12-03,2020-12,48,5,tablet,<Other>,referral,(referral),new_session,7,7,2,2,1,1,5,0,1,0,4,3,2,1,1,13.0,28.57,100.0,50.0,100.0,14.29,50.0,71.43,0.0,50.0,0.0,13.0,1.86,13.0
2020-12-03,2020-12,48,5,mobile,(direct),(none),(direct),returning_session,132,131,42,13,5,2,89,29,8,3,265,61,36,2,2,133.0,32.06,30.95,38.46,40.0,1.52,4.76,67.94,69.05,61.54,60.0,66.5,1.01,66.5
2020-12-03,2020-12,48,5,desktop,<Other>,referral,(referral),returning_session,108,108,30,9,4,2,78,21,7,2,199,44,22,2,2,90.0,27.78,30.0,44.44,50.0,1.85,6.67,72.22,70.0,77.78,50.0,45.0,0.83,45.0
2020-12-03,2020-12,48,5,mobile,google,organic,(organic),new_session,509,507,130,43,24,3,377,87,22,21,602,143,68,4,3,162.0,25.64,33.08,55.81,12.5,0.59,2.31,74.36,66.92,51.16,87.5,54.0,0.32,54.0
2020-12-03,2020-12,48,5,mobile,(direct),(none),(direct),new_session,307,307,68,28,13,3,239,40,16,10,413,63,34,3,3,187.0,22.15,41.18,46.43,23.08,0.98,4.41,77.85,58.82,57.14,76.92,62.33,0.61,62.33
2020-12-03,2020-12,48,5,mobile,google,organic,(organic),returning_session,165,165,44,15,8,3,121,29,7,5,206,47,28,3,3,73.0,26.67,34.09,53.33,37.5,1.82,6.82,73.33,65.91,46.67,62.5,24.33,0.44,24.33
2020-12-03,2020-12,48,5,mobile,(data deleted),(data deleted),(data deleted),returning_session,130,129,30,12,4,3,99,18,8,1,156,49,10,3,3,148.0,23.26,40.0,33.33,75.0,2.31,10.0,76.74,60.0,66.67,25.0,49.33,1.14,49.33
2020-12-03,2020-12,48,5,mobile,<Other>,referral,(referral),returning_session,69,69,20,7,5,3,49,13,4,2,90,14,16,3,3,129.0,28.99,35.0,71.43,60.0,4.35,15.0,71.01,65.0,57.14,40.0,43.0,1.87,43.0
2020-12-03,2020-12,48,5,desktop,<Other>,<Other>,<Other>,new_session,358,358,94,27,12,5,264,67,16,7,431,73,38,5,5,174.0,26.26,28.72,44.44,41.67,1.4,5.32,73.74,71.28,59.26,58.33,34.8,0.49,34.8
2020-12-03,2020-12,48,5,desktop,(data deleted),(data deleted),(data deleted),returning_session,192,192,53,16,10,5,139,37,10,5,284,66,34,6,6,233.0,27.6,30.19,62.5,50.0,2.6,9.43,72.4,69.81,62.5,50.0,46.6,1.21,38.83
2020-12-03,2020-12,48,5,desktop,shop.googlemerchandisestore.com,referral,(referral),returning_session,159,159,39,15,10,5,120,24,9,5,236,63,64,5,5,247.0,24.53,38.46,66.67,50.0,3.14,12.82,75.47,61.54,60.0,50.0,49.4,1.55,49.4
2020-12-03,2020-12,48,5,mobile,shop.googlemerchandisestore.com,referral,(referral),returning_session,105,105,34,8,8,5,71,26,3,3,189,32,38,7,7,323.0,32.38,23.53,100.0,62.5,4.76,14.71,67.62,76.47,37.5,37.5,64.6,3.08,46.14
2020-12-03,2020-12,48,5,desktop,<Other>,<Other>,<Other>,returning_session,57,57,15,5,6,5,42,10,2,1,72,19,24,5,5,212.0,26.32,33.33,120.0,83.33,8.77,33.33,73.68,66.67,40.0,16.67,42.4,3.72,42.4
2020-12-03,2020-12,48,5,desktop,(direct),(none),(direct),new_session,507,507,133,37,21,6,374,96,18,15,656,95,56,6,6,250.0,26.23,27.82,56.76,28.57,1.18,4.51,73.77,72.18,48.65,71.43,41.67,0.49,41.67
2020-12-03,2020-12,48,5,desktop,google,organic,(organic),new_session,766,764,187,48,25,7,577,139,33,18,875,111,77,7,7,261.0,24.48,25.67,52.08,28.0,0.91,3.74,75.52,74.33,68.75,72.0,37.29,0.34,37.29
2020-12-03,2020-12,48,5,desktop,(direct),(none),(direct),returning_session,198,198,53,16,13,9,145,37,6,5,352,93,58,9,9,501.0,26.77,30.19,81.25,69.23,4.55,16.98,73.23,69.81,37.5,38.46,55.67,2.53,55.67
2020-12-03,2020-12,48,5,desktop,google,organic,(organic),returning_session,183,183,47,15,14,9,136,32,6,5,323,55,73,9,9,374.0,25.68,31.91,93.33,64.29,4.92,19.15,74.32,68.09,40.0,35.71,41.56,2.04,41.56
2020-11-02,2020-11,44,2,tablet,(data deleted),(data deleted),(data deleted),new_session,1,1,0,0,0,0,1,0,0,0,0,0,0,0,0,0.0,0.0,,,,0.0,,100.0,,,,,0.0,
2020-11-02,2020-11,44,2,tablet,<Other>,referral,(referral),returning_session,1,1,0,0,0,0,1,0,0,0,0,0,0,0,0,0.0,0.0,,,,0.0,,100.0,,,,,0.0,
2020-11-02,2020-11,44,2,desktop,google,cpc,<Other>,returning_session,5,5,0,0,0,0,5,0,0,0,0,0,0,0,0,0.0,0.0,,,,0.0,,100.0,,,,,0.0,
2020-11-02,2020-11,44,2,mobile,(data deleted),(data deleted),(data deleted),new_session,5,5,0,0,0,0,5,0,0,0,0,0,0,0,0,0.0,0.0,,,,0.0,,100.0,,,,,0.0,
2020-11-02,2020-11,44,2,tablet,(data deleted),(data deleted),(data deleted),returning_session,4,4,0,0,0,0,4,0,0,0,0,0,0,0,0,0.0,0.0,,,,0.0,,100.0,,,,,0.0,
2020-11-02,2020-11,44,2,tablet,<Other>,<Other>,<Other>,returning_session,2,2,0,0,0,0,2,0,0,0,0,0,0,0,0,0.0,0.0,,,,0.0,,100.0,,,,,0.0,
2020-11-02,2020-11,44,2,desktop,(data deleted),(data deleted),(data deleted),new_session,4,4,0,0,0,0,4,0,0,0,0,0,0,0,0,0.0,0.0,,,,0.0,,100.0,,,,,0.0,
2020-11-02,2020-11,44,2,mobile,<Other>,(data deleted),(data deleted),returning_session,2,2,0,0,0,0,2,0,0,0,0,0,0,0,0,0.0,0.0,,,,0.0,,100.0,,,,,0.0,
2020-11-02,2020-11,44,2,tablet,<Other>,referral,(referral),new_session,3,3,1,0,0,0,2,1,0,0,1,0,0,0,0,0.0,33.33,0.0,,,0.0,0.0,66.67,100.0,,,,0.0,
2020-11-02,2020-11,44,2,desktop,(data deleted),(data deleted),<Other>,returning_session,2,2,1,0,0,0,1,1,0,0,5,0,0,0,0,0.0,50.0,0.0,,,0.0,0.0,50.0,100.0,,,,0.0,
2020-11-02,2020-11,44,2,mobile,<Other>,organic,(organic),returning_session,13,13,1,0,0,0,12,1,0,0,8,0,0,0,0,0.0,7.69,0.0,,,0.0,0.0,92.31,100.0,,,,0.0,
2020-11-02,2020-11,44,2,tablet,<Other>,organic,(organic),new_session,2,2,1,0,0,0,1,1,0,0,1,0,0,0,0,0.0,50.0,0.0,,,0.0,0.0,50.0,100.0,,,,0.0,
2020-11-02,2020-11,44,2,tablet,(direct),(none),(direct),new_session,9,9,1,0,0,0,8,1,0,0,1,0,0,0,0,0.0,11.11,0.0,,,0.0,0.0,88.89,100.0,,,,0.0,
2020-11-02,2020-11,44,2,tablet,shop.googlemerchandisestore.com,referral,(referral),new_session,3,3,1,0,0,0,2,1,0,0,3,0,0,0,0,0.0,33.33,0.0,,,0.0,0.0,66.67,100.0,,,,0.0,
2020-11-02,2020-11,44,2,tablet,google,cpc,<Other>,new_session,5,5,2,0,0,0,3,2,0,0,20,0,0,0,0,0.0,40.0,0.0,,,0.0,0.0,60.0,100.0,,,,0.0,
2020-11-02,2020-11,44,2,desktop,<Other>,(data deleted),(data deleted),returning_session,5,5,2,0,0,0,3,2,0,0,7,0,0,0,0,0.0,40.0,0.0,,,0.0,0.0,60.0,100.0,,,,0.0,
2020-11-02,2020-11,44,2,tablet,shop.googlemerchandisestore.com,referral,(referral),returning_session,3,3,2,0,0,0,1,2,0,0,6,0,0,0,0,0.0,66.67,0.0,,,0.0,0.0,33.33,100.0,,,,0.0,
2020-11-02,2020-11,44,2,tablet,google,organic,(organic),returning_session,5,5,2,0,0,0,3,2,0,0,4,0,0,0,0,0.0,40.0,0.0,,,0.0,0.0,60.0,100.0,,,,0.0,
2020-11-02,2020-11,44,2,tablet,(direct),(none),(direct),returning_session,3,3,2,0,0,0,1,2,0,0,2,0,0,0,0,0.0,66.67,0.0,,,0.0,0.0,33.33,100.0,,,,0.0,
2020-11-02,2020-11,44,2,mobile,(data deleted),(data deleted),<Other>,returning_session,6,6,2,0,0,0,4,2,0,0,2,0,0,0,0,0.0,33.33,0.0,,,0.0,0.0,66.67,100.0,,,,0.0,
2020-11-02,2020-11,44,2,tablet,google,organic,(organic),new_session,20,20,4,0,0,0,16,4,0,0,5,0,0,0,0,0.0,20.0,0.0,,,0.0,0.0,80.0,100.0,,,,0.0,
2020-11-02,2020-11,44,2,mobile,<Other>,organic,(organic),new_session,35,35,6,0,0,0,29,6,0,0,20,0,0,0,0,0.0,17.14,0.0,,,0.0,0.0,82.86,100.0,,,,0.0,
2020-11-02,2020-11,44,2,mobile,<Other>,<Other>,<Other>,returning_session,33,33,6,0,0,0,27,6,0,0,43,0,0,0,0,0.0,18.18,0.0,,,0.0,0.0,81.82,100.0,,,,0.0,
2020-11-02,2020-11,44,2,desktop,<Other>,<Other>,<Other>,returning_session,43,43,6,0,0,0,37,6,0,0,29,0,0,0,0,0.0,13.95,0.0,,,0.0,0.0,86.05,100.0,,,,0.0,
2020-11-02,2020-11,44,2,tablet,google,cpc,<Other>,returning_session,1,1,1,0,1,0,0,1,0,1,4,0,1,0,0,0.0,100.0,0.0,,0.0,0.0,0.0,0.0,100.0,,100.0,,0.0,
2020-11-02,2020-11,44,2,mobile,google,cpc,<Other>,returning_session,5,5,2,0,1,0,3,2,0,1,7,0,1,0,0,0.0,40.0,0.0,,0.0,0.0,0.0,60.0,100.0,,100.0,,0.0,
2020-11-02,2020-11,44,2,desktop,<Other>,organic,(organic),new_session,49,49,7,0,2,0,42,7,0,2,70,0,5,0,0,0.0,14.29,0.0,,0.0,0.0,0.0,85.71,100.0,,100.0,,0.0,
2020-11-02,2020-11,44,2,desktop,shop.googlemerchandisestore.com,referral,(referral),new_session,81,81,21,0,4,0,60,21,0,4,207,0,4,0,0,0.0,25.93,0.0,,0.0,0.0,0.0,74.07,100.0,,100.0,,0.0,
2020-11-02,2020-11,44,2,mobile,<Other>,referral,(referral),new_session,87,87,22,0,2,0,65,22,0,2,54,0,2,0,0,0.0,25.29,0.0,,0.0,0.0,0.0,74.71,100.0,,100.0,,0.0,
2020-11-02,2020-11,44,2,mobile,<Other>,<Other>,<Other>,new_session,161,161,32,0,2,0,129,32,0,2,124,0,2,0,0,0.0,19.88,0.0,,0.0,0.0,0.0,80.12,100.0,,100.0,,0.0,
2020-11-02,2020-11,44,2,desktop,<Other>,referral,(referral),new_session,155,155,33,0,3,0,122,33,0,3,106,0,5,0,0,0.0,21.29,0.0,,0.0,0.0,0.0,78.71,100.0,,100.0,,0.0,
2020-11-02,2020-11,44,2,desktop,google,organic,(organic),new_session,476,475,114,0,25,2,362,114,0,23,928,0,27,2,1,121.0,24.0,0.0,,8.0,0.42,1.75,76.21,100.0,,92.0,60.5,0.25,121.0
2020-11-02,2020-11,44,2,mobile,google,organic,(organic),new_session,349,349,61,0,12,1,288,61,0,11,559,0,12,1,1,58.0,17.48,0.0,,8.33,0.29,1.64,82.52,100.0,,91.67,58.0,0.17,58.0
2020-11-02,2020-11,44,2,desktop,<Other>,<Other>,<Other>,new_session,282,282,57,0,10,2,225,57,0,8,346,0,11,2,2,134.0,20.21,0.0,,20.0,0.71,3.51,79.79,100.0,,80.0,67.0,0.48,67.0
2020-11-02,2020-11,44,2,desktop,(direct),(none),(direct),new_session,328,328,76,0,8,2,252,76,0,6,464,0,12,2,2,89.0,23.17,0.0,,25.0,0.61,2.63,76.83,100.0,,75.0,44.5,0.27,44.5
2020-11-02,2020-11,44,2,mobile,google,cpc,<Other>,new_session,72,72,17,0,3,1,55,17,0,2,100,0,3,1,0,28.0,23.61,0.0,,33.33,1.39,5.88,76.39,100.0,,66.67,28.0,0.39,
2020-11-02,2020-11,44,2,mobile,(data deleted),(data deleted),(data deleted),returning_session,105,105,21,0,6,2,84,21,0,4,225,0,38,3,2,294.0,20.0,0.0,,33.33,1.9,9.52,80.0,100.0,,66.67,147.0,2.8,147.0
2020-11-02,2020-11,44,2,mobile,google,organic,(organic),returning_session,113,113,36,0,6,2,77,36,0,4,157,0,14,2,2,210.0,31.86,0.0,,33.33,1.77,5.56,68.14,100.0,,66.67,105.0,1.86,105.0
2020-11-02,2020-11,44,2,mobile,(direct),(none),(direct),new_session,238,238,50,0,3,1,188,50,0,2,164,0,5,2,1,157.0,21.01,0.0,,33.33,0.42,2.0,78.99,100.0,,66.67,157.0,0.66,157.0
2020-11-02,2020-11,44,2,mobile,shop.googlemerchandisestore.com,referral,(referral),new_session,60,60,11,0,2,1,49,11,0,1,28,0,4,1,1,24.0,18.33,0.0,,50.0,1.67,9.09,81.67,100.0,,50.0,24.0,0.4,24.0
2020-11-02,2020-11,44,2,desktop,<Other>,referral,(referral),returning_session,68,68,14,0,4,2,54,14,0,2,80,0,9,2,2,97.0,20.59,0.0,,50.0,2.94,14.29,79.41,100.0,,50.0,48.5,1.43,48.5
2020-11-02,2020-11,44,2,mobile,(direct),(none),(direct),returning_session,100,100,26,0,4,2,74,26,0,2,134,0,6,2,2,176.0,26.0,0.0,,50.0,2.0,7.69,74.0,100.0,,50.0,88.0,1.76,88.0
2020-11-02,2020-11,44,2,desktop,(direct),(none),(direct),returning_session,154,154,36,0,4,2,118,36,0,2,150,0,12,5,2,210.0,23.38,0.0,,50.0,1.3,5.56,76.62,100.0,,50.0,105.0,1.36,105.0
2020-11-02,2020-11,44,2,desktop,(data deleted),(data deleted),(data deleted),returning_session,147,147,32,0,9,5,115,32,0,4,239,0,20,9,4,1902.0,21.77,0.0,,55.56,3.4,15.63,78.23,100.0,,44.44,380.4,12.94,475.5
2020-11-02,2020-11,44,2,desktop,google,organic,(organic),returning_session,142,141,31,0,7,4,111,31,0,3,183,0,10,4,4,251.0,21.99,0.0,,57.14,2.82,12.9,78.72,100.0,,42.86,62.75,1.77,62.75
2020-11-02,2020-11,44,2,desktop,shop.googlemerchandisestore.com,referral,(referral),returning_session,114,114,27,0,4,3,87,27,0,1,122,0,4,3,3,453.0,23.68,0.0,,75.0,2.63,11.11,76.32,100.0,,25.0,151.0,3.97,151.0
2020-11-02,2020-11,44,2,desktop,<Other>,organic,(organic),returning_session,12,12,3,0,1,1,9,3,0,0,36,0,3,1,1,20.0,25.0,0.0,,100.0,8.33,33.33,75.0,100.0,,0.0,20.0,1.67,20.0
2020-11-02,2020-11,44,2,tablet,<Other>,<Other>,<Other>,new_session,9,9,4,0,1,1,5,4,0,0,5,0,1,1,0,56.0,44.44,0.0,,100.0,11.11,25.0,55.56,100.0,,0.0,56.0,6.22,
2020-11-02,2020-11,44,2,mobile,<Other>,referral,(referral),returning_session,49,49,10,0,2,2,39,10,0,0,79,0,4,2,1,216.0,20.41,0.0,,100.0,4.08,20.0,79.59,100.0,,0.0,108.0,4.41,216.0
2020-11-02,2020-11,44,2,mobile,shop.googlemerchandisestore.com,referral,(referral),returning_session,67,67,14,0,3,3,53,14,0,0,118,0,3,3,1,242.0,20.9,0.0,,100.0,4.48,21.43,79.1,100.0,,0.0,80.67,3.61,242.0
2020-11-02,2020-11,44,2,desktop,google,cpc,<Other>,new_session,88,88,23,0,1,1,65,23,0,0,92,0,1,1,0,51.0,26.14,0.0,,100.0,1.14,4.35,73.86,100.0,,0.0,51.0,0.58,
2021-01-12,2021-01,2,3,tablet,(direct),(none),(direct),returning_session,8,8,1,1,0,0,7,0,1,0,6,5,0,0,0,0.0,12.5,100.0,0.0,,0.0,0.0,87.5,0.0,100.0,,,0.0,
2021-01-12,2021-01,2,3,mobile,<Other>,organic,(organic),returning_session,8,8,1,0,0,0,7,1,0,0,2,0,0,0,0,0.0,12.5,0.0,,,0.0,0.0,87.5,100.0,,,,0.0,
2021-01-12,2021-01,2,3,desktop,<Other>,(data deleted),(data deleted),returning_session,3,3,0,0,0,0,3,0,0,0,0,0,0,0,0,0.0,0.0,,,,0.0,,100.0,,,,,0.0,
2021-01-12,2021-01,2,3,tablet,(data deleted),(data deleted),(data deleted),returning_session,5,5,1,0,0,0,4,1,0,0,1,0,0,0,0,0.0,20.0,0.0,,,0.0,0.0,80.0,100.0,,,,0.0,
2021-01-12,2021-01,2,3,desktop,(data deleted),(data deleted),(data deleted),new_session,7,7,1,0,0,0,6,1,0,0,1,0,0,0,0,0.0,14.29,0.0,,,0.0,0.0,85.71,100.0,,,,0.0,
2021-01-12,2021-01,2,3,tablet,shop.googlemerchandisestore.com,referral,(referral),new_session,5,5,1,0,0,0,4,1,0,0,1,0,0,0,0,0.0,20.0,0.0,,,0.0,0.0,80.0,100.0,,,,0.0,
2021-01-12,2021-01,2,3,desktop,<Other>,organic,(organic),new_session,55,55,10,0,0,0,45,10,0,0,11,0,0,0,0,0.0,18.18,0.0,,,0.0,0.0,81.82,100.0,,,,0.0,
2021-01-12,2021-01,2,3,tablet,google,cpc,<Other>,new_session,4,4,0,0,0,0,4,0,0,0,0,0,0,0,0,0.0,0.0,,,,0.0,,100.0,,,,,0.0,
2021-01-12,2021-01,2,3,tablet,google,organic,(organic),returning_session,3,3,0,0,0,0,3,0,0,0,0,0,0,0,0,0.0,0.0,,,,0.0,,100.0,,,,,0.0,
2021-01-12,2021-01,2,3,tablet,(direct),(none),(direct),new_session,19,19,5,1,0,0,14,4,1,0,7,2,0,0,0,0.0,26.32,20.0,0.0,,0.0,0.0,73.68,80.0,100.0,,,0.0,
2021-01-12,2021-01,2,3,tablet,<Other>,<Other>,<Other>,new_session,12,12,1,0,0,0,11,1,0,0,8,0,0,0,0,0.0,8.33,0.0,,,0.0,0.0,91.67,100.0,,,,0.0,
2021-01-12,2021-01,2,3,desktop,google,cpc,<Other>,returning_session,6,6,1,0,0,0,5,1,0,0,4,0,0,0,0,0.0,16.67,0.0,,,0.0,0.0,83.33,100.0,,,,0.0,
2021-01-12,2021-01,2,3,tablet,<Other>,organic,(organic),returning_session,1,1,0,0,0,0,1,0,0,0,0,0,0,0,0,0.0,0.0,,,,0.0,,100.0,,,,,0.0,
2021-01-12,2021-01,2,3,desktop,(data deleted),(data deleted),<Other>,returning_session,3,3,0,0,0,0,3,0,0,0,0,0,0,0,0,0.0,0.0,,,,0.0,,100.0,,,,,0.0,
2021-01-12,2021-01,2,3,mobile,google,cpc,<Other>,returning_session,8,8,2,1,0,0,6,1,1,0,3,1,0,0,0,0.0,25.0,50.0,0.0,,0.0,0.0,75.0,50.0,100.0,,,0.0,
2021-01-12,2021-01,2,3,mobile,<Other>,<Other>,<Other>,returning_session,32,32,4,1,0,0,28,3,1,0,6,1,0,0,0,0.0,12.5,25.0,0.0,,0.0,0.0,87.5,75.0,100.0,,,0.0,
2021-01-12,2021-01,2,3,tablet,<Other>,referral,(referral),new_session,8,8,0,0,0,0,8,0,0,0,0,0,0,0,0,0.0,0.0,,,,0.0,,100.0,,,,,0.0,
2021-01-12,2021-01,2,3,tablet,<Other>,<Other>,<Other>,returning_session,3,3,2,0,0,0,1,2,0,0,10,0,0,0,0,0.0,66.67,0.0,,,0.0,0.0,33.33,100.0,,,,0.0,
2021-01-12,2021-01,2,3,mobile,<Other>,referral,(referral),new_session,134,134,26,1,0,0,108,25,1,0,52,1,0,0,0,0.0,19.4,3.85,0.0,,0.0,0.0,80.6,96.15,100.0,,,0.0,
2021-01-12,2021-01,2,3,tablet,<Other>,organic,(organic),new_session,4,4,1,0,0,0,3,1,0,0,1,0,0,0,0,0.0,25.0,0.0,,,0.0,0.0,75.0,100.0,,,,0.0,
2021-01-12,2021-01,2,3,mobile,(data deleted),(data deleted),(data deleted),new_session,3,3,1,0,0,0,2,1,0,0,1,0,0,0,0,0.0,33.33,0.0,,,0.0,0.0,66.67,100.0,,,,0.0,
2021-01-12,2021-01,2,3,mobile,(data deleted),(data deleted),<Other>,returning_session,2,2,1,1,0,0,1,0,1,0,9,1,0,0,0,0.0,50.0,100.0,0.0,,0.0,0.0,50.0,0.0,100.0,,,0.0,
2021-01-12,2021-01,2,3,mobile,<Other>,(data deleted),(data deleted),returning_session,2,2,0,0,0,0,2,0,0,0,0,0,0,0,0,0.0,0.0,,,,0.0,,100.0,,,,,0.0,
2021-01-12,2021-01,2,3,desktop,<Other>,referral,(referral),returning_session,71,71,18,5,2,0,53,13,4,2,92,15,21,0,0,0.0,25.35,27.78,40.0,0.0,0.0,0.0,74.65,72.22,80.0,100.0,,0.0,
2021-01-12,2021-01,2,3,desktop,google,cpc,<Other>,new_session,107,107,16,1,1,0,91,15,0,1,41,10,3,0,0,0.0,14.95,6.25,100.0,0.0,0.0,0.0,85.05,93.75,0.0,100.0,,0.0,
2021-01-12,2021-01,2,3,tablet,<Other>,referral,(referral),returning_session,5,5,2,1,1,0,3,1,0,1,19,1,9,0,0,0.0,40.0,50.0,100.0,0.0,0.0,0.0,60.0,50.0,0.0,100.0,,0.0,
2021-01-12,2021-01,2,3,desktop,<Other>,organic,(organic),returning_session,16,16,7,4,2,0,9,3,2,2,52,18,12,0,0,0.0,43.75,57.14,50.0,0.0,0.0,0.0,56.25,42.86,50.0,100.0,,0.0,
2021-01-12,2021-01,2,3,mobile,<Other>,referral,(referral),returning_session,66,66,15,3,1,0,51,12,2,1,47,12,3,0,0,0.0,22.73,20.0,33.33,0.0,0.0,0.0,77.27,80.0,66.67,100.0,,0.0,
2021-01-12,2021-01,2,3,tablet,shop.googlemerchandisestore.com,referral,(referral),returning_session,2,2,1,1,1,1,1,0,0,0,19,9,3,1,1,71.0,50.0,100.0,100.0,100.0,50.0,100.0,50.0,0.0,0.0,0.0,71.0,35.5,71.0
2021-01-12,2021-01,2,3,tablet,google,organic,(organic),new_session,24,24,4,1,1,1,20,3,0,0,42,46,6,1,1,101.0,16.67,25.0,100.0,100.0,4.17,25.0,83.33,75.0,0.0,0.0,101.0,4.21,101.0
2021-01-12,2021-01,2,3,desktop,shop.googlemerchandisestore.com,referral,(referral),new_session,90,90,14,5,1,1,76,9,4,0,47,30,3,1,1,55.0,15.56,35.71,20.0,100.0,1.11,7.14,84.44,64.29,80.0,0.0,55.0,0.61,55.0
2021-01-12,2021-01,2,3,mobile,shop.googlemerchandisestore.com,referral,(referral),new_session,82,82,13,3,1,1,69,10,2,0,87,24,9,1,1,130.0,15.85,23.08,33.33,100.0,1.22,7.69,84.15,76.92,66.67,0.0,130.0,1.59,130.0
2021-01-12,2021-01,2,3,mobile,google,cpc,<Other>,new_session,77,77,10,0,1,1,67,10,0,0,31,0,6,1,1,42.0,12.99,0.0,,100.0,1.3,10.0,87.01,100.0,,0.0,42.0,0.55,42.0
2021-01-12,2021-01,2,3,mobile,shop.googlemerchandisestore.com,referral,(referral),returning_session,66,66,12,3,2,1,54,9,2,1,69,15,5,1,1,65.0,18.18,25.0,66.67,50.0,1.52,8.33,81.82,75.0,66.67,50.0,65.0,0.98,65.0
2021-01-12,2021-01,2,3,mobile,<Other>,organic,(organic),new_session,55,55,10,3,2,1,45,7,2,1,17,4,6,1,1,79.0,18.18,30.0,66.67,50.0,1.82,10.0,81.82,70.0,66.67,50.0,79.0,1.44,79.0
2021-01-12,2021-01,2,3,mobile,<Other>,<Other>,<Other>,new_session,256,256,42,7,3,1,214,35,4,2,152,59,20,1,1,37.0,16.41,16.67,42.86,33.33,0.39,2.38,83.59,83.33,57.14,66.67,37.0,0.14,37.0
2021-01-12,2021-01,2,3,mobile,(data deleted),(data deleted),(data deleted),returning_session,98,98,22,5,4,1,76,17,2,3,89,15,27,1,1,14.0,22.45,22.73,80.0,25.0,1.02,4.55,77.55,77.27,40.0,75.0,14.0,0.14,14.0
2021-01-12,2021-01,2,3,mobile,google,organic,(organic),new_session,508,508,80,8,4,1,428,72,7,3,249,16,21,1,1,75.0,15.75,10.0,50.0,25.0,0.2,1.25,84.25,90.0,87.5,75.0,75.0,0.15,75.0
2021-01-12,2021-01,2,3,desktop,google,organic,(organic),new_session,712,712,119,21,6,1,593,98,16,5,345,72,30,1,1,11.0,16.71,17.65,28.57,16.67,0.14,0.84,83.29,82.35,76.19,83.33,11.0,0.02,11.0
2021-01-12,2021-01,2,3,desktop,shop.googlemerchandisestore.com,referral,(referral),returning_session,101,101,21,2,2,2,80,19,1,0,66,3,9,2,2,58.0,20.79,9.52,100.0,100.0,1.98,9.52,79.21,90.48,50.0,0.0,29.0,0.57,29.0
2021-01-12,2021-01,2,3,desktop,<Other>,referral,(referral),new_session,183,183,38,11,2,2,145,27,9,0,147,36,11,2,2,13.0,20.77,28.95,18.18,100.0,1.09,5.26,79.23,71.05,81.82,0.0,6.5,0.07,6.5
2021-01-12,2021-01,2,3,desktop,(direct),(none),(direct),new_session,477,477,74,12,3,2,403,62,10,1,302,34,10,2,2,55.0,15.51,16.22,25.0,66.67,0.42,2.7,84.49,83.78,83.33,33.33,27.5,0.12,27.5
2021-01-12,2021-01,2,3,desktop,<Other>,<Other>,<Other>,new_session,364,364,54,9,3,2,310,45,7,1,254,34,12,2,2,73.0,14.84,16.67,33.33,66.67,0.55,3.7,85.16,83.33,77.78,33.33,36.5,0.2,36.5
2021-01-12,2021-01,2,3,mobile,(direct),(none),(direct),returning_session,106,106,21,6,3,3,85,15,4,0,58,13,12,3,3,85.0,19.81,28.57,50.0,100.0,2.83,14.29,80.19,71.43,66.67,0.0,28.33,0.8,28.33
2021-01-12,2021-01,2,3,mobile,(direct),(none),(direct),new_session,333,333,45,6,4,3,288,39,4,1,183,20,21,3,3,179.0,13.51,13.33,66.67,75.0,0.9,6.67,86.49,86.67,66.67,25.0,59.67,0.54,59.67
2021-01-12,2021-01,2,3,desktop,(data deleted),(data deleted),(data deleted),returning_session,145,144,30,6,6,4,114,24,1,2,173,53,36,4,4,498.0,20.83,20.0,100.0,66.67,2.76,13.33,79.17,80.0,16.67,33.33,124.5,3.43,124.5
2021-01-12,2021-01,2,3,desktop,(direct),(none),(direct),returning_session,147,147,43,9,6,4,104,34,5,2,259,63,39,4,4,238.0,29.25,20.93,66.67,66.67,2.72,9.3,70.75,79.07,55.56,33.33,59.5,1.62,59.5
2021-01-12,2021-01,2,3,desktop,google,organic,(organic),returning_session,141,141,39,15,7,4,102,24,10,3,184,77,37,4,4,121.0,27.66,38.46,46.67,57.14,2.84,10.26,72.34,61.54,66.67,42.86,30.25,0.86,30.25
2021-01-12,2021-01,2,3,desktop,<Other>,<Other>,<Other>,returning_session,56,56,12,7,4,3,44,5,3,1,65,20,27,5,5,335.0,21.43,58.33,57.14,75.0,5.36,25.0,78.57,41.67,42.86,25.0,111.67,5.98,67.0
2021-01-12,2021-01,2,3,mobile,google,organic,(organic),returning_session,98,98,25,10,6,3,73,15,4,3,96,30,30,6,6,212.0,25.51,40.0,60.0,50.0,3.06,12.0,74.49,60.0,40.0,50.0,70.67,2.16,35.33
2020-11-20,2020-11,46,6,tablet,<Other>,organic,(organic),returning_session,1,1,0,0,0,0,1,0,0,0,0,0,0,0,0,0.0,0.0,,,,0.0,,100.0,,,,,0.0,
2020-11-20,2020-11,46,6,tablet,shop.googlemerchandisestore.com,referral,(referral),new_session,3,3,0,0,0,0,3,0,0,0,0,0,0,0,0,0.0,0.0,,,,0.0,,100.0,,,,,0.0,
2020-11-20,2020-11,46,6,tablet,google,cpc,<Other>,returning_session,1,1,0,0,0,0,1,0,0,0,0,0,0,0,0,0.0,0.0,,,,0.0,,100.0,,,,,0.0,
2020-11-20,2020-11,46,6,tablet,<Other>,organic,(organic),new_session,3,3,0,0,0,0,3,0,0,0,0,0,0,0,0,0.0,0.0,,,,0.0,,100.0,,,,,0.0,
2020-11-20,2020-11,46,6,desktop,(data deleted),(data deleted),(data deleted),new_session,5,4,0,0,0,0,4,0,0,0,0,0,0,0,0,0.0,0.0,,,,0.0,,100.0,,,,,0.0,
2020-11-20,2020-11,46,6,tablet,<Other>,referral,(referral),returning_session,3,3,1,0,0,0,2,1,0,0,3,0,0,0,0,0.0,33.33,0.0,,,0.0,0.0,66.67,100.0,,,,0.0,
2020-11-20,2020-11,46,6,tablet,google,organic,(organic),new_session,23,23,3,0,0,0,20,3,0,0,29,0,0,0,0,0.0,13.04,0.0,,,0.0,0.0,86.96,100.0,,,,0.0,
2020-11-20,2020-11,46,6,tablet,google,organic,(organic),returning_session,6,6,1,0,0,0,5,1,0,0,1,0,0,0,0,0.0,16.67,0.0,,,0.0,0.0,83.33,100.0,,,,0.0,
2020-11-20,2020-11,46,6,tablet,<Other>,referral,(referral),new_session,5,5,2,0,0,0,3,2,0,0,2,0,0,0,0,0.0,40.0,0.0,,,0.0,0.0,60.0,100.0,,,,0.0,
2020-11-20,2020-11,46,6,tablet,(direct),(none),(direct),returning_session,7,7,2,0,0,0,5,2,0,0,7,0,0,0,0,0.0,28.57,0.0,,,0.0,0.0,71.43,100.0,,,,0.0,
2020-11-20,2020-11,46,6,tablet,<Other>,<Other>,<Other>,new_session,7,7,1,0,0,0,6,1,0,0,2,0,0,0,0,0.0,14.29,0.0,,,0.0,0.0,85.71,100.0,,,,0.0,
2020-11-20,2020-11,46,6,desktop,(data deleted),(data deleted),<Other>,returning_session,8,8,4,0,0,0,4,4,0,0,6,0,0,0,0,0.0,50.0,0.0,,,0.0,0.0,50.0,100.0,,,,0.0,
2020-11-20,2020-11,46,6,mobile,google,cpc,<Other>,returning_session,7,7,2,0,0,0,5,2,0,0,18,0,0,0,0,0.0,28.57,0.0,,,0.0,0.0,71.43,100.0,,,,0.0,
2020-11-20,2020-11,46,6,tablet,shop.googlemerchandisestore.com,referral,(referral),returning_session,2,2,1,0,0,0,1,1,0,0,2,0,0,0,0,0.0,50.0,0.0,,,0.0,0.0,50.0,100.0,,,,0.0,
2020-11-20,2020-11,46,6,desktop,<Other>,organic,(organic),returning_session,20,20,5,0,0,0,15,5,0,0,18,0,0,0,0,0.0,25.0,0.0,,,0.0,0.0,75.0,100.0,,,,0.0,
2020-11-20,2020-11,46,6,mobile,(data deleted),(data deleted),<Other>,returning_session,2,2,1,0,0,0,1,1,0,0,1,0,0,0,0,0.0,50.0,0.0,,,0.0,0.0,50.0,100.0,,,,0.0,
2020-11-20,2020-11,46,6,mobile,<Other>,organic,(organic),new_session,31,31,8,0,0,0,23,8,0,0,21,0,0,0,0,0.0,25.81,0.0,,,0.0,0.0,74.19,100.0,,,,0.0,
2020-11-20,2020-11,46,6,desktop,google,cpc,<Other>,returning_session,10,10,5,0,0,0,5,5,0,0,23,0,0,0,0,0.0,50.0,0.0,,,0.0,0.0,50.0,100.0,,,,0.0,
2020-11-20,2020-11,46,6,tablet,(data deleted),(data deleted),(data deleted),returning_session,5,5,1,0,0,0,4,1,0,0,1,0,0,0,0,0.0,20.0,0.0,,,0.0,0.0,80.0,100.0,,,,0.0,
2020-11-20,2020-11,46,6,mobile,(data deleted),(data deleted),(data deleted),new_session,4,4,1,0,0,0,3,1,0,0,1,0,0,0,0,0.0,25.0,0.0,,,0.0,0.0,75.0,100.0,,,,0.0,
2020-11-20,2020-11,46,6,mobile,<Other>,organic,(organic),returning_session,8,8,1,0,0,0,7,1,0,0,1,0,0,0,0,0.0,12.5,0.0,,,0.0,0.0,87.5,100.0,,,,0.0,
2020-11-20,2020-11,46,6,desktop,<Other>,(data deleted),(data deleted),returning_session,4,4,3,0,1,0,1,3,0,1,32,0,3,0,0,0.0,75.0,0.0,,0.0,0.0,0.0,25.0,100.0,,100.0,,0.0,
2020-11-20,2020-11,46,6,tablet,(direct),(none),(direct),new_session,13,13,5,0,2,0,8,5,0,2,14,0,3,0,0,0.0,38.46,0.0,,0.0,0.0,0.0,61.54,100.0,,100.0,,0.0,
2020-11-20,2020-11,46,6,desktop,<Other>,organic,(organic),new_session,61,61,14,0,1,0,47,14,0,1,87,0,1,0,0,0.0,22.95,0.0,,0.0,0.0,0.0,77.05,100.0,,100.0,,0.0,
2020-11-20,2020-11,46,6,desktop,google,organic,(organic),new_session,520,520,131,0,13,0,389,131,0,13,716,0,16,0,0,0.0,25.19,0.0,,0.0,0.0,0.0,74.81,100.0,,100.0,,0.0,
2020-11-20,2020-11,46,6,desktop,<Other>,<Other>,<Other>,new_session,246,246,59,0,7,1,187,59,0,6,366,0,8,2,1,110.0,23.98,0.0,,14.29,0.41,1.69,76.02,100.0,,85.71,110.0,0.45,110.0
2020-11-20,2020-11,46,6,desktop,(direct),(none),(direct),new_session,368,368,102,0,6,1,266,102,0,5,360,0,13,2,1,60.0,27.72,0.0,,16.67,0.27,0.98,72.28,100.0,,83.33,60.0,0.16,60.0
2020-11-20,2020-11,46,6,mobile,google,organic,(organic),new_session,381,380,106,0,17,3,274,106,0,14,773,0,19,6,3,156.0,27.89,0.0,,17.65,0.79,2.83,72.11,100.0,,82.35,52.0,0.41,52.0
2020-11-20,2020-11,46,6,mobile,<Other>,<Other>,<Other>,new_session,187,187,49,0,5,1,138,49,0,4,232,0,9,2,1,46.0,26.2,0.0,,20.0,0.53,2.04,73.8,100.0,,80.0,46.0,0.25,46.0
2020-11-20,2020-11,46,6,mobile,google,cpc,<Other>,new_session,61,61,18,0,3,1,43,18,0,2,104,0,4,1,1,0.0,29.51,0.0,,33.33,1.64,5.56,70.49,100.0,,66.67,0.0,0.0,0.0
2020-11-20,2020-11,46,6,mobile,<Other>,referral,(referral),new_session,108,108,25,0,3,1,83,25,0,2,162,0,4,2,1,260.0,23.15,0.0,,33.33,0.93,4.0,76.85,100.0,,66.67,260.0,2.41,260.0
2020-11-20,2020-11,46,6,desktop,<Other>,referral,(referral),new_session,137,137,30,0,3,1,107,30,0,2,97,0,5,2,1,38.0,21.9,0.0,,33.33,0.73,3.33,78.1,100.0,,66.67,38.0,0.28,38.0
2020-11-20,2020-11,46,6,desktop,shop.googlemerchandisestore.com,referral,(referral),new_session,66,66,20,0,3,1,46,20,0,2,107,0,6,2,1,34.0,30.3,0.0,,33.33,1.52,5.0,69.7,100.0,,66.67,34.0,0.52,34.0
2020-11-20,2020-11,46,6,mobile,shop.googlemerchandisestore.com,referral,(referral),new_session,65,65,23,0,3,1,42,23,0,2,241,0,8,2,1,94.0,35.38,0.0,,33.33,1.54,4.35,64.62,100.0,,66.67,94.0,1.45,94.0
2020-11-20,2020-11,46,6,mobile,(direct),(none),(direct),returning_session,124,124,26,0,8,3,98,26,0,5,135,0,15,5,3,218.0,20.97,0.0,,37.5,2.42,11.54,79.03,100.0,,62.5,72.67,1.76,72.67
2020-11-20,2020-11,46,6,mobile,(data deleted),(data deleted),(data deleted),returning_session,122,122,38,0,9,4,84,38,0,5,205,0,22,10,5,824.0,31.15,0.0,,44.44,3.28,10.53,68.85,100.0,,55.56,206.0,6.75,164.8
2020-11-20,2020-11,46,6,mobile,<Other>,<Other>,<Other>,returning_session,27,27,9,0,2,1,18,9,0,1,21,0,2,2,1,50.0,33.33,0.0,,50.0,3.7,11.11,66.67,100.0,,50.0,50.0,1.85,50.0
2020-11-20,2020-11,46,6,mobile,shop.googlemerchandisestore.com,referral,(referral),returning_session,81,81,18,0,4,2,63,18,0,2,124,0,7,4,2,322.0,22.22,0.0,,50.0,2.47,11.11,77.78,100.0,,50.0,161.0,3.98,161.0
2020-11-20,2020-11,46,6,desktop,(direct),(none),(direct),returning_session,194,194,49,0,10,6,145,49,0,4,285,0,28,12,6,1204.0,25.26,0.0,,60.0,3.09,12.24,74.74,100.0,,40.0,200.67,6.21,200.67
2020-11-20,2020-11,46,6,desktop,google,organic,(organic),returning_session,173,173,54,0,12,8,119,54,0,4,283,0,27,15,8,1156.0,31.21,0.0,,66.67,4.62,14.81,68.79,100.0,,33.33,144.5,6.68,144.5
2020-11-20,2020-11,46,6,desktop,shop.googlemerchandisestore.com,referral,(referral),returning_session,123,123,35,0,3,2,88,35,0,1,175,0,10,4,2,370.0,28.46,0.0,,66.67,1.63,5.71,71.54,100.0,,33.33,185.0,3.01,185.0
2020-11-20,2020-11,46,6,desktop,google,cpc,<Other>,new_session,85,85,28,0,3,2,57,28,0,1,105,0,7,4,2,268.0,32.94,0.0,,66.67,2.35,7.14,67.06,100.0,,33.33,134.0,3.15,134.0
2020-11-20,2020-11,46,6,desktop,(data deleted),(data deleted),(data deleted),returning_session,179,179,45,0,10,7,134,45,0,3,278,0,26,10,7,200.0,25.14,0.0,,70.0,3.91,15.56,74.86,100.0,,30.0,28.57,1.12,28.57
2020-11-20,2020-11,46,6,mobile,<Other>,referral,(referral),returning_session,60,60,17,0,5,4,43,17,0,1,94,0,15,7,4,928.0,28.33,0.0,,80.0,6.67,23.53,71.67,100.0,,20.0,232.0,15.47,232.0
2020-11-20,2020-11,46,6,desktop,<Other>,<Other>,<Other>,returning_session,47,47,12,0,1,1,35,12,0,0,71,0,2,2,1,424.0,25.53,0.0,,100.0,2.13,8.33,74.47,100.0,,0.0,424.0,9.02,424.0
2020-11-20,2020-11,46,6,mobile,(direct),(none),(direct),new_session,279,277,73,1,13,3,205,72,0,10,573,4,21,5,3,344.0,26.35,1.37,1300.0,23.08,1.08,4.11,74.01,98.63,0.0,76.92,114.67,1.23,114.67
2020-11-20,2020-11,46,6,mobile,google,organic,(organic),returning_session,148,148,40,1,12,8,108,40,1,4,249,2,25,13,8,1068.0,27.03,2.5,1200.0,66.67,5.41,20.0,72.97,100.0,100.0,33.33,133.5,7.22,133.5
2020-11-20,2020-11,46,6,desktop,<Other>,referral,(referral),returning_session,107,107,26,1,2,0,81,25,1,2,85,9,6,0,0,0.0,24.3,3.85,200.0,0.0,0.0,0.0,75.7,96.15,100.0,100.0,,0.0,
2020-12-09,2020-12,49,4,desktop,(data deleted),(data deleted),<Other>,new_session,1,1,0,0,0,0,1,0,0,0,0,0,0,0,0,0.0,0.0,,,,0.0,,100.0,,,,,0.0,
2020-12-09,2020-12,49,4,tablet,(data deleted),(data deleted),(data deleted),returning_session,16,16,0,0,0,0,16,0,0,0,0,0,0,0,0,0.0,0.0,,,,0.0,,100.0,,,,,0.0,
2020-12-09,2020-12,49,4,tablet,<Other>,<Other>,<Other>,returning_session,2,2,0,0,0,0,2,0,0,0,0,0,0,0,0,0.0,0.0,,,,0.0,,100.0,,,,,0.0,
2020-12-09,2020-12,49,4,tablet,<Other>,organic,(organic),returning_session,2,2,0,0,0,0,2,0,0,0,0,0,0,0,0,0.0,0.0,,,,0.0,,100.0,,,,,0.0,
2020-12-09,2020-12,49,4,mobile,(data deleted),(data deleted),(data deleted),new_session,2,2,0,0,0,0,2,0,0,0,0,0,0,0,0,0.0,0.0,,,,0.0,,100.0,,,,,0.0,
2020-12-09,2020-12,49,4,tablet,google,cpc,<Other>,returning_session,1,1,0,0,0,0,1,0,0,0,0,0,0,0,0,0.0,0.0,,,,0.0,,100.0,,,,,0.0,
2020-12-09,2020-12,49,4,tablet,(data deleted),(data deleted),<Other>,returning_session,1,1,1,0,0,0,0,1,0,0,1,0,0,0,0,0.0,100.0,0.0,,,0.0,0.0,0.0,100.0,,,,0.0,
2020-12-09,2020-12,49,4,tablet,<Other>,referral,(referral),returning_session,4,4,1,0,0,0,3,1,0,0,1,0,0,0,0,0.0,25.0,0.0,,,0.0,0.0,75.0,100.0,,,,0.0,
2020-12-09,2020-12,49,4,tablet,google,cpc,<Other>,new_session,8,8,1,0,0,0,7,1,0,0,1,0,0,0,0,0.0,12.5,0.0,,,0.0,0.0,87.5,100.0,,,,0.0,
2020-12-09,2020-12,49,4,desktop,(data deleted),(data deleted),(data deleted),new_session,10,10,2,0,0,0,8,2,0,0,2,0,0,0,0,0.0,20.0,0.0,,,0.0,0.0,80.0,100.0,,,,0.0,
2020-12-09,2020-12,49,4,tablet,<Other>,referral,(referral),new_session,8,8,2,0,0,0,6,2,0,0,3,0,0,0,0,0.0,25.0,0.0,,,0.0,0.0,75.0,100.0,,,,0.0,
2020-12-09,2020-12,49,4,desktop,(data deleted),(data deleted),<Other>,returning_session,5,5,1,0,0,0,4,1,0,0,5,0,0,0,0,0.0,20.0,0.0,,,0.0,0.0,80.0,100.0,,,,0.0,
2020-12-09,2020-12,49,4,desktop,<Other>,(data deleted),(data deleted),returning_session,2,2,1,0,0,0,1,1,0,0,6,0,0,0,0,0.0,50.0,0.0,,,0.0,0.0,50.0,100.0,,,,0.0,
2020-12-09,2020-12,49,4,mobile,(data deleted),(data deleted),<Other>,returning_session,4,4,2,0,0,0,2,2,0,0,8,0,0,0,0,0.0,50.0,0.0,,,0.0,0.0,50.0,100.0,,,,0.0,
2020-12-09,2020-12,49,4,tablet,google,organic,(organic),new_session,25,25,2,0,0,0,23,2,0,0,8,0,0,0,0,0.0,8.0,0.0,,,0.0,0.0,92.0,100.0,,,,0.0,
2020-12-09,2020-12,49,4,tablet,<Other>,organic,(organic),new_session,6,6,4,0,0,0,2,4,0,0,11,0,0,0,0,0.0,66.67,0.0,,,0.0,0.0,33.33,100.0,,,,0.0,
2020-12-09,2020-12,49,4,mobile,<Other>,(data deleted),(data deleted),returning_session,4,4,1,0,0,0,3,1,0,0,19,0,0,0,0,0.0,25.0,0.0,,,0.0,0.0,75.0,100.0,,,,0.0,
2020-12-09,2020-12,49,4,tablet,(direct),(none),(direct),new_session,26,26,5,2,0,0,21,3,2,0,40,19,0,0,0,0.0,19.23,40.0,0.0,,0.0,0.0,80.77,60.0,100.0,,,0.0,
2020-12-09,2020-12,49,4,tablet,shop.googlemerchandisestore.com,referral,(referral),new_session,9,9,1,1,1,0,8,0,0,1,4,1,2,0,0,0.0,11.11,100.0,100.0,0.0,0.0,0.0,88.89,0.0,0.0,100.0,,0.0,
2020-12-09,2020-12,49,4,tablet,google,organic,(organic),returning_session,4,4,2,1,1,0,2,1,0,1,4,4,4,0,0,0.0,50.0,50.0,100.0,0.0,0.0,0.0,50.0,50.0,0.0,100.0,,0.0,
2020-12-09,2020-12,49,4,tablet,<Other>,<Other>,<Other>,new_session,16,16,4,3,1,0,12,1,2,1,18,13,6,0,0,0.0,25.0,75.0,33.33,0.0,0.0,0.0,75.0,25.0,66.67,100.0,,0.0,
2020-12-09,2020-12,49,4,mobile,google,cpc,<Other>,new_session,95,95,9,1,1,0,86,8,1,1,23,1,2,0,0,0.0,9.47,11.11,100.0,0.0,0.0,0.0,90.53,88.89,100.0,100.0,,0.0,
2020-12-09,2020-12,49,4,desktop,google,cpc,<Other>,new_session,118,118,18,5,1,0,100,13,4,1,101,13,2,0,0,0.0,15.25,27.78,20.0,0.0,0.0,0.0,84.75,72.22,80.0,100.0,,0.0,
2020-12-09,2020-12,49,4,mobile,shop.googlemerchandisestore.com,referral,(referral),new_session,85,85,17,7,4,0,68,10,4,4,136,16,10,0,0,0.0,20.0,41.18,57.14,0.0,0.0,0.0,80.0,58.82,57.14,100.0,,0.0,
2020-12-09,2020-12,49,4,mobile,(direct),(none),(direct),returning_session,134,134,31,14,10,3,103,17,6,7,331,93,58,3,3,366.0,23.13,45.16,71.43,30.0,2.24,9.68,76.87,54.84,42.86,70.0,122.0,2.73,122.0
2020-12-09,2020-12,49,4,mobile,<Other>,referral,(referral),returning_session,83,83,18,9,6,2,65,9,4,4,88,26,38,2,2,73.0,21.69,50.0,66.67,33.33,2.41,11.11,78.31,50.0,44.44,66.67,36.5,0.88,36.5
2020-12-09,2020-12,49,4,desktop,shop.googlemerchandisestore.com,referral,(referral),new_session,140,140,28,9,3,1,112,19,6,2,151,16,6,1,1,0.0,20.0,32.14,33.33,33.33,0.71,3.57,80.0,67.86,66.67,66.67,0.0,0.0,0.0
2020-12-09,2020-12,49,4,desktop,<Other>,organic,(organic),new_session,96,96,19,8,5,2,77,11,4,3,84,39,18,2,2,189.0,19.79,42.11,62.5,40.0,2.08,10.53,80.21,57.89,50.0,60.0,94.5,1.97,94.5
2020-12-09,2020-12,49,4,desktop,(direct),(none),(direct),new_session,617,617,116,35,15,6,501,82,22,9,589,145,36,6,6,483.0,18.8,30.17,42.86,40.0,0.97,5.17,81.2,70.69,62.86,60.0,80.5,0.78,80.5
2020-12-09,2020-12,49,4,desktop,google,organic,(organic),new_session,920,918,175,52,30,12,743,123,28,18,1136,206,104,14,13,1379.0,19.06,29.71,57.69,40.0,1.3,6.86,80.94,70.29,53.85,60.0,114.92,1.5,106.08
2020-12-09,2020-12,49,4,desktop,<Other>,referral,(referral),returning_session,117,117,35,13,12,5,82,22,6,7,231,42,45,5,5,308.0,29.91,37.14,92.31,41.67,4.27,14.29,70.09,62.86,46.15,58.33,61.6,2.63,61.6
2020-12-09,2020-12,49,4,mobile,google,organic,(organic),new_session,637,637,119,38,19,8,518,81,22,11,769,156,60,8,8,676.0,18.68,31.93,50.0,42.11,1.26,6.72,81.32,68.07,57.89,57.89,84.5,1.06,84.5
2020-12-09,2020-12,49,4,desktop,<Other>,referral,(referral),new_session,244,244,43,11,7,3,201,32,7,4,157,21,18,3,3,105.0,17.62,25.58,63.64,42.86,1.23,6.98,82.38,74.42,63.64,57.14,35.0,0.43,35.0
2020-12-09,2020-12,49,4,desktop,<Other>,<Other>,<Other>,new_session,479,479,77,24,14,6,402,53,12,8,568,117,38,8,6,1019.0,16.08,31.17,58.33,42.86,1.25,7.79,83.92,68.83,50.0,57.14,169.83,2.13,169.83
2020-12-09,2020-12,49,4,mobile,<Other>,organic,(organic),new_session,58,57,11,5,2,1,47,6,3,1,22,7,6,1,1,10.0,19.3,45.45,40.0,50.0,1.72,9.09,82.46,54.55,60.0,50.0,10.0,0.17,10.0
2020-12-09,2020-12,49,4,desktop,google,cpc,<Other>,returning_session,14,14,7,3,2,1,7,4,1,1,25,4,4,1,1,58.0,50.0,42.86,66.67,50.0,7.14,14.29,50.0,57.14,33.33,50.0,58.0,4.14,58.0
2020-12-09,2020-12,49,4,tablet,(direct),(none),(direct),returning_session,14,14,2,2,2,1,12,0,0,1,37,28,8,1,1,134.0,14.29,100.0,100.0,50.0,7.14,50.0,85.71,0.0,0.0,50.0,134.0,9.57,134.0
2020-12-09,2020-12,49,4,mobile,<Other>,<Other>,<Other>,returning_session,46,46,10,2,2,1,36,8,2,1,48,9,10,1,1,15.0,21.74,20.0,100.0,50.0,2.17,10.0,78.26,80.0,100.0,50.0,15.0,0.33,15.0
2020-12-09,2020-12,49,4,mobile,<Other>,referral,(referral),new_session,128,128,25,7,2,1,103,18,6,1,83,25,4,1,1,28.0,19.53,28.0,28.57,50.0,0.78,4.0,80.47,72.0,85.71,50.0,28.0,0.22,28.0
2020-12-09,2020-12,49,4,mobile,shop.googlemerchandisestore.com,referral,(referral),returning_session,131,131,31,13,10,5,100,18,4,5,364,76,63,6,6,691.0,23.66,41.94,76.92,50.0,3.82,16.13,76.34,58.06,30.77,50.0,138.2,5.27,115.17
2020-12-09,2020-12,49,4,desktop,(data deleted),(data deleted),(data deleted),returning_session,219,219,58,25,15,8,161,33,13,7,367,75,75,17,17,1008.0,26.48,43.1,60.0,53.33,3.65,13.79,73.52,56.9,52.0,46.67,126.0,4.6,59.29
2020-12-09,2020-12,49,4,mobile,(direct),(none),(direct),new_session,424,423,87,29,13,7,336,58,16,6,405,108,52,7,7,411.0,20.57,33.33,44.83,53.85,1.65,8.05,79.43,66.67,55.17,46.15,58.71,0.97,58.71
2020-12-09,2020-12,49,4,mobile,(data deleted),(data deleted),(data deleted),returning_session,140,140,39,14,9,5,101,25,6,4,237,62,38,6,6,436.0,27.86,35.9,64.29,55.56,3.57,12.82,72.14,64.1,42.86,44.44,87.2,3.11,72.67
2020-12-09,2020-12,49,4,mobile,<Other>,<Other>,<Other>,new_session,313,313,40,12,5,3,273,28,9,2,230,56,16,3,3,451.0,12.78,30.0,41.67,60.0,0.96,7.5,87.22,70.0,75.0,40.0,150.33,1.44,150.33
2020-12-09,2020-12,49,4,desktop,google,organic,(organic),returning_session,213,213,63,27,20,14,150,36,10,6,411,147,86,14,14,669.0,29.58,42.86,74.07,70.0,6.57,22.22,70.42,57.14,37.04,30.0,47.79,3.14,47.79
2020-12-09,2020-12,49,4,desktop,shop.googlemerchandisestore.com,referral,(referral),returning_session,182,182,42,12,11,8,140,30,5,3,353,74,43,8,8,338.0,23.08,28.57,91.67,72.73,4.4,19.05,76.92,71.43,41.67,27.27,42.25,1.86,42.25
2020-12-09,2020-12,49,4,mobile,google,organic,(organic),returning_session,165,165,43,9,9,7,122,34,4,2,255,43,30,7,7,626.0,26.06,20.93,100.0,77.78,4.24,16.28,73.94,79.07,44.44,22.22,89.43,3.79,89.43
2020-12-09,2020-12,49,4,desktop,<Other>,<Other>,<Other>,returning_session,54,54,14,3,5,4,40,11,0,1,87,23,36,4,4,171.0,25.93,21.43,166.67,80.0,7.41,28.57,74.07,78.57,0.0,20.0,42.75,3.17,42.75
2020-12-09,2020-12,49,4,desktop,(direct),(none),(direct),returning_session,204,204,48,20,14,12,156,28,8,2,270,69,66,15,14,980.0,23.53,41.67,70.0,85.71,5.88,25.0,76.47,58.33,40.0,14.29,81.67,4.8,70.0
2020-12-09,2020-12,49,4,mobile,google,cpc,<Other>,returning_session,11,11,2,1,1,1,9,1,1,0,16,1,8,1,1,24.0,18.18,50.0,100.0,100.0,9.09,50.0,81.82,50.0,100.0,0.0,24.0,2.18,24.0
2020-12-09,2020-12,49,4,mobile,<Other>,organic,(organic),returning_session,12,12,3,2,1,1,9,1,1,0,20,19,4,1,1,96.0,25.0,66.67,50.0,100.0,8.33,33.33,75.0,33.33,50.0,0.0,96.0,8.0,96.0
2020-12-09,2020-12,49,4,tablet,shop.googlemerchandisestore.com,referral,(referral),returning_session,16,16,4,3,3,3,12,1,1,0,42,23,10,3,3,133.0,25.0,75.0,100.0,100.0,18.75,75.0,75.0,25.0,33.33,0.0,44.33,8.31,44.33
2020-12-09,2020-12,49,4,desktop,<Other>,organic,(organic),returning_session,17,17,5,2,2,2,12,3,0,0,52,13,12,3,3,120.0,29.41,40.0,100.0,100.0,11.76,40.0,70.59,60.0,0.0,0.0,60.0,7.06,40.0
2021-01-20,2021-01,3,4,desktop,(data deleted),(data deleted),(data deleted),new_session,7,7,1,0,0,0,6,1,0,0,1,0,0,0,0,0.0,14.29,0.0,,,0.0,0.0,85.71,100.0,,,,0.0,
2021-01-20,2021-01,3,4,tablet,<Other>,<Other>,<Other>,new_session,9,9,6,0,0,0,3,6,0,0,13,0,0,0,0,0.0,66.67,0.0,,,0.0,0.0,33.33,100.0,,,,0.0,
2021-01-20,2021-01,3,4,tablet,<Other>,referral,(referral),new_session,6,6,1,0,0,0,5,1,0,0,1,0,0,0,0,0.0,16.67,0.0,,,0.0,0.0,83.33,100.0,,,,0.0,
2021-01-20,2021-01,3,4,tablet,(data deleted),(data deleted),(data deleted),new_session,1,0,0,0,0,0,0,0,0,0,0,0,0,0,0,0.0,,,,,0.0,,,,,,,0.0,
2021-01-20,2021-01,3,4,tablet,<Other>,<Other>,<Other>,returning_session,1,1,0,0,0,0,1,0,0,0,0,0,0,0,0,0.0,0.0,,,,0.0,,100.0,,,,,0.0,
2021-01-20,2021-01,3,4,tablet,shop.googlemerchandisestore.com,referral,(referral),new_session,2,2,0,0,0,0,2,0,0,0,0,0,0,0,0,0.0,0.0,,,,0.0,,100.0,,,,,0.0,
2021-01-20,2021-01,3,4,mobile,(data deleted),(data deleted),(data deleted),new_session,6,6,0,0,0,0,6,0,0,0,0,0,0,0,0,0.0,0.0,,,,0.0,,100.0,,,,,0.0,
2021-01-20,2021-01,3,4,mobile,google,cpc,<Other>,returning_session,8,8,0,0,0,0,8,0,0,0,0,0,0,0,0,0.0,0.0,,,,0.0,,100.0,,,,,0.0,
2021-01-20,2021-01,3,4,tablet,google,cpc,<Other>,returning_session,1,1,0,0,0,0,1,0,0,0,0,0,0,0,0,0.0,0.0,,,,0.0,,100.0,,,,,0.0,
2021-01-20,2021-01,3,4,tablet,<Other>,referral,(referral),returning_session,3,3,1,0,0,0,2,1,0,0,5,0,0,0,0,0.0,33.33,0.0,,,0.0,0.0,66.67,100.0,,,,0.0,
2021-01-20,2021-01,3,4,tablet,shop.googlemerchandisestore.com,referral,(referral),returning_session,2,2,2,0,0,0,0,2,0,0,3,0,0,0,0,0.0,100.0,0.0,,,0.0,0.0,0.0,100.0,,,,0.0,
2021-01-20,2021-01,3,4,mobile,<Other>,(data deleted),(data deleted),returning_session,1,1,1,0,0,0,0,1,0,0,4,0,0,0,0,0.0,100.0,0.0,,,0.0,0.0,0.0,100.0,,,,0.0,
2021-01-20,2021-01,3,4,tablet,(data deleted),(data deleted),(data deleted),returning_session,4,4,1,0,0,0,3,1,0,0,1,0,0,0,0,0.0,25.0,0.0,,,0.0,0.0,75.0,100.0,,,,0.0,
2021-01-20,2021-01,3,4,desktop,google,cpc,<Other>,returning_session,11,11,3,1,0,0,8,2,1,0,18,6,0,0,0,0.0,27.27,33.33,0.0,,0.0,0.0,72.73,66.67,100.0,,,0.0,
2021-01-20,2021-01,3,4,tablet,(direct),(none),(direct),new_session,19,19,4,0,0,0,15,4,0,0,5,0,0,0,0,0.0,21.05,0.0,,,0.0,0.0,78.95,100.0,,,,0.0,
2021-01-20,2021-01,3,4,tablet,google,cpc,<Other>,new_session,5,5,0,0,0,0,5,0,0,0,0,0,0,0,0,0.0,0.0,,,,0.0,,100.0,,,,,0.0,
2021-01-20,2021-01,3,4,mobile,<Other>,organic,(organic),returning_session,9,9,4,0,0,0,5,4,0,0,13,0,0,0,0,0.0,44.44,0.0,,,0.0,0.0,55.56,100.0,,,,0.0,
2021-01-20,2021-01,3,4,mobile,(data deleted),(data deleted),<Other>,returning_session,5,5,3,0,0,0,2,3,0,0,37,0,0,0,0,0.0,60.0,0.0,,,0.0,0.0,40.0,100.0,,,,0.0,
2021-01-20,2021-01,3,4,desktop,shop.googlemerchandisestore.com,referral,(referral),new_session,102,102,29,4,1,0,73,25,3,1,82,24,6,0,0,0.0,28.43,13.79,25.0,0.0,0.0,0.0,71.57,86.21,75.0,100.0,,0.0,
2021-01-20,2021-01,3,4,mobile,<Other>,organic,(organic),new_session,58,58,13,1,3,0,45,12,0,3,41,4,18,0,0,0.0,22.41,7.69,300.0,0.0,0.0,0.0,77.59,92.31,0.0,100.0,,0.0,
2021-01-20,2021-01,3,4,tablet,google,organic,(organic),new_session,32,32,5,1,1,0,27,4,0,1,17,2,3,0,0,0.0,15.63,20.0,100.0,0.0,0.0,0.0,84.38,80.0,0.0,100.0,,0.0,
2021-01-20,2021-01,3,4,tablet,(direct),(none),(direct),returning_session,5,5,2,0,1,0,3,2,0,1,6,0,6,0,0,0.0,40.0,0.0,,0.0,0.0,0.0,60.0,100.0,,100.0,,0.0,
2021-01-20,2021-01,3,4,desktop,(data deleted),(data deleted),<Other>,returning_session,4,4,1,1,1,0,3,0,0,1,5,2,3,0,0,0.0,25.0,100.0,100.0,0.0,0.0,0.0,75.0,0.0,0.0,100.0,,0.0,
2021-01-20,2021-01,3,4,desktop,<Other>,referral,(referral),new_session,191,191,48,7,3,1,143,41,4,2,206,26,12,1,1,230.0,25.13,14.58,42.86,33.33,0.52,2.08,74.87,85.42,57.14,66.67,230.0,1.2,230.0
2021-01-20,2021-01,3,4,mobile,<Other>,<Other>,<Other>,returning_session,24,24,10,3,2,1,14,7,2,1,32,4,5,1,1,0.0,41.67,30.0,66.67,50.0,4.17,10.0,58.33,70.0,66.67,50.0,0.0,0.0,0.0
2021-01-20,2021-01,3,4,mobile,google,cpc,<Other>,new_session,71,71,15,2,2,1,56,13,0,1,36,3,15,1,1,96.0,21.13,13.33,100.0,50.0,1.41,6.67,78.87,86.67,0.0,50.0,96.0,1.35,96.0
2021-01-20,2021-01,3,4,mobile,<Other>,referral,(referral),new_session,129,129,28,2,2,1,101,26,1,1,43,5,9,1,1,55.0,21.71,7.14,100.0,50.0,0.78,3.57,78.29,92.86,50.0,50.0,55.0,0.43,55.0
2021-01-20,2021-01,3,4,desktop,<Other>,organic,(organic),returning_session,21,21,7,3,2,1,14,4,1,1,49,5,7,1,1,0.0,33.33,42.86,66.67,50.0,4.76,14.29,66.67,57.14,33.33,50.0,0.0,0.0,0.0
2021-01-20,2021-01,3,4,desktop,<Other>,(data deleted),(data deleted),returning_session,4,4,2,1,1,1,2,1,0,0,2,1,3,1,1,12.0,50.0,50.0,100.0,100.0,25.0,50.0,50.0,50.0,0.0,0.0,12.0,3.0,12.0
2021-01-20,2021-01,3,4,desktop,google,cpc,<Other>,new_session,103,103,22,1,1,1,81,21,1,0,38,2,3,1,1,110.0,21.36,4.55,100.0,100.0,0.97,4.55,78.64,95.45,100.0,0.0,110.0,1.07,110.0
2021-01-20,2021-01,3,4,tablet,google,organic,(organic),returning_session,8,8,1,1,1,1,7,0,0,0,19,8,3,1,1,93.0,12.5,100.0,100.0,100.0,12.5,100.0,87.5,0.0,0.0,0.0,93.0,11.63,93.0
2021-01-20,2021-01,3,4,mobile,shop.googlemerchandisestore.com,referral,(referral),new_session,65,65,16,3,1,1,49,13,2,0,35,8,15,1,1,31.0,24.62,18.75,33.33,100.0,1.54,6.25,75.38,81.25,66.67,0.0,31.0,0.48,31.0
2021-01-20,2021-01,3,4,desktop,<Other>,organic,(organic),new_session,58,58,15,5,4,2,43,10,2,2,42,10,16,2,2,176.0,25.86,33.33,80.0,50.0,3.45,13.33,74.14,66.67,40.0,50.0,88.0,3.03,88.0
2021-01-20,2021-01,3,4,mobile,google,organic,(organic),new_session,487,487,109,17,2,2,378,92,15,0,337,71,15,2,2,164.0,22.38,15.6,11.76,100.0,0.41,1.83,77.62,84.4,88.24,0.0,82.0,0.34,82.0
2021-01-20,2021-01,3,4,mobile,<Other>,referral,(referral),returning_session,63,63,19,7,2,2,44,12,6,0,149,39,12,2,2,262.0,30.16,36.84,28.57,100.0,3.17,10.53,69.84,63.16,85.71,0.0,131.0,4.16,131.0
2021-01-20,2021-01,3,4,desktop,<Other>,<Other>,<Other>,returning_session,40,40,9,5,3,3,31,4,3,0,87,28,15,3,3,285.0,22.5,55.56,60.0,100.0,7.5,33.33,77.5,44.44,60.0,0.0,95.0,7.13,95.0
2021-01-20,2021-01,3,4,desktop,(direct),(none),(direct),new_session,498,498,110,15,9,4,388,95,10,5,424,45,36,4,4,191.0,22.09,13.64,60.0,44.44,0.8,3.64,77.91,86.36,66.67,55.56,47.75,0.38,47.75
2021-01-20,2021-01,3,4,mobile,(direct),(none),(direct),new_session,328,328,70,14,7,3,258,56,9,4,267,43,63,5,4,312.0,21.34,20.0,50.0,42.86,0.91,4.29,78.66,80.0,64.29,57.14,104.0,0.95,78.0
2021-01-20,2021-01,3,4,desktop,(direct),(none),(direct),returning_session,156,156,33,12,7,5,123,21,8,2,292,49,32,5,5,195.0,21.15,36.36,58.33,71.43,3.21,15.15,78.85,63.64,66.67,28.57,39.0,1.25,39.0
2021-01-20,2021-01,3,4,mobile,shop.googlemerchandisestore.com,referral,(referral),returning_session,87,87,25,9,7,5,62,16,3,2,188,61,69,5,5,522.0,28.74,36.0,77.78,71.43,5.75,20.0,71.26,64.0,33.33,28.57,104.4,6.0,104.4
2021-01-20,2021-01,3,4,desktop,(data deleted),(data deleted),(data deleted),returning_session,154,154,39,12,7,5,115,27,7,2,320,35,30,5,5,289.0,25.32,30.77,58.33,71.43,3.25,12.82,74.68,69.23,58.33,28.57,57.8,1.88,57.8
2021-01-20,2021-01,3,4,mobile,<Other>,<Other>,<Other>,new_session,243,243,64,7,6,5,179,57,2,1,170,29,30,5,5,256.0,26.34,10.94,85.71,83.33,2.06,7.81,73.66,89.06,28.57,16.67,51.2,1.05,51.2
2021-01-20,2021-01,3,4,mobile,google,organic,(organic),returning_session,104,104,32,10,6,5,72,22,4,1,260,56,27,5,5,467.0,30.77,31.25,60.0,83.33,4.81,15.63,69.23,68.75,40.0,16.67,93.4,4.49,93.4
2021-01-20,2021-01,3,4,desktop,<Other>,referral,(referral),returning_session,77,77,25,8,6,5,52,17,4,1,171,22,32,5,5,177.0,32.47,32.0,75.0,83.33,6.49,20.0,67.53,68.0,50.0,16.67,35.4,2.3,35.4
2021-01-20,2021-01,3,4,mobile,(data deleted),(data deleted),(data deleted),returning_session,114,114,33,8,8,6,81,25,4,2,196,15,38,6,6,201.0,28.95,24.24,100.0,75.0,5.26,18.18,71.05,75.76,50.0,25.0,33.5,1.76,33.5
2021-01-20,2021-01,3,4,mobile,(direct),(none),(direct),returning_session,111,111,38,10,7,6,73,28,4,1,225,28,35,6,6,789.0,34.23,26.32,70.0,85.71,5.41,15.79,65.77,73.68,40.0,14.29,131.5,7.11,131.5
2021-01-20,2021-01,3,4,desktop,shop.googlemerchandisestore.com,referral,(referral),returning_session,106,106,29,10,7,6,77,19,3,1,262,50,35,6,6,262.0,27.36,34.48,70.0,85.71,5.66,20.69,72.64,65.52,30.0,14.29,43.67,2.47,43.67
2021-01-20,2021-01,3,4,desktop,google,organic,(organic),returning_session,168,168,53,16,13,7,115,37,10,6,276,55,78,7,7,554.0,31.55,30.19,81.25,53.85,4.17,13.21,68.45,69.81,62.5,46.15,79.14,3.3,79.14
2021-01-20,2021-01,3,4,desktop,<Other>,<Other>,<Other>,new_session,392,392,89,19,10,7,303,70,11,3,574,92,78,7,7,576.0,22.7,21.35,52.63,70.0,1.79,7.87,77.3,78.65,57.89,30.0,82.29,1.47,82.29
2021-01-20,2021-01,3,4,desktop,google,organic,(organic),new_session,702,702,175,28,10,8,527,147,20,2,541,93,70,8,8,504.0,24.93,16.0,35.71,80.0,1.14,4.57,75.07,84.0,71.43,20.0,63.0,0.72,63.0
2021-01-23,2021-01,3,7,tablet,<Other>,referral,(referral),new_session,4,4,0,0,0,0,4,0,0,0,0,0,0,0,0,0.0,0.0,,,,0.0,,100.0,,,,,0.0,
2021-01-23,2021-01,3,7,mobile,(data deleted),(data deleted),<Other>,returning_session,2,2,0,0,0,0,2,0,0,0,0,0,0,0,0,0.0,0.0,,,,0.0,,100.0,,,,,0.0,
2021-01-23,2021-01,3,7,tablet,(data deleted),(data deleted),<Other>,returning_session,1,1,0,0,0,0,1,0,0,0,0,0,0,0,0,0.0,0.0,,,,0.0,,100.0,,,,,0.0,
2021-01-23,2021-01,3,7,tablet,(data deleted),(data deleted),(data deleted),new_session,1,1,0,0,0,0,1,0,0,0,0,0,0,0,0,0.0,0.0,,,,0.0,,100.0,,,,,0.0,
2021-01-23,2021-01,3,7,mobile,google,cpc,<Other>,returning_session,2,1,0,0,0,0,1,0,0,0,0,0,0,0,0,0.0,0.0,,,,0.0,,100.0,,,,,0.0,
2021-01-23,2021-01,3,7,mobile,<Other>,(data deleted),(data deleted),returning_session,1,1,0,0,0,0,1,0,0,0,0,0,0,0,0,0.0,0.0,,,,0.0,,100.0,,,,,0.0,
2021-01-23,2021-01,3,7,tablet,<Other>,referral,(referral),returning_session,1,1,0,0,0,0,1,0,0,0,0,0,0,0,0,0.0,0.0,,,,0.0,,100.0,,,,,0.0,
2021-01-23,2021-01,3,7,tablet,shop.googlemerchandisestore.com,referral,(referral),new_session,2,2,1,0,0,0,1,1,0,0,1,0,0,0,0,0.0,50.0,0.0,,,0.0,0.0,50.0,100.0,,,,0.0,
2021-01-23,2021-01,3,7,mobile,<Other>,<Other>,<Other>,returning_session,13,13,2,0,0,0,11,2,0,0,6,0,0,0,0,0.0,15.38,0.0,,,0.0,0.0,84.62,100.0,,,,0.0,
2021-01-23,2021-01,3,7,desktop,<Other>,(data deleted),(data deleted),returning_session,2,2,1,1,0,0,1,0,1,0,62,2,0,0,0,0.0,50.0,100.0,0.0,,0.0,0.0,50.0,0.0,100.0,,,0.0,
2021-01-23,2021-01,3,7,desktop,(data deleted),(data deleted),(data deleted),new_session,1,1,1,0,0,0,0,1,0,0,2,0,0,0,0,0.0,100.0,0.0,,,0.0,0.0,0.0,100.0,,,,0.0,
2021-01-23,2021-01,3,7,mobile,<Other>,organic,(organic),new_session,30,30,5,0,0,0,25,5,0,0,13,0,0,0,0,0.0,16.67,0.0,,,0.0,0.0,83.33,100.0,,,,0.0,
2021-01-23,2021-01,3,7,mobile,<Other>,organic,(organic),returning_session,5,5,1,0,0,0,4,1,0,0,1,0,0,0,0,0.0,20.0,0.0,,,0.0,0.0,80.0,100.0,,,,0.0,
2021-01-23,2021-01,3,7,tablet,google,organic,(organic),returning_session,3,3,2,1,0,0,1,1,1,0,4,1,0,0,0,0.0,66.67,50.0,0.0,,0.0,0.0,33.33,50.0,100.0,,,0.0,
2021-01-23,2021-01,3,7,tablet,shop.googlemerchandisestore.com,referral,(referral),returning_session,2,2,1,1,0,0,1,0,1,0,3,3,0,0,0,0.0,50.0,100.0,0.0,,0.0,0.0,50.0,0.0,100.0,,,0.0,
2021-01-23,2021-01,3,7,desktop,google,cpc,<Other>,returning_session,3,3,1,0,0,0,2,1,0,0,2,0,0,0,0,0.0,33.33,0.0,,,0.0,0.0,66.67,100.0,,,,0.0,
2021-01-23,2021-01,3,7,tablet,(data deleted),(data deleted),(data deleted),returning_session,4,4,1,0,0,0,3,1,0,0,1,0,0,0,0,0.0,25.0,0.0,,,0.0,0.0,75.0,100.0,,,,0.0,
2021-01-23,2021-01,3,7,desktop,<Other>,organic,(organic),returning_session,4,4,2,1,0,0,2,1,1,0,9,3,0,0,0,0.0,50.0,50.0,0.0,,0.0,0.0,50.0,50.0,100.0,,,0.0,
2021-01-23,2021-01,3,7,desktop,google,cpc,<Other>,new_session,80,80,18,0,0,0,62,18,0,0,39,0,0,0,0,0.0,22.5,0.0,,,0.0,0.0,77.5,100.0,,,,0.0,
2021-01-23,2021-01,3,7,mobile,(data deleted),(data deleted),(data deleted),new_session,4,4,1,0,0,0,3,1,0,0,5,0,0,0,0,0.0,25.0,0.0,,,0.0,0.0,75.0,100.0,,,,0.0,
2021-01-23,2021-01,3,7,tablet,<Other>,organic,(organic),new_session,3,3,1,0,0,0,2,1,0,0,4,0,0,0,0,0.0,33.33,0.0,,,0.0,0.0,66.67,100.0,,,,0.0,
2021-01-23,2021-01,3,7,tablet,google,cpc,<Other>,new_session,4,4,4,0,0,0,0,4,0,0,5,0,0,0,0,0.0,100.0,0.0,,,0.0,0.0,0.0,100.0,,,,0.0,
2021-01-23,2021-01,3,7,tablet,<Other>,<Other>,<Other>,new_session,11,11,5,2,0,0,6,3,2,0,8,4,0,0,0,0.0,45.45,40.0,0.0,,0.0,0.0,54.55,60.0,100.0,,,0.0,
2021-01-23,2021-01,3,7,mobile,google,cpc,<Other>,new_session,58,58,8,1,0,0,50,7,1,0,13,1,0,0,0,0.0,13.79,12.5,0.0,,0.0,0.0,86.21,87.5,100.0,,,0.0,
2021-01-23,2021-01,3,7,mobile,<Other>,referral,(referral),new_session,95,95,24,2,1,0,71,22,2,1,46,2,3,0,0,0.0,25.26,8.33,50.0,0.0,0.0,0.0,74.74,91.67,100.0,100.0,,0.0,
2021-01-23,2021-01,3,7,tablet,google,organic,(organic),new_session,21,21,4,0,1,0,17,4,0,1,29,0,3,0,0,0.0,19.05,0.0,,0.0,0.0,0.0,80.95,100.0,,100.0,,0.0,
2021-01-23,2021-01,3,7,desktop,shop.googlemerchandisestore.com,referral,(referral),new_session,76,76,25,4,1,0,51,21,4,1,44,6,3,0,0,0.0,32.89,16.0,25.0,0.0,0.0,0.0,67.11,84.0,100.0,100.0,,0.0,
2021-01-23,2021-01,3,7,mobile,shop.googlemerchandisestore.com,referral,(referral),new_session,58,58,14,1,1,1,44,13,0,0,35,3,3,1,1,30.0,24.14,7.14,100.0,100.0,1.72,7.14,75.86,92.86,0.0,0.0,30.0,0.52,30.0
2021-01-23,2021-01,3,7,desktop,<Other>,organic,(organic),new_session,47,47,12,1,1,1,35,11,0,0,57,12,6,1,1,63.0,25.53,8.33,100.0,100.0,2.13,8.33,74.47,91.67,0.0,0.0,63.0,1.34,63.0
2021-01-23,2021-01,3,7,tablet,(direct),(none),(direct),new_session,10,10,2,0,1,1,8,2,0,0,52,0,18,1,1,40.0,20.0,0.0,,100.0,10.0,50.0,80.0,100.0,,0.0,40.0,4.0,40.0
2021-01-23,2021-01,3,7,tablet,(direct),(none),(direct),returning_session,3,3,1,1,1,1,2,0,0,0,1,1,3,1,1,102.0,33.33,100.0,100.0,100.0,33.33,100.0,66.67,0.0,0.0,0.0,102.0,34.0,102.0
2021-01-23,2021-01,3,7,mobile,<Other>,<Other>,<Other>,new_session,192,192,53,8,2,0,139,45,6,2,192,13,9,0,0,0.0,27.6,15.09,25.0,0.0,0.0,0.0,72.4,84.91,75.0,100.0,,0.0,
2021-01-23,2021-01,3,7,desktop,<Other>,<Other>,<Other>,returning_session,19,19,10,4,2,0,9,6,2,2,47,8,6,0,0,0.0,52.63,40.0,50.0,0.0,0.0,0.0,47.37,60.0,50.0,100.0,,0.0,
2021-01-23,2021-01,3,7,desktop,<Other>,referral,(referral),new_session,112,112,22,4,2,1,90,18,3,1,31,5,7,1,1,0.0,19.64,18.18,50.0,50.0,0.89,4.55,80.36,81.82,75.0,50.0,0.0,0.0,0.0
2021-01-23,2021-01,3,7,mobile,<Other>,referral,(referral),returning_session,39,39,11,4,2,1,28,7,2,1,28,5,12,1,1,75.0,28.21,36.36,50.0,50.0,2.56,9.09,71.79,63.64,50.0,50.0,75.0,1.92,75.0
2021-01-23,2021-01,3,7,mobile,google,organic,(organic),returning_session,54,53,15,6,2,2,38,9,4,0,89,21,12,2,2,184.0,28.3,40.0,33.33,100.0,3.7,13.33,71.7,60.0,66.67,0.0,92.0,3.41,92.0
2021-01-23,2021-01,3,7,mobile,(direct),(none),(direct),returning_session,67,67,18,6,3,2,49,12,4,1,130,10,8,2,2,99.0,26.87,33.33,50.0,66.67,2.99,11.11,73.13,66.67,66.67,33.33,49.5,1.48,49.5
2021-01-23,2021-01,3,7,desktop,shop.googlemerchandisestore.com,referral,(referral),returning_session,70,70,17,3,3,2,53,14,1,1,69,8,18,2,2,32.0,24.29,17.65,100.0,66.67,2.86,11.76,75.71,82.35,33.33,33.33,16.0,0.46,16.0
2021-01-23,2021-01,3,7,desktop,(direct),(none),(direct),new_session,335,335,58,9,4,0,277,49,8,4,201,24,15,0,0,0.0,17.31,15.52,44.44,0.0,0.0,0.0,82.69,84.48,88.89,100.0,,0.0,
2021-01-23,2021-01,3,7,mobile,google,organic,(organic),new_session,309,309,65,3,4,1,244,62,1,3,118,4,24,1,1,38.0,21.04,4.62,133.33,25.0,0.32,1.54,78.96,95.38,33.33,75.0,38.0,0.12,38.0
2021-01-23,2021-01,3,7,desktop,google,organic,(organic),returning_session,95,95,25,8,4,3,70,17,5,1,135,30,18,3,3,386.0,26.32,32.0,50.0,75.0,3.16,12.0,73.68,68.0,62.5,25.0,128.67,4.06,128.67
2021-01-23,2021-01,3,7,mobile,shop.googlemerchandisestore.com,referral,(referral),returning_session,49,49,14,5,4,2,35,9,2,2,60,7,21,2,2,26.0,28.57,35.71,80.0,50.0,4.08,14.29,71.43,64.29,40.0,50.0,13.0,0.53,13.0
2021-01-23,2021-01,3,7,mobile,(data deleted),(data deleted),(data deleted),returning_session,64,64,15,3,4,3,49,12,1,1,68,6,15,3,3,207.0,23.44,20.0,133.33,75.0,4.69,20.0,76.56,80.0,33.33,25.0,69.0,3.23,69.0
2021-01-23,2021-01,3,7,desktop,<Other>,referral,(referral),returning_session,44,44,10,5,4,3,34,5,2,1,60,15,15,3,3,87.0,22.73,50.0,80.0,75.0,6.82,30.0,77.27,50.0,40.0,25.0,29.0,1.98,29.0
2021-01-23,2021-01,3,7,desktop,(direct),(none),(direct),returning_session,79,78,22,6,5,1,56,16,3,4,102,16,18,1,1,81.0,28.21,27.27,83.33,20.0,1.27,4.55,71.79,72.73,50.0,80.0,81.0,1.03,81.0
2021-01-23,2021-01,3,7,desktop,<Other>,<Other>,<Other>,new_session,270,270,65,9,5,3,205,56,4,2,261,54,30,3,3,406.0,24.07,13.85,55.56,60.0,1.11,4.62,75.93,86.15,44.44,40.0,135.33,1.5,135.33
2021-01-23,2021-01,3,7,desktop,(data deleted),(data deleted),(data deleted),returning_session,78,77,17,7,5,4,60,10,3,1,141,40,30,4,4,358.0,22.08,41.18,71.43,80.0,5.13,23.53,77.92,58.82,42.86,20.0,89.5,4.59,89.5
2021-01-23,2021-01,3,7,mobile,(direct),(none),(direct),new_session,233,233,57,10,7,4,176,47,6,3,148,23,24,4,4,198.0,24.46,17.54,70.0,57.14,1.72,7.02,75.54,82.46,60.0,42.86,49.5,0.85,49.5
2021-01-23,2021-01,3,7,desktop,google,organic,(organic),new_session,472,472,108,12,9,5,364,96,6,4,483,45,51,5,5,188.0,22.88,11.11,75.0,55.56,1.06,4.63,77.12,88.89,50.0,44.44,37.6,0.4,37.6
2020-11-29,2020-11,48,1,mobile,<Other>,(data deleted),(data deleted),returning_session,1,1,0,0,0,0,1,0,0,0,0,0,0,0,0,0.0,0.0,,,,0.0,,100.0,,,,,0.0,
2020-11-29,2020-11,48,1,tablet,<Other>,organic,(organic),new_session,1,1,0,0,0,0,1,0,0,0,0,0,0,0,0,0.0,0.0,,,,0.0,,100.0,,,,,0.0,
2020-11-29,2020-11,48,1,desktop,google,cpc,<Other>,returning_session,5,5,0,0,0,0,5,0,0,0,0,0,0,0,0,0.0,0.0,,,,0.0,,100.0,,,,,0.0,
2020-11-29,2020-11,48,1,tablet,<Other>,referral,(referral),returning_session,1,1,0,0,0,0,1,0,0,0,0,0,0,0,0,0.0,0.0,,,,0.0,,100.0,,,,,0.0,
2020-11-29,2020-11,48,1,mobile,(data deleted),(data deleted),(data deleted),new_session,2,2,0,0,0,0,2,0,0,0,0,0,0,0,0,0.0,0.0,,,,0.0,,100.0,,,,,0.0,
2020-11-29,2020-11,48,1,desktop,(data deleted),(data deleted),(data deleted),new_session,1,1,0,0,0,0,1,0,0,0,0,0,0,0,0,0.0,0.0,,,,0.0,,100.0,,,,,0.0,
2020-11-29,2020-11,48,1,tablet,google,organic,(organic),returning_session,3,3,0,0,0,0,3,0,0,0,0,0,0,0,0,0.0,0.0,,,,0.0,,100.0,,,,,0.0,
2020-11-29,2020-11,48,1,tablet,<Other>,referral,(referral),new_session,3,3,0,0,0,0,3,0,0,0,0,0,0,0,0,0.0,0.0,,,,0.0,,100.0,,,,,0.0,
2020-11-29,2020-11,48,1,mobile,google,cpc,<Other>,returning_session,8,8,0,0,0,0,8,0,0,0,0,0,0,0,0,0.0,0.0,,,,0.0,,100.0,,,,,0.0,
2020-11-29,2020-11,48,1,tablet,<Other>,<Other>,<Other>,returning_session,1,1,1,0,0,0,0,1,0,0,1,0,0,0,0,0.0,100.0,0.0,,,0.0,0.0,0.0,100.0,,,,0.0,
2020-11-29,2020-11,48,1,mobile,<Other>,organic,(organic),new_session,36,36,5,0,0,0,31,5,0,0,6,0,0,0,0,0.0,13.89,0.0,,,0.0,0.0,86.11,100.0,,,,0.0,
2020-11-29,2020-11,48,1,tablet,shop.googlemerchandisestore.com,referral,(referral),new_session,4,4,1,0,0,0,3,1,0,0,4,0,0,0,0,0.0,25.0,0.0,,,0.0,0.0,75.0,100.0,,,,0.0,
2020-11-29,2020-11,48,1,tablet,google,cpc,<Other>,new_session,3,3,1,1,0,0,2,0,1,0,2,2,0,0,0,0.0,33.33,100.0,0.0,,0.0,0.0,66.67,0.0,100.0,,,0.0,
2020-11-29,2020-11,48,1,mobile,shop.googlemerchandisestore.com,referral,(referral),new_session,42,42,9,3,0,0,33,6,3,0,21,7,0,0,0,0.0,21.43,33.33,0.0,,0.0,0.0,78.57,66.67,100.0,,,0.0,
2020-11-29,2020-11,48,1,desktop,<Other>,organic,(organic),returning_session,12,12,1,0,0,0,11,1,0,0,1,0,0,0,0,0.0,8.33,0.0,,,0.0,0.0,91.67,100.0,,,,0.0,
2020-11-29,2020-11,48,1,tablet,google,organic,(organic),new_session,16,16,3,0,0,0,13,3,0,0,4,0,0,0,0,0.0,18.75,0.0,,,0.0,0.0,81.25,100.0,,,,0.0,
2020-11-29,2020-11,48,1,mobile,google,cpc,<Other>,new_session,40,40,4,1,0,0,36,3,1,0,9,1,0,0,0,0.0,10.0,25.0,0.0,,0.0,0.0,90.0,75.0,100.0,,,0.0,
2020-11-29,2020-11,48,1,desktop,(data deleted),(data deleted),<Other>,returning_session,4,4,1,1,0,0,3,0,1,0,12,1,0,0,0,0.0,25.0,100.0,0.0,,0.0,0.0,75.0,0.0,100.0,,,0.0,
2020-11-29,2020-11,48,1,mobile,<Other>,<Other>,<Other>,returning_session,21,21,4,2,2,0,17,2,0,2,26,9,2,0,0,0.0,19.05,50.0,100.0,0.0,0.0,0.0,80.95,50.0,0.0,100.0,,0.0,
2020-11-29,2020-11,48,1,desktop,<Other>,referral,(referral),returning_session,51,51,12,3,3,0,39,9,2,3,59,12,4,0,0,0.0,23.53,25.0,100.0,0.0,0.0,0.0,76.47,75.0,66.67,100.0,,0.0,
2020-11-29,2020-11,48,1,mobile,shop.googlemerchandisestore.com,referral,(referral),returning_session,47,47,12,4,1,0,35,8,3,1,47,9,1,0,0,0.0,25.53,33.33,25.0,0.0,0.0,0.0,74.47,66.67,75.0,100.0,,0.0,
2020-11-29,2020-11,48,1,desktop,shop.googlemerchandisestore.com,referral,(referral),new_session,71,71,20,7,1,0,51,13,6,1,66,7,1,0,0,0.0,28.17,35.0,14.29,0.0,0.0,0.0,71.83,65.0,85.71,100.0,,0.0,
2020-11-29,2020-11,48,1,tablet,(direct),(none),(direct),new_session,10,10,2,1,1,0,8,1,0,1,48,2,1,0,0,0.0,20.0,50.0,100.0,0.0,0.0,0.0,80.0,50.0,0.0,100.0,,0.0,
2020-11-29,2020-11,48,1,tablet,<Other>,<Other>,<Other>,new_session,8,8,3,2,1,0,5,1,1,1,67,17,1,0,0,0.0,37.5,66.67,50.0,0.0,0.0,0.0,62.5,33.33,50.0,100.0,,0.0,
2020-11-29,2020-11,48,1,desktop,<Other>,<Other>,<Other>,returning_session,35,35,6,3,2,0,29,3,1,2,19,8,4,0,0,0.0,17.14,50.0,66.67,0.0,0.0,0.0,82.86,50.0,33.33,100.0,,0.0,
2020-11-29,2020-11,48,1,tablet,(data deleted),(data deleted),(data deleted),returning_session,6,6,1,0,1,0,5,1,0,1,29,0,1,0,0,0.0,16.67,0.0,,0.0,0.0,0.0,83.33,100.0,,100.0,,0.0,
2020-11-29,2020-11,48,1,desktop,(direct),(none),(direct),new_session,317,317,70,28,11,1,247,42,17,10,511,63,16,1,1,60.0,22.08,40.0,39.29,9.09,0.32,1.43,77.92,60.0,60.71,90.91,60.0,0.19,60.0
2020-11-29,2020-11,48,1,mobile,(direct),(none),(direct),new_session,233,233,51,21,8,1,182,30,13,7,272,39,11,1,1,54.0,21.89,41.18,38.1,12.5,0.43,1.96,78.11,58.82,61.9,87.5,54.0,0.23,54.0
2020-11-29,2020-11,48,1,mobile,<Other>,<Other>,<Other>,new_session,189,189,33,11,6,1,156,22,5,5,156,17,11,1,1,150.0,17.46,33.33,54.55,16.67,0.53,3.03,82.54,66.67,45.45,83.33,150.0,0.79,150.0
2020-11-29,2020-11,48,1,desktop,google,organic,(organic),new_session,464,463,102,37,17,4,361,65,25,13,524,84,37,4,4,247.0,22.03,36.27,45.95,23.53,0.86,3.92,77.97,63.73,67.57,76.47,61.75,0.53,61.75
2020-11-29,2020-11,48,1,mobile,<Other>,referral,(referral),new_session,75,75,14,6,4,1,61,8,2,3,174,34,31,3,3,144.0,18.67,42.86,66.67,25.0,1.33,7.14,81.33,57.14,33.33,75.0,144.0,1.92,48.0
2020-11-29,2020-11,48,1,mobile,google,organic,(organic),new_session,340,340,78,31,16,6,262,47,17,10,455,119,20,6,6,601.0,22.94,39.74,51.61,37.5,1.76,7.69,77.06,60.26,54.84,62.5,100.17,1.77,100.17
2020-11-29,2020-11,48,1,desktop,<Other>,<Other>,<Other>,new_session,241,241,64,22,10,4,177,42,12,6,324,57,17,5,5,217.0,26.56,34.38,45.45,40.0,1.66,6.25,73.44,65.63,54.55,60.0,54.25,0.9,43.4
2020-11-29,2020-11,48,1,desktop,google,cpc,<Other>,new_session,74,74,17,5,2,1,57,12,4,1,129,17,2,1,1,233.0,22.97,29.41,40.0,50.0,1.35,5.88,77.03,70.59,80.0,50.0,233.0,3.15,233.0
2020-11-29,2020-11,48,1,desktop,<Other>,organic,(organic),new_session,42,42,10,4,2,1,32,6,2,1,78,21,2,1,1,63.0,23.81,40.0,50.0,50.0,2.38,10.0,76.19,60.0,50.0,50.0,63.0,1.5,63.0
2020-11-29,2020-11,48,1,mobile,(direct),(none),(direct),returning_session,78,78,18,10,4,2,60,8,6,2,139,50,8,2,2,70.0,23.08,55.56,40.0,50.0,2.56,11.11,76.92,44.44,60.0,50.0,35.0,0.9,35.0
2020-11-29,2020-11,48,1,desktop,<Other>,referral,(referral),new_session,141,141,34,11,3,2,107,23,8,1,234,48,8,2,2,37.0,24.11,32.35,27.27,66.67,1.42,5.88,75.89,67.65,72.73,33.33,18.5,0.26,18.5
2020-11-29,2020-11,48,1,desktop,google,organic,(organic),returning_session,90,90,20,7,3,2,70,13,4,1,72,11,5,2,2,79.0,22.22,35.0,42.86,66.67,2.22,10.0,77.78,65.0,57.14,33.33,39.5,0.88,39.5
2020-11-29,2020-11,48,1,desktop,(data deleted),(data deleted),(data deleted),returning_session,111,111,27,12,7,5,84,15,5,2,165,34,17,5,5,237.0,24.32,44.44,58.33,71.43,4.5,18.52,75.68,55.56,41.67,28.57,47.4,2.14,47.4
2020-11-29,2020-11,48,1,mobile,google,organic,(organic),returning_session,84,84,15,5,4,3,69,10,1,1,77,40,12,3,3,215.0,17.86,33.33,80.0,75.0,3.57,20.0,82.14,66.67,20.0,25.0,71.67,2.56,71.67
2020-11-29,2020-11,48,1,mobile,(data deleted),(data deleted),(data deleted),returning_session,83,83,20,9,5,4,63,11,4,1,110,32,17,4,4,154.0,24.1,45.0,55.56,80.0,4.82,20.0,75.9,55.0,44.44,20.0,38.5,1.86,38.5
2020-11-29,2020-11,48,1,desktop,shop.googlemerchandisestore.com,referral,(referral),returning_session,93,93,18,9,5,4,75,9,4,1,114,38,13,4,4,528.0,19.35,50.0,55.56,80.0,4.3,22.22,80.65,50.0,44.44,20.0,132.0,5.68,132.0
2020-11-29,2020-11,48,1,desktop,<Other>,(data deleted),(data deleted),returning_session,3,3,0,0,1,1,3,0,0,0,0,0,2,1,1,24.0,0.0,,,100.0,33.33,,100.0,,,0.0,24.0,8.0,24.0
2020-11-29,2020-11,48,1,mobile,<Other>,referral,(referral),returning_session,38,38,7,3,1,1,31,4,2,0,72,14,1,1,1,61.0,18.42,42.86,33.33,100.0,2.63,14.29,81.58,57.14,66.67,0.0,61.0,1.61,61.0
2020-11-29,2020-11,48,1,desktop,(direct),(none),(direct),returning_session,109,108,20,5,3,3,88,15,2,0,133,46,12,3,3,463.0,18.52,25.0,60.0,100.0,2.75,15.0,81.48,75.0,40.0,0.0,154.33,4.25,154.33
2020-11-29,2020-11,48,1,tablet,shop.googlemerchandisestore.com,referral,(referral),returning_session,3,3,2,2,1,1,1,0,1,0,12,12,2,1,1,243.0,66.67,100.0,50.0,100.0,33.33,50.0,33.33,0.0,50.0,0.0,243.0,81.0,243.0
2020-11-29,2020-11,48,1,tablet,(direct),(none),(direct),returning_session,6,6,1,1,1,1,5,0,0,0,5,1,1,1,1,34.0,16.67,100.0,100.0,100.0,16.67,100.0,83.33,0.0,0.0,0.0,34.0,5.67,34.0
2020-11-29,2020-11,48,1,mobile,<Other>,organic,(organic),returning_session,7,7,1,0,1,1,6,1,0,0,3,0,1,1,1,24.0,14.29,0.0,,100.0,14.29,100.0,85.71,100.0,,0.0,24.0,3.43,24.0
2020-12-13,2020-12,50,1,mobile,<Other>,(data deleted),(data deleted),returning_session,1,1,0,0,0,0,1,0,0,0,0,0,0,0,0,0.0,0.0,,,,0.0,,100.0,,,,,0.0,
2020-12-13,2020-12,50,1,mobile,google,cpc,<Other>,returning_session,2,2,0,0,0,0,2,0,0,0,0,0,0,0,0,0.0,0.0,,,,0.0,,100.0,,,,,0.0,
2020-12-13,2020-12,50,1,tablet,google,cpc,<Other>,new_session,3,3,0,0,0,0,3,0,0,0,0,0,0,0,0,0.0,0.0,,,,0.0,,100.0,,,,,0.0,
2020-12-13,2020-12,50,1,tablet,shop.googlemerchandisestore.com,referral,(referral),returning_session,1,1,0,0,0,0,1,0,0,0,0,0,0,0,0,0.0,0.0,,,,0.0,,100.0,,,,,0.0,
2020-12-13,2020-12,50,1,tablet,<Other>,referral,(referral),new_session,2,2,0,0,0,0,2,0,0,0,0,0,0,0,0,0.0,0.0,,,,0.0,,100.0,,,,,0.0,
2020-12-13,2020-12,50,1,mobile,(data deleted),(data deleted),(data deleted),new_session,2,2,0,0,0,0,2,0,0,0,0,0,0,0,0,0.0,0.0,,,,0.0,,100.0,,,,,0.0,
2020-12-13,2020-12,50,1,tablet,<Other>,referral,(referral),returning_session,1,1,0,0,0,0,1,0,0,0,0,0,0,0,0,0.0,0.0,,,,0.0,,100.0,,,,,0.0,
2020-12-13,2020-12,50,1,tablet,(data deleted),(data deleted),(data deleted),returning_session,2,2,0,0,0,0,2,0,0,0,0,0,0,0,0,0.0,0.0,,,,0.0,,100.0,,,,,0.0,
2020-12-13,2020-12,50,1,tablet,google,organic,(organic),returning_session,6,6,0,0,0,0,6,0,0,0,0,0,0,0,0,0.0,0.0,,,,0.0,,100.0,,,,,0.0,
2020-12-13,2020-12,50,1,tablet,shop.googlemerchandisestore.com,referral,(referral),new_session,3,3,0,0,0,0,3,0,0,0,0,0,0,0,0,0.0,0.0,,,,0.0,,100.0,,,,,0.0,
2020-12-13,2020-12,50,1,tablet,(direct),(none),(direct),returning_session,6,6,2,0,0,0,4,2,0,0,18,0,0,0,0,0.0,33.33,0.0,,,0.0,0.0,66.67,100.0,,,,0.0,
2020-12-13,2020-12,50,1,desktop,google,cpc,<Other>,returning_session,7,7,1,0,0,0,6,1,0,0,11,0,0,0,0,0.0,14.29,0.0,,,0.0,0.0,85.71,100.0,,,,0.0,
2020-12-13,2020-12,50,1,desktop,(data deleted),(data deleted),<Other>,returning_session,3,3,1,1,0,0,2,0,1,0,6,4,0,0,0,0.0,33.33,100.0,0.0,,0.0,0.0,66.67,0.0,100.0,,,0.0,
2020-12-13,2020-12,50,1,tablet,<Other>,<Other>,<Other>,new_session,16,16,1,0,0,0,15,1,0,0,1,0,0,0,0,0.0,6.25,0.0,,,0.0,0.0,93.75,100.0,,,,0.0,
2020-12-13,2020-12,50,1,desktop,shop.googlemerchandisestore.com,referral,(referral),new_session,74,74,6,2,0,0,68,4,2,0,23,6,0,0,0,0.0,8.11,33.33,0.0,,0.0,0.0,91.89,66.67,100.0,,,0.0,
2020-12-13,2020-12,50,1,mobile,<Other>,organic,(organic),returning_session,4,4,1,0,0,0,3,1,0,0,3,0,0,0,0,0.0,25.0,0.0,,,0.0,0.0,75.0,100.0,,,,0.0,
2020-12-13,2020-12,50,1,desktop,(data deleted),(data deleted),(data deleted),new_session,3,2,1,1,0,0,1,0,1,0,15,5,0,0,0,0.0,50.0,100.0,0.0,,0.0,0.0,50.0,0.0,100.0,,,0.0,
2020-12-13,2020-12,50,1,tablet,(direct),(none),(direct),new_session,12,11,2,0,0,0,9,2,0,0,2,0,0,0,0,0.0,18.18,0.0,,,0.0,0.0,81.82,100.0,,,,0.0,
2020-12-13,2020-12,50,1,tablet,<Other>,organic,(organic),new_session,3,3,1,0,0,0,2,1,0,0,4,0,0,0,0,0.0,33.33,0.0,,,0.0,0.0,66.67,100.0,,,,0.0,
2020-12-13,2020-12,50,1,desktop,<Other>,referral,(referral),returning_session,37,37,4,1,0,0,33,3,1,0,36,21,0,0,0,0.0,10.81,25.0,0.0,,0.0,0.0,89.19,75.0,100.0,,,0.0,
2020-12-13,2020-12,50,1,desktop,google,cpc,<Other>,new_session,88,88,13,5,3,0,75,8,3,3,102,8,6,0,0,0.0,14.77,38.46,60.0,0.0,0.0,0.0,85.23,61.54,60.0,100.0,,0.0,
2020-12-13,2020-12,50,1,desktop,<Other>,organic,(organic),new_session,54,54,15,4,1,0,39,11,3,1,86,12,2,0,0,0.0,27.78,26.67,25.0,0.0,0.0,0.0,72.22,73.33,75.0,100.0,,0.0,
2020-12-13,2020-12,50,1,mobile,<Other>,organic,(organic),new_session,42,42,10,3,1,0,32,7,2,1,20,5,2,0,0,0.0,23.81,30.0,33.33,0.0,0.0,0.0,76.19,70.0,66.67,100.0,,0.0,
2020-12-13,2020-12,50,1,mobile,<Other>,referral,(referral),new_session,107,107,21,7,5,0,86,14,2,5,175,15,10,0,0,0.0,19.63,33.33,71.43,0.0,0.0,0.0,80.37,66.67,28.57,100.0,,0.0,
2020-12-13,2020-12,50,1,tablet,google,organic,(organic),new_session,21,21,3,3,2,0,18,0,1,2,14,7,4,0,0,0.0,14.29,100.0,66.67,0.0,0.0,0.0,85.71,0.0,33.33,100.0,,0.0,
2020-12-13,2020-12,50,1,mobile,google,organic,(organic),new_session,431,431,79,20,10,3,352,59,12,7,423,69,34,3,3,221.0,18.33,25.32,50.0,30.0,0.7,3.8,81.67,74.68,60.0,70.0,73.67,0.51,73.67
2020-12-13,2020-12,50,1,desktop,<Other>,<Other>,<Other>,new_session,275,275,52,16,9,2,223,36,7,7,265,56,26,2,2,96.0,18.91,30.77,56.25,22.22,0.73,3.85,81.09,69.23,43.75,77.78,48.0,0.35,48.0
2020-12-13,2020-12,50,1,desktop,(direct),(none),(direct),new_session,402,401,64,23,9,3,337,41,15,6,372,67,20,3,3,136.0,15.96,35.94,39.13,33.33,0.75,4.69,84.04,64.06,65.22,66.67,45.33,0.34,45.33
2020-12-13,2020-12,50,1,desktop,(direct),(none),(direct),returning_session,112,112,37,12,3,2,75,25,11,1,146,25,8,2,2,132.0,33.04,32.43,25.0,66.67,1.79,5.41,66.96,67.57,91.67,33.33,66.0,1.18,66.0
2020-12-13,2020-12,50,1,desktop,google,organic,(organic),new_session,591,591,107,45,21,6,484,62,24,15,710,131,50,6,6,395.0,18.1,42.06,46.67,28.57,1.02,5.61,81.9,57.94,53.33,71.43,65.83,0.67,65.83
2020-12-13,2020-12,50,1,mobile,(direct),(none),(direct),new_session,277,277,46,15,7,3,231,31,9,4,216,24,14,3,3,147.0,16.61,32.61,46.67,42.86,1.08,6.52,83.39,67.39,60.0,57.14,49.0,0.53,49.0
2020-12-13,2020-12,50,1,mobile,<Other>,<Other>,<Other>,new_session,209,209,42,14,10,3,167,28,4,7,218,26,26,3,3,53.0,20.1,33.33,71.43,30.0,1.44,7.14,79.9,66.67,28.57,70.0,17.67,0.25,17.67
2020-12-13,2020-12,50,1,mobile,google,cpc,<Other>,new_session,66,66,13,6,3,1,53,7,3,2,149,9,6,1,1,95.0,19.7,46.15,50.0,33.33,1.52,7.69,80.3,53.85,50.0,66.67,95.0,1.44,95.0
2020-12-13,2020-12,50,1,desktop,<Other>,referral,(referral),new_session,160,160,37,12,7,3,123,25,6,4,267,33,28,3,3,205.0,23.13,32.43,58.33,42.86,1.88,8.11,76.88,67.57,50.0,57.14,68.33,1.28,68.33
2020-12-13,2020-12,50,1,mobile,(direct),(none),(direct),returning_session,63,63,15,6,3,2,48,9,3,1,67,23,10,2,2,76.0,23.81,40.0,50.0,66.67,3.17,13.33,76.19,60.0,50.0,33.33,38.0,1.21,38.0
2020-12-13,2020-12,50,1,mobile,shop.googlemerchandisestore.com,referral,(referral),returning_session,40,40,7,4,1,1,33,3,3,0,55,20,4,1,1,50.0,17.5,57.14,25.0,100.0,2.5,14.29,82.5,42.86,75.0,0.0,50.0,1.25,50.0
2020-12-13,2020-12,50,1,mobile,shop.googlemerchandisestore.com,referral,(referral),new_session,49,49,12,5,4,2,37,7,1,2,143,19,12,3,3,211.0,24.49,41.67,80.0,50.0,4.08,16.67,75.51,58.33,20.0,50.0,105.5,4.31,70.33
2020-12-13,2020-12,50,1,desktop,shop.googlemerchandisestore.com,referral,(referral),returning_session,74,74,23,7,5,4,51,16,4,1,180,52,28,7,7,319.0,31.08,30.43,71.43,80.0,5.41,17.39,68.92,69.57,57.14,20.0,79.75,4.31,45.57
2020-12-13,2020-12,50,1,desktop,google,organic,(organic),returning_session,113,113,26,10,5,5,87,16,5,0,215,115,26,5,5,730.0,23.01,38.46,50.0,100.0,4.42,19.23,76.99,61.54,50.0,0.0,146.0,6.46,146.0
2020-12-13,2020-12,50,1,desktop,(data deleted),(data deleted),(data deleted),returning_session,101,101,19,5,4,4,82,14,2,0,168,43,18,7,7,643.0,18.81,26.32,80.0,100.0,3.96,21.05,81.19,73.68,40.0,0.0,160.75,6.37,91.86
2020-12-13,2020-12,50,1,mobile,<Other>,referral,(referral),returning_session,36,36,9,4,2,2,27,5,2,0,67,26,6,2,2,145.0,25.0,44.44,50.0,100.0,5.56,22.22,75.0,55.56,50.0,0.0,72.5,4.03,72.5
2020-12-13,2020-12,50,1,desktop,<Other>,organic,(organic),returning_session,16,16,4,2,1,1,12,2,1,0,17,10,2,1,1,54.0,25.0,50.0,50.0,100.0,6.25,25.0,75.0,50.0,50.0,0.0,54.0,3.38,54.0
2020-12-13,2020-12,50,1,mobile,(data deleted),(data deleted),(data deleted),returning_session,61,61,16,11,5,4,45,5,6,1,102,41,42,7,7,187.0,26.23,68.75,45.45,80.0,6.56,25.0,73.77,31.25,54.55,20.0,46.75,3.07,26.71
2020-12-13,2020-12,50,1,mobile,google,organic,(organic),returning_session,74,74,15,6,6,5,59,9,1,1,78,38,17,5,5,122.0,20.27,40.0,100.0,83.33,6.76,33.33,79.73,60.0,16.67,16.67,24.4,1.65,24.4
2020-12-13,2020-12,50,1,mobile,<Other>,<Other>,<Other>,returning_session,20,20,4,3,2,2,16,1,2,0,60,15,6,2,2,231.0,20.0,75.0,66.67,100.0,10.0,50.0,80.0,25.0,66.67,0.0,115.5,11.55,115.5
2020-12-13,2020-12,50,1,desktop,<Other>,<Other>,<Other>,returning_session,29,29,10,3,6,5,19,7,2,1,81,13,16,6,6,173.0,34.48,30.0,200.0,83.33,17.24,50.0,65.52,70.0,66.67,16.67,34.6,5.97,28.83
2021-01-28,2021-01,4,5,desktop,(data deleted),(data deleted),<Other>,returning_session,2,2,0,0,0,0,2,0,0,0,0,0,0,0,0,0.0,0.0,,,,0.0,,100.0,,,,,0.0,
2021-01-28,2021-01,4,5,mobile,<Other>,(data deleted),(data deleted),new_session,1,1,0,0,0,0,1,0,0,0,0,0,0,0,0,0.0,0.0,,,,0.0,,100.0,,,,,0.0,
2021-01-28,2021-01,4,5,mobile,<Other>,(data deleted),(data deleted),returning_session,1,1,0,0,0,0,1,0,0,0,0,0,0,0,0,0.0,0.0,,,,0.0,,100.0,,,,,0.0,
2021-01-28,2021-01,4,5,desktop,<Other>,(data deleted),(data deleted),returning_session,3,3,0,0,0,0,3,0,0,0,0,0,0,0,0,0.0,0.0,,,,0.0,,100.0,,,,,0.0,
2021-01-28,2021-01,4,5,tablet,<Other>,organic,(organic),returning_session,1,1,0,0,0,0,1,0,0,0,0,0,0,0,0,0.0,0.0,,,,0.0,,100.0,,,,,0.0,
2021-01-28,2021-01,4,5,tablet,<Other>,referral,(referral),returning_session,2,2,1,1,0,0,1,0,1,0,1,1,0,0,0,0.0,50.0,100.0,0.0,,0.0,0.0,50.0,0.0,100.0,,,0.0,
2021-01-28,2021-01,4,5,mobile,<Other>,<Other>,<Other>,returning_session,26,26,10,4,0,0,16,6,4,0,35,9,0,0,0,0.0,38.46,40.0,0.0,,0.0,0.0,61.54,60.0,100.0,,,0.0,
2021-01-28,2021-01,4,5,mobile,<Other>,organic,(organic),returning_session,9,9,3,1,0,0,6,2,1,0,8,1,0,0,0,0.0,33.33,33.33,0.0,,0.0,0.0,66.67,66.67,100.0,,,0.0,
2021-01-28,2021-01,4,5,tablet,<Other>,referral,(referral),new_session,5,5,1,0,0,0,4,1,0,0,1,0,0,0,0,0.0,20.0,0.0,,,0.0,0.0,80.0,100.0,,,,0.0,
2021-01-28,2021-01,4,5,tablet,shop.googlemerchandisestore.com,referral,(referral),new_session,5,5,2,0,0,0,3,2,0,0,4,0,0,0,0,0.0,40.0,0.0,,,0.0,0.0,60.0,100.0,,,,0.0,
2021-01-28,2021-01,4,5,desktop,<Other>,organic,(organic),returning_session,8,8,2,0,0,0,6,2,0,0,2,0,0,0,0,0.0,25.0,0.0,,,0.0,0.0,75.0,100.0,,,,0.0,
2021-01-28,2021-01,4,5,tablet,google,organic,(organic),new_session,17,17,3,0,0,0,14,3,0,0,3,0,0,0,0,0.0,17.65,0.0,,,0.0,0.0,82.35,100.0,,,,0.0,
2021-01-28,2021-01,4,5,desktop,google,cpc,<Other>,returning_session,5,5,1,1,0,0,4,0,1,0,5,2,0,0,0,0.0,20.0,100.0,0.0,,0.0,0.0,80.0,0.0,100.0,,,0.0,
2021-01-28,2021-01,4,5,tablet,<Other>,<Other>,<Other>,returning_session,1,1,1,1,0,0,0,0,1,0,6,2,0,0,0,0.0,100.0,100.0,0.0,,0.0,0.0,0.0,0.0,100.0,,,0.0,
2021-01-28,2021-01,4,5,tablet,<Other>,<Other>,<Other>,new_session,10,10,4,0,0,0,6,4,0,0,6,0,0,0,0,0.0,40.0,0.0,,,0.0,0.0,60.0,100.0,,,,0.0,
2021-01-28,2021-01,4,5,desktop,(data deleted),(data deleted),(data deleted),new_session,8,6,4,0,0,0,3,4,0,0,5,0,0,0,0,0.0,66.67,0.0,,,0.0,0.0,50.0,100.0,,,,0.0,
2021-01-28,2021-01,4,5,desktop,shop.googlemerchandisestore.com,referral,(referral),new_session,104,103,29,3,0,0,74,26,3,0,71,7,0,0,0,0.0,28.16,10.34,0.0,,0.0,0.0,71.84,89.66,100.0,,,0.0,
2021-01-28,2021-01,4,5,tablet,(direct),(none),(direct),new_session,14,14,6,0,0,0,8,6,0,0,9,0,0,0,0,0.0,42.86,0.0,,,0.0,0.0,57.14,100.0,,,,0.0,
2021-01-28,2021-01,4,5,mobile,(data deleted),(data deleted),(data deleted),new_session,9,9,2,0,0,0,7,2,0,0,4,0,0,0,0,0.0,22.22,0.0,,,0.0,0.0,77.78,100.0,,,,0.0,
2021-01-28,2021-01,4,5,tablet,<Other>,organic,(organic),new_session,3,3,1,0,0,0,2,1,0,0,1,0,0,0,0,0.0,33.33,0.0,,,0.0,0.0,66.67,100.0,,,,0.0,
2021-01-28,2021-01,4,5,tablet,shop.googlemerchandisestore.com,referral,(referral),returning_session,6,6,2,0,0,0,4,2,0,0,4,0,0,0,0,0.0,33.33,0.0,,,0.0,0.0,66.67,100.0,,,,0.0,
2021-01-28,2021-01,4,5,mobile,google,cpc,<Other>,returning_session,10,10,1,0,0,0,9,1,0,0,1,0,0,0,0,0.0,10.0,0.0,,,0.0,0.0,90.0,100.0,,,,0.0,
2021-01-28,2021-01,4,5,desktop,<Other>,organic,(organic),new_session,59,59,9,1,0,0,50,8,1,0,16,1,0,0,0,0.0,15.25,11.11,0.0,,0.0,0.0,84.75,88.89,100.0,,,0.0,
2021-01-28,2021-01,4,5,tablet,google,cpc,<Other>,new_session,2,2,1,0,0,0,1,1,0,0,2,0,0,0,0,0.0,50.0,0.0,,,0.0,0.0,50.0,100.0,,,,0.0,
2021-01-28,2021-01,4,5,tablet,google,organic,(organic),returning_session,5,5,2,1,1,0,3,1,0,1,19,4,8,0,0,0.0,40.0,50.0,100.0,0.0,0.0,0.0,60.0,50.0,0.0,100.0,,0.0,
2021-01-28,2021-01,4,5,mobile,<Other>,referral,(referral),new_session,111,111,22,3,2,0,89,19,1,2,29,4,4,0,0,0.0,19.82,13.64,66.67,0.0,0.0,0.0,80.18,86.36,33.33,100.0,,0.0,
2021-01-28,2021-01,4,5,mobile,shop.googlemerchandisestore.com,referral,(referral),new_session,63,62,22,3,1,0,40,19,3,1,52,15,3,0,0,0.0,35.48,13.64,33.33,0.0,0.0,0.0,64.52,86.36,100.0,100.0,,0.0,
2021-01-28,2021-01,4,5,desktop,google,cpc,<Other>,new_session,91,91,24,3,2,0,67,21,2,2,54,3,5,0,0,0.0,26.37,12.5,66.67,0.0,0.0,0.0,73.63,87.5,66.67,100.0,,0.0,
2021-01-28,2021-01,4,5,mobile,<Other>,<Other>,<Other>,new_session,218,218,47,4,1,0,171,43,3,1,124,4,3,0,0,0.0,21.56,8.51,25.0,0.0,0.0,0.0,78.44,91.49,75.0,100.0,,0.0,
2021-01-28,2021-01,4,5,desktop,<Other>,referral,(referral),returning_session,88,88,16,3,4,1,72,13,3,3,54,5,15,1,1,0.0,18.18,18.75,133.33,25.0,1.14,6.25,81.82,81.25,100.0,75.0,0.0,0.0,0.0
2021-01-28,2021-01,4,5,mobile,google,cpc,<Other>,new_session,63,63,15,5,4,1,48,10,1,3,100,18,9,1,1,0.0,23.81,33.33,80.0,25.0,1.59,6.67,76.19,66.67,20.0,75.0,0.0,0.0,0.0
2021-01-28,2021-01,4,5,desktop,(direct),(none),(direct),new_session,450,450,110,18,6,2,340,93,15,4,364,37,18,2,2,0.0,24.44,16.36,33.33,33.33,0.44,1.82,75.56,84.55,83.33,66.67,0.0,0.0,0.0
2021-01-28,2021-01,4,5,desktop,<Other>,<Other>,<Other>,new_session,307,307,72,11,2,1,235,61,10,1,238,43,9,1,1,0.0,23.45,15.28,18.18,50.0,0.33,1.39,76.55,84.72,90.91,50.0,0.0,0.0,0.0
2021-01-28,2021-01,4,5,desktop,google,organic,(organic),new_session,583,583,141,10,4,2,442,131,6,2,405,15,10,2,2,13.0,24.19,7.09,40.0,50.0,0.34,1.42,75.81,92.91,60.0,50.0,6.5,0.02,6.5
2021-01-28,2021-01,4,5,desktop,google,organic,(organic),returning_session,129,127,30,12,4,2,98,18,8,2,93,20,11,2,2,78.0,23.62,40.0,33.33,50.0,1.55,6.67,77.17,60.0,66.67,50.0,39.0,0.6,39.0
2021-01-28,2021-01,4,5,mobile,(direct),(none),(direct),returning_session,109,109,27,10,8,4,82,17,5,4,113,28,32,4,4,0.0,24.77,37.04,80.0,50.0,3.67,14.81,75.23,62.96,50.0,50.0,0.0,0.0,0.0
2021-01-28,2021-01,4,5,mobile,shop.googlemerchandisestore.com,referral,(referral),returning_session,78,78,21,9,7,4,57,12,3,3,111,31,58,15,4,0.0,26.92,42.86,77.78,57.14,5.13,19.05,73.08,57.14,33.33,42.86,0.0,0.0,0.0
2021-01-28,2021-01,4,5,mobile,google,organic,(organic),new_session,410,410,84,5,3,2,326,79,4,1,208,30,12,2,2,0.0,20.49,5.95,60.0,66.67,0.49,2.38,79.51,94.05,80.0,33.33,0.0,0.0,0.0
2021-01-28,2021-01,4,5,mobile,google,organic,(organic),returning_session,97,97,24,5,6,4,73,19,1,2,102,11,16,4,4,0.0,24.74,20.83,120.0,66.67,4.12,16.67,75.26,79.17,20.0,33.33,0.0,0.0,0.0
2021-01-28,2021-01,4,5,mobile,(data deleted),(data deleted),(data deleted),returning_session,102,102,27,11,6,5,75,16,6,1,158,23,25,5,5,19.0,26.47,40.74,54.55,83.33,4.9,18.52,73.53,59.26,54.55,16.67,3.8,0.19,3.8
2021-01-28,2021-01,4,5,desktop,(data deleted),(data deleted),(data deleted),returning_session,154,153,49,18,7,6,104,31,12,1,171,44,28,6,6,0.0,32.03,36.73,38.89,85.71,3.9,12.24,67.97,63.27,66.67,14.29,0.0,0.0,0.0
2021-01-28,2021-01,4,5,desktop,<Other>,referral,(referral),new_session,157,157,37,6,1,1,120,31,5,0,108,22,2,1,1,0.0,23.57,16.22,16.67,100.0,0.64,2.7,76.43,83.78,83.33,0.0,0.0,0.0,0.0
2021-01-28,2021-01,4,5,mobile,(direct),(none),(direct),new_session,284,284,73,7,2,2,211,66,6,0,136,12,7,2,2,4.0,25.7,9.59,28.57,100.0,0.7,2.74,74.3,90.41,85.71,0.0,2.0,0.01,2.0
2021-01-28,2021-01,4,5,desktop,shop.googlemerchandisestore.com,referral,(referral),returning_session,114,114,27,7,2,2,87,20,5,0,96,9,4,2,2,0.0,23.68,25.93,28.57,100.0,1.75,7.41,76.32,74.07,71.43,0.0,0.0,0.0,0.0
2021-01-28,2021-01,4,5,desktop,(direct),(none),(direct),returning_session,159,159,41,12,5,5,118,29,8,0,247,38,13,5,5,14.0,25.79,29.27,41.67,100.0,3.14,12.2,74.21,70.73,66.67,0.0,2.8,0.09,2.8
2021-01-28,2021-01,4,5,mobile,<Other>,organic,(organic),new_session,40,40,7,2,1,1,33,5,1,0,17,4,4,3,1,0.0,17.5,28.57,50.0,100.0,2.5,14.29,82.5,71.43,50.0,0.0,0.0,0.0,0.0
2021-01-28,2021-01,4,5,mobile,<Other>,referral,(referral),returning_session,52,52,16,6,3,3,36,10,3,0,79,18,12,3,3,0.0,30.77,37.5,50.0,100.0,5.77,18.75,69.23,62.5,50.0,0.0,0.0,0.0,0.0
2021-01-28,2021-01,4,5,desktop,<Other>,<Other>,<Other>,returning_session,37,37,12,5,5,5,25,7,1,0,40,11,14,5,5,0.0,32.43,41.67,100.0,100.0,13.51,41.67,67.57,58.33,20.0,0.0,0.0,0.0,0.0
2021-01-28,2021-01,4,5,tablet,(data deleted),(data deleted),(data deleted),returning_session,2,2,1,0,1,1,1,1,0,0,7,0,2,1,1,0.0,50.0,0.0,,100.0,50.0,100.0,50.0,100.0,,0.0,0.0,0.0,0.0
2021-01-28,2021-01,4,5,tablet,(direct),(none),(direct),returning_session,2,2,1,1,1,1,1,0,0,0,7,5,2,1,1,0.0,50.0,100.0,100.0,100.0,50.0,100.0,50.0,0.0,0.0,0.0,0.0,0.0,0.0
2020-12-30,2020-12,52,4,mobile,google,cpc,<Other>,new_session,42,42,2,0,0,0,40,2,0,0,10,0,0,0,0,0.0,4.76,0.0,,,0.0,0.0,95.24,100.0,,,,0.0,
2020-12-30,2020-12,52,4,tablet,(data deleted),(data deleted),(data deleted),returning_session,5,5,2,0,0,0,3,2,0,0,9,0,0,0,0,0.0,40.0,0.0,,,0.0,0.0,60.0,100.0,,,,0.0,
2020-12-30,2020-12,52,4,desktop,google,<Other>,<Other>,new_session,1,1,0,0,0,0,1,0,0,0,0,0,0,0,0,0.0,0.0,,,,0.0,,100.0,,,,,0.0,
2020-12-30,2020-12,52,4,tablet,(direct),(none),(direct),new_session,10,10,1,0,0,0,9,1,0,0,2,0,0,0,0,0.0,10.0,0.0,,,0.0,0.0,90.0,100.0,,,,0.0,
2020-12-30,2020-12,52,4,tablet,<Other>,referral,(referral),returning_session,3,3,1,0,0,0,2,1,0,0,1,0,0,0,0,0.0,33.33,0.0,,,0.0,0.0,66.67,100.0,,,,0.0,
2020-12-30,2020-12,52,4,tablet,(data deleted),(data deleted),(data deleted),new_session,1,1,1,0,0,0,0,1,0,0,1,0,0,0,0,0.0,100.0,0.0,,,0.0,0.0,0.0,100.0,,,,0.0,
2020-12-30,2020-12,52,4,tablet,google,cpc,<Other>,new_session,6,6,2,0,0,0,4,2,0,0,5,0,0,0,0,0.0,33.33,0.0,,,0.0,0.0,66.67,100.0,,,,0.0,
2020-12-30,2020-12,52,4,tablet,<Other>,organic,(organic),returning_session,1,1,1,0,0,0,0,1,0,0,1,0,0,0,0,0.0,100.0,0.0,,,0.0,0.0,0.0,100.0,,,,0.0,
2020-12-30,2020-12,52,4,desktop,(data deleted),(data deleted),(data deleted),new_session,4,4,0,0,0,0,4,0,0,0,0,0,0,0,0,0.0,0.0,,,,0.0,,100.0,,,,,0.0,
2020-12-30,2020-12,52,4,mobile,<Other>,organic,(organic),returning_session,4,4,1,0,0,0,3,1,0,0,6,0,0,0,0,0.0,25.0,0.0,,,0.0,0.0,75.0,100.0,,,,0.0,
2020-12-30,2020-12,52,4,tablet,<Other>,referral,(referral),new_session,4,4,1,0,0,0,3,1,0,0,1,0,0,0,0,0.0,25.0,0.0,,,0.0,0.0,75.0,100.0,,,,0.0,
2020-12-30,2020-12,52,4,tablet,<Other>,<Other>,<Other>,returning_session,1,1,0,0,0,0,1,0,0,0,0,0,0,0,0,0.0,0.0,,,,0.0,,100.0,,,,,0.0,
2020-12-30,2020-12,52,4,desktop,<Other>,(data deleted),(data deleted),new_session,1,1,1,0,0,0,0,1,0,0,1,0,0,0,0,0.0,100.0,0.0,,,0.0,0.0,0.0,100.0,,,,0.0,
2020-12-30,2020-12,52,4,mobile,(data deleted),(data deleted),<Other>,returning_session,1,1,0,0,0,0,1,0,0,0,0,0,0,0,0,0.0,0.0,,,,0.0,,100.0,,,,,0.0,
2020-12-30,2020-12,52,4,tablet,(direct),(none),(direct),returning_session,4,4,0,0,0,0,4,0,0,0,0,0,0,0,0,0.0,0.0,,,,0.0,,100.0,,,,,0.0,
2020-12-30,2020-12,52,4,desktop,<Other>,organic,(organic),returning_session,10,10,2,0,0,0,8,2,0,0,9,0,0,0,0,0.0,20.0,0.0,,,0.0,0.0,80.0,100.0,,,,0.0,
2020-12-30,2020-12,52,4,tablet,<Other>,organic,(organic),new_session,5,5,1,0,0,0,4,1,0,0,1,0,0,0,0,0.0,20.0,0.0,,,0.0,0.0,80.0,100.0,,,,0.0,
2020-12-30,2020-12,52,4,desktop,<Other>,referral,(referral),new_session,174,174,20,3,0,0,154,17,3,0,41,5,0,0,0,0.0,11.49,15.0,0.0,,0.0,0.0,88.51,85.0,100.0,,,0.0,
2020-12-30,2020-12,52,4,mobile,<Other>,<Other>,<Other>,new_session,158,158,21,2,0,0,137,19,2,0,71,6,0,0,0,0.0,13.29,9.52,0.0,,0.0,0.0,86.71,90.48,100.0,,,0.0,
2020-12-30,2020-12,52,4,tablet,google,organic,(organic),returning_session,4,4,1,1,0,0,3,0,1,0,2,1,0,0,0,0.0,25.0,100.0,0.0,,0.0,0.0,75.0,0.0,100.0,,,0.0,
2020-12-30,2020-12,52,4,desktop,google,cpc,<Other>,new_session,80,80,15,1,0,0,65,14,1,0,38,1,0,0,0,0.0,18.75,6.67,0.0,,0.0,0.0,81.25,93.33,100.0,,,0.0,
2020-12-30,2020-12,52,4,desktop,<Other>,referral,(referral),returning_session,38,38,7,4,0,0,31,3,4,0,81,9,0,0,0,0.0,18.42,57.14,0.0,,0.0,0.0,81.58,42.86,100.0,,,0.0,
2020-12-30,2020-12,52,4,mobile,google,cpc,<Other>,returning_session,2,2,1,1,0,0,1,0,1,0,3,1,0,0,0,0.0,50.0,100.0,0.0,,0.0,0.0,50.0,0.0,100.0,,,0.0,
2020-12-30,2020-12,52,4,mobile,<Other>,organic,(organic),new_session,35,35,7,3,0,0,28,4,3,0,33,11,0,0,0,0.0,20.0,42.86,0.0,,0.0,0.0,80.0,57.14,100.0,,,0.0,
2020-12-30,2020-12,52,4,tablet,<Other>,<Other>,<Other>,new_session,12,12,3,1,0,0,9,2,1,0,4,1,0,0,0,0.0,25.0,33.33,0.0,,0.0,0.0,75.0,66.67,100.0,,,0.0,
2020-12-30,2020-12,52,4,desktop,google,cpc,<Other>,returning_session,5,5,2,1,0,0,3,1,1,0,4,1,0,0,0,0.0,40.0,50.0,0.0,,0.0,0.0,60.0,50.0,100.0,,,0.0,
2020-12-30,2020-12,52,4,mobile,(data deleted),(data deleted),(data deleted),new_session,4,4,1,1,0,0,3,0,1,0,4,6,0,0,0,0.0,25.0,100.0,0.0,,0.0,0.0,75.0,0.0,100.0,,,0.0,
2020-12-30,2020-12,52,4,mobile,<Other>,referral,(referral),new_session,95,95,19,2,0,0,76,17,2,0,46,8,0,0,0,0.0,20.0,10.53,0.0,,0.0,0.0,80.0,89.47,100.0,,,0.0,
2020-12-30,2020-12,52,4,mobile,<Other>,referral,(referral),returning_session,23,23,6,0,1,0,17,6,0,1,16,0,3,0,0,0.0,26.09,0.0,,0.0,0.0,0.0,73.91,100.0,,100.0,,0.0,
2020-12-30,2020-12,52,4,desktop,<Other>,<Other>,<Other>,new_session,248,248,41,6,1,0,207,35,6,1,124,13,15,0,0,0.0,16.53,14.63,16.67,0.0,0.0,0.0,83.47,85.37,100.0,100.0,,0.0,
2020-12-30,2020-12,52,4,desktop,(direct),(none),(direct),new_session,346,346,40,6,1,0,306,34,5,1,85,20,6,0,0,0.0,11.56,15.0,16.67,0.0,0.0,0.0,88.44,85.0,83.33,100.0,,0.0,
2020-12-30,2020-12,52,4,mobile,(direct),(none),(direct),new_session,234,234,39,8,2,0,195,31,6,2,108,29,9,0,0,0.0,16.67,20.51,25.0,0.0,0.0,0.0,83.33,79.49,75.0,100.0,,0.0,
2020-12-30,2020-12,52,4,desktop,google,organic,(organic),new_session,507,507,68,9,3,0,439,59,6,3,211,34,12,0,0,0.0,13.41,13.24,33.33,0.0,0.0,0.0,86.59,86.76,66.67,100.0,,0.0,
2020-12-30,2020-12,52,4,mobile,shop.googlemerchandisestore.com,referral,(referral),new_session,63,63,8,1,1,0,55,7,0,1,18,5,3,0,0,0.0,12.7,12.5,100.0,0.0,0.0,0.0,87.3,87.5,0.0,100.0,,0.0,
2020-12-30,2020-12,52,4,desktop,<Other>,organic,(organic),new_session,43,43,3,1,1,0,40,2,0,1,11,6,3,0,0,0.0,6.98,33.33,100.0,0.0,0.0,0.0,93.02,66.67,0.0,100.0,,0.0,
2020-12-30,2020-12,52,4,desktop,shop.googlemerchandisestore.com,referral,(referral),new_session,89,89,18,4,2,1,71,14,3,1,61,27,12,1,1,480.0,20.22,22.22,50.0,50.0,1.12,5.56,79.78,77.78,75.0,50.0,480.0,5.39,480.0
2020-12-30,2020-12,52,4,mobile,<Other>,<Other>,<Other>,returning_session,18,18,5,1,2,1,13,4,0,1,22,1,15,1,1,19.0,27.78,20.0,200.0,50.0,5.56,20.0,72.22,80.0,0.0,50.0,19.0,1.06,19.0
2020-12-30,2020-12,52,4,mobile,google,organic,(organic),new_session,352,352,49,13,3,2,303,36,11,1,217,39,48,15,2,27.0,13.92,26.53,23.08,66.67,0.57,4.08,86.08,73.47,84.62,33.33,13.5,0.08,13.5
2020-12-30,2020-12,52,4,mobile,(data deleted),(data deleted),(data deleted),returning_session,50,50,17,8,3,2,33,9,5,1,83,28,24,2,2,58.0,34.0,47.06,37.5,66.67,4.0,11.76,66.0,52.94,62.5,33.33,29.0,1.16,29.0
2020-12-30,2020-12,52,4,mobile,google,organic,(organic),returning_session,69,69,13,7,3,2,56,6,5,1,84,31,24,2,2,41.0,18.84,53.85,42.86,66.67,2.9,15.38,81.16,46.15,71.43,33.33,20.5,0.59,20.5
2020-12-30,2020-12,52,4,desktop,google,organic,(organic),returning_session,69,69,18,5,3,2,51,13,4,1,116,37,24,2,2,82.0,26.09,27.78,60.0,66.67,2.9,11.11,73.91,72.22,80.0,33.33,41.0,1.19,41.0
2020-12-30,2020-12,52,4,desktop,shop.googlemerchandisestore.com,referral,(referral),returning_session,67,67,9,4,3,2,58,5,2,1,36,9,21,2,2,198.0,13.43,44.44,75.0,66.67,2.99,22.22,86.57,55.56,50.0,33.33,99.0,2.96,99.0
2020-12-30,2020-12,52,4,mobile,shop.googlemerchandisestore.com,referral,(referral),returning_session,39,39,12,3,1,1,27,9,2,0,40,19,15,3,2,93.0,30.77,25.0,33.33,100.0,2.56,8.33,69.23,75.0,66.67,0.0,93.0,2.38,46.5
2020-12-30,2020-12,52,4,desktop,(direct),(none),(direct),returning_session,92,92,14,3,1,1,78,11,2,0,43,6,3,1,1,6.0,15.22,21.43,33.33,100.0,1.09,7.14,84.78,78.57,66.67,0.0,6.0,0.07,6.0
2020-12-30,2020-12,52,4,mobile,(direct),(none),(direct),returning_session,69,68,12,6,2,2,56,6,6,0,71,24,5,2,2,26.0,17.65,50.0,33.33,100.0,2.9,16.67,82.35,50.0,100.0,0.0,13.0,0.38,13.0
2020-12-30,2020-12,52,4,desktop,(data deleted),(data deleted),(data deleted),returning_session,77,77,19,6,3,3,58,13,4,0,115,19,18,4,4,332.0,24.68,31.58,50.0,100.0,3.9,15.79,75.32,68.42,66.67,0.0,110.67,4.31,83.0
2020-12-30,2020-12,52,4,desktop,<Other>,<Other>,<Other>,returning_session,24,24,7,1,1,1,17,6,0,0,35,2,3,1,1,192.0,29.17,14.29,100.0,100.0,4.17,14.29,70.83,85.71,0.0,0.0,192.0,8.0,192.0
2020-12-30,2020-12,52,4,tablet,google,organic,(organic),new_session,24,24,2,1,1,1,22,1,1,0,5,6,6,1,1,50.0,8.33,50.0,100.0,100.0,4.17,50.0,91.67,50.0,100.0,0.0,50.0,2.08,50.0
2020-12-25,2020-12,51,6,tablet,google,cpc,<Other>,new_session,1,1,0,0,0,0,1,0,0,0,0,0,0,0,0,0.0,0.0,,,,0.0,,100.0,,,,,0.0,
2020-12-25,2020-12,51,6,tablet,<Other>,<Other>,<Other>,returning_session,1,1,0,0,0,0,1,0,0,0,0,0,0,0,0,0.0,0.0,,,,0.0,,100.0,,,,,0.0,
2020-12-25,2020-12,51,6,mobile,(data deleted),(data deleted),(data deleted),new_session,1,1,0,0,0,0,1,0,0,0,0,0,0,0,0,0.0,0.0,,,,0.0,,100.0,,,,,0.0,
2020-12-25,2020-12,51,6,desktop,<Other>,(data deleted),(data deleted),returning_session,1,1,0,0,0,0,1,0,0,0,0,0,0,0,0,0.0,0.0,,,,0.0,,100.0,,,,,0.0,
2020-12-25,2020-12,51,6,tablet,<Other>,organic,(organic),new_session,1,1,0,0,0,0,1,0,0,0,0,0,0,0,0,0.0,0.0,,,,0.0,,100.0,,,,,0.0,
2020-12-25,2020-12,51,6,tablet,shop.googlemerchandisestore.com,referral,(referral),new_session,2,2,0,0,0,0,2,0,0,0,0,0,0,0,0,0.0,0.0,,,,0.0,,100.0,,,,,0.0,
2020-12-25,2020-12,51,6,desktop,<Other>,<Other>,<Other>,returning_session,5,5,0,0,0,0,5,0,0,0,0,0,0,0,0,0.0,0.0,,,,0.0,,100.0,,,,,0.0,
2020-12-25,2020-12,51,6,tablet,(data deleted),(data deleted),(data deleted),returning_session,3,3,0,0,0,0,3,0,0,0,0,0,0,0,0,0.0,0.0,,,,0.0,,100.0,,,,,0.0,
2020-12-25,2020-12,51,6,desktop,(data deleted),(data deleted),<Other>,new_session,1,1,0,0,0,0,1,0,0,0,0,0,0,0,0,0.0,0.0,,,,0.0,,100.0,,,,,0.0,
2020-12-25,2020-12,51,6,mobile,google,cpc,<Other>,new_session,54,54,3,0,0,0,51,3,0,0,7,0,0,0,0,0.0,5.56,0.0,,,0.0,0.0,94.44,100.0,,,,0.0,
2020-12-25,2020-12,51,6,tablet,shop.googlemerchandisestore.com,referral,(referral),returning_session,2,2,1,0,0,0,1,1,0,0,2,0,0,0,0,0.0,50.0,0.0,,,0.0,0.0,50.0,100.0,,,,0.0,
2020-12-25,2020-12,51,6,desktop,google,cpc,<Other>,returning_session,4,4,1,0,0,0,3,1,0,0,1,0,0,0,0,0.0,25.0,0.0,,,0.0,0.0,75.0,100.0,,,,0.0,
2020-12-25,2020-12,51,6,mobile,<Other>,organic,(organic),new_session,28,28,1,0,0,0,27,1,0,0,2,0,0,0,0,0.0,3.57,0.0,,,0.0,0.0,96.43,100.0,,,,0.0,
2020-12-25,2020-12,51,6,desktop,(data deleted),(data deleted),<Other>,returning_session,1,1,1,1,0,0,0,0,1,0,4,4,0,0,0,0.0,100.0,100.0,0.0,,0.0,0.0,0.0,0.0,100.0,,,0.0,
2020-12-25,2020-12,51,6,mobile,<Other>,referral,(referral),new_session,66,66,6,2,0,0,60,4,2,0,16,5,0,0,0,0.0,9.09,33.33,0.0,,0.0,0.0,90.91,66.67,100.0,,,0.0,
2020-12-25,2020-12,51,6,mobile,<Other>,<Other>,<Other>,returning_session,13,13,6,2,0,0,7,4,2,0,41,3,0,0,0,0.0,46.15,33.33,0.0,,0.0,0.0,53.85,66.67,100.0,,,0.0,
2020-12-25,2020-12,51,6,tablet,google,organic,(organic),returning_session,2,2,1,1,0,0,1,0,1,0,3,2,0,0,0,0.0,50.0,100.0,0.0,,0.0,0.0,50.0,0.0,100.0,,,0.0,
2020-12-25,2020-12,51,6,tablet,google,organic,(organic),new_session,16,16,2,0,0,0,14,2,0,0,2,0,0,0,0,0.0,12.5,0.0,,,0.0,0.0,87.5,100.0,,,,0.0,
2020-12-25,2020-12,51,6,desktop,google,cpc,<Other>,new_session,83,83,11,1,0,0,72,10,1,0,20,1,0,0,0,0.0,13.25,9.09,0.0,,0.0,0.0,86.75,90.91,100.0,,,0.0,
2020-12-25,2020-12,51,6,desktop,(data deleted),(data deleted),(data deleted),new_session,2,2,1,1,0,0,1,0,1,0,4,3,0,0,0,0.0,50.0,100.0,0.0,,0.0,0.0,50.0,0.0,100.0,,,0.0,
2020-12-25,2020-12,51,6,tablet,(direct),(none),(direct),new_session,16,16,3,0,0,0,13,3,0,0,3,0,0,0,0,0.0,18.75,0.0,,,0.0,0.0,81.25,100.0,,,,0.0,
2020-12-25,2020-12,51,6,mobile,<Other>,organic,(organic),returning_session,3,3,3,0,0,0,0,3,0,0,12,0,0,0,0,0.0,100.0,0.0,,,0.0,0.0,0.0,100.0,,,,0.0,
2020-12-25,2020-12,51,6,desktop,shop.googlemerchandisestore.com,referral,(referral),new_session,66,66,9,0,0,0,57,9,0,0,22,0,0,0,0,0.0,13.64,0.0,,,0.0,0.0,86.36,100.0,,,,0.0,
2020-12-25,2020-12,51,6,desktop,<Other>,organic,(organic),returning_session,3,3,1,0,0,0,2,1,0,0,4,0,0,0,0,0.0,33.33,0.0,,,0.0,0.0,66.67,100.0,,,,0.0,
2020-12-25,2020-12,51,6,tablet,<Other>,referral,(referral),new_session,4,4,1,1,0,0,3,0,1,0,2,1,0,0,0,0.0,25.0,100.0,0.0,,0.0,0.0,75.0,0.0,100.0,,,0.0,
2020-12-25,2020-12,51,6,mobile,<Other>,<Other>,<Other>,new_session,149,149,19,4,2,0,130,15,2,2,61,8,9,0,0,0.0,12.75,21.05,50.0,0.0,0.0,0.0,87.25,78.95,50.0,100.0,,0.0,
2020-12-25,2020-12,51,6,desktop,<Other>,referral,(referral),new_session,151,151,17,7,2,0,134,10,5,2,94,70,9,0,0,0.0,11.26,41.18,28.57,0.0,0.0,0.0,88.74,58.82,71.43,100.0,,0.0,
2020-12-25,2020-12,51,6,desktop,<Other>,<Other>,<Other>,new_session,232,232,28,6,1,0,204,22,5,1,108,16,3,0,0,0.0,12.07,21.43,16.67,0.0,0.0,0.0,87.93,78.57,83.33,100.0,,0.0,
2020-12-25,2020-12,51,6,desktop,(direct),(none),(direct),new_session,282,282,34,5,1,0,248,29,4,1,77,11,3,0,0,0.0,12.06,14.71,20.0,0.0,0.0,0.0,87.94,85.29,80.0,100.0,,0.0,
2020-12-25,2020-12,51,6,tablet,<Other>,<Other>,<Other>,new_session,10,10,3,0,1,0,7,3,0,1,7,0,3,0,0,0.0,30.0,0.0,,0.0,0.0,0.0,70.0,100.0,,100.0,,0.0,
2020-12-25,2020-12,51,6,desktop,shop.googlemerchandisestore.com,referral,(referral),returning_session,46,46,5,1,1,0,41,4,0,1,43,20,3,0,0,0.0,10.87,20.0,100.0,0.0,0.0,0.0,89.13,80.0,0.0,100.0,,0.0,
2020-12-25,2020-12,51,6,mobile,google,organic,(organic),new_session,314,314,38,2,1,0,276,36,1,1,91,13,9,0,0,0.0,12.1,5.26,50.0,0.0,0.0,0.0,87.9,94.74,50.0,100.0,,0.0,
2020-12-25,2020-12,51,6,desktop,(data deleted),(data deleted),(data deleted),returning_session,52,52,10,5,4,1,42,5,2,3,77,19,21,1,1,22.0,19.23,50.0,80.0,25.0,1.92,10.0,80.77,50.0,40.0,75.0,22.0,0.42,22.0
2020-12-25,2020-12,51,6,desktop,(direct),(none),(direct),returning_session,56,56,9,2,3,1,47,7,0,2,52,31,15,1,1,48.0,16.07,22.22,150.0,33.33,1.79,11.11,83.93,77.78,0.0,66.67,48.0,0.86,48.0
2020-12-25,2020-12,51,6,desktop,google,organic,(organic),new_session,463,462,61,7,5,2,401,54,3,3,192,16,24,2,2,64.0,13.2,11.48,71.43,40.0,0.43,3.28,86.8,88.52,42.86,60.0,32.0,0.14,32.0
2020-12-25,2020-12,51,6,mobile,(data deleted),(data deleted),(data deleted),returning_session,38,38,12,9,4,2,26,3,5,2,141,78,39,2,2,54.0,31.58,75.0,44.44,50.0,5.26,16.67,68.42,25.0,55.56,50.0,27.0,1.42,27.0
2020-12-25,2020-12,51,6,mobile,(direct),(none),(direct),new_session,200,200,24,3,2,2,176,21,1,0,74,27,7,2,2,11.0,12.0,12.5,66.67,100.0,1.0,8.33,88.0,87.5,33.33,0.0,5.5,0.06,5.5
2020-12-25,2020-12,51,6,desktop,google,organic,(organic),returning_session,43,43,10,4,1,1,33,6,3,0,40,11,6,1,1,44.0,23.26,40.0,25.0,100.0,2.33,10.0,76.74,60.0,75.0,0.0,44.0,1.02,44.0
2020-12-25,2020-12,51,6,mobile,shop.googlemerchandisestore.com,referral,(referral),returning_session,28,28,9,4,1,1,19,5,4,0,79,25,6,1,1,45.0,32.14,44.44,25.0,100.0,3.57,11.11,67.86,55.56,100.0,0.0,45.0,1.61,45.0
2020-12-25,2020-12,51,6,mobile,(direct),(none),(direct),returning_session,37,37,8,2,1,1,29,6,2,0,39,6,3,1,1,58.0,21.62,25.0,50.0,100.0,2.7,12.5,78.38,75.0,100.0,0.0,58.0,1.57,58.0
2020-12-25,2020-12,51,6,desktop,<Other>,organic,(organic),new_session,36,36,6,2,1,1,30,4,1,0,33,4,6,1,1,91.0,16.67,33.33,50.0,100.0,2.78,16.67,83.33,66.67,50.0,0.0,91.0,2.53,91.0
2020-12-25,2020-12,51,6,mobile,<Other>,referral,(referral),returning_session,23,23,5,3,1,1,18,2,2,0,55,37,9,1,1,26.0,21.74,60.0,33.33,100.0,4.35,20.0,78.26,40.0,66.67,0.0,26.0,1.13,26.0
2020-12-25,2020-12,51,6,mobile,google,organic,(organic),returning_session,35,35,4,2,1,1,31,2,1,0,178,29,3,1,1,14.0,11.43,50.0,50.0,100.0,2.86,25.0,88.57,50.0,50.0,0.0,14.0,0.4,14.0
2020-12-25,2020-12,51,6,desktop,<Other>,referral,(referral),returning_session,23,23,4,2,1,1,19,2,1,0,17,5,9,1,1,19.0,17.39,50.0,50.0,100.0,4.35,25.0,82.61,50.0,50.0,0.0,19.0,0.83,19.0
2020-12-25,2020-12,51,6,mobile,shop.googlemerchandisestore.com,referral,(referral),new_session,46,46,3,1,1,1,43,2,0,0,30,12,12,1,1,30.0,6.52,33.33,100.0,100.0,2.17,33.33,93.48,66.67,0.0,0.0,30.0,0.65,30.0
2020-12-25,2020-12,51,6,mobile,google,cpc,<Other>,returning_session,2,2,1,1,1,1,1,0,0,0,6,5,3,1,1,26.0,50.0,100.0,100.0,100.0,50.0,100.0,50.0,0.0,0.0,0.0,26.0,13.0,26.0
2020-11-22,2020-11,47,1,tablet,(direct),(none),(direct),new_session,7,7,0,0,0,0,7,0,0,0,0,0,0,0,0,0.0,0.0,,,,0.0,,100.0,,,,,0.0,
2020-11-22,2020-11,47,1,tablet,<Other>,referral,(referral),returning_session,1,1,0,0,0,0,1,0,0,0,0,0,0,0,0,0.0,0.0,,,,0.0,,100.0,,,,,0.0,
2020-11-22,2020-11,47,1,mobile,<Other>,organic,(organic),returning_session,2,2,0,0,0,0,2,0,0,0,0,0,0,0,0,0.0,0.0,,,,0.0,,100.0,,,,,0.0,
2020-11-22,2020-11,47,1,tablet,shop.googlemerchandisestore.com,referral,(referral),new_session,2,2,0,0,0,0,2,0,0,0,0,0,0,0,0,0.0,0.0,,,,0.0,,100.0,,,,,0.0,
2020-11-22,2020-11,47,1,tablet,(direct),(none),(direct),returning_session,6,6,0,0,0,0,6,0,0,0,0,0,0,0,0,0.0,0.0,,,,0.0,,100.0,,,,,0.0,
2020-11-22,2020-11,47,1,tablet,google,cpc,<Other>,new_session,2,2,0,0,0,0,2,0,0,0,0,0,0,0,0,0.0,0.0,,,,0.0,,100.0,,,,,0.0,
2020-11-22,2020-11,47,1,mobile,(data deleted),(data deleted),<Other>,returning_session,1,1,0,0,0,0,1,0,0,0,0,0,0,0,0,0.0,0.0,,,,0.0,,100.0,,,,,0.0,
2020-11-22,2020-11,47,1,desktop,<Other>,organic,(organic),returning_session,4,4,0,0,0,0,4,0,0,0,0,0,0,0,0,0.0,0.0,,,,0.0,,100.0,,,,,0.0,
2020-11-22,2020-11,47,1,tablet,<Other>,referral,(referral),new_session,8,8,0,0,0,0,8,0,0,0,0,0,0,0,0,0.0,0.0,,,,0.0,,100.0,,,,,0.0,
2020-11-22,2020-11,47,1,desktop,google,cpc,<Other>,returning_session,7,7,1,0,0,0,6,1,0,0,2,0,0,0,0,0.0,14.29,0.0,,,0.0,0.0,85.71,100.0,,,,0.0,
2020-11-22,2020-11,47,1,desktop,<Other>,<Other>,<Other>,returning_session,18,18,5,0,0,0,13,5,0,0,22,0,0,0,0,0.0,27.78,0.0,,,0.0,0.0,72.22,100.0,,,,0.0,
2020-11-22,2020-11,47,1,mobile,<Other>,organic,(organic),new_session,21,21,6,0,0,0,15,6,0,0,20,0,0,0,0,0.0,28.57,0.0,,,0.0,0.0,71.43,100.0,,,,0.0,
2020-11-22,2020-11,47,1,mobile,<Other>,<Other>,<Other>,returning_session,13,13,1,0,0,0,12,1,0,0,1,0,0,0,0,0.0,7.69,0.0,,,0.0,0.0,92.31,100.0,,,,0.0,
2020-11-22,2020-11,47,1,mobile,google,cpc,<Other>,returning_session,7,7,1,0,0,0,6,1,0,0,2,0,0,0,0,0.0,14.29,0.0,,,0.0,0.0,85.71,100.0,,,,0.0,
2020-11-22,2020-11,47,1,mobile,<Other>,referral,(referral),returning_session,25,25,4,0,0,0,21,4,0,0,29,0,0,0,0,0.0,16.0,0.0,,,0.0,0.0,84.0,100.0,,,,0.0,
2020-11-22,2020-11,47,1,tablet,google,organic,(organic),new_session,16,16,3,0,0,0,13,3,0,0,14,0,0,0,0,0.0,18.75,0.0,,,0.0,0.0,81.25,100.0,,,,0.0,
2020-11-22,2020-11,47,1,tablet,google,organic,(organic),returning_session,2,2,1,0,0,0,1,1,0,0,1,0,0,0,0,0.0,50.0,0.0,,,0.0,0.0,50.0,100.0,,,,0.0,
2020-11-22,2020-11,47,1,desktop,(data deleted),(data deleted),(data deleted),new_session,6,5,3,0,0,0,3,3,0,0,9,0,0,0,0,0.0,60.0,0.0,,,0.0,0.0,60.0,100.0,,,,0.0,
2020-11-22,2020-11,47,1,tablet,<Other>,organic,(organic),new_session,3,3,1,0,0,0,2,1,0,0,2,0,0,0,0,0.0,33.33,0.0,,,0.0,0.0,66.67,100.0,,,,0.0,
2020-11-22,2020-11,47,1,tablet,<Other>,<Other>,<Other>,new_session,7,7,2,0,0,0,5,2,0,0,7,0,0,0,0,0.0,28.57,0.0,,,0.0,0.0,71.43,100.0,,,,0.0,
2020-11-22,2020-11,47,1,tablet,shop.googlemerchandisestore.com,referral,(referral),returning_session,3,3,2,0,0,0,1,2,0,0,12,0,0,0,0,0.0,66.67,0.0,,,0.0,0.0,33.33,100.0,,,,0.0,
2020-11-22,2020-11,47,1,mobile,shop.googlemerchandisestore.com,referral,(referral),new_session,37,37,8,0,1,0,29,8,0,1,15,0,1,0,0,0.0,21.62,0.0,,0.0,0.0,0.0,78.38,100.0,,100.0,,0.0,
2020-11-22,2020-11,47,1,mobile,google,cpc,<Other>,new_session,30,30,8,0,1,0,22,8,0,1,71,0,1,0,0,0.0,26.67,0.0,,0.0,0.0,0.0,73.33,100.0,,100.0,,0.0,
2020-11-22,2020-11,47,1,desktop,<Other>,(data deleted),(data deleted),returning_session,3,3,1,0,1,0,2,1,0,1,5,0,1,0,0,0.0,33.33,0.0,,0.0,0.0,0.0,66.67,100.0,,100.0,,0.0,
2020-11-22,2020-11,47,1,tablet,(data deleted),(data deleted),(data deleted),returning_session,4,4,1,0,1,0,3,1,0,1,1,0,2,0,0,0.0,25.0,0.0,,0.0,0.0,0.0,75.0,100.0,,100.0,,0.0,
2020-11-22,2020-11,47,1,desktop,google,cpc,<Other>,new_session,60,60,14,0,2,0,46,14,0,2,154,0,2,0,0,0.0,23.33,0.0,,0.0,0.0,0.0,76.67,100.0,,100.0,,0.0,
2020-11-22,2020-11,47,1,desktop,<Other>,organic,(organic),new_session,33,33,6,0,2,0,27,6,0,2,24,0,3,0,0,0.0,18.18,0.0,,0.0,0.0,0.0,81.82,100.0,,100.0,,0.0,
2020-11-22,2020-11,47,1,mobile,<Other>,referral,(referral),new_session,72,72,21,0,3,0,51,21,0,3,119,0,3,0,0,0.0,29.17,0.0,,0.0,0.0,0.0,70.83,100.0,,100.0,,0.0,
2020-11-22,2020-11,47,1,desktop,<Other>,referral,(referral),new_session,104,104,26,0,2,0,78,26,0,2,98,0,4,0,0,0.0,25.0,0.0,,0.0,0.0,0.0,75.0,100.0,,100.0,,0.0,
2020-11-22,2020-11,47,1,desktop,(direct),(none),(direct),returning_session,97,97,26,0,2,0,71,26,0,2,99,0,6,0,0,0.0,26.8,0.0,,0.0,0.0,0.0,73.2,100.0,,100.0,,0.0,
2020-11-22,2020-11,47,1,mobile,(direct),(none),(direct),returning_session,65,65,17,0,3,0,48,17,0,3,64,0,7,0,0,0.0,26.15,0.0,,0.0,0.0,0.0,73.85,100.0,,100.0,,0.0,
2020-11-22,2020-11,47,1,desktop,<Other>,<Other>,<Other>,new_session,214,214,47,0,5,0,167,47,0,5,139,0,8,0,0,0.0,21.96,0.0,,0.0,0.0,0.0,78.04,100.0,,100.0,,0.0,
2020-11-22,2020-11,47,1,desktop,google,organic,(organic),new_session,423,423,103,0,21,2,320,103,0,19,860,0,24,6,3,198.0,24.35,0.0,,9.52,0.47,1.94,75.65,100.0,,90.48,99.0,0.47,66.0
2020-11-22,2020-11,47,1,mobile,(direct),(none),(direct),new_session,190,190,47,0,9,2,143,47,0,7,286,0,19,4,2,262.0,24.74,0.0,,22.22,1.05,4.26,75.26,100.0,,77.78,131.0,1.38,131.0
2020-11-22,2020-11,47,1,desktop,(direct),(none),(direct),new_session,267,267,68,0,11,3,199,68,0,8,412,0,16,8,4,516.0,25.47,0.0,,27.27,1.12,4.41,74.53,100.0,,72.73,172.0,1.93,129.0
2020-11-22,2020-11,47,1,desktop,google,organic,(organic),returning_session,107,107,22,0,1,1,85,22,0,0,143,0,1,2,1,32.0,20.56,0.0,,100.0,0.93,4.55,79.44,100.0,,0.0,32.0,0.3,32.0
2020-11-22,2020-11,47,1,desktop,shop.googlemerchandisestore.com,referral,(referral),new_session,63,63,19,0,4,1,44,19,0,3,124,0,4,2,1,352.0,30.16,0.0,,25.0,1.59,5.26,69.84,100.0,,75.0,352.0,5.59,352.0
2020-11-22,2020-11,47,1,mobile,<Other>,<Other>,<Other>,new_session,118,117,38,0,5,2,79,38,0,3,164,0,8,3,2,290.0,32.48,0.0,,40.0,1.69,5.26,67.52,100.0,,60.0,145.0,2.46,145.0
2020-11-22,2020-11,47,1,mobile,google,organic,(organic),new_session,233,233,65,0,11,4,168,65,0,7,400,0,13,8,4,212.0,27.9,0.0,,36.36,1.72,6.15,72.1,100.0,,63.64,53.0,0.91,53.0
2020-11-22,2020-11,47,1,mobile,(data deleted),(data deleted),(data deleted),returning_session,69,69,22,0,3,2,47,22,0,1,78,0,6,4,2,352.0,31.88,0.0,,66.67,2.9,9.09,68.12,100.0,,33.33,176.0,5.1,176.0
2020-11-22,2020-11,47,1,desktop,<Other>,referral,(referral),returning_session,57,57,10,0,3,1,47,10,0,2,48,0,5,2,1,52.0,17.54,0.0,,33.33,1.75,10.0,82.46,100.0,,66.67,52.0,0.91,52.0
2020-11-22,2020-11,47,1,mobile,shop.googlemerchandisestore.com,referral,(referral),returning_session,41,41,8,0,1,1,33,8,0,0,30,0,1,2,1,36.0,19.51,0.0,,100.0,2.44,12.5,80.49,100.0,,0.0,36.0,0.88,36.0
2020-11-22,2020-11,47,1,desktop,shop.googlemerchandisestore.com,referral,(referral),returning_session,85,85,15,0,3,2,70,15,0,1,45,0,8,4,2,124.0,17.65,0.0,,66.67,2.35,13.33,82.35,100.0,,33.33,62.0,1.46,62.0
2020-11-22,2020-11,47,1,desktop,(data deleted),(data deleted),(data deleted),returning_session,88,88,29,0,5,4,59,29,0,1,120,0,6,7,4,690.0,32.95,0.0,,80.0,4.55,13.79,67.05,100.0,,20.0,172.5,7.84,172.5
2020-11-22,2020-11,47,1,mobile,google,organic,(organic),returning_session,66,65,19,0,9,4,46,19,0,5,129,0,17,8,4,312.0,29.23,0.0,,44.44,6.06,21.05,70.77,100.0,,55.56,78.0,4.73,78.0
2021-01-07,2021-01,1,5,desktop,google,cpc,<Other>,returning_session,4,4,0,0,0,0,4,0,0,0,0,0,0,0,0,0.0,0.0,,,,0.0,,100.0,,,,,0.0,
2021-01-07,2021-01,1,5,tablet,<Other>,organic,(organic),returning_session,1,1,0,0,0,0,1,0,0,0,0,0,0,0,0,0.0,0.0,,,,0.0,,100.0,,,,,0.0,
2021-01-07,2021-01,1,5,desktop,<Other>,(data deleted),(data deleted),returning_session,1,1,0,0,0,0,1,0,0,0,0,0,0,0,0,0.0,0.0,,,,0.0,,100.0,,,,,0.0,
2021-01-07,2021-01,1,5,tablet,google,organic,(organic),returning_session,7,7,0,0,0,0,7,0,0,0,0,0,0,0,0,0.0,0.0,,,,0.0,,100.0,,,,,0.0,
2021-01-07,2021-01,1,5,mobile,<Other>,(data deleted),(data deleted),new_session,1,1,0,0,0,0,1,0,0,0,0,0,0,0,0,0.0,0.0,,,,0.0,,100.0,,,,,0.0,
2021-01-07,2021-01,1,5,desktop,(data deleted),(data deleted),<Other>,returning_session,3,3,0,0,0,0,3,0,0,0,0,0,0,0,0,0.0,0.0,,,,0.0,,100.0,,,,,0.0,
2021-01-07,2021-01,1,5,desktop,<Other>,(data deleted),(data deleted),new_session,1,1,0,0,0,0,1,0,0,0,0,0,0,0,0,0.0,0.0,,,,0.0,,100.0,,,,,0.0,
2021-01-07,2021-01,1,5,desktop,(data deleted),(data deleted),(data deleted),new_session,7,7,1,0,0,0,6,1,0,0,1,0,0,0,0,0.0,14.29,0.0,,,0.0,0.0,85.71,100.0,,,,0.0,
2021-01-07,2021-01,1,5,tablet,shop.googlemerchandisestore.com,referral,(referral),new_session,5,5,1,0,0,0,4,1,0,0,1,0,0,0,0,0.0,20.0,0.0,,,0.0,0.0,80.0,100.0,,,,0.0,
2021-01-07,2021-01,1,5,mobile,(data deleted),(data deleted),<Other>,returning_session,1,1,1,1,0,0,0,0,1,0,1,1,0,0,0,0.0,100.0,100.0,0.0,,0.0,0.0,0.0,0.0,100.0,,,0.0,
2021-01-07,2021-01,1,5,desktop,<Other>,organic,(organic),returning_session,12,12,1,0,0,0,11,1,0,0,1,0,0,0,0,0.0,8.33,0.0,,,0.0,0.0,91.67,100.0,,,,0.0,
2021-01-07,2021-01,1,5,tablet,<Other>,<Other>,<Other>,returning_session,3,3,1,0,0,0,2,1,0,0,1,0,0,0,0,0.0,33.33,0.0,,,0.0,0.0,66.67,100.0,,,,0.0,
2021-01-07,2021-01,1,5,tablet,shop.googlemerchandisestore.com,referral,(referral),returning_session,6,6,1,0,0,0,5,1,0,0,1,0,0,0,0,0.0,16.67,0.0,,,0.0,0.0,83.33,100.0,,,,0.0,
2021-01-07,2021-01,1,5,tablet,<Other>,referral,(referral),returning_session,5,5,1,0,0,0,4,1,0,0,2,0,0,0,0,0.0,20.0,0.0,,,0.0,0.0,80.0,100.0,,,,0.0,
2021-01-07,2021-01,1,5,tablet,<Other>,referral,(referral),new_session,7,7,2,0,0,0,5,2,0,0,4,0,0,0,0,0.0,28.57,0.0,,,0.0,0.0,71.43,100.0,,,,0.0,
2021-01-07,2021-01,1,5,tablet,(direct),(none),(direct),returning_session,10,10,2,1,0,0,8,1,1,0,7,3,0,0,0,0.0,20.0,50.0,0.0,,0.0,0.0,80.0,50.0,100.0,,,0.0,
2021-01-07,2021-01,1,5,tablet,(data deleted),(data deleted),(data deleted),returning_session,6,6,2,0,0,0,4,2,0,0,4,0,0,0,0,0.0,33.33,0.0,,,0.0,0.0,66.67,100.0,,,,0.0,
2021-01-07,2021-01,1,5,mobile,google,cpc,<Other>,returning_session,8,8,3,2,0,0,5,1,2,0,20,15,0,0,0,0.0,37.5,66.67,0.0,,0.0,0.0,62.5,33.33,100.0,,,0.0,
2021-01-07,2021-01,1,5,desktop,<Other>,<Other>,<Other>,returning_session,28,28,4,1,0,0,24,3,1,0,17,1,0,0,0,0.0,14.29,25.0,0.0,,0.0,0.0,85.71,75.0,100.0,,,0.0,
2021-01-07,2021-01,1,5,tablet,<Other>,<Other>,<Other>,new_session,16,16,4,1,0,0,12,3,1,0,7,1,0,0,0,0.0,25.0,25.0,0.0,,0.0,0.0,75.0,75.0,100.0,,,0.0,
2021-01-07,2021-01,1,5,mobile,<Other>,organic,(organic),new_session,47,47,6,1,0,0,41,5,1,0,13,4,0,0,0,0.0,12.77,16.67,0.0,,0.0,0.0,87.23,83.33,100.0,,,0.0,
2021-01-07,2021-01,1,5,tablet,(direct),(none),(direct),new_session,24,24,6,1,0,0,18,5,1,0,23,1,0,0,0,0.0,25.0,16.67,0.0,,0.0,0.0,75.0,83.33,100.0,,,0.0,
2021-01-07,2021-01,1,5,mobile,<Other>,referral,(referral),returning_session,49,49,8,2,0,0,41,6,2,0,27,8,0,0,0,0.0,16.33,25.0,0.0,,0.0,0.0,83.67,75.0,100.0,,,0.0,
2021-01-07,2021-01,1,5,mobile,google,cpc,<Other>,new_session,75,75,10,3,0,0,65,7,3,0,22,4,0,0,0,0.0,13.33,30.0,0.0,,0.0,0.0,86.67,70.0,100.0,,,0.0,
2021-01-07,2021-01,1,5,desktop,<Other>,organic,(organic),new_session,67,67,10,2,0,0,57,8,2,0,32,18,0,0,0,0.0,14.93,20.0,0.0,,0.0,0.0,85.07,80.0,100.0,,,0.0,
2021-01-07,2021-01,1,5,mobile,shop.googlemerchandisestore.com,referral,(referral),new_session,72,72,10,2,0,0,62,8,2,0,34,8,0,0,0,0.0,13.89,20.0,0.0,,0.0,0.0,86.11,80.0,100.0,,,0.0,
2021-01-07,2021-01,1,5,desktop,shop.googlemerchandisestore.com,referral,(referral),new_session,97,97,13,2,0,0,84,11,2,0,29,2,0,0,0,0.0,13.4,15.38,0.0,,0.0,0.0,86.6,84.62,100.0,,,0.0,
2021-01-07,2021-01,1,5,desktop,google,cpc,<Other>,new_session,114,114,13,1,0,0,101,12,1,0,43,1,0,0,0,0.0,11.4,7.69,0.0,,0.0,0.0,88.6,92.31,100.0,,,0.0,
2021-01-07,2021-01,1,5,desktop,<Other>,referral,(referral),new_session,155,155,17,3,0,0,138,14,3,0,51,10,0,0,0,0.0,10.97,17.65,0.0,,0.0,0.0,89.03,82.35,100.0,,,0.0,
2021-01-07,2021-01,1,5,mobile,<Other>,<Other>,<Other>,returning_session,23,23,3,0,1,0,20,3,0,1,11,0,3,0,0,0.0,13.04,0.0,,0.0,0.0,0.0,86.96,100.0,,100.0,,0.0,
2021-01-07,2021-01,1,5,mobile,<Other>,organic,(organic),returning_session,9,9,3,0,1,1,6,3,0,0,9,0,3,1,1,68.0,33.33,0.0,,100.0,11.11,33.33,66.67,100.0,,0.0,68.0,7.56,68.0
2021-01-07,2021-01,1,5,mobile,(data deleted),(data deleted),(data deleted),new_session,5,5,3,2,1,0,2,1,1,1,21,16,3,0,0,0.0,60.0,66.67,50.0,0.0,0.0,0.0,40.0,33.33,50.0,100.0,,0.0,
2021-01-07,2021-01,1,5,mobile,<Other>,referral,(referral),new_session,133,133,18,1,1,0,115,17,0,1,43,4,3,0,0,0.0,13.53,5.56,100.0,0.0,0.0,0.0,86.47,94.44,0.0,100.0,,0.0,
2021-01-07,2021-01,1,5,mobile,<Other>,<Other>,<Other>,new_session,252,252,33,6,1,0,219,27,5,1,104,19,3,0,0,0.0,13.1,18.18,16.67,0.0,0.0,0.0,86.9,81.82,83.33,100.0,,0.0,
2021-01-07,2021-01,1,5,tablet,google,organic,(organic),new_session,28,28,5,1,1,0,23,4,0,1,36,7,6,0,0,0.0,17.86,20.0,100.0,0.0,0.0,0.0,82.14,80.0,0.0,100.0,,0.0,
2021-01-07,2021-01,1,5,mobile,(direct),(none),(direct),returning_session,87,87,18,7,1,0,69,11,6,1,66,15,6,0,0,0.0,20.69,38.89,14.29,0.0,0.0,0.0,79.31,61.11,85.71,100.0,,0.0,
2021-01-07,2021-01,1,5,tablet,google,cpc,<Other>,new_session,6,6,4,0,1,0,2,4,0,1,19,0,9,0,0,0.0,66.67,0.0,,0.0,0.0,0.0,33.33,100.0,,100.0,,0.0,
2021-01-07,2021-01,1,5,mobile,shop.googlemerchandisestore.com,referral,(referral),returning_session,68,68,11,7,3,0,57,5,5,3,35,10,9,0,0,0.0,16.18,63.64,42.86,0.0,0.0,0.0,83.82,45.45,71.43,100.0,,0.0,
2021-01-07,2021-01,1,5,desktop,shop.googlemerchandisestore.com,referral,(referral),returning_session,93,93,23,10,3,0,70,13,8,3,88,29,9,0,0,0.0,24.73,43.48,30.0,0.0,0.0,0.0,75.27,56.52,80.0,100.0,,0.0,
2021-01-07,2021-01,1,5,desktop,(direct),(none),(direct),returning_session,145,145,36,6,3,3,109,30,5,0,218,38,9,3,3,175.0,24.83,16.67,50.0,100.0,2.07,8.33,75.17,83.33,83.33,0.0,58.33,1.21,58.33
2021-01-07,2021-01,1,5,desktop,<Other>,referral,(referral),returning_session,61,61,19,4,2,1,42,15,2,1,90,7,15,1,1,8.0,31.15,21.05,50.0,50.0,1.64,5.26,68.85,78.95,50.0,50.0,8.0,0.13,8.0
2021-01-07,2021-01,1,5,desktop,google,organic,(organic),new_session,761,761,110,18,3,3,651,92,15,0,416,49,17,3,3,86.0,14.45,16.36,16.67,100.0,0.39,2.73,85.55,83.64,83.33,0.0,28.67,0.11,28.67
2021-01-07,2021-01,1,5,desktop,<Other>,<Other>,<Other>,new_session,359,359,41,16,3,1,318,25,13,2,176,70,21,1,1,31.0,11.42,39.02,18.75,33.33,0.28,2.44,88.58,60.98,81.25,66.67,31.0,0.09,31.0
2021-01-07,2021-01,1,5,desktop,(direct),(none),(direct),new_session,474,474,76,14,3,2,398,62,11,1,202,33,25,3,3,36.0,16.03,18.42,21.43,66.67,0.42,2.63,83.97,81.58,78.57,33.33,18.0,0.08,12.0
2021-01-07,2021-01,1,5,mobile,google,organic,(organic),returning_session,101,101,23,6,4,2,78,17,4,2,103,17,27,2,2,126.0,22.77,26.09,66.67,50.0,1.98,8.7,77.23,73.91,66.67,50.0,63.0,1.25,63.0
2021-01-07,2021-01,1,5,mobile,google,organic,(organic),new_session,493,493,72,9,5,2,421,63,8,3,243,51,27,2,2,95.0,14.6,12.5,55.56,40.0,0.41,2.78,85.4,87.5,88.89,60.0,47.5,0.19,47.5
2021-01-07,2021-01,1,5,mobile,(data deleted),(data deleted),(data deleted),returning_session,89,89,18,5,4,1,71,13,2,3,95,27,35,1,1,50.0,20.22,27.78,80.0,25.0,1.12,5.56,79.78,72.22,40.0,75.0,50.0,0.56,50.0
2021-01-07,2021-01,1,5,desktop,(data deleted),(data deleted),(data deleted),returning_session,147,147,40,9,6,4,107,31,7,2,143,26,45,4,4,147.0,27.21,22.5,66.67,66.67,2.72,10.0,72.79,77.5,77.78,33.33,36.75,1.0,36.75
2021-01-07,2021-01,1,5,mobile,(direct),(none),(direct),new_session,331,331,48,14,6,2,283,34,9,4,162,53,47,2,2,170.0,14.5,29.17,42.86,33.33,0.6,4.17,85.5,70.83,64.29,66.67,85.0,0.51,85.0
2021-01-07,2021-01,1,5,desktop,google,organic,(organic),returning_session,163,163,47,17,9,4,116,30,11,5,163,41,54,4,4,488.0,28.83,36.17,52.94,44.44,2.45,8.51,71.17,63.83,64.71,55.56,122.0,2.99,122.0
2020-11-16,2020-11,46,2,tablet,google,organic,(organic),returning_session,4,4,0,0,0,0,4,0,0,0,0,0,0,0,0,0.0,0.0,,,,0.0,,100.0,,,,,0.0,
2020-11-16,2020-11,46,2,tablet,(data deleted),(data deleted),<Other>,returning_session,1,1,0,0,0,0,1,0,0,0,0,0,0,0,0,0.0,0.0,,,,0.0,,100.0,,,,,0.0,
2020-11-16,2020-11,46,2,tablet,<Other>,referral,(referral),new_session,2,2,0,0,0,0,2,0,0,0,0,0,0,0,0,0.0,0.0,,,,0.0,,100.0,,,,,0.0,
2020-11-16,2020-11,46,2,tablet,<Other>,<Other>,<Other>,returning_session,1,1,0,0,0,0,1,0,0,0,0,0,0,0,0,0.0,0.0,,,,0.0,,100.0,,,,,0.0,
2020-11-16,2020-11,46,2,desktop,(data deleted),(data deleted),(data deleted),new_session,1,1,0,0,0,0,1,0,0,0,0,0,0,0,0,0.0,0.0,,,,0.0,,100.0,,,,,0.0,
2020-11-16,2020-11,46,2,tablet,<Other>,(data deleted),(data deleted),returning_session,2,2,0,0,0,0,2,0,0,0,0,0,0,0,0,0.0,0.0,,,,0.0,,100.0,,,,,0.0,
2020-11-16,2020-11,46,2,mobile,(data deleted),(data deleted),<Other>,returning_session,2,2,0,0,0,0,2,0,0,0,0,0,0,0,0,0.0,0.0,,,,0.0,,100.0,,,,,0.0,
2020-11-16,2020-11,46,2,mobile,<Other>,(data deleted),(data deleted),new_session,1,1,0,0,0,0,1,0,0,0,0,0,0,0,0,0.0,0.0,,,,0.0,,100.0,,,,,0.0,
2020-11-16,2020-11,46,2,mobile,<Other>,organic,(organic),returning_session,4,4,0,0,0,0,4,0,0,0,0,0,0,0,0,0.0,0.0,,,,0.0,,100.0,,,,,0.0,
2020-11-16,2020-11,46,2,tablet,<Other>,referral,(referral),returning_session,2,2,0,0,0,0,2,0,0,0,0,0,0,0,0,0.0,0.0,,,,0.0,,100.0,,,,,0.0,
2020-11-16,2020-11,46,2,tablet,google,cpc,<Other>,returning_session,1,1,0,0,0,0,1,0,0,0,0,0,0,0,0,0.0,0.0,,,,0.0,,100.0,,,,,0.0,
2020-11-16,2020-11,46,2,tablet,<Other>,organic,(organic),new_session,2,2,1,0,0,0,1,1,0,0,6,0,0,0,0,0.0,50.0,0.0,,,0.0,0.0,50.0,100.0,,,,0.0,
2020-11-16,2020-11,46,2,desktop,<Other>,organic,(organic),returning_session,7,7,1,0,1,0,6,1,0,1,16,0,4,0,0,0.0,14.29,0.0,,0.0,0.0,0.0,85.71,100.0,,100.0,,0.0,
2020-11-16,2020-11,46,2,mobile,<Other>,(data deleted),(data deleted),returning_session,3,3,1,0,0,0,2,1,0,0,1,0,0,0,0,0.0,33.33,0.0,,,0.0,0.0,66.67,100.0,,,,0.0,
2020-11-16,2020-11,46,2,tablet,shop.googlemerchandisestore.com,referral,(referral),new_session,4,4,1,0,0,0,3,1,0,0,1,0,0,0,0,0.0,25.0,0.0,,,0.0,0.0,75.0,100.0,,,,0.0,
2020-11-16,2020-11,46,2,mobile,(data deleted),(data deleted),(data deleted),new_session,1,1,1,0,0,0,0,1,0,0,4,0,0,0,0,0.0,100.0,0.0,,,0.0,0.0,0.0,100.0,,,,0.0,
2020-11-16,2020-11,46,2,desktop,(data deleted),(data deleted),<Other>,returning_session,3,3,1,0,0,0,2,1,0,0,1,0,0,0,0,0.0,33.33,0.0,,,0.0,0.0,66.67,100.0,,,,0.0,
2020-11-16,2020-11,46,2,desktop,<Other>,(data deleted),(data deleted),returning_session,1,1,1,0,0,0,0,1,0,0,3,0,0,0,0,0.0,100.0,0.0,,,0.0,0.0,0.0,100.0,,,,0.0,
2020-11-16,2020-11,46,2,tablet,(data deleted),(data deleted),(data deleted),returning_session,5,5,2,0,0,0,3,2,0,0,11,0,0,0,0,0.0,40.0,0.0,,,0.0,0.0,60.0,100.0,,,,0.0,
2020-11-16,2020-11,46,2,tablet,google,cpc,<Other>,new_session,3,3,2,0,0,0,1,2,0,0,5,0,0,0,0,0.0,66.67,0.0,,,0.0,0.0,33.33,100.0,,,,0.0,
2020-11-16,2020-11,46,2,tablet,shop.googlemerchandisestore.com,referral,(referral),returning_session,6,6,2,0,0,0,4,2,0,0,6,0,0,0,0,0.0,33.33,0.0,,,0.0,0.0,66.67,100.0,,,,0.0,
2020-11-16,2020-11,46,2,tablet,google,organic,(organic),new_session,16,16,2,1,1,0,14,1,0,1,6,1,2,0,0,0.0,12.5,50.0,100.0,0.0,0.0,0.0,87.5,50.0,0.0,100.0,,0.0,
2020-11-16,2020-11,46,2,mobile,google,cpc,<Other>,returning_session,8,8,4,0,1,0,4,4,0,1,24,0,4,0,0,0.0,50.0,0.0,,0.0,0.0,0.0,50.0,100.0,,100.0,,0.0,
2020-11-16,2020-11,46,2,mobile,<Other>,organic,(organic),new_session,32,32,9,1,0,0,23,8,1,0,69,1,0,0,0,0.0,28.13,11.11,0.0,,0.0,0.0,71.88,88.89,100.0,,,0.0,
2020-11-16,2020-11,46,2,desktop,<Other>,organic,(organic),new_session,39,39,12,1,2,0,27,11,1,2,37,1,4,0,0,0.0,30.77,8.33,200.0,0.0,0.0,0.0,69.23,91.67,100.0,100.0,,0.0,
2020-11-16,2020-11,46,2,mobile,<Other>,referral,(referral),new_session,74,74,15,0,4,0,59,15,0,4,116,0,10,0,0,0.0,20.27,0.0,,0.0,0.0,0.0,79.73,100.0,,100.0,,0.0,
2020-11-16,2020-11,46,2,desktop,google,cpc,<Other>,new_session,69,69,17,0,2,0,52,17,0,2,161,0,4,0,0,0.0,24.64,0.0,,0.0,0.0,0.0,75.36,100.0,,100.0,,0.0,
2020-11-16,2020-11,46,2,desktop,shop.googlemerchandisestore.com,referral,(referral),new_session,93,93,18,1,4,0,75,17,1,4,96,1,8,0,0,0.0,19.35,5.56,400.0,0.0,0.0,0.0,80.65,94.44,100.0,100.0,,0.0,
2020-11-16,2020-11,46,2,tablet,(direct),(none),(direct),new_session,12,12,2,0,1,1,10,2,0,0,18,0,2,1,1,34.0,16.67,0.0,,100.0,8.33,50.0,83.33,100.0,,0.0,34.0,2.83,34.0
2020-11-16,2020-11,46,2,tablet,(direct),(none),(direct),returning_session,5,5,2,0,1,1,3,2,0,0,17,0,2,1,1,40.0,40.0,0.0,,100.0,20.0,50.0,60.0,100.0,,0.0,40.0,8.0,40.0
2020-11-16,2020-11,46,2,tablet,<Other>,<Other>,<Other>,new_session,8,8,3,0,2,1,5,3,0,1,7,0,8,1,1,22.0,37.5,0.0,,50.0,12.5,33.33,62.5,100.0,,50.0,22.0,2.75,22.0
2020-11-16,2020-11,46,2,mobile,google,cpc,<Other>,new_session,51,51,14,0,2,1,37,14,0,1,43,0,12,1,1,38.0,27.45,0.0,,50.0,1.96,7.14,72.55,100.0,,50.0,38.0,0.75,38.0
2020-11-16,2020-11,46,2,mobile,<Other>,referral,(referral),returning_session,52,52,15,0,3,1,37,15,0,2,96,0,10,1,1,48.0,28.85,0.0,,33.33,1.92,6.67,71.15,100.0,,66.67,48.0,0.92,48.0
2020-11-16,2020-11,46,2,desktop,<Other>,referral,(referral),returning_session,69,69,17,0,2,1,52,17,0,1,50,0,8,1,1,63.0,24.64,0.0,,50.0,1.45,5.88,75.36,100.0,,50.0,63.0,0.91,63.0
2020-11-16,2020-11,46,2,mobile,(data deleted),(data deleted),(data deleted),returning_session,101,101,24,0,4,1,77,24,0,3,147,0,10,1,1,15.0,23.76,0.0,,25.0,0.99,4.17,76.24,100.0,,75.0,15.0,0.15,15.0
2020-11-16,2020-11,46,2,desktop,shop.googlemerchandisestore.com,referral,(referral),returning_session,104,104,25,1,6,1,79,24,1,5,193,1,20,1,1,46.0,24.04,4.0,600.0,16.67,0.96,4.0,75.96,96.0,100.0,83.33,46.0,0.44,46.0
2020-11-16,2020-11,46,2,desktop,<Other>,referral,(referral),new_session,125,125,32,3,5,1,93,29,1,4,127,3,20,1,1,6.0,25.6,9.38,166.67,20.0,0.8,3.13,74.4,90.63,33.33,80.0,6.0,0.05,6.0
2020-11-16,2020-11,46,2,mobile,<Other>,<Other>,<Other>,new_session,189,188,46,2,8,1,142,44,0,7,300,5,16,1,1,25.0,24.47,4.35,400.0,12.5,0.53,2.17,75.53,95.65,0.0,87.5,25.0,0.13,25.0
2020-11-16,2020-11,46,2,desktop,google,cpc,<Other>,returning_session,6,6,2,0,2,2,4,2,0,0,3,0,6,2,2,54.0,33.33,0.0,,100.0,33.33,100.0,66.67,100.0,,0.0,27.0,9.0,27.0
2020-11-16,2020-11,46,2,mobile,<Other>,<Other>,<Other>,returning_session,23,23,8,0,3,2,15,8,0,1,41,0,6,2,2,195.0,34.78,0.0,,66.67,8.7,25.0,65.22,100.0,,33.33,97.5,8.48,97.5
2020-11-16,2020-11,46,2,desktop,<Other>,<Other>,<Other>,returning_session,39,39,9,2,2,2,30,7,1,0,51,12,4,2,2,71.0,23.08,22.22,100.0,100.0,5.13,22.22,76.92,77.78,50.0,0.0,35.5,1.82,35.5
2020-11-16,2020-11,46,2,mobile,shop.googlemerchandisestore.com,referral,(referral),returning_session,73,73,15,0,6,2,58,15,0,4,84,0,14,2,2,153.0,20.55,0.0,,33.33,2.74,13.33,79.45,100.0,,66.67,76.5,2.1,76.5
2020-11-16,2020-11,46,2,mobile,shop.googlemerchandisestore.com,referral,(referral),new_session,51,51,13,0,5,3,38,13,0,2,128,0,12,3,3,381.0,25.49,0.0,,60.0,5.88,23.08,74.51,100.0,,40.0,127.0,7.47,127.0
2020-11-16,2020-11,46,2,desktop,google,organic,(organic),returning_session,135,135,30,1,5,3,105,29,0,2,151,1,28,3,3,161.0,22.22,3.33,500.0,60.0,2.22,10.0,77.78,96.67,0.0,40.0,53.67,1.19,53.67
2020-11-16,2020-11,46,2,mobile,(direct),(none),(direct),returning_session,116,116,32,1,5,3,84,31,1,2,152,1,20,3,3,330.0,27.59,3.13,500.0,60.0,2.59,9.38,72.41,96.88,100.0,40.0,110.0,2.84,110.0
2020-11-16,2020-11,46,2,desktop,<Other>,<Other>,<Other>,new_session,260,260,57,1,9,3,203,56,0,6,355,5,22,3,3,524.0,21.92,1.75,900.0,33.33,1.15,5.26,78.08,98.25,0.0,66.67,174.67,2.02,174.67
2020-11-16,2020-11,46,2,mobile,(direct),(none),(direct),new_session,230,230,58,2,8,3,172,56,1,5,246,6,20,3,3,174.0,25.22,3.45,400.0,37.5,1.3,5.17,74.78,96.55,50.0,62.5,58.0,0.76,58.0
2020-11-16,2020-11,46,2,desktop,(data deleted),(data deleted),(data deleted),returning_session,171,171,40,3,7,5,131,37,1,2,155,6,46,5,5,403.0,23.39,7.5,233.33,71.43,2.92,12.5,76.61,92.5,33.33,28.57,80.6,2.36,80.6
2020-11-16,2020-11,46,2,mobile,google,organic,(organic),new_session,303,303,65,1,15,5,238,64,0,10,489,2,44,5,5,618.0,21.45,1.54,1500.0,33.33,1.65,7.69,78.55,98.46,0.0,66.67,123.6,2.04,123.6
2020-11-16,2020-11,46,2,desktop,(direct),(none),(direct),new_session,308,308,88,6,16,5,220,82,3,11,565,10,42,5,5,366.0,28.57,6.82,266.67,31.25,1.62,5.68,71.43,93.18,50.0,68.75,73.2,1.19,73.2
2020-11-16,2020-11,46,2,desktop,google,organic,(organic),new_session,488,488,120,6,12,5,368,114,5,7,529,14,32,5,5,198.0,24.59,5.0,200.0,41.67,1.02,4.17,75.41,95.0,83.33,58.33,39.6,0.41,39.6
2020-11-16,2020-11,46,2,mobile,google,organic,(organic),returning_session,101,101,33,1,8,6,68,32,0,2,203,5,36,6,6,541.0,32.67,3.03,800.0,75.0,5.94,18.18,67.33,96.97,0.0,25.0,90.17,5.36,90.17
2020-11-16,2020-11,46,2,desktop,(direct),(none),(direct),returning_session,125,124,35,1,13,8,89,34,0,5,237,12,70,8,8,470.0,28.23,2.86,1300.0,61.54,6.4,22.86,71.77,97.14,0.0,38.46,58.75,3.76,58.75
2020-11-27,2020-11,47,6,desktop,(data deleted),(data deleted),(data deleted),new_session,1,1,1,0,0,0,0,1,0,0,2,0,0,0,0,0.0,100.0,0.0,,,0.0,0.0,0.0,100.0,,,,0.0,
2020-11-27,2020-11,47,6,tablet,<Other>,<Other>,<Other>,returning_session,2,2,1,0,0,0,1,1,0,0,2,0,0,0,0,0.0,50.0,0.0,,,0.0,0.0,50.0,100.0,,,,0.0,
2020-11-27,2020-11,47,6,tablet,<Other>,referral,(referral),new_session,3,3,1,0,0,0,2,1,0,0,4,0,0,0,0,0.0,33.33,0.0,,,0.0,0.0,66.67,100.0,,,,0.0,
2020-11-27,2020-11,47,6,tablet,<Other>,organic,(organic),new_session,1,1,0,0,0,0,1,0,0,0,0,0,0,0,0,0.0,0.0,,,,0.0,,100.0,,,,,0.0,
2020-11-27,2020-11,47,6,tablet,(direct),(none),(direct),returning_session,7,7,1,1,0,0,6,0,1,0,6,5,0,0,0,0.0,14.29,100.0,0.0,,0.0,0.0,85.71,0.0,100.0,,,0.0,
2020-11-27,2020-11,47,6,mobile,(data deleted),(data deleted),(data deleted),new_session,3,2,0,0,0,0,2,0,0,0,0,0,0,0,0,0.0,0.0,,,,0.0,,100.0,,,,,0.0,
2020-11-27,2020-11,47,6,mobile,<Other>,(data deleted),(data deleted),returning_session,2,2,1,0,0,0,1,1,0,0,1,0,0,0,0,0.0,50.0,0.0,,,0.0,0.0,50.0,100.0,,,,0.0,
2020-11-27,2020-11,47,6,tablet,google,cpc,<Other>,new_session,9,9,1,0,0,0,8,1,0,0,8,0,0,0,0,0.0,11.11,0.0,,,0.0,0.0,88.89,100.0,,,,0.0,
2020-11-27,2020-11,47,6,tablet,(direct),(none),(direct),new_session,16,16,5,0,0,0,11,5,0,0,11,0,0,0,0,0.0,31.25,0.0,,,0.0,0.0,68.75,100.0,,,,0.0,
2020-11-27,2020-11,47,6,mobile,(data deleted),(data deleted),<Other>,returning_session,1,1,0,0,0,0,1,0,0,0,0,0,0,0,0,0.0,0.0,,,,0.0,,100.0,,,,,0.0,
2020-11-27,2020-11,47,6,tablet,<Other>,<Other>,<Other>,new_session,15,15,5,1,0,0,10,4,1,0,18,1,0,0,0,0.0,33.33,20.0,0.0,,0.0,0.0,66.67,80.0,100.0,,,0.0,
2020-11-27,2020-11,47,6,mobile,<Other>,organic,(organic),returning_session,7,7,3,3,0,0,4,0,3,0,20,13,0,0,0,0.0,42.86,100.0,0.0,,0.0,0.0,57.14,0.0,100.0,,,0.0,
2020-11-27,2020-11,47,6,mobile,(data deleted),(data deleted),<Other>,new_session,1,1,0,0,0,0,1,0,0,0,0,0,0,0,0,0.0,0.0,,,,0.0,,100.0,,,,,0.0,
2020-11-27,2020-11,47,6,tablet,google,cpc,<Other>,returning_session,1,1,1,0,0,0,0,1,0,0,7,0,0,0,0,0.0,100.0,0.0,,,0.0,0.0,0.0,100.0,,,,0.0,
2020-11-27,2020-11,47,6,desktop,<Other>,organic,(organic),returning_session,13,13,1,0,0,0,12,1,0,0,2,0,0,0,0,0.0,7.69,0.0,,,0.0,0.0,92.31,100.0,,,,0.0,
2020-11-27,2020-11,47,6,tablet,shop.googlemerchandisestore.com,referral,(referral),new_session,3,3,1,0,0,0,2,1,0,0,1,0,0,0,0,0.0,33.33,0.0,,,0.0,0.0,66.67,100.0,,,,0.0,
2020-11-27,2020-11,47,6,tablet,google,organic,(organic),new_session,24,24,4,3,3,0,20,1,1,3,67,8,4,0,0,0.0,16.67,75.0,100.0,0.0,0.0,0.0,83.33,25.0,33.33,100.0,,0.0,
2020-11-27,2020-11,47,6,desktop,<Other>,organic,(organic),new_session,61,61,9,4,1,0,52,5,3,1,55,23,1,0,0,0.0,14.75,44.44,25.0,0.0,0.0,0.0,85.25,55.56,75.0,100.0,,0.0,
2020-11-27,2020-11,47,6,mobile,<Other>,organic,(organic),new_session,47,47,15,5,3,0,32,10,2,3,86,12,3,0,0,0.0,31.91,33.33,60.0,0.0,0.0,0.0,68.09,66.67,40.0,100.0,,0.0,
2020-11-27,2020-11,47,6,desktop,shop.googlemerchandisestore.com,referral,(referral),new_session,85,85,17,6,4,0,68,11,2,4,34,9,4,0,0,0.0,20.0,35.29,66.67,0.0,0.0,0.0,80.0,64.71,33.33,100.0,,0.0,
2020-11-27,2020-11,47,6,mobile,shop.googlemerchandisestore.com,referral,(referral),new_session,52,51,14,2,1,0,37,12,1,1,38,2,1,0,0,0.0,27.45,14.29,50.0,0.0,0.0,0.0,72.55,85.71,50.0,100.0,,0.0,
2020-11-27,2020-11,47,6,mobile,<Other>,<Other>,<Other>,returning_session,23,23,4,0,1,0,19,4,0,1,9,0,1,0,0,0.0,17.39,0.0,,0.0,0.0,0.0,82.61,100.0,,100.0,,0.0,
2020-11-27,2020-11,47,6,mobile,<Other>,<Other>,<Other>,new_session,209,209,54,20,7,1,155,34,13,6,317,66,9,1,1,34.0,25.84,37.04,35.0,14.29,0.48,1.85,74.16,62.96,65.0,85.71,34.0,0.16,34.0
2020-11-27,2020-11,47,6,desktop,google,cpc,<Other>,new_session,87,87,25,11,6,1,62,14,5,5,202,35,8,1,1,111.0,28.74,44.0,54.55,16.67,1.15,4.0,71.26,56.0,45.45,83.33,111.0,1.28,111.0
2020-11-27,2020-11,47,6,mobile,<Other>,referral,(referral),new_session,113,112,22,5,4,1,90,17,1,3,139,10,4,1,1,16.0,19.64,22.73,80.0,25.0,0.88,4.55,80.36,77.27,20.0,75.0,16.0,0.14,16.0
2020-11-27,2020-11,47,6,mobile,(direct),(none),(direct),returning_session,101,101,16,5,3,1,85,11,2,2,53,14,4,1,1,88.0,15.84,31.25,60.0,33.33,0.99,6.25,84.16,68.75,40.0,66.67,88.0,0.87,88.0
2020-11-27,2020-11,47,6,mobile,<Other>,referral,(referral),returning_session,40,40,8,1,2,1,32,7,0,1,17,3,2,1,1,72.0,20.0,12.5,200.0,50.0,2.5,12.5,80.0,87.5,0.0,50.0,72.0,1.8,72.0
2020-11-27,2020-11,47,6,tablet,google,organic,(organic),returning_session,2,2,1,1,1,1,1,0,0,0,4,1,1,1,1,73.0,50.0,100.0,100.0,100.0,50.0,100.0,50.0,0.0,0.0,0.0,73.0,36.5,73.0
2020-11-27,2020-11,47,6,desktop,google,cpc,<Other>,returning_session,9,9,2,2,1,1,7,0,1,0,21,18,1,1,1,75.0,22.22,100.0,50.0,100.0,11.11,50.0,77.78,0.0,50.0,0.0,75.0,8.33,75.0
2020-11-27,2020-11,47,6,tablet,(data deleted),(data deleted),(data deleted),returning_session,5,5,3,2,1,1,2,1,1,0,35,2,3,1,1,76.0,60.0,66.67,50.0,100.0,20.0,33.33,40.0,33.33,50.0,0.0,76.0,15.2,76.0
2020-11-27,2020-11,47,6,desktop,<Other>,(data deleted),(data deleted),returning_session,5,5,1,1,1,1,4,0,0,0,3,3,2,1,1,72.0,20.0,100.0,100.0,100.0,20.0,100.0,80.0,0.0,0.0,0.0,72.0,14.4,72.0
2020-11-27,2020-11,47,6,tablet,<Other>,referral,(referral),returning_session,1,1,1,1,1,1,0,0,0,0,14,1,1,1,1,34.0,100.0,100.0,100.0,100.0,100.0,100.0,0.0,0.0,0.0,0.0,34.0,34.0,34.0
2020-11-27,2020-11,47,6,desktop,<Other>,<Other>,<Other>,returning_session,32,32,5,3,1,1,27,2,2,0,34,18,1,1,1,131.0,15.63,60.0,33.33,100.0,3.13,20.0,84.38,40.0,66.67,0.0,131.0,4.09,131.0
2020-11-27,2020-11,47,6,mobile,google,cpc,<Other>,returning_session,8,8,1,0,1,1,7,1,0,0,2,0,1,1,1,6.0,12.5,0.0,,100.0,12.5,100.0,87.5,100.0,,0.0,6.0,0.75,6.0
2020-11-27,2020-11,47,6,desktop,<Other>,referral,(referral),returning_session,73,73,22,10,5,2,51,12,6,3,150,37,6,2,2,57.0,30.14,45.45,50.0,40.0,2.74,9.09,69.86,54.55,60.0,60.0,28.5,0.78,28.5
2020-11-27,2020-11,47,6,mobile,google,cpc,<Other>,new_session,74,74,19,8,3,2,55,11,5,1,98,26,6,2,2,70.0,25.68,42.11,37.5,66.67,2.7,10.53,74.32,57.89,62.5,33.33,35.0,0.95,35.0
2020-11-27,2020-11,47,6,desktop,(data deleted),(data deleted),<Other>,returning_session,7,7,3,2,3,2,4,1,0,1,35,21,5,2,2,103.0,42.86,66.67,150.0,66.67,28.57,66.67,57.14,33.33,0.0,33.33,51.5,14.71,51.5
2020-11-27,2020-11,47,6,mobile,google,organic,(organic),returning_session,104,104,24,11,3,2,80,13,8,1,129,32,3,2,2,157.0,23.08,45.83,27.27,66.67,1.92,8.33,76.92,54.17,72.73,33.33,78.5,1.51,78.5
2020-11-27,2020-11,47,6,tablet,shop.googlemerchandisestore.com,referral,(referral),returning_session,3,3,2,2,2,2,1,0,0,0,46,41,4,3,3,158.0,66.67,100.0,100.0,100.0,66.67,100.0,33.33,0.0,0.0,0.0,79.0,52.67,52.67
2020-11-27,2020-11,47,6,desktop,<Other>,referral,(referral),new_session,152,152,38,13,6,3,114,25,7,3,226,32,10,3,3,307.0,25.0,34.21,46.15,50.0,1.97,7.89,75.0,65.79,53.85,50.0,102.33,2.02,102.33
2020-11-27,2020-11,47,6,desktop,google,organic,(organic),returning_session,141,141,31,10,6,3,110,21,4,3,222,51,19,3,3,293.0,21.99,32.26,60.0,50.0,2.13,9.68,78.01,67.74,40.0,50.0,97.67,2.08,97.67
2020-11-27,2020-11,47,6,desktop,google,organic,(organic),new_session,545,545,123,43,24,4,422,80,24,20,607,126,31,4,4,172.0,22.57,34.96,55.81,16.67,0.73,3.25,77.43,65.04,55.81,83.33,43.0,0.32,43.0
2020-11-27,2020-11,47,6,mobile,google,organic,(organic),new_session,369,369,70,28,9,4,299,42,19,5,348,74,13,5,5,495.0,18.97,40.0,32.14,44.44,1.08,5.71,81.03,60.0,67.86,55.56,123.75,1.34,99.0
2020-11-27,2020-11,47,6,mobile,(data deleted),(data deleted),(data deleted),returning_session,76,76,15,7,6,4,61,8,4,2,83,29,10,5,5,170.0,19.74,46.67,85.71,66.67,5.26,26.67,80.26,53.33,57.14,33.33,42.5,2.24,34.0
2020-11-27,2020-11,47,6,desktop,(direct),(none),(direct),returning_session,145,145,35,12,5,4,110,23,8,1,224,55,14,4,4,288.0,24.14,34.29,41.67,80.0,2.76,11.43,75.86,65.71,66.67,20.0,72.0,1.99,72.0
2020-11-27,2020-11,47,6,desktop,(direct),(none),(direct),new_session,374,373,79,23,18,5,294,56,9,13,267,52,23,5,5,256.0,21.18,29.11,78.26,27.78,1.34,6.33,78.82,70.89,39.13,72.22,51.2,0.68,51.2
2020-11-27,2020-11,47,6,desktop,<Other>,<Other>,<Other>,new_session,321,321,56,23,17,5,265,33,7,12,504,65,30,8,6,597.0,17.45,41.07,73.91,29.41,1.56,8.93,82.55,58.93,30.43,70.59,119.4,1.86,99.5
2020-11-27,2020-11,47,6,mobile,shop.googlemerchandisestore.com,referral,(referral),returning_session,78,78,19,10,7,6,59,9,4,1,137,50,10,6,6,301.0,24.36,52.63,70.0,85.71,7.69,31.58,75.64,47.37,40.0,14.29,50.17,3.86,50.17
2020-11-27,2020-11,47,6,mobile,(direct),(none),(direct),new_session,281,281,54,20,15,9,227,34,8,6,391,126,23,9,9,522.0,19.22,37.04,75.0,60.0,3.2,16.67,80.78,62.96,40.0,40.0,58.0,1.86,58.0
2020-11-27,2020-11,47,6,desktop,shop.googlemerchandisestore.com,referral,(referral),returning_session,100,100,27,15,10,9,73,12,6,1,268,77,22,9,9,987.0,27.0,55.56,66.67,90.0,9.0,33.33,73.0,44.44,40.0,10.0,109.67,9.87,109.67
2020-11-27,2020-11,47,6,desktop,(data deleted),(data deleted),(data deleted),returning_session,145,145,33,14,13,11,112,19,4,2,266,85,19,12,11,718.0,22.76,42.42,92.86,84.62,7.59,33.33,77.24,57.58,28.57,15.38,65.27,4.95,65.27
2021-01-22,2021-01,3,6,tablet,<Other>,referral,(referral),returning_session,1,1,0,0,0,0,1,0,0,0,0,0,0,0,0,0.0,0.0,,,,0.0,,100.0,,,,,0.0,
2021-01-22,2021-01,3,6,mobile,<Other>,(data deleted),(data deleted),returning_session,1,1,0,0,0,0,1,0,0,0,0,0,0,0,0,0.0,0.0,,,,0.0,,100.0,,,,,0.0,
2021-01-22,2021-01,3,6,desktop,(data deleted),(data deleted),<Other>,new_session,1,1,0,0,0,0,1,0,0,0,0,0,0,0,0,0.0,0.0,,,,0.0,,100.0,,,,,0.0,
2021-01-22,2021-01,3,6,tablet,shop.googlemerchandisestore.com,referral,(referral),new_session,1,1,0,0,0,0,1,0,0,0,0,0,0,0,0,0.0,0.0,,,,0.0,,100.0,,,,,0.0,
2021-01-22,2021-01,3,6,tablet,(data deleted),(data deleted),(data deleted),new_session,1,1,0,0,0,0,1,0,0,0,0,0,0,0,0,0.0,0.0,,,,0.0,,100.0,,,,,0.0,
2021-01-22,2021-01,3,6,tablet,shop.googlemerchandisestore.com,referral,(referral),returning_session,1,1,0,0,0,0,1,0,0,0,0,0,0,0,0,0.0,0.0,,,,0.0,,100.0,,,,,0.0,
2021-01-22,2021-01,3,6,desktop,(data deleted),(data deleted),(data deleted),new_session,3,3,0,0,0,0,3,0,0,0,0,0,0,0,0,0.0,0.0,,,,0.0,,100.0,,,,,0.0,
2021-01-22,2021-01,3,6,tablet,google,organic,(organic),returning_session,2,2,0,0,0,0,2,0,0,0,0,0,0,0,0,0.0,0.0,,,,0.0,,100.0,,,,,0.0,
2021-01-22,2021-01,3,6,tablet,google,organic,(organic),new_session,16,16,3,0,0,0,13,3,0,0,3,0,0,0,0,0.0,18.75,0.0,,,0.0,0.0,81.25,100.0,,,,0.0,
2021-01-22,2021-01,3,6,mobile,google,cpc,<Other>,new_session,64,64,17,4,2,0,47,13,2,2,47,11,9,0,0,0.0,26.56,23.53,50.0,0.0,0.0,0.0,73.44,76.47,50.0,100.0,,0.0,
2021-01-22,2021-01,3,6,desktop,<Other>,organic,(organic),returning_session,18,18,5,1,0,0,13,4,1,0,40,7,0,0,0,0.0,27.78,20.0,0.0,,0.0,0.0,72.22,80.0,100.0,,,0.0,
2021-01-22,2021-01,3,6,mobile,(data deleted),(data deleted),(data deleted),returning_session,84,84,28,4,3,0,56,24,3,3,166,27,18,0,0,0.0,33.33,14.29,75.0,0.0,0.0,0.0,66.67,85.71,75.0,100.0,,0.0,
2021-01-22,2021-01,3,6,tablet,google,cpc,<Other>,new_session,3,3,1,1,0,0,2,0,1,0,5,1,0,0,0,0.0,33.33,100.0,0.0,,0.0,0.0,66.67,0.0,100.0,,,0.0,
2021-01-22,2021-01,3,6,desktop,<Other>,(data deleted),(data deleted),returning_session,4,4,1,0,0,0,3,1,0,0,8,0,0,0,0,0.0,25.0,0.0,,,0.0,0.0,75.0,100.0,,,,0.0,
2021-01-22,2021-01,3,6,tablet,<Other>,referral,(referral),new_session,5,5,1,0,0,0,4,1,0,0,2,0,0,0,0,0.0,20.0,0.0,,,0.0,0.0,80.0,100.0,,,,0.0,
2021-01-22,2021-01,3,6,tablet,<Other>,<Other>,<Other>,new_session,17,17,4,0,0,0,13,4,0,0,5,0,0,0,0,0.0,23.53,0.0,,,0.0,0.0,76.47,100.0,,,,0.0,
2021-01-22,2021-01,3,6,tablet,(data deleted),(data deleted),(data deleted),returning_session,3,3,2,0,0,0,1,2,0,0,5,0,0,0,0,0.0,66.67,0.0,,,0.0,0.0,33.33,100.0,,,,0.0,
2021-01-22,2021-01,3,6,desktop,(data deleted),(data deleted),<Other>,returning_session,4,4,1,0,0,0,3,1,0,0,4,0,0,0,0,0.0,25.0,0.0,,,0.0,0.0,75.0,100.0,,,,0.0,
2021-01-22,2021-01,3,6,tablet,<Other>,organic,(organic),new_session,2,2,1,0,0,0,1,1,0,0,1,0,0,0,0,0.0,50.0,0.0,,,0.0,0.0,50.0,100.0,,,,0.0,
2021-01-22,2021-01,3,6,desktop,<Other>,organic,(organic),new_session,61,61,12,2,0,0,49,10,2,0,14,2,0,0,0,0.0,19.67,16.67,0.0,,0.0,0.0,80.33,83.33,100.0,,,0.0,
2021-01-22,2021-01,3,6,tablet,(direct),(none),(direct),new_session,14,14,4,0,0,0,10,4,0,0,7,0,0,0,0,0.0,28.57,0.0,,,0.0,0.0,71.43,100.0,,,,0.0,
2021-01-22,2021-01,3,6,desktop,<Other>,<Other>,<Other>,new_session,295,295,85,13,4,1,210,73,9,3,206,18,15,1,1,52.0,28.81,15.29,30.77,25.0,0.34,1.18,71.19,85.88,69.23,75.0,52.0,0.18,52.0
2021-01-22,2021-01,3,6,desktop,<Other>,referral,(referral),new_session,157,157,40,4,3,1,117,36,2,2,129,25,12,1,1,38.0,25.48,10.0,75.0,33.33,0.64,2.5,74.52,90.0,50.0,66.67,38.0,0.24,38.0
2021-01-22,2021-01,3,6,desktop,shop.googlemerchandisestore.com,referral,(referral),new_session,97,97,28,3,1,1,69,25,2,0,115,20,10,2,1,0.0,28.87,10.71,33.33,100.0,1.03,3.57,71.13,89.29,66.67,0.0,0.0,0.0,0.0
2021-01-22,2021-01,3,6,mobile,<Other>,referral,(referral),returning_session,47,47,18,3,2,1,29,15,3,1,47,3,9,1,1,32.0,38.3,16.67,66.67,50.0,2.13,5.56,61.7,83.33,100.0,50.0,32.0,0.68,32.0
2021-01-22,2021-01,3,6,mobile,shop.googlemerchandisestore.com,referral,(referral),new_session,62,62,15,1,1,1,47,14,0,0,39,14,12,1,1,169.0,24.19,6.67,100.0,100.0,1.61,6.67,75.81,93.33,0.0,0.0,169.0,2.73,169.0
2021-01-22,2021-01,3,6,mobile,<Other>,organic,(organic),new_session,38,38,11,1,1,1,27,10,0,0,55,2,3,1,1,28.0,28.95,9.09,100.0,100.0,2.63,9.09,71.05,90.91,0.0,0.0,28.0,0.74,28.0
2021-01-22,2021-01,3,6,tablet,(direct),(none),(direct),returning_session,7,7,3,2,1,1,4,1,1,0,73,16,6,1,1,130.0,42.86,66.67,50.0,100.0,14.29,33.33,57.14,33.33,50.0,0.0,130.0,18.57,130.0
2021-01-22,2021-01,3,6,mobile,google,cpc,<Other>,returning_session,8,8,2,1,1,1,6,1,0,0,5,1,6,1,1,24.0,25.0,50.0,100.0,100.0,12.5,50.0,75.0,50.0,0.0,0.0,24.0,3.0,24.0
2021-01-22,2021-01,3,6,mobile,<Other>,organic,(organic),returning_session,6,6,2,1,1,1,4,1,0,0,37,2,3,1,1,111.0,33.33,50.0,100.0,100.0,16.67,50.0,66.67,50.0,0.0,0.0,111.0,18.5,111.0
2021-01-22,2021-01,3,6,mobile,(data deleted),(data deleted),<Other>,returning_session,2,2,1,0,1,1,1,1,0,0,14,0,3,1,1,21.0,50.0,0.0,,100.0,50.0,100.0,50.0,100.0,,0.0,21.0,10.5,21.0
2021-01-22,2021-01,3,6,desktop,(direct),(none),(direct),new_session,425,425,119,14,5,2,306,105,11,3,305,40,21,2,2,184.0,28.0,11.76,35.71,40.0,0.47,1.68,72.0,88.24,78.57,60.0,92.0,0.43,92.0
2021-01-22,2021-01,3,6,mobile,(direct),(none),(direct),new_session,285,285,78,7,5,2,207,71,4,3,178,8,15,2,2,112.0,27.37,8.97,71.43,40.0,0.7,2.56,72.63,91.03,57.14,60.0,56.0,0.39,56.0
2021-01-22,2021-01,3,6,mobile,<Other>,referral,(referral),new_session,127,127,28,7,3,2,99,21,5,1,83,14,15,2,2,66.0,22.05,25.0,42.86,66.67,1.57,7.14,77.95,75.0,71.43,33.33,33.0,0.52,33.0
2021-01-22,2021-01,3,6,desktop,<Other>,referral,(referral),returning_session,71,71,17,5,3,2,54,12,3,1,118,13,10,2,2,54.0,23.94,29.41,60.0,66.67,2.82,11.76,76.06,70.59,60.0,33.33,27.0,0.76,27.0
2021-01-22,2021-01,3,6,desktop,<Other>,<Other>,<Other>,returning_session,44,44,14,4,2,2,30,10,2,0,62,12,8,2,2,32.0,31.82,28.57,50.0,100.0,4.55,14.29,68.18,71.43,50.0,0.0,16.0,0.73,16.0
2021-01-22,2021-01,3,6,mobile,<Other>,<Other>,<Other>,returning_session,19,19,7,2,2,2,12,5,1,0,72,11,9,2,2,148.0,36.84,28.57,100.0,100.0,10.53,28.57,63.16,71.43,50.0,0.0,74.0,7.79,74.0
2021-01-22,2021-01,3,6,desktop,google,cpc,<Other>,new_session,107,107,31,5,4,3,76,26,2,1,138,23,42,3,3,168.0,28.97,16.13,80.0,75.0,2.8,9.68,71.03,83.87,40.0,25.0,56.0,1.57,56.0
2021-01-22,2021-01,3,6,mobile,<Other>,<Other>,<Other>,new_session,204,204,45,10,7,4,159,35,4,3,190,29,45,4,4,263.0,22.06,22.22,70.0,57.14,1.96,8.89,77.94,77.78,40.0,42.86,65.75,1.29,65.75
2021-01-22,2021-01,3,6,mobile,(direct),(none),(direct),returning_session,95,95,22,8,4,4,73,14,5,0,98,14,27,4,4,189.0,23.16,36.36,50.0,100.0,4.21,18.18,76.84,63.64,62.5,0.0,47.25,1.99,47.25
2021-01-22,2021-01,3,6,desktop,google,cpc,<Other>,returning_session,16,16,8,5,5,4,8,3,1,1,37,13,24,4,4,228.0,50.0,62.5,100.0,80.0,25.0,50.0,50.0,37.5,20.0,20.0,57.0,14.25,57.0
2021-01-22,2021-01,3,6,desktop,google,organic,(organic),new_session,600,600,169,18,15,5,431,151,12,10,367,39,105,5,5,241.0,28.17,10.65,83.33,33.33,0.83,2.96,71.83,89.35,66.67,66.67,48.2,0.4,48.2
2021-01-22,2021-01,3,6,mobile,google,organic,(organic),new_session,367,367,103,11,9,5,264,92,7,4,320,27,45,5,5,281.0,28.07,10.68,81.82,55.56,1.36,4.85,71.93,89.32,63.64,44.44,56.2,0.77,56.2
2021-01-22,2021-01,3,6,desktop,(direct),(none),(direct),returning_session,131,131,37,13,12,5,94,24,3,7,199,46,45,5,5,297.0,28.24,35.14,92.31,41.67,3.82,13.51,71.76,64.86,23.08,58.33,59.4,2.27,59.4
2021-01-22,2021-01,3,6,mobile,shop.googlemerchandisestore.com,referral,(referral),returning_session,81,81,26,10,7,5,55,16,4,2,142,40,57,6,6,202.0,32.1,38.46,70.0,71.43,6.17,19.23,67.9,61.54,40.0,28.57,40.4,2.49,33.67
2021-01-22,2021-01,3,6,desktop,shop.googlemerchandisestore.com,referral,(referral),returning_session,104,104,27,9,10,6,77,18,4,4,198,34,105,14,14,796.0,25.96,33.33,111.11,60.0,5.77,22.22,74.04,66.67,44.44,40.0,132.67,7.65,56.86
2021-01-22,2021-01,3,6,desktop,(data deleted),(data deleted),(data deleted),returning_session,142,142,44,10,10,7,98,34,2,3,166,27,42,7,7,456.0,30.99,22.73,100.0,70.0,4.93,15.91,69.01,77.27,20.0,30.0,65.14,3.21,65.14
2021-01-22,2021-01,3,6,mobile,google,organic,(organic),returning_session,102,102,31,13,12,7,71,18,3,5,292,43,54,8,7,462.0,30.39,41.94,92.31,58.33,6.86,22.58,69.61,58.06,23.08,41.67,66.0,4.53,66.0
2021-01-22,2021-01,3,6,desktop,google,organic,(organic),returning_session,144,144,56,22,19,12,88,34,8,7,472,89,113,13,12,837.0,38.89,39.29,86.36,63.16,8.33,21.43,61.11,60.71,36.36,36.84,69.75,5.81,69.75
2020-11-19,2020-11,46,5,mobile,<Other>,(data deleted),(data deleted),returning_session,3,3,0,0,0,0,3,0,0,0,0,0,0,0,0,0.0,0.0,,,,0.0,,100.0,,,,,0.0,
2020-11-19,2020-11,46,5,tablet,(data deleted),(data deleted),(data deleted),returning_session,5,5,0,0,0,0,5,0,0,0,0,0,0,0,0,0.0,0.0,,,,0.0,,100.0,,,,,0.0,
2020-11-19,2020-11,46,5,mobile,<Other>,organic,(organic),returning_session,2,2,0,0,0,0,2,0,0,0,0,0,0,0,0,0.0,0.0,,,,0.0,,100.0,,,,,0.0,
2020-11-19,2020-11,46,5,mobile,(data deleted),(data deleted),<Other>,returning_session,2,2,0,0,0,0,2,0,0,0,0,0,0,0,0,0.0,0.0,,,,0.0,,100.0,,,,,0.0,
2020-11-19,2020-11,46,5,mobile,google,cpc,<Other>,returning_session,8,8,0,0,0,0,8,0,0,0,0,0,0,0,0,0.0,0.0,,,,0.0,,100.0,,,,,0.0,
2020-11-19,2020-11,46,5,tablet,<Other>,referral,(referral),returning_session,2,2,0,0,0,0,2,0,0,0,0,0,0,0,0,0.0,0.0,,,,0.0,,100.0,,,,,0.0,
2020-11-19,2020-11,46,5,tablet,<Other>,<Other>,<Other>,returning_session,3,3,1,0,0,0,2,1,0,0,10,0,0,0,0,0.0,33.33,0.0,,,0.0,0.0,66.67,100.0,,,,0.0,
2020-11-19,2020-11,46,5,tablet,shop.googlemerchandisestore.com,referral,(referral),returning_session,3,3,1,0,0,0,2,1,0,0,3,0,0,0,0,0.0,33.33,0.0,,,0.0,0.0,66.67,100.0,,,,0.0,
2020-11-19,2020-11,46,5,desktop,<Other>,(data deleted),(data deleted),returning_session,1,1,1,0,0,0,0,1,0,0,1,0,0,0,0,0.0,100.0,0.0,,,0.0,0.0,0.0,100.0,,,,0.0,
2020-11-19,2020-11,46,5,tablet,(direct),(none),(direct),returning_session,6,6,1,0,0,0,5,1,0,0,1,0,0,0,0,0.0,16.67,0.0,,,0.0,0.0,83.33,100.0,,,,0.0,
2020-11-19,2020-11,46,5,tablet,google,cpc,<Other>,new_session,6,6,1,0,0,0,5,1,0,0,1,0,0,0,0,0.0,16.67,0.0,,,0.0,0.0,83.33,100.0,,,,0.0,
2020-11-19,2020-11,46,5,desktop,(data deleted),(data deleted),(data deleted),new_session,3,3,1,0,0,0,2,1,0,0,2,0,0,0,0,0.0,33.33,0.0,,,0.0,0.0,66.67,100.0,,,,0.0,
2020-11-19,2020-11,46,5,tablet,google,organic,(organic),returning_session,7,7,1,0,0,0,6,1,0,0,1,0,0,0,0,0.0,14.29,0.0,,,0.0,0.0,85.71,100.0,,,,0.0,
2020-11-19,2020-11,46,5,tablet,<Other>,organic,(organic),new_session,1,1,1,0,0,0,0,1,0,0,4,0,0,0,0,0.0,100.0,0.0,,,0.0,0.0,0.0,100.0,,,,0.0,
2020-11-19,2020-11,46,5,tablet,(data deleted),(data deleted),(data deleted),new_session,2,2,2,0,0,0,0,2,0,0,3,0,0,0,0,0.0,100.0,0.0,,,0.0,0.0,0.0,100.0,,,,0.0,
2020-11-19,2020-11,46,5,desktop,(data deleted),(data deleted),<Other>,returning_session,6,6,2,1,1,0,4,1,0,1,29,1,1,0,0,0.0,33.33,50.0,100.0,0.0,0.0,0.0,66.67,50.0,0.0,100.0,,0.0,
2020-11-19,2020-11,46,5,tablet,(direct),(none),(direct),new_session,17,17,3,0,1,0,14,3,0,1,8,0,1,0,0,0.0,17.65,0.0,,0.0,0.0,0.0,82.35,100.0,,100.0,,0.0,
2020-11-19,2020-11,46,5,tablet,shop.googlemerchandisestore.com,referral,(referral),new_session,6,6,4,0,1,0,2,4,0,1,73,0,1,0,0,0.0,66.67,0.0,,0.0,0.0,0.0,33.33,100.0,,100.0,,0.0,
2020-11-19,2020-11,46,5,tablet,<Other>,referral,(referral),new_session,6,6,4,0,0,0,2,4,0,0,4,0,0,0,0,0.0,66.67,0.0,,,0.0,0.0,33.33,100.0,,,,0.0,
2020-11-19,2020-11,46,5,tablet,<Other>,<Other>,<Other>,new_session,13,13,4,0,0,0,9,4,0,0,4,0,0,0,0,0.0,30.77,0.0,,,0.0,0.0,69.23,100.0,,,,0.0,
2020-11-19,2020-11,46,5,tablet,google,organic,(organic),new_session,19,19,7,0,2,0,12,7,0,2,117,0,2,0,0,0.0,36.84,0.0,,0.0,0.0,0.0,63.16,100.0,,100.0,,0.0,
2020-11-19,2020-11,46,5,mobile,<Other>,organic,(organic),new_session,30,30,7,1,0,0,23,6,1,0,18,9,0,0,0,0.0,23.33,14.29,0.0,,0.0,0.0,76.67,85.71,100.0,,,0.0,
2020-11-19,2020-11,46,5,mobile,shop.googlemerchandisestore.com,referral,(referral),new_session,50,50,8,0,1,0,42,8,0,1,15,0,1,0,0,0.0,16.0,0.0,,0.0,0.0,0.0,84.0,100.0,,100.0,,0.0,
2020-11-19,2020-11,46,5,desktop,<Other>,organic,(organic),new_session,52,52,15,0,1,0,37,15,0,1,39,0,2,0,0,0.0,28.85,0.0,,0.0,0.0,0.0,71.15,100.0,,100.0,,0.0,
2020-11-19,2020-11,46,5,desktop,shop.googlemerchandisestore.com,referral,(referral),new_session,80,80,19,1,1,0,61,18,1,1,77,4,1,0,0,0.0,23.75,5.26,100.0,0.0,0.0,0.0,76.25,94.74,100.0,100.0,,0.0,
2020-11-19,2020-11,46,5,mobile,google,cpc,<Other>,new_session,55,55,19,0,0,0,36,19,0,0,43,0,0,0,0,0.0,34.55,0.0,,,0.0,0.0,65.45,100.0,,,,0.0,
2020-11-19,2020-11,46,5,desktop,google,cpc,<Other>,new_session,89,89,25,0,2,0,64,25,0,2,109,0,2,0,0,0.0,28.09,0.0,,0.0,0.0,0.0,71.91,100.0,,100.0,,0.0,
2020-11-19,2020-11,46,5,desktop,google,organic,(organic),returning_session,198,197,39,1,1,0,158,38,1,1,227,5,9,0,0,0.0,19.8,2.56,100.0,0.0,0.0,0.0,80.2,97.44,100.0,100.0,,0.0,
2020-11-19,2020-11,46,5,desktop,<Other>,organic,(organic),returning_session,15,15,5,0,1,1,10,5,0,0,40,0,8,2,1,208.0,33.33,0.0,,100.0,6.67,20.0,66.67,100.0,,0.0,208.0,13.87,208.0
2020-11-19,2020-11,46,5,desktop,google,cpc,<Other>,returning_session,20,20,6,0,2,1,14,6,0,1,29,0,6,1,1,0.0,30.0,0.0,,50.0,5.0,16.67,70.0,100.0,,50.0,0.0,0.0,0.0
2020-11-19,2020-11,46,5,mobile,<Other>,<Other>,<Other>,returning_session,31,31,10,2,1,1,21,8,1,0,37,8,1,1,1,92.0,32.26,20.0,50.0,100.0,3.23,10.0,67.74,80.0,50.0,0.0,92.0,2.97,92.0
2020-11-19,2020-11,46,5,desktop,<Other>,<Other>,<Other>,returning_session,43,43,13,3,4,1,30,10,1,3,65,8,8,2,1,116.0,30.23,23.08,133.33,25.0,2.33,7.69,69.77,76.92,33.33,75.0,116.0,2.7,116.0
2020-11-19,2020-11,46,5,mobile,<Other>,referral,(referral),new_session,106,106,28,0,2,1,78,28,0,1,186,0,4,2,1,124.0,26.42,0.0,,50.0,0.94,3.57,73.58,100.0,,50.0,124.0,1.17,124.0
2020-11-19,2020-11,46,5,desktop,<Other>,referral,(referral),new_session,137,137,33,2,6,1,104,31,0,5,284,4,12,2,1,678.0,24.09,6.06,300.0,16.67,0.73,3.03,75.91,93.94,0.0,83.33,678.0,4.95,678.0
2020-11-19,2020-11,46,5,mobile,<Other>,referral,(referral),returning_session,64,64,13,1,2,1,51,12,1,1,71,1,10,4,2,198.0,20.31,7.69,200.0,50.0,1.56,7.69,79.69,92.31,100.0,50.0,198.0,3.09,99.0
2020-11-19,2020-11,46,5,mobile,shop.googlemerchandisestore.com,referral,(referral),returning_session,87,87,19,0,2,2,68,19,0,0,64,0,4,4,2,282.0,21.84,0.0,,100.0,2.3,10.53,78.16,100.0,,0.0,141.0,3.24,141.0
2020-11-19,2020-11,46,5,mobile,(direct),(none),(direct),returning_session,113,113,23,1,5,2,90,23,1,3,113,1,17,3,2,48.0,20.35,4.35,500.0,40.0,1.77,8.7,79.65,100.0,100.0,60.0,24.0,0.42,24.0
2020-11-19,2020-11,46,5,mobile,(data deleted),(data deleted),(data deleted),returning_session,127,127,35,0,6,2,92,35,0,4,150,0,26,4,2,566.0,27.56,0.0,,33.33,1.57,5.71,72.44,100.0,,66.67,283.0,4.46,283.0
2020-11-19,2020-11,46,5,desktop,(direct),(none),(direct),returning_session,185,185,48,2,7,2,137,46,2,5,235,4,14,4,2,220.0,25.95,4.17,350.0,28.57,1.08,4.17,74.05,95.83,100.0,71.43,110.0,1.19,110.0
2020-11-19,2020-11,46,5,desktop,<Other>,<Other>,<Other>,new_session,286,286,70,3,7,2,216,67,3,5,348,32,13,3,2,168.0,24.48,4.29,233.33,28.57,0.7,2.86,75.52,95.71,100.0,71.43,84.0,0.59,84.0
2020-11-19,2020-11,46,5,mobile,google,organic,(organic),new_session,362,362,100,4,11,2,262,96,3,9,428,16,17,4,2,150.0,27.62,4.0,275.0,18.18,0.55,2.0,72.38,96.0,75.0,81.82,75.0,0.41,75.0
2020-11-19,2020-11,46,5,mobile,google,organic,(organic),returning_session,105,105,33,4,5,3,72,29,2,2,113,24,26,6,3,462.0,31.43,12.12,125.0,60.0,2.86,9.09,68.57,87.88,50.0,40.0,154.0,4.4,154.0
2020-11-19,2020-11,46,5,mobile,<Other>,<Other>,<Other>,new_session,183,183,39,3,4,2,144,36,2,2,218,8,9,5,3,525.0,21.31,7.69,133.33,50.0,1.09,5.13,78.69,92.31,66.67,50.0,262.5,2.87,175.0
2020-11-19,2020-11,46,5,desktop,(data deleted),(data deleted),(data deleted),returning_session,178,178,44,2,6,3,134,42,1,3,234,13,15,5,3,148.0,24.72,4.55,300.0,50.0,1.69,6.82,75.28,95.45,50.0,50.0,49.33,0.83,49.33
2020-11-19,2020-11,46,5,mobile,(direct),(none),(direct),new_session,252,252,61,0,8,3,191,61,0,5,263,0,19,8,3,1054.0,24.21,0.0,,37.5,1.19,4.92,75.79,100.0,,62.5,351.33,4.18,351.33
2020-11-19,2020-11,46,5,desktop,(direct),(none),(direct),new_session,412,412,100,3,7,3,312,97,2,4,433,25,20,5,3,220.0,24.27,3.0,233.33,42.86,0.73,3.0,75.73,97.0,66.67,57.14,73.33,0.53,73.33
2020-11-19,2020-11,46,5,desktop,<Other>,referral,(referral),returning_session,105,105,30,1,5,4,75,29,1,1,149,1,15,7,4,616.0,28.57,3.33,500.0,80.0,3.81,13.33,71.43,96.67,100.0,20.0,154.0,5.87,154.0
2020-11-19,2020-11,46,5,desktop,shop.googlemerchandisestore.com,referral,(referral),returning_session,152,152,44,1,8,5,108,44,1,3,176,1,35,9,5,200.0,28.95,2.27,800.0,62.5,3.29,11.36,71.05,100.0,100.0,37.5,40.0,1.32,40.0
2020-11-19,2020-11,46,5,desktop,google,organic,(organic),new_session,551,551,143,3,17,5,408,140,2,12,735,22,32,9,5,593.0,25.95,2.1,566.67,29.41,0.91,3.5,74.05,97.9,66.67,70.59,118.6,1.08,118.6
2020-12-23,2020-12,51,4,tablet,(data deleted),(data deleted),(data deleted),returning_session,1,1,0,0,0,0,1,0,0,0,0,0,0,0,0,0.0,0.0,,,,0.0,,100.0,,,,,0.0,
2020-12-23,2020-12,51,4,tablet,shop.googlemerchandisestore.com,referral,(referral),new_session,2,2,0,0,0,0,2,0,0,0,0,0,0,0,0,0.0,0.0,,,,0.0,,100.0,,,,,0.0,
2020-12-23,2020-12,51,4,mobile,<Other>,organic,(organic),returning_session,1,1,0,0,0,0,1,0,0,0,0,0,0,0,0,0.0,0.0,,,,0.0,,100.0,,,,,0.0,
2020-12-23,2020-12,51,4,tablet,<Other>,organic,(organic),new_session,2,2,0,0,0,0,2,0,0,0,0,0,0,0,0,0.0,0.0,,,,0.0,,100.0,,,,,0.0,
2020-12-23,2020-12,51,4,mobile,(data deleted),(data deleted),<Other>,returning_session,1,1,0,0,0,0,1,0,0,0,0,0,0,0,0,0.0,0.0,,,,0.0,,100.0,,,,,0.0,
2020-12-23,2020-12,51,4,desktop,<Other>,(data deleted),(data deleted),returning_session,1,1,0,0,0,0,1,0,0,0,0,0,0,0,0,0.0,0.0,,,,0.0,,100.0,,,,,0.0,
2020-12-23,2020-12,51,4,tablet,shop.googlemerchandisestore.com,referral,(referral),returning_session,3,3,0,0,0,0,3,0,0,0,0,0,0,0,0,0.0,0.0,,,,0.0,,100.0,,,,,0.0,
2020-12-23,2020-12,51,4,tablet,google,cpc,<Other>,new_session,2,2,0,0,0,0,2,0,0,0,0,0,0,0,0,0.0,0.0,,,,0.0,,100.0,,,,,0.0,
2020-12-23,2020-12,51,4,desktop,google,cpc,<Other>,new_session,64,64,9,0,0,0,55,9,0,0,11,0,0,0,0,0.0,14.06,0.0,,,0.0,0.0,85.94,100.0,,,,0.0,
2020-12-23,2020-12,51,4,tablet,google,organic,(organic),new_session,18,18,2,0,0,0,16,2,0,0,4,0,0,0,0,0.0,11.11,0.0,,,0.0,0.0,88.89,100.0,,,,0.0,
2020-12-23,2020-12,51,4,tablet,(direct),(none),(direct),returning_session,4,4,1,0,0,0,3,1,0,0,3,0,0,0,0,0.0,25.0,0.0,,,0.0,0.0,75.0,100.0,,,,0.0,
2020-12-23,2020-12,51,4,tablet,<Other>,<Other>,<Other>,new_session,12,12,2,0,0,0,10,2,0,0,3,0,0,0,0,0.0,16.67,0.0,,,0.0,0.0,83.33,100.0,,,,0.0,
2020-12-23,2020-12,51,4,tablet,<Other>,referral,(referral),new_session,5,5,2,0,0,0,3,2,0,0,8,0,0,0,0,0.0,40.0,0.0,,,0.0,0.0,60.0,100.0,,,,0.0,
2020-12-23,2020-12,51,4,mobile,(data deleted),(data deleted),(data deleted),new_session,3,3,1,0,0,0,2,1,0,0,5,0,0,0,0,0.0,33.33,0.0,,,0.0,0.0,66.67,100.0,,,,0.0,
2020-12-23,2020-12,51,4,desktop,(data deleted),(data deleted),(data deleted),new_session,3,2,1,0,0,0,1,1,0,0,1,0,0,0,0,0.0,50.0,0.0,,,0.0,0.0,50.0,100.0,,,,0.0,
2020-12-23,2020-12,51,4,desktop,<Other>,referral,(referral),new_session,144,144,25,4,0,0,119,21,4,0,82,14,0,0,0,0.0,17.36,16.0,0.0,,0.0,0.0,82.64,84.0,100.0,,,0.0,
2020-12-23,2020-12,51,4,desktop,shop.googlemerchandisestore.com,referral,(referral),new_session,63,63,16,2,0,0,47,14,2,0,52,6,0,0,0,0.0,25.4,12.5,0.0,,0.0,0.0,74.6,87.5,100.0,,,0.0,
2020-12-23,2020-12,51,4,mobile,<Other>,referral,(referral),returning_session,32,32,13,5,0,0,19,8,5,0,93,13,0,0,0,0.0,40.63,38.46,0.0,,0.0,0.0,59.38,61.54,100.0,,,0.0,
2020-12-23,2020-12,51,4,tablet,google,organic,(organic),returning_session,5,5,2,1,0,0,3,1,1,0,14,4,0,0,0,0.0,40.0,50.0,0.0,,0.0,0.0,60.0,50.0,100.0,,,0.0,
2020-12-23,2020-12,51,4,tablet,(direct),(none),(direct),new_session,15,15,6,1,0,0,9,5,1,0,12,4,0,0,0,0.0,40.0,16.67,0.0,,0.0,0.0,60.0,83.33,100.0,,,0.0,
2020-12-23,2020-12,51,4,desktop,<Other>,<Other>,<Other>,returning_session,31,31,13,6,1,1,18,7,5,0,261,32,18,5,5,350.0,41.94,46.15,16.67,100.0,3.23,7.69,58.06,53.85,83.33,0.0,350.0,11.29,70.0
2020-12-23,2020-12,51,4,desktop,(direct),(none),(direct),new_session,331,331,72,16,3,1,259,56,13,2,269,62,12,1,1,35.0,21.75,22.22,18.75,33.33,0.3,1.39,78.25,77.78,81.25,66.67,35.0,0.11,35.0
2020-12-23,2020-12,51,4,desktop,<Other>,<Other>,<Other>,new_session,286,286,55,15,3,1,231,40,12,2,159,42,12,1,1,30.0,19.23,27.27,20.0,33.33,0.35,1.82,80.77,72.73,80.0,66.67,30.0,0.1,30.0
2020-12-23,2020-12,51,4,mobile,shop.googlemerchandisestore.com,referral,(referral),new_session,54,54,10,5,1,1,44,5,4,0,81,45,3,1,1,42.0,18.52,50.0,20.0,100.0,1.85,10.0,81.48,50.0,80.0,0.0,42.0,0.78,42.0
2020-12-23,2020-12,51,4,desktop,google,organic,(organic),new_session,507,506,93,22,7,4,413,71,16,3,407,121,57,5,5,307.0,18.38,23.66,31.82,57.14,0.79,4.3,81.62,76.34,72.73,42.86,76.75,0.61,61.4
2020-12-23,2020-12,51,4,desktop,shop.googlemerchandisestore.com,referral,(referral),returning_session,82,81,15,8,3,2,66,7,5,1,113,18,12,2,2,227.0,18.52,53.33,37.5,66.67,2.44,13.33,81.48,46.67,62.5,33.33,113.5,2.77,113.5
2020-12-23,2020-12,51,4,desktop,(data deleted),(data deleted),(data deleted),returning_session,103,103,37,22,9,4,66,15,14,5,322,135,48,5,5,401.0,35.92,59.46,40.91,44.44,3.88,10.81,64.08,40.54,63.64,55.56,100.25,3.89,80.2
2020-12-23,2020-12,51,4,mobile,google,organic,(organic),returning_session,79,79,19,9,4,2,60,10,6,2,70,38,27,2,2,122.0,24.05,47.37,44.44,50.0,2.53,10.53,75.95,52.63,66.67,50.0,61.0,1.54,61.0
2020-12-23,2020-12,51,4,desktop,google,organic,(organic),returning_session,102,102,29,11,5,4,73,18,9,1,86,26,33,5,5,277.0,28.43,37.93,45.45,80.0,3.92,13.79,71.57,62.07,81.82,20.0,69.25,2.72,55.4
2020-12-23,2020-12,51,4,desktop,(direct),(none),(direct),returning_session,114,114,33,13,6,3,81,20,9,3,218,67,24,3,3,711.0,28.95,39.39,46.15,50.0,2.63,9.09,71.05,60.61,69.23,50.0,237.0,6.24,237.0
2020-12-23,2020-12,51,4,mobile,google,cpc,<Other>,new_session,62,62,16,4,2,0,46,12,2,2,75,16,6,0,0,0.0,25.81,25.0,50.0,0.0,0.0,0.0,74.19,75.0,50.0,100.0,,0.0,
2020-12-23,2020-12,51,4,mobile,google,cpc,<Other>,returning_session,8,8,2,2,1,0,6,0,1,1,10,4,6,0,0,0.0,25.0,100.0,50.0,0.0,0.0,0.0,75.0,0.0,50.0,100.0,,0.0,
2020-12-23,2020-12,51,4,mobile,<Other>,referral,(referral),new_session,100,100,20,4,2,1,80,16,2,1,61,8,18,1,1,73.0,20.0,20.0,50.0,50.0,1.0,5.0,80.0,80.0,50.0,50.0,73.0,0.73,73.0
2020-12-23,2020-12,51,4,mobile,(direct),(none),(direct),new_session,237,237,46,9,5,2,191,37,7,3,161,17,27,2,2,104.0,19.41,19.57,55.56,40.0,0.84,4.35,80.59,80.43,77.78,60.0,52.0,0.44,52.0
2020-12-23,2020-12,51,4,mobile,google,organic,(organic),new_session,372,372,60,14,9,6,312,46,7,3,284,102,75,9,9,250.0,16.13,23.33,64.29,66.67,1.61,10.0,83.87,76.67,50.0,33.33,41.67,0.67,27.78
2020-12-23,2020-12,51,4,mobile,(direct),(none),(direct),returning_session,85,85,21,9,6,4,64,12,3,2,205,111,36,5,5,523.0,24.71,42.86,66.67,66.67,4.71,19.05,75.29,57.14,33.33,33.33,130.75,6.15,104.6
2020-12-23,2020-12,51,4,mobile,(data deleted),(data deleted),(data deleted),returning_session,84,83,17,9,6,5,66,8,4,1,144,77,54,7,7,342.0,20.48,52.94,66.67,83.33,5.95,29.41,79.52,47.06,44.44,16.67,68.4,4.07,48.86
2020-12-23,2020-12,51,4,mobile,<Other>,organic,(organic),new_session,38,38,9,1,1,0,29,8,1,1,41,10,3,0,0,0.0,23.68,11.11,100.0,0.0,0.0,0.0,76.32,88.89,100.0,100.0,,0.0,
2020-12-23,2020-12,51,4,desktop,<Other>,organic,(organic),new_session,56,56,11,2,2,0,45,9,0,2,48,23,9,0,0,0.0,19.64,18.18,100.0,0.0,0.0,0.0,80.36,81.82,0.0,100.0,,0.0,
2020-12-23,2020-12,51,4,desktop,<Other>,referral,(referral),returning_session,47,47,15,3,3,2,32,12,1,1,58,3,12,2,2,142.0,31.91,20.0,100.0,66.67,4.26,13.33,68.09,80.0,33.33,33.33,71.0,3.02,71.0
2020-12-23,2020-12,51,4,mobile,shop.googlemerchandisestore.com,referral,(referral),returning_session,63,63,16,4,4,3,47,12,2,1,69,11,15,3,3,142.0,25.4,25.0,100.0,75.0,4.76,18.75,74.6,75.0,50.0,25.0,47.33,2.25,47.33
2020-12-23,2020-12,51,4,mobile,<Other>,<Other>,<Other>,returning_session,22,22,5,3,3,2,17,2,1,1,108,43,31,2,2,47.0,22.73,60.0,100.0,66.67,9.09,40.0,77.27,40.0,33.33,33.33,23.5,2.14,23.5
2020-12-23,2020-12,51,4,desktop,<Other>,organic,(organic),returning_session,7,7,2,1,1,1,5,1,0,0,22,3,3,1,1,42.0,28.57,50.0,100.0,100.0,14.29,50.0,71.43,50.0,0.0,0.0,42.0,6.0,42.0
2020-12-23,2020-12,51,4,desktop,google,cpc,<Other>,returning_session,8,8,2,1,1,1,6,1,0,0,12,5,3,1,1,17.0,25.0,50.0,100.0,100.0,12.5,50.0,75.0,50.0,0.0,0.0,17.0,2.13,17.0
2020-12-23,2020-12,51,4,mobile,<Other>,(data deleted),(data deleted),returning_session,1,1,1,1,1,1,0,0,0,0,9,4,3,1,1,32.0,100.0,100.0,100.0,100.0,100.0,100.0,0.0,0.0,0.0,0.0,32.0,32.0,32.0
2020-12-23,2020-12,51,4,desktop,(data deleted),(data deleted),<Other>,returning_session,5,5,1,1,1,1,4,0,0,0,31,25,15,2,2,163.0,20.0,100.0,100.0,100.0,20.0,100.0,80.0,0.0,0.0,0.0,163.0,32.6,81.5
2020-12-23,2020-12,51,4,mobile,<Other>,<Other>,<Other>,new_session,178,178,26,1,2,1,152,25,0,1,105,28,12,1,1,39.0,14.61,3.85,200.0,50.0,0.56,3.85,85.39,96.15,0.0,50.0,39.0,0.22,39.0
2020-11-06,2020-11,44,6,tablet,(data deleted),(data deleted),(data deleted),new_session,1,1,0,0,0,0,1,0,0,0,0,0,0,0,0,0.0,0.0,,,,0.0,,100.0,,,,,0.0,
2020-11-06,2020-11,44,6,tablet,<Other>,referral,(referral),returning_session,2,2,0,0,0,0,2,0,0,0,0,0,0,0,0,0.0,0.0,,,,0.0,,100.0,,,,,0.0,
2020-11-06,2020-11,44,6,desktop,(data deleted),(data deleted),(data deleted),new_session,1,1,0,0,0,0,1,0,0,0,0,0,0,0,0,0.0,0.0,,,,0.0,,100.0,,,,,0.0,
2020-11-06,2020-11,44,6,desktop,(data deleted),(data deleted),<Other>,returning_session,4,4,0,0,0,0,4,0,0,0,0,0,0,0,0,0.0,0.0,,,,0.0,,100.0,,,,,0.0,
2020-11-06,2020-11,44,6,tablet,<Other>,referral,(referral),new_session,3,3,0,0,0,0,3,0,0,0,0,0,0,0,0,0.0,0.0,,,,0.0,,100.0,,,,,0.0,
2020-11-06,2020-11,44,6,desktop,<Other>,(data deleted),(data deleted),returning_session,2,2,1,0,0,0,1,1,0,0,13,0,0,0,0,0.0,50.0,0.0,,,0.0,0.0,50.0,100.0,,,,0.0,
2020-11-06,2020-11,44,6,mobile,google,cpc,<Other>,returning_session,9,9,2,0,0,0,7,2,0,0,24,0,0,0,0,0.0,22.22,0.0,,,0.0,0.0,77.78,100.0,,,,0.0,
2020-11-06,2020-11,44,6,tablet,google,organic,(organic),new_session,18,18,6,0,0,0,12,6,0,0,8,0,0,0,0,0.0,33.33,0.0,,,0.0,0.0,66.67,100.0,,,,0.0,
2020-11-06,2020-11,44,6,tablet,<Other>,organic,(organic),new_session,1,1,1,0,0,0,0,1,0,0,3,0,0,0,0,0.0,100.0,0.0,,,0.0,0.0,0.0,100.0,,,,0.0,
2020-11-06,2020-11,44,6,tablet,(direct),(none),(direct),new_session,11,11,1,0,0,0,10,1,0,0,2,0,0,0,0,0.0,9.09,0.0,,,0.0,0.0,90.91,100.0,,,,0.0,
2020-11-06,2020-11,44,6,mobile,<Other>,(data deleted),(data deleted),returning_session,4,4,1,0,0,0,3,1,0,0,3,0,0,0,0,0.0,25.0,0.0,,,0.0,0.0,75.0,100.0,,,,0.0,
2020-11-06,2020-11,44,6,tablet,shop.googlemerchandisestore.com,referral,(referral),returning_session,3,3,1,0,0,0,2,1,0,0,2,0,0,0,0,0.0,33.33,0.0,,,0.0,0.0,66.67,100.0,,,,0.0,
2020-11-06,2020-11,44,6,desktop,<Other>,organic,(organic),new_session,40,40,6,0,0,0,34,6,0,0,8,0,0,0,0,0.0,15.0,0.0,,,0.0,0.0,85.0,100.0,,,,0.0,
2020-11-06,2020-11,44,6,mobile,<Other>,organic,(organic),returning_session,9,9,3,0,0,0,6,3,0,0,16,0,0,0,0,0.0,33.33,0.0,,,0.0,0.0,66.67,100.0,,,,0.0,
2020-11-06,2020-11,44,6,mobile,(data deleted),(data deleted),(data deleted),new_session,3,3,1,0,0,0,2,1,0,0,2,0,0,0,0,0.0,33.33,0.0,,,0.0,0.0,66.67,100.0,,,,0.0,
2020-11-06,2020-11,44,6,mobile,<Other>,<Other>,<Other>,returning_session,23,23,3,0,0,0,20,3,0,0,4,0,0,0,0,0.0,13.04,0.0,,,0.0,0.0,86.96,100.0,,,,0.0,
2020-11-06,2020-11,44,6,tablet,(direct),(none),(direct),returning_session,9,9,1,0,0,0,8,1,0,0,1,0,0,0,0,0.0,11.11,0.0,,,0.0,0.0,88.89,100.0,,,,0.0,
2020-11-06,2020-11,44,6,mobile,google,cpc,<Other>,new_session,35,35,8,0,0,0,27,8,0,0,20,0,0,0,0,0.0,22.86,0.0,,,0.0,0.0,77.14,100.0,,,,0.0,
2020-11-06,2020-11,44,6,tablet,shop.googlemerchandisestore.com,referral,(referral),new_session,1,1,1,0,0,0,0,1,0,0,1,0,0,0,0,0.0,100.0,0.0,,,0.0,0.0,0.0,100.0,,,,0.0,
2020-11-06,2020-11,44,6,desktop,<Other>,organic,(organic),returning_session,16,16,5,0,1,0,11,5,0,1,13,0,1,0,0,0.0,31.25,0.0,,0.0,0.0,0.0,68.75,100.0,,100.0,,0.0,
2020-11-06,2020-11,44,6,desktop,<Other>,(data deleted),(data deleted),new_session,1,1,1,0,1,0,0,1,0,1,7,0,2,0,0,0.0,100.0,0.0,,0.0,0.0,0.0,0.0,100.0,,100.0,,0.0,
2020-11-06,2020-11,44,6,mobile,shop.googlemerchandisestore.com,referral,(referral),returning_session,77,76,17,0,1,0,59,17,0,1,59,0,1,0,0,0.0,22.37,0.0,,0.0,0.0,0.0,77.63,100.0,,100.0,,0.0,
2020-11-06,2020-11,44,6,mobile,(data deleted),referral,(referral),returning_session,1,1,1,0,1,0,0,1,0,1,9,0,1,0,0,0.0,100.0,0.0,,0.0,0.0,0.0,0.0,100.0,,100.0,,0.0,
2020-11-06,2020-11,44,6,desktop,google,cpc,<Other>,new_session,84,84,17,0,2,0,67,17,0,2,117,0,2,0,0,0.0,20.24,0.0,,0.0,0.0,0.0,79.76,100.0,,100.0,,0.0,
2020-11-06,2020-11,44,6,desktop,<Other>,<Other>,<Other>,returning_session,39,39,8,0,2,0,31,8,0,2,58,0,3,0,0,0.0,20.51,0.0,,0.0,0.0,0.0,79.49,100.0,,100.0,,0.0,
2020-11-06,2020-11,44,6,mobile,<Other>,organic,(organic),new_session,25,25,6,0,1,0,19,6,0,1,16,0,2,0,0,0.0,24.0,0.0,,0.0,0.0,0.0,76.0,100.0,,100.0,,0.0,
2020-11-06,2020-11,44,6,tablet,<Other>,<Other>,<Other>,new_session,11,11,2,0,1,0,9,2,0,1,7,0,1,0,0,0.0,18.18,0.0,,0.0,0.0,0.0,81.82,100.0,,100.0,,0.0,
2020-11-06,2020-11,44,6,mobile,<Other>,referral,(referral),new_session,79,79,22,0,4,0,57,22,0,4,185,0,6,0,0,0.0,27.85,0.0,,0.0,0.0,0.0,72.15,100.0,,100.0,,0.0,
2020-11-06,2020-11,44,6,mobile,<Other>,<Other>,<Other>,new_session,147,147,49,0,11,1,98,49,0,10,345,0,15,1,1,11.0,33.33,0.0,,9.09,0.68,2.04,66.67,100.0,,90.91,11.0,0.07,11.0
2020-11-06,2020-11,44,6,desktop,<Other>,<Other>,<Other>,new_session,193,193,51,0,10,1,142,51,0,9,355,0,18,1,1,110.0,26.42,0.0,,10.0,0.52,1.96,73.58,100.0,,90.0,110.0,0.57,110.0
2020-11-06,2020-11,44,6,mobile,(direct),(none),(direct),new_session,195,195,49,0,7,1,146,49,0,6,275,0,9,1,1,43.0,25.13,0.0,,14.29,0.51,2.04,74.87,100.0,,85.71,43.0,0.22,43.0
2020-11-06,2020-11,44,6,mobile,google,organic,(organic),new_session,301,301,78,0,17,3,223,78,0,14,560,0,25,3,3,199.0,25.91,0.0,,17.65,1.0,3.85,74.09,100.0,,82.35,66.33,0.66,66.33
2020-11-06,2020-11,44,6,desktop,google,organic,(organic),new_session,429,427,115,0,21,4,312,115,0,17,747,0,29,4,4,188.0,26.93,0.0,,19.05,0.93,3.48,73.07,100.0,,80.95,47.0,0.44,47.0
2020-11-06,2020-11,44,6,desktop,(data deleted),(data deleted),(data deleted),returning_session,149,147,38,0,8,2,109,38,0,6,185,0,10,2,2,35.0,25.85,0.0,,25.0,1.34,5.26,74.15,100.0,,75.0,17.5,0.23,17.5
2020-11-06,2020-11,44,6,desktop,<Other>,referral,(referral),new_session,107,107,33,0,7,2,74,33,0,5,265,0,13,2,2,114.0,30.84,0.0,,28.57,1.87,6.06,69.16,100.0,,71.43,57.0,1.07,57.0
2020-11-06,2020-11,44,6,mobile,(data deleted),(data deleted),(data deleted),returning_session,113,112,22,0,3,1,90,22,0,2,141,0,3,1,1,49.0,19.64,0.0,,33.33,0.88,4.55,80.36,100.0,,66.67,49.0,0.43,49.0
2020-11-06,2020-11,44,6,desktop,(direct),(none),(direct),new_session,266,266,62,0,8,3,204,62,0,5,289,0,15,3,3,165.0,23.31,0.0,,37.5,1.13,4.84,76.69,100.0,,62.5,55.0,0.62,55.0
2020-11-06,2020-11,44,6,mobile,(direct),(none),(direct),returning_session,118,118,35,0,7,3,83,35,0,4,273,0,13,4,3,188.0,29.66,0.0,,42.86,2.54,8.57,70.34,100.0,,57.14,62.67,1.59,62.67
2020-11-06,2020-11,44,6,desktop,shop.googlemerchandisestore.com,referral,(referral),new_session,71,69,21,0,2,1,48,21,0,1,89,0,4,1,1,37.0,30.43,0.0,,50.0,1.41,4.76,69.57,100.0,,50.0,37.0,0.52,37.0
2020-11-06,2020-11,44,6,desktop,(direct),(none),(direct),returning_session,161,161,48,0,8,4,113,48,0,4,286,0,14,4,4,542.0,29.81,0.0,,50.0,2.48,8.33,70.19,100.0,,50.0,135.5,3.37,135.5
2020-11-06,2020-11,44,6,mobile,shop.googlemerchandisestore.com,referral,(referral),new_session,44,44,13,0,4,2,31,13,0,2,123,0,5,2,2,170.0,29.55,0.0,,50.0,4.55,15.38,70.45,100.0,,50.0,85.0,3.86,85.0
2020-11-06,2020-11,44,6,mobile,google,organic,(organic),returning_session,98,98,25,0,8,5,73,25,0,3,286,0,37,13,5,592.0,25.51,0.0,,62.5,5.1,20.0,74.49,100.0,,37.5,118.4,6.04,118.4
2020-11-06,2020-11,44,6,desktop,google,organic,(organic),returning_session,157,156,38,0,6,4,118,38,0,2,197,0,15,5,4,277.0,24.36,0.0,,66.67,2.55,10.53,75.64,100.0,,33.33,69.25,1.76,69.25
2020-11-06,2020-11,44,6,mobile,<Other>,referral,(referral),returning_session,43,43,11,0,3,2,32,11,0,1,87,0,6,2,2,87.0,25.58,0.0,,66.67,4.65,18.18,74.42,100.0,,33.33,43.5,2.02,43.5
2020-11-06,2020-11,44,6,desktop,<Other>,referral,(referral),returning_session,66,65,14,0,4,3,51,14,0,1,71,0,8,3,3,201.0,21.54,0.0,,75.0,4.55,21.43,78.46,100.0,,25.0,67.0,3.05,67.0
2020-11-06,2020-11,44,6,desktop,shop.googlemerchandisestore.com,referral,(referral),returning_session,125,125,27,0,2,2,98,27,0,0,130,0,2,2,2,143.0,21.6,0.0,,100.0,1.6,7.41,78.4,100.0,,0.0,71.5,1.14,71.5
2020-11-06,2020-11,44,6,tablet,google,organic,(organic),returning_session,9,9,4,0,1,1,5,4,0,0,18,0,1,1,1,199.0,44.44,0.0,,100.0,11.11,25.0,55.56,100.0,,0.0,199.0,22.11,199.0
2020-11-06,2020-11,44,6,desktop,google,cpc,<Other>,returning_session,7,7,2,0,1,1,5,2,0,0,25,0,3,1,1,24.0,28.57,0.0,,100.0,14.29,50.0,71.43,100.0,,0.0,24.0,3.43,24.0
2020-11-06,2020-11,44,6,tablet,(data deleted),(data deleted),(data deleted),returning_session,7,7,1,0,1,1,6,1,0,0,5,0,6,1,1,32.0,14.29,0.0,,100.0,14.29,100.0,85.71,100.0,,0.0,32.0,4.57,32.0
2020-11-06,2020-11,44,6,tablet,<Other>,<Other>,<Other>,returning_session,1,1,1,0,1,1,0,1,0,0,24,0,2,1,1,32.0,100.0,0.0,,100.0,100.0,100.0,0.0,100.0,,0.0,32.0,32.0,32.0
2021-01-21,2021-01,3,5,tablet,shop.googlemerchandisestore.com,referral,(referral),returning_session,4,4,0,0,0,0,4,0,0,0,0,0,0,0,0,0.0,0.0,,,,0.0,,100.0,,,,,0.0,
2021-01-21,2021-01,3,5,mobile,<Other>,(data deleted),(data deleted),returning_session,3,3,0,0,0,0,3,0,0,0,0,0,0,0,0,0.0,0.0,,,,0.0,,100.0,,,,,0.0,
2021-01-21,2021-01,3,5,desktop,<Other>,(data deleted),(data deleted),returning_session,1,1,0,0,0,0,1,0,0,0,0,0,0,0,0,0.0,0.0,,,,0.0,,100.0,,,,,0.0,
2021-01-21,2021-01,3,5,tablet,shop.googlemerchandisestore.com,referral,(referral),new_session,4,4,0,0,0,0,4,0,0,0,0,0,0,0,0,0.0,0.0,,,,0.0,,100.0,,,,,0.0,
2021-01-21,2021-01,3,5,tablet,(data deleted),(data deleted),(data deleted),new_session,1,1,0,0,0,0,1,0,0,0,0,0,0,0,0,0.0,0.0,,,,0.0,,100.0,,,,,0.0,
2021-01-21,2021-01,3,5,mobile,<Other>,<Other>,<Other>,returning_session,26,26,7,1,0,0,19,6,1,0,33,1,0,0,0,0.0,26.92,14.29,0.0,,0.0,0.0,73.08,85.71,100.0,,,0.0,
2021-01-21,2021-01,3,5,desktop,<Other>,<Other>,<Other>,returning_session,46,46,11,3,0,0,35,8,3,0,50,11,0,0,0,0.0,23.91,27.27,0.0,,0.0,0.0,76.09,72.73,100.0,,,0.0,
2021-01-21,2021-01,3,5,tablet,<Other>,referral,(referral),new_session,10,10,4,0,0,0,6,4,0,0,7,0,0,0,0,0.0,40.0,0.0,,,0.0,0.0,60.0,100.0,,,,0.0,
2021-01-21,2021-01,3,5,desktop,<Other>,organic,(organic),new_session,73,73,23,4,0,0,50,19,4,0,65,5,0,0,0,0.0,31.51,17.39,0.0,,0.0,0.0,68.49,82.61,100.0,,,0.0,
2021-01-21,2021-01,3,5,tablet,(direct),(none),(direct),returning_session,8,8,4,1,0,0,4,3,1,0,9,1,0,0,0,0.0,50.0,25.0,0.0,,0.0,0.0,50.0,75.0,100.0,,,0.0,
2021-01-21,2021-01,3,5,mobile,<Other>,organic,(organic),returning_session,8,8,1,0,0,0,7,1,0,0,13,0,0,0,0,0.0,12.5,0.0,,,0.0,0.0,87.5,100.0,,,,0.0,
2021-01-21,2021-01,3,5,tablet,<Other>,<Other>,<Other>,new_session,16,16,1,0,0,0,15,1,0,0,1,0,0,0,0,0.0,6.25,0.0,,,0.0,0.0,93.75,100.0,,,,0.0,
2021-01-21,2021-01,3,5,desktop,google,cpc,<Other>,new_session,121,121,35,1,0,0,86,34,1,0,63,1,0,0,0,0.0,28.93,2.86,0.0,,0.0,0.0,71.07,97.14,100.0,,,0.0,
2021-01-21,2021-01,3,5,tablet,google,organic,(organic),returning_session,8,8,2,0,0,0,6,2,0,0,9,0,0,0,0,0.0,25.0,0.0,,,0.0,0.0,75.0,100.0,,,,0.0,
2021-01-21,2021-01,3,5,tablet,google,cpc,<Other>,new_session,3,3,1,0,0,0,2,1,0,0,1,0,0,0,0,0.0,33.33,0.0,,,0.0,0.0,66.67,100.0,,,,0.0,
2021-01-21,2021-01,3,5,tablet,<Other>,<Other>,<Other>,returning_session,1,1,1,1,0,0,0,0,1,0,18,2,0,0,0,0.0,100.0,100.0,0.0,,0.0,0.0,0.0,0.0,100.0,,,0.0,
2021-01-21,2021-01,3,5,desktop,google,cpc,<Other>,returning_session,14,13,5,0,0,0,8,5,0,0,14,0,0,0,0,0.0,38.46,0.0,,,0.0,0.0,61.54,100.0,,,,0.0,
2021-01-21,2021-01,3,5,desktop,(data deleted),(data deleted),<Other>,returning_session,2,2,1,0,0,0,1,1,0,0,2,0,0,0,0,0.0,50.0,0.0,,,0.0,0.0,50.0,100.0,,,,0.0,
2021-01-21,2021-01,3,5,tablet,(direct),(none),(direct),new_session,20,20,2,0,0,0,18,2,0,0,2,0,0,0,0,0.0,10.0,0.0,,,0.0,0.0,90.0,100.0,,,,0.0,
2021-01-21,2021-01,3,5,mobile,<Other>,referral,(referral),returning_session,42,42,10,2,0,0,32,8,2,0,58,4,0,0,0,0.0,23.81,20.0,0.0,,0.0,0.0,76.19,80.0,100.0,,,0.0,
2021-01-21,2021-01,3,5,mobile,google,cpc,<Other>,returning_session,15,15,6,2,0,0,9,4,2,0,43,5,0,0,0,0.0,40.0,33.33,0.0,,0.0,0.0,60.0,66.67,100.0,,,0.0,
2021-01-21,2021-01,3,5,desktop,(data deleted),(data deleted),(data deleted),new_session,4,4,1,0,0,0,3,1,0,0,3,0,0,0,0,0.0,25.0,0.0,,,0.0,0.0,75.0,100.0,,,,0.0,
2021-01-21,2021-01,3,5,tablet,<Other>,organic,(organic),new_session,3,3,1,0,0,0,2,1,0,0,1,0,0,0,0,0.0,33.33,0.0,,,0.0,0.0,66.67,100.0,,,,0.0,
2021-01-21,2021-01,3,5,mobile,<Other>,organic,(organic),new_session,45,45,11,1,0,0,34,10,1,0,21,2,0,0,0,0.0,24.44,9.09,0.0,,0.0,0.0,75.56,90.91,100.0,,,0.0,
2021-01-21,2021-01,3,5,mobile,shop.googlemerchandisestore.com,referral,(referral),new_session,63,63,23,3,2,0,40,20,3,2,61,5,6,0,0,0.0,36.51,13.04,66.67,0.0,0.0,0.0,63.49,86.96,100.0,100.0,,0.0,
2021-01-21,2021-01,3,5,tablet,google,organic,(organic),new_session,30,30,7,2,1,0,23,5,1,1,36,5,6,0,0,0.0,23.33,28.57,50.0,0.0,0.0,0.0,76.67,71.43,50.0,100.0,,0.0,
2021-01-21,2021-01,3,5,mobile,(data deleted),(data deleted),<Other>,returning_session,3,3,3,3,2,0,0,0,1,2,13,5,6,0,0,0.0,100.0,100.0,66.67,0.0,0.0,0.0,0.0,0.0,33.33,100.0,,0.0,
2021-01-21,2021-01,3,5,mobile,<Other>,<Other>,<Other>,new_session,242,242,73,2,3,0,169,71,1,3,133,3,15,0,0,0.0,30.17,2.74,150.0,0.0,0.0,0.0,69.83,97.26,50.0,100.0,,0.0,
2021-01-21,2021-01,3,5,mobile,google,organic,(organic),new_session,471,471,145,9,5,0,326,136,7,5,232,20,21,0,0,0.0,30.79,6.21,55.56,0.0,0.0,0.0,69.21,93.79,77.78,100.0,,0.0,
2021-01-21,2021-01,3,5,desktop,shop.googlemerchandisestore.com,referral,(referral),new_session,104,104,32,2,2,0,72,31,2,2,57,2,12,0,0,0.0,30.77,6.25,100.0,0.0,0.0,0.0,69.23,96.88,100.0,100.0,,0.0,
2021-01-21,2021-01,3,5,tablet,(data deleted),(data deleted),(data deleted),returning_session,4,4,2,1,1,0,2,1,0,1,3,1,3,0,0,0.0,50.0,50.0,100.0,0.0,0.0,0.0,50.0,50.0,0.0,100.0,,0.0,
2021-01-21,2021-01,3,5,desktop,(direct),(none),(direct),new_session,470,470,142,25,7,2,328,117,20,5,392,71,33,2,2,145.0,30.21,17.61,28.0,28.57,0.43,1.41,69.79,82.39,80.0,71.43,72.5,0.31,72.5
2021-01-21,2021-01,3,5,desktop,<Other>,<Other>,<Other>,new_session,361,361,122,15,9,2,239,107,8,7,365,33,36,2,2,98.0,33.8,12.3,60.0,22.22,0.55,1.64,66.2,87.7,53.33,77.78,49.0,0.27,49.0
2021-01-21,2021-01,3,5,mobile,(direct),(none),(direct),new_session,314,314,89,11,4,2,225,78,7,2,204,31,27,2,2,474.0,28.34,12.36,36.36,50.0,0.64,2.25,71.66,87.64,63.64,50.0,237.0,1.51,237.0
2021-01-21,2021-01,3,5,mobile,<Other>,referral,(referral),new_session,137,137,38,5,2,1,99,33,3,1,107,21,6,1,1,162.0,27.74,13.16,40.0,50.0,0.73,2.63,72.26,86.84,60.0,50.0,162.0,1.18,162.0
2021-01-21,2021-01,3,5,mobile,(direct),(none),(direct),returning_session,103,103,33,6,1,1,70,27,5,0,150,21,3,1,1,47.0,32.04,18.18,16.67,100.0,0.97,3.03,67.96,81.82,83.33,0.0,47.0,0.46,47.0
2021-01-21,2021-01,3,5,desktop,google,organic,(organic),new_session,678,678,196,20,12,6,482,176,8,6,507,70,66,6,6,381.0,28.91,10.2,60.0,50.0,0.88,3.06,71.09,89.8,40.0,50.0,63.5,0.56,63.5
2021-01-21,2021-01,3,5,desktop,<Other>,referral,(referral),new_session,193,193,59,11,5,2,134,48,6,3,215,34,17,2,2,80.0,30.57,18.64,45.45,40.0,1.04,3.39,69.43,81.36,54.55,60.0,40.0,0.41,40.0
2021-01-21,2021-01,3,5,mobile,shop.googlemerchandisestore.com,referral,(referral),returning_session,87,87,24,4,3,1,63,20,1,2,132,29,17,1,1,96.0,27.59,16.67,75.0,33.33,1.15,4.17,72.41,83.33,25.0,66.67,96.0,1.1,96.0
2021-01-21,2021-01,3,5,mobile,google,cpc,<Other>,new_session,72,72,21,3,1,1,51,18,2,0,98,10,12,1,1,16.0,29.17,14.29,33.33,100.0,1.39,4.76,70.83,85.71,66.67,0.0,16.0,0.22,16.0
2021-01-21,2021-01,3,5,desktop,(direct),(none),(direct),returning_session,148,148,50,17,7,4,98,33,10,3,299,57,24,4,4,400.0,33.78,34.0,41.18,57.14,2.7,8.0,66.22,66.0,58.82,42.86,100.0,2.7,100.0
2021-01-21,2021-01,3,5,desktop,(data deleted),(data deleted),(data deleted),returning_session,148,148,46,9,7,4,102,37,5,3,261,17,36,4,4,284.0,31.08,19.57,77.78,57.14,2.7,8.7,68.92,80.43,55.56,42.86,71.0,1.92,71.0
2021-01-21,2021-01,3,5,desktop,<Other>,referral,(referral),returning_session,74,74,30,9,5,3,44,21,6,2,198,39,39,3,3,277.0,40.54,30.0,55.56,60.0,4.05,10.0,59.46,70.0,66.67,40.0,92.33,3.74,92.33
2021-01-21,2021-01,3,5,desktop,google,organic,(organic),returning_session,139,139,35,8,4,4,104,27,4,0,175,20,23,4,4,472.0,25.18,22.86,50.0,100.0,2.88,11.43,74.82,77.14,50.0,0.0,118.0,3.4,118.0
2021-01-21,2021-01,3,5,mobile,(data deleted),(data deleted),(data deleted),returning_session,110,110,34,10,6,4,76,24,6,2,211,25,27,4,4,192.0,30.91,29.41,60.0,66.67,3.64,11.76,69.09,70.59,60.0,33.33,48.0,1.75,48.0
2021-01-21,2021-01,3,5,mobile,google,organic,(organic),returning_session,138,138,42,11,6,5,96,31,6,1,181,29,30,5,5,290.0,30.43,26.19,54.55,83.33,3.62,11.9,69.57,73.81,54.55,16.67,58.0,2.1,58.0
2021-01-21,2021-01,3,5,desktop,shop.googlemerchandisestore.com,referral,(referral),returning_session,108,108,32,15,10,6,76,17,6,4,234,48,45,7,7,635.0,29.63,46.88,66.67,60.0,5.56,18.75,70.37,53.13,40.0,40.0,105.83,5.88,90.71
2021-01-21,2021-01,3,5,desktop,<Other>,organic,(organic),returning_session,9,9,3,1,1,1,6,2,0,0,32,17,9,3,3,132.0,33.33,33.33,100.0,100.0,11.11,33.33,66.67,66.67,0.0,0.0,132.0,14.67,44.0
2021-01-21,2021-01,3,5,tablet,<Other>,referral,(referral),returning_session,3,3,1,0,1,1,2,1,0,0,5,0,3,1,1,44.0,33.33,0.0,,100.0,33.33,100.0,66.67,100.0,,0.0,44.0,14.67,44.0
2020-11-01,2020-11,44,1,tablet,<Other>,<Other>,<Other>,returning_session,1,1,0,0,0,0,1,0,0,0,0,0,0,0,0,0.0,0.0,,,,0.0,,100.0,,,,,0.0,
2020-11-01,2020-11,44,1,tablet,shop.googlemerchandisestore.com,referral,(referral),returning_session,3,3,0,0,0,0,3,0,0,0,0,0,0,0,0,0.0,0.0,,,,0.0,,100.0,,,,,0.0,
2020-11-01,2020-11,44,1,tablet,google,cpc,<Other>,returning_session,1,1,0,0,0,0,1,0,0,0,0,0,0,0,0,0.0,0.0,,,,0.0,,100.0,,,,,0.0,
2020-11-01,2020-11,44,1,tablet,<Other>,<Other>,<Other>,new_session,12,12,0,0,0,0,12,0,0,0,0,0,0,0,0,0.0,0.0,,,,0.0,,100.0,,,,,0.0,
2020-11-01,2020-11,44,1,tablet,google,organic,(organic),returning_session,2,2,0,0,0,0,2,0,0,0,0,0,0,0,0,0.0,0.0,,,,0.0,,100.0,,,,,0.0,
2020-11-01,2020-11,44,1,tablet,(direct),(none),(direct),returning_session,1,1,0,0,0,0,1,0,0,0,0,0,0,0,0,0.0,0.0,,,,0.0,,100.0,,,,,0.0,
2020-11-01,2020-11,44,1,tablet,<Other>,referral,(referral),new_session,4,4,1,0,0,0,3,1,0,0,1,0,0,0,0,0.0,25.0,0.0,,,0.0,0.0,75.0,100.0,,,,0.0,
2020-11-01,2020-11,44,1,tablet,<Other>,referral,(referral),returning_session,2,2,1,0,0,0,1,1,0,0,6,0,0,0,0,0.0,50.0,0.0,,,0.0,0.0,50.0,100.0,,,,0.0,
2020-11-01,2020-11,44,1,desktop,<Other>,(data deleted),(data deleted),returning_session,1,1,1,0,0,0,0,1,0,0,10,0,0,0,0,0.0,100.0,0.0,,,0.0,0.0,0.0,100.0,,,,0.0,
2020-11-01,2020-11,44,1,tablet,(data deleted),(data deleted),(data deleted),returning_session,2,2,1,0,0,0,1,1,0,0,1,0,0,0,0,0.0,50.0,0.0,,,0.0,0.0,50.0,100.0,,,,0.0,
2020-11-01,2020-11,44,1,mobile,<Other>,organic,(organic),returning_session,3,3,1,0,0,0,2,1,0,0,1,0,0,0,0,0.0,33.33,0.0,,,0.0,0.0,66.67,100.0,,,,0.0,
2020-11-01,2020-11,44,1,tablet,<Other>,organic,(organic),returning_session,1,1,1,0,0,0,0,1,0,0,5,0,0,0,0,0.0,100.0,0.0,,,0.0,0.0,0.0,100.0,,,,0.0,
2020-11-01,2020-11,44,1,tablet,(direct),(none),(direct),new_session,5,5,1,0,0,0,4,1,0,0,1,0,0,0,0,0.0,20.0,0.0,,,0.0,0.0,80.0,100.0,,,,0.0,
2020-11-01,2020-11,44,1,mobile,google,cpc,<Other>,returning_session,4,4,1,0,0,0,3,1,0,0,2,0,0,0,0,0.0,25.0,0.0,,,0.0,0.0,75.0,100.0,,,,0.0,
2020-11-01,2020-11,44,1,mobile,<Other>,(data deleted),(data deleted),returning_session,2,2,1,0,0,0,1,1,0,0,4,0,0,0,0,0.0,50.0,0.0,,,0.0,0.0,50.0,100.0,,,,0.0,
2020-11-01,2020-11,44,1,desktop,(data deleted),(data deleted),<Other>,returning_session,1,1,1,0,0,0,0,1,0,0,15,0,0,0,0,0.0,100.0,0.0,,,0.0,0.0,0.0,100.0,,,,0.0,
2020-11-01,2020-11,44,1,tablet,google,cpc,<Other>,new_session,1,1,1,0,0,0,0,1,0,0,1,0,0,0,0,0.0,100.0,0.0,,,0.0,0.0,0.0,100.0,,,,0.0,
2020-11-01,2020-11,44,1,desktop,<Other>,organic,(organic),returning_session,6,6,1,0,0,0,5,1,0,0,1,0,0,0,0,0.0,16.67,0.0,,,0.0,0.0,83.33,100.0,,,,0.0,
2020-11-01,2020-11,44,1,tablet,shop.googlemerchandisestore.com,referral,(referral),new_session,3,3,1,0,0,0,2,1,0,0,8,0,0,0,0,0.0,33.33,0.0,,,0.0,0.0,66.67,100.0,,,,0.0,
2020-11-01,2020-11,44,1,tablet,<Other>,organic,(organic),new_session,4,4,2,0,0,0,2,2,0,0,2,0,0,0,0,0.0,50.0,0.0,,,0.0,0.0,50.0,100.0,,,,0.0,
2020-11-01,2020-11,44,1,desktop,<Other>,<Other>,<Other>,returning_session,19,19,2,0,0,0,17,2,0,0,13,0,0,0,0,0.0,10.53,0.0,,,0.0,0.0,89.47,100.0,,,,0.0,
2020-11-01,2020-11,44,1,tablet,google,organic,(organic),new_session,8,8,3,0,0,0,5,3,0,0,4,0,0,0,0,0.0,37.5,0.0,,,0.0,0.0,62.5,100.0,,,,0.0,
2020-11-01,2020-11,44,1,mobile,google,organic,(organic),returning_session,55,55,9,0,0,0,46,9,0,0,30,0,0,0,0,0.0,16.36,0.0,,,0.0,0.0,83.64,100.0,,,,0.0,
2020-11-01,2020-11,44,1,desktop,google,organic,(organic),returning_session,95,95,17,0,3,2,78,17,0,1,63,0,6,2,0,95.0,17.89,0.0,,66.67,2.11,11.76,82.11,100.0,,33.33,47.5,1.0,
2020-11-01,2020-11,44,1,desktop,<Other>,referral,(referral),new_session,126,126,24,0,5,2,102,24,0,3,64,0,8,2,0,73.0,19.05,0.0,,40.0,1.59,8.33,80.95,100.0,,60.0,36.5,0.58,
2020-11-01,2020-11,44,1,mobile,(direct),(none),(direct),returning_session,63,63,20,0,3,1,43,20,0,2,129,0,3,1,0,13.0,31.75,0.0,,33.33,1.59,5.0,68.25,100.0,,66.67,13.0,0.21,
2020-11-01,2020-11,44,1,desktop,(direct),(none),(direct),returning_session,75,75,11,0,4,1,64,11,0,3,48,0,5,1,0,72.0,14.67,0.0,,25.0,1.33,9.09,85.33,100.0,,75.0,72.0,0.96,
2020-11-01,2020-11,44,1,desktop,(data deleted),(data deleted),(data deleted),returning_session,69,69,13,0,4,1,56,13,0,3,109,0,7,1,0,60.0,18.84,0.0,,25.0,1.45,7.69,81.16,100.0,,75.0,60.0,0.87,
2020-11-01,2020-11,44,1,desktop,shop.googlemerchandisestore.com,referral,(referral),returning_session,62,62,13,0,8,2,49,13,0,6,183,0,14,2,0,179.0,20.97,0.0,,25.0,3.23,15.38,79.03,100.0,,75.0,89.5,2.89,
2020-11-01,2020-11,44,1,mobile,(direct),(none),(direct),new_session,202,201,42,0,8,2,159,42,0,6,243,0,10,3,0,160.0,20.9,0.0,,25.0,0.99,4.76,79.1,100.0,,75.0,80.0,0.79,
2020-11-01,2020-11,44,1,mobile,<Other>,<Other>,<Other>,new_session,142,142,31,0,7,1,111,31,0,6,287,0,13,1,0,34.0,21.83,0.0,,14.29,0.7,3.23,78.17,100.0,,85.71,34.0,0.24,
2020-11-01,2020-11,44,1,desktop,(direct),(none),(direct),new_session,272,271,58,0,8,1,213,58,0,7,387,0,8,1,0,87.0,21.4,0.0,,12.5,0.37,1.72,78.6,100.0,,87.5,87.0,0.32,
2020-11-01,2020-11,44,1,desktop,(data deleted),(data deleted),(data deleted),new_session,5,5,2,0,1,0,3,2,0,1,4,0,1,0,0,0.0,40.0,0.0,,0.0,0.0,0.0,60.0,100.0,,100.0,,0.0,
2020-11-01,2020-11,44,1,desktop,google,cpc,<Other>,returning_session,6,6,2,0,1,0,4,2,0,1,11,0,1,0,0,0.0,33.33,0.0,,0.0,0.0,0.0,66.67,100.0,,100.0,,0.0,
2020-11-01,2020-11,44,1,mobile,<Other>,referral,(referral),returning_session,25,25,3,0,1,0,22,3,0,1,6,0,1,0,0,0.0,12.0,0.0,,0.0,0.0,0.0,88.0,100.0,,100.0,,0.0,
2020-11-01,2020-11,44,1,mobile,<Other>,<Other>,<Other>,returning_session,15,15,5,0,1,0,10,5,0,1,11,0,1,0,0,0.0,33.33,0.0,,0.0,0.0,0.0,66.67,100.0,,100.0,,0.0,
2020-11-01,2020-11,44,1,mobile,<Other>,organic,(organic),new_session,31,31,5,0,1,0,26,5,0,1,66,0,1,0,0,0.0,16.13,0.0,,0.0,0.0,0.0,83.87,100.0,,100.0,,0.0,
2020-11-01,2020-11,44,1,mobile,shop.googlemerchandisestore.com,referral,(referral),returning_session,49,49,7,1,2,0,42,6,0,2,55,4,4,0,0,0.0,14.29,14.29,200.0,0.0,0.0,0.0,85.71,85.71,0.0,100.0,,0.0,
2020-11-01,2020-11,44,1,mobile,shop.googlemerchandisestore.com,referral,(referral),new_session,37,37,7,0,2,0,30,7,0,2,10,0,2,0,0,0.0,18.92,0.0,,0.0,0.0,0.0,81.08,100.0,,100.0,,0.0,
2020-11-01,2020-11,44,1,mobile,google,cpc,<Other>,new_session,34,34,7,0,2,0,27,7,0,2,75,0,2,0,0,0.0,20.59,0.0,,0.0,0.0,0.0,79.41,100.0,,100.0,,0.0,
2020-11-01,2020-11,44,1,desktop,<Other>,referral,(referral),returning_session,38,38,8,0,1,0,30,8,0,1,10,0,1,0,0,0.0,21.05,0.0,,0.0,0.0,0.0,78.95,100.0,,100.0,,0.0,
2020-11-01,2020-11,44,1,desktop,google,cpc,<Other>,new_session,62,62,10,0,1,0,52,10,0,1,69,0,1,0,0,0.0,16.13,0.0,,0.0,0.0,0.0,83.87,100.0,,100.0,,0.0,
2020-11-01,2020-11,44,1,mobile,<Other>,referral,(referral),new_session,65,65,10,0,1,0,55,10,0,1,61,0,1,0,0,0.0,15.38,0.0,,0.0,0.0,0.0,84.62,100.0,,100.0,,0.0,
2020-11-01,2020-11,44,1,mobile,(data deleted),(data deleted),(data deleted),returning_session,52,52,11,0,1,0,41,11,0,1,54,0,5,0,0,0.0,21.15,0.0,,0.0,0.0,0.0,78.85,100.0,,100.0,,0.0,
2020-11-01,2020-11,44,1,desktop,<Other>,organic,(organic),new_session,44,44,12,0,2,0,32,12,0,2,78,0,2,0,0,0.0,27.27,0.0,,0.0,0.0,0.0,72.73,100.0,,100.0,,0.0,
2020-11-01,2020-11,44,1,desktop,shop.googlemerchandisestore.com,referral,(referral),new_session,64,64,22,0,4,0,42,22,0,4,199,0,6,0,0,0.0,34.38,0.0,,0.0,0.0,0.0,65.63,100.0,,100.0,,0.0,
2020-11-01,2020-11,44,1,desktop,<Other>,<Other>,<Other>,new_session,182,181,27,0,5,0,154,27,0,5,248,0,5,0,0,0.0,14.92,0.0,,0.0,0.0,0.0,85.08,100.0,,100.0,,0.0,
2020-11-01,2020-11,44,1,mobile,google,organic,(organic),new_session,268,266,62,0,8,0,205,62,0,8,374,0,8,0,0,0.0,23.31,0.0,,0.0,0.0,0.0,77.07,100.0,,100.0,,0.0,
2020-11-01,2020-11,44,1,desktop,google,organic,(organic),new_session,401,401,79,0,11,0,322,79,0,11,431,0,11,0,0,0.0,19.7,0.0,,0.0,0.0,0.0,80.3,100.0,,100.0,,0.0,
2021-01-10,2021-01,2,1,tablet,shop.googlemerchandisestore.com,referral,(referral),returning_session,1,1,0,0,0,0,1,0,0,0,0,0,0,0,0,0.0,0.0,,,,0.0,,100.0,,,,,0.0,
2021-01-10,2021-01,2,1,mobile,<Other>,(data deleted),(data deleted),returning_session,3,3,0,0,0,0,3,0,0,0,0,0,0,0,0,0.0,0.0,,,,0.0,,100.0,,,,,0.0,
2021-01-10,2021-01,2,1,tablet,shop.googlemerchandisestore.com,referral,(referral),new_session,1,1,0,0,0,0,1,0,0,0,0,0,0,0,0,0.0,0.0,,,,0.0,,100.0,,,,,0.0,
2021-01-10,2021-01,2,1,desktop,<Other>,organic,(organic),returning_session,1,1,0,0,0,0,1,0,0,0,0,0,0,0,0,0.0,0.0,,,,0.0,,100.0,,,,,0.0,
2021-01-10,2021-01,2,1,mobile,(data deleted),(data deleted),<Other>,returning_session,2,2,0,0,0,0,2,0,0,0,0,0,0,0,0,0.0,0.0,,,,0.0,,100.0,,,,,0.0,
2021-01-10,2021-01,2,1,tablet,<Other>,<Other>,<Other>,new_session,11,11,0,0,0,0,11,0,0,0,0,0,0,0,0,0.0,0.0,,,,0.0,,100.0,,,,,0.0,
2021-01-10,2021-01,2,1,desktop,(data deleted),(data deleted),(data deleted),new_session,5,4,0,0,0,0,4,0,0,0,0,0,0,0,0,0.0,0.0,,,,0.0,,100.0,,,,,0.0,
2021-01-10,2021-01,2,1,desktop,google,cpc,<Other>,returning_session,5,5,0,0,0,0,5,0,0,0,0,0,0,0,0,0.0,0.0,,,,0.0,,100.0,,,,,0.0,
2021-01-10,2021-01,2,1,mobile,google,cpc,<Other>,returning_session,3,3,0,0,0,0,3,0,0,0,0,0,0,0,0,0.0,0.0,,,,0.0,,100.0,,,,,0.0,
2021-01-10,2021-01,2,1,tablet,google,cpc,<Other>,returning_session,1,1,0,0,0,0,1,0,0,0,0,0,0,0,0,0.0,0.0,,,,0.0,,100.0,,,,,0.0,
2021-01-10,2021-01,2,1,tablet,<Other>,referral,(referral),new_session,2,2,0,0,0,0,2,0,0,0,0,0,0,0,0,0.0,0.0,,,,0.0,,100.0,,,,,0.0,
2021-01-10,2021-01,2,1,tablet,(data deleted),(data deleted),(data deleted),returning_session,1,1,0,0,0,0,1,0,0,0,0,0,0,0,0,0.0,0.0,,,,0.0,,100.0,,,,,0.0,
2021-01-10,2021-01,2,1,mobile,(data deleted),(data deleted),(data deleted),new_session,2,2,2,0,0,0,0,2,0,0,6,0,0,0,0,0.0,100.0,0.0,,,0.0,0.0,0.0,100.0,,,,0.0,
2021-01-10,2021-01,2,1,mobile,<Other>,<Other>,<Other>,returning_session,14,14,2,0,0,0,12,2,0,0,3,0,0,0,0,0.0,14.29,0.0,,,0.0,0.0,85.71,100.0,,,,0.0,
2021-01-10,2021-01,2,1,mobile,<Other>,organic,(organic),returning_session,6,6,2,0,0,0,4,2,0,0,11,0,0,0,0,0.0,33.33,0.0,,,0.0,0.0,66.67,100.0,,,,0.0,
2021-01-10,2021-01,2,1,mobile,google,cpc,<Other>,new_session,52,52,9,0,0,0,43,9,0,0,14,0,0,0,0,0.0,17.31,0.0,,,0.0,0.0,82.69,100.0,,,,0.0,
2021-01-10,2021-01,2,1,tablet,<Other>,<Other>,<Other>,returning_session,1,1,1,0,0,0,0,1,0,0,1,0,0,0,0,0.0,100.0,0.0,,,0.0,0.0,0.0,100.0,,,,0.0,
2021-01-10,2021-01,2,1,mobile,shop.googlemerchandisestore.com,referral,(referral),new_session,50,50,6,0,0,0,44,6,0,0,9,0,0,0,0,0.0,12.0,0.0,,,0.0,0.0,88.0,100.0,,,,0.0,
2021-01-10,2021-01,2,1,tablet,(direct),(none),(direct),returning_session,2,2,1,0,0,0,1,1,0,0,7,0,0,0,0,0.0,50.0,0.0,,,0.0,0.0,50.0,100.0,,,,0.0,
2021-01-10,2021-01,2,1,desktop,<Other>,referral,(referral),returning_session,41,41,3,0,0,0,38,3,0,0,4,0,0,0,0,0.0,7.32,0.0,,,0.0,0.0,92.68,100.0,,,,0.0,
2021-01-10,2021-01,2,1,tablet,google,organic,(organic),returning_session,4,4,1,0,0,0,3,1,0,0,2,0,0,0,0,0.0,25.0,0.0,,,0.0,0.0,75.0,100.0,,,,0.0,
2021-01-10,2021-01,2,1,tablet,(direct),(none),(direct),new_session,9,9,2,0,0,0,7,2,0,0,7,0,0,0,0,0.0,22.22,0.0,,,0.0,0.0,77.78,100.0,,,,0.0,
2021-01-10,2021-01,2,1,tablet,google,cpc,<Other>,new_session,6,6,2,1,0,0,4,1,1,0,13,11,0,0,0,0.0,33.33,50.0,0.0,,0.0,0.0,66.67,50.0,100.0,,,0.0,
2021-01-10,2021-01,2,1,desktop,google,cpc,<Other>,new_session,86,86,12,1,0,0,74,11,1,0,31,9,0,0,0,0.0,13.95,8.33,0.0,,0.0,0.0,86.05,91.67,100.0,,,0.0,
2021-01-10,2021-01,2,1,tablet,google,organic,(organic),new_session,16,16,5,2,0,0,11,3,2,0,17,7,0,0,0,0.0,31.25,40.0,0.0,,0.0,0.0,68.75,60.0,100.0,,,0.0,
2021-01-10,2021-01,2,1,desktop,<Other>,organic,(organic),new_session,52,52,6,1,0,0,46,5,1,0,10,1,0,0,0,0.0,11.54,16.67,0.0,,0.0,0.0,88.46,83.33,100.0,,,0.0,
2021-01-10,2021-01,2,1,mobile,(direct),(none),(direct),returning_session,36,36,5,1,0,0,31,4,1,0,9,1,0,0,0,0.0,13.89,20.0,0.0,,0.0,0.0,86.11,80.0,100.0,,,0.0,
2021-01-10,2021-01,2,1,desktop,(data deleted),(data deleted),(data deleted),returning_session,67,67,11,2,0,0,56,9,2,0,54,11,0,0,0,0.0,16.42,18.18,0.0,,0.0,0.0,83.58,81.82,100.0,,,0.0,
2021-01-10,2021-01,2,1,mobile,<Other>,referral,(referral),new_session,72,72,16,3,0,0,56,13,3,0,52,6,0,0,0,0.0,22.22,18.75,0.0,,0.0,0.0,77.78,81.25,100.0,,,0.0,
2021-01-10,2021-01,2,1,tablet,<Other>,referral,(referral),returning_session,4,4,1,1,0,0,3,0,1,0,7,3,0,0,0,0.0,25.0,100.0,0.0,,0.0,0.0,75.0,0.0,100.0,,,0.0,
2021-01-10,2021-01,2,1,mobile,shop.googlemerchandisestore.com,referral,(referral),returning_session,40,40,7,1,0,0,33,6,1,0,34,1,0,0,0,0.0,17.5,14.29,0.0,,0.0,0.0,82.5,85.71,100.0,,,0.0,
2021-01-10,2021-01,2,1,desktop,<Other>,(data deleted),(data deleted),returning_session,1,1,1,1,0,0,0,0,1,0,5,2,0,0,0,0.0,100.0,100.0,0.0,,0.0,0.0,0.0,0.0,100.0,,,0.0,
2021-01-10,2021-01,2,1,desktop,<Other>,referral,(referral),new_session,104,104,19,6,1,0,85,13,5,1,96,14,3,0,0,0.0,18.27,31.58,16.67,0.0,0.0,0.0,81.73,68.42,83.33,100.0,,0.0,
2021-01-10,2021-01,2,1,mobile,google,organic,(organic),returning_session,63,63,15,4,1,0,48,11,3,1,71,9,6,0,0,0.0,23.81,26.67,25.0,0.0,0.0,0.0,76.19,73.33,75.0,100.0,,0.0,
2021-01-10,2021-01,2,1,desktop,google,organic,(organic),returning_session,81,81,13,3,1,0,68,10,2,1,27,3,9,0,0,0.0,16.05,23.08,33.33,0.0,0.0,0.0,83.95,76.92,66.67,100.0,,0.0,
2021-01-10,2021-01,2,1,mobile,<Other>,referral,(referral),returning_session,25,25,4,3,1,0,21,2,2,1,18,5,3,0,0,0.0,16.0,75.0,33.33,0.0,0.0,0.0,84.0,50.0,66.67,100.0,,0.0,
2021-01-10,2021-01,2,1,desktop,<Other>,<Other>,<Other>,returning_session,17,17,5,3,1,0,12,2,2,1,9,7,3,0,0,0.0,29.41,60.0,33.33,0.0,0.0,0.0,70.59,40.0,66.67,100.0,,0.0,
2021-01-10,2021-01,2,1,tablet,<Other>,organic,(organic),new_session,5,5,2,1,1,0,3,1,0,1,2,1,6,0,0,0.0,40.0,50.0,100.0,0.0,0.0,0.0,60.0,50.0,0.0,100.0,,0.0,
2021-01-10,2021-01,2,1,mobile,<Other>,organic,(organic),new_session,36,36,5,1,1,0,31,4,0,1,19,5,3,0,0,0.0,13.89,20.0,100.0,0.0,0.0,0.0,86.11,80.0,0.0,100.0,,0.0,
2021-01-10,2021-01,2,1,mobile,(data deleted),(data deleted),(data deleted),returning_session,53,53,8,1,1,0,45,7,0,1,54,11,3,0,0,0.0,15.09,12.5,100.0,0.0,0.0,0.0,84.91,87.5,0.0,100.0,,0.0,
2021-01-10,2021-01,2,1,desktop,shop.googlemerchandisestore.com,referral,(referral),new_session,66,66,9,1,2,0,57,8,1,2,71,13,9,0,0,0.0,13.64,11.11,200.0,0.0,0.0,0.0,86.36,88.89,100.0,100.0,,0.0,
2021-01-10,2021-01,2,1,desktop,google,organic,(organic),new_session,484,484,61,6,3,1,423,55,4,2,182,27,21,1,1,214.0,12.6,9.84,50.0,33.33,0.21,1.64,87.4,90.16,66.67,66.67,214.0,0.44,214.0
2021-01-10,2021-01,2,1,desktop,(direct),(none),(direct),new_session,329,329,44,3,2,1,285,41,2,1,143,12,6,1,1,37.0,13.37,6.82,66.67,50.0,0.3,2.27,86.63,93.18,66.67,50.0,37.0,0.11,37.0
2021-01-10,2021-01,2,1,desktop,<Other>,<Other>,<Other>,new_session,232,232,40,8,3,1,192,32,6,2,134,30,9,1,1,39.0,17.24,20.0,37.5,33.33,0.43,2.5,82.76,80.0,75.0,66.67,39.0,0.17,39.0
2021-01-10,2021-01,2,1,mobile,(direct),(none),(direct),new_session,258,258,41,7,3,2,217,34,5,1,142,29,12,2,2,135.0,15.89,17.07,42.86,66.67,0.78,4.88,84.11,82.93,71.43,33.33,67.5,0.52,67.5
2021-01-10,2021-01,2,1,mobile,google,organic,(organic),new_session,327,327,39,8,2,2,288,31,7,0,206,15,15,2,2,116.0,11.93,20.51,25.0,100.0,0.61,5.13,88.07,79.49,87.5,0.0,58.0,0.35,58.0
2021-01-10,2021-01,2,1,mobile,<Other>,<Other>,<Other>,new_session,209,208,28,4,3,2,180,24,1,1,75,7,18,2,2,40.0,13.46,14.29,75.0,66.67,0.96,7.14,86.54,85.71,25.0,33.33,20.0,0.19,20.0
2021-01-10,2021-01,2,1,desktop,(direct),(none),(direct),returning_session,70,70,10,5,2,2,60,5,3,0,40,22,12,2,2,194.0,14.29,50.0,40.0,100.0,2.86,20.0,85.71,50.0,60.0,0.0,97.0,2.77,97.0
2021-01-10,2021-01,2,1,desktop,shop.googlemerchandisestore.com,referral,(referral),returning_session,45,45,10,5,4,3,35,5,3,1,149,26,30,3,3,189.0,22.22,50.0,80.0,75.0,6.67,30.0,77.78,50.0,60.0,25.0,63.0,4.2,63.0
2021-01-10,2021-01,2,1,desktop,(data deleted),(data deleted),<Other>,returning_session,1,1,1,1,1,1,0,0,0,0,41,21,3,1,1,48.0,100.0,100.0,100.0,100.0,100.0,100.0,0.0,0.0,0.0,0.0,48.0,48.0,48.0
2021-01-16,2021-01,2,7,desktop,<Other>,referral,(referral),new_session,149,149,21,3,0,0,128,18,3,0,48,4,0,0,0,0.0,14.09,14.29,0.0,,0.0,0.0,85.91,85.71,100.0,,,0.0,
2021-01-16,2021-01,2,7,mobile,<Other>,<Other>,<Other>,new_session,192,192,29,6,0,0,163,23,6,0,121,21,0,0,0,0.0,15.1,20.69,0.0,,0.0,0.0,84.9,79.31,100.0,,,0.0,
2021-01-16,2021-01,2,7,desktop,<Other>,organic,(organic),new_session,43,43,5,1,0,0,38,4,1,0,9,2,0,0,0,0.0,11.63,20.0,0.0,,0.0,0.0,88.37,80.0,100.0,,,0.0,
2021-01-16,2021-01,2,7,desktop,<Other>,(data deleted),(data deleted),returning_session,2,2,0,0,0,0,2,0,0,0,0,0,0,0,0,0.0,0.0,,,,0.0,,100.0,,,,,0.0,
2021-01-16,2021-01,2,7,mobile,(data deleted),(data deleted),(data deleted),new_session,1,1,0,0,0,0,1,0,0,0,0,0,0,0,0,0.0,0.0,,,,0.0,,100.0,,,,,0.0,
2021-01-16,2021-01,2,7,mobile,<Other>,organic,(organic),returning_session,3,3,0,0,0,0,3,0,0,0,0,0,0,0,0,0.0,0.0,,,,0.0,,100.0,,,,,0.0,
2021-01-16,2021-01,2,7,tablet,google,organic,(organic),returning_session,5,5,0,0,0,0,5,0,0,0,0,0,0,0,0,0.0,0.0,,,,0.0,,100.0,,,,,0.0,
2021-01-16,2021-01,2,7,desktop,(data deleted),(data deleted),(data deleted),new_session,6,5,1,0,0,0,5,1,0,0,1,0,0,0,0,0.0,20.0,0.0,,,0.0,0.0,100.0,100.0,,,,0.0,
2021-01-16,2021-01,2,7,tablet,(direct),(none),(direct),returning_session,4,4,2,0,0,0,2,2,0,0,3,0,0,0,0,0.0,50.0,0.0,,,0.0,0.0,50.0,100.0,,,,0.0,
2021-01-16,2021-01,2,7,mobile,google,cpc,<Other>,new_session,45,45,7,2,0,0,38,5,2,0,33,8,0,0,0,0.0,15.56,28.57,0.0,,0.0,0.0,84.44,71.43,100.0,,,0.0,
2021-01-16,2021-01,2,7,desktop,google,cpc,<Other>,returning_session,5,5,1,0,0,0,4,1,0,0,2,0,0,0,0,0.0,20.0,0.0,,,0.0,0.0,80.0,100.0,,,,0.0,
2021-01-16,2021-01,2,7,tablet,<Other>,referral,(referral),new_session,5,5,1,0,0,0,4,1,0,0,1,0,0,0,0,0.0,20.0,0.0,,,0.0,0.0,80.0,100.0,,,,0.0,
2021-01-16,2021-01,2,7,tablet,<Other>,<Other>,<Other>,new_session,18,18,2,1,0,0,16,1,1,0,10,1,0,0,0,0.0,11.11,50.0,0.0,,0.0,0.0,88.89,50.0,100.0,,,0.0,
2021-01-16,2021-01,2,7,desktop,<Other>,<Other>,<Other>,returning_session,16,16,1,0,0,0,15,1,0,0,1,0,0,0,0,0.0,6.25,0.0,,,0.0,0.0,93.75,100.0,,,,0.0,
2021-01-16,2021-01,2,7,tablet,(direct),(none),(direct),new_session,14,14,3,0,0,0,11,3,0,0,4,0,0,0,0,0.0,21.43,0.0,,,0.0,0.0,78.57,100.0,,,,0.0,
2021-01-16,2021-01,2,7,desktop,<Other>,organic,(organic),returning_session,8,8,1,0,0,0,7,1,0,0,1,0,0,0,0,0.0,12.5,0.0,,,0.0,0.0,87.5,100.0,,,,0.0,
2021-01-16,2021-01,2,7,mobile,<Other>,(data deleted),(data deleted),returning_session,1,1,0,0,0,0,1,0,0,0,0,0,0,0,0,0.0,0.0,,,,0.0,,100.0,,,,,0.0,
2021-01-16,2021-01,2,7,tablet,shop.googlemerchandisestore.com,referral,(referral),returning_session,5,5,1,0,0,0,4,1,0,0,12,0,0,0,0,0.0,20.0,0.0,,,0.0,0.0,80.0,100.0,,,,0.0,
2021-01-16,2021-01,2,7,desktop,(data deleted),(data deleted),<Other>,returning_session,4,4,3,1,0,0,1,2,1,0,15,3,0,0,0,0.0,75.0,33.33,0.0,,0.0,0.0,25.0,66.67,100.0,,,0.0,
2021-01-16,2021-01,2,7,mobile,<Other>,organic,(organic),new_session,40,40,4,1,0,0,36,3,1,0,7,1,0,0,0,0.0,10.0,25.0,0.0,,0.0,0.0,90.0,75.0,100.0,,,0.0,
2021-01-16,2021-01,2,7,mobile,google,cpc,<Other>,returning_session,1,1,1,1,0,0,0,0,1,0,1,1,0,0,0,0.0,100.0,100.0,0.0,,0.0,0.0,0.0,0.0,100.0,,,0.0,
2021-01-16,2021-01,2,7,desktop,shop.googlemerchandisestore.com,referral,(referral),new_session,71,71,11,0,0,0,60,11,0,0,20,0,0,0,0,0.0,15.49,0.0,,,0.0,0.0,84.51,100.0,,,,0.0,
2021-01-16,2021-01,2,7,tablet,shop.googlemerchandisestore.com,referral,(referral),new_session,2,2,0,0,0,0,2,0,0,0,0,0,0,0,0,0.0,0.0,,,,0.0,,100.0,,,,,0.0,
2021-01-16,2021-01,2,7,tablet,<Other>,referral,(referral),returning_session,3,3,0,0,0,0,3,0,0,0,0,0,0,0,0,0.0,0.0,,,,0.0,,100.0,,,,,0.0,
2021-01-16,2021-01,2,7,tablet,(data deleted),(data deleted),(data deleted),returning_session,2,2,0,0,0,0,2,0,0,0,0,0,0,0,0,0.0,0.0,,,,0.0,,100.0,,,,,0.0,
2021-01-16,2021-01,2,7,tablet,google,cpc,<Other>,new_session,4,4,0,0,0,0,4,0,0,0,0,0,0,0,0,0.0,0.0,,,,0.0,,100.0,,,,,0.0,
2021-01-16,2021-01,2,7,tablet,<Other>,organic,(organic),new_session,2,2,1,0,0,0,1,1,0,0,1,0,0,0,0,0.0,50.0,0.0,,,0.0,0.0,50.0,100.0,,,,0.0,
2021-01-16,2021-01,2,7,tablet,google,organic,(organic),new_session,22,22,2,0,0,0,20,2,0,0,3,0,0,0,0,0.0,9.09,0.0,,,0.0,0.0,90.91,100.0,,,,0.0,
2021-01-16,2021-01,2,7,mobile,(direct),(none),(direct),returning_session,60,60,9,3,1,0,51,6,2,1,20,5,6,0,0,0.0,15.0,33.33,33.33,0.0,0.0,0.0,85.0,66.67,66.67,100.0,,0.0,
2021-01-16,2021-01,2,7,mobile,<Other>,referral,(referral),new_session,104,104,17,4,1,0,87,13,3,1,50,9,3,0,0,0.0,16.35,23.53,25.0,0.0,0.0,0.0,83.65,76.47,75.0,100.0,,0.0,
2021-01-16,2021-01,2,7,mobile,shop.googlemerchandisestore.com,referral,(referral),new_session,59,59,13,1,1,0,46,12,1,1,25,2,3,0,0,0.0,22.03,7.69,100.0,0.0,0.0,0.0,77.97,92.31,100.0,100.0,,0.0,
2021-01-16,2021-01,2,7,desktop,<Other>,<Other>,<Other>,new_session,242,242,37,9,1,1,205,28,8,0,190,43,6,1,1,10.0,15.29,24.32,11.11,100.0,0.41,2.7,84.71,75.68,88.89,0.0,10.0,0.04,10.0
2021-01-16,2021-01,2,7,mobile,<Other>,<Other>,<Other>,returning_session,18,18,4,3,1,1,14,1,2,0,33,33,9,2,2,131.0,22.22,75.0,33.33,100.0,5.56,25.0,77.78,25.0,66.67,0.0,131.0,7.28,65.5
2021-01-16,2021-01,2,7,desktop,shop.googlemerchandisestore.com,referral,(referral),returning_session,49,49,8,1,1,1,41,7,0,0,26,8,12,1,1,98.0,16.33,12.5,100.0,100.0,2.04,12.5,83.67,87.5,0.0,0.0,98.0,2.0,98.0
2021-01-16,2021-01,2,7,mobile,shop.googlemerchandisestore.com,referral,(referral),returning_session,35,35,6,1,1,1,29,5,0,0,20,2,6,1,1,49.0,17.14,16.67,100.0,100.0,2.86,16.67,82.86,83.33,0.0,0.0,49.0,1.4,49.0
2021-01-16,2021-01,2,7,mobile,<Other>,referral,(referral),returning_session,26,26,6,1,1,1,20,5,0,0,19,9,3,1,1,170.0,23.08,16.67,100.0,100.0,3.85,16.67,76.92,83.33,0.0,0.0,170.0,6.54,170.0
2021-01-16,2021-01,2,7,desktop,google,organic,(organic),returning_session,69,69,8,3,1,1,61,5,2,0,41,10,2,1,1,0.0,11.59,37.5,33.33,100.0,1.45,12.5,88.41,62.5,66.67,0.0,0.0,0.0,0.0
2021-01-16,2021-01,2,7,desktop,google,cpc,<Other>,new_session,62,62,11,3,2,1,51,8,1,1,25,9,5,1,1,0.0,17.74,27.27,66.67,50.0,1.61,9.09,82.26,72.73,33.33,50.0,0.0,0.0,0.0
2021-01-16,2021-01,2,7,desktop,<Other>,referral,(referral),returning_session,48,48,9,5,3,2,39,4,4,1,33,15,9,2,2,144.0,18.75,55.56,60.0,66.67,4.17,22.22,81.25,44.44,80.0,33.33,72.0,3.0,72.0
2021-01-16,2021-01,2,7,mobile,(direct),(none),(direct),new_session,256,256,44,8,3,2,212,36,6,1,134,15,18,2,2,81.0,17.19,18.18,37.5,66.67,0.78,4.55,82.81,81.82,75.0,33.33,40.5,0.32,40.5
2021-01-16,2021-01,2,7,mobile,google,organic,(organic),returning_session,56,56,14,3,3,2,42,11,2,1,92,13,27,2,2,194.0,25.0,21.43,100.0,66.67,3.57,14.29,75.0,78.57,66.67,33.33,97.0,3.46,97.0
2021-01-16,2021-01,2,7,mobile,(data deleted),(data deleted),(data deleted),returning_session,50,50,19,7,3,2,31,12,4,1,130,24,15,2,2,226.0,38.0,36.84,42.86,66.67,4.0,10.53,62.0,63.16,57.14,33.33,113.0,4.52,113.0
2021-01-16,2021-01,2,7,desktop,(data deleted),(data deleted),(data deleted),returning_session,76,76,17,5,4,1,59,12,3,3,90,12,11,1,1,16.0,22.37,29.41,80.0,25.0,1.32,5.88,77.63,70.59,60.0,75.0,16.0,0.21,16.0
2021-01-16,2021-01,2,7,desktop,(direct),(none),(direct),new_session,348,348,59,15,5,1,289,44,11,4,198,27,24,1,1,14.0,16.95,25.42,33.33,20.0,0.29,1.69,83.05,74.58,73.33,80.0,14.0,0.04,14.0
2021-01-16,2021-01,2,7,desktop,(direct),(none),(direct),returning_session,92,92,18,7,6,1,74,11,3,5,86,34,33,1,1,65.0,19.57,38.89,85.71,16.67,1.09,5.56,80.43,61.11,42.86,83.33,65.0,0.71,65.0
2021-01-16,2021-01,2,7,mobile,google,organic,(organic),new_session,361,361,56,10,6,4,305,46,4,2,185,26,55,5,5,99.0,15.51,17.86,60.0,66.67,1.11,7.14,84.49,82.14,40.0,33.33,24.75,0.27,19.8
2021-01-16,2021-01,2,7,desktop,google,organic,(organic),new_session,493,492,80,15,7,2,413,65,8,5,237,20,31,3,2,164.0,16.26,18.75,46.67,28.57,0.41,2.5,83.94,81.25,53.33,71.43,82.0,0.33,82.0
2021-01-30,2021-01,4,7,mobile,<Other>,organic,(organic),new_session,33,33,5,0,0,0,28,5,0,0,8,0,0,0,0,0.0,15.15,0.0,,,0.0,0.0,84.85,100.0,,,,0.0,
2021-01-30,2021-01,4,7,tablet,<Other>,organic,(organic),new_session,2,2,0,0,0,0,2,0,0,0,0,0,0,0,0,0.0,0.0,,,,0.0,,100.0,,,,,0.0,
2021-01-30,2021-01,4,7,tablet,google,cpc,<Other>,new_session,1,1,0,0,0,0,1,0,0,0,0,0,0,0,0,0.0,0.0,,,,0.0,,100.0,,,,,0.0,
2021-01-30,2021-01,4,7,tablet,<Other>,referral,(referral),new_session,3,3,0,0,0,0,3,0,0,0,0,0,0,0,0,0.0,0.0,,,,0.0,,100.0,,,,,0.0,
2021-01-30,2021-01,4,7,desktop,<Other>,(data deleted),(data deleted),returning_session,1,1,0,0,0,0,1,0,0,0,0,0,0,0,0,0.0,0.0,,,,0.0,,100.0,,,,,0.0,
2021-01-30,2021-01,4,7,tablet,shop.googlemerchandisestore.com,referral,(referral),returning_session,1,1,0,0,0,0,1,0,0,0,0,0,0,0,0,0.0,0.0,,,,0.0,,100.0,,,,,0.0,
2021-01-30,2021-01,4,7,mobile,<Other>,<Other>,<Other>,returning_session,10,10,2,0,0,0,8,2,0,0,12,0,0,0,0,0.0,20.0,0.0,,,0.0,0.0,80.0,100.0,,,,0.0,
2021-01-30,2021-01,4,7,tablet,<Other>,referral,(referral),returning_session,2,2,0,0,0,0,2,0,0,0,0,0,0,0,0,0.0,0.0,,,,0.0,,100.0,,,,,0.0,
2021-01-30,2021-01,4,7,mobile,<Other>,(data deleted),(data deleted),returning_session,1,1,0,0,0,0,1,0,0,0,0,0,0,0,0,0.0,0.0,,,,0.0,,100.0,,,,,0.0,
2021-01-30,2021-01,4,7,mobile,<Other>,organic,(organic),returning_session,5,5,1,0,0,0,4,1,0,0,2,0,0,0,0,0.0,20.0,0.0,,,0.0,0.0,80.0,100.0,,,,0.0,
2021-01-30,2021-01,4,7,tablet,(data deleted),(data deleted),(data deleted),returning_session,4,4,1,0,0,0,3,1,0,0,1,0,0,0,0,0.0,25.0,0.0,,,0.0,0.0,75.0,100.0,,,,0.0,
2021-01-30,2021-01,4,7,tablet,<Other>,organic,(organic),returning_session,1,1,1,0,0,0,0,1,0,0,1,0,0,0,0,0.0,100.0,0.0,,,0.0,0.0,0.0,100.0,,,,0.0,
2021-01-30,2021-01,4,7,tablet,google,organic,(organic),returning_session,6,6,0,0,0,0,6,0,0,0,0,0,0,0,0,0.0,0.0,,,,0.0,,100.0,,,,,0.0,
2021-01-30,2021-01,4,7,desktop,google,cpc,<Other>,returning_session,6,6,0,0,0,0,6,0,0,0,0,0,0,0,0,0.0,0.0,,,,0.0,,100.0,,,,,0.0,
2021-01-30,2021-01,4,7,desktop,(data deleted),(data deleted),(data deleted),new_session,6,6,2,0,0,0,4,2,0,0,4,0,0,0,0,0.0,33.33,0.0,,,0.0,0.0,66.67,100.0,,,,0.0,
2021-01-30,2021-01,4,7,desktop,<Other>,organic,(organic),returning_session,6,6,1,0,0,0,5,1,0,0,1,0,0,0,0,0.0,16.67,0.0,,,0.0,0.0,83.33,100.0,,,,0.0,
2021-01-30,2021-01,4,7,mobile,google,cpc,<Other>,returning_session,5,5,1,0,0,0,4,1,0,0,1,0,0,0,0,0.0,20.0,0.0,,,0.0,0.0,80.0,100.0,,,,0.0,
2021-01-30,2021-01,4,7,mobile,google,cpc,<Other>,new_session,43,43,8,1,0,0,35,7,1,0,10,1,0,0,0,0.0,18.6,12.5,0.0,,0.0,0.0,81.4,87.5,100.0,,,0.0,
2021-01-30,2021-01,4,7,mobile,<Other>,referral,(referral),new_session,85,85,12,2,0,0,73,10,2,0,46,2,0,0,0,0.0,14.12,16.67,0.0,,0.0,0.0,85.88,83.33,100.0,,,0.0,
2021-01-30,2021-01,4,7,mobile,(data deleted),(data deleted),(data deleted),new_session,9,9,4,1,0,0,5,3,1,0,4,1,0,0,0,0.0,44.44,25.0,0.0,,0.0,0.0,55.56,75.0,100.0,,,0.0,
2021-01-30,2021-01,4,7,desktop,<Other>,organic,(organic),new_session,49,49,13,2,0,0,36,11,2,0,20,2,0,0,0,0.0,26.53,15.38,0.0,,0.0,0.0,73.47,84.62,100.0,,,0.0,
2021-01-30,2021-01,4,7,tablet,google,organic,(organic),new_session,20,20,4,1,0,0,16,3,1,0,6,3,0,0,0,0.0,20.0,25.0,0.0,,0.0,0.0,80.0,75.0,100.0,,,0.0,
2021-01-30,2021-01,4,7,tablet,(direct),(none),(direct),new_session,13,13,2,1,0,0,11,1,1,0,5,1,0,0,0,0.0,15.38,50.0,0.0,,0.0,0.0,84.62,50.0,100.0,,,0.0,
2021-01-30,2021-01,4,7,desktop,<Other>,<Other>,<Other>,returning_session,27,27,7,1,0,0,20,6,1,0,34,2,0,0,0,0.0,25.93,14.29,0.0,,0.0,0.0,74.07,85.71,100.0,,,0.0,
2021-01-30,2021-01,4,7,desktop,<Other>,referral,(referral),new_session,132,132,21,2,0,0,111,19,2,0,44,3,0,0,0,0.0,15.91,9.52,0.0,,0.0,0.0,84.09,90.48,100.0,,,0.0,
2021-01-30,2021-01,4,7,tablet,(direct),(none),(direct),returning_session,4,4,2,1,0,0,2,1,1,0,2,1,0,0,0,0.0,50.0,50.0,0.0,,0.0,0.0,50.0,50.0,100.0,,,0.0,
2021-01-30,2021-01,4,7,desktop,<Other>,(data deleted),(data deleted),new_session,1,1,1,1,0,0,0,0,1,0,13,7,0,0,0,0.0,100.0,100.0,0.0,,0.0,0.0,0.0,0.0,100.0,,,0.0,
2021-01-30,2021-01,4,7,desktop,google,cpc,<Other>,new_session,74,74,19,3,0,0,55,16,3,0,47,5,0,0,0,0.0,25.68,15.79,0.0,,0.0,0.0,74.32,84.21,100.0,,,0.0,
2021-01-30,2021-01,4,7,desktop,shop.googlemerchandisestore.com,referral,(referral),new_session,79,79,12,2,0,0,67,10,2,0,64,8,0,0,0,0.0,15.19,16.67,0.0,,0.0,0.0,84.81,83.33,100.0,,,0.0,
2021-01-30,2021-01,4,7,desktop,<Other>,<Other>,<Other>,new_session,216,216,44,6,1,0,172,38,5,1,115,16,4,0,0,0.0,20.37,13.64,16.67,0.0,0.0,0.0,79.63,86.36,83.33,100.0,,0.0,
2021-01-30,2021-01,4,7,tablet,<Other>,<Other>,<Other>,new_session,12,12,6,2,2,0,6,4,0,2,9,2,9,0,0,0.0,50.0,33.33,100.0,0.0,0.0,0.0,50.0,66.67,0.0,100.0,,0.0,
2021-01-30,2021-01,4,7,desktop,google,organic,(organic),new_session,408,408,78,10,5,1,330,68,9,4,400,18,24,1,1,0.0,19.12,12.82,50.0,20.0,0.25,1.28,80.88,87.18,90.0,80.0,0.0,0.0,0.0
2021-01-30,2021-01,4,7,mobile,(data deleted),(data deleted),(data deleted),returning_session,57,57,8,3,3,1,49,5,0,2,75,34,12,1,1,0.0,14.04,37.5,100.0,33.33,1.75,12.5,85.96,62.5,0.0,66.67,0.0,0.0,0.0
2021-01-30,2021-01,4,7,mobile,google,organic,(organic),new_session,297,297,65,9,2,1,232,56,9,1,234,31,6,1,1,0.0,21.89,13.85,22.22,50.0,0.34,1.54,78.11,86.15,100.0,50.0,0.0,0.0,0.0
2021-01-30,2021-01,4,7,mobile,(direct),(none),(direct),new_session,209,209,41,6,2,1,168,35,5,1,80,14,9,1,1,0.0,19.62,14.63,33.33,50.0,0.48,2.44,80.38,85.37,83.33,50.0,0.0,0.0,0.0
2021-01-30,2021-01,4,7,mobile,<Other>,<Other>,<Other>,new_session,151,151,32,3,2,1,119,29,1,1,107,28,8,2,2,70.0,21.19,9.38,66.67,50.0,0.66,3.13,78.81,90.63,33.33,50.0,70.0,0.46,35.0
2021-01-30,2021-01,4,7,mobile,shop.googlemerchandisestore.com,referral,(referral),returning_session,34,34,11,3,2,1,23,8,3,1,37,3,26,1,1,0.0,32.35,27.27,66.67,50.0,2.94,9.09,67.65,72.73,100.0,50.0,0.0,0.0,0.0
2021-01-30,2021-01,4,7,desktop,shop.googlemerchandisestore.com,referral,(referral),returning_session,56,56,10,3,2,1,46,7,2,1,99,30,4,1,1,0.0,17.86,30.0,66.67,50.0,1.79,10.0,82.14,70.0,66.67,50.0,0.0,0.0,0.0
2021-01-30,2021-01,4,7,mobile,google,organic,(organic),returning_session,62,62,17,2,2,1,45,15,1,1,82,10,6,1,1,0.0,27.42,11.76,100.0,50.0,1.61,5.88,72.58,88.24,50.0,50.0,0.0,0.0,0.0
2021-01-30,2021-01,4,7,desktop,google,organic,(organic),returning_session,85,85,27,8,8,4,58,19,4,4,135,13,71,6,4,0.0,31.76,29.63,100.0,50.0,4.71,14.81,68.24,70.37,50.0,50.0,0.0,0.0,0.0
2021-01-30,2021-01,4,7,desktop,(direct),(none),(direct),returning_session,84,84,21,8,7,4,63,13,3,3,172,50,19,4,4,0.0,25.0,38.1,87.5,57.14,4.76,19.05,75.0,61.9,37.5,42.86,0.0,0.0,0.0
2021-01-30,2021-01,4,7,desktop,(data deleted),(data deleted),(data deleted),returning_session,96,96,24,6,5,3,72,18,3,2,107,19,18,3,3,0.0,25.0,25.0,83.33,60.0,3.13,12.5,75.0,75.0,50.0,40.0,0.0,0.0,0.0
2021-01-30,2021-01,4,7,desktop,(direct),(none),(direct),new_session,313,313,64,11,3,2,249,53,8,1,204,19,10,2,2,17.0,20.45,17.19,27.27,66.67,0.64,3.13,79.55,82.81,72.73,33.33,8.5,0.05,8.5
2021-01-30,2021-01,4,7,mobile,(direct),(none),(direct),returning_session,68,68,15,4,1,1,53,11,3,0,55,10,9,1,1,28.0,22.06,26.67,25.0,100.0,1.47,6.67,77.94,73.33,75.0,0.0,28.0,0.41,28.0
2021-01-30,2021-01,4,7,mobile,<Other>,referral,(referral),returning_session,31,31,6,2,1,1,25,4,1,0,27,13,3,1,1,28.0,19.35,33.33,50.0,100.0,3.23,16.67,80.65,66.67,50.0,0.0,28.0,0.9,28.0
2021-01-30,2021-01,4,7,desktop,<Other>,referral,(referral),returning_session,36,36,8,2,1,1,28,6,1,0,30,11,9,1,1,16.0,22.22,25.0,50.0,100.0,2.78,12.5,77.78,75.0,50.0,0.0,16.0,0.44,16.0
2021-01-30,2021-01,4,7,mobile,shop.googlemerchandisestore.com,referral,(referral),new_session,56,56,9,3,2,2,47,6,1,0,63,7,4,2,2,0.0,16.07,33.33,66.67,100.0,3.57,22.22,83.93,66.67,33.33,0.0,0.0,0.0,0.0
2020-12-08,2020-12,49,3,tablet,shop.googlemerchandisestore.com,referral,(referral),returning_session,6,6,0,0,0,0,6,0,0,0,0,0,0,0,0,0.0,0.0,,,,0.0,,100.0,,,,,0.0,
2020-12-08,2020-12,49,3,tablet,<Other>,referral,(referral),new_session,9,9,1,0,0,0,8,1,0,0,1,0,0,0,0,0.0,11.11,0.0,,,0.0,0.0,88.89,100.0,,,,0.0,
2020-12-08,2020-12,49,3,mobile,(data deleted),(data deleted),<Other>,returning_session,3,3,0,0,0,0,3,0,0,0,0,0,0,0,0,0.0,0.0,,,,0.0,,100.0,,,,,0.0,
2020-12-08,2020-12,49,3,desktop,<Other>,(data deleted),(data deleted),returning_session,4,4,0,0,0,0,4,0,0,0,0,0,0,0,0,0.0,0.0,,,,0.0,,100.0,,,,,0.0,
2020-12-08,2020-12,49,3,tablet,google,cpc,<Other>,returning_session,1,1,0,0,0,0,1,0,0,0,0,0,0,0,0,0.0,0.0,,,,0.0,,100.0,,,,,0.0,
2020-12-08,2020-12,49,3,tablet,shop.googlemerchandisestore.com,referral,(referral),new_session,8,8,0,0,0,0,8,0,0,0,0,0,0,0,0,0.0,0.0,,,,0.0,,100.0,,,,,0.0,
2020-12-08,2020-12,49,3,tablet,(direct),(none),(direct),returning_session,12,12,2,0,0,0,10,2,0,0,5,0,0,0,0,0.0,16.67,0.0,,,0.0,0.0,83.33,100.0,,,,0.0,
2020-12-08,2020-12,49,3,tablet,<Other>,<Other>,<Other>,returning_session,2,2,0,0,0,0,2,0,0,0,0,0,0,0,0,0.0,0.0,,,,0.0,,100.0,,,,,0.0,
2020-12-08,2020-12,49,3,tablet,google,cpc,<Other>,new_session,6,6,0,0,0,0,6,0,0,0,0,0,0,0,0,0.0,0.0,,,,0.0,,100.0,,,,,0.0,
2020-12-08,2020-12,49,3,tablet,<Other>,organic,(organic),new_session,3,3,0,0,0,0,3,0,0,0,0,0,0,0,0,0.0,0.0,,,,0.0,,100.0,,,,,0.0,
2020-12-08,2020-12,49,3,mobile,(data deleted),(data deleted),(data deleted),new_session,5,5,1,0,0,0,4,1,0,0,4,0,0,0,0,0.0,20.0,0.0,,,0.0,0.0,80.0,100.0,,,,0.0,
2020-12-08,2020-12,49,3,desktop,(data deleted),(data deleted),(data deleted),new_session,8,7,2,1,0,0,5,1,1,0,17,9,0,0,0,0.0,28.57,50.0,0.0,,0.0,0.0,71.43,50.0,100.0,,,0.0,
2020-12-08,2020-12,49,3,mobile,<Other>,(data deleted),(data deleted),returning_session,5,5,2,1,0,0,3,1,1,0,2,1,0,0,0,0.0,40.0,50.0,0.0,,0.0,0.0,60.0,50.0,100.0,,,0.0,
2020-12-08,2020-12,49,3,mobile,<Other>,organic,(organic),returning_session,10,10,2,1,0,0,8,1,1,0,13,1,0,0,0,0.0,20.0,50.0,0.0,,0.0,0.0,80.0,50.0,100.0,,,0.0,
2020-12-08,2020-12,49,3,mobile,google,cpc,<Other>,returning_session,13,13,1,1,0,0,12,0,1,0,1,1,0,0,0,0.0,7.69,100.0,0.0,,0.0,0.0,92.31,0.0,100.0,,,0.0,
2020-12-08,2020-12,49,3,tablet,(data deleted),(data deleted),(data deleted),returning_session,13,13,3,1,0,0,10,2,1,0,35,5,0,0,0,0.0,23.08,33.33,0.0,,0.0,0.0,76.92,66.67,100.0,,,0.0,
2020-12-08,2020-12,49,3,tablet,(direct),(none),(direct),new_session,33,33,7,4,1,0,26,3,3,1,86,15,2,0,0,0.0,21.21,57.14,25.0,0.0,0.0,0.0,78.79,42.86,75.0,100.0,,0.0,
2020-12-08,2020-12,49,3,desktop,google,cpc,<Other>,returning_session,21,21,6,3,1,0,15,3,3,1,18,4,2,0,0,0.0,28.57,50.0,33.33,0.0,0.0,0.0,71.43,50.0,100.0,100.0,,0.0,
2020-12-08,2020-12,49,3,mobile,<Other>,referral,(referral),new_session,209,209,39,8,3,0,170,31,5,3,163,16,6,0,0,0.0,18.66,20.51,37.5,0.0,0.0,0.0,81.34,79.49,62.5,100.0,,0.0,
2020-12-08,2020-12,49,3,mobile,<Other>,<Other>,<Other>,new_session,390,390,62,19,9,0,328,43,12,9,307,58,24,0,0,0.0,15.9,30.65,47.37,0.0,0.0,0.0,84.1,69.35,63.16,100.0,,0.0,
2020-12-08,2020-12,49,3,mobile,<Other>,organic,(organic),new_session,71,71,7,2,1,0,64,5,2,1,16,2,4,0,0,0.0,9.86,28.57,50.0,0.0,0.0,0.0,90.14,71.43,100.0,100.0,,0.0,
2020-12-08,2020-12,49,3,mobile,shop.googlemerchandisestore.com,referral,(referral),new_session,102,102,14,2,1,0,88,12,1,1,72,3,2,0,0,0.0,13.73,14.29,50.0,0.0,0.0,0.0,86.27,85.71,50.0,100.0,,0.0,
2020-12-08,2020-12,49,3,tablet,google,organic,(organic),returning_session,8,8,3,2,2,0,5,1,1,2,13,7,6,0,0,0.0,37.5,66.67,100.0,0.0,0.0,0.0,62.5,33.33,50.0,100.0,,0.0,
2020-12-08,2020-12,49,3,desktop,(data deleted),(data deleted),<Other>,returning_session,3,3,2,1,1,0,1,1,0,1,3,1,2,0,0,0.0,66.67,50.0,100.0,0.0,0.0,0.0,33.33,50.0,0.0,100.0,,0.0,
2020-12-08,2020-12,49,3,tablet,<Other>,referral,(referral),returning_session,8,8,3,2,1,1,5,1,1,0,30,20,2,1,1,362.0,37.5,66.67,50.0,100.0,12.5,33.33,62.5,33.33,50.0,0.0,362.0,45.25,362.0
2020-12-08,2020-12,49,3,mobile,google,cpc,<Other>,new_session,129,129,22,4,2,1,107,18,2,1,88,4,8,1,1,16.0,17.05,18.18,50.0,50.0,0.78,4.55,82.95,81.82,50.0,50.0,16.0,0.12,16.0
2020-12-08,2020-12,49,3,desktop,(direct),(none),(direct),new_session,780,778,147,43,22,1,631,104,23,21,756,122,61,1,1,18.0,18.89,29.25,51.16,4.55,0.13,0.68,81.11,70.75,53.49,95.45,18.0,0.02,18.0
2020-12-08,2020-12,49,3,tablet,<Other>,<Other>,<Other>,new_session,28,28,3,3,2,1,25,0,1,1,15,7,20,1,1,20.0,10.71,100.0,66.67,50.0,3.57,33.33,89.29,0.0,33.33,50.0,20.0,0.71,20.0
2020-12-08,2020-12,49,3,desktop,<Other>,organic,(organic),new_session,81,81,15,3,3,1,66,12,0,2,119,5,8,1,1,17.0,18.52,20.0,100.0,33.33,1.23,6.67,81.48,80.0,0.0,66.67,17.0,0.21,17.0
2020-12-08,2020-12,49,3,tablet,google,organic,(organic),new_session,38,38,5,2,2,1,33,3,0,1,26,8,4,1,1,33.0,13.16,40.0,100.0,50.0,2.63,20.0,86.84,60.0,0.0,50.0,33.0,0.87,33.0
2020-12-08,2020-12,49,3,desktop,<Other>,organic,(organic),returning_session,14,14,6,2,2,1,8,4,0,1,141,6,6,1,1,42.0,42.86,33.33,100.0,50.0,7.14,16.67,57.14,66.67,0.0,50.0,42.0,3.0,42.0
2020-12-08,2020-12,49,3,desktop,shop.googlemerchandisestore.com,referral,(referral),new_session,171,171,29,11,5,2,142,18,6,3,167,32,10,2,2,160.0,16.96,37.93,45.45,40.0,1.17,6.9,83.04,62.07,54.55,60.0,80.0,0.94,80.0
2020-12-08,2020-12,49,3,mobile,<Other>,referral,(referral),returning_session,80,80,17,5,3,2,63,12,3,1,79,23,16,2,2,217.0,21.25,29.41,60.0,66.67,2.5,11.76,78.75,70.59,60.0,33.33,108.5,2.71,108.5
2020-12-08,2020-12,49,3,mobile,<Other>,<Other>,<Other>,returning_session,47,47,14,5,4,2,33,9,2,2,61,17,10,2,2,102.0,29.79,35.71,80.0,50.0,4.26,14.29,70.21,64.29,40.0,50.0,51.0,2.17,51.0
2020-12-08,2020-12,49,3,desktop,<Other>,referral,(referral),new_session,306,306,56,15,10,3,250,41,8,7,237,25,30,4,4,215.0,18.3,26.79,66.67,30.0,0.98,5.36,81.7,73.21,53.33,70.0,71.67,0.7,53.75
2020-12-08,2020-12,49,3,desktop,<Other>,<Other>,<Other>,returning_session,70,70,21,7,6,3,49,14,3,3,123,17,24,4,4,162.0,30.0,33.33,85.71,50.0,4.29,14.29,70.0,66.67,42.86,50.0,54.0,2.31,40.5
2020-12-08,2020-12,49,3,desktop,google,organic,(organic),returning_session,274,274,70,20,10,4,204,50,14,6,430,126,36,4,4,132.0,25.55,28.57,50.0,40.0,1.46,5.71,74.45,71.43,70.0,60.0,33.0,0.48,33.0
2020-12-08,2020-12,49,3,desktop,shop.googlemerchandisestore.com,referral,(referral),returning_session,177,177,58,16,9,4,119,42,11,5,302,63,52,4,4,248.0,32.77,27.59,56.25,44.44,2.26,6.9,67.23,72.41,68.75,55.56,62.0,1.4,62.0
2020-12-08,2020-12,49,3,desktop,google,cpc,<Other>,new_session,163,163,19,10,6,4,144,9,4,2,76,22,16,4,4,167.0,11.66,52.63,60.0,66.67,2.45,21.05,88.34,47.37,40.0,33.33,41.75,1.02,41.75
2020-12-08,2020-12,49,3,mobile,google,organic,(organic),returning_session,177,177,39,15,10,4,138,24,10,6,213,48,46,4,4,326.0,22.03,38.46,66.67,40.0,2.26,10.26,77.97,61.54,66.67,60.0,81.5,1.84,81.5
2020-12-08,2020-12,49,3,mobile,google,organic,(organic),new_session,734,734,125,32,15,5,609,93,21,10,567,98,40,5,5,299.0,17.03,25.6,46.88,33.33,0.68,4.0,82.97,74.4,65.63,66.67,59.8,0.41,59.8
2020-12-08,2020-12,49,3,mobile,(direct),(none),(direct),new_session,511,511,89,28,14,5,422,61,16,9,485,99,56,5,5,136.0,17.42,31.46,50.0,35.71,0.98,5.62,82.58,68.54,57.14,64.29,27.2,0.27,27.2
2020-12-08,2020-12,49,3,desktop,google,organic,(organic),new_session,1143,1143,182,55,23,6,961,127,35,17,831,164,53,6,6,278.0,15.92,30.22,41.82,26.09,0.52,3.3,84.08,69.78,63.64,73.91,46.33,0.24,46.33
2020-12-08,2020-12,49,3,desktop,<Other>,<Other>,<Other>,new_session,587,587,81,20,11,6,506,61,12,5,434,96,42,8,8,393.0,13.8,24.69,55.0,54.55,1.02,7.41,86.2,75.31,60.0,45.45,65.5,0.67,49.13
2020-12-08,2020-12,49,3,mobile,(data deleted),(data deleted),(data deleted),returning_session,180,180,45,18,13,6,135,27,9,7,217,66,63,6,6,473.0,25.0,40.0,72.22,46.15,3.33,13.33,75.0,60.0,50.0,53.85,78.83,2.63,78.83
2020-12-08,2020-12,49,3,desktop,(data deleted),(data deleted),(data deleted),returning_session,246,245,68,26,15,7,178,42,15,8,463,113,60,7,7,588.0,27.76,38.24,57.69,46.67,2.85,10.29,72.65,61.76,57.69,53.33,84.0,2.39,84.0
2020-12-08,2020-12,49,3,mobile,(direct),(none),(direct),returning_session,165,165,42,20,14,7,123,22,8,7,325,105,46,7,7,1279.0,25.45,47.62,70.0,50.0,4.24,16.67,74.55,52.38,40.0,50.0,182.71,7.75,182.71
2020-12-08,2020-12,49,3,desktop,<Other>,referral,(referral),returning_session,137,137,36,11,10,7,101,25,4,3,230,98,56,11,11,422.0,26.28,30.56,90.91,70.0,5.11,19.44,73.72,69.44,36.36,30.0,60.29,3.08,38.36
2020-12-08,2020-12,49,3,mobile,shop.googlemerchandisestore.com,referral,(referral),returning_session,122,122,30,19,13,9,92,11,7,4,176,47,54,9,9,585.0,24.59,63.33,68.42,69.23,7.38,30.0,75.41,36.67,36.84,30.77,65.0,4.8,65.0
2020-12-08,2020-12,49,3,desktop,(direct),(none),(direct),returning_session,249,249,67,29,22,14,182,38,13,8,493,209,101,16,16,1507.0,26.91,43.28,75.86,63.64,5.62,20.9,73.09,56.72,44.83,36.36,107.64,6.05,94.19
2021-01-09,2021-01,1,7,tablet,(direct),(none),(direct),returning_session,1,1,0,0,0,0,1,0,0,0,0,0,0,0,0,0.0,0.0,,,,0.0,,100.0,,,,,0.0,
2021-01-09,2021-01,1,7,tablet,google,cpc,<Other>,new_session,3,3,0,0,0,0,3,0,0,0,0,0,0,0,0,0.0,0.0,,,,0.0,,100.0,,,,,0.0,
2021-01-09,2021-01,1,7,mobile,(data deleted),(data deleted),<Other>,returning_session,1,1,0,0,0,0,1,0,0,0,0,0,0,0,0,0.0,0.0,,,,0.0,,100.0,,,,,0.0,
2021-01-09,2021-01,1,7,tablet,shop.googlemerchandisestore.com,referral,(referral),new_session,1,1,0,0,0,0,1,0,0,0,0,0,0,0,0,0.0,0.0,,,,0.0,,100.0,,,,,0.0,
2021-01-09,2021-01,1,7,tablet,<Other>,<Other>,<Other>,returning_session,2,2,0,0,0,0,2,0,0,0,0,0,0,0,0,0.0,0.0,,,,0.0,,100.0,,,,,0.0,
2021-01-09,2021-01,1,7,desktop,(data deleted),(data deleted),(data deleted),new_session,1,1,0,0,0,0,1,0,0,0,0,0,0,0,0,0.0,0.0,,,,0.0,,100.0,,,,,0.0,
2021-01-09,2021-01,1,7,mobile,(data deleted),(data deleted),(data deleted),new_session,1,1,0,0,0,0,1,0,0,0,0,0,0,0,0,0.0,0.0,,,,0.0,,100.0,,,,,0.0,
2021-01-09,2021-01,1,7,tablet,(data deleted),(data deleted),(data deleted),returning_session,2,2,0,0,0,0,2,0,0,0,0,0,0,0,0,0.0,0.0,,,,0.0,,100.0,,,,,0.0,
2021-01-09,2021-01,1,7,tablet,shop.googlemerchandisestore.com,referral,(referral),returning_session,1,1,0,0,0,0,1,0,0,0,0,0,0,0,0,0.0,0.0,,,,0.0,,100.0,,,,,0.0,
2021-01-09,2021-01,1,7,tablet,<Other>,organic,(organic),returning_session,1,1,0,0,0,0,1,0,0,0,0,0,0,0,0,0.0,0.0,,,,0.0,,100.0,,,,,0.0,
2021-01-09,2021-01,1,7,mobile,google,organic,(organic),new_session,373,373,38,7,0,0,335,31,7,0,120,34,0,0,0,0.0,10.19,18.42,0.0,,0.0,0.0,89.81,81.58,100.0,,,0.0,
2021-01-09,2021-01,1,7,mobile,google,cpc,<Other>,returning_session,3,3,3,0,0,0,0,3,0,0,9,0,0,0,0,0.0,100.0,0.0,,,0.0,0.0,0.0,100.0,,,,0.0,
2021-01-09,2021-01,1,7,mobile,<Other>,organic,(organic),new_session,36,36,1,0,0,0,35,1,0,0,1,0,0,0,0,0.0,2.78,0.0,,,0.0,0.0,97.22,100.0,,,,0.0,
2021-01-09,2021-01,1,7,mobile,<Other>,<Other>,<Other>,returning_session,13,13,1,0,0,0,12,1,0,0,1,0,0,0,0,0.0,7.69,0.0,,,0.0,0.0,92.31,100.0,,,,0.0,
2021-01-09,2021-01,1,7,tablet,<Other>,<Other>,<Other>,new_session,13,13,1,0,0,0,12,1,0,0,1,0,0,0,0,0.0,7.69,0.0,,,0.0,0.0,92.31,100.0,,,,0.0,
2021-01-09,2021-01,1,7,tablet,google,organic,(organic),returning_session,1,1,1,0,0,0,0,1,0,0,2,0,0,0,0,0.0,100.0,0.0,,,0.0,0.0,0.0,100.0,,,,0.0,
2021-01-09,2021-01,1,7,desktop,<Other>,organic,(organic),new_session,53,53,7,0,0,0,46,7,0,0,30,0,0,0,0,0.0,13.21,0.0,,,0.0,0.0,86.79,100.0,,,,0.0,
2021-01-09,2021-01,1,7,tablet,google,organic,(organic),new_session,17,17,4,1,0,0,13,3,1,0,5,1,0,0,0,0.0,23.53,25.0,0.0,,0.0,0.0,76.47,75.0,100.0,,,0.0,
2021-01-09,2021-01,1,7,desktop,<Other>,organic,(organic),returning_session,9,9,2,0,0,0,7,2,0,0,9,0,0,0,0,0.0,22.22,0.0,,,0.0,0.0,77.78,100.0,,,,0.0,
2021-01-09,2021-01,1,7,mobile,(direct),(none),(direct),returning_session,67,67,14,3,0,0,53,11,3,0,25,4,0,0,0,0.0,20.9,21.43,0.0,,0.0,0.0,79.1,78.57,100.0,,,0.0,
2021-01-09,2021-01,1,7,desktop,google,cpc,<Other>,returning_session,4,4,2,0,0,0,2,2,0,0,9,0,0,0,0,0.0,50.0,0.0,,,0.0,0.0,50.0,100.0,,,,0.0,
2021-01-09,2021-01,1,7,tablet,<Other>,referral,(referral),new_session,8,8,2,0,0,0,6,2,0,0,2,0,0,0,0,0.0,25.0,0.0,,,0.0,0.0,75.0,100.0,,,,0.0,
2021-01-09,2021-01,1,7,tablet,(direct),(none),(direct),new_session,15,15,3,1,0,0,12,2,1,0,16,1,0,0,0,0.0,20.0,33.33,0.0,,0.0,0.0,80.0,66.67,100.0,,,0.0,
2021-01-09,2021-01,1,7,desktop,(direct),(none),(direct),returning_session,88,88,18,6,1,0,70,12,6,1,134,42,3,0,0,0.0,20.45,33.33,16.67,0.0,0.0,0.0,79.55,66.67,100.0,100.0,,0.0,
2021-01-09,2021-01,1,7,mobile,shop.googlemerchandisestore.com,referral,(referral),new_session,56,56,10,1,1,0,46,9,0,1,18,2,3,0,0,0.0,17.86,10.0,100.0,0.0,0.0,0.0,82.14,90.0,0.0,100.0,,0.0,
2021-01-09,2021-01,1,7,mobile,google,cpc,<Other>,new_session,52,52,4,1,1,0,48,3,0,1,7,1,3,0,0,0.0,7.69,25.0,100.0,0.0,0.0,0.0,92.31,75.0,0.0,100.0,,0.0,
2021-01-09,2021-01,1,7,desktop,<Other>,<Other>,<Other>,returning_session,23,23,5,3,1,0,18,2,2,1,25,11,3,0,0,0.0,21.74,60.0,33.33,0.0,0.0,0.0,78.26,40.0,66.67,100.0,,0.0,
2021-01-09,2021-01,1,7,desktop,shop.googlemerchandisestore.com,referral,(referral),new_session,82,82,15,3,1,0,67,12,3,1,100,6,3,0,0,0.0,18.29,20.0,33.33,0.0,0.0,0.0,81.71,80.0,100.0,100.0,,0.0,
2021-01-09,2021-01,1,7,mobile,<Other>,<Other>,<Other>,new_session,190,190,26,6,1,0,164,20,6,1,154,51,6,0,0,0.0,13.68,23.08,16.67,0.0,0.0,0.0,86.32,76.92,100.0,100.0,,0.0,
2021-01-09,2021-01,1,7,desktop,(data deleted),(data deleted),(data deleted),returning_session,85,85,19,6,1,1,66,13,5,0,94,25,3,1,1,85.0,22.35,31.58,16.67,100.0,1.18,5.26,77.65,68.42,83.33,0.0,85.0,1.0,85.0
2021-01-09,2021-01,1,7,desktop,google,cpc,<Other>,new_session,73,73,13,3,1,1,60,10,2,0,32,9,6,1,1,40.0,17.81,23.08,33.33,100.0,1.37,7.69,82.19,76.92,66.67,0.0,40.0,0.55,40.0
2021-01-09,2021-01,1,7,mobile,shop.googlemerchandisestore.com,referral,(referral),returning_session,47,46,10,4,1,1,36,6,3,0,41,5,3,1,1,55.0,21.74,40.0,25.0,100.0,2.13,10.0,78.26,60.0,75.0,0.0,55.0,1.17,55.0
2021-01-09,2021-01,1,7,desktop,shop.googlemerchandisestore.com,referral,(referral),returning_session,59,59,8,2,1,1,51,6,2,0,56,8,6,1,1,56.0,13.56,25.0,50.0,100.0,1.69,12.5,86.44,75.0,100.0,0.0,56.0,0.95,56.0
2021-01-09,2021-01,1,7,mobile,<Other>,referral,(referral),returning_session,37,36,6,3,1,1,30,3,2,0,83,4,3,1,1,44.0,16.67,50.0,33.33,100.0,2.7,16.67,83.33,50.0,66.67,0.0,44.0,1.19,44.0
2021-01-09,2021-01,1,7,mobile,<Other>,organic,(organic),returning_session,4,4,2,2,1,1,2,0,1,0,49,32,6,1,1,101.0,50.0,100.0,50.0,100.0,25.0,50.0,50.0,0.0,50.0,0.0,101.0,25.25,101.0
2021-01-09,2021-01,1,7,desktop,<Other>,referral,(referral),new_session,142,142,22,4,2,0,120,18,2,2,82,28,6,0,0,0.0,15.49,18.18,50.0,0.0,0.0,0.0,84.51,81.82,50.0,100.0,,0.0,
2021-01-09,2021-01,1,7,mobile,google,organic,(organic),returning_session,62,62,16,6,2,0,46,10,4,2,43,8,15,0,0,0.0,25.81,37.5,33.33,0.0,0.0,0.0,74.19,62.5,66.67,100.0,,0.0,
2021-01-09,2021-01,1,7,mobile,(direct),(none),(direct),new_session,248,248,35,8,2,1,213,27,6,1,125,23,9,1,1,24.0,14.11,22.86,25.0,50.0,0.4,2.86,85.89,77.14,75.0,50.0,24.0,0.1,24.0
2021-01-09,2021-01,1,7,desktop,google,organic,(organic),returning_session,86,86,22,6,2,1,64,16,4,1,69,13,9,1,1,79.0,25.58,27.27,33.33,50.0,1.16,4.55,74.42,72.73,66.67,50.0,79.0,0.92,79.0
2021-01-09,2021-01,1,7,desktop,<Other>,referral,(referral),returning_session,35,35,8,0,2,1,27,8,0,1,21,0,6,1,1,55.0,22.86,0.0,,50.0,2.86,12.5,77.14,100.0,,50.0,55.0,1.57,55.0
2021-01-09,2021-01,1,7,mobile,(data deleted),(data deleted),(data deleted),returning_session,60,60,11,5,2,2,49,6,3,0,46,10,5,2,2,8.0,18.33,45.45,40.0,100.0,3.33,18.18,81.67,54.55,60.0,0.0,4.0,0.13,4.0
2021-01-09,2021-01,1,7,desktop,google,organic,(organic),new_session,531,531,86,8,3,2,445,78,5,1,180,19,11,2,2,224.0,16.2,9.3,37.5,66.67,0.38,2.33,83.8,90.7,62.5,33.33,112.0,0.42,112.0
2021-01-09,2021-01,1,7,desktop,<Other>,<Other>,<Other>,new_session,245,245,39,8,3,1,206,31,7,2,196,63,9,1,1,57.0,15.92,20.51,37.5,33.33,0.41,2.56,84.08,79.49,87.5,66.67,57.0,0.23,57.0
2021-01-09,2021-01,1,7,mobile,<Other>,referral,(referral),new_session,85,85,16,2,4,3,69,14,0,1,109,3,18,3,3,213.0,18.82,12.5,200.0,75.0,3.53,18.75,81.18,87.5,0.0,25.0,71.0,2.51,71.0
2021-01-09,2021-01,1,7,desktop,(direct),(none),(direct),new_session,342,342,50,10,5,1,292,40,6,4,231,56,39,3,3,322.0,14.62,20.0,50.0,20.0,0.29,2.0,85.38,80.0,60.0,80.0,322.0,0.94,107.33
2020-11-21,2020-11,46,7,desktop,<Other>,(data deleted),(data deleted),returning_session,3,3,0,0,0,0,3,0,0,0,0,0,0,0,0,0.0,0.0,,,,0.0,,100.0,,,,,0.0,
2020-11-21,2020-11,46,7,tablet,<Other>,referral,(referral),new_session,3,3,0,0,0,0,3,0,0,0,0,0,0,0,0,0.0,0.0,,,,0.0,,100.0,,,,,0.0,
2020-11-21,2020-11,46,7,desktop,(data deleted),(data deleted),<Other>,returning_session,2,2,0,0,0,0,2,0,0,0,0,0,0,0,0,0.0,0.0,,,,0.0,,100.0,,,,,0.0,
2020-11-21,2020-11,46,7,tablet,(data deleted),(data deleted),(data deleted),new_session,1,1,0,0,0,0,1,0,0,0,0,0,0,0,0,0.0,0.0,,,,0.0,,100.0,,,,,0.0,
2020-11-21,2020-11,46,7,mobile,(data deleted),(data deleted),(data deleted),new_session,2,2,0,0,0,0,2,0,0,0,0,0,0,0,0,0.0,0.0,,,,0.0,,100.0,,,,,0.0,
2020-11-21,2020-11,46,7,tablet,google,cpc,<Other>,new_session,3,3,0,0,0,0,3,0,0,0,0,0,0,0,0,0.0,0.0,,,,0.0,,100.0,,,,,0.0,
2020-11-21,2020-11,46,7,mobile,(data deleted),(data deleted),<Other>,returning_session,1,1,0,0,0,0,1,0,0,0,0,0,0,0,0,0.0,0.0,,,,0.0,,100.0,,,,,0.0,
2020-11-21,2020-11,46,7,mobile,<Other>,organic,(organic),returning_session,3,3,0,0,0,0,3,0,0,0,0,0,0,0,0,0.0,0.0,,,,0.0,,100.0,,,,,0.0,
2020-11-21,2020-11,46,7,tablet,google,organic,(organic),new_session,20,20,8,0,0,0,12,8,0,0,26,0,0,0,0,0.0,40.0,0.0,,,0.0,0.0,60.0,100.0,,,,0.0,
2020-11-21,2020-11,46,7,tablet,<Other>,referral,(referral),returning_session,3,3,1,0,0,0,2,1,0,0,5,0,0,0,0,0.0,33.33,0.0,,,0.0,0.0,66.67,100.0,,,,0.0,
2020-11-21,2020-11,46,7,tablet,shop.googlemerchandisestore.com,referral,(referral),new_session,2,2,1,0,0,0,1,1,0,0,1,0,0,0,0,0.0,50.0,0.0,,,0.0,0.0,50.0,100.0,,,,0.0,
2020-11-21,2020-11,46,7,tablet,<Other>,organic,(organic),new_session,3,3,1,0,0,0,2,1,0,0,1,0,0,0,0,0.0,33.33,0.0,,,0.0,0.0,66.67,100.0,,,,0.0,
2020-11-21,2020-11,46,7,tablet,(data deleted),(data deleted),(data deleted),returning_session,9,9,3,0,0,0,6,3,0,0,8,0,0,0,0,0.0,33.33,0.0,,,0.0,0.0,66.67,100.0,,,,0.0,
2020-11-21,2020-11,46,7,mobile,<Other>,organic,(organic),new_session,30,30,9,0,0,0,21,9,0,0,42,0,0,0,0,0.0,30.0,0.0,,,0.0,0.0,70.0,100.0,,,,0.0,
2020-11-21,2020-11,46,7,tablet,(direct),(none),(direct),returning_session,5,5,2,0,0,0,3,2,0,0,9,0,0,0,0,0.0,40.0,0.0,,,0.0,0.0,60.0,100.0,,,,0.0,
2020-11-21,2020-11,46,7,desktop,google,cpc,<Other>,returning_session,6,6,1,0,0,0,5,1,0,0,2,0,0,0,0,0.0,16.67,0.0,,,0.0,0.0,83.33,100.0,,,,0.0,
2020-11-21,2020-11,46,7,tablet,shop.googlemerchandisestore.com,referral,(referral),returning_session,3,3,1,0,0,0,2,1,0,0,1,0,0,0,0,0.0,33.33,0.0,,,0.0,0.0,66.67,100.0,,,,0.0,
2020-11-21,2020-11,46,7,mobile,<Other>,(data deleted),(data deleted),returning_session,2,2,1,0,0,0,1,1,0,0,3,0,0,0,0,0.0,50.0,0.0,,,0.0,0.0,50.0,100.0,,,,0.0,
2020-11-21,2020-11,46,7,desktop,<Other>,<Other>,<Other>,new_session,234,234,60,0,11,0,174,60,0,11,416,0,12,0,0,0.0,25.64,0.0,,0.0,0.0,0.0,74.36,100.0,,100.0,,0.0,
2020-11-21,2020-11,46,7,mobile,google,organic,(organic),new_session,319,319,90,0,10,0,229,90,0,10,462,0,10,0,0,0.0,28.21,0.0,,0.0,0.0,0.0,71.79,100.0,,100.0,,0.0,
2020-11-21,2020-11,46,7,desktop,google,cpc,<Other>,new_session,78,78,27,0,5,0,51,27,0,5,121,0,5,0,0,0.0,34.62,0.0,,0.0,0.0,0.0,65.38,100.0,,100.0,,0.0,
2020-11-21,2020-11,46,7,desktop,<Other>,organic,(organic),returning_session,14,14,2,0,1,0,12,2,0,1,7,0,3,0,0,0.0,14.29,0.0,,0.0,0.0,0.0,85.71,100.0,,100.0,,0.0,
2020-11-21,2020-11,46,7,mobile,<Other>,referral,(referral),new_session,73,73,16,0,3,0,57,16,0,3,53,0,4,0,0,0.0,21.92,0.0,,0.0,0.0,0.0,78.08,100.0,,100.0,,0.0,
2020-11-21,2020-11,46,7,desktop,(direct),(none),(direct),new_session,304,303,67,0,9,0,236,67,0,9,470,0,11,0,0,0.0,22.11,0.0,,0.0,0.0,0.0,77.89,100.0,,100.0,,0.0,
2020-11-21,2020-11,46,7,mobile,shop.googlemerchandisestore.com,referral,(referral),new_session,40,40,15,0,2,0,25,15,0,2,99,0,4,0,0,0.0,37.5,0.0,,0.0,0.0,0.0,62.5,100.0,,100.0,,0.0,
2020-11-21,2020-11,46,7,desktop,<Other>,organic,(organic),new_session,43,43,11,0,3,0,32,11,0,3,83,0,3,0,0,0.0,25.58,0.0,,0.0,0.0,0.0,74.42,100.0,,100.0,,0.0,
2020-11-21,2020-11,46,7,tablet,<Other>,<Other>,<Other>,new_session,10,10,2,0,1,0,8,2,0,1,56,0,1,0,0,0.0,20.0,0.0,,0.0,0.0,0.0,80.0,100.0,,100.0,,0.0,
2020-11-21,2020-11,46,7,desktop,shop.googlemerchandisestore.com,referral,(referral),new_session,72,72,20,0,2,0,52,20,0,2,36,0,2,0,0,0.0,27.78,0.0,,0.0,0.0,0.0,72.22,100.0,,100.0,,0.0,
2020-11-21,2020-11,46,7,mobile,<Other>,<Other>,<Other>,new_session,157,156,33,0,3,0,123,33,0,3,137,0,4,0,0,0.0,21.15,0.0,,0.0,0.0,0.0,78.85,100.0,,100.0,,0.0,
2020-11-21,2020-11,46,7,desktop,google,organic,(organic),new_session,430,429,106,0,16,1,323,106,0,15,531,0,20,2,1,370.0,24.71,0.0,,6.25,0.23,0.94,75.29,100.0,,93.75,370.0,0.86,370.0
2020-11-21,2020-11,46,7,mobile,(direct),(none),(direct),new_session,196,196,52,0,8,1,144,52,0,7,301,0,9,2,1,100.0,26.53,0.0,,12.5,0.51,1.92,73.47,100.0,,87.5,100.0,0.51,100.0
2020-11-21,2020-11,46,7,mobile,(data deleted),(data deleted),(data deleted),returning_session,92,91,24,0,3,1,67,24,0,2,145,0,3,2,1,60.0,26.37,0.0,,33.33,1.09,4.17,73.63,100.0,,66.67,60.0,0.65,60.0
2020-11-21,2020-11,46,7,mobile,google,organic,(organic),returning_session,92,92,30,0,6,2,62,30,0,4,128,0,14,4,2,116.0,32.61,0.0,,33.33,2.17,6.67,67.39,100.0,,66.67,58.0,1.26,58.0
2020-11-21,2020-11,46,7,desktop,shop.googlemerchandisestore.com,referral,(referral),returning_session,80,80,20,0,2,1,60,20,0,1,76,0,4,2,1,68.0,25.0,0.0,,50.0,1.25,5.0,75.0,100.0,,50.0,68.0,0.85,68.0
2020-11-21,2020-11,46,7,mobile,shop.googlemerchandisestore.com,referral,(referral),returning_session,52,52,18,0,2,1,34,18,0,1,64,0,4,1,1,0.0,34.62,0.0,,50.0,1.92,5.56,65.38,100.0,,50.0,0.0,0.0,0.0
2020-11-21,2020-11,46,7,desktop,<Other>,referral,(referral),returning_session,66,66,14,0,2,1,52,14,0,1,50,0,3,2,1,120.0,21.21,0.0,,50.0,1.52,7.14,78.79,100.0,,50.0,120.0,1.82,120.0
2020-11-21,2020-11,46,7,tablet,(direct),(none),(direct),new_session,11,11,3,0,2,1,8,3,0,1,15,0,2,2,1,44.0,27.27,0.0,,50.0,9.09,33.33,72.73,100.0,,50.0,44.0,4.0,44.0
2020-11-21,2020-11,46,7,desktop,<Other>,referral,(referral),new_session,111,111,38,0,9,5,73,38,0,4,232,0,16,10,5,1350.0,34.23,0.0,,55.56,4.5,13.16,65.77,100.0,,44.44,270.0,12.16,270.0
2020-11-21,2020-11,46,7,desktop,google,organic,(organic),returning_session,127,126,25,0,5,3,101,25,0,2,112,0,10,6,3,254.0,19.84,0.0,,60.0,2.36,12.0,80.16,100.0,,40.0,84.67,2.0,84.67
2020-11-21,2020-11,46,7,desktop,(direct),(none),(direct),returning_session,132,132,23,0,3,2,109,23,0,1,101,0,5,4,2,98.0,17.42,0.0,,66.67,1.52,8.7,82.58,100.0,,33.33,49.0,0.74,49.0
2020-11-21,2020-11,46,7,mobile,<Other>,referral,(referral),returning_session,38,38,10,0,3,2,28,10,0,1,30,0,4,4,2,152.0,26.32,0.0,,66.67,5.26,20.0,73.68,100.0,,33.33,76.0,4.0,76.0
2020-11-21,2020-11,46,7,mobile,google,cpc,<Other>,new_session,54,54,20,0,4,3,34,20,0,1,111,0,6,6,3,210.0,37.04,0.0,,75.0,5.56,15.0,62.96,100.0,,25.0,70.0,3.89,70.0
2020-11-21,2020-11,46,7,desktop,(data deleted),(data deleted),(data deleted),returning_session,122,121,31,0,2,2,90,31,0,0,122,0,4,3,2,26.0,25.62,0.0,,100.0,1.64,6.45,74.38,100.0,,0.0,13.0,0.21,13.0
2020-11-21,2020-11,46,7,mobile,<Other>,<Other>,<Other>,returning_session,20,20,7,0,1,1,13,7,0,0,14,0,1,2,1,56.0,35.0,0.0,,100.0,5.0,14.29,65.0,100.0,,0.0,56.0,2.8,56.0
2020-11-21,2020-11,46,7,mobile,(direct),(none),(direct),returning_session,77,77,13,0,2,2,64,13,0,0,53,0,2,4,2,190.0,16.88,0.0,,100.0,2.6,15.38,83.12,100.0,,0.0,95.0,2.47,95.0
2020-11-21,2020-11,46,7,desktop,<Other>,<Other>,<Other>,returning_session,35,35,7,0,3,3,28,7,0,0,22,0,3,6,3,410.0,20.0,0.0,,100.0,8.57,42.86,80.0,100.0,,0.0,136.67,11.71,136.67
2020-11-21,2020-11,46,7,mobile,google,cpc,<Other>,returning_session,5,5,1,0,1,1,4,1,0,0,2,0,2,2,1,92.0,20.0,0.0,,100.0,20.0,100.0,80.0,100.0,,0.0,92.0,18.4,92.0
2020-11-21,2020-11,46,7,tablet,google,organic,(organic),returning_session,5,5,1,0,1,1,4,1,0,0,24,0,2,2,1,322.0,20.0,0.0,,100.0,20.0,100.0,80.0,100.0,,0.0,322.0,64.4,322.0
2021-01-03,2021-01,1,1,tablet,<Other>,referral,(referral),returning_session,3,3,0,0,0,0,3,0,0,0,0,0,0,0,0,0.0,0.0,,,,0.0,,100.0,,,,,0.0,
2021-01-03,2021-01,1,1,desktop,(data deleted),(data deleted),<Other>,returning_session,1,1,0,0,0,0,1,0,0,0,0,0,0,0,0,0.0,0.0,,,,0.0,,100.0,,,,,0.0,
2021-01-03,2021-01,1,1,tablet,google,organic,(organic),new_session,19,19,2,0,0,0,17,2,0,0,2,0,0,0,0,0.0,10.53,0.0,,,0.0,0.0,89.47,100.0,,,,0.0,
2021-01-03,2021-01,1,1,mobile,<Other>,<Other>,<Other>,returning_session,12,12,2,0,0,0,10,2,0,0,3,0,0,0,0,0.0,16.67,0.0,,,0.0,0.0,83.33,100.0,,,,0.0,
2021-01-03,2021-01,1,1,mobile,google,cpc,<Other>,new_session,45,45,6,0,0,0,39,6,0,0,14,0,0,0,0,0.0,13.33,0.0,,,0.0,0.0,86.67,100.0,,,,0.0,
2021-01-03,2021-01,1,1,mobile,<Other>,organic,(organic),new_session,38,38,8,0,0,0,30,8,0,0,12,0,0,0,0,0.0,21.05,0.0,,,0.0,0.0,78.95,100.0,,,,0.0,
2021-01-03,2021-01,1,1,desktop,<Other>,organic,(organic),returning_session,8,8,1,0,0,0,7,1,0,0,2,0,0,0,0,0.0,12.5,0.0,,,0.0,0.0,87.5,100.0,,,,0.0,
2021-01-03,2021-01,1,1,desktop,<Other>,(data deleted),(data deleted),returning_session,2,2,0,0,0,0,2,0,0,0,0,0,0,0,0,0.0,0.0,,,,0.0,,100.0,,,,,0.0,
2021-01-03,2021-01,1,1,mobile,<Other>,organic,(organic),returning_session,2,2,0,0,0,0,2,0,0,0,0,0,0,0,0,0.0,0.0,,,,0.0,,100.0,,,,,0.0,
2021-01-03,2021-01,1,1,mobile,(data deleted),(data deleted),<Other>,returning_session,3,3,0,0,0,0,3,0,0,0,0,0,0,0,0,0.0,0.0,,,,0.0,,100.0,,,,,0.0,
2021-01-03,2021-01,1,1,tablet,google,organic,(organic),returning_session,1,1,0,0,0,0,1,0,0,0,0,0,0,0,0,0.0,0.0,,,,0.0,,100.0,,,,,0.0,
2021-01-03,2021-01,1,1,tablet,shop.googlemerchandisestore.com,referral,(referral),new_session,1,1,0,0,0,0,1,0,0,0,0,0,0,0,0,0.0,0.0,,,,0.0,,100.0,,,,,0.0,
2021-01-03,2021-01,1,1,tablet,<Other>,organic,(organic),new_session,1,1,1,0,0,0,0,1,0,0,1,0,0,0,0,0.0,100.0,0.0,,,0.0,0.0,0.0,100.0,,,,0.0,
2021-01-03,2021-01,1,1,mobile,(data deleted),(data deleted),(data deleted),new_session,3,3,1,0,0,0,2,1,0,0,2,0,0,0,0,0.0,33.33,0.0,,,0.0,0.0,66.67,100.0,,,,0.0,
2021-01-03,2021-01,1,1,desktop,<Other>,referral,(referral),new_session,131,131,16,0,0,0,115,16,0,0,34,0,0,0,0,0.0,12.21,0.0,,,0.0,0.0,87.79,100.0,,,,0.0,
2021-01-03,2021-01,1,1,tablet,google,cpc,<Other>,new_session,1,1,0,0,0,0,1,0,0,0,0,0,0,0,0,0.0,0.0,,,,0.0,,100.0,,,,,0.0,
2021-01-03,2021-01,1,1,tablet,<Other>,referral,(referral),new_session,2,2,0,0,0,0,2,0,0,0,0,0,0,0,0,0.0,0.0,,,,0.0,,100.0,,,,,0.0,
2021-01-03,2021-01,1,1,tablet,(direct),(none),(direct),new_session,12,12,2,1,0,0,10,1,1,0,4,1,0,0,0,0.0,16.67,50.0,0.0,,0.0,0.0,83.33,50.0,100.0,,,0.0,
2021-01-03,2021-01,1,1,desktop,<Other>,referral,(referral),returning_session,33,33,2,1,0,0,31,1,1,0,8,8,0,0,0,0.0,6.06,50.0,0.0,,0.0,0.0,93.94,50.0,100.0,,,0.0,
2021-01-03,2021-01,1,1,desktop,(data deleted),(data deleted),(data deleted),new_session,6,6,2,1,0,0,4,1,1,0,7,5,0,0,0,0.0,33.33,50.0,0.0,,0.0,0.0,66.67,50.0,100.0,,,0.0,
2021-01-03,2021-01,1,1,mobile,shop.googlemerchandisestore.com,referral,(referral),new_session,39,39,8,1,0,0,31,7,1,0,39,1,0,0,0,0.0,20.51,12.5,0.0,,0.0,0.0,79.49,87.5,100.0,,,0.0,
2021-01-03,2021-01,1,1,desktop,<Other>,organic,(organic),new_session,42,42,8,1,0,0,34,7,1,0,17,5,0,0,0,0.0,19.05,12.5,0.0,,0.0,0.0,80.95,87.5,100.0,,,0.0,
2021-01-03,2021-01,1,1,mobile,google,cpc,<Other>,returning_session,3,3,2,1,0,0,1,1,1,0,11,2,0,0,0,0.0,66.67,50.0,0.0,,0.0,0.0,33.33,50.0,100.0,,,0.0,
2021-01-03,2021-01,1,1,tablet,<Other>,<Other>,<Other>,new_session,7,7,2,1,0,0,5,1,1,0,6,1,0,0,0,0.0,28.57,50.0,0.0,,0.0,0.0,71.43,50.0,100.0,,,0.0,
2021-01-03,2021-01,1,1,mobile,<Other>,referral,(referral),new_session,97,97,9,1,0,0,88,8,1,0,13,3,0,0,0,0.0,9.28,11.11,0.0,,0.0,0.0,90.72,88.89,100.0,,,0.0,
2021-01-03,2021-01,1,1,desktop,google,organic,(organic),returning_session,64,64,12,0,1,0,52,12,0,1,25,0,9,0,0,0.0,18.75,0.0,,0.0,0.0,0.0,81.25,100.0,,100.0,,0.0,
2021-01-03,2021-01,1,1,desktop,google,cpc,<Other>,returning_session,8,8,1,0,1,0,7,1,0,1,3,0,3,0,0,0.0,12.5,0.0,,0.0,0.0,0.0,87.5,100.0,,100.0,,0.0,
2021-01-03,2021-01,1,1,mobile,google,organic,(organic),new_session,297,297,42,6,1,0,255,36,5,1,181,13,3,0,0,0.0,14.14,14.29,16.67,0.0,0.0,0.0,85.86,85.71,83.33,100.0,,0.0,
2021-01-03,2021-01,1,1,desktop,(direct),(none),(direct),new_session,320,320,37,5,1,0,283,32,5,1,89,9,3,0,0,0.0,11.56,13.51,20.0,0.0,0.0,0.0,88.44,86.49,100.0,100.0,,0.0,
2021-01-03,2021-01,1,1,desktop,google,organic,(organic),new_session,468,468,65,7,3,0,403,58,4,3,242,12,15,0,0,0.0,13.89,10.77,42.86,0.0,0.0,0.0,86.11,89.23,57.14,100.0,,0.0,
2021-01-03,2021-01,1,1,mobile,(direct),(none),(direct),new_session,200,200,33,2,1,0,167,31,1,1,123,4,3,0,0,0.0,16.5,6.06,50.0,0.0,0.0,0.0,83.5,93.94,50.0,100.0,,0.0,
2021-01-03,2021-01,1,1,desktop,<Other>,<Other>,<Other>,returning_session,15,15,1,1,1,0,14,0,0,1,4,3,3,0,0,0.0,6.67,100.0,100.0,0.0,0.0,0.0,93.33,0.0,0.0,100.0,,0.0,
2021-01-03,2021-01,1,1,desktop,<Other>,<Other>,<Other>,new_session,273,273,46,8,5,2,227,38,5,3,155,44,24,2,2,26.0,16.85,17.39,62.5,40.0,0.73,4.35,83.15,82.61,62.5,60.0,13.0,0.1,13.0
2021-01-03,2021-01,1,1,mobile,google,organic,(organic),returning_session,52,52,7,3,2,1,45,4,2,1,28,12,7,1,1,0.0,13.46,42.86,66.67,50.0,1.92,14.29,86.54,57.14,66.67,50.0,0.0,0.0,0.0
2021-01-03,2021-01,1,1,desktop,(direct),(none),(direct),returning_session,65,65,13,3,2,1,52,10,1,1,85,13,6,1,1,41.0,20.0,23.08,66.67,50.0,1.54,7.69,80.0,76.92,33.33,50.0,41.0,0.63,41.0
2021-01-03,2021-01,1,1,mobile,shop.googlemerchandisestore.com,referral,(referral),returning_session,40,40,9,2,2,1,31,7,1,1,74,22,12,1,1,42.0,22.5,22.22,100.0,50.0,2.5,11.11,77.5,77.78,50.0,50.0,42.0,1.05,42.0
2021-01-03,2021-01,1,1,desktop,shop.googlemerchandisestore.com,referral,(referral),returning_session,43,43,12,2,2,1,31,10,1,1,117,2,6,1,1,101.0,27.91,16.67,100.0,50.0,2.33,8.33,72.09,83.33,50.0,50.0,101.0,2.35,101.0
2021-01-03,2021-01,1,1,mobile,(data deleted),(data deleted),(data deleted),returning_session,32,32,8,2,2,1,24,6,1,1,15,3,9,1,1,28.0,25.0,25.0,100.0,50.0,3.13,12.5,75.0,75.0,50.0,50.0,28.0,0.88,28.0
2021-01-03,2021-01,1,1,mobile,(direct),(none),(direct),returning_session,42,42,9,0,1,1,33,9,0,0,27,0,3,1,1,14.0,21.43,0.0,,100.0,2.38,11.11,78.57,100.0,,0.0,14.0,0.33,14.0
2021-01-03,2021-01,1,1,desktop,google,cpc,<Other>,new_session,52,52,8,0,1,1,44,8,0,0,18,0,3,1,1,15.0,15.38,0.0,,100.0,1.92,12.5,84.62,100.0,,0.0,15.0,0.29,15.0
2021-01-03,2021-01,1,1,desktop,(data deleted),(data deleted),(data deleted),returning_session,60,60,9,5,2,2,51,4,3,0,112,18,6,2,2,47.0,15.0,55.56,40.0,100.0,3.33,22.22,85.0,44.44,60.0,0.0,23.5,0.78,23.5
2021-01-03,2021-01,1,1,mobile,<Other>,<Other>,<Other>,new_session,172,172,25,3,2,2,147,22,2,0,53,5,27,2,2,50.0,14.53,12.0,66.67,100.0,1.16,8.0,85.47,88.0,66.67,0.0,25.0,0.29,25.0
2021-01-03,2021-01,1,1,mobile,<Other>,referral,(referral),returning_session,15,15,3,1,1,1,12,2,0,0,42,28,3,1,1,72.0,20.0,33.33,100.0,100.0,6.67,33.33,80.0,66.67,0.0,0.0,72.0,4.8,72.0
2021-01-03,2021-01,1,1,desktop,shop.googlemerchandisestore.com,referral,(referral),new_session,55,55,8,1,1,1,47,7,0,0,37,15,6,1,1,217.0,14.55,12.5,100.0,100.0,1.82,12.5,85.45,87.5,0.0,0.0,217.0,3.95,217.0
2021-01-02,2021-01,0,7,mobile,(data deleted),(data deleted),<Other>,returning_session,2,2,0,0,0,0,2,0,0,0,0,0,0,0,0,0.0,0.0,,,,0.0,,100.0,,,,,0.0,
2021-01-02,2021-01,0,7,desktop,(data deleted),(data deleted),(data deleted),new_session,1,1,0,0,0,0,1,0,0,0,0,0,0,0,0,0.0,0.0,,,,0.0,,100.0,,,,,0.0,
2021-01-02,2021-01,0,7,mobile,<Other>,<Other>,<Other>,returning_session,5,5,0,0,0,0,5,0,0,0,0,0,0,0,0,0.0,0.0,,,,0.0,,100.0,,,,,0.0,
2021-01-02,2021-01,0,7,tablet,shop.googlemerchandisestore.com,referral,(referral),returning_session,1,1,0,0,0,0,1,0,0,0,0,0,0,0,0,0.0,0.0,,,,0.0,,100.0,,,,,0.0,
2021-01-02,2021-01,0,7,desktop,<Other>,organic,(organic),returning_session,5,5,0,0,0,0,5,0,0,0,0,0,0,0,0,0.0,0.0,,,,0.0,,100.0,,,,,0.0,
2021-01-02,2021-01,0,7,mobile,<Other>,organic,(organic),returning_session,3,3,0,0,0,0,3,0,0,0,0,0,0,0,0,0.0,0.0,,,,0.0,,100.0,,,,,0.0,
2021-01-02,2021-01,0,7,tablet,shop.googlemerchandisestore.com,referral,(referral),new_session,2,2,0,0,0,0,2,0,0,0,0,0,0,0,0,0.0,0.0,,,,0.0,,100.0,,,,,0.0,
2021-01-02,2021-01,0,7,tablet,google,cpc,<Other>,new_session,10,10,0,0,0,0,10,0,0,0,0,0,0,0,0,0.0,0.0,,,,0.0,,100.0,,,,,0.0,
2021-01-02,2021-01,0,7,mobile,google,cpc,<Other>,returning_session,1,1,0,0,0,0,1,0,0,0,0,0,0,0,0,0.0,0.0,,,,0.0,,100.0,,,,,0.0,
2021-01-02,2021-01,0,7,tablet,<Other>,organic,(organic),new_session,1,1,0,0,0,0,1,0,0,0,0,0,0,0,0,0.0,0.0,,,,0.0,,100.0,,,,,0.0,
2021-01-02,2021-01,0,7,tablet,<Other>,referral,(referral),new_session,5,5,1,0,0,0,4,1,0,0,1,0,0,0,0,0.0,20.0,0.0,,,0.0,0.0,80.0,100.0,,,,0.0,
2021-01-02,2021-01,0,7,desktop,shop.googlemerchandisestore.com,referral,(referral),new_session,63,63,5,0,0,0,58,5,0,0,33,0,0,0,0,0.0,7.94,0.0,,,0.0,0.0,92.06,100.0,,,,0.0,
2021-01-02,2021-01,0,7,mobile,(data deleted),(data deleted),(data deleted),new_session,2,1,1,0,0,0,0,1,0,0,2,0,0,0,0,0.0,100.0,0.0,,,0.0,0.0,0.0,100.0,,,,0.0,
2021-01-02,2021-01,0,7,tablet,<Other>,<Other>,<Other>,new_session,10,10,3,0,0,0,7,3,0,0,5,0,0,0,0,0.0,30.0,0.0,,,0.0,0.0,70.0,100.0,,,,0.0,
2021-01-02,2021-01,0,7,desktop,(data deleted),(data deleted),<Other>,returning_session,1,1,1,0,0,0,0,1,0,0,1,0,0,0,0,0.0,100.0,0.0,,,0.0,0.0,0.0,100.0,,,,0.0,
2021-01-02,2021-01,0,7,desktop,google,cpc,<Other>,new_session,90,90,8,0,0,0,82,8,0,0,11,0,0,0,0,0.0,8.89,0.0,,,0.0,0.0,91.11,100.0,,,,0.0,
2021-01-02,2021-01,0,7,mobile,shop.googlemerchandisestore.com,referral,(referral),new_session,32,32,1,0,0,0,31,1,0,0,1,0,0,0,0,0.0,3.13,0.0,,,0.0,0.0,96.88,100.0,,,,0.0,
2021-01-02,2021-01,0,7,desktop,<Other>,referral,(referral),returning_session,22,22,3,0,0,0,19,3,0,0,12,0,0,0,0,0.0,13.64,0.0,,,0.0,0.0,86.36,100.0,,,,0.0,
2021-01-02,2021-01,0,7,desktop,google,cpc,<Other>,returning_session,4,4,1,0,0,0,3,1,0,0,13,0,0,0,0,0.0,25.0,0.0,,,0.0,0.0,75.0,100.0,,,,0.0,
2021-01-02,2021-01,0,7,mobile,(direct),(none),(direct),returning_session,28,28,5,0,0,0,23,5,0,0,23,0,0,0,0,0.0,17.86,0.0,,,0.0,0.0,82.14,100.0,,,,0.0,
2021-01-02,2021-01,0,7,mobile,(data deleted),(data deleted),(data deleted),returning_session,30,30,4,0,0,0,26,4,0,0,20,0,0,0,0,0.0,13.33,0.0,,,0.0,0.0,86.67,100.0,,,,0.0,
2021-01-02,2021-01,0,7,desktop,<Other>,organic,(organic),new_session,43,43,9,0,0,0,34,9,0,0,13,0,0,0,0,0.0,20.93,0.0,,,0.0,0.0,79.07,100.0,,,,0.0,
2021-01-02,2021-01,0,7,tablet,(direct),(none),(direct),new_session,11,11,1,0,0,0,10,1,0,0,2,0,0,0,0,0.0,9.09,0.0,,,0.0,0.0,90.91,100.0,,,,0.0,
2021-01-02,2021-01,0,7,desktop,shop.googlemerchandisestore.com,referral,(referral),returning_session,33,33,6,2,0,0,27,4,2,0,20,5,0,0,0,0.0,18.18,33.33,0.0,,0.0,0.0,81.82,66.67,100.0,,,0.0,
2021-01-02,2021-01,0,7,tablet,google,organic,(organic),returning_session,4,4,2,0,0,0,2,2,0,0,4,0,0,0,0,0.0,50.0,0.0,,,0.0,0.0,50.0,100.0,,,,0.0,
2021-01-02,2021-01,0,7,mobile,<Other>,organic,(organic),new_session,20,20,1,0,0,0,19,1,0,0,1,0,0,0,0,0.0,5.0,0.0,,,0.0,0.0,95.0,100.0,,,,0.0,
2021-01-02,2021-01,0,7,tablet,<Other>,referral,(referral),returning_session,1,1,1,0,0,0,0,1,0,0,3,0,0,0,0,0.0,100.0,0.0,,,0.0,0.0,0.0,100.0,,,,0.0,
2021-01-02,2021-01,0,7,mobile,google,cpc,<Other>,new_session,42,42,6,1,0,0,36,5,1,0,24,7,0,0,0,0.0,14.29,16.67,0.0,,0.0,0.0,85.71,83.33,100.0,,,0.0,
2021-01-02,2021-01,0,7,desktop,(direct),(none),(direct),returning_session,56,56,11,2,1,0,45,9,2,1,35,4,6,0,0,0.0,19.64,18.18,50.0,0.0,0.0,0.0,80.36,81.82,100.0,100.0,,0.0,
2021-01-02,2021-01,0,7,desktop,<Other>,<Other>,<Other>,new_session,246,246,41,9,3,0,205,32,6,3,148,35,15,0,0,0.0,16.67,21.95,33.33,0.0,0.0,0.0,83.33,78.05,66.67,100.0,,0.0,
2021-01-02,2021-01,0,7,desktop,<Other>,referral,(referral),new_session,138,138,15,4,1,0,123,11,4,1,61,18,3,0,0,0.0,10.87,26.67,25.0,0.0,0.0,0.0,89.13,73.33,100.0,100.0,,0.0,
2021-01-02,2021-01,0,7,desktop,(data deleted),(data deleted),(data deleted),returning_session,66,66,17,4,5,1,49,13,0,4,94,28,21,1,1,36.0,25.76,23.53,125.0,20.0,1.52,5.88,74.24,76.47,0.0,80.0,36.0,0.55,36.0
2021-01-02,2021-01,0,7,desktop,google,organic,(organic),new_session,481,481,64,6,4,1,417,58,5,3,149,8,14,1,1,11.0,13.31,9.38,66.67,25.0,0.21,1.56,86.69,90.63,83.33,75.0,11.0,0.02,11.0
2021-01-02,2021-01,0,7,desktop,(direct),(none),(direct),new_session,340,340,50,6,2,1,290,44,5,1,158,38,12,1,1,21.0,14.71,12.0,33.33,50.0,0.29,2.0,85.29,88.0,83.33,50.0,21.0,0.06,21.0
2021-01-02,2021-01,0,7,mobile,google,organic,(organic),new_session,304,304,46,5,2,1,258,41,3,1,92,10,8,1,1,0.0,15.13,10.87,40.0,50.0,0.33,2.17,84.87,89.13,60.0,50.0,0.0,0.0,0.0
2021-01-02,2021-01,0,7,mobile,(direct),(none),(direct),new_session,205,205,28,7,2,1,177,21,5,1,94,20,12,1,1,87.0,13.66,25.0,28.57,50.0,0.49,3.57,86.34,75.0,71.43,50.0,87.0,0.42,87.0
2021-01-02,2021-01,0,7,mobile,<Other>,<Other>,<Other>,new_session,157,157,26,5,2,1,131,21,5,1,75,8,6,1,1,48.0,16.56,19.23,40.0,50.0,0.64,3.85,83.44,80.77,100.0,50.0,48.0,0.31,48.0
2021-01-02,2021-01,0,7,mobile,google,organic,(organic),returning_session,33,33,8,4,2,1,25,4,2,1,43,24,7,1,1,13.0,24.24,50.0,50.0,50.0,3.03,12.5,75.76,50.0,50.0,50.0,13.0,0.39,13.0
2021-01-02,2021-01,0,7,tablet,google,organic,(organic),new_session,19,19,5,2,2,1,14,3,1,1,22,8,6,1,1,42.0,26.32,40.0,100.0,50.0,5.26,20.0,73.68,60.0,50.0,50.0,42.0,2.21,42.0
2021-01-02,2021-01,0,7,mobile,<Other>,referral,(referral),new_session,98,98,15,2,1,1,83,13,1,0,51,9,15,1,1,183.0,15.31,13.33,50.0,100.0,1.02,6.67,84.69,86.67,50.0,0.0,183.0,1.87,183.0
2021-01-02,2021-01,0,7,desktop,google,organic,(organic),returning_session,60,60,12,2,2,2,48,10,0,0,115,17,9,2,2,225.0,20.0,16.67,100.0,100.0,3.33,16.67,80.0,83.33,0.0,0.0,112.5,3.75,112.5
2021-01-02,2021-01,0,7,desktop,<Other>,<Other>,<Other>,returning_session,11,11,5,3,1,1,6,2,2,0,74,64,3,1,1,341.0,45.45,60.0,33.33,100.0,9.09,20.0,54.55,40.0,66.67,0.0,341.0,31.0,341.0
2021-01-02,2021-01,0,7,mobile,<Other>,referral,(referral),returning_session,19,19,2,0,1,1,17,2,0,0,2,0,3,1,1,12.0,10.53,0.0,,100.0,5.26,50.0,89.47,100.0,,0.0,12.0,0.63,12.0
2021-01-02,2021-01,0,7,mobile,shop.googlemerchandisestore.com,referral,(referral),returning_session,23,23,1,1,1,1,22,0,0,0,1,1,3,1,1,7.0,4.35,100.0,100.0,100.0,4.35,100.0,95.65,0.0,0.0,0.0,7.0,0.3,7.0
2020-11-23,2020-11,47,2,desktop,(data deleted),(data deleted),<Other>,new_session,1,1,0,0,0,0,1,0,0,0,0,0,0,0,0,0.0,0.0,,,,0.0,,100.0,,,,,0.0,
2020-11-23,2020-11,47,2,tablet,<Other>,organic,(organic),new_session,1,1,0,0,0,0,1,0,0,0,0,0,0,0,0,0.0,0.0,,,,0.0,,100.0,,,,,0.0,
2020-11-23,2020-11,47,2,desktop,(data deleted),(data deleted),<Other>,returning_session,1,1,0,0,0,0,1,0,0,0,0,0,0,0,0,0.0,0.0,,,,0.0,,100.0,,,,,0.0,
2020-11-23,2020-11,47,2,mobile,(data deleted),(data deleted),<Other>,returning_session,2,2,0,0,0,0,2,0,0,0,0,0,0,0,0,0.0,0.0,,,,0.0,,100.0,,,,,0.0,
2020-11-23,2020-11,47,2,desktop,<Other>,(data deleted),(data deleted),returning_session,4,4,0,0,0,0,4,0,0,0,0,0,0,0,0,0.0,0.0,,,,0.0,,100.0,,,,,0.0,
2020-11-23,2020-11,47,2,tablet,shop.googlemerchandisestore.com,referral,(referral),new_session,3,3,0,0,0,0,3,0,0,0,0,0,0,0,0,0.0,0.0,,,,0.0,,100.0,,,,,0.0,
2020-11-23,2020-11,47,2,tablet,(direct),(none),(direct),returning_session,4,4,0,0,0,0,4,0,0,0,0,0,0,0,0,0.0,0.0,,,,0.0,,100.0,,,,,0.0,
2020-11-23,2020-11,47,2,mobile,<Other>,(data deleted),(data deleted),returning_session,2,2,0,0,0,0,2,0,0,0,0,0,0,0,0,0.0,0.0,,,,0.0,,100.0,,,,,0.0,
2020-11-23,2020-11,47,2,tablet,<Other>,organic,(organic),returning_session,1,1,0,0,0,0,1,0,0,0,0,0,0,0,0,0.0,0.0,,,,0.0,,100.0,,,,,0.0,
2020-11-23,2020-11,47,2,desktop,<Other>,organic,(organic),returning_session,9,9,0,0,0,0,9,0,0,0,0,0,0,0,0,0.0,0.0,,,,0.0,,100.0,,,,,0.0,
2020-11-23,2020-11,47,2,tablet,(direct),(none),(direct),new_session,18,18,2,0,0,0,16,2,0,0,2,0,0,0,0,0.0,11.11,0.0,,,0.0,0.0,88.89,100.0,,,,0.0,
2020-11-23,2020-11,47,2,desktop,(data deleted),(data deleted),(data deleted),new_session,7,7,1,0,0,0,6,1,0,0,3,0,0,0,0,0.0,14.29,0.0,,,0.0,0.0,85.71,100.0,,,,0.0,
2020-11-23,2020-11,47,2,tablet,(data deleted),(data deleted),(data deleted),returning_session,2,2,1,0,0,0,1,1,0,0,1,0,0,0,0,0.0,50.0,0.0,,,0.0,0.0,50.0,100.0,,,,0.0,
2020-11-23,2020-11,47,2,desktop,<Other>,<Other>,<Other>,returning_session,30,30,11,0,0,0,19,11,0,0,34,0,0,0,0,0.0,36.67,0.0,,,0.0,0.0,63.33,100.0,,,,0.0,
2020-11-23,2020-11,47,2,tablet,<Other>,referral,(referral),new_session,5,5,4,0,0,0,1,4,0,0,10,0,0,0,0,0.0,80.0,0.0,,,0.0,0.0,20.0,100.0,,,,0.0,
2020-11-23,2020-11,47,2,mobile,<Other>,organic,(organic),new_session,27,27,7,0,0,0,20,7,0,0,14,0,0,0,0,0.0,25.93,0.0,,,0.0,0.0,74.07,100.0,,,,0.0,
2020-11-23,2020-11,47,2,mobile,(data deleted),(data deleted),(data deleted),new_session,8,8,2,0,0,0,6,2,0,0,43,0,0,0,0,0.0,25.0,0.0,,,0.0,0.0,75.0,100.0,,,,0.0,
2020-11-23,2020-11,47,2,tablet,<Other>,<Other>,<Other>,new_session,11,11,2,0,0,0,9,2,0,0,10,0,0,0,0,0.0,18.18,0.0,,,0.0,0.0,81.82,100.0,,,,0.0,
2020-11-23,2020-11,47,2,tablet,<Other>,referral,(referral),returning_session,3,3,1,0,0,0,2,1,0,0,1,0,0,0,0,0.0,33.33,0.0,,,0.0,0.0,66.67,100.0,,,,0.0,
2020-11-23,2020-11,47,2,mobile,<Other>,organic,(organic),returning_session,5,5,1,0,0,0,4,1,0,0,5,0,0,0,0,0.0,20.0,0.0,,,0.0,0.0,80.0,100.0,,,,0.0,
2020-11-23,2020-11,47,2,desktop,google,cpc,<Other>,new_session,81,81,17,0,1,0,64,17,0,1,122,0,1,0,0,0.0,20.99,0.0,,0.0,0.0,0.0,79.01,100.0,,100.0,,0.0,
2020-11-23,2020-11,47,2,mobile,shop.googlemerchandisestore.com,referral,(referral),new_session,57,57,13,0,4,0,44,13,0,4,35,0,6,0,0,0.0,22.81,0.0,,0.0,0.0,0.0,77.19,100.0,,100.0,,0.0,
2020-11-23,2020-11,47,2,tablet,google,cpc,<Other>,returning_session,2,2,1,0,1,0,1,1,0,1,3,0,1,0,0,0.0,50.0,0.0,,0.0,0.0,0.0,50.0,100.0,,100.0,,0.0,
2020-11-23,2020-11,47,2,desktop,<Other>,organic,(organic),new_session,53,53,14,0,2,0,39,14,0,2,89,0,2,0,0,0.0,26.42,0.0,,0.0,0.0,0.0,73.58,100.0,,100.0,,0.0,
2020-11-23,2020-11,47,2,desktop,<Other>,referral,(referral),new_session,137,137,34,0,10,0,103,34,0,10,264,0,10,0,0,0.0,24.82,0.0,,0.0,0.0,0.0,75.18,100.0,,100.0,,0.0,
2020-11-23,2020-11,47,2,mobile,google,cpc,<Other>,new_session,52,52,17,0,3,0,35,17,0,3,76,0,4,0,0,0.0,32.69,0.0,,0.0,0.0,0.0,67.31,100.0,,100.0,,0.0,
2020-11-23,2020-11,47,2,desktop,(direct),(none),(direct),new_session,392,392,81,0,13,2,311,81,0,11,527,0,17,4,2,240.0,20.66,0.0,,15.38,0.51,2.47,79.34,100.0,,84.62,120.0,0.61,120.0
2020-11-23,2020-11,47,2,desktop,google,organic,(organic),new_session,557,557,148,0,21,4,409,148,0,17,891,0,33,14,7,764.0,26.57,0.0,,19.05,0.72,2.7,73.43,100.0,,80.95,191.0,1.37,109.14
2020-11-23,2020-11,47,2,mobile,google,organic,(organic),new_session,367,367,87,0,10,2,280,87,0,8,478,0,12,3,2,132.0,23.71,0.0,,20.0,0.54,2.3,76.29,100.0,,80.0,66.0,0.36,66.0
2020-11-23,2020-11,47,2,desktop,<Other>,<Other>,<Other>,new_session,270,270,67,0,10,2,203,67,0,8,309,0,12,6,3,60.0,24.81,0.0,,20.0,0.74,2.99,75.19,100.0,,80.0,30.0,0.22,20.0
2020-11-23,2020-11,47,2,mobile,(direct),(none),(direct),new_session,263,263,58,0,10,3,205,58,0,7,236,0,14,6,3,1008.0,22.05,0.0,,30.0,1.14,5.17,77.95,100.0,,70.0,336.0,3.83,336.0
2020-11-23,2020-11,47,2,mobile,<Other>,<Other>,<Other>,new_session,193,193,52,0,12,4,141,52,0,8,252,0,19,8,4,304.0,26.94,0.0,,33.33,2.07,7.69,73.06,100.0,,66.67,76.0,1.58,76.0
2020-11-23,2020-11,47,2,tablet,google,organic,(organic),new_session,23,23,9,0,3,1,14,9,0,2,94,0,7,1,1,0.0,39.13,0.0,,33.33,4.35,11.11,60.87,100.0,,66.67,0.0,0.0,0.0
2020-11-23,2020-11,47,2,desktop,shop.googlemerchandisestore.com,referral,(referral),new_session,66,66,15,0,5,2,51,15,0,3,149,0,8,6,3,432.0,22.73,0.0,,40.0,3.03,13.33,77.27,100.0,,60.0,216.0,6.55,144.0
2020-11-23,2020-11,47,2,mobile,<Other>,referral,(referral),new_session,87,87,18,0,2,1,69,18,0,1,65,0,6,2,1,74.0,20.69,0.0,,50.0,1.15,5.56,79.31,100.0,,50.0,74.0,0.85,74.0
2020-11-23,2020-11,47,2,mobile,<Other>,referral,(referral),returning_session,56,56,9,0,2,1,47,9,0,1,39,0,9,2,1,60.0,16.07,0.0,,50.0,1.79,11.11,83.93,100.0,,50.0,60.0,1.07,60.0
2020-11-23,2020-11,47,2,desktop,(data deleted),(data deleted),(data deleted),returning_session,155,155,35,0,11,6,120,35,0,5,199,0,19,12,6,858.0,22.58,0.0,,54.55,3.87,17.14,77.42,100.0,,45.45,143.0,5.54,143.0
2020-11-23,2020-11,47,2,desktop,google,organic,(organic),returning_session,165,165,42,0,9,5,123,42,0,4,152,0,22,10,5,366.0,25.45,0.0,,55.56,3.03,11.9,74.55,100.0,,44.44,73.2,2.22,73.2
2020-11-23,2020-11,47,2,mobile,(data deleted),(data deleted),(data deleted),returning_session,132,132,36,0,5,3,96,36,0,2,150,0,8,6,3,246.0,27.27,0.0,,60.0,2.27,8.33,72.73,100.0,,40.0,82.0,1.86,82.0
2020-11-23,2020-11,47,2,desktop,shop.googlemerchandisestore.com,referral,(referral),returning_session,100,100,28,0,5,3,72,28,0,2,127,0,12,6,3,316.0,28.0,0.0,,60.0,3.0,10.71,72.0,100.0,,40.0,105.33,3.16,105.33
2020-11-23,2020-11,47,2,desktop,<Other>,referral,(referral),returning_session,71,71,20,0,5,3,51,20,0,2,107,0,6,6,3,670.0,28.17,0.0,,60.0,4.23,15.0,71.83,100.0,,40.0,223.33,9.44,223.33
2020-11-23,2020-11,47,2,mobile,google,organic,(organic),returning_session,116,116,24,0,6,4,92,24,0,2,151,0,10,8,4,464.0,20.69,0.0,,66.67,3.45,16.67,79.31,100.0,,33.33,116.0,4.0,116.0
2020-11-23,2020-11,47,2,tablet,shop.googlemerchandisestore.com,referral,(referral),returning_session,6,6,5,0,3,2,1,5,0,1,32,0,5,4,2,434.0,83.33,0.0,,66.67,33.33,40.0,16.67,100.0,,33.33,217.0,72.33,217.0
2020-11-23,2020-11,47,2,desktop,(direct),(none),(direct),returning_session,165,165,39,0,7,5,126,39,0,2,183,0,16,9,5,342.0,23.64,0.0,,71.43,3.03,12.82,76.36,100.0,,28.57,68.4,2.07,68.4
2020-11-23,2020-11,47,2,mobile,shop.googlemerchandisestore.com,referral,(referral),returning_session,86,86,18,0,4,3,68,18,0,1,79,0,9,6,3,350.0,20.93,0.0,,75.0,3.49,16.67,79.07,100.0,,25.0,116.67,4.07,116.67
2020-11-23,2020-11,47,2,mobile,(direct),(none),(direct),returning_session,110,110,19,0,3,3,91,19,0,0,144,0,4,6,3,676.0,17.27,0.0,,100.0,2.73,15.79,82.73,100.0,,0.0,225.33,6.15,225.33
2020-11-23,2020-11,47,2,mobile,<Other>,<Other>,<Other>,returning_session,25,25,5,0,1,1,20,5,0,0,11,0,7,12,6,456.0,20.0,0.0,,100.0,4.0,20.0,80.0,100.0,,0.0,456.0,18.24,76.0
2020-11-23,2020-11,47,2,mobile,google,cpc,<Other>,returning_session,8,8,5,0,2,2,3,5,0,0,12,0,2,4,2,242.0,62.5,0.0,,100.0,25.0,40.0,37.5,100.0,,0.0,121.0,30.25,121.0
2020-11-23,2020-11,47,2,desktop,google,cpc,<Other>,returning_session,13,13,2,0,1,1,11,2,0,0,7,0,2,2,1,26.0,15.38,0.0,,100.0,7.69,50.0,84.62,100.0,,0.0,26.0,2.0,26.0
2020-11-23,2020-11,47,2,tablet,google,organic,(organic),returning_session,8,8,2,0,1,1,6,2,0,0,21,0,2,2,1,344.0,25.0,0.0,,100.0,12.5,50.0,75.0,100.0,,0.0,344.0,43.0,344.0
2021-01-27,2021-01,4,4,mobile,<Other>,(data deleted),(data deleted),returning_session,1,1,0,0,0,0,1,0,0,0,0,0,0,0,0,0.0,0.0,,,,0.0,,100.0,,,,,0.0,
2021-01-27,2021-01,4,4,tablet,<Other>,organic,(organic),new_session,2,2,0,0,0,0,2,0,0,0,0,0,0,0,0,0.0,0.0,,,,0.0,,100.0,,,,,0.0,
2021-01-27,2021-01,4,4,tablet,google,organic,(organic),new_session,33,33,5,2,0,0,28,3,2,0,17,5,0,0,0,0.0,15.15,40.0,0.0,,0.0,0.0,84.85,60.0,100.0,,,0.0,
2021-01-27,2021-01,4,4,tablet,(data deleted),(data deleted),(data deleted),returning_session,7,7,1,0,0,0,6,1,0,0,4,0,0,0,0,0.0,14.29,0.0,,,0.0,0.0,85.71,100.0,,,,0.0,
2021-01-27,2021-01,4,4,desktop,<Other>,(data deleted),(data deleted),returning_session,5,4,1,0,0,0,3,1,0,0,3,0,0,0,0,0.0,25.0,0.0,,,0.0,0.0,75.0,100.0,,,,0.0,
2021-01-27,2021-01,4,4,desktop,<Other>,referral,(referral),new_session,180,179,52,5,0,0,127,47,5,0,151,6,0,0,0,0.0,29.05,9.62,0.0,,0.0,0.0,70.95,90.38,100.0,,,0.0,
2021-01-27,2021-01,4,4,desktop,<Other>,(data deleted),(data deleted),new_session,1,1,1,0,0,0,0,1,0,0,1,0,0,0,0,0.0,100.0,0.0,,,0.0,0.0,0.0,100.0,,,,0.0,
2021-01-27,2021-01,4,4,tablet,<Other>,referral,(referral),returning_session,3,3,1,0,0,0,2,1,0,0,4,0,0,0,0,0.0,33.33,0.0,,,0.0,0.0,66.67,100.0,,,,0.0,
2021-01-27,2021-01,4,4,tablet,<Other>,<Other>,<Other>,returning_session,2,2,1,0,0,0,1,1,0,0,2,0,0,0,0,0.0,50.0,0.0,,,0.0,0.0,50.0,100.0,,,,0.0,
2021-01-27,2021-01,4,4,mobile,(data deleted),(data deleted),<Other>,returning_session,4,3,1,0,0,0,2,1,0,0,2,0,0,0,0,0.0,33.33,0.0,,,0.0,0.0,66.67,100.0,,,,0.0,
2021-01-27,2021-01,4,4,tablet,shop.googlemerchandisestore.com,referral,(referral),returning_session,2,2,2,0,0,0,0,2,0,0,5,0,0,0,0,0.0,100.0,0.0,,,0.0,0.0,0.0,100.0,,,,0.0,
2021-01-27,2021-01,4,4,mobile,<Other>,(data deleted),(data deleted),new_session,1,1,1,0,0,0,0,1,0,0,1,0,0,0,0,0.0,100.0,0.0,,,0.0,0.0,0.0,100.0,,,,0.0,
2021-01-27,2021-01,4,4,tablet,<Other>,<Other>,<Other>,new_session,5,5,2,0,0,0,3,2,0,0,2,0,0,0,0,0.0,40.0,0.0,,,0.0,0.0,60.0,100.0,,,,0.0,
2021-01-27,2021-01,4,4,mobile,google,cpc,<Other>,returning_session,7,7,1,0,0,0,6,1,0,0,2,0,0,0,0,0.0,14.29,0.0,,,0.0,0.0,85.71,100.0,,,,0.0,
2021-01-27,2021-01,4,4,desktop,google,cpc,<Other>,returning_session,10,10,1,1,0,0,9,0,1,0,20,9,0,0,0,0.0,10.0,100.0,0.0,,0.0,0.0,90.0,0.0,100.0,,,0.0,
2021-01-27,2021-01,4,4,tablet,(direct),(none),(direct),returning_session,2,2,1,0,0,0,1,1,0,0,1,0,0,0,0,0.0,50.0,0.0,,,0.0,0.0,50.0,100.0,,,,0.0,
2021-01-27,2021-01,4,4,tablet,(direct),(none),(direct),new_session,20,20,3,1,0,0,17,2,1,0,7,1,0,0,0,0.0,15.0,33.33,0.0,,0.0,0.0,85.0,66.67,100.0,,,0.0,
2021-01-27,2021-01,4,4,mobile,<Other>,organic,(organic),returning_session,8,8,1,0,0,0,7,1,0,0,1,0,0,0,0,0.0,12.5,0.0,,,0.0,0.0,87.5,100.0,,,,0.0,
2021-01-27,2021-01,4,4,mobile,google,cpc,<Other>,new_session,62,62,20,3,0,0,42,17,3,0,39,5,0,0,0,0.0,32.26,15.0,0.0,,0.0,0.0,67.74,85.0,100.0,,,0.0,
2021-01-27,2021-01,4,4,tablet,<Other>,referral,(referral),new_session,8,8,2,0,0,0,6,2,0,0,2,0,0,0,0,0.0,25.0,0.0,,,0.0,0.0,75.0,100.0,,,,0.0,
2021-01-27,2021-01,4,4,tablet,google,organic,(organic),returning_session,8,8,2,1,0,0,6,1,1,0,11,2,0,0,0,0.0,25.0,50.0,0.0,,0.0,0.0,75.0,50.0,100.0,,,0.0,
2021-01-27,2021-01,4,4,mobile,(data deleted),(data deleted),(data deleted),new_session,22,21,15,2,0,0,6,13,2,0,34,3,0,0,0,0.0,71.43,13.33,0.0,,0.0,0.0,28.57,86.67,100.0,,,0.0,
2021-01-27,2021-01,4,4,desktop,(data deleted),(data deleted),<Other>,returning_session,4,4,1,0,0,0,3,1,0,0,4,0,0,0,0,0.0,25.0,0.0,,,0.0,0.0,75.0,100.0,,,,0.0,
2021-01-27,2021-01,4,4,desktop,(data deleted),(data deleted),(data deleted),new_session,31,28,20,4,1,0,8,16,4,1,36,5,2,0,0,0.0,71.43,20.0,25.0,0.0,0.0,0.0,28.57,80.0,100.0,100.0,,0.0,
2021-01-27,2021-01,4,4,desktop,shop.googlemerchandisestore.com,referral,(referral),new_session,105,104,27,2,2,0,77,25,0,2,74,2,6,0,0,0.0,25.96,7.41,100.0,0.0,0.0,0.0,74.04,92.59,0.0,100.0,,0.0,
2021-01-27,2021-01,4,4,desktop,<Other>,<Other>,<Other>,returning_session,46,46,13,5,1,0,33,8,4,1,58,10,5,0,0,0.0,28.26,38.46,20.0,0.0,0.0,0.0,71.74,61.54,80.0,100.0,,0.0,
2021-01-27,2021-01,4,4,mobile,google,organic,(organic),new_session,439,439,114,13,3,0,325,101,11,3,307,18,8,0,0,0.0,25.97,11.4,23.08,0.0,0.0,0.0,74.03,88.6,84.62,100.0,,0.0,
2021-01-27,2021-01,4,4,tablet,google,cpc,<Other>,new_session,4,4,2,1,1,0,2,1,0,1,13,2,2,0,0,0.0,50.0,50.0,100.0,0.0,0.0,0.0,50.0,50.0,0.0,100.0,,0.0,
2021-01-27,2021-01,4,4,desktop,<Other>,organic,(organic),returning_session,11,11,2,1,1,0,9,1,1,1,10,4,6,0,0,0.0,18.18,50.0,100.0,0.0,0.0,0.0,81.82,50.0,100.0,100.0,,0.0,
2021-01-27,2021-01,4,4,desktop,google,cpc,<Other>,new_session,100,100,17,2,1,1,83,15,1,0,61,8,2,1,1,0.0,17.0,11.76,50.0,100.0,1.0,5.88,83.0,88.24,50.0,0.0,0.0,0.0,0.0
2021-01-27,2021-01,4,4,tablet,shop.googlemerchandisestore.com,referral,(referral),new_session,6,5,2,0,1,1,3,2,0,0,7,0,2,1,1,0.0,40.0,0.0,,100.0,16.67,50.0,60.0,100.0,,0.0,0.0,0.0,0.0
2021-01-27,2021-01,4,4,desktop,<Other>,organic,(organic),new_session,65,64,21,5,2,1,44,16,3,1,64,18,6,1,1,0.0,32.81,23.81,40.0,50.0,1.54,4.76,68.75,76.19,60.0,50.0,0.0,0.0,0.0
2021-01-27,2021-01,4,4,desktop,<Other>,referral,(referral),returning_session,85,83,25,8,2,1,60,17,6,1,85,25,10,1,1,0.0,30.12,32.0,25.0,50.0,1.18,4.0,72.29,68.0,75.0,50.0,0.0,0.0,0.0
2021-01-27,2021-01,4,4,desktop,shop.googlemerchandisestore.com,referral,(referral),returning_session,115,115,16,8,3,1,99,8,7,2,84,15,7,1,1,0.0,13.91,50.0,37.5,33.33,0.87,6.25,86.09,50.0,87.5,66.67,0.0,0.0,0.0
2021-01-27,2021-01,4,4,mobile,<Other>,organic,(organic),new_session,50,50,10,2,3,1,40,8,0,2,45,7,15,2,2,17.0,20.0,20.0,150.0,33.33,2.0,10.0,80.0,80.0,0.0,66.67,17.0,0.34,8.5
2021-01-27,2021-01,4,4,desktop,google,organic,(organic),returning_session,172,172,55,11,6,1,117,44,9,5,160,25,31,1,1,16.0,31.98,20.0,54.55,16.67,0.58,1.82,68.02,80.0,81.82,83.33,16.0,0.09,16.0
2021-01-27,2021-01,4,4,desktop,<Other>,<Other>,<Other>,new_session,322,321,81,10,7,1,241,71,5,6,194,27,30,2,2,16.0,25.23,12.35,70.0,14.29,0.31,1.23,75.08,87.65,50.0,85.71,16.0,0.05,8.0
2021-01-27,2021-01,4,4,mobile,shop.googlemerchandisestore.com,referral,(referral),new_session,78,77,21,4,2,2,56,17,2,0,47,4,5,2,2,5.0,27.27,19.05,50.0,100.0,2.56,9.52,72.73,80.95,50.0,0.0,2.5,0.06,2.5
2021-01-27,2021-01,4,4,mobile,<Other>,referral,(referral),new_session,122,122,30,8,4,2,92,22,5,2,63,14,19,2,2,0.0,24.59,26.67,50.0,50.0,1.64,6.67,75.41,73.33,62.5,50.0,0.0,0.0,0.0
2021-01-27,2021-01,4,4,desktop,google,organic,(organic),new_session,665,664,145,20,5,2,520,125,17,3,389,48,13,2,2,0.0,21.84,13.79,25.0,40.0,0.3,1.38,78.31,86.21,85.0,60.0,0.0,0.0,0.0
2021-01-27,2021-01,4,4,mobile,<Other>,<Other>,<Other>,new_session,222,222,62,15,5,2,160,47,10,3,272,44,19,2,2,29.0,27.93,24.19,33.33,40.0,0.9,3.23,72.07,75.81,66.67,60.0,14.5,0.13,14.5
2021-01-27,2021-01,4,4,mobile,(direct),(none),(direct),new_session,288,288,71,15,8,2,217,56,10,6,205,46,45,2,2,0.0,24.65,21.13,53.33,25.0,0.69,2.82,75.35,78.87,66.67,75.0,0.0,0.0,0.0
2021-01-27,2021-01,4,4,desktop,(data deleted),(data deleted),(data deleted),returning_session,184,183,52,11,9,2,131,41,5,7,141,22,46,2,2,0.0,28.42,21.15,81.82,22.22,1.09,3.85,71.58,78.85,45.45,77.78,0.0,0.0,0.0
2021-01-27,2021-01,4,4,mobile,(direct),(none),(direct),returning_session,96,95,30,12,6,3,65,18,9,3,134,24,37,3,3,19.0,31.58,40.0,50.0,50.0,3.13,10.0,68.42,60.0,75.0,50.0,6.33,0.2,6.33
2021-01-27,2021-01,4,4,mobile,shop.googlemerchandisestore.com,referral,(referral),returning_session,81,80,28,12,9,3,52,16,7,6,175,33,32,3,3,0.0,35.0,42.86,75.0,33.33,3.7,10.71,65.0,57.14,58.33,66.67,0.0,0.0,0.0
2021-01-27,2021-01,4,4,mobile,<Other>,<Other>,<Other>,returning_session,34,34,10,4,4,4,24,6,1,0,80,23,17,4,4,10.0,29.41,40.0,100.0,100.0,11.76,40.0,70.59,60.0,25.0,0.0,2.5,0.29,2.5
2021-01-27,2021-01,4,4,mobile,<Other>,referral,(referral),returning_session,57,57,11,5,5,4,46,6,1,1,61,10,21,4,4,0.0,19.3,45.45,100.0,80.0,7.02,36.36,80.7,54.55,20.0,20.0,0.0,0.0,0.0
2021-01-27,2021-01,4,4,mobile,(data deleted),(data deleted),(data deleted),returning_session,98,98,23,4,6,4,75,19,1,2,86,11,52,5,4,0.0,23.47,17.39,150.0,66.67,4.08,17.39,76.53,82.61,25.0,33.33,0.0,0.0,0.0
2021-01-27,2021-01,4,4,mobile,google,organic,(organic),returning_session,113,112,30,7,6,4,82,23,3,2,140,29,29,5,5,189.0,26.79,23.33,85.71,66.67,3.54,13.33,73.21,76.67,42.86,33.33,47.25,1.67,37.8
2021-01-27,2021-01,4,4,desktop,(direct),(none),(direct),returning_session,162,162,41,13,9,4,121,28,9,5,143,25,22,4,4,70.0,25.31,31.71,69.23,44.44,2.47,9.76,74.69,68.29,69.23,55.56,17.5,0.43,17.5
2021-01-27,2021-01,4,4,desktop,(direct),(none),(direct),new_session,451,449,117,18,8,5,332,99,12,3,381,46,37,5,5,86.0,26.06,15.38,44.44,62.5,1.11,4.27,73.94,84.62,66.67,37.5,17.2,0.19,17.2
2020-11-26,2020-11,47,5,tablet,(data deleted),(data deleted),<Other>,returning_session,1,1,0,0,0,0,1,0,0,0,0,0,0,0,0,0.0,0.0,,,,0.0,,100.0,,,,,0.0,
2020-11-26,2020-11,47,5,mobile,<Other>,(data deleted),(data deleted),returning_session,3,2,0,0,0,0,2,0,0,0,0,0,0,0,0,0.0,0.0,,,,0.0,,100.0,,,,,0.0,
2020-11-26,2020-11,47,5,tablet,<Other>,organic,(organic),new_session,3,3,0,0,0,0,3,0,0,0,0,0,0,0,0,0.0,0.0,,,,0.0,,100.0,,,,,0.0,
2020-11-26,2020-11,47,5,desktop,<Other>,organic,(organic),returning_session,3,3,0,0,0,0,3,0,0,0,0,0,0,0,0,0.0,0.0,,,,0.0,,100.0,,,,,0.0,
2020-11-26,2020-11,47,5,mobile,(data deleted),(data deleted),<Other>,new_session,1,1,0,0,0,0,1,0,0,0,0,0,0,0,0,0.0,0.0,,,,0.0,,100.0,,,,,0.0,
2020-11-26,2020-11,47,5,tablet,shop.googlemerchandisestore.com,referral,(referral),new_session,1,1,0,0,0,0,1,0,0,0,0,0,0,0,0,0.0,0.0,,,,0.0,,100.0,,,,,0.0,
2020-11-26,2020-11,47,5,mobile,google,cpc,<Other>,returning_session,5,5,1,0,0,0,4,1,0,0,1,0,0,0,0,0.0,20.0,0.0,,,0.0,0.0,80.0,100.0,,,,0.0,
2020-11-26,2020-11,47,5,tablet,<Other>,<Other>,<Other>,returning_session,3,3,1,1,0,0,2,0,1,0,39,13,0,0,0,0.0,33.33,100.0,0.0,,0.0,0.0,66.67,0.0,100.0,,,0.0,
2020-11-26,2020-11,47,5,tablet,<Other>,referral,(referral),returning_session,5,5,1,1,0,0,4,0,1,0,4,4,0,0,0,0.0,20.0,100.0,0.0,,0.0,0.0,80.0,0.0,100.0,,,0.0,
2020-11-26,2020-11,47,5,tablet,google,cpc,<Other>,new_session,3,3,1,0,0,0,2,1,0,0,2,0,0,0,0,0.0,33.33,0.0,,,0.0,0.0,66.67,100.0,,,,0.0,
2020-11-26,2020-11,47,5,mobile,(data deleted),(data deleted),(data deleted),new_session,5,5,2,1,0,0,3,1,1,0,17,2,0,0,0,0.0,40.0,50.0,0.0,,0.0,0.0,60.0,50.0,100.0,,,0.0,
2020-11-26,2020-11,47,5,tablet,<Other>,referral,(referral),new_session,11,11,2,1,0,0,9,1,1,0,4,3,0,0,0,0.0,18.18,50.0,0.0,,0.0,0.0,81.82,50.0,100.0,,,0.0,
2020-11-26,2020-11,47,5,tablet,shop.googlemerchandisestore.com,referral,(referral),returning_session,4,4,2,1,0,0,2,1,1,0,13,2,0,0,0,0.0,50.0,50.0,0.0,,0.0,0.0,50.0,50.0,100.0,,,0.0,
2020-11-26,2020-11,47,5,desktop,(data deleted),(data deleted),(data deleted),new_session,6,6,3,0,0,0,3,3,0,0,3,0,0,0,0,0.0,50.0,0.0,,,0.0,0.0,50.0,100.0,,,,0.0,
2020-11-26,2020-11,47,5,tablet,google,organic,(organic),returning_session,9,9,3,2,0,0,6,1,2,0,20,7,0,0,0,0.0,33.33,66.67,0.0,,0.0,0.0,66.67,33.33,100.0,,,0.0,
2020-11-26,2020-11,47,5,tablet,<Other>,<Other>,<Other>,new_session,9,9,3,0,0,0,6,3,0,0,7,0,0,0,0,0.0,33.33,0.0,,,0.0,0.0,66.67,100.0,,,,0.0,
2020-11-26,2020-11,47,5,tablet,google,organic,(organic),new_session,22,22,7,2,0,0,15,5,2,0,14,2,0,0,0,0.0,31.82,28.57,0.0,,0.0,0.0,68.18,71.43,100.0,,,0.0,
2020-11-26,2020-11,47,5,desktop,(data deleted),(data deleted),<Other>,returning_session,3,3,1,0,1,0,2,1,0,1,2,0,4,0,0,0.0,33.33,0.0,,0.0,0.0,0.0,66.67,100.0,,100.0,,0.0,
2020-11-26,2020-11,47,5,desktop,<Other>,(data deleted),(data deleted),returning_session,6,6,2,0,1,0,4,2,0,1,3,0,1,0,0,0.0,33.33,0.0,,0.0,0.0,0.0,66.67,100.0,,100.0,,0.0,
2020-11-26,2020-11,47,5,tablet,(direct),(none),(direct),new_session,13,13,2,1,1,0,11,1,0,1,25,6,2,0,0,0.0,15.38,50.0,100.0,0.0,0.0,0.0,84.62,50.0,0.0,100.0,,0.0,
2020-11-26,2020-11,47,5,mobile,<Other>,organic,(organic),returning_session,7,7,2,1,1,0,5,1,0,1,3,2,1,0,0,0.0,28.57,50.0,100.0,0.0,0.0,0.0,71.43,50.0,0.0,100.0,,0.0,
2020-11-26,2020-11,47,5,desktop,google,cpc,<Other>,returning_session,16,16,3,1,1,0,13,2,1,1,4,1,2,0,0,0.0,18.75,33.33,100.0,0.0,0.0,0.0,81.25,66.67,100.0,100.0,,0.0,
2020-11-26,2020-11,47,5,tablet,(data deleted),(data deleted),(data deleted),returning_session,9,9,3,1,1,0,6,2,1,1,7,1,2,0,0,0.0,33.33,33.33,100.0,0.0,0.0,0.0,66.67,66.67,100.0,100.0,,0.0,
2020-11-26,2020-11,47,5,mobile,<Other>,referral,(referral),new_session,87,87,10,3,2,0,77,7,2,2,121,4,2,0,0,0.0,11.49,30.0,66.67,0.0,0.0,0.0,88.51,70.0,66.67,100.0,,0.0,
2020-11-26,2020-11,47,5,mobile,shop.googlemerchandisestore.com,referral,(referral),returning_session,75,75,22,9,4,0,53,13,8,4,65,15,6,0,0,0.0,29.33,40.91,44.44,0.0,0.0,0.0,70.67,59.09,88.89,100.0,,0.0,
2020-11-26,2020-11,47,5,desktop,<Other>,referral,(referral),returning_session,71,71,23,4,3,0,48,19,3,3,56,8,10,0,0,0.0,32.39,17.39,75.0,0.0,0.0,0.0,67.61,82.61,75.0,100.0,,0.0,
2020-11-26,2020-11,47,5,desktop,<Other>,<Other>,<Other>,new_session,323,323,68,24,9,0,255,44,17,9,401,74,17,0,0,0.0,21.05,35.29,37.5,0.0,0.0,0.0,78.95,64.71,70.83,100.0,,0.0,
2020-11-26,2020-11,47,5,desktop,(direct),(none),(direct),new_session,383,382,74,23,11,2,308,51,15,9,438,112,14,2,2,128.0,19.37,31.08,47.83,18.18,0.52,2.7,80.63,68.92,65.22,81.82,64.0,0.33,64.0
2020-11-26,2020-11,47,5,desktop,google,cpc,<Other>,new_session,76,76,20,6,5,1,56,14,3,4,131,15,7,1,1,12.0,26.32,30.0,83.33,20.0,1.32,5.0,73.68,70.0,50.0,80.0,12.0,0.16,12.0
2020-11-26,2020-11,47,5,desktop,shop.googlemerchandisestore.com,referral,(referral),returning_session,107,106,23,8,9,2,83,15,3,7,130,41,13,2,2,323.0,21.7,34.78,112.5,22.22,1.87,8.7,78.3,65.22,37.5,77.78,161.5,3.02,161.5
2020-11-26,2020-11,47,5,desktop,(direct),(none),(direct),returning_session,144,144,34,12,9,2,110,22,4,7,171,30,14,2,2,138.0,23.61,35.29,75.0,22.22,1.39,5.88,76.39,64.71,33.33,77.78,69.0,0.96,69.0
2020-11-26,2020-11,47,5,mobile,(direct),(none),(direct),new_session,319,317,51,10,9,2,266,41,2,7,301,45,23,2,2,89.0,16.09,19.61,90.0,22.22,0.63,3.92,83.91,80.39,20.0,77.78,44.5,0.28,44.5
2020-11-26,2020-11,47,5,desktop,shop.googlemerchandisestore.com,referral,(referral),new_session,93,92,18,4,4,1,74,14,0,3,55,18,4,1,1,25.0,19.57,22.22,100.0,25.0,1.08,5.56,80.43,77.78,0.0,75.0,25.0,0.27,25.0
2020-11-26,2020-11,47,5,mobile,(data deleted),(data deleted),(data deleted),returning_session,114,114,25,9,4,1,89,16,5,3,98,27,6,1,1,266.0,21.93,36.0,44.44,25.0,0.88,4.0,78.07,64.0,55.56,75.0,266.0,2.33,266.0
2020-11-26,2020-11,47,5,mobile,(direct),(none),(direct),returning_session,128,128,29,12,11,3,99,17,4,8,132,43,13,3,3,168.0,22.66,41.38,91.67,27.27,2.34,10.34,77.34,58.62,33.33,72.73,56.0,1.31,56.0
2020-11-26,2020-11,47,5,desktop,google,organic,(organic),new_session,591,591,116,40,24,7,475,76,18,17,787,117,32,7,7,345.0,19.63,34.48,60.0,29.17,1.18,6.03,80.37,65.52,45.0,70.83,49.29,0.58,49.29
2020-11-26,2020-11,47,5,desktop,(data deleted),(data deleted),(data deleted),returning_session,162,162,42,14,10,3,120,28,9,7,233,62,19,3,3,139.0,25.93,33.33,71.43,30.0,1.85,7.14,74.07,66.67,64.29,70.0,46.33,0.86,46.33
2020-11-26,2020-11,47,5,desktop,google,organic,(organic),returning_session,146,145,36,15,13,4,109,21,7,9,282,76,21,4,4,246.0,24.83,41.67,86.67,30.77,2.74,11.11,75.17,58.33,46.67,69.23,61.5,1.68,61.5
2020-11-26,2020-11,47,5,mobile,google,cpc,<Other>,new_session,55,55,12,5,3,1,43,7,2,2,40,19,5,1,1,34.0,21.82,41.67,60.0,33.33,1.82,8.33,78.18,58.33,40.0,66.67,34.0,0.62,34.0
2020-11-26,2020-11,47,5,desktop,<Other>,referral,(referral),new_session,156,156,26,8,9,3,130,18,2,6,256,57,14,3,3,339.0,16.67,30.77,112.5,33.33,1.92,11.54,83.33,69.23,25.0,66.67,113.0,2.17,113.0
2020-11-26,2020-11,47,5,mobile,google,organic,(organic),new_session,412,412,86,22,16,6,326,64,12,10,449,73,30,6,6,1151.0,20.87,25.58,72.73,37.5,1.46,6.98,79.13,74.42,54.55,62.5,191.83,2.79,191.83
2020-11-26,2020-11,47,5,mobile,<Other>,<Other>,<Other>,new_session,213,213,48,17,5,2,165,31,12,3,234,35,7,2,2,93.0,22.54,35.42,29.41,40.0,0.94,4.17,77.46,64.58,70.59,60.0,46.5,0.44,46.5
2020-11-26,2020-11,47,5,mobile,<Other>,referral,(referral),returning_session,47,47,16,5,7,3,31,11,0,4,99,19,11,3,3,125.0,34.04,31.25,140.0,42.86,6.38,18.75,65.96,68.75,0.0,57.14,41.67,2.66,41.67
2020-11-26,2020-11,47,5,desktop,<Other>,organic,(organic),new_session,50,50,8,3,2,1,42,5,1,1,87,8,3,1,1,71.0,16.0,37.5,66.67,50.0,2.0,12.5,84.0,62.5,33.33,50.0,71.0,1.42,71.0
2020-11-26,2020-11,47,5,mobile,shop.googlemerchandisestore.com,referral,(referral),new_session,54,54,13,3,2,1,41,10,3,1,100,56,5,2,2,45.0,24.07,23.08,66.67,50.0,1.85,7.69,75.93,76.92,100.0,50.0,45.0,0.83,22.5
2020-11-26,2020-11,47,5,mobile,<Other>,<Other>,<Other>,returning_session,25,25,8,3,3,2,17,5,1,1,65,4,13,2,2,236.0,32.0,37.5,100.0,66.67,8.0,25.0,68.0,62.5,33.33,33.33,118.0,9.44,118.0
2020-11-26,2020-11,47,5,mobile,<Other>,organic,(organic),new_session,43,43,10,2,3,2,33,8,1,1,49,3,4,2,2,212.0,23.26,20.0,150.0,66.67,4.65,20.0,76.74,80.0,50.0,33.33,106.0,4.93,106.0
2020-11-26,2020-11,47,5,mobile,google,organic,(organic),returning_session,115,114,26,9,4,3,88,17,5,1,91,30,8,3,3,182.0,22.81,34.62,44.44,75.0,2.61,11.54,77.19,65.38,55.56,25.0,60.67,1.58,60.67
2020-11-26,2020-11,47,5,tablet,(direct),(none),(direct),returning_session,4,4,1,0,1,1,3,1,0,0,1,0,1,1,1,55.0,25.0,0.0,,100.0,25.0,100.0,75.0,100.0,,0.0,55.0,13.75,55.0
2020-11-26,2020-11,47,5,desktop,<Other>,<Other>,<Other>,returning_session,36,36,12,4,3,3,24,8,1,0,98,23,5,3,3,27.0,33.33,33.33,75.0,100.0,8.33,25.0,66.67,66.67,25.0,0.0,9.0,0.75,9.0
2020-11-04,2020-11,44,4,tablet,<Other>,organic,(organic),returning_session,1,1,0,0,0,0,1,0,0,0,0,0,0,0,0,0.0,0.0,,,,0.0,,100.0,,,,,0.0,
2020-11-04,2020-11,44,4,tablet,(data deleted),(data deleted),<Other>,returning_session,1,1,0,0,0,0,1,0,0,0,0,0,0,0,0,0.0,0.0,,,,0.0,,100.0,,,,,0.0,
2020-11-04,2020-11,44,4,desktop,(data deleted),referral,(referral),returning_session,1,1,0,0,0,0,1,0,0,0,0,0,0,0,0,0.0,0.0,,,,0.0,,100.0,,,,,0.0,
2020-11-04,2020-11,44,4,tablet,<Other>,organic,(organic),new_session,2,2,0,0,0,0,2,0,0,0,0,0,0,0,0,0.0,0.0,,,,0.0,,100.0,,,,,0.0,
2020-11-04,2020-11,44,4,desktop,google,cpc,<Other>,returning_session,7,7,0,0,0,0,7,0,0,0,0,0,0,0,0,0.0,0.0,,,,0.0,,100.0,,,,,0.0,
2020-11-04,2020-11,44,4,desktop,<Other>,referral,<Other>,returning_session,1,1,0,0,0,0,1,0,0,0,0,0,0,0,0,0.0,0.0,,,,0.0,,100.0,,,,,0.0,
2020-11-04,2020-11,44,4,mobile,<Other>,(data deleted),(data deleted),returning_session,2,2,0,0,0,0,2,0,0,0,0,0,0,0,0,0.0,0.0,,,,0.0,,100.0,,,,,0.0,
2020-11-04,2020-11,44,4,mobile,(data deleted),(data deleted),(data deleted),new_session,1,0,0,0,0,0,0,0,0,0,0,0,0,0,0,0.0,,,,,0.0,,,,,,,0.0,
2020-11-04,2020-11,44,4,tablet,(direct),(none),(direct),new_session,13,13,1,0,0,0,12,1,0,0,3,0,0,0,0,0.0,7.69,0.0,,,0.0,0.0,92.31,100.0,,,,0.0,
2020-11-04,2020-11,44,4,tablet,google,cpc,<Other>,new_session,5,5,2,0,0,0,3,2,0,0,13,0,0,0,0,0.0,40.0,0.0,,,0.0,0.0,60.0,100.0,,,,0.0,
2020-11-04,2020-11,44,4,tablet,shop.googlemerchandisestore.com,referral,(referral),new_session,5,5,2,0,0,0,3,2,0,0,7,0,0,0,0,0.0,40.0,0.0,,,0.0,0.0,60.0,100.0,,,,0.0,
2020-11-04,2020-11,44,4,tablet,google,organic,(organic),new_session,32,32,4,0,0,0,28,4,0,0,16,0,0,0,0,0.0,12.5,0.0,,,0.0,0.0,87.5,100.0,,,,0.0,
2020-11-04,2020-11,44,4,tablet,(data deleted),(data deleted),(data deleted),returning_session,10,10,1,0,0,0,9,1,0,0,1,0,0,0,0,0.0,10.0,0.0,,,0.0,0.0,90.0,100.0,,,,0.0,
2020-11-04,2020-11,44,4,desktop,(data deleted),(data deleted),(data deleted),new_session,4,3,1,0,0,0,2,1,0,0,1,0,0,0,0,0.0,33.33,0.0,,,0.0,0.0,66.67,100.0,,,,0.0,
2020-11-04,2020-11,44,4,tablet,<Other>,<Other>,<Other>,returning_session,1,1,1,0,0,0,0,1,0,0,2,0,0,0,0,0.0,100.0,0.0,,,0.0,0.0,0.0,100.0,,,,0.0,
2020-11-04,2020-11,44,4,mobile,google,cpc,<Other>,returning_session,6,6,2,0,0,0,4,2,0,0,4,0,0,0,0,0.0,33.33,0.0,,,0.0,0.0,66.67,100.0,,,,0.0,
2020-11-04,2020-11,44,4,tablet,(direct),(none),(direct),returning_session,5,5,2,0,0,0,3,2,0,0,5,0,0,0,0,0.0,40.0,0.0,,,0.0,0.0,60.0,100.0,,,,0.0,
2020-11-04,2020-11,44,4,tablet,<Other>,<Other>,<Other>,new_session,11,11,2,0,0,0,9,2,0,0,5,0,0,0,0,0.0,18.18,0.0,,,0.0,0.0,81.82,100.0,,,,0.0,
2020-11-04,2020-11,44,4,tablet,google,organic,(organic),returning_session,8,8,1,0,0,0,7,1,0,0,1,0,0,0,0,0.0,12.5,0.0,,,0.0,0.0,87.5,100.0,,,,0.0,
2020-11-04,2020-11,44,4,tablet,<Other>,referral,(referral),returning_session,3,3,1,0,0,0,2,1,0,0,1,0,0,0,0,0.0,33.33,0.0,,,0.0,0.0,66.67,100.0,,,,0.0,
2020-11-04,2020-11,44,4,desktop,(data deleted),(data deleted),<Other>,new_session,1,1,1,0,0,0,0,1,0,0,6,0,0,0,0,0.0,100.0,0.0,,,0.0,0.0,0.0,100.0,,,,0.0,
2020-11-04,2020-11,44,4,tablet,<Other>,referral,(referral),new_session,9,9,1,0,0,0,8,1,0,0,3,0,0,0,0,0.0,11.11,0.0,,,0.0,0.0,88.89,100.0,,,,0.0,
2020-11-04,2020-11,44,4,desktop,<Other>,organic,(organic),returning_session,11,11,4,0,0,0,7,4,0,0,15,0,0,0,0,0.0,36.36,0.0,,,0.0,0.0,63.64,100.0,,,,0.0,
2020-11-04,2020-11,44,4,mobile,<Other>,<Other>,<Other>,returning_session,27,27,7,0,0,0,20,7,0,0,12,0,0,0,0,0.0,25.93,0.0,,,0.0,0.0,74.07,100.0,,,,0.0,
2020-11-04,2020-11,44,4,mobile,<Other>,organic,(organic),new_session,49,49,5,0,0,0,44,5,0,0,8,0,0,0,0,0.0,10.2,0.0,,,0.0,0.0,89.8,100.0,,,,0.0,
2020-11-04,2020-11,44,4,mobile,(data deleted),(data deleted),<Other>,returning_session,2,2,1,0,0,0,1,1,0,0,1,0,0,0,0,0.0,50.0,0.0,,,0.0,0.0,50.0,100.0,,,,0.0,
2020-11-04,2020-11,44,4,desktop,<Other>,(data deleted),(data deleted),returning_session,5,5,1,0,0,0,4,1,0,0,8,0,0,0,0,0.0,20.0,0.0,,,0.0,0.0,80.0,100.0,,,,0.0,
2020-11-04,2020-11,44,4,desktop,<Other>,referral,(referral),returning_session,85,85,11,0,2,2,74,11,0,0,39,0,6,2,2,219.0,12.94,0.0,,100.0,2.35,18.18,87.06,100.0,,0.0,109.5,2.58,109.5
2020-11-04,2020-11,44,4,mobile,<Other>,referral,(referral),returning_session,64,64,15,0,3,3,49,15,0,0,89,0,7,3,3,84.0,23.44,0.0,,100.0,4.69,20.0,76.56,100.0,,0.0,28.0,1.31,28.0
2020-11-04,2020-11,44,4,mobile,<Other>,organic,(organic),returning_session,12,12,4,0,1,1,8,4,0,0,37,0,6,4,1,123.0,33.33,0.0,,100.0,8.33,25.0,66.67,100.0,,0.0,123.0,10.25,123.0
2020-11-04,2020-11,44,4,desktop,google,organic,(organic),returning_session,182,182,40,0,5,4,142,40,0,1,244,0,5,4,4,248.0,21.98,0.0,,80.0,2.2,10.0,78.02,100.0,,20.0,62.0,1.36,62.0
2020-11-04,2020-11,44,4,desktop,(direct),(none),(direct),returning_session,177,177,36,0,6,4,141,36,0,2,145,0,8,4,4,180.0,20.34,0.0,,66.67,2.26,11.11,79.66,100.0,,33.33,45.0,1.02,45.0
2020-11-04,2020-11,44,4,desktop,shop.googlemerchandisestore.com,referral,(referral),returning_session,138,138,24,0,4,2,114,24,0,2,70,0,5,2,2,39.0,17.39,0.0,,50.0,1.45,8.33,82.61,100.0,,50.0,19.5,0.28,19.5
2020-11-04,2020-11,44,4,desktop,(data deleted),(data deleted),(data deleted),returning_session,167,167,39,0,8,4,128,39,0,4,199,0,20,5,4,347.0,23.35,0.0,,50.0,2.4,10.26,76.65,100.0,,50.0,86.75,2.08,86.75
2020-11-04,2020-11,44,4,tablet,shop.googlemerchandisestore.com,referral,(referral),returning_session,10,10,4,0,2,1,6,4,0,1,54,0,5,1,1,22.0,40.0,0.0,,50.0,10.0,25.0,60.0,100.0,,50.0,22.0,2.2,22.0
2020-11-04,2020-11,44,4,mobile,google,organic,(organic),returning_session,133,133,31,0,3,1,102,31,0,2,119,0,9,1,1,128.0,23.31,0.0,,33.33,0.75,3.23,76.69,100.0,,66.67,128.0,0.96,128.0
2020-11-04,2020-11,44,4,mobile,(direct),(none),(direct),returning_session,111,111,23,0,3,1,88,23,0,2,79,0,11,1,1,141.0,20.72,0.0,,33.33,0.9,4.35,79.28,100.0,,66.67,141.0,1.27,141.0
2020-11-04,2020-11,44,4,desktop,<Other>,<Other>,<Other>,returning_session,53,53,11,0,4,1,42,11,0,3,48,0,8,1,1,18.0,20.75,0.0,,25.0,1.89,9.09,79.25,100.0,,75.0,18.0,0.34,18.0
2020-11-04,2020-11,44,4,mobile,(data deleted),(data deleted),(data deleted),returning_session,129,128,27,0,5,1,101,27,0,4,103,0,14,1,1,37.0,21.09,0.0,,20.0,0.78,3.7,78.91,100.0,,80.0,37.0,0.29,37.0
2020-11-04,2020-11,44,4,mobile,google,organic,(organic),new_session,389,389,84,0,10,1,305,84,0,9,696,0,10,1,1,110.0,21.59,0.0,,10.0,0.26,1.19,78.41,100.0,,90.0,110.0,0.28,110.0
2020-11-04,2020-11,44,4,desktop,<Other>,<Other>,<Other>,new_session,341,341,77,0,12,1,264,77,0,11,473,0,33,13,1,234.0,22.58,0.0,,8.33,0.29,1.3,77.42,100.0,,91.67,234.0,0.69,234.0
2020-11-04,2020-11,44,4,desktop,google,organic,(organic),new_session,578,576,105,0,15,1,471,105,0,14,504,0,21,1,1,83.0,18.23,0.0,,6.67,0.17,0.95,81.77,100.0,,93.33,83.0,0.14,83.0
2020-11-04,2020-11,44,4,desktop,<Other>,organic,(organic),new_session,48,48,6,0,1,0,42,6,0,1,70,0,1,0,0,0.0,12.5,0.0,,0.0,0.0,0.0,87.5,100.0,,100.0,,0.0,
2020-11-04,2020-11,44,4,desktop,google,cpc,<Other>,new_session,91,90,21,0,4,0,69,21,0,4,117,0,4,0,0,0.0,23.33,0.0,,0.0,0.0,0.0,76.67,100.0,,100.0,,0.0,
2020-11-04,2020-11,44,4,mobile,shop.googlemerchandisestore.com,referral,(referral),new_session,57,57,11,0,2,0,46,11,0,2,61,0,2,0,0,0.0,19.3,0.0,,0.0,0.0,0.0,80.7,100.0,,100.0,,0.0,
2020-11-04,2020-11,44,4,mobile,(direct),(none),(direct),new_session,250,250,56,0,5,0,194,56,0,5,291,0,5,0,0,0.0,22.4,0.0,,0.0,0.0,0.0,77.6,100.0,,100.0,,0.0,
2020-11-04,2020-11,44,4,mobile,google,cpc,<Other>,new_session,61,61,14,0,2,0,47,14,0,2,53,0,3,0,0,0.0,22.95,0.0,,0.0,0.0,0.0,77.05,100.0,,100.0,,0.0,
2020-11-04,2020-11,44,4,mobile,<Other>,<Other>,<Other>,new_session,198,198,41,0,3,0,157,41,0,3,190,0,3,0,0,0.0,20.71,0.0,,0.0,0.0,0.0,79.29,100.0,,100.0,,0.0,
2020-11-04,2020-11,44,4,mobile,<Other>,referral,(referral),new_session,103,103,15,0,1,0,88,15,0,1,48,0,1,0,0,0.0,14.56,0.0,,0.0,0.0,0.0,85.44,100.0,,100.0,,0.0,
2020-11-04,2020-11,44,4,desktop,shop.googlemerchandisestore.com,referral,(referral),new_session,76,75,11,0,1,0,64,11,0,1,102,0,1,0,0,0.0,14.67,0.0,,0.0,0.0,0.0,85.33,100.0,,100.0,,0.0,
2020-11-04,2020-11,44,4,desktop,(direct),(none),(direct),new_session,407,405,78,0,9,0,327,78,0,9,681,0,17,0,0,0.0,19.26,0.0,,0.0,0.0,0.0,80.74,100.0,,100.0,,0.0,
2020-11-04,2020-11,44,4,mobile,shop.googlemerchandisestore.com,referral,(referral),returning_session,92,92,27,0,2,0,65,27,0,2,131,0,2,0,0,0.0,29.35,0.0,,0.0,0.0,0.0,70.65,100.0,,100.0,,0.0,
2020-11-04,2020-11,44,4,desktop,(data deleted),(data deleted),<Other>,returning_session,4,4,1,0,1,0,3,1,0,1,25,0,2,0,0,0.0,25.0,0.0,,0.0,0.0,0.0,75.0,100.0,,100.0,,0.0,
2020-11-04,2020-11,44,4,desktop,<Other>,referral,(referral),new_session,146,146,27,0,4,0,119,27,0,4,208,0,4,0,0,0.0,18.49,0.0,,0.0,0.0,0.0,81.51,100.0,,100.0,,0.0,
2020-11-28,2020-11,47,7,mobile,google,cpc,<Other>,returning_session,3,3,0,0,0,0,3,0,0,0,0,0,0,0,0,0.0,0.0,,,,0.0,,100.0,,,,,0.0,
2020-11-28,2020-11,47,7,tablet,(direct),(none),(direct),new_session,11,11,0,0,0,0,11,0,0,0,0,0,0,0,0,0.0,0.0,,,,0.0,,100.0,,,,,0.0,
2020-11-28,2020-11,47,7,tablet,google,cpc,<Other>,new_session,3,3,0,0,0,0,3,0,0,0,0,0,0,0,0,0.0,0.0,,,,0.0,,100.0,,,,,0.0,
2020-11-28,2020-11,47,7,tablet,<Other>,referral,(referral),new_session,2,2,0,0,0,0,2,0,0,0,0,0,0,0,0,0.0,0.0,,,,0.0,,100.0,,,,,0.0,
2020-11-28,2020-11,47,7,tablet,<Other>,organic,(organic),new_session,1,1,0,0,0,0,1,0,0,0,0,0,0,0,0,0.0,0.0,,,,0.0,,100.0,,,,,0.0,
2020-11-28,2020-11,47,7,tablet,shop.googlemerchandisestore.com,referral,(referral),new_session,5,5,0,0,0,0,5,0,0,0,0,0,0,0,0,0.0,0.0,,,,0.0,,100.0,,,,,0.0,
2020-11-28,2020-11,47,7,tablet,<Other>,referral,(referral),returning_session,3,3,0,0,0,0,3,0,0,0,0,0,0,0,0,0.0,0.0,,,,0.0,,100.0,,,,,0.0,
2020-11-28,2020-11,47,7,tablet,(data deleted),(data deleted),(data deleted),returning_session,1,1,0,0,0,0,1,0,0,0,0,0,0,0,0,0.0,0.0,,,,0.0,,100.0,,,,,0.0,
2020-11-28,2020-11,47,7,tablet,(direct),(none),(direct),returning_session,2,2,0,0,0,0,2,0,0,0,0,0,0,0,0,0.0,0.0,,,,0.0,,100.0,,,,,0.0,
2020-11-28,2020-11,47,7,desktop,(data deleted),(data deleted),(data deleted),new_session,3,3,0,0,0,0,3,0,0,0,0,0,0,0,0,0.0,0.0,,,,0.0,,100.0,,,,,0.0,
2020-11-28,2020-11,47,7,tablet,google,organic,(organic),returning_session,4,4,0,0,0,0,4,0,0,0,0,0,0,0,0,0.0,0.0,,,,0.0,,100.0,,,,,0.0,
2020-11-28,2020-11,47,7,mobile,<Other>,organic,(organic),returning_session,3,3,1,0,0,0,2,1,0,0,2,0,0,0,0,0.0,33.33,0.0,,,0.0,0.0,66.67,100.0,,,,0.0,
2020-11-28,2020-11,47,7,desktop,<Other>,(data deleted),(data deleted),returning_session,3,3,1,0,0,0,2,1,0,0,1,0,0,0,0,0.0,33.33,0.0,,,0.0,0.0,66.67,100.0,,,,0.0,
2020-11-28,2020-11,47,7,mobile,<Other>,(data deleted),(data deleted),returning_session,1,1,1,0,0,0,0,1,0,0,1,0,0,0,0,0.0,100.0,0.0,,,0.0,0.0,0.0,100.0,,,,0.0,
2020-11-28,2020-11,47,7,mobile,(data deleted),(data deleted),(data deleted),new_session,2,2,1,1,0,0,1,0,1,0,3,3,0,0,0,0.0,50.0,100.0,0.0,,0.0,0.0,50.0,0.0,100.0,,,0.0,
2020-11-28,2020-11,47,7,desktop,(data deleted),(data deleted),<Other>,returning_session,2,2,1,0,0,0,1,1,0,0,1,0,0,0,0,0.0,50.0,0.0,,,0.0,0.0,50.0,100.0,,,,0.0,
2020-11-28,2020-11,47,7,tablet,<Other>,<Other>,<Other>,returning_session,2,2,2,0,0,0,0,2,0,0,3,0,0,0,0,0.0,100.0,0.0,,,0.0,0.0,0.0,100.0,,,,0.0,
2020-11-28,2020-11,47,7,desktop,google,cpc,<Other>,returning_session,8,8,3,1,0,0,5,2,1,0,30,6,0,0,0,0.0,37.5,33.33,0.0,,0.0,0.0,62.5,66.67,100.0,,,0.0,
2020-11-28,2020-11,47,7,tablet,google,organic,(organic),new_session,19,19,5,2,1,0,14,3,1,1,59,3,1,0,0,0.0,26.32,40.0,50.0,0.0,0.0,0.0,73.68,60.0,50.0,100.0,,0.0,
2020-11-28,2020-11,47,7,mobile,<Other>,organic,(organic),new_session,37,37,7,2,1,0,30,5,1,1,69,21,5,0,0,0.0,18.92,28.57,50.0,0.0,0.0,0.0,81.08,71.43,50.0,100.0,,0.0,
2020-11-28,2020-11,47,7,tablet,shop.googlemerchandisestore.com,referral,(referral),returning_session,6,6,2,0,1,1,4,2,0,0,39,0,3,1,1,0.0,33.33,0.0,,100.0,16.67,50.0,66.67,100.0,,0.0,0.0,0.0,0.0
2020-11-28,2020-11,47,7,tablet,<Other>,<Other>,<Other>,new_session,8,8,3,1,2,1,5,2,0,1,68,2,2,1,1,14.0,37.5,33.33,200.0,50.0,12.5,33.33,62.5,66.67,0.0,50.0,14.0,1.75,14.0
2020-11-28,2020-11,47,7,desktop,<Other>,organic,(organic),returning_session,16,16,4,2,1,1,12,2,1,0,12,2,1,1,1,31.0,25.0,50.0,50.0,100.0,6.25,25.0,75.0,50.0,50.0,0.0,31.0,1.94,31.0
2020-11-28,2020-11,47,7,desktop,<Other>,<Other>,<Other>,returning_session,32,32,7,3,2,1,25,4,2,1,52,11,9,1,1,86.0,21.88,42.86,66.67,50.0,3.13,14.29,78.13,57.14,66.67,50.0,86.0,2.69,86.0
2020-11-28,2020-11,47,7,mobile,shop.googlemerchandisestore.com,referral,(referral),returning_session,58,57,8,2,2,1,49,6,1,1,56,23,3,1,1,30.0,14.04,25.0,100.0,50.0,1.72,12.5,85.96,75.0,50.0,50.0,30.0,0.52,30.0
2020-11-28,2020-11,47,7,mobile,google,cpc,<Other>,new_session,48,48,8,4,3,1,40,4,1,2,38,26,4,1,1,0.0,16.67,50.0,75.0,33.33,2.08,12.5,83.33,50.0,25.0,66.67,0.0,0.0,0.0
2020-11-28,2020-11,47,7,desktop,<Other>,organic,(organic),new_session,39,39,9,4,2,1,30,5,2,1,19,9,4,1,1,88.0,23.08,44.44,50.0,50.0,2.56,11.11,76.92,55.56,50.0,50.0,88.0,2.26,88.0
2020-11-28,2020-11,47,7,desktop,shop.googlemerchandisestore.com,referral,(referral),returning_session,71,71,11,4,1,1,60,7,3,0,90,52,1,1,1,270.0,15.49,36.36,25.0,100.0,1.41,9.09,84.51,63.64,75.0,0.0,270.0,3.8,270.0
2020-11-28,2020-11,47,7,desktop,<Other>,referral,(referral),returning_session,52,52,14,6,3,1,38,8,3,2,52,41,4,1,1,76.0,26.92,42.86,50.0,33.33,1.92,7.14,73.08,57.14,50.0,66.67,76.0,1.46,76.0
2020-11-28,2020-11,47,7,desktop,google,cpc,<Other>,new_session,69,69,27,7,4,1,42,20,3,3,109,21,9,1,1,63.0,39.13,25.93,57.14,25.0,1.45,3.7,60.87,74.07,42.86,75.0,63.0,0.91,63.0
2020-11-28,2020-11,47,7,desktop,<Other>,referral,(referral),new_session,149,148,35,14,5,1,113,21,9,4,199,40,6,1,1,135.0,23.65,40.0,35.71,20.0,0.67,2.86,76.35,60.0,64.29,80.0,135.0,0.91,135.0
2020-11-28,2020-11,47,7,mobile,<Other>,<Other>,<Other>,new_session,163,163,41,13,4,1,122,28,9,3,253,36,6,1,1,54.0,25.15,31.71,30.77,25.0,0.61,2.44,74.85,68.29,69.23,75.0,54.0,0.33,54.0
2020-11-28,2020-11,47,7,desktop,shop.googlemerchandisestore.com,referral,(referral),new_session,59,59,11,4,2,2,48,8,3,0,44,18,2,2,2,235.0,18.64,36.36,50.0,100.0,3.39,18.18,81.36,72.73,75.0,0.0,117.5,3.98,117.5
2020-11-28,2020-11,47,7,mobile,shop.googlemerchandisestore.com,referral,(referral),new_session,48,48,14,7,4,2,34,7,3,2,68,10,5,2,2,94.0,29.17,50.0,57.14,50.0,4.17,14.29,70.83,50.0,42.86,50.0,47.0,1.96,47.0
2020-11-28,2020-11,47,7,mobile,<Other>,referral,(referral),new_session,99,99,26,4,3,2,73,22,3,1,71,9,4,2,2,99.0,26.26,15.38,75.0,66.67,2.02,7.69,73.74,84.62,75.0,33.33,49.5,1.0,49.5
2020-11-28,2020-11,47,7,desktop,(direct),(none),(direct),new_session,365,365,83,30,14,2,282,53,18,12,365,66,17,2,2,143.0,22.74,36.14,46.67,14.29,0.55,2.41,77.26,63.86,60.0,85.71,71.5,0.39,71.5
2020-11-28,2020-11,47,7,mobile,(direct),(none),(direct),returning_session,75,75,18,7,3,3,57,11,4,0,127,57,6,3,3,166.0,24.0,38.89,42.86,100.0,4.0,16.67,76.0,61.11,57.14,0.0,55.33,2.21,55.33
2020-11-28,2020-11,47,7,mobile,<Other>,referral,(referral),returning_session,47,47,9,6,5,4,38,3,2,1,60,30,8,4,4,196.0,19.15,66.67,83.33,80.0,8.51,44.44,80.85,33.33,33.33,20.0,49.0,4.17,49.0
2020-11-28,2020-11,47,7,mobile,(data deleted),(data deleted),(data deleted),returning_session,74,74,13,6,4,4,61,7,2,0,99,32,6,4,4,163.0,17.57,46.15,66.67,100.0,5.41,30.77,82.43,53.85,33.33,0.0,40.75,2.2,40.75
2020-11-28,2020-11,47,7,mobile,google,organic,(organic),returning_session,83,82,20,9,6,4,62,11,6,2,115,37,10,4,4,726.0,24.39,45.0,66.67,66.67,4.82,20.0,75.61,55.0,66.67,33.33,181.5,8.75,181.5
2020-11-28,2020-11,47,7,desktop,(data deleted),(data deleted),(data deleted),returning_session,93,93,25,13,10,4,68,12,4,6,113,48,12,4,4,354.0,26.88,52.0,76.92,40.0,4.3,16.0,73.12,48.0,30.77,60.0,88.5,3.81,88.5
2020-11-28,2020-11,47,7,desktop,<Other>,<Other>,<Other>,new_session,276,276,53,23,12,3,223,30,14,9,301,68,19,4,4,209.0,19.2,43.4,52.17,25.0,1.09,5.66,80.8,56.6,60.87,75.0,69.67,0.76,52.25
2020-11-28,2020-11,47,7,mobile,<Other>,<Other>,<Other>,returning_session,26,26,8,5,5,5,18,3,1,0,137,43,8,5,5,821.0,30.77,62.5,100.0,100.0,19.23,62.5,69.23,37.5,20.0,0.0,164.2,31.58,164.2
2020-11-28,2020-11,47,7,desktop,google,organic,(organic),returning_session,100,100,24,9,6,5,76,15,6,1,128,66,15,5,5,338.0,24.0,37.5,66.67,83.33,5.0,20.83,76.0,62.5,66.67,16.67,67.6,3.38,67.6
2020-11-28,2020-11,47,7,mobile,google,organic,(organic),new_session,359,359,73,22,11,5,286,51,13,6,418,60,19,5,5,255.0,20.33,30.14,50.0,45.45,1.39,6.85,79.67,69.86,59.09,54.55,51.0,0.71,51.0
2020-11-28,2020-11,47,7,mobile,(direct),(none),(direct),new_session,231,231,52,15,11,5,179,37,4,6,300,40,14,6,6,441.0,22.51,28.85,73.33,45.45,2.16,9.62,77.49,71.15,26.67,54.55,88.2,1.91,73.5
2020-11-28,2020-11,47,7,desktop,google,organic,(organic),new_session,488,488,106,43,22,6,382,63,24,16,721,111,22,6,6,461.0,21.72,40.57,51.16,27.27,1.23,5.66,78.28,59.43,55.81,72.73,76.83,0.94,76.83
2020-11-28,2020-11,47,7,desktop,(direct),(none),(direct),returning_session,138,138,29,12,9,6,109,17,5,3,205,78,19,7,7,544.0,21.01,41.38,75.0,66.67,4.35,20.69,78.99,58.62,41.67,33.33,90.67,3.94,77.71
2021-01-05,2021-01,1,3,tablet,shop.googlemerchandisestore.com,referral,(referral),new_session,2,2,0,0,0,0,2,0,0,0,0,0,0,0,0,0.0,0.0,,,,0.0,,100.0,,,,,0.0,
2021-01-05,2021-01,1,3,desktop,<Other>,(data deleted),(data deleted),returning_session,1,1,0,0,0,0,1,0,0,0,0,0,0,0,0,0.0,0.0,,,,0.0,,100.0,,,,,0.0,
2021-01-05,2021-01,1,3,tablet,<Other>,referral,(referral),returning_session,3,3,0,0,0,0,3,0,0,0,0,0,0,0,0,0.0,0.0,,,,0.0,,100.0,,,,,0.0,
2021-01-05,2021-01,1,3,tablet,google,cpc,<Other>,new_session,5,5,0,0,0,0,5,0,0,0,0,0,0,0,0,0.0,0.0,,,,0.0,,100.0,,,,,0.0,
2021-01-05,2021-01,1,3,mobile,(data deleted),(data deleted),(data deleted),new_session,5,4,0,0,0,0,4,0,0,0,0,0,0,0,0,0.0,0.0,,,,0.0,,100.0,,,,,0.0,
2021-01-05,2021-01,1,3,tablet,shop.googlemerchandisestore.com,referral,(referral),returning_session,4,4,0,0,0,0,4,0,0,0,0,0,0,0,0,0.0,0.0,,,,0.0,,100.0,,,,,0.0,
2021-01-05,2021-01,1,3,mobile,<Other>,(data deleted),(data deleted),returning_session,1,1,0,0,0,0,1,0,0,0,0,0,0,0,0,0.0,0.0,,,,0.0,,100.0,,,,,0.0,
2021-01-05,2021-01,1,3,tablet,(data deleted),(data deleted),(data deleted),returning_session,4,3,1,0,0,0,2,1,0,0,6,0,0,0,0,0.0,33.33,0.0,,,0.0,0.0,66.67,100.0,,,,0.0,
2021-01-05,2021-01,1,3,desktop,(data deleted),(data deleted),(data deleted),new_session,7,7,1,0,0,0,6,1,0,0,1,0,0,0,0,0.0,14.29,0.0,,,0.0,0.0,85.71,100.0,,,,0.0,
2021-01-05,2021-01,1,3,tablet,(direct),(none),(direct),returning_session,3,3,1,0,0,0,2,1,0,0,1,0,0,0,0,0.0,33.33,0.0,,,0.0,0.0,66.67,100.0,,,,0.0,
2021-01-05,2021-01,1,3,tablet,<Other>,referral,(referral),new_session,11,11,7,0,0,0,4,7,0,0,10,0,0,0,0,0.0,63.64,0.0,,,0.0,0.0,36.36,100.0,,,,0.0,
2021-01-05,2021-01,1,3,tablet,google,organic,(organic),new_session,30,30,3,0,0,0,27,3,0,0,6,0,0,0,0,0.0,10.0,0.0,,,0.0,0.0,90.0,100.0,,,,0.0,
2021-01-05,2021-01,1,3,tablet,(direct),(none),(direct),new_session,18,18,1,0,0,0,17,1,0,0,1,0,0,0,0,0.0,5.56,0.0,,,0.0,0.0,94.44,100.0,,,,0.0,
2021-01-05,2021-01,1,3,tablet,<Other>,organic,(organic),new_session,2,2,1,0,0,0,1,1,0,0,1,0,0,0,0,0.0,50.0,0.0,,,0.0,0.0,50.0,100.0,,,,0.0,
2021-01-05,2021-01,1,3,mobile,<Other>,organic,(organic),returning_session,5,5,1,0,0,0,4,1,0,0,1,0,0,0,0,0.0,20.0,0.0,,,0.0,0.0,80.0,100.0,,,,0.0,
2021-01-05,2021-01,1,3,tablet,google,organic,(organic),returning_session,3,3,1,0,0,0,2,1,0,0,1,0,0,0,0,0.0,33.33,0.0,,,0.0,0.0,66.67,100.0,,,,0.0,
2021-01-05,2021-01,1,3,desktop,google,cpc,<Other>,new_session,104,104,17,1,0,0,87,16,1,0,36,9,0,0,0,0.0,16.35,5.88,0.0,,0.0,0.0,83.65,94.12,100.0,,,0.0,
2021-01-05,2021-01,1,3,mobile,<Other>,referral,(referral),returning_session,41,41,9,1,0,0,32,8,1,0,52,2,0,0,0,0.0,21.95,11.11,0.0,,0.0,0.0,78.05,88.89,100.0,,,0.0,
2021-01-05,2021-01,1,3,desktop,<Other>,organic,(organic),new_session,73,73,8,1,0,0,65,7,1,0,30,2,0,0,0,0.0,10.96,12.5,0.0,,0.0,0.0,89.04,87.5,100.0,,,0.0,
2021-01-05,2021-01,1,3,mobile,<Other>,referral,(referral),new_session,131,131,15,2,0,0,116,13,2,0,60,9,0,0,0,0.0,11.45,13.33,0.0,,0.0,0.0,88.55,86.67,100.0,,,0.0,
2021-01-05,2021-01,1,3,mobile,(direct),(none),(direct),new_session,347,347,48,7,0,0,299,41,7,0,181,21,0,0,0,0.0,13.83,14.58,0.0,,0.0,0.0,86.17,85.42,100.0,,,0.0,
2021-01-05,2021-01,1,3,mobile,<Other>,<Other>,<Other>,returning_session,12,12,5,1,0,0,7,4,1,0,7,1,0,0,0,0.0,41.67,20.0,0.0,,0.0,0.0,58.33,80.0,100.0,,,0.0,
2021-01-05,2021-01,1,3,desktop,<Other>,<Other>,<Other>,returning_session,27,27,3,1,0,0,24,2,1,0,11,1,0,0,0,0.0,11.11,33.33,0.0,,0.0,0.0,88.89,66.67,100.0,,,0.0,
2021-01-05,2021-01,1,3,desktop,<Other>,organic,(organic),returning_session,11,11,3,1,0,0,8,2,1,0,11,10,0,0,0,0.0,27.27,33.33,0.0,,0.0,0.0,72.73,66.67,100.0,,,0.0,
2021-01-05,2021-01,1,3,mobile,<Other>,organic,(organic),new_session,40,40,6,2,0,0,34,4,2,0,14,3,0,0,0,0.0,15.0,33.33,0.0,,0.0,0.0,85.0,66.67,100.0,,,0.0,
2021-01-05,2021-01,1,3,tablet,<Other>,<Other>,<Other>,new_session,18,18,2,1,0,0,16,1,1,0,4,1,0,0,0,0.0,11.11,50.0,0.0,,0.0,0.0,88.89,50.0,100.0,,,0.0,
2021-01-05,2021-01,1,3,desktop,google,cpc,<Other>,returning_session,12,12,4,3,0,0,8,1,3,0,36,6,0,0,0,0.0,33.33,75.0,0.0,,0.0,0.0,66.67,25.0,100.0,,,0.0,
2021-01-05,2021-01,1,3,mobile,<Other>,<Other>,<Other>,new_session,253,253,27,4,1,0,226,23,3,1,80,6,2,0,0,0.0,10.67,14.81,25.0,0.0,0.0,0.0,89.33,85.19,75.0,100.0,,0.0,
2021-01-05,2021-01,1,3,mobile,shop.googlemerchandisestore.com,referral,(referral),new_session,68,68,11,2,1,0,57,9,1,1,26,4,3,0,0,0.0,16.18,18.18,50.0,0.0,0.0,0.0,83.82,81.82,50.0,100.0,,0.0,
2021-01-05,2021-01,1,3,mobile,google,cpc,<Other>,returning_session,8,8,3,1,1,0,5,2,0,1,7,1,3,0,0,0.0,37.5,33.33,100.0,0.0,0.0,0.0,62.5,66.67,0.0,100.0,,0.0,
2021-01-05,2021-01,1,3,desktop,shop.googlemerchandisestore.com,referral,(referral),new_session,86,85,14,6,1,0,71,8,5,1,87,43,3,0,0,0.0,16.47,42.86,16.67,0.0,0.0,0.0,83.53,57.14,83.33,100.0,,0.0,
2021-01-05,2021-01,1,3,desktop,<Other>,referral,(referral),returning_session,68,68,21,10,4,0,47,11,7,4,52,25,18,0,0,0.0,30.88,47.62,40.0,0.0,0.0,0.0,69.12,52.38,70.0,100.0,,0.0,
2021-01-05,2021-01,1,3,desktop,<Other>,referral,(referral),new_session,192,192,19,4,5,1,173,15,1,4,121,16,33,1,1,61.0,9.9,21.05,125.0,20.0,0.52,5.26,90.1,78.95,25.0,80.0,61.0,0.32,61.0
2021-01-05,2021-01,1,3,mobile,shop.googlemerchandisestore.com,referral,(referral),returning_session,75,75,19,6,3,1,56,13,4,2,135,23,9,1,1,133.0,25.33,31.58,50.0,33.33,1.33,5.26,74.67,68.42,66.67,66.67,133.0,1.77,133.0
2021-01-05,2021-01,1,3,desktop,(direct),(none),(direct),new_session,453,453,65,9,2,1,388,56,8,1,196,21,6,1,1,48.0,14.35,13.85,22.22,50.0,0.22,1.54,85.65,86.15,88.89,50.0,48.0,0.11,48.0
2021-01-05,2021-01,1,3,desktop,google,organic,(organic),new_session,709,708,111,20,6,3,597,91,14,3,441,110,24,4,3,140.0,15.68,18.02,30.0,50.0,0.42,2.7,84.32,81.98,70.0,50.0,46.67,0.2,46.67
2021-01-05,2021-01,1,3,desktop,<Other>,<Other>,<Other>,new_session,359,359,51,12,2,1,308,39,11,1,127,29,9,1,1,21.0,14.21,23.53,16.67,50.0,0.28,1.96,85.79,76.47,91.67,50.0,21.0,0.06,21.0
2021-01-05,2021-01,1,3,mobile,(direct),(none),(direct),returning_session,90,89,15,6,2,1,74,9,5,1,81,29,9,1,1,24.0,16.85,40.0,33.33,50.0,1.11,6.67,83.15,60.0,83.33,50.0,24.0,0.27,24.0
2021-01-05,2021-01,1,3,mobile,google,organic,(organic),new_session,555,555,72,13,5,3,483,59,9,2,282,53,30,3,3,234.0,12.97,18.06,38.46,60.0,0.54,4.17,87.03,81.94,69.23,40.0,78.0,0.42,78.0
2021-01-05,2021-01,1,3,desktop,(direct),(none),(direct),returning_session,124,124,32,6,3,2,92,27,5,1,136,8,9,2,2,32.0,25.81,18.75,50.0,66.67,1.61,6.25,74.19,84.38,83.33,33.33,16.0,0.26,16.0
2021-01-05,2021-01,1,3,desktop,shop.googlemerchandisestore.com,referral,(referral),returning_session,79,79,15,6,3,2,64,9,4,1,43,14,21,2,2,30.0,18.99,40.0,50.0,66.67,2.53,13.33,81.01,60.0,66.67,33.33,15.0,0.38,15.0
2021-01-05,2021-01,1,3,desktop,google,organic,(organic),returning_session,118,118,29,8,8,6,89,21,4,2,104,19,30,6,6,264.0,24.58,27.59,100.0,75.0,5.08,20.69,75.42,72.41,50.0,25.0,44.0,2.24,44.0
2021-01-05,2021-01,1,3,mobile,(data deleted),(data deleted),(data deleted),returning_session,65,65,15,3,3,3,50,12,2,0,121,23,21,3,3,122.0,23.08,20.0,100.0,100.0,4.62,20.0,76.92,80.0,66.67,0.0,40.67,1.88,40.67
2021-01-05,2021-01,1,3,desktop,(data deleted),(data deleted),(data deleted),returning_session,110,109,22,6,2,2,87,16,5,0,100,13,12,2,2,13.0,20.18,27.27,33.33,100.0,1.82,9.09,79.82,72.73,83.33,0.0,6.5,0.12,6.5
2021-01-05,2021-01,1,3,mobile,google,organic,(organic),returning_session,85,85,13,5,1,1,72,8,4,0,50,10,6,1,1,18.0,15.29,38.46,20.0,100.0,1.18,7.69,84.71,61.54,80.0,0.0,18.0,0.21,18.0
2021-01-05,2021-01,1,3,mobile,google,cpc,<Other>,new_session,68,68,10,4,1,1,58,6,3,0,50,26,12,2,2,27.0,14.71,40.0,25.0,100.0,1.47,10.0,85.29,60.0,75.0,0.0,27.0,0.4,13.5
2021-01-24,2021-01,4,1,mobile,(data deleted),(data deleted),<Other>,new_session,1,1,0,0,0,0,1,0,0,0,0,0,0,0,0,0.0,0.0,,,,0.0,,100.0,,,,,0.0,
2021-01-24,2021-01,4,1,tablet,<Other>,organic,(organic),new_session,3,3,0,0,0,0,3,0,0,0,0,0,0,0,0,0.0,0.0,,,,0.0,,100.0,,,,,0.0,
2021-01-24,2021-01,4,1,mobile,(data deleted),(data deleted),(data deleted),new_session,2,2,0,0,0,0,2,0,0,0,0,0,0,0,0,0.0,0.0,,,,0.0,,100.0,,,,,0.0,
2021-01-24,2021-01,4,1,desktop,(data deleted),(data deleted),<Other>,returning_session,3,3,0,0,0,0,3,0,0,0,0,0,0,0,0,0.0,0.0,,,,0.0,,100.0,,,,,0.0,
2021-01-24,2021-01,4,1,mobile,google,cpc,<Other>,returning_session,2,2,0,0,0,0,2,0,0,0,0,0,0,0,0,0.0,0.0,,,,0.0,,100.0,,,,,0.0,
2021-01-24,2021-01,4,1,tablet,google,cpc,<Other>,new_session,1,1,0,0,0,0,1,0,0,0,0,0,0,0,0,0.0,0.0,,,,0.0,,100.0,,,,,0.0,
2021-01-24,2021-01,4,1,desktop,(data deleted),(data deleted),(data deleted),new_session,4,4,0,0,0,0,4,0,0,0,0,0,0,0,0,0.0,0.0,,,,0.0,,100.0,,,,,0.0,
2021-01-24,2021-01,4,1,desktop,google,cpc,<Other>,returning_session,4,4,0,0,0,0,4,0,0,0,0,0,0,0,0,0.0,0.0,,,,0.0,,100.0,,,,,0.0,
2021-01-24,2021-01,4,1,tablet,<Other>,referral,(referral),returning_session,1,1,0,0,0,0,1,0,0,0,0,0,0,0,0,0.0,0.0,,,,0.0,,100.0,,,,,0.0,
2021-01-24,2021-01,4,1,tablet,(data deleted),(data deleted),(data deleted),returning_session,1,1,1,0,0,0,0,1,0,0,1,0,0,0,0,0.0,100.0,0.0,,,0.0,0.0,0.0,100.0,,,,0.0,
2021-01-24,2021-01,4,1,desktop,<Other>,organic,(organic),returning_session,6,6,1,0,0,0,5,1,0,0,5,0,0,0,0,0.0,16.67,0.0,,,0.0,0.0,83.33,100.0,,,,0.0,
2021-01-24,2021-01,4,1,tablet,<Other>,<Other>,<Other>,returning_session,1,1,1,0,0,0,0,1,0,0,3,0,0,0,0,0.0,100.0,0.0,,,0.0,0.0,0.0,100.0,,,,0.0,
2021-01-24,2021-01,4,1,mobile,<Other>,<Other>,<Other>,returning_session,15,15,4,0,1,0,11,4,0,1,16,0,3,0,0,0.0,26.67,0.0,,0.0,0.0,0.0,73.33,100.0,,100.0,,0.0,
2021-01-24,2021-01,4,1,mobile,<Other>,organic,(organic),new_session,28,28,8,0,0,0,20,8,0,0,22,0,0,0,0,0.0,28.57,0.0,,,0.0,0.0,71.43,100.0,,,,0.0,
2021-01-24,2021-01,4,1,tablet,shop.googlemerchandisestore.com,referral,(referral),returning_session,3,3,1,0,0,0,2,1,0,0,1,0,0,0,0,0.0,33.33,0.0,,,0.0,0.0,66.67,100.0,,,,0.0,
2021-01-24,2021-01,4,1,tablet,(direct),(none),(direct),returning_session,4,4,1,0,0,0,3,1,0,0,1,0,0,0,0,0.0,25.0,0.0,,,0.0,0.0,75.0,100.0,,,,0.0,
2021-01-24,2021-01,4,1,tablet,google,cpc,<Other>,returning_session,1,1,1,0,0,0,0,1,0,0,4,0,0,0,0,0.0,100.0,0.0,,,0.0,0.0,0.0,100.0,,,,0.0,
2021-01-24,2021-01,4,1,tablet,shop.googlemerchandisestore.com,referral,(referral),new_session,2,2,1,0,0,0,1,1,0,0,1,0,0,0,0,0.0,50.0,0.0,,,0.0,0.0,50.0,100.0,,,,0.0,
2021-01-24,2021-01,4,1,desktop,<Other>,organic,(organic),new_session,42,42,9,0,0,0,33,9,0,0,15,0,0,0,0,0.0,21.43,0.0,,,0.0,0.0,78.57,100.0,,,,0.0,
2021-01-24,2021-01,4,1,tablet,(direct),(none),(direct),new_session,14,14,2,0,0,0,12,2,0,0,3,0,0,0,0,0.0,14.29,0.0,,,0.0,0.0,85.71,100.0,,,,0.0,
2021-01-24,2021-01,4,1,desktop,<Other>,(data deleted),(data deleted),returning_session,3,3,1,0,0,0,2,1,0,0,2,0,0,0,0,0.0,33.33,0.0,,,0.0,0.0,66.67,100.0,,,,0.0,
2021-01-24,2021-01,4,1,desktop,google,cpc,<Other>,new_session,81,81,11,0,0,0,70,11,0,0,32,0,0,0,0,0.0,13.58,0.0,,,0.0,0.0,86.42,100.0,,,,0.0,
2021-01-24,2021-01,4,1,tablet,google,organic,(organic),new_session,16,16,1,0,0,0,15,1,0,0,2,0,0,0,0,0.0,6.25,0.0,,,0.0,0.0,93.75,100.0,,,,0.0,
2021-01-24,2021-01,4,1,tablet,<Other>,<Other>,<Other>,new_session,12,12,5,1,0,0,7,4,1,0,17,5,0,0,0,0.0,41.67,20.0,0.0,,0.0,0.0,58.33,80.0,100.0,,,0.0,
2021-01-24,2021-01,4,1,tablet,<Other>,referral,(referral),new_session,7,7,3,1,0,0,4,2,1,0,3,1,0,0,0,0.0,42.86,33.33,0.0,,0.0,0.0,57.14,66.67,100.0,,,0.0,
2021-01-24,2021-01,4,1,mobile,<Other>,organic,(organic),returning_session,4,4,2,1,0,0,2,1,1,0,10,1,0,0,0,0.0,50.0,50.0,0.0,,0.0,0.0,50.0,50.0,100.0,,,0.0,
2021-01-24,2021-01,4,1,tablet,google,organic,(organic),returning_session,4,4,2,1,0,0,2,1,1,0,21,1,0,0,0,0.0,50.0,50.0,0.0,,0.0,0.0,50.0,50.0,100.0,,,0.0,
2021-01-24,2021-01,4,1,mobile,(direct),(none),(direct),returning_session,44,44,7,1,1,1,37,6,0,0,70,2,3,1,1,85.0,15.91,14.29,100.0,100.0,2.27,14.29,84.09,85.71,0.0,0.0,85.0,1.93,85.0
2021-01-24,2021-01,4,1,desktop,<Other>,referral,(referral),returning_session,34,34,5,1,1,1,29,4,0,0,14,1,3,1,1,55.0,14.71,20.0,100.0,100.0,2.94,20.0,85.29,80.0,0.0,0.0,55.0,1.62,55.0
2021-01-24,2021-01,4,1,mobile,(data deleted),(data deleted),<Other>,returning_session,2,2,2,1,1,1,0,1,0,0,6,1,3,1,1,13.0,100.0,50.0,100.0,100.0,50.0,50.0,0.0,50.0,0.0,0.0,13.0,6.5,13.0
2021-01-24,2021-01,4,1,mobile,shop.googlemerchandisestore.com,referral,(referral),new_session,44,44,4,2,0,0,40,2,2,0,16,8,0,0,0,0.0,9.09,50.0,0.0,,0.0,0.0,90.91,50.0,100.0,,,0.0,
2021-01-24,2021-01,4,1,desktop,<Other>,<Other>,<Other>,returning_session,25,25,7,2,0,0,18,5,2,0,85,53,0,0,0,0.0,28.0,28.57,0.0,,0.0,0.0,72.0,71.43,100.0,,,0.0,
2021-01-24,2021-01,4,1,mobile,(data deleted),(data deleted),(data deleted),returning_session,48,48,6,2,1,0,42,4,1,1,27,4,3,0,0,0.0,12.5,33.33,50.0,0.0,0.0,0.0,87.5,66.67,50.0,100.0,,0.0,
2021-01-24,2021-01,4,1,desktop,shop.googlemerchandisestore.com,referral,(referral),returning_session,63,63,23,2,3,2,40,21,1,1,122,22,27,7,7,510.0,36.51,8.7,150.0,66.67,3.17,8.7,63.49,91.3,50.0,33.33,255.0,8.1,72.86
2021-01-24,2021-01,4,1,mobile,<Other>,referral,(referral),returning_session,30,29,9,3,3,0,20,6,0,3,50,5,36,0,0,0.0,31.03,33.33,100.0,0.0,0.0,0.0,68.97,66.67,0.0,100.0,,0.0,
2021-01-24,2021-01,4,1,mobile,<Other>,<Other>,<Other>,new_session,150,150,25,3,1,0,125,22,2,1,61,5,3,0,0,0.0,16.67,12.0,33.33,0.0,0.0,0.0,83.33,88.0,66.67,100.0,,0.0,
2021-01-24,2021-01,4,1,mobile,google,cpc,<Other>,new_session,55,55,18,3,3,2,37,15,1,1,55,19,16,2,2,291.0,32.73,16.67,100.0,66.67,3.64,11.11,67.27,83.33,33.33,33.33,145.5,5.29,145.5
2021-01-24,2021-01,4,1,desktop,(direct),(none),(direct),returning_session,82,82,17,4,1,0,65,13,4,1,110,9,3,0,0,0.0,20.73,23.53,25.0,0.0,0.0,0.0,79.27,76.47,100.0,100.0,,0.0,
2021-01-24,2021-01,4,1,mobile,shop.googlemerchandisestore.com,referral,(referral),returning_session,47,47,11,4,3,2,36,7,1,1,80,21,22,2,2,56.0,23.4,36.36,75.0,66.67,4.26,18.18,76.6,63.64,25.0,33.33,28.0,1.19,28.0
2021-01-24,2021-01,4,1,desktop,<Other>,referral,(referral),new_session,142,142,29,5,6,2,113,24,0,4,104,28,33,2,2,332.0,20.42,17.24,120.0,33.33,1.41,6.9,79.58,82.76,0.0,66.67,166.0,2.34,166.0
2021-01-24,2021-01,4,1,desktop,shop.googlemerchandisestore.com,referral,(referral),new_session,77,77,27,5,3,2,50,22,2,1,229,50,18,2,2,42.0,35.06,18.52,60.0,66.67,2.6,7.41,64.94,81.48,40.0,33.33,21.0,0.55,21.0
2021-01-24,2021-01,4,1,desktop,google,organic,(organic),returning_session,92,92,17,5,5,3,75,12,2,2,104,25,33,3,3,446.0,18.48,29.41,100.0,60.0,3.26,17.65,81.52,70.59,40.0,40.0,148.67,4.85,148.67
2021-01-24,2021-01,4,1,mobile,google,organic,(organic),returning_session,51,50,17,5,7,5,33,12,0,2,68,20,39,5,5,356.0,34.0,29.41,140.0,71.43,9.8,29.41,66.0,70.59,0.0,28.57,71.2,6.98,71.2
2021-01-24,2021-01,4,1,mobile,<Other>,referral,(referral),new_session,85,85,17,6,0,0,68,11,6,0,76,14,0,0,0,0.0,20.0,35.29,0.0,,0.0,0.0,80.0,64.71,100.0,,,0.0,
2021-01-24,2021-01,4,1,desktop,(data deleted),(data deleted),(data deleted),returning_session,87,87,22,7,3,2,65,15,4,1,102,33,31,2,2,120.0,25.29,31.82,42.86,66.67,2.3,9.09,74.71,68.18,57.14,33.33,60.0,1.38,60.0
2021-01-24,2021-01,4,1,desktop,<Other>,<Other>,<Other>,new_session,221,221,48,8,4,3,173,40,4,1,173,33,21,3,3,60.0,21.72,16.67,50.0,75.0,1.36,6.25,78.28,83.33,50.0,25.0,20.0,0.27,20.0
2021-01-24,2021-01,4,1,desktop,(direct),(none),(direct),new_session,341,341,69,9,3,1,272,60,7,2,242,31,15,1,1,22.0,20.23,13.04,33.33,33.33,0.29,1.45,79.77,86.96,77.78,66.67,22.0,0.06,22.0
2021-01-24,2021-01,4,1,mobile,google,organic,(organic),new_session,301,301,56,9,4,1,245,47,5,3,169,14,30,1,1,48.0,18.6,16.07,44.44,25.0,0.33,1.79,81.4,83.93,55.56,75.0,48.0,0.16,48.0
2021-01-24,2021-01,4,1,mobile,(direct),(none),(direct),new_session,210,210,45,11,8,4,165,34,4,4,158,29,38,4,4,172.0,21.43,24.44,72.73,50.0,1.9,8.89,78.57,75.56,36.36,50.0,43.0,0.82,43.0
2021-01-24,2021-01,4,1,desktop,google,organic,(organic),new_session,472,472,105,12,7,3,367,93,8,4,350,53,35,3,3,124.0,22.25,11.43,58.33,42.86,0.64,2.86,77.75,88.57,66.67,57.14,41.33,0.26,41.33
2020-11-08,2020-11,45,1,tablet,(direct),(none),(direct),returning_session,3,3,0,0,0,0,3,0,0,0,0,0,0,0,0,0.0,0.0,,,,0.0,,100.0,,,,,0.0,
2020-11-08,2020-11,45,1,tablet,<Other>,(data deleted),(data deleted),returning_session,1,1,0,0,0,0,1,0,0,0,0,0,0,0,0,0.0,0.0,,,,0.0,,100.0,,,,,0.0,
2020-11-08,2020-11,45,1,desktop,<Other>,(data deleted),(data deleted),returning_session,1,1,0,0,0,0,1,0,0,0,0,0,0,0,0,0.0,0.0,,,,0.0,,100.0,,,,,0.0,
2020-11-08,2020-11,45,1,mobile,(data deleted),(data deleted),(data deleted),new_session,1,1,0,0,0,0,1,0,0,0,0,0,0,0,0,0.0,0.0,,,,0.0,,100.0,,,,,0.0,
2020-11-08,2020-11,45,1,desktop,<Other>,organic,(organic),returning_session,5,5,0,0,0,0,5,0,0,0,0,0,0,0,0,0.0,0.0,,,,0.0,,100.0,,,,,0.0,
2020-11-08,2020-11,45,1,tablet,<Other>,referral,(referral),returning_session,1,1,0,0,0,0,1,0,0,0,0,0,0,0,0,0.0,0.0,,,,0.0,,100.0,,,,,0.0,
2020-11-08,2020-11,45,1,mobile,<Other>,organic,(organic),returning_session,1,1,0,0,0,0,1,0,0,0,0,0,0,0,0,0.0,0.0,,,,0.0,,100.0,,,,,0.0,
2020-11-08,2020-11,45,1,tablet,shop.googlemerchandisestore.com,referral,(referral),returning_session,2,2,0,0,0,0,2,0,0,0,0,0,0,0,0,0.0,0.0,,,,0.0,,100.0,,,,,0.0,
2020-11-08,2020-11,45,1,mobile,<Other>,(data deleted),(data deleted),returning_session,1,1,0,0,0,0,1,0,0,0,0,0,0,0,0,0.0,0.0,,,,0.0,,100.0,,,,,0.0,
2020-11-08,2020-11,45,1,tablet,google,organic,(organic),returning_session,4,4,0,0,0,0,4,0,0,0,0,0,0,0,0,0.0,0.0,,,,0.0,,100.0,,,,,0.0,
2020-11-08,2020-11,45,1,tablet,<Other>,referral,(referral),new_session,2,2,0,0,0,0,2,0,0,0,0,0,0,0,0,0.0,0.0,,,,0.0,,100.0,,,,,0.0,
2020-11-08,2020-11,45,1,mobile,(data deleted),(data deleted),<Other>,returning_session,1,1,1,0,0,0,0,1,0,0,2,0,0,0,0,0.0,100.0,0.0,,,0.0,0.0,0.0,100.0,,,,0.0,
2020-11-08,2020-11,45,1,tablet,google,organic,(organic),new_session,6,6,2,0,0,0,4,2,0,0,4,0,0,0,0,0.0,33.33,0.0,,,0.0,0.0,66.67,100.0,,,,0.0,
2020-11-08,2020-11,45,1,desktop,google,cpc,<Other>,new_session,48,48,10,0,0,0,38,10,0,0,28,0,0,0,0,0.0,20.83,0.0,,,0.0,0.0,79.17,100.0,,,,0.0,
2020-11-08,2020-11,45,1,mobile,<Other>,<Other>,<Other>,returning_session,11,11,2,0,0,0,9,2,0,0,5,0,0,0,0,0.0,18.18,0.0,,,0.0,0.0,81.82,100.0,,,,0.0,
2020-11-08,2020-11,45,1,desktop,(data deleted),(data deleted),(data deleted),new_session,4,3,2,0,0,0,1,2,0,0,10,0,0,0,0,0.0,66.67,0.0,,,0.0,0.0,33.33,100.0,,,,0.0,
2020-11-08,2020-11,45,1,desktop,<Other>,referral,(referral),returning_session,43,43,7,0,0,0,36,7,0,0,42,0,0,0,0,0.0,16.28,0.0,,,0.0,0.0,83.72,100.0,,,,0.0,
2020-11-08,2020-11,45,1,mobile,google,cpc,<Other>,new_session,30,30,12,0,0,0,18,12,0,0,28,0,0,0,0,0.0,40.0,0.0,,,0.0,0.0,60.0,100.0,,,,0.0,
2020-11-08,2020-11,45,1,desktop,<Other>,organic,(organic),new_session,32,32,7,0,0,0,25,7,0,0,25,0,0,0,0,0.0,21.88,0.0,,,0.0,0.0,78.13,100.0,,,,0.0,
2020-11-08,2020-11,45,1,desktop,google,cpc,<Other>,returning_session,9,9,2,0,0,0,7,2,0,0,4,0,0,0,0,0.0,22.22,0.0,,,0.0,0.0,77.78,100.0,,,,0.0,
2020-11-08,2020-11,45,1,mobile,google,cpc,<Other>,returning_session,2,2,1,0,0,0,1,1,0,0,4,0,0,0,0,0.0,50.0,0.0,,,0.0,0.0,50.0,100.0,,,,0.0,
2020-11-08,2020-11,45,1,mobile,(data deleted),(data deleted),(data deleted),returning_session,53,53,9,0,0,0,44,9,0,0,51,0,0,0,0,0.0,16.98,0.0,,,0.0,0.0,83.02,100.0,,,,0.0,
2020-11-08,2020-11,45,1,tablet,(direct),(none),(direct),new_session,7,7,3,0,0,0,4,3,0,0,7,0,0,0,0,0.0,42.86,0.0,,,0.0,0.0,57.14,100.0,,,,0.0,
2020-11-08,2020-11,45,1,mobile,<Other>,organic,(organic),new_session,18,18,5,0,0,0,13,5,0,0,13,0,0,0,0,0.0,27.78,0.0,,,0.0,0.0,72.22,100.0,,,,0.0,
2020-11-08,2020-11,45,1,tablet,shop.googlemerchandisestore.com,referral,(referral),new_session,4,4,1,0,0,0,3,1,0,0,1,0,0,0,0,0.0,25.0,0.0,,,0.0,0.0,75.0,100.0,,,,0.0,
2020-11-08,2020-11,45,1,desktop,shop.googlemerchandisestore.com,referral,(referral),new_session,61,61,6,0,2,0,55,6,0,2,75,0,2,0,0,0.0,9.84,0.0,,0.0,0.0,0.0,90.16,100.0,,100.0,,0.0,
2020-11-08,2020-11,45,1,desktop,<Other>,<Other>,<Other>,returning_session,15,15,4,0,2,0,11,4,0,2,46,0,3,0,0,0.0,26.67,0.0,,0.0,0.0,0.0,73.33,100.0,,100.0,,0.0,
2020-11-08,2020-11,45,1,mobile,<Other>,referral,(referral),new_session,57,57,19,0,3,0,38,19,0,3,103,0,5,0,0,0.0,33.33,0.0,,0.0,0.0,0.0,66.67,100.0,,100.0,,0.0,
2020-11-08,2020-11,45,1,mobile,shop.googlemerchandisestore.com,referral,(referral),new_session,38,38,16,0,3,0,22,16,0,3,118,0,3,0,0,0.0,42.11,0.0,,0.0,0.0,0.0,57.89,100.0,,100.0,,0.0,
2020-11-08,2020-11,45,1,desktop,(direct),(none),(direct),new_session,196,196,48,0,8,0,148,48,0,8,237,0,9,0,0,0.0,24.49,0.0,,0.0,0.0,0.0,75.51,100.0,,100.0,,0.0,
2020-11-08,2020-11,45,1,tablet,<Other>,<Other>,<Other>,new_session,9,9,1,0,1,0,8,1,0,1,3,0,1,0,0,0.0,11.11,0.0,,0.0,0.0,0.0,88.89,100.0,,100.0,,0.0,
2020-11-08,2020-11,45,1,desktop,google,organic,(organic),new_session,329,328,80,0,15,1,248,80,0,14,554,0,18,1,1,149.0,24.39,0.0,,6.67,0.3,1.25,75.61,100.0,,93.33,149.0,0.45,149.0
2020-11-08,2020-11,45,1,mobile,(direct),(none),(direct),new_session,145,145,35,0,6,1,110,35,0,5,213,0,7,1,1,100.0,24.14,0.0,,16.67,0.69,2.86,75.86,100.0,,83.33,100.0,0.69,100.0
2020-11-08,2020-11,45,1,desktop,<Other>,<Other>,<Other>,new_session,167,167,42,0,12,2,125,42,0,10,422,0,16,2,2,100.0,25.15,0.0,,16.67,1.2,4.76,74.85,100.0,,83.33,50.0,0.6,50.0
2020-11-08,2020-11,45,1,mobile,google,organic,(organic),new_session,198,198,49,0,14,4,149,49,0,10,336,0,17,4,4,126.0,24.75,0.0,,28.57,2.02,8.16,75.25,100.0,,71.43,31.5,0.64,31.5
2020-11-08,2020-11,45,1,desktop,<Other>,referral,(referral),new_session,85,85,24,0,6,2,61,24,0,4,212,0,9,2,2,166.0,28.24,0.0,,33.33,2.35,8.33,71.76,100.0,,66.67,83.0,1.95,83.0
2020-11-08,2020-11,45,1,mobile,google,organic,(organic),returning_session,51,51,10,0,2,1,41,10,0,1,34,0,2,1,1,26.0,19.61,0.0,,50.0,1.96,10.0,80.39,100.0,,50.0,26.0,0.51,26.0
2020-11-08,2020-11,45,1,mobile,<Other>,<Other>,<Other>,new_session,109,109,28,0,6,3,81,28,0,3,191,0,11,3,3,91.0,25.69,0.0,,50.0,2.75,10.71,74.31,100.0,,50.0,30.33,0.83,30.33
2020-11-08,2020-11,45,1,mobile,<Other>,referral,(referral),returning_session,29,29,5,0,2,1,24,5,0,1,21,0,2,1,1,128.0,17.24,0.0,,50.0,3.45,20.0,82.76,100.0,,50.0,128.0,4.41,128.0
2020-11-08,2020-11,45,1,desktop,(data deleted),(data deleted),(data deleted),returning_session,80,80,15,0,3,2,65,15,0,1,102,0,4,3,2,490.0,18.75,0.0,,66.67,2.5,13.33,81.25,100.0,,33.33,245.0,6.13,245.0
2020-11-08,2020-11,45,1,desktop,google,organic,(organic),returning_session,75,75,12,0,4,3,63,12,0,1,51,0,6,3,3,534.0,16.0,0.0,,75.0,4.0,25.0,84.0,100.0,,25.0,178.0,7.12,178.0
2020-11-08,2020-11,45,1,desktop,shop.googlemerchandisestore.com,referral,(referral),returning_session,51,51,7,0,1,1,44,7,0,0,24,0,1,1,1,718.0,13.73,0.0,,100.0,1.96,14.29,86.27,100.0,,0.0,718.0,14.08,718.0
2020-11-08,2020-11,45,1,desktop,(direct),(none),(direct),returning_session,75,75,9,0,2,2,66,9,0,0,43,0,3,2,2,321.0,12.0,0.0,,100.0,2.67,22.22,88.0,100.0,,0.0,160.5,4.28,160.5
2020-11-08,2020-11,45,1,mobile,(direct),(none),(direct),returning_session,54,54,9,0,2,2,45,9,0,0,134,0,4,2,2,67.0,16.67,0.0,,100.0,3.7,22.22,83.33,100.0,,0.0,33.5,1.24,33.5
2020-11-08,2020-11,45,1,mobile,shop.googlemerchandisestore.com,referral,(referral),returning_session,44,44,11,0,3,3,33,11,0,0,46,0,3,3,3,354.0,25.0,0.0,,100.0,6.82,27.27,75.0,100.0,,0.0,118.0,8.05,118.0
2020-11-08,2020-11,45,1,tablet,(data deleted),(data deleted),(data deleted),returning_session,4,4,3,0,2,2,1,3,0,0,21,0,3,2,2,184.0,75.0,0.0,,100.0,50.0,66.67,25.0,100.0,,0.0,92.0,46.0,92.0
2020-11-08,2020-11,45,1,desktop,(data deleted),(data deleted),<Other>,returning_session,1,1,1,0,1,1,0,1,0,0,27,0,3,1,1,206.0,100.0,0.0,,100.0,100.0,100.0,0.0,100.0,,0.0,206.0,206.0,206.0
2020-12-27,2020-12,52,1,tablet,shop.googlemerchandisestore.com,referral,(referral),new_session,1,1,0,0,0,0,1,0,0,0,0,0,0,0,0,0.0,0.0,,,,0.0,,100.0,,,,,0.0,
2020-12-27,2020-12,52,1,desktop,google,cpc,<Other>,returning_session,4,4,0,0,0,0,4,0,0,0,0,0,0,0,0,0.0,0.0,,,,0.0,,100.0,,,,,0.0,
2020-12-27,2020-12,52,1,tablet,<Other>,referral,(referral),returning_session,1,1,0,0,0,0,1,0,0,0,0,0,0,0,0,0.0,0.0,,,,0.0,,100.0,,,,,0.0,
2020-12-27,2020-12,52,1,tablet,shop.googlemerchandisestore.com,referral,(referral),returning_session,1,1,0,0,0,0,1,0,0,0,0,0,0,0,0,0.0,0.0,,,,0.0,,100.0,,,,,0.0,
2020-12-27,2020-12,52,1,mobile,<Other>,<Other>,<Other>,returning_session,10,10,0,0,0,0,10,0,0,0,0,0,0,0,0,0.0,0.0,,,,0.0,,100.0,,,,,0.0,
2020-12-27,2020-12,52,1,tablet,(data deleted),(data deleted),(data deleted),returning_session,2,2,0,0,0,0,2,0,0,0,0,0,0,0,0,0.0,0.0,,,,0.0,,100.0,,,,,0.0,
2020-12-27,2020-12,52,1,desktop,(data deleted),(data deleted),<Other>,returning_session,3,3,0,0,0,0,3,0,0,0,0,0,0,0,0,0.0,0.0,,,,0.0,,100.0,,,,,0.0,
2020-12-27,2020-12,52,1,mobile,<Other>,organic,(organic),returning_session,3,3,0,0,0,0,3,0,0,0,0,0,0,0,0,0.0,0.0,,,,0.0,,100.0,,,,,0.0,
2020-12-27,2020-12,52,1,tablet,google,cpc,<Other>,new_session,1,1,0,0,0,0,1,0,0,0,0,0,0,0,0,0.0,0.0,,,,0.0,,100.0,,,,,0.0,
2020-12-27,2020-12,52,1,desktop,<Other>,organic,(organic),returning_session,4,4,1,1,0,0,3,0,1,0,5,1,0,0,0,0.0,25.0,100.0,0.0,,0.0,0.0,75.0,0.0,100.0,,,0.0,
2020-12-27,2020-12,52,1,mobile,<Other>,organic,(organic),new_session,25,25,4,1,0,0,21,3,1,0,4,1,0,0,0,0.0,16.0,25.0,0.0,,0.0,0.0,84.0,75.0,100.0,,,0.0,
2020-12-27,2020-12,52,1,desktop,google,organic,(organic),returning_session,47,47,3,0,0,0,44,3,0,0,9,0,0,0,0,0.0,6.38,0.0,,,0.0,0.0,93.62,100.0,,,,0.0,
2020-12-27,2020-12,52,1,tablet,(direct),(none),(direct),new_session,11,11,2,0,0,0,9,2,0,0,4,0,0,0,0,0.0,18.18,0.0,,,0.0,0.0,81.82,100.0,,,,0.0,
2020-12-27,2020-12,52,1,mobile,shop.googlemerchandisestore.com,referral,(referral),new_session,37,36,3,0,0,0,33,3,0,0,5,0,0,0,0,0.0,8.33,0.0,,,0.0,0.0,91.67,100.0,,,,0.0,
2020-12-27,2020-12,52,1,desktop,<Other>,<Other>,<Other>,returning_session,11,11,1,0,0,0,10,1,0,0,3,0,0,0,0,0.0,9.09,0.0,,,0.0,0.0,90.91,100.0,,,,0.0,
2020-12-27,2020-12,52,1,desktop,<Other>,referral,(referral),new_session,124,124,16,5,0,0,108,11,5,0,106,80,0,0,0,0.0,12.9,31.25,0.0,,0.0,0.0,87.1,68.75,100.0,,,0.0,
2020-12-27,2020-12,52,1,desktop,<Other>,organic,(organic),new_session,35,35,5,2,0,0,30,3,2,0,45,6,0,0,0,0.0,14.29,40.0,0.0,,0.0,0.0,85.71,60.0,100.0,,,0.0,
2020-12-27,2020-12,52,1,tablet,google,organic,(organic),new_session,21,21,3,0,0,0,18,3,0,0,4,0,0,0,0,0.0,14.29,0.0,,,0.0,0.0,85.71,100.0,,,,0.0,
2020-12-27,2020-12,52,1,desktop,(data deleted),(data deleted),(data deleted),new_session,5,4,2,1,0,0,2,1,1,0,4,2,0,0,0,0.0,50.0,50.0,0.0,,0.0,0.0,50.0,50.0,100.0,,,0.0,
2020-12-27,2020-12,52,1,mobile,google,cpc,<Other>,returning_session,4,4,2,1,0,0,2,1,1,0,30,14,0,0,0,0.0,50.0,50.0,0.0,,0.0,0.0,50.0,50.0,100.0,,,0.0,
2020-12-27,2020-12,52,1,mobile,(direct),(none),(direct),new_session,189,189,22,4,0,0,167,18,4,0,62,10,0,0,0,0.0,11.64,18.18,0.0,,0.0,0.0,88.36,81.82,100.0,,,0.0,
2020-12-27,2020-12,52,1,mobile,(data deleted),(data deleted),(data deleted),new_session,5,5,3,1,0,0,2,2,1,0,23,1,0,0,0,0.0,60.0,33.33,0.0,,0.0,0.0,40.0,66.67,100.0,,,0.0,
2020-12-27,2020-12,52,1,desktop,<Other>,(data deleted),(data deleted),returning_session,2,2,1,1,0,0,1,0,1,0,7,5,0,0,0,0.0,50.0,100.0,0.0,,0.0,0.0,50.0,0.0,100.0,,,0.0,
2020-12-27,2020-12,52,1,tablet,<Other>,referral,(referral),new_session,7,7,2,1,0,0,5,1,1,0,16,2,0,0,0,0.0,28.57,50.0,0.0,,0.0,0.0,71.43,50.0,100.0,,,0.0,
2020-12-27,2020-12,52,1,desktop,google,cpc,<Other>,new_session,62,62,8,0,0,0,54,8,0,0,27,0,0,0,0,0.0,12.9,0.0,,,0.0,0.0,87.1,100.0,,,,0.0,
2020-12-27,2020-12,52,1,mobile,google,cpc,<Other>,new_session,53,53,4,0,0,0,49,4,0,0,5,0,0,0,0,0.0,7.55,0.0,,,0.0,0.0,92.45,100.0,,,,0.0,
2020-12-27,2020-12,52,1,tablet,<Other>,<Other>,<Other>,new_session,12,12,1,0,0,0,11,1,0,0,3,0,0,0,0,0.0,8.33,0.0,,,0.0,0.0,91.67,100.0,,,,0.0,
2020-12-27,2020-12,52,1,mobile,<Other>,<Other>,<Other>,new_session,155,155,22,3,1,0,133,19,2,1,75,10,6,0,0,0.0,14.19,13.64,33.33,0.0,0.0,0.0,85.81,86.36,66.67,100.0,,0.0,
2020-12-27,2020-12,52,1,mobile,<Other>,referral,(referral),new_session,85,85,8,1,2,0,77,7,0,2,13,1,6,0,0,0.0,9.41,12.5,200.0,0.0,0.0,0.0,90.59,87.5,0.0,100.0,,0.0,
2020-12-27,2020-12,52,1,desktop,<Other>,<Other>,<Other>,new_session,216,216,29,6,1,1,187,23,5,0,76,13,6,1,1,18.0,13.43,20.69,16.67,100.0,0.46,3.45,86.57,79.31,83.33,0.0,18.0,0.08,18.0
2020-12-27,2020-12,52,1,desktop,(direct),(none),(direct),returning_session,61,61,12,5,1,1,49,7,4,0,57,23,6,1,1,10.0,19.67,41.67,20.0,100.0,1.64,8.33,80.33,58.33,80.0,0.0,10.0,0.16,10.0
2020-12-27,2020-12,52,1,desktop,shop.googlemerchandisestore.com,referral,(referral),new_session,63,63,10,1,1,1,53,9,0,0,37,3,6,1,1,129.0,15.87,10.0,100.0,100.0,1.59,10.0,84.13,90.0,0.0,0.0,129.0,2.05,129.0
2020-12-27,2020-12,52,1,mobile,shop.googlemerchandisestore.com,referral,(referral),returning_session,28,28,5,2,1,1,23,3,1,0,26,6,6,1,1,55.0,17.86,40.0,50.0,100.0,3.57,20.0,82.14,60.0,50.0,0.0,55.0,1.96,55.0
2020-12-27,2020-12,52,1,desktop,<Other>,referral,(referral),returning_session,17,17,4,3,2,1,13,1,2,1,36,21,9,1,1,128.0,23.53,75.0,66.67,50.0,5.88,25.0,76.47,25.0,66.67,50.0,128.0,7.53,128.0
2020-12-27,2020-12,52,1,mobile,(data deleted),(data deleted),(data deleted),returning_session,46,46,11,6,2,1,35,5,4,1,50,19,12,1,1,67.0,23.91,54.55,33.33,50.0,2.17,9.09,76.09,45.45,66.67,50.0,67.0,1.46,67.0
2020-12-27,2020-12,52,1,mobile,google,organic,(organic),returning_session,45,45,17,8,2,2,28,9,6,0,99,46,12,2,2,66.0,37.78,47.06,25.0,100.0,4.44,11.76,62.22,52.94,75.0,0.0,33.0,1.47,33.0
2020-12-27,2020-12,52,1,desktop,shop.googlemerchandisestore.com,referral,(referral),returning_session,52,52,6,2,2,1,46,4,1,1,24,13,12,1,1,44.0,11.54,33.33,100.0,50.0,1.92,16.67,88.46,66.67,50.0,50.0,44.0,0.85,44.0
2020-12-27,2020-12,52,1,mobile,<Other>,referral,(referral),returning_session,26,26,8,2,2,2,18,6,1,0,24,2,12,2,2,98.0,30.77,25.0,100.0,100.0,7.69,25.0,69.23,75.0,50.0,0.0,49.0,3.77,49.0
2020-12-27,2020-12,52,1,desktop,google,organic,(organic),new_session,484,484,83,11,4,2,401,72,8,2,333,35,15,2,2,110.0,17.15,13.25,36.36,50.0,0.41,2.41,82.85,86.75,72.73,50.0,55.0,0.23,55.0
2020-12-27,2020-12,52,1,tablet,(direct),(none),(direct),returning_session,2,2,1,1,1,1,1,0,0,0,25,14,15,1,1,48.0,50.0,100.0,100.0,100.0,50.0,100.0,50.0,0.0,0.0,0.0,48.0,24.0,48.0
2020-12-27,2020-12,52,1,mobile,google,organic,(organic),new_session,311,311,39,9,4,1,272,30,7,3,141,42,16,1,1,22.0,12.54,23.08,44.44,25.0,0.32,2.56,87.46,76.92,77.78,75.0,22.0,0.07,22.0
2020-12-27,2020-12,52,1,desktop,(direct),(none),(direct),new_session,305,305,45,7,2,1,260,38,5,1,137,35,18,1,1,33.0,14.75,15.56,28.57,50.0,0.33,2.22,85.25,84.44,71.43,50.0,33.0,0.11,33.0
2020-12-27,2020-12,52,1,mobile,(direct),(none),(direct),returning_session,44,44,14,7,5,1,30,7,4,4,94,81,21,1,1,196.0,31.82,50.0,71.43,20.0,2.27,7.14,68.18,50.0,57.14,80.0,196.0,4.45,196.0
2020-12-27,2020-12,52,1,desktop,(data deleted),(data deleted),(data deleted),returning_session,57,57,15,7,6,3,42,8,3,3,71,16,33,3,3,137.0,26.32,46.67,85.71,50.0,5.26,20.0,73.68,53.33,42.86,50.0,45.67,2.4,45.67
2021-01-11,2021-01,2,2,tablet,<Other>,organic,(organic),new_session,1,1,0,0,0,0,1,0,0,0,0,0,0,0,0,0.0,0.0,,,,0.0,,100.0,,,,,0.0,
2021-01-11,2021-01,2,2,tablet,<Other>,referral,(referral),new_session,7,7,0,0,0,0,7,0,0,0,0,0,0,0,0,0.0,0.0,,,,0.0,,100.0,,,,,0.0,
2021-01-11,2021-01,2,2,tablet,shop.googlemerchandisestore.com,referral,(referral),new_session,4,4,0,0,0,0,4,0,0,0,0,0,0,0,0,0.0,0.0,,,,0.0,,100.0,,,,,0.0,
2021-01-11,2021-01,2,2,mobile,google,cpc,<Other>,returning_session,7,7,0,0,0,0,7,0,0,0,0,0,0,0,0,0.0,0.0,,,,0.0,,100.0,,,,,0.0,
2021-01-11,2021-01,2,2,mobile,(data deleted),(data deleted),(data deleted),new_session,1,1,0,0,0,0,1,0,0,0,0,0,0,0,0,0.0,0.0,,,,0.0,,100.0,,,,,0.0,
2021-01-11,2021-01,2,2,tablet,google,cpc,<Other>,new_session,5,5,0,0,0,0,5,0,0,0,0,0,0,0,0,0.0,0.0,,,,0.0,,100.0,,,,,0.0,
2021-01-11,2021-01,2,2,tablet,shop.googlemerchandisestore.com,referral,(referral),returning_session,5,5,2,0,0,0,3,2,0,0,5,0,0,0,0,0.0,40.0,0.0,,,0.0,0.0,60.0,100.0,,,,0.0,
2021-01-11,2021-01,2,2,tablet,google,organic,(organic),returning_session,5,5,1,0,0,0,4,1,0,0,3,0,0,0,0,0.0,20.0,0.0,,,0.0,0.0,80.0,100.0,,,,0.0,
2021-01-11,2021-01,2,2,tablet,(data deleted),(data deleted),(data deleted),returning_session,6,6,1,0,0,0,5,1,0,0,3,0,0,0,0,0.0,16.67,0.0,,,0.0,0.0,83.33,100.0,,,,0.0,
2021-01-11,2021-01,2,2,tablet,(direct),(none),(direct),returning_session,4,4,1,0,0,0,3,1,0,0,7,0,0,0,0,0.0,25.0,0.0,,,0.0,0.0,75.0,100.0,,,,0.0,
2021-01-11,2021-01,2,2,tablet,google,organic,(organic),new_session,28,28,5,0,0,0,23,5,0,0,11,0,0,0,0,0.0,17.86,0.0,,,0.0,0.0,82.14,100.0,,,,0.0,
2021-01-11,2021-01,2,2,tablet,(direct),(none),(direct),new_session,16,16,1,0,0,0,15,1,0,0,7,0,0,0,0,0.0,6.25,0.0,,,0.0,0.0,93.75,100.0,,,,0.0,
2021-01-11,2021-01,2,2,tablet,<Other>,<Other>,<Other>,returning_session,5,5,1,0,0,0,4,1,0,0,1,0,0,0,0,0.0,20.0,0.0,,,0.0,0.0,80.0,100.0,,,,0.0,
2021-01-11,2021-01,2,2,desktop,(data deleted),(data deleted),(data deleted),new_session,2,2,1,1,0,0,1,0,1,0,2,2,0,0,0,0.0,50.0,100.0,0.0,,0.0,0.0,50.0,0.0,100.0,,,0.0,
2021-01-11,2021-01,2,2,desktop,(data deleted),(data deleted),<Other>,returning_session,1,1,1,1,0,0,0,0,1,0,3,3,0,0,0,0.0,100.0,100.0,0.0,,0.0,0.0,0.0,0.0,100.0,,,0.0,
2021-01-11,2021-01,2,2,desktop,<Other>,organic,(organic),returning_session,7,7,1,1,0,0,6,0,1,0,1,1,0,0,0,0.0,14.29,100.0,0.0,,0.0,0.0,85.71,0.0,100.0,,,0.0,
2021-01-11,2021-01,2,2,mobile,<Other>,<Other>,<Other>,new_session,226,226,45,10,0,0,181,35,10,0,126,28,0,0,0,0.0,19.91,22.22,0.0,,0.0,0.0,80.09,77.78,100.0,,,0.0,
2021-01-11,2021-01,2,2,mobile,<Other>,referral,(referral),returning_session,36,36,6,4,0,0,30,2,4,0,24,7,0,0,0,0.0,16.67,66.67,0.0,,0.0,0.0,83.33,33.33,100.0,,,0.0,
2021-01-11,2021-01,2,2,mobile,<Other>,organic,(organic),returning_session,12,12,2,1,0,0,10,1,1,0,6,2,0,0,0,0.0,16.67,50.0,0.0,,0.0,0.0,83.33,50.0,100.0,,,0.0,
2021-01-11,2021-01,2,2,mobile,shop.googlemerchandisestore.com,referral,(referral),new_session,63,63,11,1,0,0,52,10,1,0,31,5,0,0,0,0.0,17.46,9.09,0.0,,0.0,0.0,82.54,90.91,100.0,,,0.0,
2021-01-11,2021-01,2,2,mobile,google,organic,(organic),new_session,435,435,65,12,3,0,370,53,10,3,186,39,9,0,0,0.0,14.94,18.46,25.0,0.0,0.0,0.0,85.06,81.54,83.33,100.0,,0.0,
2021-01-11,2021-01,2,2,desktop,(direct),(none),(direct),new_session,400,400,59,10,4,0,341,49,7,4,199,34,15,0,0,0.0,14.75,16.95,40.0,0.0,0.0,0.0,85.25,83.05,70.0,100.0,,0.0,
2021-01-11,2021-01,2,2,mobile,<Other>,referral,(referral),new_session,123,122,22,2,1,0,100,20,2,1,60,7,3,0,0,0.0,18.03,9.09,50.0,0.0,0.0,0.0,81.97,90.91,100.0,100.0,,0.0,
2021-01-11,2021-01,2,2,mobile,google,cpc,<Other>,new_session,65,65,12,2,1,0,53,10,2,1,19,3,6,0,0,0.0,18.46,16.67,50.0,0.0,0.0,0.0,81.54,83.33,100.0,100.0,,0.0,
2021-01-11,2021-01,2,2,desktop,shop.googlemerchandisestore.com,referral,(referral),new_session,65,65,14,2,1,0,51,12,2,1,41,7,3,0,0,0.0,21.54,14.29,50.0,0.0,0.0,0.0,78.46,85.71,100.0,100.0,,0.0,
2021-01-11,2021-01,2,2,desktop,(data deleted),(data deleted),(data deleted),returning_session,118,117,19,3,2,0,98,16,2,2,80,3,9,0,0,0.0,16.24,15.79,66.67,0.0,0.0,0.0,83.76,84.21,66.67,100.0,,0.0,
2021-01-11,2021-01,2,2,mobile,<Other>,<Other>,<Other>,returning_session,20,20,6,3,2,0,14,3,1,2,53,6,5,0,0,0.0,30.0,50.0,66.67,0.0,0.0,0.0,70.0,50.0,33.33,100.0,,0.0,
2021-01-11,2021-01,2,2,mobile,<Other>,organic,(organic),new_session,30,30,3,1,1,0,27,2,0,1,8,2,3,0,0,0.0,10.0,33.33,100.0,0.0,0.0,0.0,90.0,66.67,0.0,100.0,,0.0,
2021-01-11,2021-01,2,2,desktop,<Other>,<Other>,<Other>,new_session,338,338,59,9,4,1,279,50,5,3,152,20,24,1,1,79.0,17.46,15.25,44.44,25.0,0.3,1.69,82.54,84.75,55.56,75.0,79.0,0.23,79.0
2021-01-11,2021-01,2,2,desktop,google,organic,(organic),new_session,592,592,71,15,4,2,521,56,11,2,251,48,14,2,2,19.0,11.99,21.13,26.67,50.0,0.34,2.82,88.01,78.87,73.33,50.0,9.5,0.03,9.5
2021-01-11,2021-01,2,2,desktop,<Other>,referral,(referral),new_session,164,164,30,7,1,1,134,23,6,0,117,28,3,1,1,98.0,18.29,23.33,14.29,100.0,0.61,3.33,81.71,76.67,85.71,0.0,98.0,0.6,98.0
2021-01-11,2021-01,2,2,mobile,google,organic,(organic),returning_session,90,90,26,9,1,1,64,17,8,0,101,30,6,1,1,158.0,28.89,34.62,11.11,100.0,1.11,3.85,71.11,65.38,88.89,0.0,158.0,1.76,158.0
2021-01-11,2021-01,2,2,desktop,shop.googlemerchandisestore.com,referral,(referral),returning_session,81,81,22,7,1,1,59,15,6,0,126,23,3,1,1,37.0,27.16,31.82,14.29,100.0,1.23,4.55,72.84,68.18,85.71,0.0,37.0,0.46,37.0
2021-01-11,2021-01,2,2,mobile,(direct),(none),(direct),returning_session,77,77,21,8,1,1,56,13,7,0,98,24,6,1,1,11.0,27.27,38.1,12.5,100.0,1.3,4.76,72.73,61.9,87.5,0.0,11.0,0.14,11.0
2021-01-11,2021-01,2,2,mobile,(direct),(none),(direct),new_session,291,291,42,5,2,2,249,37,3,0,137,8,18,3,2,236.0,14.43,11.9,40.0,100.0,0.69,4.76,85.57,88.1,60.0,0.0,118.0,0.81,118.0
2021-01-11,2021-01,2,2,desktop,google,cpc,<Other>,new_session,77,77,15,2,2,1,62,13,1,1,52,14,9,1,1,99.0,19.48,13.33,100.0,50.0,1.3,6.67,80.52,86.67,50.0,50.0,99.0,1.29,99.0
2021-01-11,2021-01,2,2,desktop,google,organic,(organic),returning_session,127,127,29,11,3,2,98,18,8,1,126,37,15,2,2,175.0,22.83,37.93,27.27,66.67,1.57,6.9,77.17,62.07,72.73,33.33,87.5,1.38,87.5
2021-01-11,2021-01,2,2,mobile,shop.googlemerchandisestore.com,referral,(referral),returning_session,60,60,14,6,3,1,46,8,4,2,80,29,18,1,1,19.0,23.33,42.86,50.0,33.33,1.67,7.14,76.67,57.14,66.67,66.67,19.0,0.32,19.0
2021-01-11,2021-01,2,2,mobile,(data deleted),(data deleted),(data deleted),returning_session,82,82,12,5,2,1,70,7,3,1,45,23,18,1,1,48.0,14.63,41.67,40.0,50.0,1.22,8.33,85.37,58.33,60.0,50.0,48.0,0.59,48.0
2021-01-11,2021-01,2,2,desktop,<Other>,organic,(organic),new_session,67,67,11,2,2,1,56,9,0,1,37,4,9,1,1,31.0,16.42,18.18,100.0,50.0,1.49,9.09,83.58,81.82,0.0,50.0,31.0,0.46,31.0
2021-01-11,2021-01,2,2,desktop,<Other>,<Other>,<Other>,returning_session,30,30,8,2,3,1,22,6,0,2,25,10,21,1,1,46.0,26.67,25.0,150.0,33.33,3.33,12.5,73.33,75.0,0.0,66.67,46.0,1.53,46.0
2021-01-11,2021-01,2,2,desktop,(direct),(none),(direct),returning_session,114,114,26,9,5,5,88,17,6,0,118,28,24,5,5,223.0,22.81,34.62,55.56,100.0,4.39,19.23,77.19,65.38,66.67,0.0,44.6,1.96,44.6
2021-01-11,2021-01,2,2,desktop,<Other>,referral,(referral),returning_session,47,47,10,5,3,2,37,5,3,1,34,11,12,2,2,51.0,21.28,50.0,60.0,66.67,4.26,20.0,78.72,50.0,60.0,33.33,25.5,1.09,25.5
2021-01-11,2021-01,2,2,desktop,google,cpc,<Other>,returning_session,9,9,4,2,1,1,5,2,2,0,29,17,3,1,1,60.0,44.44,50.0,50.0,100.0,11.11,25.0,55.56,50.0,100.0,0.0,60.0,6.67,60.0
2021-01-11,2021-01,2,2,tablet,<Other>,<Other>,<Other>,new_session,8,8,3,2,2,1,5,1,0,1,6,3,6,1,1,13.0,37.5,66.67,100.0,50.0,12.5,33.33,62.5,33.33,0.0,50.0,13.0,1.63,13.0
2021-01-11,2021-01,2,2,mobile,(data deleted),(data deleted),<Other>,returning_session,2,2,1,1,1,1,1,0,0,0,41,36,18,1,1,55.0,50.0,100.0,100.0,100.0,50.0,100.0,50.0,0.0,0.0,0.0,55.0,27.5,55.0
2020-12-28,2020-12,52,2,tablet,<Other>,organic,(organic),returning_session,1,1,0,0,0,0,1,0,0,0,0,0,0,0,0,0.0,0.0,,,,0.0,,100.0,,,,,0.0,
2020-12-28,2020-12,52,2,tablet,(data deleted),(data deleted),(data deleted),returning_session,3,3,0,0,0,0,3,0,0,0,0,0,0,0,0,0.0,0.0,,,,0.0,,100.0,,,,,0.0,
2020-12-28,2020-12,52,2,tablet,google,cpc,<Other>,new_session,5,5,0,0,0,0,5,0,0,0,0,0,0,0,0,0.0,0.0,,,,0.0,,100.0,,,,,0.0,
2020-12-28,2020-12,52,2,tablet,<Other>,referral,(referral),new_session,3,3,0,0,0,0,3,0,0,0,0,0,0,0,0,0.0,0.0,,,,0.0,,100.0,,,,,0.0,
2020-12-28,2020-12,52,2,tablet,<Other>,organic,(organic),new_session,1,1,0,0,0,0,1,0,0,0,0,0,0,0,0,0.0,0.0,,,,0.0,,100.0,,,,,0.0,
2020-12-28,2020-12,52,2,mobile,google,cpc,<Other>,returning_session,2,2,0,0,0,0,2,0,0,0,0,0,0,0,0,0.0,0.0,,,,0.0,,100.0,,,,,0.0,
2020-12-28,2020-12,52,2,tablet,<Other>,referral,(referral),returning_session,2,2,0,0,0,0,2,0,0,0,0,0,0,0,0,0.0,0.0,,,,0.0,,100.0,,,,,0.0,
2020-12-28,2020-12,52,2,mobile,(data deleted),(data deleted),(data deleted),new_session,3,2,0,0,0,0,2,0,0,0,0,0,0,0,0,0.0,0.0,,,,0.0,,100.0,,,,,0.0,
2020-12-28,2020-12,52,2,tablet,(direct),(none),(direct),new_session,9,9,0,0,0,0,9,0,0,0,0,0,0,0,0,0.0,0.0,,,,0.0,,100.0,,,,,0.0,
2020-12-28,2020-12,52,2,desktop,<Other>,(data deleted),(data deleted),returning_session,2,2,0,0,0,0,2,0,0,0,0,0,0,0,0,0.0,0.0,,,,0.0,,100.0,,,,,0.0,
2020-12-28,2020-12,52,2,tablet,shop.googlemerchandisestore.com,referral,(referral),new_session,4,4,0,0,0,0,4,0,0,0,0,0,0,0,0,0.0,0.0,,,,0.0,,100.0,,,,,0.0,
2020-12-28,2020-12,52,2,tablet,<Other>,<Other>,<Other>,returning_session,2,2,0,0,0,0,2,0,0,0,0,0,0,0,0,0.0,0.0,,,,0.0,,100.0,,,,,0.0,
2020-12-28,2020-12,52,2,tablet,google,organic,(organic),returning_session,4,4,0,0,0,0,4,0,0,0,0,0,0,0,0,0.0,0.0,,,,0.0,,100.0,,,,,0.0,
2020-12-28,2020-12,52,2,mobile,<Other>,(data deleted),(data deleted),returning_session,1,1,1,1,0,0,0,0,1,0,1,1,0,0,0,0.0,100.0,100.0,0.0,,0.0,0.0,0.0,0.0,100.0,,,0.0,
2020-12-28,2020-12,52,2,tablet,<Other>,<Other>,<Other>,new_session,9,9,1,0,0,0,8,1,0,0,1,0,0,0,0,0.0,11.11,0.0,,,0.0,0.0,88.89,100.0,,,,0.0,
2020-12-28,2020-12,52,2,mobile,<Other>,<Other>,<Other>,returning_session,17,17,2,0,0,0,15,2,0,0,4,0,0,0,0,0.0,11.76,0.0,,,0.0,0.0,88.24,100.0,,,,0.0,
2020-12-28,2020-12,52,2,mobile,<Other>,organic,(organic),new_session,36,36,4,0,0,0,32,4,0,0,4,0,0,0,0,0.0,11.11,0.0,,,0.0,0.0,88.89,100.0,,,,0.0,
2020-12-28,2020-12,52,2,tablet,google,organic,(organic),new_session,26,26,3,0,0,0,23,3,0,0,4,0,0,0,0,0.0,11.54,0.0,,,0.0,0.0,88.46,100.0,,,,0.0,
2020-12-28,2020-12,52,2,tablet,shop.googlemerchandisestore.com,referral,(referral),returning_session,5,5,1,0,0,0,4,1,0,0,11,0,0,0,0,0.0,20.0,0.0,,,0.0,0.0,80.0,100.0,,,,0.0,
2020-12-28,2020-12,52,2,desktop,(data deleted),(data deleted),<Other>,returning_session,2,2,1,0,0,0,1,1,0,0,11,0,0,0,0,0.0,50.0,0.0,,,0.0,0.0,50.0,100.0,,,,0.0,
2020-12-28,2020-12,52,2,desktop,<Other>,organic,(organic),new_session,65,65,7,0,0,0,58,7,0,0,11,0,0,0,0,0.0,10.77,0.0,,,0.0,0.0,89.23,100.0,,,,0.0,
2020-12-28,2020-12,52,2,mobile,shop.googlemerchandisestore.com,referral,(referral),new_session,54,54,5,0,0,0,49,5,0,0,14,0,0,0,0,0.0,9.26,0.0,,,0.0,0.0,90.74,100.0,,,,0.0,
2020-12-28,2020-12,52,2,mobile,google,cpc,<Other>,new_session,52,52,6,2,0,0,46,4,2,0,22,5,0,0,0,0.0,11.54,33.33,0.0,,0.0,0.0,88.46,66.67,100.0,,,0.0,
2020-12-28,2020-12,52,2,mobile,<Other>,referral,(referral),returning_session,36,36,6,2,0,0,30,4,2,0,24,6,0,0,0,0.0,16.67,33.33,0.0,,0.0,0.0,83.33,66.67,100.0,,,0.0,
2020-12-28,2020-12,52,2,desktop,<Other>,<Other>,<Other>,returning_session,27,27,5,3,0,0,22,2,3,0,25,9,0,0,0,0.0,18.52,60.0,0.0,,0.0,0.0,81.48,40.0,100.0,,,0.0,
2020-12-28,2020-12,52,2,desktop,<Other>,referral,(referral),new_session,136,136,15,0,0,0,121,15,0,0,25,0,0,0,0,0.0,11.03,0.0,,,0.0,0.0,88.97,100.0,,,,0.0,
2020-12-28,2020-12,52,2,desktop,shop.googlemerchandisestore.com,referral,(referral),new_session,83,83,11,1,0,0,72,10,1,0,46,1,0,0,0,0.0,13.25,9.09,0.0,,0.0,0.0,86.75,90.91,100.0,,,0.0,
2020-12-28,2020-12,52,2,desktop,<Other>,referral,(referral),returning_session,45,45,10,3,0,0,35,7,3,0,49,13,0,0,0,0.0,22.22,30.0,0.0,,0.0,0.0,77.78,70.0,100.0,,,0.0,
2020-12-28,2020-12,52,2,mobile,<Other>,referral,(referral),new_session,104,104,23,5,0,0,81,18,5,0,57,14,0,0,0,0.0,22.12,21.74,0.0,,0.0,0.0,77.88,78.26,100.0,,,0.0,
2020-12-28,2020-12,52,2,desktop,shop.googlemerchandisestore.com,referral,(referral),returning_session,59,59,10,2,0,0,49,8,2,0,75,8,0,0,0,0.0,16.95,20.0,0.0,,0.0,0.0,83.05,80.0,100.0,,,0.0,
2020-12-28,2020-12,52,2,mobile,<Other>,organic,(organic),returning_session,6,6,1,1,1,0,5,0,0,1,6,4,6,0,0,0.0,16.67,100.0,100.0,0.0,0.0,0.0,83.33,0.0,0.0,100.0,,0.0,
2020-12-28,2020-12,52,2,desktop,google,cpc,<Other>,new_session,80,80,12,6,1,0,68,6,5,1,30,16,3,0,0,0.0,15.0,50.0,16.67,0.0,0.0,0.0,85.0,50.0,83.33,100.0,,0.0,
2020-12-28,2020-12,52,2,mobile,(direct),(none),(direct),new_session,226,226,28,5,2,0,198,23,3,2,84,18,12,0,0,0.0,12.39,17.86,40.0,0.0,0.0,0.0,87.61,82.14,60.0,100.0,,0.0,
2020-12-28,2020-12,52,2,desktop,(direct),(none),(direct),returning_session,94,94,14,8,7,3,80,6,3,4,142,25,51,4,3,312.0,14.89,57.14,87.5,42.86,3.19,21.43,85.11,42.86,37.5,57.14,104.0,3.32,104.0
2020-12-28,2020-12,52,2,desktop,google,organic,(organic),new_session,519,519,79,16,7,3,440,63,10,4,298,66,51,3,3,430.0,15.22,20.25,43.75,42.86,0.58,3.8,84.78,79.75,62.5,57.14,143.33,0.83,143.33
2020-12-28,2020-12,52,2,desktop,(direct),(none),(direct),new_session,384,384,64,19,6,4,320,45,13,2,411,142,30,5,5,221.0,16.67,29.69,31.58,66.67,1.04,6.25,83.33,70.31,68.42,33.33,55.25,0.58,44.2
2020-12-28,2020-12,52,2,desktop,google,organic,(organic),returning_session,87,87,22,11,5,4,65,11,6,1,104,44,27,4,4,277.0,25.29,50.0,45.45,80.0,4.6,18.18,74.71,50.0,54.55,20.0,69.25,3.18,69.25
2020-12-28,2020-12,52,2,desktop,google,cpc,<Other>,returning_session,13,13,3,0,1,1,10,3,0,0,5,0,6,1,1,22.0,23.08,0.0,,100.0,7.69,33.33,76.92,100.0,,0.0,22.0,1.69,22.0
2020-12-28,2020-12,52,2,tablet,(direct),(none),(direct),returning_session,4,4,1,1,1,1,3,0,0,0,15,7,3,1,1,30.0,25.0,100.0,100.0,100.0,25.0,100.0,75.0,0.0,0.0,0.0,30.0,7.5,30.0
2020-12-28,2020-12,52,2,desktop,<Other>,organic,(organic),returning_session,11,11,3,1,1,1,8,2,0,0,18,15,12,2,2,93.0,27.27,33.33,100.0,100.0,9.09,33.33,72.73,66.67,0.0,0.0,93.0,8.45,46.5
2020-12-28,2020-12,52,2,mobile,shop.googlemerchandisestore.com,referral,(referral),returning_session,41,41,7,5,3,3,34,2,2,0,67,31,18,3,3,142.0,17.07,71.43,60.0,100.0,7.32,42.86,82.93,28.57,40.0,0.0,47.33,3.46,47.33
2020-12-28,2020-12,52,2,mobile,(data deleted),(data deleted),(data deleted),returning_session,73,73,17,5,3,3,56,12,3,0,85,17,15,3,3,91.0,23.29,29.41,60.0,100.0,4.11,17.65,76.71,70.59,60.0,0.0,30.33,1.25,30.33
2020-12-28,2020-12,52,2,mobile,google,organic,(organic),returning_session,69,69,20,4,3,3,49,16,3,0,87,8,20,4,4,62.0,28.99,20.0,75.0,100.0,4.35,15.0,71.01,80.0,75.0,0.0,20.67,0.9,15.5
2020-12-28,2020-12,52,2,mobile,<Other>,<Other>,<Other>,new_session,165,165,25,3,1,1,140,22,2,0,105,11,12,1,1,24.0,15.15,12.0,33.33,100.0,0.61,4.0,84.85,88.0,66.67,0.0,24.0,0.15,24.0
2020-12-28,2020-12,52,2,mobile,(direct),(none),(direct),returning_session,70,70,12,2,1,1,58,10,1,0,106,76,6,1,1,166.0,17.14,16.67,50.0,100.0,1.43,8.33,82.86,83.33,50.0,0.0,166.0,2.37,166.0
2020-12-28,2020-12,52,2,desktop,(data deleted),(data deleted),(data deleted),returning_session,84,84,19,7,3,3,65,12,4,0,127,41,15,3,3,171.0,22.62,36.84,42.86,100.0,3.57,15.79,77.38,63.16,57.14,0.0,57.0,2.04,57.0
2020-12-28,2020-12,52,2,desktop,<Other>,<Other>,<Other>,new_session,274,274,36,5,1,1,238,31,4,0,175,21,6,1,1,44.0,13.14,13.89,20.0,100.0,0.36,2.78,86.86,86.11,80.0,0.0,44.0,0.16,44.0
2020-12-28,2020-12,52,2,mobile,google,organic,(organic),new_session,358,358,64,11,1,1,294,53,11,0,387,32,12,1,1,62.0,17.88,17.19,9.09,100.0,0.28,1.56,82.12,82.81,100.0,0.0,62.0,0.17,62.0
2020-12-12,2020-12,49,7,desktop,(data deleted),(data deleted),(data deleted),new_session,3,2,0,0,0,0,2,0,0,0,0,0,0,0,0,0.0,0.0,,,,0.0,,100.0,,,,,0.0,
2020-12-12,2020-12,49,7,tablet,<Other>,<Other>,<Other>,returning_session,3,3,0,0,0,0,3,0,0,0,0,0,0,0,0,0.0,0.0,,,,0.0,,100.0,,,,,0.0,
2020-12-12,2020-12,49,7,tablet,shop.googlemerchandisestore.com,referral,(referral),returning_session,1,1,0,0,0,0,1,0,0,0,0,0,0,0,0,0.0,0.0,,,,0.0,,100.0,,,,,0.0,
2020-12-12,2020-12,49,7,tablet,<Other>,referral,(referral),returning_session,3,3,0,0,0,0,3,0,0,0,0,0,0,0,0,0.0,0.0,,,,0.0,,100.0,,,,,0.0,
2020-12-12,2020-12,49,7,tablet,google,cpc,<Other>,new_session,4,4,0,0,0,0,4,0,0,0,0,0,0,0,0,0.0,0.0,,,,0.0,,100.0,,,,,0.0,
2020-12-12,2020-12,49,7,tablet,<Other>,referral,(referral),new_session,4,4,0,0,0,0,4,0,0,0,0,0,0,0,0,0.0,0.0,,,,0.0,,100.0,,,,,0.0,
2020-12-12,2020-12,49,7,mobile,(data deleted),(data deleted),(data deleted),new_session,1,1,0,0,0,0,1,0,0,0,0,0,0,0,0,0.0,0.0,,,,0.0,,100.0,,,,,0.0,
2020-12-12,2020-12,49,7,tablet,shop.googlemerchandisestore.com,referral,(referral),new_session,8,8,2,0,0,0,6,2,0,0,2,0,0,0,0,0.0,25.0,0.0,,,0.0,0.0,75.0,100.0,,,,0.0,
2020-12-12,2020-12,49,7,tablet,google,organic,(organic),new_session,32,32,4,0,0,0,28,4,0,0,5,0,0,0,0,0.0,12.5,0.0,,,0.0,0.0,87.5,100.0,,,,0.0,
2020-12-12,2020-12,49,7,mobile,<Other>,<Other>,<Other>,returning_session,20,20,2,0,0,0,18,2,0,0,8,0,0,0,0,0.0,10.0,0.0,,,0.0,0.0,90.0,100.0,,,,0.0,
2020-12-12,2020-12,49,7,tablet,<Other>,<Other>,<Other>,new_session,8,8,2,0,0,0,6,2,0,0,3,0,0,0,0,0.0,25.0,0.0,,,0.0,0.0,75.0,100.0,,,,0.0,
2020-12-12,2020-12,49,7,tablet,(direct),(none),(direct),returning_session,4,4,1,0,0,0,3,1,0,0,1,0,0,0,0,0.0,25.0,0.0,,,0.0,0.0,75.0,100.0,,,,0.0,
2020-12-12,2020-12,49,7,mobile,<Other>,(data deleted),(data deleted),returning_session,1,1,1,0,0,0,0,1,0,0,8,0,0,0,0,0.0,100.0,0.0,,,0.0,0.0,0.0,100.0,,,,0.0,
2020-12-12,2020-12,49,7,desktop,google,cpc,<Other>,returning_session,4,4,1,1,0,0,3,0,1,0,2,1,0,0,0,0.0,25.0,100.0,0.0,,0.0,0.0,75.0,0.0,100.0,,,0.0,
2020-12-12,2020-12,49,7,tablet,(direct),(none),(direct),new_session,11,11,1,0,0,0,10,1,0,0,1,0,0,0,0,0.0,9.09,0.0,,,0.0,0.0,90.91,100.0,,,,0.0,
2020-12-12,2020-12,49,7,desktop,<Other>,organic,(organic),returning_session,12,12,2,0,0,0,10,2,0,0,3,0,0,0,0,0.0,16.67,0.0,,,0.0,0.0,83.33,100.0,,,,0.0,
2020-12-12,2020-12,49,7,desktop,(data deleted),(data deleted),<Other>,returning_session,3,3,1,1,0,0,2,0,1,0,3,3,0,0,0,0.0,33.33,100.0,0.0,,0.0,0.0,66.67,0.0,100.0,,,0.0,
2020-12-12,2020-12,49,7,tablet,(data deleted),(data deleted),(data deleted),returning_session,3,3,1,0,0,0,2,1,0,0,2,0,0,0,0,0.0,33.33,0.0,,,0.0,0.0,66.67,100.0,,,,0.0,
2020-12-12,2020-12,49,7,mobile,<Other>,referral,(referral),returning_session,32,32,14,5,1,1,18,9,4,0,119,26,8,1,1,112.0,43.75,35.71,20.0,100.0,3.13,7.14,56.25,64.29,80.0,0.0,112.0,3.5,112.0
2020-12-12,2020-12,49,7,desktop,google,cpc,<Other>,new_session,101,101,13,4,1,1,88,9,3,0,44,31,4,1,1,50.0,12.87,30.77,25.0,100.0,0.99,7.69,87.13,69.23,75.0,0.0,50.0,0.5,50.0
2020-12-12,2020-12,49,7,desktop,<Other>,<Other>,<Other>,returning_session,39,39,9,3,1,1,30,6,2,0,53,20,4,1,1,67.0,23.08,33.33,33.33,100.0,2.56,11.11,76.92,66.67,66.67,0.0,67.0,1.72,67.0
2020-12-12,2020-12,49,7,mobile,shop.googlemerchandisestore.com,referral,(referral),returning_session,57,57,16,5,3,3,41,11,4,0,80,20,12,3,3,171.0,28.07,31.25,60.0,100.0,5.26,18.75,71.93,68.75,80.0,0.0,57.0,3.0,57.0
2020-12-12,2020-12,49,7,desktop,<Other>,referral,(referral),returning_session,74,74,19,3,4,4,55,16,0,0,107,16,28,5,5,225.0,25.68,15.79,133.33,100.0,5.41,21.05,74.32,84.21,0.0,0.0,56.25,3.04,45.0
2020-12-12,2020-12,49,7,mobile,<Other>,organic,(organic),returning_session,7,7,3,1,1,1,4,2,0,0,6,2,4,1,1,16.0,42.86,33.33,100.0,100.0,14.29,33.33,57.14,66.67,0.0,0.0,16.0,2.29,16.0
2020-12-12,2020-12,49,7,tablet,google,organic,(organic),returning_session,8,8,3,1,1,1,5,2,0,0,24,14,2,1,1,0.0,37.5,33.33,100.0,100.0,12.5,33.33,62.5,66.67,0.0,0.0,0.0,0.0,0.0
2020-12-12,2020-12,49,7,desktop,<Other>,(data deleted),(data deleted),returning_session,2,2,1,1,1,1,1,0,0,0,12,10,2,1,1,88.0,50.0,100.0,100.0,100.0,50.0,100.0,50.0,0.0,0.0,0.0,88.0,44.0,88.0
2020-12-12,2020-12,49,7,mobile,(data deleted),(data deleted),<Other>,returning_session,3,3,1,1,1,1,2,0,0,0,2,1,6,1,1,6.0,33.33,100.0,100.0,100.0,33.33,100.0,66.67,0.0,0.0,0.0,6.0,2.0,6.0
2020-12-12,2020-12,49,7,mobile,(data deleted),(data deleted),(data deleted),returning_session,68,68,14,5,5,4,54,9,1,1,123,25,20,5,5,326.0,20.59,35.71,100.0,80.0,5.88,28.57,79.41,64.29,20.0,20.0,81.5,4.79,65.2
2020-12-12,2020-12,49,7,desktop,(data deleted),(data deleted),(data deleted),returning_session,125,125,37,16,15,12,88,21,6,3,238,62,62,15,15,818.0,29.6,43.24,93.75,80.0,9.6,32.43,70.4,56.76,37.5,20.0,68.17,6.54,54.53
2020-12-12,2020-12,49,7,desktop,(direct),(none),(direct),returning_session,119,119,43,18,14,10,76,25,11,4,356,101,63,10,10,558.0,36.13,41.86,77.78,71.43,8.4,23.26,63.87,58.14,61.11,28.57,55.8,4.69,55.8
2020-12-12,2020-12,49,7,desktop,google,organic,(organic),returning_session,114,114,35,15,16,10,79,20,4,6,284,62,48,10,10,697.0,30.7,42.86,106.67,62.5,8.77,28.57,69.3,57.14,26.67,37.5,69.7,6.11,69.7
2020-12-12,2020-12,49,7,mobile,(direct),(none),(direct),returning_session,86,85,25,12,7,4,60,13,6,3,337,92,22,4,4,334.0,29.41,48.0,58.33,57.14,4.65,16.0,70.59,52.0,50.0,42.86,83.5,3.88,83.5
2020-12-12,2020-12,49,7,desktop,shop.googlemerchandisestore.com,referral,(referral),new_session,99,99,17,4,2,1,82,13,2,1,110,8,6,1,1,127.0,17.17,23.53,50.0,50.0,1.01,5.88,82.83,76.47,50.0,50.0,127.0,1.28,127.0
2020-12-12,2020-12,49,7,desktop,<Other>,organic,(organic),new_session,70,70,16,6,2,1,54,10,4,1,71,13,4,1,1,90.0,22.86,37.5,33.33,50.0,1.43,6.25,77.14,62.5,66.67,50.0,90.0,1.29,90.0
2020-12-12,2020-12,49,7,desktop,shop.googlemerchandisestore.com,referral,(referral),returning_session,98,98,29,11,6,3,69,18,6,3,127,44,20,3,3,216.0,29.59,37.93,54.55,50.0,3.06,10.34,70.41,62.07,54.55,50.0,72.0,2.2,72.0
2020-12-12,2020-12,49,7,mobile,google,organic,(organic),returning_session,84,84,22,12,6,3,62,10,6,3,99,32,20,3,3,197.0,26.19,54.55,50.0,50.0,3.57,13.64,73.81,45.45,50.0,50.0,65.67,2.35,65.67
2020-12-12,2020-12,49,7,mobile,<Other>,organic,(organic),new_session,34,34,3,2,2,1,31,1,0,1,9,2,10,1,1,10.0,8.82,66.67,100.0,50.0,2.94,33.33,91.18,33.33,0.0,50.0,10.0,0.29,10.0
2020-12-12,2020-12,49,7,desktop,<Other>,<Other>,<Other>,new_session,344,344,56,14,11,5,288,42,5,6,386,82,48,5,5,182.0,16.28,25.0,78.57,45.45,1.45,8.93,83.72,75.0,35.71,54.55,36.4,0.53,36.4
2020-12-12,2020-12,49,7,desktop,google,organic,(organic),new_session,620,620,114,38,18,8,506,76,22,10,569,182,47,8,8,258.0,18.39,33.33,47.37,44.44,1.29,7.02,81.61,66.67,57.89,55.56,32.25,0.42,32.25
2020-12-12,2020-12,49,7,desktop,(direct),(none),(direct),new_session,443,443,99,38,21,9,344,61,20,12,690,195,64,9,9,802.0,22.35,38.38,55.26,42.86,2.03,9.09,77.65,61.62,52.63,57.14,89.11,1.81,89.11
2020-12-12,2020-12,49,7,mobile,<Other>,<Other>,<Other>,new_session,242,241,41,16,10,4,200,25,6,6,360,93,24,4,4,318.0,17.01,39.02,62.5,40.0,1.65,9.76,82.99,60.98,37.5,60.0,79.5,1.31,79.5
2020-12-12,2020-12,49,7,mobile,google,organic,(organic),new_session,426,426,80,22,9,3,346,58,14,6,342,70,26,4,4,168.0,18.78,27.5,40.91,33.33,0.7,3.75,81.22,72.5,63.64,66.67,56.0,0.39,42.0
2020-12-12,2020-12,49,7,mobile,(direct),(none),(direct),new_session,267,267,62,23,12,4,205,39,11,8,353,45,27,4,4,88.0,23.22,37.1,52.17,33.33,1.5,6.45,76.78,62.9,47.83,66.67,22.0,0.33,22.0
2020-12-12,2020-12,49,7,mobile,shop.googlemerchandisestore.com,referral,(referral),new_session,55,55,12,4,3,1,43,8,1,2,70,29,12,1,1,62.0,21.82,33.33,75.0,33.33,1.82,8.33,78.18,66.67,25.0,66.67,62.0,1.13,62.0
2020-12-12,2020-12,49,7,mobile,google,cpc,<Other>,new_session,82,82,19,9,4,1,63,10,5,3,115,38,12,1,1,14.0,23.17,47.37,44.44,25.0,1.22,5.26,76.83,52.63,55.56,75.0,14.0,0.17,14.0
2020-12-12,2020-12,49,7,mobile,<Other>,referral,(referral),new_session,120,120,21,9,5,1,99,12,5,4,225,25,10,1,1,99.0,17.5,42.86,55.56,20.0,0.83,4.76,82.5,57.14,55.56,80.0,99.0,0.82,99.0
2020-12-12,2020-12,49,7,desktop,<Other>,referral,(referral),new_session,187,187,35,10,8,1,152,25,3,7,326,49,24,2,2,185.0,18.72,28.57,80.0,12.5,0.53,2.86,81.28,71.43,30.0,87.5,185.0,0.99,92.5
2020-12-12,2020-12,49,7,mobile,google,cpc,<Other>,returning_session,4,4,3,3,2,0,1,0,1,2,39,6,8,0,0,0.0,75.0,100.0,66.67,0.0,0.0,0.0,25.0,0.0,33.33,100.0,,0.0,
2020-12-26,2020-12,51,7,tablet,<Other>,referral,(referral),returning_session,1,1,0,0,0,0,1,0,0,0,0,0,0,0,0,0.0,0.0,,,,0.0,,100.0,,,,,0.0,
2020-12-26,2020-12,51,7,tablet,<Other>,<Other>,<Other>,new_session,10,10,0,0,0,0,10,0,0,0,0,0,0,0,0,0.0,0.0,,,,0.0,,100.0,,,,,0.0,
2020-12-26,2020-12,51,7,desktop,google,cpc,<Other>,returning_session,2,2,0,0,0,0,2,0,0,0,0,0,0,0,0,0.0,0.0,,,,0.0,,100.0,,,,,0.0,
2020-12-26,2020-12,51,7,mobile,<Other>,(data deleted),(data deleted),returning_session,1,1,0,0,0,0,1,0,0,0,0,0,0,0,0,0.0,0.0,,,,0.0,,100.0,,,,,0.0,
2020-12-26,2020-12,51,7,mobile,<Other>,<Other>,<Other>,returning_session,10,10,0,0,0,0,10,0,0,0,0,0,0,0,0,0.0,0.0,,,,0.0,,100.0,,,,,0.0,
2020-12-26,2020-12,51,7,tablet,google,cpc,<Other>,new_session,1,1,0,0,0,0,1,0,0,0,0,0,0,0,0,0.0,0.0,,,,0.0,,100.0,,,,,0.0,
2020-12-26,2020-12,51,7,tablet,shop.googlemerchandisestore.com,referral,(referral),returning_session,1,1,0,0,0,0,1,0,0,0,0,0,0,0,0,0.0,0.0,,,,0.0,,100.0,,,,,0.0,
2020-12-26,2020-12,51,7,desktop,<Other>,(data deleted),(data deleted),returning_session,1,1,0,0,0,0,1,0,0,0,0,0,0,0,0,0.0,0.0,,,,0.0,,100.0,,,,,0.0,
2020-12-26,2020-12,51,7,desktop,(data deleted),(data deleted),<Other>,returning_session,2,2,0,0,0,0,2,0,0,0,0,0,0,0,0,0.0,0.0,,,,0.0,,100.0,,,,,0.0,
2020-12-26,2020-12,51,7,tablet,<Other>,referral,(referral),new_session,5,5,0,0,0,0,5,0,0,0,0,0,0,0,0,0.0,0.0,,,,0.0,,100.0,,,,,0.0,
2020-12-26,2020-12,51,7,tablet,(direct),(none),(direct),returning_session,2,2,0,0,0,0,2,0,0,0,0,0,0,0,0,0.0,0.0,,,,0.0,,100.0,,,,,0.0,
2020-12-26,2020-12,51,7,mobile,google,cpc,<Other>,returning_session,4,4,0,0,0,0,4,0,0,0,0,0,0,0,0,0.0,0.0,,,,0.0,,100.0,,,,,0.0,
2020-12-26,2020-12,51,7,mobile,<Other>,organic,(organic),returning_session,2,2,0,0,0,0,2,0,0,0,0,0,0,0,0,0.0,0.0,,,,0.0,,100.0,,,,,0.0,
2020-12-26,2020-12,51,7,tablet,(data deleted),(data deleted),(data deleted),new_session,1,0,0,0,0,0,0,0,0,0,0,0,0,0,0,0.0,,,,,0.0,,,,,,,0.0,
2020-12-26,2020-12,51,7,tablet,<Other>,organic,(organic),new_session,1,1,0,0,0,0,1,0,0,0,0,0,0,0,0,0.0,0.0,,,,0.0,,100.0,,,,,0.0,
2020-12-26,2020-12,51,7,tablet,shop.googlemerchandisestore.com,referral,(referral),new_session,3,3,0,0,0,0,3,0,0,0,0,0,0,0,0,0.0,0.0,,,,0.0,,100.0,,,,,0.0,
2020-12-26,2020-12,51,7,desktop,<Other>,organic,(organic),returning_session,2,2,0,0,0,0,2,0,0,0,0,0,0,0,0,0.0,0.0,,,,0.0,,100.0,,,,,0.0,
2020-12-26,2020-12,51,7,tablet,(direct),(none),(direct),new_session,13,13,2,0,0,0,11,2,0,0,6,0,0,0,0,0.0,15.38,0.0,,,0.0,0.0,84.62,100.0,,,,0.0,
2020-12-26,2020-12,51,7,desktop,<Other>,<Other>,<Other>,returning_session,13,13,5,1,0,0,8,4,1,0,93,14,0,0,0,0.0,38.46,20.0,0.0,,0.0,0.0,61.54,80.0,100.0,,,0.0,
2020-12-26,2020-12,51,7,desktop,shop.googlemerchandisestore.com,referral,(referral),new_session,58,58,7,0,0,0,51,7,0,0,10,0,0,0,0,0.0,12.07,0.0,,,0.0,0.0,87.93,100.0,,,,0.0,
2020-12-26,2020-12,51,7,desktop,google,cpc,<Other>,new_session,75,75,8,3,0,0,67,5,3,0,18,7,0,0,0,0.0,10.67,37.5,0.0,,0.0,0.0,89.33,62.5,100.0,,,0.0,
2020-12-26,2020-12,51,7,mobile,google,cpc,<Other>,new_session,44,44,2,0,0,0,42,2,0,0,3,0,0,0,0,0.0,4.55,0.0,,,0.0,0.0,95.45,100.0,,,,0.0,
2020-12-26,2020-12,51,7,mobile,<Other>,organic,(organic),new_session,33,33,3,0,0,0,30,3,0,0,5,0,0,0,0,0.0,9.09,0.0,,,0.0,0.0,90.91,100.0,,,,0.0,
2020-12-26,2020-12,51,7,tablet,(data deleted),(data deleted),(data deleted),returning_session,1,1,1,0,0,0,0,1,0,0,2,0,0,0,0,0.0,100.0,0.0,,,0.0,0.0,0.0,100.0,,,,0.0,
2020-12-26,2020-12,51,7,desktop,(data deleted),(data deleted),(data deleted),returning_session,61,61,12,2,0,0,49,10,2,0,72,12,0,0,0,0.0,19.67,16.67,0.0,,0.0,0.0,80.33,83.33,100.0,,,0.0,
2020-12-26,2020-12,51,7,tablet,google,organic,(organic),new_session,15,15,3,0,0,0,12,3,0,0,11,0,0,0,0,0.0,20.0,0.0,,,0.0,0.0,80.0,100.0,,,,0.0,
2020-12-26,2020-12,51,7,mobile,<Other>,referral,(referral),new_session,76,76,9,1,0,0,67,8,1,0,24,3,0,0,0,0.0,11.84,11.11,0.0,,0.0,0.0,88.16,88.89,100.0,,,0.0,
2020-12-26,2020-12,51,7,desktop,<Other>,referral,(referral),new_session,122,122,24,4,0,0,98,20,4,0,48,5,0,0,0,0.0,19.67,16.67,0.0,,0.0,0.0,80.33,83.33,100.0,,,0.0,
2020-12-26,2020-12,51,7,tablet,google,organic,(organic),returning_session,2,2,1,0,0,0,1,1,0,0,1,0,0,0,0,0.0,50.0,0.0,,,0.0,0.0,50.0,100.0,,,,0.0,
2020-12-26,2020-12,51,7,desktop,(data deleted),(data deleted),(data deleted),new_session,3,3,1,0,0,0,2,1,0,0,7,0,0,0,0,0.0,33.33,0.0,,,0.0,0.0,66.67,100.0,,,,0.0,
2020-12-26,2020-12,51,7,desktop,google,organic,(organic),returning_session,60,60,13,3,0,0,47,10,3,0,78,6,0,0,0,0.0,21.67,23.08,0.0,,0.0,0.0,78.33,76.92,100.0,,,0.0,
2020-12-26,2020-12,51,7,mobile,<Other>,referral,(referral),returning_session,16,16,4,0,1,0,12,4,0,1,28,0,6,0,0,0.0,25.0,0.0,,0.0,0.0,0.0,75.0,100.0,,100.0,,0.0,
2020-12-26,2020-12,51,7,desktop,<Other>,<Other>,<Other>,new_session,227,227,31,9,1,0,196,22,8,1,159,50,3,0,0,0.0,13.66,29.03,11.11,0.0,0.0,0.0,86.34,70.97,88.89,100.0,,0.0,
2020-12-26,2020-12,51,7,mobile,shop.googlemerchandisestore.com,referral,(referral),new_session,46,45,10,2,1,0,35,8,2,1,32,7,3,0,0,0.0,22.22,20.0,50.0,0.0,0.0,0.0,77.78,80.0,100.0,100.0,,0.0,
2020-12-26,2020-12,51,7,desktop,shop.googlemerchandisestore.com,referral,(referral),returning_session,38,38,5,1,1,0,33,4,1,1,17,6,3,0,0,0.0,13.16,20.0,100.0,0.0,0.0,0.0,86.84,80.0,100.0,100.0,,0.0,
2020-12-26,2020-12,51,7,desktop,(direct),(none),(direct),returning_session,61,61,11,2,1,0,50,9,1,1,28,3,6,0,0,0.0,18.03,18.18,50.0,0.0,0.0,0.0,81.97,81.82,50.0,100.0,,0.0,
2020-12-26,2020-12,51,7,desktop,(direct),(none),(direct),new_session,306,306,49,9,1,1,257,40,8,0,156,24,9,1,1,21.0,16.01,18.37,11.11,100.0,0.33,2.04,83.99,81.63,88.89,0.0,21.0,0.07,21.0
2020-12-26,2020-12,51,7,mobile,(direct),(none),(direct),new_session,218,218,29,4,1,1,189,25,3,0,82,13,12,1,1,30.0,13.3,13.79,25.0,100.0,0.46,3.45,86.7,86.21,75.0,0.0,30.0,0.14,30.0
2020-12-26,2020-12,51,7,mobile,<Other>,<Other>,<Other>,new_session,166,166,22,3,1,1,144,19,3,0,92,10,3,1,1,120.0,13.25,13.64,33.33,100.0,0.6,4.55,86.75,86.36,100.0,0.0,120.0,0.72,120.0
2020-12-26,2020-12,51,7,mobile,(direct),(none),(direct),returning_session,47,47,12,3,1,1,35,9,2,0,85,6,18,1,1,39.0,25.53,25.0,33.33,100.0,2.13,8.33,74.47,75.0,66.67,0.0,39.0,0.83,39.0
2020-12-26,2020-12,51,7,desktop,<Other>,organic,(organic),new_session,37,37,6,1,1,1,31,5,0,0,50,8,6,1,1,67.0,16.22,16.67,100.0,100.0,2.7,16.67,83.78,83.33,0.0,0.0,67.0,1.81,67.0
2020-12-26,2020-12,51,7,desktop,<Other>,referral,(referral),returning_session,16,16,4,1,1,1,12,3,0,0,58,43,11,1,1,0.0,25.0,25.0,100.0,100.0,6.25,25.0,75.0,75.0,0.0,0.0,0.0,0.0,0.0
2020-12-26,2020-12,51,7,desktop,google,organic,(organic),new_session,470,470,64,11,2,2,406,53,9,0,230,37,9,2,2,178.0,13.62,17.19,18.18,100.0,0.43,3.13,86.38,82.81,81.82,0.0,89.0,0.38,89.0
2020-12-26,2020-12,51,7,mobile,google,organic,(organic),new_session,302,302,42,6,2,2,260,36,5,0,116,19,12,2,2,52.0,13.91,14.29,33.33,100.0,0.66,4.76,86.09,85.71,83.33,0.0,26.0,0.17,26.0
2020-12-26,2020-12,51,7,mobile,shop.googlemerchandisestore.com,referral,(referral),returning_session,27,27,8,3,2,2,19,5,1,0,68,35,6,3,2,167.0,29.63,37.5,66.67,100.0,7.41,25.0,70.37,62.5,33.33,0.0,83.5,6.19,83.5
2020-12-26,2020-12,51,7,mobile,(data deleted),(data deleted),(data deleted),returning_session,32,32,8,3,3,2,24,5,3,1,28,7,15,2,2,25.0,25.0,37.5,100.0,66.67,6.25,25.0,75.0,62.5,100.0,33.33,12.5,0.78,12.5
2020-12-26,2020-12,51,7,mobile,google,organic,(organic),returning_session,42,42,13,3,5,2,29,10,0,3,128,23,21,2,2,35.0,30.95,23.08,166.67,40.0,4.76,15.38,69.05,76.92,0.0,60.0,17.5,0.83,17.5
2021-01-29,2021-01,4,6,tablet,(data deleted),(data deleted),(data deleted),new_session,1,1,1,0,0,0,0,1,0,0,4,0,0,0,0,0.0,100.0,0.0,,,0.0,0.0,0.0,100.0,,,,0.0,
2021-01-29,2021-01,4,6,desktop,<Other>,organic,(organic),returning_session,7,7,2,0,0,0,5,2,0,0,3,0,0,0,0,0.0,28.57,0.0,,,0.0,0.0,71.43,100.0,,,,0.0,
2021-01-29,2021-01,4,6,tablet,<Other>,referral,(referral),new_session,5,5,2,0,0,0,3,2,0,0,3,0,0,0,0,0.0,40.0,0.0,,,0.0,0.0,60.0,100.0,,,,0.0,
2021-01-29,2021-01,4,6,mobile,(data deleted),(data deleted),<Other>,returning_session,1,1,0,0,0,0,1,0,0,0,0,0,0,0,0,0.0,0.0,,,,0.0,,100.0,,,,,0.0,
2021-01-29,2021-01,4,6,tablet,google,organic,(organic),returning_session,7,7,4,0,0,0,3,4,0,0,13,0,0,0,0,0.0,57.14,0.0,,,0.0,0.0,42.86,100.0,,,,0.0,
2021-01-29,2021-01,4,6,desktop,(data deleted),(data deleted),(data deleted),new_session,3,3,1,1,0,0,2,0,1,0,3,1,0,0,0,0.0,33.33,100.0,0.0,,0.0,0.0,66.67,0.0,100.0,,,0.0,
2021-01-29,2021-01,4,6,tablet,(data deleted),(data deleted),(data deleted),returning_session,6,6,0,0,0,0,6,0,0,0,0,0,0,0,0,0.0,0.0,,,,0.0,,100.0,,,,,0.0,
2021-01-29,2021-01,4,6,tablet,shop.googlemerchandisestore.com,referral,(referral),new_session,1,1,1,0,0,0,0,1,0,0,3,0,0,0,0,0.0,100.0,0.0,,,0.0,0.0,0.0,100.0,,,,0.0,
2021-01-29,2021-01,4,6,tablet,(direct),(none),(direct),returning_session,3,3,0,0,0,0,3,0,0,0,0,0,0,0,0,0.0,0.0,,,,0.0,,100.0,,,,,0.0,
2021-01-29,2021-01,4,6,mobile,<Other>,organic,(organic),new_session,52,52,14,4,0,0,38,10,4,0,47,10,0,0,0,0.0,26.92,28.57,0.0,,0.0,0.0,73.08,71.43,100.0,,,0.0,
2021-01-29,2021-01,4,6,desktop,(data deleted),(data deleted),<Other>,returning_session,3,3,1,0,0,0,2,1,0,0,2,0,0,0,0,0.0,33.33,0.0,,,0.0,0.0,66.67,100.0,,,,0.0,
2021-01-29,2021-01,4,6,mobile,(data deleted),(data deleted),(data deleted),new_session,2,2,1,1,0,0,1,0,1,0,2,1,0,0,0,0.0,50.0,100.0,0.0,,0.0,0.0,50.0,0.0,100.0,,,0.0,
2021-01-29,2021-01,4,6,tablet,<Other>,organic,(organic),new_session,1,1,0,0,0,0,1,0,0,0,0,0,0,0,0,0.0,0.0,,,,0.0,,100.0,,,,,0.0,
2021-01-29,2021-01,4,6,tablet,<Other>,<Other>,<Other>,new_session,10,10,3,0,0,0,7,3,0,0,7,0,0,0,0,0.0,30.0,0.0,,,0.0,0.0,70.0,100.0,,,,0.0,
2021-01-29,2021-01,4,6,tablet,<Other>,referral,(referral),returning_session,2,2,0,0,0,0,2,0,0,0,0,0,0,0,0,0.0,0.0,,,,0.0,,100.0,,,,,0.0,
2021-01-29,2021-01,4,6,desktop,<Other>,(data deleted),(data deleted),returning_session,2,2,0,0,0,0,2,0,0,0,0,0,0,0,0,0.0,0.0,,,,0.0,,100.0,,,,,0.0,
2021-01-29,2021-01,4,6,mobile,google,cpc,<Other>,new_session,43,43,10,2,0,0,33,8,2,0,39,3,0,0,0,0.0,23.26,20.0,0.0,,0.0,0.0,76.74,80.0,100.0,,,0.0,
2021-01-29,2021-01,4,6,tablet,shop.googlemerchandisestore.com,referral,(referral),returning_session,3,3,2,0,0,0,1,2,0,0,7,0,0,0,0,0.0,66.67,0.0,,,0.0,0.0,33.33,100.0,,,,0.0,
2021-01-29,2021-01,4,6,mobile,<Other>,organic,(organic),returning_session,8,8,1,0,0,0,7,1,0,0,1,0,0,0,0,0.0,12.5,0.0,,,0.0,0.0,87.5,100.0,,,,0.0,
2021-01-29,2021-01,4,6,desktop,(data deleted),(data deleted),(data deleted),returning_session,137,137,34,7,3,0,103,27,6,3,91,10,10,0,0,0.0,24.82,20.59,42.86,0.0,0.0,0.0,75.18,79.41,85.71,100.0,,0.0,
2021-01-29,2021-01,4,6,desktop,google,cpc,<Other>,returning_session,14,14,6,2,1,0,8,4,1,1,17,3,2,0,0,0.0,42.86,33.33,50.0,0.0,0.0,0.0,57.14,66.67,50.0,100.0,,0.0,
2021-01-29,2021-01,4,6,mobile,<Other>,referral,(referral),new_session,90,90,21,1,1,0,69,20,1,1,86,2,6,0,0,0.0,23.33,4.76,100.0,0.0,0.0,0.0,76.67,95.24,100.0,100.0,,0.0,
2021-01-29,2021-01,4,6,desktop,<Other>,<Other>,<Other>,returning_session,36,36,10,5,2,0,26,5,3,2,28,7,14,0,0,0.0,27.78,50.0,40.0,0.0,0.0,0.0,72.22,50.0,60.0,100.0,,0.0,
2021-01-29,2021-01,4,6,mobile,google,cpc,<Other>,returning_session,6,6,2,1,1,0,4,1,1,1,5,3,3,0,0,0.0,33.33,50.0,100.0,0.0,0.0,0.0,66.67,50.0,100.0,100.0,,0.0,
2021-01-29,2021-01,4,6,mobile,shop.googlemerchandisestore.com,referral,(referral),new_session,56,56,11,0,1,0,45,11,0,1,19,0,2,0,0,0.0,19.64,0.0,,0.0,0.0,0.0,80.36,100.0,,100.0,,0.0,
2021-01-29,2021-01,4,6,desktop,<Other>,organic,(organic),new_session,57,57,11,3,1,0,46,8,3,1,43,6,6,0,0,0.0,19.3,27.27,33.33,0.0,0.0,0.0,80.7,72.73,100.0,100.0,,0.0,
2021-01-29,2021-01,4,6,desktop,google,cpc,<Other>,new_session,91,91,24,4,1,0,67,20,3,1,80,9,4,0,0,0.0,26.37,16.67,25.0,0.0,0.0,0.0,73.63,83.33,75.0,100.0,,0.0,
2021-01-29,2021-01,4,6,mobile,<Other>,<Other>,<Other>,returning_session,17,17,4,1,1,0,13,3,0,1,8,1,24,0,0,0.0,23.53,25.0,100.0,0.0,0.0,0.0,76.47,75.0,0.0,100.0,,0.0,
2021-01-29,2021-01,4,6,desktop,<Other>,<Other>,<Other>,new_session,254,254,48,5,4,1,206,43,4,3,106,7,13,1,1,0.0,18.9,10.42,80.0,25.0,0.39,2.08,81.1,89.58,80.0,75.0,0.0,0.0,0.0
2021-01-29,2021-01,4,6,mobile,(direct),(none),(direct),new_session,253,253,42,10,4,1,211,32,6,3,213,45,11,1,1,0.0,16.6,23.81,40.0,25.0,0.4,2.38,83.4,76.19,60.0,75.0,0.0,0.0,0.0
2021-01-29,2021-01,4,6,mobile,<Other>,referral,(referral),returning_session,56,56,11,1,2,1,45,10,1,1,54,1,4,1,1,0.0,19.64,9.09,200.0,50.0,1.79,9.09,80.36,90.91,100.0,50.0,0.0,0.0,0.0
2021-01-29,2021-01,4,6,tablet,(direct),(none),(direct),new_session,18,18,5,1,2,1,13,4,0,1,21,4,4,1,1,0.0,27.78,20.0,200.0,50.0,5.56,20.0,72.22,80.0,0.0,50.0,0.0,0.0,0.0
2021-01-29,2021-01,4,6,mobile,google,organic,(organic),returning_session,80,80,16,2,2,1,64,14,1,1,75,10,10,1,1,30.0,20.0,12.5,100.0,50.0,1.25,6.25,80.0,87.5,50.0,50.0,30.0,0.38,30.0
2021-01-29,2021-01,4,6,desktop,<Other>,referral,(referral),new_session,147,147,27,4,2,1,120,23,2,1,94,12,9,1,1,48.0,18.37,14.81,50.0,50.0,0.68,3.7,81.63,85.19,50.0,50.0,48.0,0.33,48.0
2021-01-29,2021-01,4,6,tablet,google,organic,(organic),new_session,28,28,7,0,1,1,21,7,0,0,17,0,6,1,1,0.0,25.0,0.0,,100.0,3.57,14.29,75.0,100.0,,0.0,0.0,0.0,0.0
2021-01-29,2021-01,4,6,tablet,google,cpc,<Other>,new_session,3,3,2,1,1,1,1,1,0,0,3,2,2,1,1,0.0,66.67,50.0,100.0,100.0,33.33,50.0,33.33,50.0,0.0,0.0,0.0,0.0,0.0
2021-01-29,2021-01,4,6,mobile,shop.googlemerchandisestore.com,referral,(referral),returning_session,58,58,16,6,3,2,42,10,3,1,81,31,12,2,2,0.0,27.59,37.5,50.0,66.67,3.45,12.5,72.41,62.5,50.0,33.33,0.0,0.0,0.0
2021-01-29,2021-01,4,6,desktop,shop.googlemerchandisestore.com,referral,(referral),new_session,90,90,18,3,2,2,72,15,1,0,48,10,4,2,2,0.0,20.0,16.67,66.67,100.0,2.22,11.11,80.0,83.33,33.33,0.0,0.0,0.0,0.0
2021-01-29,2021-01,4,6,mobile,<Other>,<Other>,<Other>,new_session,222,222,41,8,2,2,181,33,7,0,114,19,8,2,2,0.0,18.47,19.51,25.0,100.0,0.9,4.88,81.53,80.49,87.5,0.0,0.0,0.0,0.0
2021-01-29,2021-01,4,6,desktop,google,organic,(organic),returning_session,140,140,45,12,7,3,95,33,6,4,277,44,19,3,3,0.0,32.14,26.67,58.33,42.86,2.14,6.67,67.86,73.33,50.0,57.14,0.0,0.0,0.0
2021-01-29,2021-01,4,6,desktop,google,organic,(organic),new_session,557,557,135,17,5,3,422,118,12,2,412,40,16,4,3,0.0,24.24,12.59,29.41,60.0,0.54,2.22,75.76,87.41,70.59,40.0,0.0,0.0,0.0
2021-01-29,2021-01,4,6,mobile,google,organic,(organic),new_session,381,381,74,4,3,3,307,70,2,0,157,11,15,3,3,37.0,19.42,5.41,75.0,100.0,0.79,4.05,80.58,94.59,50.0,0.0,12.33,0.1,12.33
2021-01-29,2021-01,4,6,desktop,(direct),(none),(direct),new_session,406,406,98,14,7,4,308,84,9,3,336,42,21,4,4,5.0,24.14,14.29,50.0,57.14,0.99,4.08,75.86,85.71,64.29,42.86,1.25,0.01,1.25
2021-01-29,2021-01,4,6,desktop,shop.googlemerchandisestore.com,referral,(referral),returning_session,85,85,27,8,5,4,58,19,4,1,124,25,28,4,4,0.0,31.76,29.63,62.5,80.0,4.71,14.81,68.24,70.37,50.0,20.0,0.0,0.0,0.0
2021-01-29,2021-01,4,6,desktop,(direct),(none),(direct),returning_session,119,119,33,11,8,5,86,22,7,3,146,39,36,5,5,0.0,27.73,33.33,72.73,62.5,4.2,15.15,72.27,66.67,63.64,37.5,0.0,0.0,0.0
2021-01-29,2021-01,4,6,mobile,(direct),(none),(direct),returning_session,92,92,28,5,7,5,64,23,0,2,179,36,37,5,5,0.0,30.43,17.86,140.0,71.43,5.43,17.86,69.57,82.14,0.0,28.57,0.0,0.0,0.0
2021-01-29,2021-01,4,6,mobile,(data deleted),(data deleted),(data deleted),returning_session,82,82,27,11,8,6,55,16,6,2,162,39,81,8,6,0.0,32.93,40.74,72.73,75.0,7.32,22.22,67.07,59.26,54.55,25.0,0.0,0.0,0.0
2021-01-29,2021-01,4,6,desktop,<Other>,referral,(referral),returning_session,56,56,18,6,6,6,38,12,1,0,126,20,21,6,6,70.0,32.14,33.33,100.0,100.0,10.71,33.33,67.86,66.67,16.67,0.0,11.67,1.25,11.67
2020-12-15,2020-12,50,3,tablet,(data deleted),(data deleted),<Other>,returning_session,1,1,0,0,0,0,1,0,0,0,0,0,0,0,0,0.0,0.0,,,,0.0,,100.0,,,,,0.0,
2020-12-15,2020-12,50,3,tablet,<Other>,organic,(organic),new_session,1,1,0,0,0,0,1,0,0,0,0,0,0,0,0,0.0,0.0,,,,0.0,,100.0,,,,,0.0,
2020-12-15,2020-12,50,3,tablet,google,organic,(organic),returning_session,2,2,0,0,0,0,2,0,0,0,0,0,0,0,0,0.0,0.0,,,,0.0,,100.0,,,,,0.0,
2020-12-15,2020-12,50,3,tablet,<Other>,referral,(referral),new_session,6,6,0,0,0,0,6,0,0,0,0,0,0,0,0,0.0,0.0,,,,0.0,,100.0,,,,,0.0,
2020-12-15,2020-12,50,3,tablet,google,cpc,<Other>,returning_session,1,1,0,0,0,0,1,0,0,0,0,0,0,0,0,0.0,0.0,,,,0.0,,100.0,,,,,0.0,
2020-12-15,2020-12,50,3,tablet,google,cpc,<Other>,new_session,8,8,0,0,0,0,8,0,0,0,0,0,0,0,0,0.0,0.0,,,,0.0,,100.0,,,,,0.0,
2020-12-15,2020-12,50,3,desktop,(data deleted),(data deleted),(data deleted),new_session,7,6,1,0,0,0,5,1,0,0,2,0,0,0,0,0.0,16.67,0.0,,,0.0,0.0,83.33,100.0,,,,0.0,
2020-12-15,2020-12,50,3,tablet,(data deleted),(data deleted),(data deleted),returning_session,8,8,1,0,0,0,7,1,0,0,3,0,0,0,0,0.0,12.5,0.0,,,0.0,0.0,87.5,100.0,,,,0.0,
2020-12-15,2020-12,50,3,desktop,<Other>,(data deleted),(data deleted),returning_session,5,5,1,1,0,0,4,0,1,0,1,1,0,0,0,0.0,20.0,100.0,0.0,,0.0,0.0,80.0,0.0,100.0,,,0.0,
2020-12-15,2020-12,50,3,mobile,<Other>,organic,(organic),returning_session,4,4,1,0,0,0,3,1,0,0,2,0,0,0,0,0.0,25.0,0.0,,,0.0,0.0,75.0,100.0,,,,0.0,
2020-12-15,2020-12,50,3,mobile,<Other>,(data deleted),(data deleted),returning_session,5,5,1,0,0,0,4,1,0,0,2,0,0,0,0,0.0,20.0,0.0,,,0.0,0.0,80.0,100.0,,,,0.0,
2020-12-15,2020-12,50,3,tablet,shop.googlemerchandisestore.com,referral,(referral),new_session,3,3,1,0,0,0,2,1,0,0,1,0,0,0,0,0.0,33.33,0.0,,,0.0,0.0,66.67,100.0,,,,0.0,
2020-12-15,2020-12,50,3,mobile,(data deleted),(data deleted),(data deleted),new_session,5,5,2,0,0,0,3,2,0,0,6,0,0,0,0,0.0,40.0,0.0,,,0.0,0.0,60.0,100.0,,,,0.0,
2020-12-15,2020-12,50,3,mobile,google,cpc,<Other>,returning_session,10,10,2,1,0,0,8,1,1,0,18,1,0,0,0,0.0,20.0,50.0,0.0,,0.0,0.0,80.0,50.0,100.0,,,0.0,
2020-12-15,2020-12,50,3,tablet,<Other>,<Other>,<Other>,new_session,15,15,2,0,0,0,13,2,0,0,12,0,0,0,0,0.0,13.33,0.0,,,0.0,0.0,86.67,100.0,,,,0.0,
2020-12-15,2020-12,50,3,tablet,<Other>,<Other>,<Other>,returning_session,5,5,3,2,0,0,2,1,2,0,45,3,0,0,0,0.0,60.0,66.67,0.0,,0.0,0.0,40.0,33.33,100.0,,,0.0,
2020-12-15,2020-12,50,3,tablet,shop.googlemerchandisestore.com,referral,(referral),returning_session,7,7,3,1,0,0,4,2,1,0,4,1,0,0,0,0.0,42.86,33.33,0.0,,0.0,0.0,57.14,66.67,100.0,,,0.0,
2020-12-15,2020-12,50,3,tablet,google,organic,(organic),new_session,33,33,7,3,1,0,26,4,2,1,101,14,2,0,0,0.0,21.21,42.86,33.33,0.0,0.0,0.0,78.79,57.14,66.67,100.0,,0.0,
2020-12-15,2020-12,50,3,tablet,(direct),(none),(direct),new_session,26,26,7,4,2,0,19,3,2,2,94,17,8,0,0,0.0,26.92,57.14,50.0,0.0,0.0,0.0,73.08,42.86,50.0,100.0,,0.0,
2020-12-15,2020-12,50,3,mobile,<Other>,organic,(organic),new_session,52,52,9,4,0,0,43,5,4,0,77,29,0,0,0,0.0,17.31,44.44,0.0,,0.0,0.0,82.69,55.56,100.0,,,0.0,
2020-12-15,2020-12,50,3,mobile,shop.googlemerchandisestore.com,referral,(referral),new_session,83,83,15,0,0,0,68,15,0,0,33,0,0,0,0,0.0,18.07,0.0,,,0.0,0.0,81.93,100.0,,,,0.0,
2020-12-15,2020-12,50,3,mobile,<Other>,referral,(referral),returning_session,66,66,21,7,2,0,45,14,7,2,66,26,4,0,0,0.0,31.82,33.33,28.57,0.0,0.0,0.0,68.18,66.67,100.0,100.0,,0.0,
2020-12-15,2020-12,50,3,tablet,(direct),(none),(direct),returning_session,8,8,3,1,1,1,5,2,1,0,7,4,2,1,1,32.0,37.5,33.33,100.0,100.0,12.5,33.33,62.5,66.67,100.0,0.0,32.0,4.0,32.0
2020-12-15,2020-12,50,3,mobile,(data deleted),(data deleted),<Other>,returning_session,6,6,4,4,1,1,2,0,3,0,21,15,4,1,1,24.0,66.67,100.0,25.0,100.0,16.67,25.0,33.33,0.0,75.0,0.0,24.0,4.0,24.0
2020-12-15,2020-12,50,3,mobile,<Other>,<Other>,<Other>,returning_session,33,33,6,3,2,1,27,3,1,1,32,17,6,1,1,7.0,18.18,50.0,66.67,50.0,3.03,16.67,81.82,50.0,33.33,50.0,7.0,0.21,7.0
2020-12-15,2020-12,50,3,desktop,<Other>,organic,(organic),returning_session,16,16,6,2,2,1,10,4,1,1,59,28,20,6,6,95.0,37.5,33.33,100.0,50.0,6.25,16.67,62.5,66.67,50.0,50.0,95.0,5.94,15.83
2020-12-15,2020-12,50,3,desktop,<Other>,organic,(organic),new_session,85,85,12,6,2,1,73,6,4,1,60,33,8,1,1,76.0,14.12,50.0,33.33,50.0,1.18,8.33,85.88,50.0,66.67,50.0,76.0,0.89,76.0
2020-12-15,2020-12,50,3,mobile,google,cpc,<Other>,new_session,78,78,14,1,1,1,64,13,1,0,73,1,2,1,1,6.0,17.95,7.14,100.0,100.0,1.28,7.14,82.05,92.86,100.0,0.0,6.0,0.08,6.0
2020-12-15,2020-12,50,3,desktop,google,cpc,<Other>,new_session,141,141,24,7,3,1,117,17,4,2,172,21,12,1,1,89.0,17.02,29.17,42.86,33.33,0.71,4.17,82.98,70.83,57.14,66.67,89.0,0.63,89.0
2020-12-15,2020-12,50,3,mobile,<Other>,referral,(referral),new_session,162,162,35,14,2,1,127,21,12,1,200,58,8,1,1,46.0,21.6,40.0,14.29,50.0,0.62,2.86,78.4,60.0,85.71,50.0,46.0,0.28,46.0
2020-12-15,2020-12,50,3,desktop,(direct),(none),(direct),new_session,558,558,91,19,3,1,467,72,17,2,415,70,10,1,1,13.0,16.31,20.88,15.79,33.33,0.18,1.1,83.69,79.12,89.47,66.67,13.0,0.02,13.0
2020-12-15,2020-12,50,3,desktop,google,cpc,<Other>,returning_session,18,18,4,2,2,2,14,2,0,0,83,42,16,2,2,135.0,22.22,50.0,100.0,100.0,11.11,50.0,77.78,50.0,0.0,0.0,67.5,7.5,67.5
2020-12-15,2020-12,50,3,desktop,<Other>,<Other>,<Other>,returning_session,49,49,15,6,3,2,34,9,4,1,111,50,8,2,2,232.0,30.61,40.0,50.0,66.67,4.08,13.33,69.39,60.0,66.67,33.33,116.0,4.73,116.0
2020-12-15,2020-12,50,3,desktop,shop.googlemerchandisestore.com,referral,(referral),new_session,137,137,31,6,2,2,106,25,5,0,118,40,8,2,2,165.0,22.63,19.35,33.33,100.0,1.46,6.45,77.37,80.65,83.33,0.0,82.5,1.2,82.5
2020-12-15,2020-12,50,3,desktop,<Other>,referral,(referral),new_session,226,226,45,8,4,2,181,37,5,2,216,30,12,2,2,69.0,19.91,17.78,50.0,50.0,0.88,4.44,80.09,82.22,62.5,50.0,34.5,0.31,34.5
2020-12-15,2020-12,50,3,mobile,(direct),(none),(direct),new_session,363,363,80,25,9,3,283,55,18,6,351,78,27,4,4,74.0,22.04,31.25,36.0,33.33,0.83,3.75,77.96,68.75,72.0,66.67,24.67,0.2,18.5
2020-12-15,2020-12,50,3,mobile,<Other>,<Other>,<Other>,new_session,294,294,49,15,6,4,245,34,11,2,221,51,40,4,4,188.0,16.67,30.61,40.0,66.67,1.36,8.16,83.33,69.39,73.33,33.33,47.0,0.64,47.0
2020-12-15,2020-12,50,3,desktop,<Other>,<Other>,<Other>,new_session,418,418,78,24,9,4,340,54,19,5,286,83,32,4,4,282.0,18.66,30.77,37.5,44.44,0.96,5.13,81.34,69.23,79.17,55.56,70.5,0.67,70.5
2020-12-15,2020-12,50,3,desktop,<Other>,referral,(referral),returning_session,98,98,29,15,8,5,69,14,8,3,182,47,52,5,5,307.0,29.59,51.72,53.33,62.5,5.1,17.24,70.41,48.28,53.33,37.5,61.4,3.13,61.4
2020-12-15,2020-12,50,3,mobile,shop.googlemerchandisestore.com,referral,(referral),returning_session,120,120,30,13,5,5,90,17,9,0,150,39,32,5,5,201.0,25.0,43.33,38.46,100.0,4.17,16.67,75.0,56.67,69.23,0.0,40.2,1.68,40.2
2020-12-15,2020-12,50,3,desktop,(data deleted),(data deleted),(data deleted),returning_session,205,205,48,15,9,5,157,33,10,4,394,121,35,6,6,369.0,23.41,31.25,60.0,55.56,2.44,10.42,76.59,68.75,66.67,44.44,73.8,1.8,61.5
2020-12-15,2020-12,50,3,mobile,google,organic,(organic),new_session,546,545,109,28,13,6,436,81,17,7,519,82,48,7,7,338.0,20.0,25.69,46.43,46.15,1.1,5.5,80.0,74.31,60.71,53.85,56.33,0.62,48.29
2020-12-15,2020-12,50,3,desktop,google,organic,(organic),new_session,792,791,149,42,15,6,642,107,32,9,871,210,39,6,6,281.0,18.84,28.19,35.71,40.0,0.76,4.03,81.16,71.81,76.19,60.0,46.83,0.35,46.83
2020-12-15,2020-12,50,3,mobile,(data deleted),(data deleted),(data deleted),returning_session,148,148,43,22,10,8,105,21,16,2,398,141,56,8,8,601.0,29.05,51.16,45.45,80.0,5.41,18.6,70.95,48.84,72.73,20.0,75.13,4.06,75.13
2020-12-15,2020-12,50,3,mobile,(direct),(none),(direct),returning_session,125,125,34,16,13,9,91,18,7,4,248,63,72,11,11,842.0,27.2,47.06,81.25,69.23,7.2,26.47,72.8,52.94,43.75,30.77,93.56,6.74,76.55
2020-12-15,2020-12,50,3,mobile,google,organic,(organic),returning_session,163,163,47,18,15,9,116,29,6,6,277,107,50,10,10,913.0,28.83,38.3,83.33,60.0,5.52,19.15,71.17,61.7,33.33,40.0,101.44,5.6,91.3
2020-12-15,2020-12,50,3,desktop,shop.googlemerchandisestore.com,referral,(referral),returning_session,151,151,50,20,14,11,101,30,10,3,339,109,45,12,12,775.0,33.11,40.0,70.0,78.57,7.28,22.0,66.89,60.0,50.0,21.43,70.45,5.13,64.58
2020-12-15,2020-12,50,3,desktop,(direct),(none),(direct),returning_session,231,231,70,27,16,13,161,43,13,3,537,175,87,21,20,1841.0,30.3,38.57,59.26,81.25,5.63,18.57,69.7,61.43,48.15,18.75,141.62,7.97,92.05
2020-12-15,2020-12,50,3,desktop,google,organic,(organic),returning_session,217,217,61,25,18,14,156,36,10,4,525,134,74,15,15,2279.0,28.11,40.98,72.0,77.78,6.45,22.95,71.89,59.02,40.0,22.22,162.79,10.5,151.93
2020-11-17,2020-11,46,3,tablet,<Other>,referral,(referral),new_session,6,6,0,0,0,0,6,0,0,0,0,0,0,0,0,0.0,0.0,,,,0.0,,100.0,,,,,0.0,
2020-11-17,2020-11,46,3,desktop,(data deleted),(data deleted),(data deleted),new_session,3,3,0,0,0,0,3,0,0,0,0,0,0,0,0,0.0,0.0,,,,0.0,,100.0,,,,,0.0,
2020-11-17,2020-11,46,3,tablet,google,organic,(organic),returning_session,4,4,0,0,0,0,4,0,0,0,0,0,0,0,0,0.0,0.0,,,,0.0,,100.0,,,,,0.0,
2020-11-17,2020-11,46,3,tablet,(direct),(none),(direct),returning_session,3,3,0,0,0,0,3,0,0,0,0,0,0,0,0,0.0,0.0,,,,0.0,,100.0,,,,,0.0,
2020-11-17,2020-11,46,3,tablet,<Other>,referral,(referral),returning_session,2,2,0,0,0,0,2,0,0,0,0,0,0,0,0,0.0,0.0,,,,0.0,,100.0,,,,,0.0,
2020-11-17,2020-11,46,3,mobile,google,cpc,<Other>,returning_session,7,7,2,0,0,0,5,2,0,0,3,0,0,0,0,0.0,28.57,0.0,,,0.0,0.0,71.43,100.0,,,,0.0,
2020-11-17,2020-11,46,3,mobile,(data deleted),(data deleted),<Other>,returning_session,3,3,1,0,0,0,2,1,0,0,4,0,0,0,0,0.0,33.33,0.0,,,0.0,0.0,66.67,100.0,,,,0.0,
2020-11-17,2020-11,46,3,mobile,<Other>,organic,(organic),returning_session,6,6,1,0,0,0,5,1,0,0,6,0,0,0,0,0.0,16.67,0.0,,,0.0,0.0,83.33,100.0,,,,0.0,
2020-11-17,2020-11,46,3,desktop,(data deleted),(data deleted),<Other>,returning_session,3,3,1,0,0,0,2,1,0,0,1,0,0,0,0,0.0,33.33,0.0,,,0.0,0.0,66.67,100.0,,,,0.0,
2020-11-17,2020-11,46,3,tablet,google,cpc,<Other>,new_session,4,4,2,0,0,0,2,2,0,0,5,0,0,0,0,0.0,50.0,0.0,,,0.0,0.0,50.0,100.0,,,,0.0,
2020-11-17,2020-11,46,3,tablet,<Other>,organic,(organic),new_session,3,3,1,1,0,0,2,0,1,0,1,1,0,0,0,0.0,33.33,100.0,0.0,,0.0,0.0,66.67,0.0,100.0,,,0.0,
2020-11-17,2020-11,46,3,mobile,(data deleted),(data deleted),(data deleted),new_session,4,4,1,0,0,0,3,1,0,0,2,0,0,0,0,0.0,25.0,0.0,,,0.0,0.0,75.0,100.0,,,,0.0,
2020-11-17,2020-11,46,3,tablet,<Other>,<Other>,<Other>,returning_session,3,3,2,1,0,0,1,1,1,0,2,2,0,0,0,0.0,66.67,50.0,0.0,,0.0,0.0,33.33,50.0,100.0,,,0.0,
2020-11-17,2020-11,46,3,tablet,shop.googlemerchandisestore.com,referral,(referral),new_session,1,1,1,0,0,0,0,1,0,0,1,0,0,0,0,0.0,100.0,0.0,,,0.0,0.0,0.0,100.0,,,,0.0,
2020-11-17,2020-11,46,3,tablet,shop.googlemerchandisestore.com,referral,(referral),returning_session,8,8,2,1,0,0,6,1,1,0,2,1,0,0,0,0.0,25.0,50.0,0.0,,0.0,0.0,75.0,50.0,100.0,,,0.0,
2020-11-17,2020-11,46,3,tablet,<Other>,<Other>,<Other>,new_session,7,7,1,1,0,0,6,0,1,0,1,1,0,0,0,0.0,14.29,100.0,0.0,,0.0,0.0,85.71,0.0,100.0,,,0.0,
2020-11-17,2020-11,46,3,desktop,<Other>,organic,(organic),returning_session,17,17,3,1,0,0,14,2,1,0,24,3,0,0,0,0.0,17.65,33.33,0.0,,0.0,0.0,82.35,66.67,100.0,,,0.0,
2020-11-17,2020-11,46,3,desktop,<Other>,(data deleted),(data deleted),returning_session,2,1,1,0,0,0,1,1,0,0,1,0,0,0,0,0.0,100.0,0.0,,,0.0,0.0,100.0,100.0,,,,0.0,
2020-11-17,2020-11,46,3,tablet,google,organic,(organic),new_session,16,16,6,2,1,0,10,4,1,1,71,3,2,0,0,0.0,37.5,33.33,50.0,0.0,0.0,0.0,62.5,66.67,50.0,100.0,,0.0,
2020-11-17,2020-11,46,3,desktop,google,cpc,<Other>,returning_session,11,11,5,0,1,0,6,5,0,1,13,0,12,0,0,0.0,45.45,0.0,,0.0,0.0,0.0,54.55,100.0,,100.0,,0.0,
2020-11-17,2020-11,46,3,mobile,shop.googlemerchandisestore.com,referral,(referral),new_session,62,62,17,7,5,0,45,10,4,5,127,9,9,0,0,0.0,27.42,41.18,71.43,0.0,0.0,0.0,72.58,58.82,57.14,100.0,,0.0,
2020-11-17,2020-11,46,3,mobile,<Other>,referral,(referral),returning_session,70,70,19,6,1,0,51,13,5,1,115,10,2,0,0,0.0,27.14,31.58,16.67,0.0,0.0,0.0,72.86,68.42,83.33,100.0,,0.0,
2020-11-17,2020-11,46,3,tablet,(data deleted),(data deleted),(data deleted),returning_session,9,9,2,0,1,0,7,2,0,1,5,0,6,0,0,0.0,22.22,0.0,,0.0,0.0,0.0,77.78,100.0,,100.0,,0.0,
2020-11-17,2020-11,46,3,mobile,google,cpc,<Other>,new_session,46,46,13,1,1,0,33,12,0,1,34,1,2,0,0,0.0,28.26,7.69,100.0,0.0,0.0,0.0,71.74,92.31,0.0,100.0,,0.0,
2020-11-17,2020-11,46,3,mobile,(direct),(none),(direct),new_session,256,256,57,10,9,0,199,47,3,9,365,14,18,0,0,0.0,22.27,17.54,90.0,0.0,0.0,0.0,77.73,82.46,30.0,100.0,,0.0,
2020-11-17,2020-11,46,3,tablet,(direct),(none),(direct),new_session,15,15,3,0,2,0,12,3,0,2,78,0,6,0,0,0.0,20.0,0.0,,0.0,0.0,0.0,80.0,100.0,,100.0,,0.0,
2020-11-17,2020-11,46,3,mobile,<Other>,organic,(organic),new_session,33,33,8,3,2,0,25,5,1,2,89,4,3,0,0,0.0,24.24,37.5,66.67,0.0,0.0,0.0,75.76,62.5,33.33,100.0,,0.0,
2020-11-17,2020-11,46,3,desktop,google,cpc,<Other>,new_session,73,73,22,4,1,0,51,18,4,1,88,4,2,0,0,0.0,30.14,18.18,25.0,0.0,0.0,0.0,69.86,81.82,100.0,100.0,,0.0,
2020-11-17,2020-11,46,3,desktop,<Other>,<Other>,<Other>,new_session,262,262,73,15,10,2,189,58,6,8,409,27,39,2,2,129.0,27.86,20.55,66.67,20.0,0.76,2.74,72.14,79.45,40.0,80.0,64.5,0.49,64.5
2020-11-17,2020-11,46,3,desktop,google,organic,(organic),new_session,549,549,144,27,14,4,405,117,17,10,529,46,46,7,7,372.0,26.23,18.75,51.85,28.57,0.73,2.78,73.77,81.25,62.96,71.43,93.0,0.68,53.14
2020-11-17,2020-11,46,3,desktop,<Other>,referral,(referral),new_session,134,134,30,6,7,1,104,24,1,6,212,11,15,1,1,35.0,22.39,20.0,116.67,14.29,0.75,3.33,77.61,80.0,16.67,85.71,35.0,0.26,35.0
2020-11-17,2020-11,46,3,mobile,<Other>,referral,(referral),new_session,108,108,26,7,5,1,82,19,3,4,59,8,10,1,1,27.0,24.07,26.92,71.43,20.0,0.93,3.85,75.93,73.08,42.86,80.0,27.0,0.25,27.0
2020-11-17,2020-11,46,3,mobile,google,organic,(organic),new_session,349,349,85,18,16,4,264,67,7,12,611,62,61,9,9,308.0,24.36,21.18,88.89,25.0,1.15,4.71,75.64,78.82,38.89,75.0,77.0,0.88,34.22
2020-11-17,2020-11,46,3,desktop,<Other>,organic,(organic),new_session,49,49,20,6,4,1,29,14,3,3,117,7,12,1,1,154.0,40.82,30.0,66.67,25.0,2.04,5.0,59.18,70.0,50.0,75.0,154.0,3.14,154.0
2020-11-17,2020-11,46,3,mobile,<Other>,<Other>,<Other>,new_session,185,185,43,14,8,3,142,29,8,5,287,27,14,3,3,401.0,23.24,32.56,57.14,37.5,1.62,6.98,76.76,67.44,57.14,62.5,133.67,2.17,133.67
2020-11-17,2020-11,46,3,mobile,shop.googlemerchandisestore.com,referral,(referral),returning_session,98,98,26,11,5,2,72,15,7,3,122,22,16,2,2,62.0,26.53,42.31,45.45,40.0,2.04,7.69,73.47,57.69,63.64,60.0,31.0,0.63,31.0
2020-11-17,2020-11,46,3,desktop,(direct),(none),(direct),new_session,350,349,102,29,18,9,247,73,14,9,590,62,53,10,10,888.0,29.23,28.43,62.07,50.0,2.57,8.82,70.77,71.57,48.28,50.0,98.67,2.54,88.8
2020-11-17,2020-11,46,3,desktop,google,organic,(organic),returning_session,152,152,45,6,5,4,107,39,4,1,159,11,12,4,4,192.0,29.61,13.33,83.33,80.0,2.63,8.89,70.39,86.67,66.67,20.0,48.0,1.26,48.0
2020-11-17,2020-11,46,3,desktop,(direct),(none),(direct),returning_session,163,162,41,3,5,4,121,38,0,1,184,4,15,4,4,442.0,25.31,7.32,166.67,80.0,2.45,9.76,74.69,92.68,0.0,20.0,110.5,2.71,110.5
2020-11-17,2020-11,46,3,desktop,shop.googlemerchandisestore.com,referral,(referral),new_session,77,77,17,8,6,2,60,9,3,4,124,18,18,2,2,115.0,22.08,47.06,75.0,33.33,2.6,11.76,77.92,52.94,37.5,66.67,57.5,1.49,57.5
2020-11-17,2020-11,46,3,desktop,(data deleted),(data deleted),(data deleted),returning_session,194,194,55,11,15,9,139,44,6,6,339,34,63,9,9,551.0,28.35,20.0,136.36,60.0,4.64,16.36,71.65,80.0,54.55,40.0,61.22,2.84,61.22
2020-11-17,2020-11,46,3,mobile,google,organic,(organic),returning_session,143,143,41,11,15,7,102,30,4,8,235,21,80,7,7,470.0,28.67,26.83,136.36,46.67,4.9,17.07,71.33,73.17,36.36,53.33,67.14,3.29,67.14
2020-11-17,2020-11,46,3,mobile,(direct),(none),(direct),returning_session,137,136,40,6,9,7,96,34,3,2,230,21,46,9,9,702.0,29.41,15.0,150.0,77.78,5.11,17.5,70.59,85.0,50.0,22.22,100.29,5.12,78.0
2020-11-17,2020-11,46,3,mobile,(data deleted),(data deleted),(data deleted),returning_session,143,143,39,11,10,7,104,28,6,3,238,22,31,7,7,319.0,27.27,28.21,90.91,70.0,4.9,17.95,72.73,71.79,54.55,30.0,45.57,2.23,45.57
2020-11-17,2020-11,46,3,desktop,<Other>,<Other>,<Other>,returning_session,48,48,11,4,2,2,37,7,2,0,86,17,7,4,4,169.0,22.92,36.36,50.0,100.0,4.17,18.18,77.08,63.64,50.0,0.0,84.5,3.52,42.25
2020-11-17,2020-11,46,3,desktop,shop.googlemerchandisestore.com,referral,(referral),returning_session,128,127,35,6,10,7,92,29,3,3,182,29,55,7,7,523.0,27.56,17.14,166.67,70.0,5.47,20.0,72.44,82.86,50.0,30.0,74.71,4.09,74.71
2020-11-17,2020-11,46,3,desktop,<Other>,referral,(referral),returning_session,81,81,21,7,8,5,60,14,1,3,119,26,22,5,5,257.0,25.93,33.33,114.29,62.5,6.17,23.81,74.07,66.67,14.29,37.5,51.4,3.17,51.4
2020-11-17,2020-11,46,3,mobile,<Other>,<Other>,<Other>,returning_session,33,33,11,2,3,3,22,9,1,0,88,4,8,3,3,89.0,33.33,18.18,150.0,100.0,9.09,27.27,66.67,81.82,50.0,0.0,29.67,2.7,29.67
2020-11-17,2020-11,46,3,mobile,<Other>,(data deleted),(data deleted),returning_session,3,3,2,1,1,1,1,1,0,0,6,1,2,1,1,22.0,66.67,50.0,100.0,100.0,33.33,50.0,33.33,50.0,0.0,0.0,22.0,7.33,22.0
2020-11-25,2020-11,47,4,tablet,google,cpc,<Other>,new_session,3,3,0,0,0,0,3,0,0,0,0,0,0,0,0,0.0,0.0,,,,0.0,,100.0,,,,,0.0,
2020-11-25,2020-11,47,4,tablet,(direct),(none),(direct),new_session,10,10,0,0,0,0,10,0,0,0,0,0,0,0,0,0.0,0.0,,,,0.0,,100.0,,,,,0.0,
2020-11-25,2020-11,47,4,tablet,<Other>,organic,(organic),new_session,3,3,0,0,0,0,3,0,0,0,0,0,0,0,0,0.0,0.0,,,,0.0,,100.0,,,,,0.0,
2020-11-25,2020-11,47,4,mobile,<Other>,(data deleted),(data deleted),returning_session,2,2,0,0,0,0,2,0,0,0,0,0,0,0,0,0.0,0.0,,,,0.0,,100.0,,,,,0.0,
2020-11-25,2020-11,47,4,desktop,<Other>,(data deleted),(data deleted),new_session,1,1,0,0,0,0,1,0,0,0,0,0,0,0,0,0.0,0.0,,,,0.0,,100.0,,,,,0.0,
2020-11-25,2020-11,47,4,desktop,(data deleted),(data deleted),<Other>,new_session,1,1,0,0,0,0,1,0,0,0,0,0,0,0,0,0.0,0.0,,,,0.0,,100.0,,,,,0.0,
2020-11-25,2020-11,47,4,tablet,<Other>,<Other>,<Other>,returning_session,2,2,0,0,0,0,2,0,0,0,0,0,0,0,0,0.0,0.0,,,,0.0,,100.0,,,,,0.0,
2020-11-25,2020-11,47,4,tablet,<Other>,referral,(referral),returning_session,3,3,1,0,0,0,2,1,0,0,5,0,0,0,0,0.0,33.33,0.0,,,0.0,0.0,66.67,100.0,,,,0.0,
2020-11-25,2020-11,47,4,desktop,<Other>,(data deleted),(data deleted),returning_session,3,3,1,0,0,0,2,1,0,0,1,0,0,0,0,0.0,33.33,0.0,,,0.0,0.0,66.67,100.0,,,,0.0,
2020-11-25,2020-11,47,4,tablet,google,cpc,<Other>,returning_session,1,1,1,0,0,0,0,1,0,0,1,0,0,0,0,0.0,100.0,0.0,,,0.0,0.0,0.0,100.0,,,,0.0,
2020-11-25,2020-11,47,4,desktop,<Other>,organic,(organic),returning_session,4,4,1,0,0,0,3,1,0,0,1,0,0,0,0,0.0,25.0,0.0,,,0.0,0.0,75.0,100.0,,,,0.0,
2020-11-25,2020-11,47,4,tablet,(data deleted),(data deleted),(data deleted),new_session,2,2,1,0,0,0,1,1,0,0,1,0,0,0,0,0.0,50.0,0.0,,,0.0,0.0,50.0,100.0,,,,0.0,
2020-11-25,2020-11,47,4,desktop,(data deleted),(data deleted),<Other>,returning_session,4,4,1,0,0,0,3,1,0,0,5,0,0,0,0,0.0,25.0,0.0,,,0.0,0.0,75.0,100.0,,,,0.0,
2020-11-25,2020-11,47,4,tablet,shop.googlemerchandisestore.com,referral,(referral),new_session,2,2,1,0,0,0,1,1,0,0,4,0,0,0,0,0.0,50.0,0.0,,,0.0,0.0,50.0,100.0,,,,0.0,
2020-11-25,2020-11,47,4,tablet,(direct),(none),(direct),returning_session,4,4,2,0,0,0,2,2,0,0,3,0,0,0,0,0.0,50.0,0.0,,,0.0,0.0,50.0,100.0,,,,0.0,
2020-11-25,2020-11,47,4,tablet,shop.googlemerchandisestore.com,referral,(referral),returning_session,4,4,2,0,0,0,2,2,0,0,7,0,0,0,0,0.0,50.0,0.0,,,0.0,0.0,50.0,100.0,,,,0.0,
2020-11-25,2020-11,47,4,tablet,<Other>,<Other>,<Other>,new_session,11,11,2,1,0,0,9,1,1,0,16,1,0,0,0,0.0,18.18,50.0,0.0,,0.0,0.0,81.82,50.0,100.0,,,0.0,
2020-11-25,2020-11,47,4,tablet,<Other>,referral,(referral),new_session,11,11,2,0,0,0,9,2,0,0,5,0,0,0,0,0.0,18.18,0.0,,,0.0,0.0,81.82,100.0,,,,0.0,
2020-11-25,2020-11,47,4,mobile,(data deleted),(data deleted),(data deleted),new_session,13,13,5,0,0,0,8,5,0,0,17,0,0,0,0,0.0,38.46,0.0,,,0.0,0.0,61.54,100.0,,,,0.0,
2020-11-25,2020-11,47,4,desktop,google,cpc,<Other>,returning_session,13,13,7,0,0,0,6,7,0,0,54,0,0,0,0,0.0,53.85,0.0,,,0.0,0.0,46.15,100.0,,,,0.0,
2020-11-25,2020-11,47,4,mobile,<Other>,organic,(organic),new_session,32,32,11,0,0,0,21,11,0,0,53,0,0,0,0,0.0,34.38,0.0,,,0.0,0.0,65.63,100.0,,,,0.0,
2020-11-25,2020-11,47,4,mobile,(data deleted),(data deleted),<Other>,returning_session,5,5,1,0,1,0,4,1,0,1,2,0,1,0,0,0.0,20.0,0.0,,0.0,0.0,0.0,80.0,100.0,,100.0,,0.0,
2020-11-25,2020-11,47,4,mobile,google,cpc,<Other>,returning_session,8,8,1,0,1,0,7,1,0,1,17,0,2,0,0,0.0,12.5,0.0,,0.0,0.0,0.0,87.5,100.0,,100.0,,0.0,
2020-11-25,2020-11,47,4,mobile,<Other>,organic,(organic),returning_session,4,4,2,0,1,0,2,2,0,1,6,0,2,0,0,0.0,50.0,0.0,,0.0,0.0,0.0,50.0,100.0,,100.0,,0.0,
2020-11-25,2020-11,47,4,tablet,google,organic,(organic),returning_session,11,11,5,1,1,0,6,4,1,1,39,8,1,0,0,0.0,45.45,20.0,100.0,0.0,0.0,0.0,54.55,80.0,100.0,100.0,,0.0,
2020-11-25,2020-11,47,4,tablet,google,organic,(organic),new_session,19,19,7,0,2,0,12,7,0,2,39,0,2,0,0,0.0,36.84,0.0,,0.0,0.0,0.0,63.16,100.0,,100.0,,0.0,
2020-11-25,2020-11,47,4,desktop,<Other>,organic,(organic),new_session,66,66,12,1,2,0,54,11,0,2,107,2,2,0,0,0.0,18.18,8.33,200.0,0.0,0.0,0.0,81.82,91.67,0.0,100.0,,0.0,
2020-11-25,2020-11,47,4,mobile,shop.googlemerchandisestore.com,referral,(referral),new_session,59,58,15,0,2,0,43,15,0,2,85,0,2,0,0,0.0,25.86,0.0,,0.0,0.0,0.0,74.14,100.0,,100.0,,0.0,
2020-11-25,2020-11,47,4,desktop,google,cpc,<Other>,new_session,100,100,28,1,3,0,72,27,1,3,158,1,3,0,0,0.0,28.0,3.57,300.0,0.0,0.0,0.0,72.0,96.43,100.0,100.0,,0.0,
2020-11-25,2020-11,47,4,mobile,<Other>,<Other>,<Other>,new_session,225,224,60,1,9,0,164,59,0,9,286,2,12,0,0,0.0,26.79,1.67,900.0,0.0,0.0,0.0,73.21,98.33,0.0,100.0,,0.0,
2020-11-25,2020-11,47,4,mobile,(direct),(none),(direct),new_session,277,276,71,3,8,1,205,68,3,7,214,3,12,1,1,24.0,25.72,4.23,266.67,12.5,0.36,1.41,74.28,95.77,100.0,87.5,24.0,0.09,24.0
2020-11-25,2020-11,47,4,desktop,<Other>,<Other>,<Other>,new_session,307,307,79,7,13,2,228,72,4,11,468,29,19,2,2,240.0,25.73,8.86,185.71,15.38,0.65,2.53,74.27,91.14,57.14,84.62,120.0,0.78,120.0
2020-11-25,2020-11,47,4,mobile,<Other>,referral,(referral),new_session,130,129,33,3,6,1,96,30,3,5,150,15,8,1,1,133.0,25.58,9.09,200.0,16.67,0.77,3.03,74.42,90.91,100.0,83.33,133.0,1.02,133.0
2020-11-25,2020-11,47,4,desktop,(direct),(none),(direct),new_session,433,433,103,5,17,3,330,98,1,14,469,9,20,4,3,179.0,23.79,4.85,340.0,17.65,0.69,2.91,76.21,95.15,20.0,82.35,59.67,0.41,59.67
2020-11-25,2020-11,47,4,desktop,google,organic,(organic),new_session,641,640,144,11,23,6,496,133,8,17,935,40,41,8,7,282.0,22.5,7.64,209.09,26.09,0.94,4.17,77.5,92.36,72.73,73.91,47.0,0.44,40.29
2020-11-25,2020-11,47,4,mobile,google,organic,(organic),new_session,414,413,85,8,17,5,328,77,4,12,604,44,25,7,7,1035.0,20.58,9.41,212.5,29.41,1.21,5.88,79.42,90.59,50.0,70.59,207.0,2.5,147.86
2020-11-25,2020-11,47,4,mobile,google,cpc,<Other>,new_session,65,65,15,1,3,1,50,14,0,2,131,2,3,1,1,26.0,23.08,6.67,300.0,33.33,1.54,6.67,76.92,93.33,0.0,66.67,26.0,0.4,26.0
2020-11-25,2020-11,47,4,desktop,<Other>,referral,(referral),new_session,157,157,39,3,5,2,118,36,2,3,178,6,6,2,2,163.0,24.84,7.69,166.67,40.0,1.27,5.13,75.16,92.31,66.67,60.0,81.5,1.04,81.5
2020-11-25,2020-11,47,4,mobile,(direct),(none),(direct),returning_session,133,133,39,4,9,4,94,35,4,5,258,14,19,5,5,520.0,29.32,10.26,225.0,44.44,3.01,10.26,70.68,89.74,100.0,55.56,130.0,3.91,104.0
2020-11-25,2020-11,47,4,mobile,(data deleted),(data deleted),(data deleted),returning_session,105,105,34,6,15,7,71,28,1,8,259,32,31,7,7,431.0,32.38,17.65,250.0,46.67,6.67,20.59,67.62,82.35,16.67,53.33,61.57,4.1,61.57
2020-11-25,2020-11,47,4,desktop,(data deleted),(data deleted),(data deleted),returning_session,211,211,59,8,17,8,152,51,3,9,413,30,31,10,8,589.0,27.96,13.56,212.5,47.06,3.79,13.56,72.04,86.44,37.5,52.94,73.63,2.79,73.63
2020-11-25,2020-11,47,4,tablet,(data deleted),(data deleted),(data deleted),returning_session,9,9,4,0,2,1,5,4,0,1,38,0,4,1,1,61.0,44.44,0.0,,50.0,11.11,25.0,55.56,100.0,,50.0,61.0,6.78,61.0
2020-11-25,2020-11,47,4,desktop,shop.googlemerchandisestore.com,referral,(referral),new_session,91,90,26,0,4,2,65,26,0,2,128,0,6,3,3,78.0,28.89,0.0,,50.0,2.2,7.69,72.22,100.0,,50.0,39.0,0.86,26.0
2020-11-25,2020-11,47,4,mobile,google,organic,(organic),returning_session,128,128,41,2,10,5,87,39,0,5,194,7,17,5,5,365.0,32.03,4.88,500.0,50.0,3.91,12.2,67.97,95.12,0.0,50.0,73.0,2.85,73.0
2020-11-25,2020-11,47,4,desktop,shop.googlemerchandisestore.com,referral,(referral),returning_session,138,137,36,4,7,4,101,32,3,3,178,11,17,6,6,267.0,26.28,11.11,175.0,57.14,2.9,11.11,73.72,88.89,75.0,42.86,66.75,1.93,44.5
2020-11-25,2020-11,47,4,mobile,<Other>,referral,(referral),returning_session,78,78,17,0,5,3,61,17,0,2,112,0,11,3,3,45.0,21.79,0.0,,60.0,3.85,17.65,78.21,100.0,,40.0,15.0,0.58,15.0
2020-11-25,2020-11,47,4,mobile,shop.googlemerchandisestore.com,referral,(referral),returning_session,105,104,32,5,10,6,72,27,3,4,146,19,24,8,8,813.0,30.77,15.63,200.0,60.0,5.71,18.75,69.23,84.38,60.0,40.0,135.5,7.74,101.63
2020-11-25,2020-11,47,4,desktop,(direct),(none),(direct),returning_session,184,184,55,2,11,7,129,53,1,4,278,9,18,7,7,1092.0,29.89,3.64,550.0,63.64,3.8,12.73,70.11,96.36,50.0,36.36,156.0,5.93,156.0
2020-11-25,2020-11,47,4,desktop,(data deleted),(data deleted),(data deleted),new_session,23,22,13,0,3,2,9,13,0,1,98,0,3,2,2,95.0,59.09,0.0,,66.67,8.7,15.38,40.91,100.0,,33.33,47.5,4.13,47.5
2020-11-25,2020-11,47,4,desktop,<Other>,referral,(referral),returning_session,84,84,20,0,4,3,64,20,0,1,57,0,4,3,3,147.0,23.81,0.0,,75.0,3.57,15.0,76.19,100.0,,25.0,49.0,1.75,49.0
2020-11-25,2020-11,47,4,desktop,google,organic,(organic),returning_session,186,184,49,3,9,7,135,46,2,2,280,16,25,8,8,680.0,26.63,6.12,300.0,77.78,3.76,14.29,73.37,93.88,66.67,22.22,97.14,3.66,85.0
2020-11-25,2020-11,47,4,mobile,<Other>,<Other>,<Other>,returning_session,36,35,12,0,2,2,23,12,0,0,49,0,4,2,2,124.0,34.29,0.0,,100.0,5.56,16.67,65.71,100.0,,0.0,62.0,3.44,62.0
2020-11-25,2020-11,47,4,desktop,<Other>,<Other>,<Other>,returning_session,43,43,14,0,3,3,29,14,0,0,93,0,10,12,7,705.0,32.56,0.0,,100.0,6.98,21.43,67.44,100.0,,0.0,235.0,16.4,100.71
2021-01-31,2021-01,5,1,mobile,<Other>,(data deleted),(data deleted),returning_session,2,2,0,0,0,0,2,0,0,0,0,0,0,0,0,0.0,0.0,,,,0.0,,100.0,,,,,0.0,
2021-01-31,2021-01,5,1,desktop,<Other>,organic,(organic),returning_session,5,5,0,0,0,0,5,0,0,0,0,0,0,0,0,0.0,0.0,,,,0.0,,100.0,,,,,0.0,
2021-01-31,2021-01,5,1,desktop,(data deleted),(data deleted),(data deleted),new_session,9,9,0,0,0,0,9,0,0,0,0,0,0,0,0,0.0,0.0,,,,0.0,,100.0,,,,,0.0,
2021-01-31,2021-01,5,1,mobile,<Other>,organic,(organic),returning_session,3,3,0,0,0,0,3,0,0,0,0,0,0,0,0,0.0,0.0,,,,0.0,,100.0,,,,,0.0,
2021-01-31,2021-01,5,1,tablet,(data deleted),(data deleted),(data deleted),returning_session,2,2,0,0,0,0,2,0,0,0,0,0,0,0,0,0.0,0.0,,,,0.0,,100.0,,,,,0.0,
2021-01-31,2021-01,5,1,tablet,google,cpc,<Other>,new_session,4,4,0,0,0,0,4,0,0,0,0,0,0,0,0,0.0,0.0,,,,0.0,,100.0,,,,,0.0,
2021-01-31,2021-01,5,1,tablet,<Other>,organic,(organic),new_session,1,1,0,0,0,0,1,0,0,0,0,0,0,0,0,0.0,0.0,,,,0.0,,100.0,,,,,0.0,
2021-01-31,2021-01,5,1,tablet,google,organic,(organic),returning_session,4,4,0,0,0,0,4,0,0,0,0,0,0,0,0,0.0,0.0,,,,0.0,,100.0,,,,,0.0,
2021-01-31,2021-01,5,1,desktop,<Other>,(data deleted),(data deleted),returning_session,1,1,0,0,0,0,1,0,0,0,0,0,0,0,0,0.0,0.0,,,,0.0,,100.0,,,,,0.0,
2021-01-31,2021-01,5,1,tablet,<Other>,<Other>,<Other>,returning_session,1,1,0,0,0,0,1,0,0,0,0,0,0,0,0,0.0,0.0,,,,0.0,,100.0,,,,,0.0,
2021-01-31,2021-01,5,1,mobile,google,cpc,<Other>,returning_session,3,3,0,0,0,0,3,0,0,0,0,0,0,0,0,0.0,0.0,,,,0.0,,100.0,,,,,0.0,
2021-01-31,2021-01,5,1,tablet,(direct),(none),(direct),returning_session,4,4,1,0,0,0,3,1,0,0,2,0,0,0,0,0.0,25.0,0.0,,,0.0,0.0,75.0,100.0,,,,0.0,
2021-01-31,2021-01,5,1,mobile,(data deleted),(data deleted),(data deleted),new_session,8,8,2,0,0,0,6,2,0,0,6,0,0,0,0,0.0,25.0,0.0,,,0.0,0.0,75.0,100.0,,,,0.0,
2021-01-31,2021-01,5,1,mobile,<Other>,organic,(organic),new_session,30,30,5,0,0,0,25,5,0,0,14,0,0,0,0,0.0,16.67,0.0,,,0.0,0.0,83.33,100.0,,,,0.0,
2021-01-31,2021-01,5,1,tablet,(direct),(none),(direct),new_session,9,9,1,0,0,0,8,1,0,0,2,0,0,0,0,0.0,11.11,0.0,,,0.0,0.0,88.89,100.0,,,,0.0,
2021-01-31,2021-01,5,1,tablet,google,organic,(organic),new_session,23,23,2,0,0,0,21,2,0,0,4,0,0,0,0,0.0,8.7,0.0,,,0.0,0.0,91.3,100.0,,,,0.0,
2021-01-31,2021-01,5,1,tablet,<Other>,referral,(referral),new_session,10,10,1,0,0,0,9,1,0,0,4,0,0,0,0,0.0,10.0,0.0,,,0.0,0.0,90.0,100.0,,,,0.0,
2021-01-31,2021-01,5,1,desktop,shop.googlemerchandisestore.com,referral,(referral),new_session,62,62,13,1,0,0,49,12,1,0,37,2,0,0,0,0.0,20.97,7.69,0.0,,0.0,0.0,79.03,92.31,100.0,,,0.0,
2021-01-31,2021-01,5,1,desktop,google,cpc,<Other>,new_session,81,80,16,0,0,0,64,16,0,0,42,0,0,0,0,0.0,20.0,0.0,,,0.0,0.0,80.0,100.0,,,,0.0,
2021-01-31,2021-01,5,1,desktop,(data deleted),(data deleted),<Other>,returning_session,4,4,1,0,0,0,3,1,0,0,1,0,0,0,0,0.0,25.0,0.0,,,0.0,0.0,75.0,100.0,,,,0.0,
2021-01-31,2021-01,5,1,mobile,(direct),(none),(direct),returning_session,58,58,13,4,0,0,45,9,4,0,64,21,0,0,0,0.0,22.41,30.77,0.0,,0.0,0.0,77.59,69.23,100.0,,,0.0,
2021-01-31,2021-01,5,1,mobile,<Other>,referral,(referral),new_session,79,79,18,0,0,0,61,18,0,0,31,0,0,0,0,0.0,22.78,0.0,,,0.0,0.0,77.22,100.0,,,,0.0,
2021-01-31,2021-01,5,1,mobile,google,cpc,<Other>,new_session,56,56,8,0,0,0,48,8,0,0,25,0,0,0,0,0.0,14.29,0.0,,,0.0,0.0,85.71,100.0,,,,0.0,
2021-01-31,2021-01,5,1,desktop,<Other>,<Other>,<Other>,returning_session,22,22,4,0,0,0,18,4,0,0,14,0,0,0,0,0.0,18.18,0.0,,,0.0,0.0,81.82,100.0,,,,0.0,
2021-01-31,2021-01,5,1,mobile,shop.googlemerchandisestore.com,referral,(referral),new_session,54,54,9,1,0,0,45,8,1,0,28,3,0,0,0,0.0,16.67,11.11,0.0,,0.0,0.0,83.33,88.89,100.0,,,0.0,
2021-01-31,2021-01,5,1,desktop,google,cpc,<Other>,returning_session,10,10,3,1,1,0,7,2,0,1,25,1,4,0,0,0.0,30.0,33.33,100.0,0.0,0.0,0.0,70.0,66.67,0.0,100.0,,0.0,
2021-01-31,2021-01,5,1,mobile,(data deleted),(data deleted),<Other>,returning_session,1,1,1,1,1,0,0,0,0,1,2,1,4,0,0,0.0,100.0,100.0,100.0,0.0,0.0,0.0,0.0,0.0,0.0,100.0,,0.0,
2021-01-31,2021-01,5,1,desktop,<Other>,referral,(referral),returning_session,36,36,6,1,1,0,30,5,0,1,15,1,2,0,0,0.0,16.67,16.67,100.0,0.0,0.0,0.0,83.33,83.33,0.0,100.0,,0.0,
2021-01-31,2021-01,5,1,desktop,shop.googlemerchandisestore.com,referral,(referral),returning_session,58,58,8,2,1,0,50,6,2,1,19,4,4,0,0,0.0,13.79,25.0,50.0,0.0,0.0,0.0,86.21,75.0,100.0,100.0,,0.0,
2021-01-31,2021-01,5,1,tablet,shop.googlemerchandisestore.com,referral,(referral),new_session,4,4,2,1,1,0,2,1,0,1,3,1,6,0,0,0.0,50.0,50.0,100.0,0.0,0.0,0.0,50.0,50.0,0.0,100.0,,0.0,
2021-01-31,2021-01,5,1,desktop,google,organic,(organic),new_session,455,455,91,13,6,0,364,78,7,6,245,27,21,0,0,0.0,20.0,14.29,46.15,0.0,0.0,0.0,80.0,85.71,53.85,100.0,,0.0,
2021-01-31,2021-01,5,1,desktop,<Other>,organic,(organic),new_session,28,28,7,1,1,0,21,6,0,1,23,2,2,0,0,0.0,25.0,14.29,100.0,0.0,0.0,0.0,75.0,85.71,0.0,100.0,,0.0,
2021-01-31,2021-01,5,1,mobile,<Other>,referral,(referral),returning_session,27,27,9,2,1,0,18,7,2,1,30,5,2,0,0,0.0,33.33,22.22,50.0,0.0,0.0,0.0,66.67,77.78,100.0,100.0,,0.0,
2021-01-31,2021-01,5,1,mobile,(direct),(none),(direct),new_session,206,206,41,8,2,0,165,33,7,2,137,9,18,0,0,0.0,19.9,19.51,25.0,0.0,0.0,0.0,80.1,80.49,87.5,100.0,,0.0,
2021-01-31,2021-01,5,1,mobile,<Other>,<Other>,<Other>,returning_session,12,12,4,0,1,0,8,4,0,1,9,0,3,0,0,0.0,33.33,0.0,,0.0,0.0,0.0,66.67,100.0,,100.0,,0.0,
2021-01-31,2021-01,5,1,mobile,google,organic,(organic),returning_session,53,53,13,2,1,0,40,11,1,1,31,2,3,0,0,0.0,24.53,15.38,50.0,0.0,0.0,0.0,75.47,84.62,50.0,100.0,,0.0,
2021-01-31,2021-01,5,1,desktop,<Other>,referral,(referral),new_session,113,113,23,1,2,0,90,22,0,2,58,2,10,0,0,0.0,20.35,4.35,200.0,0.0,0.0,0.0,79.65,95.65,0.0,100.0,,0.0,
2021-01-31,2021-01,5,1,desktop,<Other>,<Other>,<Other>,new_session,222,222,43,11,4,1,179,32,9,3,130,36,10,1,1,0.0,19.37,25.58,36.36,25.0,0.45,2.33,80.63,74.42,81.82,75.0,0.0,0.0,0.0
2021-01-31,2021-01,5,1,desktop,(direct),(none),(direct),new_session,285,285,59,6,4,2,226,53,2,2,235,30,27,2,2,0.0,20.7,10.17,66.67,50.0,0.7,3.39,79.3,89.83,33.33,50.0,0.0,0.0,0.0
2021-01-31,2021-01,5,1,mobile,google,organic,(organic),new_session,304,304,55,12,5,2,249,43,9,3,165,50,12,3,2,0.0,18.09,21.82,41.67,40.0,0.66,3.64,81.91,78.18,75.0,60.0,0.0,0.0,0.0
2021-01-31,2021-01,5,1,desktop,(data deleted),(data deleted),(data deleted),returning_session,81,80,18,5,1,1,62,13,4,0,56,13,2,1,1,0.0,22.5,27.78,20.0,100.0,1.23,5.56,77.5,72.22,80.0,0.0,0.0,0.0,0.0
2021-01-31,2021-01,5,1,mobile,<Other>,<Other>,<Other>,new_session,140,140,27,5,4,2,113,22,1,2,62,15,14,2,2,0.0,19.29,18.52,80.0,50.0,1.43,7.41,80.71,81.48,20.0,50.0,0.0,0.0,0.0
2021-01-31,2021-01,5,1,mobile,(data deleted),(data deleted),(data deleted),returning_session,58,58,12,4,2,1,46,8,2,1,30,8,19,1,1,0.0,20.69,33.33,50.0,50.0,1.72,8.33,79.31,66.67,50.0,50.0,0.0,0.0,0.0
2021-01-31,2021-01,5,1,mobile,shop.googlemerchandisestore.com,referral,(referral),returning_session,48,48,11,3,4,1,37,8,0,3,37,9,16,1,1,0.0,22.92,27.27,133.33,25.0,2.08,9.09,77.08,72.73,0.0,75.0,0.0,0.0,0.0
2021-01-31,2021-01,5,1,desktop,google,organic,(organic),returning_session,68,68,16,4,3,2,52,12,2,1,48,5,7,2,2,0.0,23.53,25.0,75.0,66.67,2.94,12.5,76.47,75.0,50.0,33.33,0.0,0.0,0.0
2021-01-31,2021-01,5,1,desktop,(direct),(none),(direct),returning_session,85,85,23,13,9,5,62,10,5,4,182,45,40,5,5,0.0,27.06,56.52,69.23,55.56,5.88,21.74,72.94,43.48,38.46,44.44,0.0,0.0,0.0
2021-01-31,2021-01,5,1,tablet,<Other>,<Other>,<Other>,new_session,9,9,3,1,1,1,6,2,0,0,8,1,8,1,1,0.0,33.33,33.33,100.0,100.0,11.11,33.33,66.67,66.67,0.0,0.0,0.0,0.0,0.0
2020-11-13,2020-11,45,6,desktop,google,cpc,<Other>,returning_session,6,6,0,0,0,0,6,0,0,0,0,0,0,0,0,0.0,0.0,,,,0.0,,100.0,,,,,0.0,
2020-11-13,2020-11,45,6,mobile,<Other>,<Other>,(data deleted),returning_session,1,1,0,0,0,0,1,0,0,0,0,0,0,0,0,0.0,0.0,,,,0.0,,100.0,,,,,0.0,
2020-11-13,2020-11,45,6,desktop,(data deleted),(data deleted),<Other>,returning_session,3,3,0,0,0,0,3,0,0,0,0,0,0,0,0,0.0,0.0,,,,0.0,,100.0,,,,,0.0,
2020-11-13,2020-11,45,6,tablet,shop.googlemerchandisestore.com,referral,(referral),new_session,2,2,0,0,0,0,2,0,0,0,0,0,0,0,0,0.0,0.0,,,,0.0,,100.0,,,,,0.0,
2020-11-13,2020-11,45,6,desktop,<Other>,organic,(organic),returning_session,8,8,0,0,0,0,8,0,0,0,0,0,0,0,0,0.0,0.0,,,,0.0,,100.0,,,,,0.0,
2020-11-13,2020-11,45,6,mobile,<Other>,(data deleted),(data deleted),returning_session,1,1,0,0,0,0,1,0,0,0,0,0,0,0,0,0.0,0.0,,,,0.0,,100.0,,,,,0.0,
2020-11-13,2020-11,45,6,tablet,<Other>,organic,(organic),returning_session,1,1,0,0,0,0,1,0,0,0,0,0,0,0,0,0.0,0.0,,,,0.0,,100.0,,,,,0.0,
2020-11-13,2020-11,45,6,tablet,google,cpc,<Other>,new_session,5,5,0,0,0,0,5,0,0,0,0,0,0,0,0,0.0,0.0,,,,0.0,,100.0,,,,,0.0,
2020-11-13,2020-11,45,6,tablet,<Other>,(data deleted),(data deleted),returning_session,2,2,0,0,0,0,2,0,0,0,0,0,0,0,0,0.0,0.0,,,,0.0,,100.0,,,,,0.0,
2020-11-13,2020-11,45,6,desktop,<Other>,(data deleted),(data deleted),returning_session,3,3,1,0,0,0,2,1,0,0,1,0,0,0,0,0.0,33.33,0.0,,,0.0,0.0,66.67,100.0,,,,0.0,
2020-11-13,2020-11,45,6,mobile,google,cpc,<Other>,returning_session,5,5,1,0,0,0,4,1,0,0,1,0,0,0,0,0.0,20.0,0.0,,,0.0,0.0,80.0,100.0,,,,0.0,
2020-11-13,2020-11,45,6,tablet,(data deleted),(data deleted),(data deleted),returning_session,4,4,1,0,0,0,3,1,0,0,1,0,0,0,0,0.0,25.0,0.0,,,0.0,0.0,75.0,100.0,,,,0.0,
2020-11-13,2020-11,45,6,tablet,shop.googlemerchandisestore.com,referral,(referral),returning_session,5,5,1,0,0,0,4,1,0,0,1,0,0,0,0,0.0,20.0,0.0,,,0.0,0.0,80.0,100.0,,,,0.0,
2020-11-13,2020-11,45,6,tablet,google,organic,(organic),returning_session,5,5,1,0,1,0,4,1,0,1,2,0,4,0,0,0.0,20.0,0.0,,0.0,0.0,0.0,80.0,100.0,,100.0,,0.0,
2020-11-13,2020-11,45,6,tablet,<Other>,organic,(organic),new_session,2,2,1,0,1,0,1,1,0,1,3,0,2,0,0,0.0,50.0,0.0,,0.0,0.0,0.0,50.0,100.0,,100.0,,0.0,
2020-11-13,2020-11,45,6,tablet,<Other>,referral,(referral),returning_session,3,3,1,0,1,0,2,1,0,1,4,0,2,0,0,0.0,33.33,0.0,,0.0,0.0,0.0,66.67,100.0,,100.0,,0.0,
2020-11-13,2020-11,45,6,tablet,<Other>,referral,(referral),new_session,6,6,2,0,0,0,4,2,0,0,4,0,0,0,0,0.0,33.33,0.0,,,0.0,0.0,66.67,100.0,,,,0.0,
2020-11-13,2020-11,45,6,mobile,(data deleted),(data deleted),(data deleted),new_session,4,4,1,0,0,0,3,1,0,0,6,0,0,0,0,0.0,25.0,0.0,,,0.0,0.0,75.0,100.0,,,,0.0,
2020-11-13,2020-11,45,6,tablet,google,cpc,<Other>,returning_session,1,1,1,0,0,0,0,1,0,0,7,0,0,0,0,0.0,100.0,0.0,,,0.0,0.0,0.0,100.0,,,,0.0,
2020-11-13,2020-11,45,6,desktop,(data deleted),(data deleted),<Other>,new_session,1,1,1,0,0,0,0,1,0,0,8,0,0,0,0,0.0,100.0,0.0,,,0.0,0.0,0.0,100.0,,,,0.0,
2020-11-13,2020-11,45,6,mobile,google,cpc,<Other>,new_session,38,38,6,0,1,0,32,6,0,1,9,0,2,0,0,0.0,15.79,0.0,,0.0,0.0,0.0,84.21,100.0,,100.0,,0.0,
2020-11-13,2020-11,45,6,tablet,(direct),(none),(direct),new_session,10,10,3,0,2,0,7,3,0,2,11,0,4,0,0,0.0,30.0,0.0,,0.0,0.0,0.0,70.0,100.0,,100.0,,0.0,
2020-11-13,2020-11,45,6,mobile,<Other>,organic,(organic),returning_session,7,7,4,0,0,0,3,4,0,0,14,0,0,0,0,0.0,57.14,0.0,,,0.0,0.0,42.86,100.0,,,,0.0,
2020-11-13,2020-11,45,6,tablet,(direct),(none),(direct),returning_session,4,4,1,0,0,0,3,1,0,0,18,0,0,0,0,0.0,25.0,0.0,,,0.0,0.0,75.0,100.0,,,,0.0,
2020-11-13,2020-11,45,6,desktop,google,cpc,<Other>,new_session,61,61,11,0,1,0,50,11,0,1,19,0,2,0,0,0.0,18.03,0.0,,0.0,0.0,0.0,81.97,100.0,,100.0,,0.0,
2020-11-13,2020-11,45,6,tablet,<Other>,<Other>,<Other>,returning_session,2,2,1,0,0,0,1,1,0,0,19,0,0,0,0,0.0,50.0,0.0,,,0.0,0.0,50.0,100.0,,,,0.0,
2020-11-13,2020-11,45,6,tablet,<Other>,<Other>,<Other>,new_session,10,10,4,0,0,0,6,4,0,0,23,0,0,0,0,0.0,40.0,0.0,,,0.0,0.0,60.0,100.0,,,,0.0,
2020-11-13,2020-11,45,6,mobile,shop.googlemerchandisestore.com,referral,(referral),new_session,45,45,10,0,2,0,35,10,0,2,30,0,4,0,0,0.0,22.22,0.0,,0.0,0.0,0.0,77.78,100.0,,100.0,,0.0,
2020-11-13,2020-11,45,6,mobile,<Other>,referral,(referral),returning_session,39,39,9,0,1,0,30,9,0,1,77,0,4,0,0,0.0,23.08,0.0,,0.0,0.0,0.0,76.92,100.0,,100.0,,0.0,
2020-11-13,2020-11,45,6,mobile,<Other>,referral,(referral),new_session,85,85,17,0,1,0,68,17,0,1,97,0,1,0,0,0.0,20.0,0.0,,0.0,0.0,0.0,80.0,100.0,,100.0,,0.0,
2020-11-13,2020-11,45,6,desktop,<Other>,referral,(referral),new_session,113,113,23,0,4,0,90,23,0,4,194,0,8,0,0,0.0,20.35,0.0,,0.0,0.0,0.0,79.65,100.0,,100.0,,0.0,
2020-11-13,2020-11,45,6,desktop,shop.googlemerchandisestore.com,referral,(referral),new_session,60,60,12,0,5,0,48,12,0,5,196,0,14,0,0,0.0,20.0,0.0,,0.0,0.0,0.0,80.0,100.0,,100.0,,0.0,
2020-11-13,2020-11,45,6,tablet,google,organic,(organic),new_session,25,25,9,0,1,0,16,9,0,1,206,0,2,0,0,0.0,36.0,0.0,,0.0,0.0,0.0,64.0,100.0,,100.0,,0.0,
2020-11-13,2020-11,45,6,desktop,<Other>,<Other>,<Other>,returning_session,38,38,10,0,3,1,28,10,0,2,40,0,8,1,1,14.0,26.32,0.0,,33.33,2.63,10.0,73.68,100.0,,66.67,14.0,0.37,14.0
2020-11-13,2020-11,45,6,mobile,<Other>,organic,(organic),new_session,27,27,7,0,3,1,20,7,0,2,52,0,10,1,1,10.0,25.93,0.0,,33.33,3.7,14.29,74.07,100.0,,66.67,10.0,0.37,10.0
2020-11-13,2020-11,45,6,mobile,shop.googlemerchandisestore.com,referral,(referral),returning_session,62,62,15,0,2,1,47,15,0,1,56,0,9,1,1,38.0,24.19,0.0,,50.0,1.61,6.67,75.81,100.0,,50.0,38.0,0.61,38.0
2020-11-13,2020-11,45,6,desktop,<Other>,organic,(organic),new_session,32,32,4,0,1,1,28,4,0,0,57,0,14,1,1,10.0,12.5,0.0,,100.0,3.13,25.0,87.5,100.0,,0.0,10.0,0.31,10.0
2020-11-13,2020-11,45,6,mobile,(direct),(none),(direct),new_session,205,205,47,0,5,1,158,47,0,4,152,0,17,1,1,40.0,22.93,0.0,,20.0,0.49,2.13,77.07,100.0,,80.0,40.0,0.2,40.0
2020-11-13,2020-11,45,6,mobile,<Other>,<Other>,<Other>,new_session,150,149,31,0,7,1,118,31,0,6,207,0,13,1,1,42.0,20.81,0.0,,14.29,0.67,3.23,79.19,100.0,,85.71,42.0,0.28,42.0
2020-11-13,2020-11,45,6,mobile,(direct),(none),(direct),returning_session,100,100,30,0,4,2,70,30,0,2,117,0,20,2,2,183.0,30.0,0.0,,50.0,2.0,6.67,70.0,100.0,,50.0,91.5,1.83,91.5
2020-11-13,2020-11,45,6,mobile,google,organic,(organic),new_session,307,307,69,0,17,2,238,69,0,15,693,0,41,3,2,254.0,22.48,0.0,,11.76,0.65,2.9,77.52,100.0,,88.24,127.0,0.83,127.0
2020-11-13,2020-11,45,6,mobile,<Other>,<Other>,<Other>,returning_session,36,36,15,0,4,3,21,15,0,1,70,0,14,3,3,107.0,41.67,0.0,,75.0,8.33,20.0,58.33,100.0,,25.0,35.67,2.97,35.67
2020-11-13,2020-11,45,6,desktop,google,organic,(organic),returning_session,148,148,37,0,5,3,111,37,0,2,167,0,12,3,3,230.0,25.0,0.0,,60.0,2.03,8.11,75.0,100.0,,40.0,76.67,1.55,76.67
2020-11-13,2020-11,45,6,desktop,google,organic,(organic),new_session,437,436,134,0,24,4,302,134,0,20,708,0,54,4,4,194.0,30.73,0.0,,16.67,0.92,2.99,69.27,100.0,,83.33,48.5,0.44,48.5
2020-11-13,2020-11,45,6,mobile,google,organic,(organic),returning_session,93,93,28,0,8,5,65,28,0,3,156,0,24,5,5,1288.0,30.11,0.0,,62.5,5.38,17.86,69.89,100.0,,37.5,257.6,13.85,257.6
2020-11-13,2020-11,45,6,desktop,<Other>,referral,(referral),returning_session,68,68,18,0,7,5,50,18,0,2,169,0,18,5,5,531.0,26.47,0.0,,71.43,7.35,27.78,73.53,100.0,,28.57,106.2,7.81,106.2
2020-11-13,2020-11,45,6,desktop,(direct),(none),(direct),new_session,335,334,90,0,19,5,244,90,0,14,605,0,67,6,6,538.0,26.95,0.0,,26.32,1.49,5.56,73.05,100.0,,73.68,107.6,1.61,89.67
2020-11-13,2020-11,45,6,desktop,shop.googlemerchandisestore.com,referral,(referral),returning_session,109,109,31,0,8,6,78,31,0,2,130,0,30,6,6,221.0,28.44,0.0,,75.0,5.5,19.35,71.56,100.0,,25.0,36.83,2.03,36.83
2020-11-13,2020-11,45,6,desktop,(direct),(none),(direct),returning_session,169,169,46,0,8,6,123,46,0,2,234,0,36,10,10,305.0,27.22,0.0,,75.0,3.55,13.04,72.78,100.0,,25.0,50.83,1.8,30.5
2020-11-13,2020-11,45,6,desktop,<Other>,<Other>,<Other>,new_session,224,224,58,0,17,6,166,58,0,11,409,0,67,9,9,565.0,25.89,0.0,,35.29,2.68,10.34,74.11,100.0,,64.71,94.17,2.52,62.78
2020-11-13,2020-11,45,6,desktop,(data deleted),(data deleted),(data deleted),returning_session,133,133,32,0,13,8,101,32,0,5,125,0,40,9,9,595.0,24.06,0.0,,61.54,6.02,25.0,75.94,100.0,,38.46,74.38,4.47,66.11
2020-11-13,2020-11,45,6,mobile,(data deleted),(data deleted),(data deleted),returning_session,98,98,30,0,10,8,68,30,0,2,232,0,58,8,8,666.0,30.61,0.0,,80.0,8.16,26.67,69.39,100.0,,20.0,83.25,6.8,83.25
2021-01-26,2021-01,4,3,tablet,google,cpc,<Other>,new_session,5,5,1,0,0,0,4,1,0,0,6,0,0,0,0,0.0,20.0,0.0,,,0.0,0.0,80.0,100.0,,,,0.0,
2021-01-26,2021-01,4,3,mobile,<Other>,<Other>,<Other>,returning_session,27,27,5,1,0,0,22,4,1,0,10,3,0,0,0,0.0,18.52,20.0,0.0,,0.0,0.0,81.48,80.0,100.0,,,0.0,
2021-01-26,2021-01,4,3,tablet,<Other>,referral,(referral),new_session,5,5,0,0,0,0,5,0,0,0,0,0,0,0,0,0.0,0.0,,,,0.0,,100.0,,,,,0.0,
2021-01-26,2021-01,4,3,tablet,<Other>,<Other>,<Other>,new_session,14,14,2,0,0,0,12,2,0,0,2,0,0,0,0,0.0,14.29,0.0,,,0.0,0.0,85.71,100.0,,,,0.0,
2021-01-26,2021-01,4,3,tablet,shop.googlemerchandisestore.com,referral,(referral),new_session,1,1,1,0,0,0,0,1,0,0,1,0,0,0,0,0.0,100.0,0.0,,,0.0,0.0,0.0,100.0,,,,0.0,
2021-01-26,2021-01,4,3,desktop,shop.googlemerchandisestore.com,referral,(referral),new_session,74,74,8,0,0,0,66,8,0,0,11,0,0,0,0,0.0,10.81,0.0,,,0.0,0.0,89.19,100.0,,,,0.0,
2021-01-26,2021-01,4,3,mobile,(data deleted),(data deleted),<Other>,returning_session,1,1,0,0,0,0,1,0,0,0,0,0,0,0,0,0.0,0.0,,,,0.0,,100.0,,,,,0.0,
2021-01-26,2021-01,4,3,tablet,(direct),(none),(direct),new_session,13,13,2,0,0,0,11,2,0,0,2,0,0,0,0,0.0,15.38,0.0,,,0.0,0.0,84.62,100.0,,,,0.0,
2021-01-26,2021-01,4,3,mobile,<Other>,<Other>,<Other>,new_session,204,204,45,6,0,0,159,39,6,0,113,11,0,0,0,0.0,22.06,13.33,0.0,,0.0,0.0,77.94,86.67,100.0,,,0.0,
2021-01-26,2021-01,4,3,desktop,google,cpc,<Other>,returning_session,11,11,1,0,0,0,10,1,0,0,1,0,0,0,0,0.0,9.09,0.0,,,0.0,0.0,90.91,100.0,,,,0.0,
2021-01-26,2021-01,4,3,tablet,(direct),(none),(direct),returning_session,7,7,2,0,0,0,5,2,0,0,3,0,0,0,0,0.0,28.57,0.0,,,0.0,0.0,71.43,100.0,,,,0.0,
2021-01-26,2021-01,4,3,tablet,<Other>,organic,(organic),new_session,3,3,1,0,0,0,2,1,0,0,1,0,0,0,0,0.0,33.33,0.0,,,0.0,0.0,66.67,100.0,,,,0.0,
2021-01-26,2021-01,4,3,tablet,shop.googlemerchandisestore.com,referral,(referral),returning_session,6,6,3,0,0,0,3,3,0,0,11,0,0,0,0,0.0,50.0,0.0,,,0.0,0.0,50.0,100.0,,,,0.0,
2021-01-26,2021-01,4,3,mobile,<Other>,organic,(organic),returning_session,9,9,1,0,0,0,8,1,0,0,4,0,0,0,0,0.0,11.11,0.0,,,0.0,0.0,88.89,100.0,,,,0.0,
2021-01-26,2021-01,4,3,tablet,google,organic,(organic),returning_session,5,5,1,0,0,0,4,1,0,0,16,0,0,0,0,0.0,20.0,0.0,,,0.0,0.0,80.0,100.0,,,,0.0,
2021-01-26,2021-01,4,3,tablet,google,organic,(organic),new_session,25,25,9,1,0,0,16,8,1,0,22,1,0,0,0,0.0,36.0,11.11,0.0,,0.0,0.0,64.0,88.89,100.0,,,0.0,
2021-01-26,2021-01,4,3,tablet,google,cpc,<Other>,returning_session,1,1,0,0,0,0,1,0,0,0,0,0,0,0,0,0.0,0.0,,,,0.0,,100.0,,,,,0.0,
2021-01-26,2021-01,4,3,mobile,shop.googlemerchandisestore.com,referral,(referral),new_session,60,60,14,0,0,0,46,14,0,0,48,0,0,0,0,0.0,23.33,0.0,,,0.0,0.0,76.67,100.0,,,,0.0,
2021-01-26,2021-01,4,3,desktop,(data deleted),(data deleted),<Other>,returning_session,6,6,3,0,0,0,3,3,0,0,7,0,0,0,0,0.0,50.0,0.0,,,0.0,0.0,50.0,100.0,,,,0.0,
2021-01-26,2021-01,4,3,desktop,(data deleted),(data deleted),(data deleted),new_session,5,5,0,0,0,0,5,0,0,0,0,0,0,0,0,0.0,0.0,,,,0.0,,100.0,,,,,0.0,
2021-01-26,2021-01,4,3,desktop,<Other>,(data deleted),(data deleted),returning_session,5,5,0,0,0,0,5,0,0,0,0,0,0,0,0,0.0,0.0,,,,0.0,,100.0,,,,,0.0,
2021-01-26,2021-01,4,3,desktop,<Other>,<Other>,<Other>,new_session,327,327,73,7,3,0,254,66,4,3,155,19,20,0,0,0.0,22.32,9.59,42.86,0.0,0.0,0.0,77.68,90.41,57.14,100.0,,0.0,
2021-01-26,2021-01,4,3,mobile,google,cpc,<Other>,new_session,78,78,21,2,2,0,57,19,1,2,50,21,8,0,0,0.0,26.92,9.52,100.0,0.0,0.0,0.0,73.08,90.48,50.0,100.0,,0.0,
2021-01-26,2021-01,4,3,desktop,google,cpc,<Other>,new_session,90,90,13,2,1,0,77,11,1,1,35,9,2,0,0,0.0,14.44,15.38,50.0,0.0,0.0,0.0,85.56,84.62,50.0,100.0,,0.0,
2021-01-26,2021-01,4,3,desktop,<Other>,referral,(referral),new_session,156,156,40,4,1,0,116,36,4,1,70,6,2,0,0,0.0,25.64,10.0,25.0,0.0,0.0,0.0,74.36,90.0,100.0,100.0,,0.0,
2021-01-26,2021-01,4,3,desktop,<Other>,organic,(organic),new_session,54,54,12,1,1,0,42,11,1,1,19,2,2,0,0,0.0,22.22,8.33,100.0,0.0,0.0,0.0,77.78,91.67,100.0,100.0,,0.0,
2021-01-26,2021-01,4,3,desktop,google,organic,(organic),new_session,591,591,135,16,5,1,456,119,13,4,392,43,12,1,1,24.0,22.84,11.85,31.25,20.0,0.17,0.74,77.16,88.15,81.25,80.0,24.0,0.04,24.0
2021-01-26,2021-01,4,3,desktop,<Other>,referral,(referral),returning_session,75,75,16,3,2,1,59,13,1,1,40,7,8,1,1,119.0,21.33,18.75,66.67,50.0,1.33,6.25,78.67,81.25,33.33,50.0,119.0,1.59,119.0
2021-01-26,2021-01,4,3,mobile,<Other>,referral,(referral),new_session,113,113,32,2,2,1,81,30,2,1,90,10,21,1,1,10.0,28.32,6.25,100.0,50.0,0.88,3.13,71.68,93.75,100.0,50.0,10.0,0.09,10.0
2021-01-26,2021-01,4,3,desktop,<Other>,organic,(organic),returning_session,16,16,8,1,1,1,8,7,1,0,27,6,2,1,1,0.0,50.0,12.5,100.0,100.0,6.25,12.5,50.0,87.5,100.0,0.0,0.0,0.0,0.0
2021-01-26,2021-01,4,3,mobile,(data deleted),(data deleted),(data deleted),new_session,1,1,1,1,1,1,0,0,0,0,8,8,2,1,1,0.0,100.0,100.0,100.0,100.0,100.0,100.0,0.0,0.0,0.0,0.0,0.0,0.0,0.0
2021-01-26,2021-01,4,3,mobile,google,cpc,<Other>,returning_session,7,7,3,1,1,1,4,2,0,0,17,1,6,1,1,26.0,42.86,33.33,100.0,100.0,14.29,33.33,57.14,66.67,0.0,0.0,26.0,3.71,26.0
2021-01-26,2021-01,4,3,mobile,<Other>,organic,(organic),new_session,36,36,12,3,1,1,24,9,2,0,81,32,4,1,1,0.0,33.33,25.0,33.33,100.0,2.78,8.33,66.67,75.0,66.67,0.0,0.0,0.0,0.0
2021-01-26,2021-01,4,3,tablet,(data deleted),(data deleted),(data deleted),returning_session,6,6,1,0,1,1,5,1,0,0,13,0,4,1,1,0.0,16.67,0.0,,100.0,16.67,100.0,83.33,100.0,,0.0,0.0,0.0,0.0
2021-01-26,2021-01,4,3,desktop,<Other>,<Other>,<Other>,returning_session,26,26,6,2,1,1,20,4,2,0,19,3,2,1,1,0.0,23.08,33.33,50.0,100.0,3.85,16.67,76.92,66.67,100.0,0.0,0.0,0.0,0.0
2021-01-26,2021-01,4,3,desktop,(direct),(none),(direct),new_session,402,402,93,11,9,2,309,82,7,7,231,33,32,2,2,0.0,23.13,11.83,81.82,22.22,0.5,2.15,76.87,88.17,63.64,77.78,0.0,0.0,0.0
2021-01-26,2021-01,4,3,mobile,google,organic,(organic),new_session,404,404,97,15,3,2,307,82,12,1,273,63,6,2,2,0.0,24.01,15.46,20.0,66.67,0.5,2.06,75.99,84.54,80.0,33.33,0.0,0.0,0.0
2021-01-26,2021-01,4,3,mobile,shop.googlemerchandisestore.com,referral,(referral),returning_session,72,72,21,2,2,2,51,19,1,0,100,6,11,2,2,82.0,29.17,9.52,100.0,100.0,2.78,9.52,70.83,90.48,50.0,0.0,41.0,1.14,41.0
2021-01-26,2021-01,4,3,mobile,<Other>,referral,(referral),returning_session,37,37,9,3,2,2,28,6,1,0,44,15,4,2,2,0.0,24.32,33.33,66.67,100.0,5.41,22.22,75.68,66.67,33.33,0.0,0.0,0.0,0.0
2021-01-26,2021-01,4,3,mobile,(direct),(none),(direct),new_session,258,257,68,8,9,3,189,60,4,6,202,42,31,3,3,68.0,26.46,11.76,112.5,33.33,1.16,4.41,73.54,88.24,50.0,66.67,22.67,0.26,22.67
2021-01-26,2021-01,4,3,desktop,google,organic,(organic),returning_session,151,151,36,6,7,4,115,30,3,3,138,12,33,4,4,76.0,23.84,16.67,116.67,57.14,2.65,11.11,76.16,83.33,50.0,42.86,19.0,0.5,19.0
2021-01-26,2021-01,4,3,desktop,shop.googlemerchandisestore.com,referral,(referral),returning_session,112,112,26,11,6,4,86,15,5,2,110,32,50,5,4,167.0,23.21,42.31,54.55,66.67,3.57,15.38,76.79,57.69,45.45,33.33,41.75,1.49,41.75
2021-01-26,2021-01,4,3,desktop,(direct),(none),(direct),returning_session,138,138,24,7,5,4,114,17,4,1,114,21,22,4,4,21.0,17.39,29.17,71.43,80.0,2.9,16.67,82.61,70.83,57.14,20.0,5.25,0.15,5.25
2021-01-26,2021-01,4,3,mobile,(direct),(none),(direct),returning_session,85,85,26,7,5,4,59,19,3,1,120,10,23,4,4,177.0,30.59,26.92,71.43,80.0,4.71,15.38,69.41,73.08,42.86,20.0,44.25,2.08,44.25
2021-01-26,2021-01,4,3,mobile,google,organic,(organic),returning_session,110,110,31,7,4,4,79,24,3,0,112,13,15,4,4,242.0,28.18,22.58,57.14,100.0,3.64,12.9,71.82,77.42,42.86,0.0,60.5,2.2,60.5
2021-01-26,2021-01,4,3,mobile,(data deleted),(data deleted),(data deleted),returning_session,105,105,22,4,4,4,83,18,1,0,55,8,13,4,4,123.0,20.95,18.18,100.0,100.0,3.81,18.18,79.05,81.82,25.0,0.0,30.75,1.17,30.75
2021-01-26,2021-01,4,3,desktop,(data deleted),(data deleted),(data deleted),returning_session,152,152,38,9,8,5,114,29,3,3,179,43,34,6,5,82.0,25.0,23.68,88.89,62.5,3.29,13.16,75.0,76.32,33.33,37.5,16.4,0.54,16.4
2020-11-05,2020-11,44,5,mobile,(data deleted),(data deleted),<Other>,returning_session,2,2,0,0,0,0,2,0,0,0,0,0,0,0,0,0.0,0.0,,,,0.0,,100.0,,,,,0.0,
2020-11-05,2020-11,44,5,tablet,google,organic,(organic),returning_session,8,8,0,0,0,0,8,0,0,0,0,0,0,0,0,0.0,0.0,,,,0.0,,100.0,,,,,0.0,
2020-11-05,2020-11,44,5,tablet,<Other>,<Other>,<Other>,returning_session,2,2,0,0,0,0,2,0,0,0,0,0,0,0,0,0.0,0.0,,,,0.0,,100.0,,,,,0.0,
2020-11-05,2020-11,44,5,desktop,(data deleted),(data deleted),(data deleted),new_session,1,1,0,0,0,0,1,0,0,0,0,0,0,0,0,0.0,0.0,,,,0.0,,100.0,,,,,0.0,
2020-11-05,2020-11,44,5,tablet,shop.googlemerchandisestore.com,referral,(referral),returning_session,3,3,0,0,0,0,3,0,0,0,0,0,0,0,0,0.0,0.0,,,,0.0,,100.0,,,,,0.0,
2020-11-05,2020-11,44,5,tablet,(data deleted),(data deleted),(data deleted),returning_session,6,6,2,0,0,0,4,2,0,0,10,0,0,0,0,0.0,33.33,0.0,,,0.0,0.0,66.67,100.0,,,,0.0,
2020-11-05,2020-11,44,5,tablet,<Other>,organic,(organic),new_session,4,4,1,0,0,0,3,1,0,0,1,0,0,0,0,0.0,25.0,0.0,,,0.0,0.0,75.0,100.0,,,,0.0,
2020-11-05,2020-11,44,5,mobile,(data deleted),(data deleted),(data deleted),new_session,6,6,1,0,0,0,5,1,0,0,1,0,0,0,0,0.0,16.67,0.0,,,0.0,0.0,83.33,100.0,,,,0.0,
2020-11-05,2020-11,44,5,tablet,<Other>,referral,(referral),returning_session,4,4,1,0,0,0,3,1,0,0,7,0,0,0,0,0.0,25.0,0.0,,,0.0,0.0,75.0,100.0,,,,0.0,
2020-11-05,2020-11,44,5,tablet,(direct),(none),(direct),returning_session,8,8,1,0,0,0,7,1,0,0,4,0,0,0,0,0.0,12.5,0.0,,,0.0,0.0,87.5,100.0,,,,0.0,
2020-11-05,2020-11,44,5,mobile,<Other>,<Other>,<Other>,returning_session,23,23,2,0,0,0,21,2,0,0,5,0,0,0,0,0.0,8.7,0.0,,,0.0,0.0,91.3,100.0,,,,0.0,
2020-11-05,2020-11,44,5,desktop,<Other>,<Other>,<Other>,returning_session,38,38,9,0,0,0,29,9,0,0,44,0,0,0,0,0.0,23.68,0.0,,,0.0,0.0,76.32,100.0,,,,0.0,
2020-11-05,2020-11,44,5,tablet,shop.googlemerchandisestore.com,referral,(referral),new_session,4,4,1,0,0,0,3,1,0,0,1,0,0,0,0,0.0,25.0,0.0,,,0.0,0.0,75.0,100.0,,,,0.0,
2020-11-05,2020-11,44,5,desktop,google,cpc,<Other>,returning_session,10,10,1,0,0,0,9,1,0,0,3,0,0,0,0,0.0,10.0,0.0,,,0.0,0.0,90.0,100.0,,,,0.0,
2020-11-05,2020-11,44,5,tablet,google,cpc,<Other>,new_session,2,2,1,0,1,0,1,1,0,1,13,0,2,0,0,0.0,50.0,0.0,,0.0,0.0,0.0,50.0,100.0,,100.0,,0.0,
2020-11-05,2020-11,44,5,mobile,google,organic,(organic),returning_session,134,134,31,0,1,0,103,31,0,1,208,0,3,0,0,0.0,23.13,0.0,,0.0,0.0,0.0,76.87,100.0,,100.0,,0.0,
2020-11-05,2020-11,44,5,desktop,shop.googlemerchandisestore.com,referral,(referral),new_session,71,71,17,0,3,0,54,17,0,3,51,0,5,0,0,0.0,23.94,0.0,,0.0,0.0,0.0,76.06,100.0,,100.0,,0.0,
2020-11-05,2020-11,44,5,mobile,<Other>,organic,(organic),new_session,33,33,7,0,2,0,26,7,0,2,127,0,2,0,0,0.0,21.21,0.0,,0.0,0.0,0.0,78.79,100.0,,100.0,,0.0,
2020-11-05,2020-11,44,5,tablet,google,organic,(organic),new_session,17,17,7,0,1,0,10,7,0,1,67,0,1,0,0,0.0,41.18,0.0,,0.0,0.0,0.0,58.82,100.0,,100.0,,0.0,
2020-11-05,2020-11,44,5,desktop,<Other>,organic,(organic),returning_session,11,11,4,0,1,0,7,4,0,1,12,0,1,0,0,0.0,36.36,0.0,,0.0,0.0,0.0,63.64,100.0,,100.0,,0.0,
2020-11-05,2020-11,44,5,mobile,<Other>,organic,(organic),returning_session,8,8,3,0,1,0,5,3,0,1,12,0,1,0,0,0.0,37.5,0.0,,0.0,0.0,0.0,62.5,100.0,,100.0,,0.0,
2020-11-05,2020-11,44,5,mobile,google,organic,(organic),new_session,353,352,76,0,8,0,276,76,0,8,343,0,10,0,0,0.0,21.59,0.0,,0.0,0.0,0.0,78.41,100.0,,100.0,,0.0,
2020-11-05,2020-11,44,5,mobile,shop.googlemerchandisestore.com,referral,(referral),new_session,55,55,9,0,2,0,46,9,0,2,125,0,2,0,0,0.0,16.36,0.0,,0.0,0.0,0.0,83.64,100.0,,100.0,,0.0,
2020-11-05,2020-11,44,5,tablet,<Other>,referral,(referral),new_session,7,7,3,0,1,0,4,3,0,1,8,0,1,0,0,0.0,42.86,0.0,,0.0,0.0,0.0,57.14,100.0,,100.0,,0.0,
2020-11-05,2020-11,44,5,mobile,(direct),(none),(direct),new_session,237,237,48,0,6,0,189,48,0,6,474,0,6,0,0,0.0,20.25,0.0,,0.0,0.0,0.0,79.75,100.0,,100.0,,0.0,
2020-11-05,2020-11,44,5,mobile,google,cpc,<Other>,returning_session,13,13,4,0,1,0,9,4,0,1,64,0,1,0,0,0.0,30.77,0.0,,0.0,0.0,0.0,69.23,100.0,,100.0,,0.0,
2020-11-05,2020-11,44,5,mobile,google,cpc,<Other>,new_session,56,56,15,0,3,0,41,15,0,3,114,0,4,0,0,0.0,26.79,0.0,,0.0,0.0,0.0,73.21,100.0,,100.0,,0.0,
2020-11-05,2020-11,44,5,desktop,<Other>,organic,(organic),new_session,36,36,7,0,1,0,29,7,0,1,10,0,1,0,0,0.0,19.44,0.0,,0.0,0.0,0.0,80.56,100.0,,100.0,,0.0,
2020-11-05,2020-11,44,5,mobile,<Other>,<Other>,<Other>,new_session,172,172,35,0,8,0,137,35,0,8,358,0,8,0,0,0.0,20.35,0.0,,0.0,0.0,0.0,79.65,100.0,,100.0,,0.0,
2020-11-05,2020-11,44,5,tablet,<Other>,<Other>,<Other>,new_session,12,12,5,0,1,0,7,5,0,1,8,0,1,0,0,0.0,41.67,0.0,,0.0,0.0,0.0,58.33,100.0,,100.0,,0.0,
2020-11-05,2020-11,44,5,mobile,shop.googlemerchandisestore.com,referral,(referral),returning_session,95,95,18,0,3,0,77,18,0,3,98,0,4,0,0,0.0,18.95,0.0,,0.0,0.0,0.0,81.05,100.0,,100.0,,0.0,
2020-11-05,2020-11,44,5,desktop,google,organic,(organic),returning_session,165,165,34,0,1,0,131,34,0,1,133,0,3,0,0,0.0,20.61,0.0,,0.0,0.0,0.0,79.39,100.0,,100.0,,0.0,
2020-11-05,2020-11,44,5,desktop,<Other>,referral,(referral),new_session,137,137,36,0,5,0,101,36,0,5,155,0,6,0,0,0.0,26.28,0.0,,0.0,0.0,0.0,73.72,100.0,,100.0,,0.0,
2020-11-05,2020-11,44,5,desktop,google,organic,(organic),new_session,505,504,117,0,17,1,387,117,0,16,672,0,40,1,1,18.0,23.21,0.0,,5.88,0.2,0.85,76.79,100.0,,94.12,18.0,0.04,18.0
2020-11-05,2020-11,44,5,desktop,(direct),(none),(direct),new_session,335,334,83,0,10,1,251,83,0,9,566,0,10,1,1,47.0,24.85,0.0,,10.0,0.3,1.2,75.15,100.0,,90.0,47.0,0.14,47.0
2020-11-05,2020-11,44,5,desktop,(direct),(none),(direct),returning_session,154,154,38,0,2,1,116,38,0,1,179,0,2,1,1,53.0,24.68,0.0,,50.0,0.65,2.63,75.32,100.0,,50.0,53.0,0.34,53.0
2020-11-05,2020-11,44,5,desktop,(data deleted),(data deleted),(data deleted),returning_session,197,197,47,0,6,2,150,47,0,4,185,0,15,2,2,36.0,23.86,0.0,,33.33,1.02,4.26,76.14,100.0,,66.67,18.0,0.18,18.0
2020-11-05,2020-11,44,5,desktop,google,cpc,<Other>,new_session,74,74,18,0,3,1,56,18,0,2,49,0,3,1,1,87.0,24.32,0.0,,33.33,1.35,5.56,75.68,100.0,,66.67,87.0,1.18,87.0
2020-11-05,2020-11,44,5,desktop,<Other>,<Other>,<Other>,new_session,233,233,51,0,8,3,182,51,0,5,236,0,13,3,3,319.0,21.89,0.0,,37.5,1.29,5.88,78.11,100.0,,62.5,106.33,1.37,106.33
2020-11-05,2020-11,44,5,mobile,<Other>,referral,(referral),returning_session,52,52,12,0,3,1,40,12,0,2,44,0,3,1,1,92.0,23.08,0.0,,33.33,1.92,8.33,76.92,100.0,,66.67,92.0,1.77,92.0
2020-11-05,2020-11,44,5,mobile,<Other>,referral,(referral),new_session,84,84,22,0,6,2,62,22,0,4,295,0,7,2,2,63.0,26.19,0.0,,33.33,2.38,9.09,73.81,100.0,,66.67,31.5,0.75,31.5
2020-11-05,2020-11,44,5,mobile,(data deleted),(data deleted),(data deleted),returning_session,135,134,33,0,5,3,101,33,0,2,277,0,11,3,3,382.0,24.63,0.0,,60.0,2.22,9.09,75.37,100.0,,40.0,127.33,2.83,127.33
2020-11-05,2020-11,44,5,mobile,(direct),(none),(direct),returning_session,114,114,29,0,7,3,85,29,0,4,126,0,11,3,3,160.0,25.44,0.0,,42.86,2.63,10.34,74.56,100.0,,57.14,53.33,1.4,53.33
2020-11-05,2020-11,44,5,desktop,shop.googlemerchandisestore.com,referral,(referral),returning_session,122,122,26,0,5,3,96,26,0,2,123,0,13,3,3,269.0,21.31,0.0,,60.0,2.46,11.54,78.69,100.0,,40.0,89.67,2.2,89.67
2020-11-05,2020-11,44,5,desktop,<Other>,referral,(referral),returning_session,75,75,15,0,2,2,60,15,0,0,32,0,3,2,2,60.0,20.0,0.0,,100.0,2.67,13.33,80.0,100.0,,0.0,30.0,0.8,30.0
2020-11-05,2020-11,44,5,tablet,(direct),(none),(direct),new_session,14,14,5,0,1,1,9,5,0,0,12,0,1,1,1,120.0,35.71,0.0,,100.0,7.14,20.0,64.29,100.0,,0.0,120.0,8.57,120.0
2020-11-05,2020-11,44,5,desktop,(data deleted),(data deleted),<Other>,returning_session,6,6,2,0,1,1,4,2,0,0,11,0,1,1,1,23.0,33.33,0.0,,100.0,16.67,50.0,66.67,100.0,,0.0,23.0,3.83,23.0
2020-11-05,2020-11,44,5,desktop,<Other>,(data deleted),(data deleted),returning_session,7,7,1,0,1,1,6,1,0,0,10,0,2,1,1,63.0,14.29,0.0,,100.0,14.29,100.0,85.71,100.0,,0.0,63.0,9.0,63.0
2020-11-12,2020-11,45,5,desktop,<Other>,(data deleted),(data deleted),returning_session,4,4,0,0,0,0,4,0,0,0,0,0,0,0,0,0.0,0.0,,,,0.0,,100.0,,,,,0.0,
2020-11-12,2020-11,45,5,mobile,(data deleted),(data deleted),<Other>,returning_session,4,4,2,0,0,0,2,2,0,0,6,0,0,0,0,0.0,50.0,0.0,,,0.0,0.0,50.0,100.0,,,,0.0,
2020-11-12,2020-11,45,5,tablet,shop.googlemerchandisestore.com,referral,(referral),returning_session,2,2,1,0,0,0,1,1,0,0,11,0,0,0,0,0.0,50.0,0.0,,,0.0,0.0,50.0,100.0,,,,0.0,
2020-11-12,2020-11,45,5,tablet,google,organic,(organic),new_session,12,12,2,0,0,0,10,2,0,0,2,0,0,0,0,0.0,16.67,0.0,,,0.0,0.0,83.33,100.0,,,,0.0,
2020-11-12,2020-11,45,5,tablet,<Other>,<Other>,<Other>,new_session,7,7,2,0,0,0,5,2,0,0,11,0,0,0,0,0.0,28.57,0.0,,,0.0,0.0,71.43,100.0,,,,0.0,
2020-11-12,2020-11,45,5,tablet,<Other>,referral,(referral),new_session,8,8,2,0,0,0,6,2,0,0,2,0,0,0,0,0.0,25.0,0.0,,,0.0,0.0,75.0,100.0,,,,0.0,
2020-11-12,2020-11,45,5,desktop,<Other>,organic,(organic),returning_session,7,7,2,0,0,0,5,2,0,0,6,0,0,0,0,0.0,28.57,0.0,,,0.0,0.0,71.43,100.0,,,,0.0,
2020-11-12,2020-11,45,5,tablet,google,cpc,<Other>,returning_session,1,1,0,0,0,0,1,0,0,0,0,0,0,0,0,0.0,0.0,,,,0.0,,100.0,,,,,0.0,
2020-11-12,2020-11,45,5,tablet,<Other>,referral,(referral),returning_session,1,1,0,0,0,0,1,0,0,0,0,0,0,0,0,0.0,0.0,,,,0.0,,100.0,,,,,0.0,
2020-11-12,2020-11,45,5,tablet,google,cpc,<Other>,new_session,3,3,0,0,0,0,3,0,0,0,0,0,0,0,0,0.0,0.0,,,,0.0,,100.0,,,,,0.0,
2020-11-12,2020-11,45,5,desktop,google,cpc,<Other>,returning_session,13,13,3,0,0,0,10,3,0,0,34,0,0,0,0,0.0,23.08,0.0,,,0.0,0.0,76.92,100.0,,,,0.0,
2020-11-12,2020-11,45,5,tablet,(direct),(none),(direct),returning_session,4,4,1,0,0,0,3,1,0,0,3,0,0,0,0,0.0,25.0,0.0,,,0.0,0.0,75.0,100.0,,,,0.0,
2020-11-12,2020-11,45,5,tablet,(direct),(none),(direct),new_session,12,12,1,0,0,0,11,1,0,0,4,0,0,0,0,0.0,8.33,0.0,,,0.0,0.0,91.67,100.0,,,,0.0,
2020-11-12,2020-11,45,5,desktop,<Other>,organic,(organic),new_session,47,47,12,0,0,0,35,12,0,0,21,0,0,0,0,0.0,25.53,0.0,,,0.0,0.0,74.47,100.0,,,,0.0,
2020-11-12,2020-11,45,5,mobile,(data deleted),(data deleted),(data deleted),new_session,2,2,1,0,0,0,1,1,0,0,2,0,0,0,0,0.0,50.0,0.0,,,0.0,0.0,50.0,100.0,,,,0.0,
2020-11-12,2020-11,45,5,tablet,shop.googlemerchandisestore.com,referral,(referral),new_session,3,3,2,0,0,0,1,2,0,0,8,0,0,0,0,0.0,66.67,0.0,,,0.0,0.0,33.33,100.0,,,,0.0,
2020-11-12,2020-11,45,5,tablet,<Other>,organic,(organic),new_session,1,1,0,0,0,0,1,0,0,0,0,0,0,0,0,0.0,0.0,,,,0.0,,100.0,,,,,0.0,
2020-11-12,2020-11,45,5,tablet,(data deleted),(data deleted),(data deleted),returning_session,3,3,3,0,0,0,0,3,0,0,12,0,0,0,0,0.0,100.0,0.0,,,0.0,0.0,0.0,100.0,,,,0.0,
2020-11-12,2020-11,45,5,desktop,(data deleted),(data deleted),(data deleted),new_session,7,6,1,0,0,0,5,1,0,0,5,0,0,0,0,0.0,16.67,0.0,,,0.0,0.0,83.33,100.0,,,,0.0,
2020-11-12,2020-11,45,5,mobile,<Other>,(data deleted),(data deleted),returning_session,2,2,1,0,0,0,1,1,0,0,1,0,0,0,0,0.0,50.0,0.0,,,0.0,0.0,50.0,100.0,,,,0.0,
2020-11-12,2020-11,45,5,tablet,google,organic,(organic),returning_session,6,6,1,0,0,0,5,1,0,0,3,0,0,0,0,0.0,16.67,0.0,,,0.0,0.0,83.33,100.0,,,,0.0,
2020-11-12,2020-11,45,5,mobile,<Other>,organic,(organic),returning_session,12,12,2,0,0,0,10,2,0,0,3,0,0,0,0,0.0,16.67,0.0,,,0.0,0.0,83.33,100.0,,,,0.0,
2020-11-12,2020-11,45,5,desktop,google,cpc,<Other>,new_session,71,71,16,0,3,0,55,16,0,3,33,0,3,0,0,0.0,22.54,0.0,,0.0,0.0,0.0,77.46,100.0,,100.0,,0.0,
2020-11-12,2020-11,45,5,mobile,google,cpc,<Other>,new_session,38,38,6,0,1,0,32,6,0,1,68,0,1,0,0,0.0,15.79,0.0,,0.0,0.0,0.0,84.21,100.0,,100.0,,0.0,
2020-11-12,2020-11,45,5,mobile,<Other>,referral,(referral),new_session,86,86,22,0,5,0,64,22,0,5,115,0,6,0,0,0.0,25.58,0.0,,0.0,0.0,0.0,74.42,100.0,,100.0,,0.0,
2020-11-12,2020-11,45,5,desktop,<Other>,referral,(referral),new_session,119,119,33,0,4,0,86,33,0,4,123,0,5,0,0,0.0,27.73,0.0,,0.0,0.0,0.0,72.27,100.0,,100.0,,0.0,
2020-11-12,2020-11,45,5,mobile,<Other>,organic,(organic),new_session,29,29,7,0,2,0,22,7,0,2,39,0,3,0,0,0.0,24.14,0.0,,0.0,0.0,0.0,75.86,100.0,,100.0,,0.0,
2020-11-12,2020-11,45,5,mobile,google,cpc,<Other>,returning_session,7,7,2,0,1,1,5,2,0,0,28,0,2,1,1,162.0,28.57,0.0,,100.0,14.29,50.0,71.43,100.0,,0.0,162.0,23.14,162.0
2020-11-12,2020-11,45,5,mobile,shop.googlemerchandisestore.com,referral,(referral),new_session,43,43,11,0,1,1,32,11,0,0,43,0,4,1,1,21.0,25.58,0.0,,100.0,2.33,9.09,74.42,100.0,,0.0,21.0,0.49,21.0
2020-11-12,2020-11,45,5,desktop,(data deleted),(data deleted),<Other>,returning_session,5,5,3,0,2,1,2,3,0,1,21,0,6,1,1,46.0,60.0,0.0,,50.0,20.0,33.33,40.0,100.0,,50.0,46.0,9.2,46.0
2020-11-12,2020-11,45,5,desktop,<Other>,<Other>,<Other>,returning_session,51,51,9,0,2,1,42,9,0,1,63,0,3,1,1,10.0,17.65,0.0,,50.0,1.96,11.11,82.35,100.0,,50.0,10.0,0.2,10.0
2020-11-12,2020-11,45,5,mobile,(data deleted),(data deleted),(data deleted),returning_session,124,124,33,0,4,1,91,33,0,3,128,0,9,1,1,32.0,26.61,0.0,,25.0,0.81,3.03,73.39,100.0,,75.0,32.0,0.26,32.0
2020-11-12,2020-11,45,5,mobile,<Other>,referral,(referral),returning_session,64,64,19,0,4,1,45,19,0,3,97,0,8,1,1,53.0,29.69,0.0,,25.0,1.56,5.26,70.31,100.0,,75.0,53.0,0.83,53.0
2020-11-12,2020-11,45,5,mobile,<Other>,<Other>,<Other>,new_session,148,148,44,0,5,1,104,44,0,4,245,0,12,1,1,16.0,29.73,0.0,,20.0,0.68,2.27,70.27,100.0,,80.0,16.0,0.11,16.0
2020-11-12,2020-11,45,5,desktop,<Other>,<Other>,<Other>,new_session,251,251,55,0,12,1,196,55,0,11,252,0,24,1,1,16.0,21.91,0.0,,8.33,0.4,1.82,78.09,100.0,,91.67,16.0,0.06,16.0
2020-11-12,2020-11,45,5,desktop,shop.googlemerchandisestore.com,referral,(referral),new_session,72,72,21,0,3,2,51,21,0,1,120,0,5,2,2,87.0,29.17,0.0,,66.67,2.78,9.52,70.83,100.0,,33.33,43.5,1.21,43.5
2020-11-12,2020-11,45,5,desktop,(data deleted),(data deleted),(data deleted),returning_session,145,145,31,0,4,2,114,31,0,2,166,0,9,2,2,222.0,21.38,0.0,,50.0,1.38,6.45,78.62,100.0,,50.0,111.0,1.53,111.0
2020-11-12,2020-11,45,5,mobile,google,organic,(organic),returning_session,107,106,31,0,6,2,75,31,0,4,128,0,19,2,2,126.0,29.25,0.0,,33.33,1.87,6.45,70.75,100.0,,66.67,63.0,1.18,63.0
2020-11-12,2020-11,45,5,mobile,(direct),(none),(direct),returning_session,111,111,30,0,6,2,81,30,0,4,159,0,16,2,2,192.0,27.03,0.0,,33.33,1.8,6.67,72.97,100.0,,66.67,96.0,1.73,96.0
2020-11-12,2020-11,45,5,mobile,(direct),(none),(direct),new_session,224,224,55,0,7,2,169,55,0,5,171,0,19,2,2,181.0,24.55,0.0,,28.57,0.89,3.64,75.45,100.0,,71.43,90.5,0.81,90.5
2020-11-12,2020-11,45,5,mobile,google,organic,(organic),new_session,336,336,79,0,16,2,257,79,0,14,409,0,30,2,2,61.0,23.51,0.0,,12.5,0.6,2.53,76.49,100.0,,87.5,30.5,0.18,30.5
2020-11-12,2020-11,45,5,desktop,<Other>,referral,(referral),returning_session,79,79,18,0,4,3,61,18,0,1,83,0,9,3,3,168.0,22.78,0.0,,75.0,3.8,16.67,77.22,100.0,,25.0,56.0,2.13,56.0
2020-11-12,2020-11,45,5,mobile,<Other>,<Other>,<Other>,returning_session,31,31,11,0,5,2,20,11,0,3,122,0,21,3,3,302.0,35.48,0.0,,40.0,6.45,18.18,64.52,100.0,,60.0,151.0,9.74,100.67
2020-11-12,2020-11,45,5,desktop,google,organic,(organic),returning_session,166,166,55,0,12,3,111,55,0,9,209,0,22,3,3,216.0,33.13,0.0,,25.0,1.81,5.45,66.87,100.0,,75.0,72.0,1.3,72.0
2020-11-12,2020-11,45,5,desktop,(direct),(none),(direct),new_session,335,335,82,0,14,3,253,82,0,11,543,0,23,3,3,219.0,24.48,0.0,,21.43,0.9,3.66,75.52,100.0,,78.57,73.0,0.65,73.0
2020-11-12,2020-11,45,5,desktop,(direct),(none),(direct),returning_session,196,196,52,0,6,3,144,52,0,3,213,0,13,4,4,170.0,26.53,0.0,,50.0,1.53,5.77,73.47,100.0,,50.0,56.67,0.87,42.5
2020-11-12,2020-11,45,5,desktop,google,organic,(organic),new_session,464,464,117,0,22,4,347,117,0,18,811,0,40,4,4,227.0,25.22,0.0,,18.18,0.86,3.42,74.78,100.0,,81.82,56.75,0.49,56.75
2020-11-12,2020-11,45,5,desktop,shop.googlemerchandisestore.com,referral,(referral),returning_session,130,130,35,0,9,6,95,35,0,3,253,0,24,6,6,413.0,26.92,0.0,,66.67,4.62,17.14,73.08,100.0,,33.33,68.83,3.18,68.83
2020-11-12,2020-11,45,5,mobile,shop.googlemerchandisestore.com,referral,(referral),returning_session,100,100,31,0,9,7,69,31,0,2,145,0,22,8,8,409.0,31.0,0.0,,77.78,7.0,22.58,69.0,100.0,,22.22,58.43,4.09,51.13
2020-12-16,2020-12,50,4,mobile,(data deleted),(data deleted),(data deleted),new_session,2,2,1,0,0,0,1,1,0,0,1,0,0,0,0,0.0,50.0,0.0,,,0.0,0.0,50.0,100.0,,,,0.0,
2020-12-16,2020-12,50,4,tablet,shop.googlemerchandisestore.com,referral,(referral),returning_session,8,8,2,0,0,0,6,2,0,0,3,0,0,0,0,0.0,25.0,0.0,,,0.0,0.0,75.0,100.0,,,,0.0,
2020-12-16,2020-12,50,4,mobile,google,cpc,<Other>,new_session,70,70,8,0,0,0,62,8,0,0,15,0,0,0,0,0.0,11.43,0.0,,,0.0,0.0,88.57,100.0,,,,0.0,
2020-12-16,2020-12,50,4,desktop,<Other>,organic,(organic),new_session,82,82,11,0,0,0,71,11,0,0,23,0,0,0,0,0.0,13.41,0.0,,,0.0,0.0,86.59,100.0,,,,0.0,
2020-12-16,2020-12,50,4,mobile,<Other>,(data deleted),(data deleted),returning_session,4,4,0,0,0,0,4,0,0,0,0,0,0,0,0,0.0,0.0,,,,0.0,,100.0,,,,,0.0,
2020-12-16,2020-12,50,4,tablet,<Other>,organic,(organic),new_session,2,2,0,0,0,0,2,0,0,0,0,0,0,0,0,0.0,0.0,,,,0.0,,100.0,,,,,0.0,
2020-12-16,2020-12,50,4,tablet,<Other>,referral,(referral),new_session,9,9,0,0,0,0,9,0,0,0,0,0,0,0,0,0.0,0.0,,,,0.0,,100.0,,,,,0.0,
2020-12-16,2020-12,50,4,desktop,(data deleted),(data deleted),<Other>,returning_session,4,4,2,0,0,0,2,2,0,0,10,0,0,0,0,0.0,50.0,0.0,,,0.0,0.0,50.0,100.0,,,,0.0,
2020-12-16,2020-12,50,4,tablet,google,organic,(organic),returning_session,4,4,2,0,0,0,2,2,0,0,7,0,0,0,0,0.0,50.0,0.0,,,0.0,0.0,50.0,100.0,,,,0.0,
2020-12-16,2020-12,50,4,desktop,<Other>,(data deleted),(data deleted),returning_session,1,1,0,0,0,0,1,0,0,0,0,0,0,0,0,0.0,0.0,,,,0.0,,100.0,,,,,0.0,
2020-12-16,2020-12,50,4,tablet,(direct),(none),(direct),new_session,19,19,3,0,0,0,16,3,0,0,7,0,0,0,0,0.0,15.79,0.0,,,0.0,0.0,84.21,100.0,,,,0.0,
2020-12-16,2020-12,50,4,tablet,google,organic,(organic),new_session,24,24,1,0,0,0,23,1,0,0,8,0,0,0,0,0.0,4.17,0.0,,,0.0,0.0,95.83,100.0,,,,0.0,
2020-12-16,2020-12,50,4,tablet,<Other>,organic,(organic),returning_session,1,1,0,0,0,0,1,0,0,0,0,0,0,0,0,0.0,0.0,,,,0.0,,100.0,,,,,0.0,
2020-12-16,2020-12,50,4,mobile,<Other>,organic,(organic),new_session,46,46,11,0,1,1,35,11,0,0,73,0,6,1,1,44.0,23.91,0.0,,100.0,2.17,9.09,76.09,100.0,,0.0,44.0,0.96,44.0
2020-12-16,2020-12,50,4,tablet,<Other>,<Other>,<Other>,new_session,24,24,5,1,0,0,19,4,1,0,5,1,0,0,0,0.0,20.83,20.0,0.0,,0.0,0.0,79.17,80.0,100.0,,,0.0,
2020-12-16,2020-12,50,4,mobile,<Other>,organic,(organic),returning_session,6,6,2,1,0,0,4,1,1,0,25,2,0,0,0,0.0,33.33,50.0,0.0,,0.0,0.0,66.67,50.0,100.0,,,0.0,
2020-12-16,2020-12,50,4,tablet,<Other>,referral,(referral),returning_session,6,6,3,1,0,0,3,2,1,0,27,5,0,0,0,0.0,50.0,33.33,0.0,,0.0,0.0,50.0,66.67,100.0,,,0.0,
2020-12-16,2020-12,50,4,desktop,<Other>,cpc,<Other>,returning_session,1,1,1,1,0,0,0,0,1,0,10,9,0,0,0,0.0,100.0,100.0,0.0,,0.0,0.0,0.0,0.0,100.0,,,0.0,
2020-12-16,2020-12,50,4,tablet,google,cpc,<Other>,returning_session,3,3,1,1,1,0,2,0,0,1,7,3,4,0,0,0.0,33.33,100.0,100.0,0.0,0.0,0.0,66.67,0.0,0.0,100.0,,0.0,
2020-12-16,2020-12,50,4,tablet,google,cpc,<Other>,new_session,5,5,1,1,1,0,4,0,0,1,14,1,4,0,0,0.0,20.0,100.0,100.0,0.0,0.0,0.0,80.0,0.0,0.0,100.0,,0.0,
2020-12-16,2020-12,50,4,tablet,(direct),(none),(direct),returning_session,7,7,3,1,1,0,4,2,0,1,14,1,2,0,0,0.0,42.86,33.33,100.0,0.0,0.0,0.0,57.14,66.67,0.0,100.0,,0.0,
2020-12-16,2020-12,50,4,tablet,(data deleted),(data deleted),(data deleted),returning_session,4,4,3,1,1,1,1,2,0,0,9,1,4,1,1,100.0,75.0,33.33,100.0,100.0,25.0,33.33,25.0,66.67,0.0,0.0,100.0,25.0,100.0
2020-12-16,2020-12,50,4,desktop,(data deleted),(data deleted),(data deleted),new_session,8,7,2,1,1,1,5,1,0,0,14,6,2,1,1,17.0,28.57,50.0,100.0,100.0,12.5,50.0,71.43,50.0,0.0,0.0,17.0,2.13,17.0
2020-12-16,2020-12,50,4,tablet,shop.googlemerchandisestore.com,referral,(referral),new_session,1,1,1,1,1,1,0,0,0,0,4,3,4,1,1,60.0,100.0,100.0,100.0,100.0,100.0,100.0,0.0,0.0,0.0,0.0,60.0,60.0,60.0
2020-12-16,2020-12,50,4,mobile,(data deleted),(data deleted),<Other>,returning_session,3,3,1,1,1,1,2,0,0,0,32,1,16,1,1,58.0,33.33,100.0,100.0,100.0,33.33,100.0,66.67,0.0,0.0,0.0,58.0,19.33,58.0
2020-12-16,2020-12,50,4,mobile,<Other>,referral,(referral),new_session,140,140,28,2,1,0,112,26,2,1,92,5,4,0,0,0.0,20.0,7.14,50.0,0.0,0.0,0.0,80.0,92.86,100.0,100.0,,0.0,
2020-12-16,2020-12,50,4,desktop,google,cpc,<Other>,returning_session,13,12,5,2,2,2,7,3,0,0,77,29,14,2,2,313.0,41.67,40.0,100.0,100.0,15.38,40.0,58.33,60.0,0.0,0.0,156.5,24.08,156.5
2020-12-16,2020-12,50,4,mobile,google,cpc,<Other>,returning_session,10,10,4,2,1,1,6,2,1,0,62,43,8,2,2,97.0,40.0,50.0,50.0,100.0,10.0,25.0,60.0,50.0,50.0,0.0,97.0,9.7,48.5
2020-12-16,2020-12,50,4,desktop,<Other>,<Other>,<Other>,returning_session,44,44,17,3,2,1,27,14,2,1,75,8,8,1,1,70.0,38.64,17.65,66.67,50.0,2.27,5.88,61.36,82.35,66.67,50.0,70.0,1.59,70.0
2020-12-16,2020-12,50,4,mobile,<Other>,referral,(referral),returning_session,58,58,17,3,4,3,41,14,1,1,114,14,14,3,3,263.0,29.31,17.65,133.33,75.0,5.17,17.65,70.69,82.35,33.33,25.0,87.67,4.53,87.67
2020-12-16,2020-12,50,4,desktop,<Other>,organic,(organic),returning_session,14,14,5,3,1,1,9,2,2,0,69,25,2,1,1,138.0,35.71,60.0,33.33,100.0,7.14,20.0,64.29,40.0,66.67,0.0,138.0,9.86,138.0
2020-12-16,2020-12,50,4,desktop,shop.googlemerchandisestore.com,referral,(referral),new_session,137,137,27,3,2,2,110,24,2,0,67,21,10,2,2,203.0,19.71,11.11,66.67,100.0,1.46,7.41,80.29,88.89,66.67,0.0,101.5,1.48,101.5
2020-12-16,2020-12,50,4,desktop,google,cpc,<Other>,new_session,141,141,17,4,0,0,124,13,4,0,61,10,0,0,0,0.0,12.06,23.53,0.0,,0.0,0.0,87.94,76.47,100.0,,,0.0,
2020-12-16,2020-12,50,4,mobile,shop.googlemerchandisestore.com,referral,(referral),new_session,79,79,14,4,1,0,65,10,3,1,48,13,2,0,0,0.0,17.72,28.57,25.0,0.0,0.0,0.0,82.28,71.43,75.0,100.0,,0.0,
2020-12-16,2020-12,50,4,mobile,<Other>,<Other>,<Other>,returning_session,26,26,9,4,1,1,17,5,3,0,64,31,8,2,2,66.0,34.62,44.44,25.0,100.0,3.85,11.11,65.38,55.56,75.0,0.0,66.0,2.54,33.0
2020-12-16,2020-12,50,4,desktop,<Other>,referral,(referral),new_session,210,210,41,11,1,0,169,30,10,1,178,63,2,0,0,0.0,19.52,26.83,9.09,0.0,0.0,0.0,80.48,73.17,90.91,100.0,,0.0,
2020-12-16,2020-12,50,4,mobile,<Other>,<Other>,<Other>,new_session,283,283,39,11,5,2,244,28,7,3,253,56,14,2,2,227.0,13.78,28.21,45.45,40.0,0.71,5.13,86.22,71.79,63.64,60.0,113.5,0.8,113.5
2020-12-16,2020-12,50,4,desktop,<Other>,<Other>,<Other>,new_session,386,386,60,12,4,2,326,48,8,2,276,88,10,2,2,222.0,15.54,20.0,33.33,50.0,0.52,3.33,84.46,80.0,66.67,50.0,111.0,0.58,111.0
2020-12-16,2020-12,50,4,desktop,<Other>,referral,(referral),returning_session,109,109,33,12,9,6,76,21,6,3,204,50,56,15,14,661.0,30.28,36.36,75.0,66.67,5.5,18.18,69.72,63.64,50.0,33.33,110.17,6.06,47.21
2020-12-16,2020-12,50,4,mobile,google,organic,(organic),returning_session,156,156,42,16,11,5,114,26,12,6,248,61,30,5,5,589.0,26.92,38.1,68.75,45.45,3.21,11.9,73.08,61.9,75.0,54.55,117.8,3.78,117.8
2020-12-16,2020-12,50,4,mobile,shop.googlemerchandisestore.com,referral,(referral),returning_session,91,90,28,16,6,5,62,12,10,1,176,73,34,9,9,572.0,31.11,57.14,37.5,83.33,5.49,17.86,68.89,42.86,62.5,16.67,114.4,6.29,63.56
2020-12-16,2020-12,50,4,mobile,(data deleted),(data deleted),(data deleted),returning_session,123,123,34,17,12,8,89,17,7,4,211,84,69,8,8,571.0,27.64,50.0,70.59,66.67,6.5,23.53,72.36,50.0,41.18,33.33,71.38,4.64,71.38
2020-12-16,2020-12,50,4,mobile,(direct),(none),(direct),new_session,359,358,62,17,8,7,296,45,10,1,261,51,30,7,7,314.0,17.32,27.42,47.06,87.5,1.95,11.29,82.68,72.58,58.82,12.5,44.86,0.87,44.86
2020-12-16,2020-12,50,4,mobile,google,organic,(organic),new_session,561,561,95,18,11,7,466,77,12,4,387,63,38,7,7,413.0,16.93,18.95,61.11,63.64,1.25,7.37,83.07,81.05,66.67,36.36,59.0,0.74,59.0
2020-12-16,2020-12,50,4,mobile,(direct),(none),(direct),returning_session,146,146,45,20,10,5,101,25,11,5,294,83,64,6,6,357.0,30.82,44.44,50.0,50.0,3.42,11.11,69.18,55.56,55.0,50.0,71.4,2.45,59.5
2020-12-16,2020-12,50,4,desktop,shop.googlemerchandisestore.com,referral,(referral),returning_session,163,162,56,22,16,8,106,34,13,8,437,156,64,8,8,558.0,34.57,39.29,72.73,50.0,4.91,14.29,65.43,60.71,59.09,50.0,69.75,3.42,69.75
2020-12-16,2020-12,50,4,desktop,(data deleted),(data deleted),(data deleted),returning_session,221,221,57,22,18,12,164,35,9,6,431,110,96,14,14,759.0,25.79,38.6,81.82,66.67,5.43,21.05,74.21,61.4,40.91,33.33,63.25,3.43,54.21
2020-12-16,2020-12,50,4,desktop,google,organic,(organic),returning_session,212,212,69,23,13,6,143,46,14,7,412,145,74,14,14,1583.0,32.55,33.33,56.52,46.15,2.83,8.7,67.45,66.67,60.87,53.85,263.83,7.47,113.07
2020-12-16,2020-12,50,4,desktop,(direct),(none),(direct),returning_session,209,207,56,24,14,10,151,33,13,4,419,137,64,10,10,1371.0,27.05,42.86,58.33,71.43,4.78,17.86,72.95,58.93,54.17,28.57,137.1,6.56,137.1
2020-12-16,2020-12,50,4,desktop,google,organic,(organic),new_session,755,755,157,26,11,6,598,132,17,5,655,89,34,6,6,406.0,20.79,16.56,42.31,54.55,0.79,3.82,79.21,84.08,65.38,45.45,67.67,0.54,67.67
2020-12-16,2020-12,50,4,desktop,(direct),(none),(direct),new_session,538,538,102,26,11,10,436,76,19,1,472,134,40,10,10,845.0,18.96,25.49,42.31,90.91,1.86,9.8,81.04,74.51,73.08,9.09,84.5,1.57,84.5