cohort_month,cohort_month_label,week_number,week_label,first_device_category,first_traffic_source,first_traffic_medium,first_traffic_campaign,first_country,cohort_users,retained_users,retention_rate
2021-01-01,2021-01,5,Week 5,desktop,google,organic,(organic),United States,8084,1,0.01
2020-11-01,2020-11,13,Week 13,mobile,(data deleted),(data deleted),(data deleted),United States,279,1,0.36
2020-11-01,2020-11,12,Week 12,desktop,(data deleted),(data deleted),(data deleted),United States,393,3,0.76
2020-11-01,2020-11,11,Week 11,desktop,(data deleted),(data deleted),(data deleted),United States,393,3,0.76
2020-11-01,2020-11,8,Week 8,desktop,(data deleted),(data deleted),(data deleted),India,88,1,1.14
2020-11-01,2020-11,12,Week 12,desktop,(data deleted),(data deleted),(data deleted),India,88,1,1.14
2020-11-01,2020-11,9,Week 9,desktop,(data deleted),(data deleted),(data deleted),India,88,1,1.14
2020-11-01,2020-11,12,Week 12,desktop,(data deleted),(data deleted),(data deleted),Canada,68,1,1.47
2020-11-01,2020-11,7,Week 7,desktop,(data deleted),(data deleted),(data deleted),United States,393,6,1.53
2020-11-01,2020-11,9,Week 9,desktop,(data deleted),(data deleted),(data deleted),United States,393,6,1.53
2020-11-01,2020-11,7,Week 7,mobile,(data deleted),(data deleted),(data deleted),India,59,1,1.69
2020-11-01,2020-11,5,Week 5,mobile,(data deleted),(data deleted),(data deleted),India,59,1,1.69
2020-11-01,2020-11,11,Week 11,mobile,(data deleted),(data deleted),(data deleted),India,59,1,1.69
2020-11-01,2020-11,12,Week 12,mobile,(data deleted),(data deleted),(data deleted),India,59,1,1.69
2020-11-01,2020-11,11,Week 11,mobile,(data deleted),(data deleted),(data deleted),United States,279,5,1.79
2020-11-01,2020-11,12,Week 12,mobile,(data deleted),(data deleted),(data deleted),United States,279,5,1.79
2020-11-01,2020-11,12,Week 12,mobile,(data deleted),(data deleted),(data deleted),Canada,55,1,1.82
2020-11-01,2020-11,8,Week 8,mobile,(data deleted),(data deleted),(data deleted),Canada,55,1,1.82
2020-11-01,2020-11,7,Week 7,mobile,(data deleted),(data deleted),(data deleted),Canada,55,1,1.82
2020-11-01,2020-11,11,Week 11,mobile,(data deleted),(data deleted),(data deleted),Canada,55,1,1.82
2020-11-01,2020-11,8,Week 8,mobile,(data deleted),(data deleted),(data deleted),United States,279,6,2.15
2020-11-01,2020-11,7,Week 7,desktop,(data deleted),(data deleted),(data deleted),India,88,2,2.27
2020-11-01,2020-11,10,Week 10,desktop,(data deleted),(data deleted),(data deleted),India,88,2,2.27
2020-11-01,2020-11,8,Week 8,desktop,(data deleted),(data deleted),(data deleted),United States,393,9,2.29
2020-11-01,2020-11,10,Week 10,desktop,(data deleted),(data deleted),(data deleted),United States,393,9,2.29
2020-11-01,2020-11,9,Week 9,mobile,(data deleted),(data deleted),(data deleted),United States,279,7,2.51
2020-11-01,2020-11,7,Week 7,mobile,(data deleted),(data deleted),(data deleted),United States,279,7,2.51
2020-11-01,2020-11,10,Week 10,mobile,(data deleted),(data deleted),(data deleted),United States,279,8,2.87
2020-11-01,2020-11,7,Week 7,desktop,(data deleted),(data deleted),(data deleted),Canada,68,2,2.94
2020-11-01,2020-11,9,Week 9,desktop,(data deleted),(data deleted),(data deleted),Canada,68,2,2.94
2020-11-01,2020-11,8,Week 8,desktop,(data deleted),(data deleted),(data deleted),Canada,68,2,2.94
2020-11-01,2020-11,9,Week 9,mobile,(data deleted),(data deleted),(data deleted),India,59,2,3.39
2020-11-01,2020-11,5,Week 5,desktop,(data deleted),(data deleted),(data deleted),United Kingdom,29,1,3.45
2020-11-01,2020-11,8,Week 8,desktop,(data deleted),(data deleted),(data deleted),United Kingdom,29,1,3.45
2020-11-01,2020-11,6,Week 6,desktop,(data deleted),(data deleted),(data deleted),United Kingdom,29,1,3.45
2020-11-01,2020-11,6,Week 6,desktop,(data deleted),(data deleted),(data deleted),United States,393,14,3.56
2020-11-01,2020-11,10,Week 10,mobile,(data deleted),(data deleted),(data deleted),Canada,55,2,3.64
2020-11-01,2020-11,6,Week 6,mobile,(data deleted),(data deleted),(data deleted),Canada,55,2,3.64
2020-11-01,2020-11,5,Week 5,mobile,(data deleted),(data deleted),(data deleted),Canada,55,2,3.64
2020-11-01,2020-11,3,Week 3,mobile,(data deleted),(data deleted),(data deleted),United Kingdom,24,1,4.17
2020-11-01,2020-11,9,Week 9,mobile,(data deleted),(data deleted),(data deleted),United Kingdom,24,1,4.17
2020-11-01,2020-11,4,Week 4,mobile,(data deleted),(data deleted),(data deleted),United Kingdom,24,1,4.17
2020-11-01,2020-11,10,Week 10,mobile,(data deleted),(data deleted),(data deleted),United Kingdom,24,1,4.17
2020-11-01,2020-11,1,Week 1,mobile,(data deleted),(data deleted),(data deleted),United Kingdom,24,1,4.17
2020-11-01,2020-11,2,Week 2,mobile,(data deleted),(data deleted),(data deleted),United Kingdom,24,1,4.17
2020-11-01,2020-11,6,Week 6,mobile,(data deleted),(data deleted),(data deleted),United States,279,12,4.3
2020-11-01,2020-11,5,Week 5,desktop,(data deleted),(data deleted),(data deleted),Spain,23,1,4.35
2020-11-01,2020-11,3,Week 3,desktop,(data deleted),(data deleted),(data deleted),Spain,23,1,4.35
2020-11-01,2020-11,4,Week 4,desktop,(data deleted),(data deleted),(data deleted),Spain,23,1,4.35
2020-11-01,2020-11,12,Week 12,desktop,(data deleted),(data deleted),(data deleted),Spain,23,1,4.35
2020-11-01,2020-11,6,Week 6,desktop,(data deleted),(data deleted),(data deleted),Spain,23,1,4.35
2020-11-01,2020-11,9,Week 9,desktop,(data deleted),(data deleted),(data deleted),Spain,23,1,4.35
2020-11-01,2020-11,3,Week 3,desktop,(data deleted),(data deleted),(data deleted),Germany,22,1,4.55
2020-11-01,2020-11,9,Week 9,desktop,(data deleted),(data deleted),(data deleted),Germany,22,1,4.55
2020-11-01,2020-11,4,Week 4,desktop,(data deleted),(data deleted),(data deleted),Germany,22,1,4.55
2020-11-01,2020-11,2,Week 2,desktop,(data deleted),(data deleted),(data deleted),Germany,22,1,4.55
2020-11-01,2020-11,6,Week 6,desktop,(data deleted),(data deleted),(data deleted),India,88,4,4.55
2020-11-01,2020-11,10,Week 10,desktop,(data deleted),(data deleted),(data deleted),Germany,22,1,4.55
2020-11-01,2020-11,3,Week 3,mobile,(data deleted),(data deleted),(data deleted),India,59,3,5.08
2020-11-01,2020-11,6,Week 6,desktop,(data deleted),(data deleted),(data deleted),Taiwan,19,1,5.26
2020-11-01,2020-11,3,Week 3,desktop,(data deleted),(data deleted),(data deleted),Taiwan,19,1,5.26
2020-11-01,2020-11,7,Week 7,desktop,(data deleted),(data deleted),(data deleted),Taiwan,19,1,5.26
2020-11-01,2020-11,4,Week 4,desktop,(data deleted),(data deleted),(data deleted),India,88,5,5.68
2020-11-01,2020-11,3,Week 3,desktop,(data deleted),(data deleted),(data deleted),India,88,5,5.68
2020-11-01,2020-11,5,Week 5,desktop,(data deleted),(data deleted),(data deleted),United States,393,23,5.85
2020-11-01,2020-11,4,Week 4,mobile,(data deleted),(data deleted),(data deleted),France,17,1,5.88
2020-11-01,2020-11,3,Week 3,mobile,(data deleted),(data deleted),(data deleted),France,17,1,5.88
2020-11-01,2020-11,5,Week 5,desktop,(data deleted),(data deleted),(data deleted),France,17,1,5.88
2020-11-01,2020-11,6,Week 6,desktop,(data deleted),(data deleted),(data deleted),France,17,1,5.88
2020-11-01,2020-11,9,Week 9,mobile,(data deleted),(data deleted),(data deleted),France,17,1,5.88
2020-11-01,2020-11,7,Week 7,mobile,(data deleted),(data deleted),(data deleted),France,17,1,5.88
2020-11-01,2020-11,5,Week 5,desktop,(data deleted),(data deleted),(data deleted),Canada,68,4,5.88
2020-11-01,2020-11,5,Week 5,mobile,(data deleted),(data deleted),(data deleted),France,17,1,5.88
2020-11-01,2020-11,4,Week 4,desktop,(data deleted),(data deleted),(data deleted),United States,393,25,6.36
2020-11-01,2020-11,3,Week 3,tablet,(data deleted),(data deleted),(data deleted),United States,15,1,6.67
2020-11-01,2020-11,5,Week 5,tablet,(data deleted),(data deleted),(data deleted),United States,15,1,6.67
2020-11-01,2020-11,5,Week 5,mobile,(data deleted),(data deleted),(data deleted),Brazil,15,1,6.67
2020-11-01,2020-11,7,Week 7,mobile,(data deleted),(data deleted),(data deleted),Brazil,15,1,6.67
2020-11-01,2020-11,4,Week 4,mobile,(data deleted),(data deleted),(data deleted),India,59,4,6.78
2020-11-01,2020-11,4,Week 4,desktop,(data deleted),(data deleted),(data deleted),United Kingdom,29,2,6.9
2020-11-01,2020-11,2,Week 2,desktop,(data deleted),(data deleted),(data deleted),United Kingdom,29,2,6.9
2020-11-01,2020-11,12,Week 12,desktop,(data deleted),(data deleted),(data deleted),Singapore,14,1,7.14
2020-11-01,2020-11,5,Week 5,desktop,(data deleted),(data deleted),(data deleted),Singapore,14,1,7.14
2020-11-01,2020-11,4,Week 4,desktop,(data deleted),(data deleted),(data deleted),Singapore,14,1,7.14
2020-11-01,2020-11,8,Week 8,desktop,(data deleted),(data deleted),(data deleted),Singapore,14,1,7.14
2020-11-01,2020-11,2,Week 2,mobile,(data deleted),(data deleted),(data deleted),Spain,14,1,7.14
2020-11-01,2020-11,2,Week 2,mobile,(data deleted),(data deleted),(data deleted),Canada,55,4,7.27
2020-11-01,2020-11,6,Week 6,desktop,(data deleted),(data deleted),(data deleted),Canada,68,5,7.35
2020-11-01,2020-11,5,Week 5,mobile,(data deleted),(data deleted),(data deleted),United States,279,21,7.53
2020-11-01,2020-11,3,Week 3,mobile,(data deleted),(data deleted),(data deleted),United States,279,21,7.53
2020-11-01,2020-11,4,Week 4,mobile,(data deleted),(data deleted),(data deleted),Taiwan,13,1,7.69
2020-11-01,2020-11,2,Week 2,mobile,(data deleted),(data deleted),(data deleted),Taiwan,13,1,7.69
2020-11-01,2020-11,5,Week 5,desktop,(data deleted),(data deleted),(data deleted),India,88,7,7.95
2020-11-01,2020-11,2,Week 2,desktop,(data deleted),(data deleted),<Other>,United States,12,1,8.33
2020-11-01,2020-11,6,Week 6,desktop,(data deleted),(data deleted),<Other>,United States,12,1,8.33
2020-11-01,2020-11,4,Week 4,desktop,(data deleted),(data deleted),<Other>,United States,12,1,8.33
2020-11-01,2020-11,5,Week 5,desktop,(data deleted),(data deleted),<Other>,United States,12,1,8.33
2020-11-01,2020-11,2,Week 2,desktop,(data deleted),(data deleted),(data deleted),Turkey,12,1,8.33
2020-11-01,2020-11,3,Week 3,desktop,(data deleted),(data deleted),<Other>,United States,12,1,8.33
2020-11-01,2020-11,10,Week 10,desktop,(data deleted),(data deleted),<Other>,United States,12,1,8.33
2020-11-01,2020-11,10,Week 10,desktop,(data deleted),(data deleted),(data deleted),Spain,23,2,8.7
2020-11-01,2020-11,2,Week 2,mobile,(data deleted),(data deleted),(data deleted),China,11,1,9.09
2020-11-01,2020-11,1,Week 1,mobile,(data deleted),(data deleted),(data deleted),Germany,11,1,9.09
2020-11-01,2020-11,6,Week 6,mobile,(data deleted),(data deleted),(data deleted),Italy,11,1,9.09
2020-11-01,2020-11,3,Week 3,mobile,(data deleted),(data deleted),(data deleted),Italy,11,1,9.09
2020-11-01,2020-11,2,Week 2,mobile,(data deleted),(data deleted),(data deleted),Germany,11,1,9.09
2020-11-01,2020-11,9,Week 9,mobile,(data deleted),(data deleted),(data deleted),Italy,11,1,9.09
2020-11-01,2020-11,4,Week 4,mobile,(data deleted),(data deleted),(data deleted),Germany,11,1,9.09
2020-11-01,2020-11,2,Week 2,desktop,(data deleted),(data deleted),(data deleted),India,88,8,9.09
2020-11-01,2020-11,1,Week 1,mobile,(data deleted),(data deleted),(data deleted),China,11,1,9.09
2020-11-01,2020-11,5,Week 5,mobile,(data deleted),(data deleted),(data deleted),Italy,11,1,9.09
2020-11-01,2020-11,4,Week 4,mobile,(data deleted),(data deleted),(data deleted),Canada,55,5,9.09
2020-11-01,2020-11,5,Week 5,mobile,(data deleted),(data deleted),(data deleted),China,11,1,9.09
2020-11-01,2020-11,4,Week 4,mobile,(data deleted),(data deleted),(data deleted),United States,279,26,9.32
2020-11-01,2020-11,3,Week 3,desktop,(data deleted),(data deleted),(data deleted),United States,393,38,9.67
2020-11-01,2020-11,4,Week 4,desktop,(data deleted),(data deleted),(data deleted),South Korea,10,1,10.0
2020-11-01,2020-11,3,Week 3,mobile,(data deleted),(data deleted),(data deleted),Turkey,10,1,10.0
2020-11-01,2020-11,4,Week 4,desktop,(data deleted),(data deleted),(data deleted),Japan,10,1,10.0
2020-11-01,2020-11,2,Week 2,desktop,(data deleted),(data deleted),(data deleted),Japan,10,1,10.0
2020-11-01,2020-11,4,Week 4,desktop,(data deleted),(data deleted),(data deleted),China,10,1,10.0
2020-11-01,2020-11,5,Week 5,desktop,(data deleted),(data deleted),(data deleted),Japan,10,1,10.0
2020-11-01,2020-11,3,Week 3,desktop,(data deleted),(data deleted),(data deleted),China,10,1,10.0
2020-11-01,2020-11,8,Week 8,desktop,(data deleted),(data deleted),(data deleted),Japan,10,1,10.0
2020-11-01,2020-11,9,Week 9,desktop,(data deleted),(data deleted),(data deleted),South Korea,10,1,10.0
2020-11-01,2020-11,1,Week 1,desktop,(data deleted),(data deleted),(data deleted),China,10,1,10.0
2020-11-01,2020-11,3,Week 3,desktop,(data deleted),(data deleted),(data deleted),Japan,10,1,10.0
2020-11-01,2020-11,1,Week 1,mobile,(data deleted),(data deleted),(data deleted),Turkey,10,1,10.0
2020-11-01,2020-11,8,Week 8,desktop,(data deleted),(data deleted),(data deleted),South Korea,10,1,10.0
2020-11-01,2020-11,3,Week 3,desktop,(data deleted),(data deleted),(data deleted),South Korea,10,1,10.0
2020-11-01,2020-11,6,Week 6,desktop,(data deleted),(data deleted),(data deleted),Japan,10,1,10.0
2020-11-01,2020-11,11,Week 11,mobile,(data deleted),(data deleted),(data deleted),Singapore,10,1,10.0
2020-11-01,2020-11,2,Week 2,mobile,(data deleted),(data deleted),(data deleted),India,59,6,10.17
2020-11-01,2020-11,3,Week 3,desktop,(data deleted),(data deleted),(data deleted),United Kingdom,29,3,10.34
2020-11-01,2020-11,2,Week 2,desktop,(data deleted),(data deleted),(data deleted),United States,393,41,10.43
2020-11-01,2020-11,2,Week 2,desktop,(data deleted),(data deleted),(data deleted),Taiwan,19,2,10.53
2020-11-01,2020-11,5,Week 5,desktop,(data deleted),(data deleted),(data deleted),Taiwan,19,2,10.53
2020-11-01,2020-11,3,Week 3,mobile,(data deleted),(data deleted),(data deleted),Canada,55,6,10.91
2020-11-01,2020-11,10,Week 10,mobile,(data deleted),(data deleted),(data deleted),South Korea,9,1,11.11
2020-11-01,2020-11,11,Week 11,mobile,(data deleted),(data deleted),(data deleted),South Korea,9,1,11.11
2020-11-01,2020-11,4,Week 4,mobile,(data deleted),(data deleted),(data deleted),South Korea,9,1,11.11
2020-11-01,2020-11,3,Week 3,mobile,(data deleted),(data deleted),(data deleted),South Korea,9,1,11.11
2020-11-01,2020-11,8,Week 8,mobile,(data deleted),(data deleted),(data deleted),South Korea,9,1,11.11
2020-11-01,2020-11,7,Week 7,mobile,(data deleted),(data deleted),(data deleted),South Korea,9,1,11.11
2020-11-01,2020-11,2,Week 2,mobile,(data deleted),(data deleted),(data deleted),United States,279,31,11.11
2020-11-01,2020-11,5,Week 5,mobile,(data deleted),(data deleted),(data deleted),South Korea,9,1,11.11
2020-11-01,2020-11,4,Week 4,desktop,(data deleted),(data deleted),(data deleted),France,17,2,11.76
2020-11-01,2020-11,2,Week 2,mobile,(data deleted),(data deleted),(data deleted),France,17,2,11.76
2020-11-01,2020-11,2,Week 2,desktop,(data deleted),(data deleted),(data deleted),France,17,2,11.76
2020-11-01,2020-11,6,Week 6,mobile,(data deleted),(data deleted),(data deleted),France,17,2,11.76
2020-11-01,2020-11,1,Week 1,desktop,(data deleted),(data deleted),(data deleted),Spain,23,3,13.04
2020-11-01,2020-11,3,Week 3,desktop,(data deleted),(data deleted),(data deleted),Canada,68,9,13.24
2020-11-01,2020-11,1,Week 1,mobile,(data deleted),(data deleted),(data deleted),Brazil,15,2,13.33
2020-11-01,2020-11,1,Week 1,desktop,(data deleted),(data deleted),(data deleted),United Kingdom,29,4,13.79
2020-11-01,2020-11,4,Week 4,mobile,(data deleted),(data deleted),(data deleted),(not set),7,1,14.29
2020-11-01,2020-11,5,Week 5,mobile,(data deleted),(data deleted),(data deleted),(not set),7,1,14.29
2020-11-01,2020-11,9,Week 9,desktop,(data deleted),(data deleted),(data deleted),Malaysia,7,1,14.29
2020-11-01,2020-11,4,Week 4,desktop,(data deleted),(data deleted),(data deleted),(not set),7,1,14.29
2020-11-01,2020-11,9,Week 9,desktop,(data deleted),(data deleted),(data deleted),Singapore,14,2,14.29
2020-11-01,2020-11,4,Week 4,desktop,<Other>,(data deleted),(data deleted),United States,7,1,14.29
2020-11-01,2020-11,1,Week 1,desktop,(data deleted),(data deleted),(data deleted),(not set),7,1,14.29
2020-11-01,2020-11,3,Week 3,mobile,(data deleted),(data deleted),(data deleted),(not set),7,1,14.29
2020-11-01,2020-11,1,Week 1,mobile,(data deleted),(data deleted),(data deleted),Canada,55,8,14.55
2020-11-01,2020-11,4,Week 4,desktop,(data deleted),(data deleted),(data deleted),Canada,68,10,14.71
2020-11-01,2020-11,1,Week 1,mobile,(data deleted),(data deleted),(data deleted),India,59,9,15.25
2020-11-01,2020-11,1,Week 1,mobile,(data deleted),(data deleted),(data deleted),Taiwan,13,2,15.38
2020-11-01,2020-11,1,Week 1,desktop,(data deleted),(data deleted),(data deleted),United States,393,62,15.78
2020-11-01,2020-11,4,Week 4,desktop,(data deleted),(data deleted),(data deleted),Mexico,6,1,16.67
2020-11-01,2020-11,11,Week 11,desktop,(data deleted),(data deleted),(data deleted),Mexico,6,1,16.67
2020-11-01,2020-11,12,Week 12,desktop,(data deleted),(data deleted),(data deleted),Sweden,6,1,16.67
2020-11-01,2020-11,8,Week 8,mobile,(data deleted),(data deleted),(data deleted),Netherlands,6,1,16.67
2020-11-01,2020-11,4,Week 4,desktop,(data deleted),(data deleted),(data deleted),Australia,6,1,16.67
2020-11-01,2020-11,3,Week 3,mobile,(data deleted),(data deleted),(data deleted),Poland,6,1,16.67
2020-11-01,2020-11,1,Week 1,desktop,(data deleted),(data deleted),<Other>,United States,12,2,16.67
2020-11-01,2020-11,11,Week 11,mobile,(data deleted),(data deleted),(data deleted),Hong Kong,6,1,16.67
2020-11-01,2020-11,9,Week 9,desktop,(data deleted),(data deleted),(data deleted),Turkey,12,2,16.67
2020-11-01,2020-11,6,Week 6,desktop,(data deleted),(data deleted),(data deleted),Switzerland,6,1,16.67
2020-11-01,2020-11,1,Week 1,mobile,(data deleted),(data deleted),(data deleted),Hong Kong,6,1,16.67
2020-11-01,2020-11,3,Week 3,desktop,(data deleted),(data deleted),(data deleted),Peru,6,1,16.67
2020-11-01,2020-11,9,Week 9,desktop,(data deleted),(data deleted),(data deleted),Sweden,6,1,16.67
2020-11-01,2020-11,9,Week 9,desktop,(data deleted),(data deleted),(data deleted),Russia,6,1,16.67
2020-11-01,2020-11,5,Week 5,mobile,(data deleted),(data deleted),(data deleted),Australia,6,1,16.67
2020-11-01,2020-11,12,Week 12,mobile,(data deleted),(data deleted),(data deleted),Hong Kong,6,1,16.67
2020-11-01,2020-11,1,Week 1,desktop,(data deleted),(data deleted),(data deleted),Netherlands,6,1,16.67
2020-11-01,2020-11,5,Week 5,desktop,(data deleted),(data deleted),(data deleted),Mexico,6,1,16.67
2020-11-01,2020-11,8,Week 8,desktop,(data deleted),(data deleted),(data deleted),Australia,6,1,16.67
2020-11-01,2020-11,2,Week 2,mobile,(data deleted),(data deleted),(data deleted),Hong Kong,6,1,16.67
2020-11-01,2020-11,10,Week 10,desktop,(data deleted),(data deleted),(data deleted),Sweden,6,1,16.67
2020-11-01,2020-11,5,Week 5,mobile,(data deleted),(data deleted),(data deleted),Hong Kong,6,1,16.67
2020-11-01,2020-11,6,Week 6,mobile,(data deleted),(data deleted),(data deleted),Hong Kong,6,1,16.67
2020-11-01,2020-11,2,Week 2,desktop,(data deleted),(data deleted),(data deleted),Netherlands,6,1,16.67
2020-11-01,2020-11,6,Week 6,desktop,(data deleted),(data deleted),(data deleted),Peru,6,1,16.67
2020-11-01,2020-11,6,Week 6,desktop,(data deleted),(data deleted),(data deleted),Australia,6,1,16.67
2020-11-01,2020-11,4,Week 4,mobile,(data deleted),(data deleted),(data deleted),Australia,6,1,16.67
2020-11-01,2020-11,1,Week 1,mobile,(data deleted),(data deleted),(data deleted),Poland,6,1,16.67
2020-11-01,2020-11,3,Week 3,desktop,(data deleted),(data deleted),(data deleted),Turkey,12,2,16.67
2020-11-01,2020-11,1,Week 1,desktop,(data deleted),(data deleted),(data deleted),Poland,6,1,16.67
2020-11-01,2020-11,5,Week 5,mobile,(data deleted),(data deleted),(data deleted),Poland,6,1,16.67
2020-11-01,2020-11,11,Week 11,desktop,(data deleted),(data deleted),(data deleted),Australia,6,1,16.67
2020-11-01,2020-11,5,Week 5,desktop,(data deleted),(data deleted),(data deleted),Australia,6,1,16.67
2020-11-01,2020-11,2,Week 2,desktop,(data deleted),(data deleted),(data deleted),Russia,6,1,16.67
2020-11-01,2020-11,3,Week 3,mobile,(data deleted),(data deleted),(data deleted),Netherlands,6,1,16.67
2020-11-01,2020-11,4,Week 4,desktop,(data deleted),(data deleted),(data deleted),Peru,6,1,16.67
2020-11-01,2020-11,1,Week 1,desktop,(data deleted),(data deleted),(data deleted),Russia,6,1,16.67
2020-11-01,2020-11,2,Week 2,desktop,(data deleted),(data deleted),(data deleted),Switzerland,6,1,16.67
2020-11-01,2020-11,3,Week 3,desktop,(data deleted),(data deleted),(data deleted),Mexico,6,1,16.67
2020-11-01,2020-11,1,Week 1,desktop,(data deleted),(data deleted),(data deleted),Australia,6,1,16.67
2020-11-01,2020-11,1,Week 1,mobile,(data deleted),(data deleted),(data deleted),United States,279,47,16.85
2020-11-01,2020-11,2,Week 2,desktop,(data deleted),(data deleted),(data deleted),Spain,23,4,17.39
2020-11-01,2020-11,3,Week 3,desktop,(data deleted),(data deleted),(data deleted),France,17,3,17.65
2020-11-01,2020-11,1,Week 1,mobile,(data deleted),(data deleted),(data deleted),France,17,3,17.65
2020-11-01,2020-11,1,Week 1,mobile,(data deleted),(data deleted),(data deleted),Italy,11,2,18.18
2020-11-01,2020-11,4,Week 4,mobile,(data deleted),(data deleted),(data deleted),Italy,11,2,18.18
2020-11-01,2020-11,2,Week 2,desktop,(data deleted),(data deleted),(data deleted),Canada,68,13,19.12
2020-11-01,2020-11,1,Week 1,desktop,(data deleted),(data deleted),(data deleted),India,88,17,19.32
2020-11-01,2020-11,3,Week 3,mobile,(data deleted),(data deleted),(data deleted),Russia,5,1,20.0
2020-11-01,2020-11,2,Week 2,tablet,(data deleted),(data deleted),(data deleted),United States,15,3,20.0
2020-11-01,2020-11,4,Week 4,mobile,(data deleted),(data deleted),(data deleted),Ireland,5,1,20.0
2020-11-01,2020-11,1,Week 1,desktop,(data deleted),(data deleted),(data deleted),Japan,10,2,20.0
2020-11-01,2020-11,9,Week 9,mobile,(data deleted),(data deleted),(data deleted),Russia,5,1,20.0
2020-11-01,2020-11,1,Week 1,desktop,(data deleted),(data deleted),(data deleted),United Arab Emirates,5,1,20.0
2020-11-01,2020-11,3,Week 3,mobile,(data deleted),(data deleted),<Other>,United States,5,1,20.0
2020-11-01,2020-11,3,Week 3,mobile,(data deleted),(data deleted),(data deleted),Brazil,15,3,20.0
2020-11-01,2020-11,2,Week 2,mobile,(data deleted),(data deleted),(data deleted),Russia,5,1,20.0
2020-11-01,2020-11,6,Week 6,mobile,(data deleted),(data deleted),(data deleted),Russia,5,1,20.0
2020-11-01,2020-11,2,Week 2,mobile,(data deleted),(data deleted),(data deleted),Ireland,5,1,20.0
2020-11-01,2020-11,5,Week 5,mobile,(data deleted),(data deleted),(data deleted),Russia,5,1,20.0
2020-11-01,2020-11,2,Week 2,desktop,(data deleted),(data deleted),(data deleted),South Korea,10,2,20.0
2020-11-01,2020-11,1,Week 1,mobile,(data deleted),(data deleted),(data deleted),Ireland,5,1,20.0
2020-11-01,2020-11,3,Week 3,mobile,(data deleted),(data deleted),(data deleted),Singapore,10,2,20.0
2020-11-01,2020-11,3,Week 3,desktop,(data deleted),(data deleted),(data deleted),United Arab Emirates,5,1,20.0
2020-11-01,2020-11,2,Week 2,mobile,(data deleted),(data deleted),(data deleted),Brazil,15,3,20.0
2020-11-01,2020-11,1,Week 1,mobile,(data deleted),(data deleted),<Other>,United States,5,1,20.0
2020-11-01,2020-11,2,Week 2,desktop,(data deleted),(data deleted),(data deleted),Chile,5,1,20.0
2020-11-01,2020-11,1,Week 1,desktop,(data deleted),(data deleted),(data deleted),Singapore,14,3,21.43
2020-11-01,2020-11,1,Week 1,desktop,(data deleted),(data deleted),(data deleted),Canada,68,15,22.06
2020-11-01,2020-11,1,Week 1,desktop,(data deleted),(data deleted),(data deleted),France,17,4,23.53
2020-11-01,2020-11,7,Week 7,desktop,(data deleted),(data deleted),(data deleted),Egypt,4,1,25.0
2020-11-01,2020-11,11,Week 11,mobile,(data deleted),(data deleted),(data deleted),Switzerland,4,1,25.0
2020-11-01,2020-11,1,Week 1,desktop,(data deleted),(data deleted),(data deleted),Indonesia,12,3,25.0
2020-11-01,2020-11,9,Week 9,mobile,(data deleted),(data deleted),(data deleted),Switzerland,4,1,25.0
2020-11-01,2020-11,3,Week 3,mobile,(data deleted),(data deleted),(data deleted),Switzerland,4,1,25.0
2020-11-01,2020-11,4,Week 4,desktop,(data deleted),(data deleted),(data deleted),Egypt,4,1,25.0
2020-11-01,2020-11,7,Week 7,mobile,(data deleted),(data deleted),(data deleted),Malaysia,4,1,25.0
2020-11-01,2020-11,1,Week 1,mobile,(data deleted),(data deleted),(data deleted),Colombia,4,1,25.0
2020-11-01,2020-11,3,Week 3,mobile,(data deleted),(data deleted),(data deleted),Colombia,4,1,25.0
2020-11-01,2020-11,9,Week 9,mobile,(data deleted),(data deleted),(data deleted),Pakistan,4,1,25.0
2020-11-01,2020-11,3,Week 3,mobile,(data deleted),(data deleted),(data deleted),Pakistan,4,1,25.0
2020-11-01,2020-11,1,Week 1,mobile,(data deleted),(data deleted),(data deleted),Pakistan,4,1,25.0
2020-11-01,2020-11,4,Week 4,mobile,(data deleted),(data deleted),(data deleted),Pakistan,4,1,25.0
2020-11-01,2020-11,8,Week 8,mobile,(data deleted),(data deleted),(data deleted),Malaysia,4,1,25.0
2020-11-01,2020-11,5,Week 5,mobile,(data deleted),(data deleted),(data deleted),Pakistan,4,1,25.0
2020-11-01,2020-11,2,Week 2,mobile,(data deleted),(data deleted),(data deleted),Colombia,4,1,25.0
2020-11-01,2020-11,8,Week 8,mobile,(data deleted),(data deleted),(data deleted),Pakistan,4,1,25.0
2020-11-01,2020-11,1,Week 1,mobile,(data deleted),(data deleted),(data deleted),Belgium,4,1,25.0
2020-11-01,2020-11,10,Week 10,mobile,(data deleted),(data deleted),(data deleted),Malaysia,4,1,25.0
2020-11-01,2020-11,1,Week 1,desktop,(data deleted),(data deleted),(data deleted),Taiwan,19,5,26.32
2020-11-01,2020-11,1,Week 1,tablet,(data deleted),(data deleted),(data deleted),United States,15,4,26.67
2020-11-01,2020-11,2,Week 2,mobile,(data deleted),(data deleted),(data deleted),Italy,11,3,27.27
2020-11-01,2020-11,1,Week 1,desktop,(data deleted),(data deleted),(data deleted),Germany,22,6,27.27
2020-11-01,2020-11,1,Week 1,mobile,(data deleted),(data deleted),(data deleted),(not set),7,2,28.57
2020-11-01,2020-11,2,Week 2,mobile,(data deleted),(data deleted),(data deleted),(not set),7,2,28.57
2020-11-01,2020-11,1,Week 1,desktop,(data deleted),(data deleted),(data deleted),Italy,7,2,28.57
2020-11-01,2020-11,3,Week 3,desktop,<Other>,(data deleted),(data deleted),United States,7,2,28.57
2020-11-01,2020-11,2,Week 2,mobile,(data deleted),(data deleted),(data deleted),Singapore,10,3,30.0
2020-11-01,2020-11,1,Week 1,desktop,(data deleted),(data deleted),(data deleted),South Korea,10,3,30.0
2020-11-01,2020-11,10,Week 10,mobile,<Other>,(data deleted),(data deleted),United States,3,1,33.33
2020-11-01,2020-11,8,Week 8,desktop,(data deleted),(data deleted),(data deleted),Mexico,6,2,33.33
2020-11-01,2020-11,1,Week 1,desktop,(data deleted),(data deleted),(data deleted),Mexico,6,2,33.33
2020-11-01,2020-11,2,Week 2,mobile,(data deleted),(data deleted),(data deleted),Netherlands,6,2,33.33
2020-11-01,2020-11,2,Week 2,desktop,(data deleted),(data deleted),(data deleted),Philippines,3,1,33.33
2020-11-01,2020-11,2,Week 2,desktop,(data deleted),(data deleted),(data deleted),Pakistan,3,1,33.33
2020-11-01,2020-11,1,Week 1,mobile,(data deleted),(data deleted),(data deleted),Peru,3,1,33.33
2020-11-01,2020-11,1,Week 1,desktop,(data deleted),(data deleted),(data deleted),Denmark,3,1,33.33
2020-11-01,2020-11,8,Week 8,mobile,(data deleted),(data deleted),(data deleted),Philippines,3,1,33.33
2020-11-01,2020-11,2,Week 2,mobile,(data deleted),(data deleted),(data deleted),Peru,3,1,33.33
2020-11-01,2020-11,6,Week 6,desktop,(data deleted),(data deleted),(data deleted),Israel,3,1,33.33
2020-11-01,2020-11,1,Week 1,mobile,(data deleted),(data deleted),(data deleted),South Korea,9,3,33.33
2020-11-01,2020-11,2,Week 2,desktop,(data deleted),(data deleted),(data deleted),Denmark,3,1,33.33
2020-11-01,2020-11,3,Week 3,desktop,(data deleted),(data deleted),(data deleted),Israel,3,1,33.33
2020-11-01,2020-11,1,Week 1,desktop,(data deleted),(data deleted),(data deleted),Thailand,3,1,33.33
2020-11-01,2020-11,4,Week 4,mobile,(data deleted),(data deleted),(data deleted),Philippines,3,1,33.33
2020-11-01,2020-11,2,Week 2,desktop,(data deleted),(data deleted),(data deleted),Kenya,3,1,33.33
2020-11-01,2020-11,8,Week 8,desktop,(data deleted),(data deleted),(data deleted),Israel,3,1,33.33
2020-11-01,2020-11,3,Week 3,mobile,(data deleted),(data deleted),(data deleted),Peru,3,1,33.33
2020-11-01,2020-11,4,Week 4,mobile,(data deleted),(data deleted),(data deleted),Egypt,3,1,33.33
2020-11-01,2020-11,5,Week 5,mobile,(data deleted),(data deleted),(data deleted),Philippines,3,1,33.33
2020-11-01,2020-11,1,Week 1,mobile,(data deleted),(data deleted),(data deleted),Japan,6,2,33.33
2020-11-01,2020-11,5,Week 5,desktop,(data deleted),(data deleted),(data deleted),Kenya,3,1,33.33
2020-11-01,2020-11,1,Week 1,desktop,(data deleted),(data deleted),(data deleted),Philippines,3,1,33.33
2020-11-01,2020-11,9,Week 9,mobile,(data deleted),(data deleted),(data deleted),Egypt,3,1,33.33
2020-11-01,2020-11,1,Week 1,mobile,(data deleted),(data deleted),(data deleted),Thailand,3,1,33.33
2020-11-01,2020-11,4,Week 4,mobile,(data deleted),(data deleted),(data deleted),Peru,3,1,33.33
2020-11-01,2020-11,6,Week 6,mobile,(data deleted),(data deleted),(data deleted),Philippines,3,1,33.33
2020-11-01,2020-11,2,Week 2,desktop,(data deleted),(data deleted),(data deleted),Poland,6,2,33.33
2020-11-01,2020-11,2,Week 2,desktop,(data deleted),(data deleted),(data deleted),Mexico,6,2,33.33
2020-11-01,2020-11,2,Week 2,mobile,(data deleted),(data deleted),(data deleted),Philippines,3,1,33.33
2020-11-01,2020-11,1,Week 1,mobile,(data deleted),(data deleted),(data deleted),Egypt,3,1,33.33
2020-11-01,2020-11,11,Week 11,mobile,(data deleted),(data deleted),(data deleted),Egypt,3,1,33.33
2020-11-01,2020-11,5,Week 5,desktop,(data deleted),(data deleted),(data deleted),Israel,3,1,33.33
2020-11-01,2020-11,2,Week 2,desktop,(data deleted),(data deleted),(data deleted),Sri Lanka,3,1,33.33
2020-11-01,2020-11,1,Week 1,mobile,(data deleted),(data deleted),(data deleted),Australia,6,2,33.33
2020-11-01,2020-11,1,Week 1,mobile,(data deleted),(data deleted),(data deleted),Russia,5,2,40.0
2020-11-01,2020-11,1,Week 1,mobile,(data deleted),(data deleted),(data deleted),Singapore,10,4,40.0
2020-11-01,2020-11,5,Week 5,desktop,(data deleted),(data deleted),(data deleted),Argentina,2,1,50.0
2020-11-01,2020-11,2,Week 2,mobile,(data deleted),(data deleted),(data deleted),Mexico,2,1,50.0
2020-11-01,2020-11,6,Week 6,mobile,(data deleted),(data deleted),(data deleted),Bangladesh,2,1,50.0
2020-11-01,2020-11,7,Week 7,mobile,(data deleted),(data deleted),(data deleted),Ukraine,2,1,50.0
2020-11-01,2020-11,5,Week 5,mobile,(data deleted),(data deleted),(data deleted),Ukraine,2,1,50.0
2020-11-01,2020-11,5,Week 5,mobile,(data deleted),(data deleted),(data deleted),Mexico,2,1,50.0
2020-11-01,2020-11,3,Week 3,mobile,(data deleted),(data deleted),(data deleted),Ukraine,2,1,50.0
2020-11-01,2020-11,2,Week 2,mobile,<Other>,(data deleted),(data deleted),India,2,1,50.0
2020-11-01,2020-11,9,Week 9,mobile,(data deleted),(data deleted),(data deleted),Ukraine,2,1,50.0
2020-11-01,2020-11,9,Week 9,mobile,(data deleted),(data deleted),(data deleted),Romania,2,1,50.0
2020-11-01,2020-11,3,Week 3,desktop,(data deleted),(data deleted),(data deleted),Kazakhstan,2,1,50.0
2020-11-01,2020-11,1,Week 1,mobile,(data deleted),(data deleted),(data deleted),Greece,2,1,50.0
2020-11-01,2020-11,3,Week 3,mobile,(data deleted),(data deleted),(data deleted),Israel,2,1,50.0
2020-11-01,2020-11,2,Week 2,mobile,(data deleted),(data deleted),(data deleted),Uruguay,2,1,50.0
2020-11-01,2020-11,4,Week 4,desktop,(data deleted),(data deleted),(data deleted),Romania,2,1,50.0
2020-11-01,2020-11,5,Week 5,mobile,(data deleted),(data deleted),(data deleted),Israel,2,1,50.0
2020-11-01,2020-11,1,Week 1,desktop,(data deleted),(data deleted),(data deleted),Nigeria,2,1,50.0
2020-11-01,2020-11,2,Week 2,mobile,(data deleted),(data deleted),(data deleted),Ukraine,2,1,50.0
2020-11-01,2020-11,4,Week 4,desktop,<Other>,(data deleted),(data deleted),Canada,2,1,50.0
2020-11-01,2020-11,9,Week 9,mobile,(data deleted),(data deleted),(data deleted),Israel,2,1,50.0
2020-11-01,2020-11,4,Week 4,mobile,(data deleted),(data deleted),(data deleted),Mexico,2,1,50.0
2020-11-01,2020-11,3,Week 3,mobile,(data deleted),(data deleted),(data deleted),Mexico,2,1,50.0
2020-11-01,2020-11,6,Week 6,desktop,(data deleted),(data deleted),(data deleted),Argentina,2,1,50.0
2020-11-01,2020-11,4,Week 4,mobile,(data deleted),(data deleted),(data deleted),Israel,2,1,50.0
2020-11-01,2020-11,10,Week 10,desktop,(data deleted),(data deleted),(data deleted),Argentina,2,1,50.0
2020-11-01,2020-11,1,Week 1,mobile,(data deleted),(data deleted),(data deleted),Israel,2,1,50.0
2020-11-01,2020-11,4,Week 4,mobile,(data deleted),(data deleted),(data deleted),Tunisia,2,1,50.0
2020-11-01,2020-11,1,Week 1,desktop,(data deleted),(data deleted),(data deleted),Norway,2,1,50.0
2020-11-01,2020-11,1,Week 1,mobile,<Other>,(data deleted),(data deleted),India,2,1,50.0
2020-11-01,2020-11,1,Week 1,mobile,(data deleted),(data deleted),(data deleted),Uruguay,2,1,50.0
2020-11-01,2020-11,1,Week 1,mobile,(data deleted),(data deleted),(data deleted),Switzerland,4,2,50.0
2020-11-01,2020-11,10,Week 10,mobile,(data deleted),(data deleted),(data deleted),Sweden,2,1,50.0
2020-11-01,2020-11,3,Week 3,desktop,(data deleted),(data deleted),(data deleted),Australia,6,3,50.0
2020-11-01,2020-11,2,Week 2,mobile,(data deleted),(data deleted),(data deleted),Thailand,3,2,66.67
2020-11-01,2020-11,3,Week 3,mobile,(data deleted),(data deleted),(data deleted),Philippines,3,2,66.67
2020-11-01,2020-11,1,Week 1,desktop,(data deleted),(data deleted),(data deleted),Israel,3,2,66.67
2020-11-01,2020-11,0,Week 0,desktop,(data deleted),(data deleted),(data deleted),Lebanon,1,1,100.0
2020-11-01,2020-11,0,Week 0,desktop,(data deleted),(data deleted),(data deleted),Canada,68,68,100.0
2020-11-01,2020-11,0,Week 0,desktop,(data deleted),(data deleted),(data deleted),India,88,88,100.0
2020-11-01,2020-11,0,Week 0,desktop,<Other>,(data deleted),(data deleted),France,1,1,100.0
2020-11-01,2020-11,0,Week 0,desktop,(data deleted),(data deleted),<Other>,Iraq,1,1,100.0
2020-11-01,2020-11,0,Week 0,mobile,(data deleted),(data deleted),(data deleted),Lithuania,1,1,100.0
2020-11-01,2020-11,1,Week 1,mobile,(data deleted),(data deleted),(data deleted),Mexico,2,2,100.0
2020-11-01,2020-11,0,Week 0,tablet,(data deleted),(data deleted),(data deleted),Mongolia,1,1,100.0
2020-11-01,2020-11,0,Week 0,mobile,(data deleted),(data deleted),(data deleted),Chile,1,1,100.0
2020-11-01,2020-11,0,Week 0,desktop,(data deleted),(data deleted),(data deleted),Lithuania,1,1,100.0
2020-11-01,2020-11,0,Week 0,mobile,(data deleted),(data deleted),(data deleted),Finland,2,2,100.0
2020-11-01,2020-11,0,Week 0,desktop,(data deleted),(data deleted),(data deleted),Nepal,1,1,100.0
2020-11-01,2020-11,0,Week 0,mobile,(data deleted),(data deleted),(data deleted),Ireland,5,5,100.0
2020-11-01,2020-11,11,Week 11,mobile,(data deleted),(data deleted),<Other>,United Kingdom,1,1,100.0
2020-11-01,2020-11,0,Week 0,mobile,(data deleted),(data deleted),(data deleted),Bulgaria,1,1,100.0
2020-11-01,2020-11,0,Week 0,mobile,(data deleted),(data deleted),(data deleted),Greece,2,2,100.0
2020-11-01,2020-11,0,Week 0,tablet,(data deleted),(data deleted),(data deleted),Greece,1,1,100.0
2020-11-01,2020-11,0,Week 0,desktop,(data deleted),(data deleted),(data deleted),Croatia,2,2,100.0
2020-11-01,2020-11,0,Week 0,mobile,(data deleted),(data deleted),(data deleted),Switzerland,4,4,100.0
2020-11-01,2020-11,0,Week 0,mobile,(data deleted),(data deleted),(data deleted),United Arab Emirates,4,4,100.0
2020-11-01,2020-11,2,Week 2,mobile,<Other>,(data deleted),(data deleted),Hong Kong,1,1,100.0
2020-11-01,2020-11,0,Week 0,mobile,(data deleted),(data deleted),(data deleted),Spain,14,14,100.0
2020-11-01,2020-11,0,Week 0,mobile,(data deleted),(data deleted),(data deleted),Portugal,1,1,100.0
2020-11-01,2020-11,0,Week 0,desktop,(data deleted),(data deleted),(data deleted),Bangladesh,1,1,100.0
2020-11-01,2020-11,0,Week 0,mobile,(data deleted),(data deleted),(data deleted),Thailand,3,3,100.0
2020-11-01,2020-11,0,Week 0,mobile,(data deleted),(data deleted),(data deleted),Hong Kong,6,6,100.0
2020-11-01,2020-11,0,Week 0,mobile,(data deleted),(data deleted),(data deleted),Ecuador,1,1,100.0
2020-11-01,2020-11,0,Week 0,mobile,(data deleted),(data deleted),<Other>,United Kingdom,1,1,100.0
2020-11-01,2020-11,0,Week 0,desktop,<Other>,(data deleted),(data deleted),Mexico,1,1,100.0
2020-11-01,2020-11,2,Week 2,mobile,(data deleted),(data deleted),(data deleted),El Salvador,1,1,100.0
2020-11-01,2020-11,0,Week 0,desktop,(data deleted),(data deleted),(data deleted),China,10,10,100.0
2020-11-01,2020-11,0,Week 0,desktop,(data deleted),(data deleted),(data deleted),Turkey,12,12,100.0
2020-11-01,2020-11,0,Week 0,mobile,(data deleted),(data deleted),(data deleted),Dominican Republic,1,1,100.0
2020-11-01,2020-11,0,Week 0,desktop,(data deleted),(data deleted),(data deleted),Bahrain,1,1,100.0
2020-11-01,2020-11,0,Week 0,tablet,(data deleted),(data deleted),(data deleted),Morocco,1,1,100.0
2020-11-01,2020-11,0,Week 0,mobile,(data deleted),(data deleted),(data deleted),New Zealand,1,1,100.0
2020-11-01,2020-11,0,Week 0,mobile,(data deleted),(data deleted),(data deleted),Turkey,10,10,100.0
2020-11-01,2020-11,0,Week 0,desktop,(data deleted),(data deleted),(data deleted),Belgium,1,1,100.0
2020-11-01,2020-11,9,Week 9,tablet,(data deleted),(data deleted),(data deleted),Mongolia,1,1,100.0
2020-11-01,2020-11,1,Week 1,mobile,(data deleted),(data deleted),(data deleted),Portugal,1,1,100.0
2020-11-01,2020-11,0,Week 0,desktop,(data deleted),(data deleted),(data deleted),Saudi Arabia,1,1,100.0
2020-11-01,2020-11,0,Week 0,mobile,(data deleted),(data deleted),<Other>,India,2,2,100.0
2020-11-01,2020-11,0,Week 0,desktop,(data deleted),(data deleted),<Other>,Philippines,1,1,100.0
2020-11-01,2020-11,0,Week 0,desktop,(data deleted),(data deleted),(data deleted),El Salvador,1,1,100.0
2020-11-01,2020-11,0,Week 0,mobile,(data deleted),(data deleted),(data deleted),Egypt,3,3,100.0
2020-11-01,2020-11,0,Week 0,mobile,(data deleted),(data deleted),(data deleted),Taiwan,13,13,100.0
2020-11-01,2020-11,0,Week 0,mobile,(data deleted),(data deleted),(data deleted),Netherlands,6,6,100.0
2020-11-01,2020-11,0,Week 0,mobile,(data deleted),(data deleted),(data deleted),Austria,2,2,100.0
2020-11-01,2020-11,1,Week 1,tablet,(data deleted),(data deleted),(data deleted),Indonesia,1,1,100.0
2020-11-01,2020-11,0,Week 0,mobile,(data deleted),(data deleted),(data deleted),Belgium,4,4,100.0
2020-11-01,2020-11,1,Week 1,tablet,(data deleted),(data deleted),(data deleted),Thailand,1,1,100.0
2020-11-01,2020-11,0,Week 0,mobile,(data deleted),(data deleted),(data deleted),Peru,3,3,100.0
2020-11-01,2020-11,1,Week 1,mobile,<Other>,(data deleted),(data deleted),Hong Kong,1,1,100.0
2020-11-01,2020-11,0,Week 0,desktop,(data deleted),(data deleted),(data deleted),Luxembourg,1,1,100.0
2020-11-01,2020-11,0,Week 0,mobile,(data deleted),(data deleted),(data deleted),Singapore,10,10,100.0
2020-11-01,2020-11,0,Week 0,desktop,(data deleted),(data deleted),<Other>,Austria,1,1,100.0
2020-11-01,2020-11,0,Week 0,mobile,(data deleted),(data deleted),<Other>,Canada,2,2,100.0
2020-11-01,2020-11,2,Week 2,desktop,(data deleted),(data deleted),<Other>,United Kingdom,1,1,100.0
2020-11-01,2020-11,0,Week 0,mobile,(data deleted),(data deleted),(data deleted),Guatemala,1,1,100.0
2020-11-01,2020-11,2,Week 2,mobile,(data deleted),(data deleted),<Other>,United Kingdom,1,1,100.0
2020-11-01,2020-11,0,Week 0,mobile,(data deleted),(data deleted),(data deleted),Russia,5,5,100.0
2020-11-01,2020-11,0,Week 0,desktop,(data deleted),(data deleted),(data deleted),Sweden,6,6,100.0
2020-11-01,2020-11,0,Week 0,mobile,(data deleted),(data deleted),(data deleted),Brazil,15,15,100.0
2020-11-01,2020-11,0,Week 0,mobile,(data deleted),(data deleted),(data deleted),Mexico,2,2,100.0
2020-11-01,2020-11,0,Week 0,desktop,(data deleted),(data deleted),(data deleted),Norway,2,2,100.0
2020-11-01,2020-11,0,Week 0,mobile,(data deleted),(data deleted),<Other>,Slovenia,1,1,100.0
2020-11-01,2020-11,0,Week 0,desktop,(data deleted),(data deleted),(data deleted),Jordan,1,1,100.0
2020-11-01,2020-11,3,Week 3,mobile,(data deleted),(data deleted),(data deleted),El Salvador,1,1,100.0
2020-11-01,2020-11,0,Week 0,mobile,(data deleted),(data deleted),(data deleted),Romania,2,2,100.0
2020-11-01,2020-11,0,Week 0,desktop,(data deleted),(data deleted),(data deleted),Kazakhstan,2,2,100.0
2020-11-01,2020-11,0,Week 0,tablet,(data deleted),(data deleted),(data deleted),(not set),1,1,100.0
2020-11-01,2020-11,0,Week 0,desktop,(data deleted),(data deleted),(data deleted),Portugal,2,2,100.0
2020-11-01,2020-11,0,Week 0,desktop,(data deleted),(data deleted),(data deleted),Egypt,4,4,100.0
2020-11-01,2020-11,0,Week 0,desktop,(data deleted),(data deleted),(data deleted),Switzerland,6,6,100.0
2020-11-01,2020-11,0,Week 0,tablet,(data deleted),(data deleted),(data deleted),Thailand,1,1,100.0
2020-11-01,2020-11,1,Week 1,desktop,(data deleted),(data deleted),(data deleted),Mongolia,1,1,100.0
2020-11-01,2020-11,1,Week 1,mobile,(data deleted),(data deleted),(data deleted),El Salvador,1,1,100.0
2020-11-01,2020-11,0,Week 0,mobile,(data deleted),(data deleted),(data deleted),Argentina,2,2,100.0
2020-11-01,2020-11,0,Week 0,mobile,<Other>,(data deleted),(data deleted),United States,3,3,100.0
2020-11-01,2020-11,0,Week 0,desktop,(data deleted),(data deleted),(data deleted),Sri Lanka,3,3,100.0
2020-11-01,2020-11,0,Week 0,mobile,(data deleted),(data deleted),(data deleted),China,11,11,100.0
2020-11-01,2020-11,0,Week 0,desktop,(data deleted),(data deleted),(data deleted),Costa Rica,1,1,100.0
2020-11-01,2020-11,0,Week 0,tablet,(data deleted),(data deleted),(data deleted),Denmark,1,1,100.0
2020-11-01,2020-11,0,Week 0,mobile,<Other>,(data deleted),(data deleted),Italy,1,1,100.0
2020-11-01,2020-11,0,Week 0,mobile,(data deleted),(data deleted),(data deleted),Denmark,2,2,100.0
2020-11-01,2020-11,0,Week 0,mobile,(data deleted),(data deleted),(data deleted),Tunisia,2,2,100.0
2020-11-01,2020-11,0,Week 0,desktop,(data deleted),(data deleted),(data deleted),Thailand,3,3,100.0
2020-11-01,2020-11,0,Week 0,desktop,(data deleted),(data deleted),(data deleted),United States,393,393,100.0
2020-11-01,2020-11,0,Week 0,desktop,<Other>,(data deleted),(data deleted),United States,7,7,100.0
2020-11-01,2020-11,0,Week 0,desktop,(data deleted),(data deleted),(data deleted),Singapore,14,14,100.0
2020-11-01,2020-11,0,Week 0,desktop,(data deleted),(data deleted),(data deleted),Georgia,1,1,100.0
2020-11-01,2020-11,0,Week 0,tablet,(data deleted),(data deleted),<Other>,Germany,1,1,100.0
2020-11-01,2020-11,0,Week 0,mobile,<Other>,(data deleted),(data deleted),India,2,2,100.0
2020-11-01,2020-11,0,Week 0,desktop,(data deleted),(data deleted),(data deleted),Brazil,9,9,100.0
2020-11-01,2020-11,0,Week 0,desktop,(data deleted),(data deleted),(data deleted),Mongolia,1,1,100.0
2020-11-01,2020-11,0,Week 0,mobile,(data deleted),(data deleted),(data deleted),Malaysia,4,4,100.0
2020-11-01,2020-11,0,Week 0,tablet,(data deleted),(data deleted),(data deleted),Canada,2,2,100.0
2020-11-01,2020-11,0,Week 0,desktop,(data deleted),(data deleted),(data deleted),Taiwan,19,19,100.0
2020-11-01,2020-11,0,Week 0,desktop,(data deleted),(data deleted),(data deleted),Romania,2,2,100.0
2020-11-01,2020-11,0,Week 0,desktop,(data deleted),(data deleted),<Other>,Bulgaria,1,1,100.0
2020-11-01,2020-11,0,Week 0,desktop,(data deleted),(data deleted),(data deleted),France,17,17,100.0
2020-11-01,2020-11,0,Week 0,mobile,(data deleted),(data deleted),(data deleted),India,59,59,100.0
2020-11-01,2020-11,4,Week 4,mobile,(data deleted),(data deleted),<Other>,United Kingdom,1,1,100.0
2020-11-01,2020-11,0,Week 0,mobile,(data deleted),(data deleted),<Other>,United States,5,5,100.0
2020-11-01,2020-11,0,Week 0,desktop,<Other>,(data deleted),(data deleted),(not set),1,1,100.0
2020-11-01,2020-11,0,Week 0,mobile,(data deleted),(data deleted),(data deleted),Luxembourg,1,1,100.0
2020-11-01,2020-11,0,Week 0,mobile,(data deleted),(data deleted),(data deleted),Sweden,2,2,100.0
2020-11-01,2020-11,1,Week 1,desktop,(data deleted),(data deleted),(data deleted),El Salvador,1,1,100.0
2020-11-01,2020-11,5,Week 5,tablet,(data deleted),(data deleted),<Other>,Germany,1,1,100.0
2020-11-01,2020-11,0,Week 0,mobile,(data deleted),(data deleted),(data deleted),Uruguay,2,2,100.0
2020-11-01,2020-11,1,Week 1,tablet,(data deleted),(data deleted),(data deleted),Denmark,1,1,100.0
2020-11-01,2020-11,0,Week 0,desktop,<Other>,(data deleted),(data deleted),Malaysia,1,1,100.0
2020-11-01,2020-11,0,Week 0,mobile,(data deleted),(data deleted),<Other>,Indonesia,1,1,100.0
2020-11-01,2020-11,0,Week 0,desktop,(data deleted),(data deleted),(data deleted),South Korea,10,10,100.0
2020-11-01,2020-11,2,Week 2,tablet,(data deleted),(data deleted),(data deleted),(not set),1,1,100.0
2020-11-01,2020-11,0,Week 0,desktop,(data deleted),(data deleted),(data deleted),Ecuador,1,1,100.0
2020-11-01,2020-11,1,Week 1,desktop,(data deleted),(data deleted),(data deleted),Luxembourg,1,1,100.0
2020-11-01,2020-11,0,Week 0,mobile,(data deleted),(data deleted),(data deleted),Canada,55,55,100.0
2020-11-01,2020-11,0,Week 0,desktop,(data deleted),(data deleted),(data deleted),North Macedonia,1,1,100.0
2020-11-01,2020-11,0,Week 0,desktop,<Other>,(data deleted),(data deleted),Indonesia,1,1,100.0
2020-11-01,2020-11,8,Week 8,mobile,(data deleted),(data deleted),<Other>,United Kingdom,1,1,100.0
2020-11-01,2020-11,0,Week 0,desktop,(data deleted),(data deleted),(data deleted),Denmark,3,3,100.0
2020-11-01,2020-11,0,Week 0,desktop,(data deleted),(data deleted),(data deleted),Hong Kong,6,6,100.0
2020-11-01,2020-11,0,Week 0,mobile,(data deleted),(data deleted),(data deleted),Germany,11,11,100.0
2020-11-01,2020-11,0,Week 0,desktop,(data deleted),(data deleted),(data deleted),Czechia,1,1,100.0
2020-11-01,2020-11,0,Week 0,tablet,(data deleted),(data deleted),(data deleted),United Kingdom,2,2,100.0
2020-11-01,2020-11,0,Week 0,desktop,(data deleted),(data deleted),(data deleted),Malaysia,7,7,100.0
2020-11-01,2020-11,0,Week 0,desktop,(data deleted),(data deleted),(data deleted),Puerto Rico,1,1,100.0
2020-11-01,2020-11,3,Week 3,mobile,(data deleted),(data deleted),<Other>,United Kingdom,1,1,100.0
2020-11-01,2020-11,0,Week 0,mobile,(data deleted),(data deleted),(data deleted),United States,279,279,100.0
2020-11-01,2020-11,0,Week 0,mobile,(data deleted),(data deleted),(data deleted),Philippines,3,3,100.0
2020-11-01,2020-11,0,Week 0,desktop,(data deleted),(data deleted),(data deleted),Venezuela,1,1,100.0
2020-11-01,2020-11,0,Week 0,mobile,(data deleted),(data deleted),(data deleted),Ukraine,2,2,100.0
2020-11-01,2020-11,0,Week 0,mobile,(data deleted),(data deleted),(data deleted),United Kingdom,24,24,100.0
2020-11-01,2020-11,0,Week 0,mobile,(data deleted),(data deleted),(data deleted),Panama,1,1,100.0
2020-11-01,2020-11,0,Week 0,desktop,(data deleted),(data deleted),<Other>,India,4,4,100.0
2020-11-01,2020-11,0,Week 0,mobile,(data deleted),(data deleted),(data deleted),South Korea,9,9,100.0
2020-11-01,2020-11,0,Week 0,desktop,(data deleted),(data deleted),(data deleted),United Kingdom,29,29,100.0
2020-11-01,2020-11,0,Week 0,mobile,(data deleted),(data deleted),(data deleted),Italy,11,11,100.0
2020-11-01,2020-11,0,Week 0,desktop,(data deleted),(data deleted),<Other>,United States,12,12,100.0
2020-11-01,2020-11,0,Week 0,tablet,<Other>,(data deleted),(data deleted),United States,1,1,100.0
2020-11-01,2020-11,0,Week 0,desktop,(data deleted),(data deleted),(data deleted),Qatar,1,1,100.0
2020-11-01,2020-11,0,Week 0,tablet,(data deleted),(data deleted),(data deleted),United States,15,15,100.0
2020-11-01,2020-11,0,Week 0,mobile,(data deleted),(data deleted),<Other>,Malaysia,1,1,100.0
2020-11-01,2020-11,0,Week 0,tablet,(data deleted),(data deleted),(data deleted),China,1,1,100.0
2020-11-01,2020-11,0,Week 0,mobile,(data deleted),(data deleted),(data deleted),Bangladesh,2,2,100.0
2020-11-01,2020-11,0,Week 0,desktop,(data deleted),(data deleted),(data deleted),Netherlands,6,6,100.0
2020-11-01,2020-11,0,Week 0,mobile,(data deleted),(data deleted),(data deleted),Israel,2,2,100.0
2020-11-01,2020-11,0,Week 0,tablet,(data deleted),(data deleted),(data deleted),India,4,4,100.0
2020-11-01,2020-11,3,Week 3,desktop,(data deleted),(data deleted),(data deleted),Lebanon,1,1,100.0
2020-11-01,2020-11,0,Week 0,mobile,(data deleted),(data deleted),(data deleted),El Salvador,1,1,100.0
2020-11-01,2020-11,0,Week 0,desktop,(data deleted),(data deleted),(data deleted),Argentina,2,2,100.0
2020-11-01,2020-11,0,Week 0,mobile,(data deleted),(data deleted),(data deleted),France,17,17,100.0
2020-11-01,2020-11,0,Week 0,mobile,(data deleted),(data deleted),(data deleted),Vietnam,1,1,100.0
2020-11-01,2020-11,0,Week 0,desktop,(data deleted),(data deleted),(data deleted),Kenya,3,3,100.0
2020-11-01,2020-11,0,Week 0,desktop,(data deleted),(data deleted),(data deleted),Israel,3,3,100.0
2020-11-01,2020-11,0,Week 0,desktop,(data deleted),(data deleted),(data deleted),Chile,5,5,100.0
2020-11-01,2020-11,0,Week 0,desktop,(data deleted),(data deleted),(data deleted),Germany,22,22,100.0
2020-11-01,2020-11,0,Week 0,desktop,(data deleted),(data deleted),(data deleted),Peru,6,6,100.0
2020-11-01,2020-11,0,Week 0,mobile,(data deleted),(data deleted),(data deleted),Australia,6,6,100.0
2020-11-01,2020-11,0,Week 0,mobile,<Other>,(data deleted),(data deleted),Hong Kong,1,1,100.0
2020-11-01,2020-11,0,Week 0,mobile,<Other>,(data deleted),(data deleted),Australia,2,2,100.0
2020-11-01,2020-11,0,Week 0,desktop,<Other>,(data deleted),(data deleted),Canada,2,2,100.0
2020-11-01,2020-11,0,Week 0,mobile,<Other>,(data deleted),(data deleted),China,1,1,100.0
2020-11-01,2020-11,0,Week 0,desktop,(data deleted),(data deleted),(data deleted),Australia,6,6,100.0
2020-11-01,2020-11,0,Week 0,desktop,(data deleted),(data deleted),(data deleted),Vietnam,7,7,100.0
2020-11-01,2020-11,0,Week 0,desktop,(data deleted),(data deleted),(data deleted),Hungary,1,1,100.0
2020-11-01,2020-11,0,Week 0,desktop,(data deleted),(data deleted),(data deleted),Bulgaria,2,2,100.0
2020-11-01,2020-11,0,Week 0,mobile,(data deleted),(data deleted),(data deleted),Poland,6,6,100.0
2020-11-01,2020-11,0,Week 0,desktop,(data deleted),(data deleted),<Other>,Canada,1,1,100.0
2020-11-01,2020-11,1,Week 1,desktop,(data deleted),(data deleted),(data deleted),Lebanon,1,1,100.0
2020-11-01,2020-11,0,Week 0,desktop,<Other>,(data deleted),(data deleted),India,1,1,100.0
2020-11-01,2020-11,0,Week 0,tablet,(data deleted),(data deleted),(data deleted),Romania,1,1,100.0
2020-11-01,2020-11,0,Week 0,desktop,(data deleted),(data deleted),(data deleted),Spain,23,23,100.0
2020-11-01,2020-11,0,Week 0,mobile,(data deleted),(data deleted),<Other>,South Korea,1,1,100.0
2020-11-01,2020-11,0,Week 0,desktop,(data deleted),(data deleted),(data deleted),Morocco,1,1,100.0
2020-11-01,2020-11,2,Week 2,desktop,(data deleted),(data deleted),(data deleted),Lebanon,1,1,100.0
2020-11-01,2020-11,2,Week 2,mobile,(data deleted),(data deleted),(data deleted),Israel,2,2,100.0
2020-11-01,2020-11,0,Week 0,desktop,(data deleted),(data deleted),(data deleted),Greece,4,4,100.0
2020-11-01,2020-11,0,Week 0,mobile,(data deleted),(data deleted),(data deleted),Sri Lanka,1,1,100.0
2020-11-01,2020-11,0,Week 0,tablet,(data deleted),(data deleted),(data deleted),Germany,1,1,100.0
2020-11-01,2020-11,4,Week 4,tablet,<Other>,(data deleted),(data deleted),United States,1,1,100.0
2020-11-01,2020-11,1,Week 1,desktop,(data deleted),(data deleted),(data deleted),Venezuela,1,1,100.0
2020-11-01,2020-11,0,Week 0,desktop,(data deleted),(data deleted),(data deleted),United Arab Emirates,5,5,100.0
2020-11-01,2020-11,0,Week 0,desktop,(data deleted),(data deleted),(data deleted),Indonesia,12,12,100.0
2020-11-01,2020-11,0,Week 0,mobile,<Other>,(data deleted),(data deleted),Cambodia,1,1,100.0
2020-11-01,2020-11,1,Week 1,mobile,(data deleted),(data deleted),<Other>,Netherlands,1,1,100.0
2020-11-01,2020-11,0,Week 0,desktop,(data deleted),(data deleted),(data deleted),Ireland,2,2,100.0
2020-11-01,2020-11,0,Week 0,mobile,(data deleted),(data deleted),(data deleted),Colombia,4,4,100.0
2020-11-01,2020-11,0,Week 0,desktop,(data deleted),(data deleted),(data deleted),Russia,6,6,100.0
2020-11-01,2020-11,0,Week 0,desktop,(data deleted),(data deleted),(data deleted),(not set),7,7,100.0
2020-11-01,2020-11,0,Week 0,desktop,(data deleted),(data deleted),<Other>,Denmark,1,1,100.0
2020-11-01,2020-11,0,Week 0,desktop,(data deleted),(data deleted),(data deleted),Colombia,1,1,100.0
2020-11-01,2020-11,0,Week 0,desktop,(data deleted),(data deleted),(data deleted),Cambodia,1,1,100.0
2020-11-01,2020-11,1,Week 1,desktop,(data deleted),(data deleted),(data deleted),Qatar,1,1,100.0
2020-11-01,2020-11,0,Week 0,mobile,<Other>,(data deleted),(data deleted),Kenya,1,1,100.0
2020-11-01,2020-11,0,Week 0,desktop,(data deleted),(data deleted),(data deleted),Poland,6,6,100.0
2020-11-01,2020-11,0,Week 0,mobile,(data deleted),(data deleted),(data deleted),(not set),7,7,100.0
2020-11-01,2020-11,0,Week 0,tablet,(data deleted),(data deleted),<Other>,United States,1,1,100.0
2020-11-01,2020-11,0,Week 0,desktop,<Other>,(data deleted),(data deleted),Singapore,1,1,100.0
2020-11-01,2020-11,0,Week 0,mobile,<Other>,(data deleted),(data deleted),United Kingdom,1,1,100.0
2020-11-01,2020-11,0,Week 0,mobile,(data deleted),(data deleted),(data deleted),Japan,6,6,100.0
2020-11-01,2020-11,0,Week 0,desktop,(data deleted),(data deleted),(data deleted),Mexico,6,6,100.0
2020-11-01,2020-11,1,Week 1,desktop,(data deleted),(data deleted),<Other>,United Kingdom,1,1,100.0
2020-11-01,2020-11,4,Week 4,mobile,(data deleted),(data deleted),(data deleted),Chile,1,1,100.0
2020-11-01,2020-11,0,Week 0,desktop,(data deleted),(data deleted),(data deleted),Japan,10,10,100.0
2020-11-01,2020-11,0,Week 0,mobile,(data deleted),(data deleted),<Other>,Netherlands,1,1,100.0
2020-11-01,2020-11,0,Week 0,desktop,(data deleted),(data deleted),(data deleted),Ukraine,2,2,100.0
2020-11-01,2020-11,0,Week 0,desktop,(data deleted),(data deleted),(data deleted),Kuwait,1,1,100.0
2020-11-01,2020-11,4,Week 4,desktop,(data deleted),(data deleted),<Other>,United Kingdom,1,1,100.0
2020-11-01,2020-11,0,Week 0,desktop,(data deleted),(data deleted),(data deleted),Pakistan,3,3,100.0
2020-11-01,2020-11,0,Week 0,desktop,(data deleted),(data deleted),(data deleted),Italy,7,7,100.0
2020-11-01,2020-11,0,Week 0,mobile,(data deleted),(data deleted),(data deleted),Indonesia,8,8,100.0
2020-11-01,2020-11,0,Week 0,desktop,(data deleted),(data deleted),<Other>,United Kingdom,1,1,100.0
2020-11-01,2020-11,0,Week 0,mobile,<Other>,(data deleted),(data deleted),Colombia,1,1,100.0
2020-11-01,2020-11,0,Week 0,desktop,(data deleted),(data deleted),(data deleted),Slovakia,2,2,100.0
2020-11-01,2020-11,0,Week 0,desktop,(data deleted),(data deleted),(data deleted),Nigeria,2,2,100.0
2020-11-01,2020-11,0,Week 0,tablet,(data deleted),(data deleted),(data deleted),Indonesia,1,1,100.0
2020-11-01,2020-11,0,Week 0,mobile,(data deleted),(data deleted),(data deleted),Saudi Arabia,1,1,100.0
2020-11-01,2020-11,0,Week 0,desktop,(data deleted),(data deleted),(data deleted),Oman,1,1,100.0
2020-11-01,2020-11,0,Week 0,desktop,(data deleted),(data deleted),(data deleted),Philippines,3,3,100.0
2020-11-01,2020-11,0,Week 0,mobile,(data deleted),(data deleted),(data deleted),Pakistan,4,4,100.0
2020-11-01,2020-11,12,Week 12,mobile,(direct),(none),(direct),United States,3252,2,0.06
2020-11-01,2020-11,12,Week 12,desktop,(direct),(none),(direct),United States,4759,3,0.06
2020-11-01,2020-11,11,Week 11,desktop,(direct),(none),(direct),India,1037,1,0.1
2020-11-01,2020-11,12,Week 12,desktop,(direct),(none),(direct),India,1037,1,0.1
2020-11-01,2020-11,12,Week 12,desktop,(direct),(none),(direct),Canada,820,1,0.12
2020-11-01,2020-11,11,Week 11,desktop,(direct),(none),(direct),Canada,820,1,0.12
2020-11-01,2020-11,12,Week 12,mobile,(direct),(none),(direct),India,687,1,0.15
2020-11-01,2020-11,11,Week 11,mobile,(direct),(none),(direct),India,687,1,0.15
2020-11-01,2020-11,11,Week 11,mobile,(direct),(none),(direct),Canada,500,1,0.2
2020-11-01,2020-11,9,Week 9,mobile,(direct),(none),(direct),Canada,500,1,0.2
2020-11-01,2020-11,12,Week 12,mobile,(direct),(none),(direct),Canada,500,1,0.2
2020-11-01,2020-11,11,Week 11,desktop,(direct),(none),(direct),United States,4759,11,0.23
2020-11-01,2020-11,11,Week 11,mobile,(direct),(none),(direct),United States,3252,8,0.25
2020-11-01,2020-11,9,Week 9,desktop,(direct),(none),(direct),United Kingdom,327,1,0.31
2020-11-01,2020-11,8,Week 8,desktop,(direct),(none),(direct),United Kingdom,327,1,0.31
2020-11-01,2020-11,12,Week 12,desktop,(direct),(none),(direct),United Kingdom,327,1,0.31
2020-11-01,2020-11,10,Week 10,desktop,(direct),(none),(direct),United States,4759,16,0.34
2020-11-01,2020-11,9,Week 9,desktop,(direct),(none),(direct),India,1037,4,0.39
2020-11-01,2020-11,8,Week 8,desktop,(direct),(none),(direct),India,1037,4,0.39
2020-11-01,2020-11,10,Week 10,mobile,(direct),(none),(direct),United States,3252,13,0.4
2020-11-01,2020-11,7,Week 7,mobile,(direct),(none),(direct),Canada,500,2,0.4
2020-11-01,2020-11,9,Week 9,mobile,(direct),(none),(direct),United Kingdom,240,1,0.42
2020-11-01,2020-11,11,Week 11,mobile,(direct),(none),(direct),United Kingdom,240,1,0.42
2020-11-01,2020-11,8,Week 8,desktop,(direct),(none),(direct),France,237,1,0.42
2020-11-01,2020-11,6,Week 6,desktop,(direct),(none),(direct),France,237,1,0.42
2020-11-01,2020-11,8,Week 8,mobile,(direct),(none),(direct),United Kingdom,240,1,0.42
2020-11-01,2020-11,10,Week 10,mobile,(direct),(none),(direct),United Kingdom,240,1,0.42
2020-11-01,2020-11,11,Week 11,desktop,(direct),(none),(direct),France,237,1,0.42
2020-11-01,2020-11,6,Week 6,mobile,(direct),(none),(direct),United Kingdom,240,1,0.42
2020-11-01,2020-11,3,Week 3,desktop,(direct),(none),(direct),France,237,1,0.42
2020-11-01,2020-11,8,Week 8,mobile,(direct),(none),(direct),India,687,3,0.44
2020-11-01,2020-11,10,Week 10,desktop,(direct),(none),(direct),Spain,211,1,0.47
2020-11-01,2020-11,7,Week 7,desktop,(direct),(none),(direct),Spain,211,1,0.47
2020-11-01,2020-11,10,Week 10,desktop,(direct),(none),(direct),India,1037,5,0.48
2020-11-01,2020-11,7,Week 7,desktop,(direct),(none),(direct),Germany,209,1,0.48
2020-11-01,2020-11,12,Week 12,desktop,(direct),(none),(direct),Germany,209,1,0.48
2020-11-01,2020-11,7,Week 7,desktop,(direct),(none),(direct),Canada,820,4,0.49
2020-11-01,2020-11,7,Week 7,mobile,(direct),(none),(direct),United States,3252,16,0.49
2020-11-01,2020-11,8,Week 8,desktop,(direct),(none),(direct),Taiwan,187,1,0.53
2020-11-01,2020-11,7,Week 7,desktop,(direct),(none),(direct),Taiwan,187,1,0.53
2020-11-01,2020-11,7,Week 7,desktop,(direct),(none),(direct),United States,4759,25,0.53
2020-11-01,2020-11,5,Week 5,desktop,(direct),(none),(direct),Taiwan,187,1,0.53
2020-11-01,2020-11,9,Week 9,mobile,(direct),(none),(direct),United States,3252,18,0.55
2020-11-01,2020-11,8,Week 8,desktop,(direct),(none),(direct),United States,4759,26,0.55
2020-11-01,2020-11,7,Week 7,mobile,(direct),(none),(direct),India,687,4,0.58
2020-11-01,2020-11,7,Week 7,desktop,(direct),(none),(direct),India,1037,6,0.58
2020-11-01,2020-11,6,Week 6,desktop,(direct),(none),(direct),India,1037,6,0.58
2020-11-01,2020-11,10,Week 10,mobile,(direct),(none),(direct),India,687,4,0.58
2020-11-01,2020-11,6,Week 6,desktop,(direct),(none),(direct),Canada,820,5,0.61
2020-11-01,2020-11,7,Week 7,desktop,(direct),(none),(direct),United Kingdom,327,2,0.61
2020-11-01,2020-11,9,Week 9,desktop,(direct),(none),(direct),Canada,820,5,0.61
2020-11-01,2020-11,6,Week 6,desktop,(direct),(none),(direct),China,158,1,0.63
2020-11-01,2020-11,10,Week 10,desktop,(direct),(none),(direct),China,158,1,0.63
2020-11-01,2020-11,9,Week 9,desktop,(direct),(none),(direct),China,158,1,0.63
2020-11-01,2020-11,7,Week 7,desktop,(direct),(none),(direct),China,158,1,0.63
2020-11-01,2020-11,6,Week 6,mobile,(direct),(none),(direct),France,157,1,0.64
2020-11-01,2020-11,8,Week 8,mobile,(direct),(none),(direct),France,157,1,0.64
2020-11-01,2020-11,5,Week 5,desktop,(direct),(none),(direct),Italy,155,1,0.65
2020-11-01,2020-11,6,Week 6,desktop,(direct),(none),(direct),United States,4759,31,0.65
2020-11-01,2020-11,9,Week 9,desktop,(direct),(none),(direct),United States,4759,31,0.65
2020-11-01,2020-11,7,Week 7,desktop,(direct),(none),(direct),Italy,155,1,0.65
2020-11-01,2020-11,10,Week 10,tablet,(direct),(none),(direct),United States,155,1,0.65
2020-11-01,2020-11,9,Week 9,tablet,(direct),(none),(direct),United States,155,1,0.65
2020-11-01,2020-11,9,Week 9,desktop,(direct),(none),(direct),Italy,155,1,0.65
2020-11-01,2020-11,8,Week 8,desktop,(direct),(none),(direct),Japan,148,1,0.68
2020-11-01,2020-11,5,Week 5,desktop,(direct),(none),(direct),Japan,148,1,0.68
2020-11-01,2020-11,6,Week 6,mobile,(direct),(none),(direct),United States,3252,22,0.68
2020-11-01,2020-11,7,Week 7,desktop,(direct),(none),(direct),Japan,148,1,0.68
2020-11-01,2020-11,9,Week 9,desktop,(direct),(none),(direct),Japan,148,1,0.68
2020-11-01,2020-11,4,Week 4,mobile,(direct),(none),(direct),China,144,1,0.69
2020-11-01,2020-11,7,Week 7,mobile,(direct),(none),(direct),Spain,144,1,0.69
2020-11-01,2020-11,7,Week 7,mobile,(direct),(none),(direct),China,144,1,0.69
2020-11-01,2020-11,10,Week 10,mobile,(direct),(none),(direct),China,144,1,0.69
2020-11-01,2020-11,5,Week 5,mobile,(direct),(none),(direct),China,144,1,0.69
2020-11-01,2020-11,8,Week 8,mobile,(direct),(none),(direct),China,144,1,0.69
2020-11-01,2020-11,9,Week 9,mobile,(direct),(none),(direct),China,144,1,0.69
2020-11-01,2020-11,11,Week 11,desktop,(direct),(none),(direct),Netherlands,142,1,0.7
2020-11-01,2020-11,8,Week 8,desktop,(direct),(none),(direct),Netherlands,142,1,0.7
2020-11-01,2020-11,10,Week 10,desktop,(direct),(none),(direct),Netherlands,142,1,0.7
2020-11-01,2020-11,7,Week 7,desktop,(direct),(none),(direct),Netherlands,142,1,0.7
2020-11-01,2020-11,8,Week 8,desktop,(direct),(none),(direct),South Korea,137,1,0.73
2020-11-01,2020-11,3,Week 3,desktop,(direct),(none),(direct),South Korea,137,1,0.73
2020-11-01,2020-11,5,Week 5,desktop,(direct),(none),(direct),South Korea,137,1,0.73
2020-11-01,2020-11,6,Week 6,mobile,(direct),(none),(direct),Taiwan,128,1,0.78
2020-11-01,2020-11,4,Week 4,mobile,(direct),(none),(direct),Taiwan,128,1,0.78
2020-11-01,2020-11,8,Week 8,mobile,(direct),(none),(direct),Taiwan,128,1,0.78
2020-11-01,2020-11,4,Week 4,mobile,(direct),(none),(direct),Germany,126,1,0.79
2020-11-01,2020-11,5,Week 5,mobile,(direct),(none),(direct),Germany,126,1,0.79
2020-11-01,2020-11,8,Week 8,mobile,(direct),(none),(direct),Canada,500,4,0.8
2020-11-01,2020-11,10,Week 10,mobile,(direct),(none),(direct),Canada,500,4,0.8
2020-11-01,2020-11,8,Week 8,mobile,(direct),(none),(direct),United States,3252,26,0.8
2020-11-01,2020-11,7,Week 7,mobile,(direct),(none),(direct),United Kingdom,240,2,0.83
2020-11-01,2020-11,7,Week 7,desktop,(direct),(none),(direct),France,237,2,0.84
2020-11-01,2020-11,8,Week 8,desktop,(direct),(none),(direct),Canada,820,7,0.85
2020-11-01,2020-11,5,Week 5,desktop,(direct),(none),(direct),Canada,820,7,0.85
2020-11-01,2020-11,6,Week 6,mobile,(direct),(none),(direct),Singapore,111,1,0.9
2020-11-01,2020-11,9,Week 9,mobile,(direct),(none),(direct),Italy,111,1,0.9
2020-11-01,2020-11,6,Week 6,mobile,(direct),(none),(direct),Italy,111,1,0.9
2020-11-01,2020-11,4,Week 4,mobile,(direct),(none),(direct),Italy,111,1,0.9
2020-11-01,2020-11,5,Week 5,mobile,(direct),(none),(direct),Singapore,111,1,0.9
2020-11-01,2020-11,11,Week 11,mobile,(direct),(none),(direct),Singapore,111,1,0.9
2020-11-01,2020-11,8,Week 8,desktop,(direct),(none),(direct),Poland,109,1,0.92
2020-11-01,2020-11,10,Week 10,desktop,(direct),(none),(direct),Poland,109,1,0.92
2020-11-01,2020-11,9,Week 9,desktop,(direct),(none),(direct),Poland,109,1,0.92
2020-11-01,2020-11,6,Week 6,desktop,(direct),(none),(direct),United Kingdom,327,3,0.92
2020-11-01,2020-11,4,Week 4,desktop,(direct),(none),(direct),Poland,109,1,0.92
2020-11-01,2020-11,11,Week 11,desktop,(direct),(none),(direct),Poland,109,1,0.92
2020-11-01,2020-11,10,Week 10,desktop,(direct),(none),(direct),Indonesia,108,1,0.93
2020-11-01,2020-11,4,Week 4,desktop,(direct),(none),(direct),Indonesia,108,1,0.93
2020-11-01,2020-11,6,Week 6,desktop,(direct),(none),(direct),Spain,211,2,0.95
2020-11-01,2020-11,5,Week 5,desktop,(direct),(none),(direct),Spain,211,2,0.95
2020-11-01,2020-11,11,Week 11,desktop,(direct),(none),(direct),Spain,211,2,0.95
2020-11-01,2020-11,9,Week 9,desktop,(direct),(none),(direct),Spain,211,2,0.95
2020-11-01,2020-11,5,Week 5,desktop,(direct),(none),(direct),India,1037,10,0.96
2020-11-01,2020-11,5,Week 5,desktop,(direct),(none),(direct),Germany,209,2,0.96
2020-11-01,2020-11,6,Week 6,desktop,(direct),(none),(direct),Germany,209,2,0.96
2020-11-01,2020-11,4,Week 4,desktop,(direct),(none),(direct),Germany,209,2,0.96
2020-11-01,2020-11,5,Week 5,desktop,(direct),(none),(direct),Brazil,100,1,1.0
2020-11-01,2020-11,7,Week 7,desktop,(direct),(none),(direct),Turkey,100,1,1.0
2020-11-01,2020-11,5,Week 5,desktop,(direct),(none),(direct),Turkey,100,1,1.0
2020-11-01,2020-11,4,Week 4,desktop,(direct),(none),(direct),Brazil,100,1,1.0
2020-11-01,2020-11,9,Week 9,mobile,(direct),(none),(direct),India,687,7,1.02
2020-11-01,2020-11,5,Week 5,mobile,(direct),(none),(direct),India,687,7,1.02
2020-11-01,2020-11,9,Week 9,mobile,(direct),(none),(direct),Japan,97,1,1.03
2020-11-01,2020-11,5,Week 5,mobile,(direct),(none),(direct),Japan,97,1,1.03
2020-11-01,2020-11,3,Week 3,mobile,(direct),(none),(direct),Japan,97,1,1.03
2020-11-01,2020-11,9,Week 9,mobile,(direct),(none),(direct),South Korea,96,1,1.04
2020-11-01,2020-11,4,Week 4,mobile,(direct),(none),(direct),South Korea,96,1,1.04
2020-11-01,2020-11,7,Week 7,mobile,(direct),(none),(direct),South Korea,96,1,1.04
2020-11-01,2020-11,2,Week 2,mobile,(direct),(none),(direct),South Korea,96,1,1.04
2020-11-01,2020-11,9,Week 9,desktop,(direct),(none),(direct),Taiwan,187,2,1.07
2020-11-01,2020-11,6,Week 6,desktop,(direct),(none),(direct),Taiwan,187,2,1.07
2020-11-01,2020-11,7,Week 7,desktop,(direct),(none),(direct),Australia,89,1,1.12
2020-11-01,2020-11,5,Week 5,mobile,(direct),(none),(direct),United States,3252,39,1.2
2020-11-01,2020-11,5,Week 5,mobile,(direct),(none),(direct),Brazil,82,1,1.22
2020-11-01,2020-11,4,Week 4,desktop,(direct),(none),(direct),United Kingdom,327,4,1.22
2020-11-01,2020-11,4,Week 4,mobile,(direct),(none),(direct),Brazil,82,1,1.22
2020-11-01,2020-11,7,Week 7,mobile,(direct),(none),(direct),Brazil,82,1,1.22
2020-11-01,2020-11,9,Week 9,mobile,(direct),(none),(direct),Netherlands,81,1,1.23
2020-11-01,2020-11,10,Week 10,mobile,(direct),(none),(direct),Netherlands,81,1,1.23
2020-11-01,2020-11,3,Week 3,mobile,(direct),(none),(direct),Turkey,81,1,1.23
2020-11-01,2020-11,6,Week 6,mobile,(direct),(none),(direct),Netherlands,81,1,1.23
2020-11-01,2020-11,5,Week 5,mobile,(direct),(none),(direct),Netherlands,81,1,1.23
2020-11-01,2020-11,8,Week 8,mobile,(direct),(none),(direct),Turkey,81,1,1.23
2020-11-01,2020-11,7,Week 7,mobile,(direct),(none),(direct),Netherlands,81,1,1.23
2020-11-01,2020-11,4,Week 4,mobile,(direct),(none),(direct),Turkey,81,1,1.23
2020-11-01,2020-11,4,Week 4,mobile,(direct),(none),(direct),Netherlands,81,1,1.23
2020-11-01,2020-11,5,Week 5,mobile,(direct),(none),(direct),United Kingdom,240,3,1.25
2020-11-01,2020-11,3,Week 3,mobile,(direct),(none),(direct),France,157,2,1.27
2020-11-01,2020-11,5,Week 5,desktop,(direct),(none),(direct),China,158,2,1.27
2020-11-01,2020-11,4,Week 4,desktop,(direct),(none),(direct),China,158,2,1.27
2020-11-01,2020-11,5,Week 5,desktop,(direct),(none),(direct),France,237,3,1.27
2020-11-01,2020-11,3,Week 3,desktop,(direct),(none),(direct),China,158,2,1.27
2020-11-01,2020-11,7,Week 7,tablet,(direct),(none),(direct),United States,155,2,1.29
2020-11-01,2020-11,9,Week 9,desktop,(direct),(none),(direct),Ireland,76,1,1.32
2020-11-01,2020-11,8,Week 8,mobile,(direct),(none),(direct),Poland,76,1,1.32
2020-11-01,2020-11,9,Week 9,mobile,(direct),(none),(direct),Poland,76,1,1.32
2020-11-01,2020-11,6,Week 6,desktop,(direct),(none),(direct),Ireland,76,1,1.32
2020-11-01,2020-11,4,Week 4,desktop,(direct),(none),(direct),Japan,148,2,1.35
2020-11-01,2020-11,6,Week 6,desktop,(direct),(none),(direct),Japan,148,2,1.35
2020-11-01,2020-11,6,Week 6,desktop,(direct),(none),(direct),Russia,72,1,1.39
2020-11-01,2020-11,3,Week 3,mobile,(direct),(none),(direct),China,144,2,1.39
2020-11-01,2020-11,5,Week 5,desktop,(direct),(none),(direct),United States,4759,66,1.39
2020-11-01,2020-11,3,Week 3,mobile,(direct),(none),(direct),Spain,144,2,1.39
2020-11-01,2020-11,4,Week 4,desktop,(direct),(none),(direct),Russia,72,1,1.39
2020-11-01,2020-11,6,Week 6,mobile,(direct),(none),(direct),Spain,144,2,1.39
2020-11-01,2020-11,5,Week 5,mobile,(direct),(none),(direct),Canada,500,7,1.4
2020-11-01,2020-11,5,Week 5,desktop,(direct),(none),(direct),Netherlands,142,2,1.41
2020-11-01,2020-11,8,Week 8,desktop,(direct),(none),(direct),Hong Kong,71,1,1.41
2020-11-01,2020-11,5,Week 5,desktop,(direct),(none),(direct),Hong Kong,71,1,1.41
2020-11-01,2020-11,7,Week 7,desktop,(direct),(none),(direct),Hong Kong,71,1,1.41
2020-11-01,2020-11,6,Week 6,desktop,(direct),(none),(direct),Netherlands,142,2,1.41
2020-11-01,2020-11,3,Week 3,desktop,(direct),(none),(direct),(not set),71,1,1.41
2020-11-01,2020-11,11,Week 11,desktop,(direct),(none),(direct),Hong Kong,71,1,1.41
2020-11-01,2020-11,4,Week 4,desktop,(direct),(none),(direct),Hong Kong,71,1,1.41
2020-11-01,2020-11,9,Week 9,desktop,(direct),(none),(direct),Hong Kong,71,1,1.41
2020-11-01,2020-11,4,Week 4,desktop,(direct),(none),(direct),South Korea,137,2,1.46
2020-11-01,2020-11,7,Week 7,mobile,(direct),(none),(direct),Indonesia,67,1,1.49
2020-11-01,2020-11,6,Week 6,mobile,(direct),(none),(direct),Indonesia,67,1,1.49
2020-11-01,2020-11,3,Week 3,mobile,(direct),(none),(direct),Indonesia,67,1,1.49
2020-11-01,2020-11,5,Week 5,mobile,(direct),(none),(direct),Indonesia,67,1,1.49
2020-11-01,2020-11,5,Week 5,desktop,(direct),(none),(direct),United Kingdom,327,5,1.53
2020-11-01,2020-11,4,Week 4,mobile,(direct),(none),(direct),Mexico,65,1,1.54
2020-11-01,2020-11,6,Week 6,mobile,(direct),(none),(direct),Mexico,65,1,1.54
2020-11-01,2020-11,12,Week 12,mobile,(direct),(none),(direct),(not set),64,1,1.56
2020-11-01,2020-11,9,Week 9,mobile,(direct),(none),(direct),Taiwan,128,2,1.56
2020-11-01,2020-11,5,Week 5,desktop,(direct),(none),(direct),Singapore,128,2,1.56
2020-11-01,2020-11,5,Week 5,mobile,(direct),(none),(direct),(not set),64,1,1.56
2020-11-01,2020-11,10,Week 10,mobile,(direct),(none),(direct),(not set),64,1,1.56
2020-11-01,2020-11,11,Week 11,mobile,(direct),(none),(direct),(not set),64,1,1.56
2020-11-01,2020-11,9,Week 9,mobile,(direct),(none),(direct),(not set),64,1,1.56
2020-11-01,2020-11,3,Week 3,desktop,(direct),(none),(direct),Taiwan,187,3,1.6
2020-11-01,2020-11,4,Week 4,desktop,(direct),(none),(direct),Switzerland,62,1,1.61
2020-11-01,2020-11,2,Week 2,desktop,(direct),(none),(direct),Switzerland,62,1,1.61
2020-11-01,2020-11,3,Week 3,desktop,(direct),(none),(direct),Malaysia,60,1,1.67
2020-11-01,2020-11,5,Week 5,mobile,(direct),(none),(direct),Australia,60,1,1.67
2020-11-01,2020-11,1,Week 1,desktop,(direct),(none),(direct),Malaysia,60,1,1.67
2020-11-01,2020-11,1,Week 1,mobile,(direct),(none),(direct),Australia,60,1,1.67
2020-11-01,2020-11,4,Week 4,desktop,(direct),(none),(direct),United States,4759,83,1.74
2020-11-01,2020-11,10,Week 10,desktop,(direct),(none),(direct),Sweden,57,1,1.75
2020-11-01,2020-11,6,Week 6,desktop,(direct),(none),(direct),Sweden,57,1,1.75
2020-11-01,2020-11,3,Week 3,desktop,(direct),(none),(direct),Sweden,57,1,1.75
2020-11-01,2020-11,11,Week 11,desktop,(direct),(none),(direct),Sweden,57,1,1.75
2020-11-01,2020-11,6,Week 6,mobile,(direct),(none),(direct),India,687,12,1.75
2020-11-01,2020-11,7,Week 7,desktop,(direct),(none),(direct),Sweden,57,1,1.75
2020-11-01,2020-11,6,Week 6,desktop,(direct),(none),(direct),Thailand,56,1,1.79
2020-11-01,2020-11,3,Week 3,desktop,(direct),(none),(direct),Thailand,56,1,1.79
2020-11-01,2020-11,4,Week 4,desktop,(direct),(none),(direct),Thailand,56,1,1.79
2020-11-01,2020-11,7,Week 7,mobile,(direct),(none),(direct),Singapore,111,2,1.8
2020-11-01,2020-11,8,Week 8,mobile,(direct),(none),(direct),Singapore,111,2,1.8
2020-11-01,2020-11,5,Week 5,desktop,(direct),(none),(direct),Poland,109,2,1.83
2020-11-01,2020-11,4,Week 4,desktop,(direct),(none),(direct),India,1037,19,1.83
2020-11-01,2020-11,6,Week 6,desktop,(direct),(none),(direct),Poland,109,2,1.83
2020-11-01,2020-11,3,Week 3,desktop,(direct),(none),(direct),Poland,109,2,1.83
2020-11-01,2020-11,2,Week 2,desktop,(direct),(none),(direct),Indonesia,108,2,1.85
2020-11-01,2020-11,3,Week 3,desktop,(direct),(none),(direct),Belgium,54,1,1.85
2020-11-01,2020-11,4,Week 4,desktop,(direct),(none),(direct),Belgium,54,1,1.85
2020-11-01,2020-11,4,Week 4,desktop,(direct),(none),(direct),Vietnam,54,1,1.85
2020-11-01,2020-11,8,Week 8,desktop,(direct),(none),(direct),Indonesia,108,2,1.85
2020-11-01,2020-11,5,Week 5,desktop,(direct),(none),(direct),Belgium,54,1,1.85
2020-11-01,2020-11,4,Week 4,mobile,(direct),(none),(direct),United States,3252,60,1.85
2020-11-01,2020-11,2,Week 2,desktop,(direct),(none),(direct),Germany,209,4,1.91
2020-11-01,2020-11,4,Week 4,mobile,(direct),(none),(direct),France,157,3,1.91
2020-11-01,2020-11,3,Week 3,desktop,(direct),(none),(direct),Germany,209,4,1.91
2020-11-01,2020-11,2,Week 2,mobile,(direct),(none),(direct),Hong Kong,52,1,1.92
2020-11-01,2020-11,2,Week 2,tablet,(direct),(none),(direct),India,52,1,1.92
2020-11-01,2020-11,6,Week 6,tablet,(direct),(none),(direct),India,52,1,1.92
2020-11-01,2020-11,6,Week 6,desktop,(direct),(none),(direct),Italy,155,3,1.94
2020-11-01,2020-11,4,Week 4,tablet,(direct),(none),(direct),United States,155,3,1.94
2020-11-01,2020-11,7,Week 7,desktop,(direct),(none),(direct),Portugal,51,1,1.96
2020-11-01,2020-11,3,Week 3,desktop,(direct),(none),(direct),Israel,51,1,1.96
2020-11-01,2020-11,3,Week 3,desktop,(direct),(none),(direct),Portugal,51,1,1.96
2020-11-01,2020-11,1,Week 1,desktop,(direct),(none),(direct),Israel,51,1,1.96
2020-11-01,2020-11,2,Week 2,desktop,(direct),(none),(direct),Portugal,51,1,1.96
2020-11-01,2020-11,7,Week 7,desktop,(direct),(none),(direct),Brazil,100,2,2.0
2020-11-01,2020-11,4,Week 4,mobile,(direct),(none),(direct),Japan,97,2,2.06
2020-11-01,2020-11,4,Week 4,desktop,(direct),(none),(direct),Canada,820,17,2.07
2020-11-01,2020-11,4,Week 4,mobile,(direct),(none),(direct),Spain,144,3,2.08
2020-11-01,2020-11,3,Week 3,mobile,(direct),(none),(direct),South Korea,96,2,2.08
2020-11-01,2020-11,3,Week 3,mobile,(direct),(none),(direct),United Kingdom,240,5,2.08
2020-11-01,2020-11,1,Week 1,mobile,(direct),(none),(direct),South Korea,96,2,2.08
2020-11-01,2020-11,2,Week 2,mobile,(direct),(none),(direct),Malaysia,48,1,2.08
2020-11-01,2020-11,4,Week 4,mobile,(direct),(none),(direct),Malaysia,48,1,2.08
2020-11-01,2020-11,2,Week 2,mobile,(direct),(none),(direct),China,144,3,2.08
2020-11-01,2020-11,4,Week 4,desktop,(direct),(none),(direct),France,237,5,2.11
2020-11-01,2020-11,6,Week 6,mobile,(direct),(none),(direct),Russia,47,1,2.13
2020-11-01,2020-11,1,Week 1,mobile,(direct),(none),(direct),Russia,47,1,2.13
2020-11-01,2020-11,4,Week 4,mobile,(direct),(none),(direct),Russia,47,1,2.13
2020-11-01,2020-11,3,Week 3,desktop,(direct),(none),(direct),Colombia,47,1,2.13
2020-11-01,2020-11,7,Week 7,mobile,(direct),(none),(direct),Russia,47,1,2.13
2020-11-01,2020-11,10,Week 10,mobile,(direct),(none),(direct),Russia,47,1,2.13
2020-11-01,2020-11,2,Week 2,desktop,(direct),(none),(direct),Colombia,47,1,2.13
2020-11-01,2020-11,3,Week 3,desktop,(direct),(none),(direct),United Kingdom,327,7,2.14
2020-11-01,2020-11,5,Week 5,desktop,(direct),(none),(direct),Philippines,46,1,2.17
2020-11-01,2020-11,7,Week 7,desktop,(direct),(none),(direct),Philippines,46,1,2.17
2020-11-01,2020-11,9,Week 9,desktop,(direct),(none),(direct),Philippines,46,1,2.17
2020-11-01,2020-11,2,Week 2,desktop,(direct),(none),(direct),South Korea,137,3,2.19
2020-11-01,2020-11,3,Week 3,mobile,(direct),(none),(direct),Philippines,45,1,2.22
2020-11-01,2020-11,7,Week 7,mobile,(direct),(none),(direct),Philippines,45,1,2.22
2020-11-01,2020-11,3,Week 3,desktop,(direct),(none),(direct),United States,4759,107,2.25
2020-11-01,2020-11,6,Week 6,desktop,(direct),(none),(direct),Australia,89,2,2.25
2020-11-01,2020-11,2,Week 2,desktop,(direct),(none),(direct),Australia,89,2,2.25
2020-11-01,2020-11,5,Week 5,desktop,(direct),(none),(direct),Australia,89,2,2.25
2020-11-01,2020-11,2,Week 2,mobile,(direct),(none),(direct),Ireland,44,1,2.27
2020-11-01,2020-11,4,Week 4,desktop,(direct),(none),(direct),Greece,44,1,2.27
2020-11-01,2020-11,5,Week 5,desktop,(direct),(none),(direct),Greece,44,1,2.27
2020-11-01,2020-11,8,Week 8,desktop,(direct),(none),(direct),Greece,44,1,2.27
2020-11-01,2020-11,1,Week 1,desktop,(direct),(none),(direct),Greece,44,1,2.27
2020-11-01,2020-11,5,Week 5,mobile,(direct),(none),(direct),Ireland,44,1,2.27
2020-11-01,2020-11,4,Week 4,mobile,(direct),(none),(direct),India,687,16,2.33
2020-11-01,2020-11,3,Week 3,mobile,(direct),(none),(direct),India,687,16,2.33
2020-11-01,2020-11,4,Week 4,desktop,(direct),(none),(direct),Singapore,128,3,2.34
2020-11-01,2020-11,6,Week 6,desktop,(direct),(none),(direct),Singapore,128,3,2.34
2020-11-01,2020-11,3,Week 3,desktop,(direct),(none),(direct),Singapore,128,3,2.34
2020-11-01,2020-11,3,Week 3,mobile,(direct),(none),(direct),United States,3252,77,2.37
2020-11-01,2020-11,3,Week 3,desktop,(direct),(none),(direct),Spain,211,5,2.37
2020-11-01,2020-11,2,Week 2,mobile,(direct),(none),(direct),Canada,500,12,2.4
2020-11-01,2020-11,3,Week 3,mobile,(direct),(none),(direct),Canada,500,12,2.4
2020-11-01,2020-11,3,Week 3,desktop,(direct),(none),(direct),India,1037,25,2.41
2020-11-01,2020-11,2,Week 2,desktop,(direct),(none),(direct),Mexico,83,2,2.41
2020-11-01,2020-11,3,Week 3,desktop,(direct),(none),(direct),Mexico,83,2,2.41
2020-11-01,2020-11,3,Week 3,desktop,(direct),(none),(direct),Canada,820,20,2.44
2020-11-01,2020-11,4,Week 4,mobile,(direct),(none),(direct),United Kingdom,240,6,2.5
2020-11-01,2020-11,6,Week 6,desktop,(direct),(none),(direct),Ukraine,40,1,2.5
2020-11-01,2020-11,3,Week 3,desktop,(direct),(none),(direct),Ukraine,40,1,2.5
2020-11-01,2020-11,3,Week 3,desktop,(direct),(none),(direct),Italy,155,4,2.58
2020-11-01,2020-11,2,Week 2,desktop,(direct),(none),(direct),Italy,155,4,2.58
2020-11-01,2020-11,3,Week 3,tablet,(direct),(none),(direct),United States,155,4,2.58
2020-11-01,2020-11,5,Week 5,tablet,(direct),(none),(direct),United States,155,4,2.58
2020-11-01,2020-11,4,Week 4,desktop,(direct),(none),(direct),Italy,155,4,2.58
2020-11-01,2020-11,3,Week 3,desktop,(direct),(none),(direct),Peru,38,1,2.63
2020-11-01,2020-11,4,Week 4,desktop,(direct),(none),(direct),Peru,38,1,2.63
2020-11-01,2020-11,4,Week 4,mobile,(direct),(none),(direct),Poland,76,2,2.63
2020-11-01,2020-11,1,Week 1,desktop,(direct),(none),(direct),Peru,38,1,2.63
2020-11-01,2020-11,2,Week 2,mobile,(direct),(none),(direct),Poland,76,2,2.63
2020-11-01,2020-11,11,Week 11,desktop,(direct),(none),(direct),Peru,38,1,2.63
2020-11-01,2020-11,3,Week 3,desktop,(direct),(none),(direct),Ireland,76,2,2.63
2020-11-01,2020-11,9,Week 9,desktop,(direct),(none),(direct),Peru,38,1,2.63
2020-11-01,2020-11,4,Week 4,desktop,(direct),(none),(direct),Taiwan,187,5,2.67
2020-11-01,2020-11,2,Week 2,desktop,(direct),(none),(direct),Taiwan,187,5,2.67
2020-11-01,2020-11,1,Week 1,desktop,(direct),(none),(direct),Pakistan,37,1,2.7
2020-11-01,2020-11,5,Week 5,mobile,(direct),(none),(direct),Italy,111,3,2.7
2020-11-01,2020-11,6,Week 6,desktop,(direct),(none),(direct),Pakistan,37,1,2.7
2020-11-01,2020-11,3,Week 3,mobile,(direct),(none),(direct),Singapore,111,3,2.7
2020-11-01,2020-11,4,Week 4,desktop,(direct),(none),(direct),Pakistan,37,1,2.7
2020-11-01,2020-11,3,Week 3,mobile,(direct),(none),(direct),Italy,111,3,2.7
2020-11-01,2020-11,2,Week 2,desktop,(direct),(none),(direct),Japan,148,4,2.7
2020-11-01,2020-11,2,Week 2,desktop,(direct),(none),(direct),Poland,109,3,2.75
2020-11-01,2020-11,2,Week 2,mobile,(direct),(none),(direct),India,687,19,2.77
2020-11-01,2020-11,7,Week 7,mobile,(direct),(none),(direct),Pakistan,36,1,2.78
2020-11-01,2020-11,1,Week 1,mobile,(direct),(none),(direct),Pakistan,36,1,2.78
2020-11-01,2020-11,4,Week 4,mobile,(direct),(none),(direct),Pakistan,36,1,2.78
2020-11-01,2020-11,2,Week 2,desktop,(direct),(none),(direct),Russia,72,2,2.78
2020-11-01,2020-11,5,Week 5,desktop,(direct),(none),(direct),Indonesia,108,3,2.78
2020-11-01,2020-11,4,Week 4,mobile,(direct),(none),(direct),Canada,500,14,2.8
2020-11-01,2020-11,2,Week 2,desktop,(direct),(none),(direct),Netherlands,142,4,2.82
2020-11-01,2020-11,4,Week 4,desktop,(direct),(none),(direct),(not set),71,2,2.82
2020-11-01,2020-11,6,Week 6,desktop,(direct),(none),(direct),Hong Kong,71,2,2.82
2020-11-01,2020-11,2,Week 2,desktop,(direct),(none),(direct),(not set),71,2,2.82
2020-11-01,2020-11,2,Week 2,desktop,(direct),(none),(direct),Hong Kong,71,2,2.82
2020-11-01,2020-11,4,Week 4,desktop,(direct),(none),(direct),Spain,211,6,2.84
2020-11-01,2020-11,2,Week 2,desktop,(direct),(none),(direct),Spain,211,6,2.84
2020-11-01,2020-11,2,Week 2,desktop,(direct),(none),(direct),United States,4759,139,2.92
2020-11-01,2020-11,2,Week 2,mobile,(direct),(none),(direct),United Kingdom,240,7,2.92
2020-11-01,2020-11,4,Week 4,mobile,(direct),(none),(direct),Indonesia,67,2,2.99
2020-11-01,2020-11,2,Week 2,desktop,(direct),(none),(direct),India,1037,31,2.99
2020-11-01,2020-11,2,Week 2,mobile,(direct),(none),(direct),Indonesia,67,2,2.99
2020-11-01,2020-11,2,Week 2,desktop,(direct),(none),(direct),Brazil,100,3,3.0
2020-11-01,2020-11,2,Week 2,desktop,(direct),(none),(direct),Turkey,100,3,3.0
2020-11-01,2020-11,2,Week 2,desktop,(direct),(none),(direct),Argentina,33,1,3.03
2020-11-01,2020-11,3,Week 3,mobile,(direct),(none),(direct),Thailand,33,1,3.03
2020-11-01,2020-11,4,Week 4,desktop,(direct),(none),(direct),Argentina,33,1,3.03
2020-11-01,2020-11,4,Week 4,mobile,(direct),(none),(direct),Greece,33,1,3.03
2020-11-01,2020-11,5,Week 5,mobile,(direct),(none),(direct),Thailand,33,1,3.03
2020-11-01,2020-11,4,Week 4,mobile,(direct),(none),(direct),Thailand,33,1,3.03
2020-11-01,2020-11,7,Week 7,mobile,(direct),(none),(direct),Vietnam,33,1,3.03
2020-11-01,2020-11,6,Week 6,mobile,(direct),(none),(direct),Thailand,33,1,3.03
2020-11-01,2020-11,3,Week 3,mobile,(direct),(none),(direct),Vietnam,33,1,3.03
2020-11-01,2020-11,9,Week 9,mobile,(direct),(none),(direct),Mexico,65,2,3.08
2020-11-01,2020-11,3,Week 3,mobile,(direct),(none),(direct),Mexico,65,2,3.08
2020-11-01,2020-11,2,Week 2,mobile,(direct),(none),(direct),Japan,97,3,3.09
2020-11-01,2020-11,4,Week 4,tablet,(direct),(none),(direct),Canada,32,1,3.13
2020-11-01,2020-11,2,Week 2,desktop,(direct),(none),(direct),Singapore,128,4,3.13
2020-11-01,2020-11,9,Week 9,tablet,(direct),(none),(direct),Canada,32,1,3.13
2020-11-01,2020-11,7,Week 7,tablet,(direct),(none),(direct),Canada,32,1,3.13
2020-11-01,2020-11,3,Week 3,tablet,(direct),(none),(direct),Canada,32,1,3.13
2020-11-01,2020-11,3,Week 3,mobile,(direct),(none),(direct),(not set),64,2,3.13
2020-11-01,2020-11,4,Week 4,mobile,(direct),(none),(direct),(not set),64,2,3.13
2020-11-01,2020-11,2,Week 2,tablet,(direct),(none),(direct),Canada,32,1,3.13
2020-11-01,2020-11,10,Week 10,tablet,(direct),(none),(direct),Canada,32,1,3.13
2020-11-01,2020-11,2,Week 2,mobile,(direct),(none),(direct),Taiwan,128,4,3.13
2020-11-01,2020-11,2,Week 2,mobile,(direct),(none),(direct),United States,3252,103,3.17
2020-11-01,2020-11,2,Week 2,mobile,(direct),(none),(direct),Sweden,31,1,3.23
2020-11-01,2020-11,1,Week 1,mobile,(direct),(none),(direct),Sweden,31,1,3.23
2020-11-01,2020-11,4,Week 4,mobile,(direct),(none),(direct),Sweden,31,1,3.23
2020-11-01,2020-11,1,Week 1,desktop,(direct),(none),(direct),Italy,155,5,3.23
2020-11-01,2020-11,3,Week 3,mobile,(direct),(none),(direct),Sweden,31,1,3.23
2020-11-01,2020-11,9,Week 9,mobile,(direct),(none),(direct),Australia,60,2,3.33
2020-11-01,2020-11,2,Week 2,mobile,(direct),(none),(direct),Israel,30,1,3.33
2020-11-01,2020-11,3,Week 3,mobile,(direct),(none),(direct),Australia,60,2,3.33
2020-11-01,2020-11,3,Week 3,desktop,(direct),(none),(direct),Australia,89,3,3.37
2020-11-01,2020-11,2,Week 2,desktop,(direct),(none),(direct),France,237,8,3.38
2020-11-01,2020-11,2,Week 2,desktop,(direct),(none),(direct),Czechia,29,1,3.45
2020-11-01,2020-11,2,Week 2,desktop,(direct),(none),(direct),Romania,29,1,3.45
2020-11-01,2020-11,4,Week 4,mobile,(direct),(none),(direct),Colombia,29,1,3.45
2020-11-01,2020-11,3,Week 3,desktop,(direct),(none),(direct),Romania,29,1,3.45
2020-11-01,2020-11,1,Week 1,desktop,(direct),(none),(direct),Czechia,29,1,3.45
2020-11-01,2020-11,8,Week 8,desktop,(direct),(none),(direct),Czechia,29,1,3.45
2020-11-01,2020-11,2,Week 2,mobile,(direct),(none),(direct),Spain,144,5,3.47
2020-11-01,2020-11,5,Week 5,desktop,(direct),(none),(direct),Sweden,57,2,3.51
2020-11-01,2020-11,3,Week 3,desktop,(direct),(none),(direct),Netherlands,142,5,3.52
2020-11-01,2020-11,5,Week 5,desktop,(direct),(none),(direct),Bangladesh,28,1,3.57
2020-11-01,2020-11,1,Week 1,desktop,(direct),(none),(direct),Thailand,56,2,3.57
2020-11-01,2020-11,3,Week 3,desktop,(direct),(none),(direct),Bangladesh,28,1,3.57
2020-11-01,2020-11,2,Week 2,desktop,(direct),(none),(direct),Thailand,56,2,3.57
2020-11-01,2020-11,9,Week 9,desktop,(direct),(none),(direct),Bangladesh,28,1,3.57
2020-11-01,2020-11,2,Week 2,mobile,(direct),(none),(direct),Italy,111,4,3.6
2020-11-01,2020-11,5,Week 5,desktop,(direct),(none),(direct),Mexico,83,3,3.61
2020-11-01,2020-11,1,Week 1,desktop,(direct),(none),(direct),Mexico,83,3,3.61
2020-11-01,2020-11,3,Week 3,mobile,(direct),(none),(direct),Brazil,82,3,3.66
2020-11-01,2020-11,2,Week 2,desktop,(direct),(none),(direct),United Kingdom,327,12,3.67
2020-11-01,2020-11,3,Week 3,mobile,(direct),(none),(direct),Peru,27,1,3.7
2020-11-01,2020-11,6,Week 6,desktop,(direct),(none),(direct),Vietnam,54,2,3.7
2020-11-01,2020-11,6,Week 6,mobile,(direct),(none),(direct),Peru,27,1,3.7
2020-11-01,2020-11,8,Week 8,mobile,(direct),(none),(direct),Netherlands,81,3,3.7
2020-11-01,2020-11,2,Week 2,desktop,(direct),(none),(direct),Belgium,54,2,3.7
2020-11-01,2020-11,1,Week 1,desktop,(direct),(none),(direct),Belgium,54,2,3.7
2020-11-01,2020-11,3,Week 3,desktop,(direct),(none),(direct),Indonesia,108,4,3.7
2020-11-01,2020-11,3,Week 3,desktop,(direct),(none),(direct),Vietnam,54,2,3.7
2020-11-01,2020-11,6,Week 6,desktop,(direct),(none),(direct),Belgium,54,2,3.7
2020-11-01,2020-11,11,Week 11,mobile,(direct),(none),(direct),Peru,27,1,3.7
2020-11-01,2020-11,7,Week 7,mobile,(direct),(none),(direct),Peru,27,1,3.7
2020-11-01,2020-11,3,Week 3,desktop,(direct),(none),(direct),Saudi Arabia,26,1,3.85
2020-11-01,2020-11,1,Week 1,desktop,(direct),(none),(direct),New Zealand,26,1,3.85
2020-11-01,2020-11,6,Week 6,desktop,(direct),(none),(direct),Saudi Arabia,26,1,3.85
2020-11-01,2020-11,5,Week 5,desktop,(direct),(none),(direct),Saudi Arabia,26,1,3.85
2020-11-01,2020-11,2,Week 2,desktop,(direct),(none),(direct),Denmark,26,1,3.85
2020-11-01,2020-11,4,Week 4,tablet,(direct),(none),(direct),India,52,2,3.85
2020-11-01,2020-11,4,Week 4,desktop,(direct),(none),(direct),Saudi Arabia,26,1,3.85
2020-11-01,2020-11,2,Week 2,desktop,(direct),(none),(direct),Saudi Arabia,26,1,3.85
2020-11-01,2020-11,7,Week 7,desktop,(direct),(none),(direct),Saudi Arabia,26,1,3.85
2020-11-01,2020-11,1,Week 1,desktop,(direct),(none),(direct),Denmark,26,1,3.85
2020-11-01,2020-11,4,Week 4,desktop,(direct),(none),(direct),Portugal,51,2,3.92
2020-11-01,2020-11,4,Week 4,desktop,(direct),(none),(direct),Ireland,76,3,3.95
2020-11-01,2020-11,2,Week 2,desktop,(direct),(none),(direct),Ireland,76,3,3.95
2020-11-01,2020-11,6,Week 6,mobile,(direct),(none),(direct),Poland,76,3,3.95
2020-11-01,2020-11,3,Week 3,mobile,(direct),(none),(direct),Poland,76,3,3.95
2020-11-01,2020-11,1,Week 1,mobile,(direct),(none),(direct),Germany,126,5,3.97
2020-11-01,2020-11,10,Week 10,mobile,(direct),(none),(direct),Ukraine,25,1,4.0
2020-11-01,2020-11,2,Week 2,mobile,(direct),(none),(direct),Ukraine,25,1,4.0
2020-11-01,2020-11,9,Week 9,desktop,(direct),(none),(direct),Egypt,25,1,4.0
2020-11-01,2020-11,5,Week 5,mobile,(direct),(none),(direct),Ukraine,25,1,4.0
2020-11-01,2020-11,3,Week 3,desktop,(direct),(none),(direct),Egypt,25,1,4.0
2020-11-01,2020-11,5,Week 5,desktop,(direct),(none),(direct),Egypt,25,1,4.0
2020-11-01,2020-11,1,Week 1,desktop,(direct),(none),(direct),Egypt,25,1,4.0
2020-11-01,2020-11,11,Week 11,mobile,(direct),(none),(direct),Ukraine,25,1,4.0
2020-11-01,2020-11,4,Week 4,mobile,(direct),(none),(direct),Ukraine,25,1,4.0
2020-11-01,2020-11,6,Week 6,mobile,(direct),(none),(direct),Ukraine,25,1,4.0
2020-11-01,2020-11,2,Week 2,desktop,(direct),(none),(direct),Egypt,25,1,4.0
2020-11-01,2020-11,9,Week 9,mobile,(direct),(none),(direct),Ukraine,25,1,4.0
2020-11-01,2020-11,2,Week 2,desktop,(direct),(none),(direct),Canada,820,33,4.02
2020-11-01,2020-11,1,Week 1,mobile,(direct),(none),(direct),United Arab Emirates,24,1,4.17
2020-11-01,2020-11,2,Week 2,desktop,(direct),(none),(direct),Austria,24,1,4.17
2020-11-01,2020-11,1,Week 1,mobile,(direct),(none),(direct),China,144,6,4.17
2020-11-01,2020-11,6,Week 6,desktop,(direct),(none),(direct),Austria,24,1,4.17
2020-11-01,2020-11,5,Week 5,mobile,(direct),(none),(direct),Spain,144,6,4.17
2020-11-01,2020-11,1,Week 1,mobile,(direct),(none),(direct),United Kingdom,240,10,4.17
2020-11-01,2020-11,2,Week 2,mobile,(direct),(none),(direct),United Arab Emirates,24,1,4.17
2020-11-01,2020-11,1,Week 1,mobile,(direct),(none),(direct),India,687,29,4.22
2020-11-01,2020-11,1,Week 1,desktop,(direct),(none),(direct),(not set),71,3,4.23
2020-11-01,2020-11,3,Week 3,desktop,(direct),(none),(direct),Hong Kong,71,3,4.23
2020-11-01,2020-11,1,Week 1,desktop,(direct),(none),(direct),Colombia,47,2,4.26
2020-11-01,2020-11,2,Week 2,mobile,(direct),(none),(direct),Russia,47,2,4.26
2020-11-01,2020-11,3,Week 3,desktop,(direct),(none),(direct),Philippines,46,2,4.35
2020-11-01,2020-11,3,Week 3,mobile,(direct),(none),(direct),Romania,23,1,4.35
2020-11-01,2020-11,1,Week 1,mobile,(direct),(none),(direct),Czechia,23,1,4.35
2020-11-01,2020-11,9,Week 9,mobile,(direct),(none),(direct),Czechia,23,1,4.35
2020-11-01,2020-11,2,Week 2,mobile,(direct),(none),(direct),Philippines,45,2,4.44
2020-11-01,2020-11,4,Week 4,desktop,(direct),(none),(direct),Australia,89,4,4.49
2020-11-01,2020-11,2,Week 2,mobile,(direct),(none),(direct),Singapore,111,5,4.5
2020-11-01,2020-11,1,Week 1,mobile,(direct),(none),(direct),Ireland,44,2,4.55
2020-11-01,2020-11,5,Week 5,mobile,(direct),(none),(direct),Mexico,65,3,4.62
2020-11-01,2020-11,2,Week 2,mobile,(direct),(none),(direct),(not set),64,3,4.69
2020-11-01,2020-11,1,Week 1,desktop,(direct),(none),(direct),United Arab Emirates,21,1,4.76
2020-11-01,2020-11,3,Week 3,desktop,(direct),(none),(direct),United Arab Emirates,21,1,4.76
2020-11-01,2020-11,4,Week 4,mobile,(direct),(none),(direct),Argentina,21,1,4.76
2020-11-01,2020-11,9,Week 9,desktop,(direct),(none),(direct),United Arab Emirates,21,1,4.76
2020-11-01,2020-11,3,Week 3,desktop,(direct),(none),(direct),Switzerland,62,3,4.84
2020-11-01,2020-11,1,Week 1,desktop,(direct),(none),(direct),United Kingdom,327,16,4.89
2020-11-01,2020-11,3,Week 3,mobile,(direct),(none),(direct),Netherlands,81,4,4.94
2020-11-01,2020-11,1,Week 1,mobile,(direct),(none),(direct),Netherlands,81,4,4.94
2020-11-01,2020-11,1,Week 1,desktop,(direct),(none),(direct),Brazil,100,5,5.0
2020-11-01,2020-11,2,Week 2,desktop,(direct),(none),(direct),Ukraine,40,2,5.0
2020-11-01,2020-11,1,Week 1,desktop,(direct),(none),(direct),Canada,820,41,5.0
2020-11-01,2020-11,2,Week 2,mobile,(direct),(none),(direct),Australia,60,3,5.0
2020-11-01,2020-11,4,Week 4,mobile,(direct),(none),(direct),Australia,60,3,5.0
2020-11-01,2020-11,4,Week 4,desktop,(direct),(none),(direct),Ukraine,40,2,5.0
2020-11-01,2020-11,1,Week 1,mobile,(direct),(none),(direct),United States,3252,163,5.01
2020-11-01,2020-11,1,Week 1,desktop,(direct),(none),(direct),China,158,8,5.06
2020-11-01,2020-11,2,Week 2,mobile,(direct),(none),(direct),France,157,8,5.1
2020-11-01,2020-11,2,Week 2,tablet,(direct),(none),(direct),United States,155,8,5.16
2020-11-01,2020-11,4,Week 4,desktop,(direct),(none),(direct),Sweden,57,3,5.26
2020-11-01,2020-11,1,Week 1,desktop,(direct),(none),(direct),Sri Lanka,19,1,5.26
2020-11-01,2020-11,2,Week 2,desktop,(direct),(none),(direct),Sri Lanka,19,1,5.26
2020-11-01,2020-11,1,Week 1,desktop,(direct),(none),(direct),Taiwan,187,10,5.35
2020-11-01,2020-11,1,Week 1,mobile,(direct),(none),(direct),Canada,500,27,5.4
2020-11-01,2020-11,1,Week 1,mobile,(direct),(none),(direct),Italy,111,6,5.41
2020-11-01,2020-11,2,Week 2,desktop,(direct),(none),(direct),Pakistan,37,2,5.41
2020-11-01,2020-11,3,Week 3,desktop,(direct),(none),(direct),Japan,148,8,5.41
2020-11-01,2020-11,5,Week 5,desktop,(direct),(none),(direct),Pakistan,37,2,5.41
2020-11-01,2020-11,1,Week 1,desktop,(direct),(none),(direct),Russia,72,4,5.56
2020-11-01,2020-11,1,Week 1,mobile,(direct),(none),(direct),Norway,18,1,5.56
2020-11-01,2020-11,2,Week 2,desktop,(direct),(none),(direct),Vietnam,54,3,5.56
2020-11-01,2020-11,3,Week 3,mobile,(direct),(none),(direct),Norway,18,1,5.56
2020-11-01,2020-11,1,Week 1,mobile,(direct),(none),(direct),France,157,9,5.73
2020-11-01,2020-11,1,Week 1,mobile,(direct),(none),(direct),Hong Kong,52,3,5.77
2020-11-01,2020-11,1,Week 1,tablet,(direct),(none),(direct),India,52,3,5.77
2020-11-01,2020-11,3,Week 3,tablet,(direct),(none),(direct),India,52,3,5.77
2020-11-01,2020-11,1,Week 1,mobile,(direct),(none),(direct),Austria,17,1,5.88
2020-11-01,2020-11,5,Week 5,mobile,(direct),(none),(direct),Austria,17,1,5.88
2020-11-01,2020-11,3,Week 3,mobile,(direct),(none),(direct),Denmark,17,1,5.88
2020-11-01,2020-11,7,Week 7,mobile,(direct),(none),(direct),Austria,17,1,5.88
2020-11-01,2020-11,6,Week 6,mobile,(direct),(none),(direct),Austria,17,1,5.88
2020-11-01,2020-11,1,Week 1,desktop,(direct),(none),(direct),United States,4759,282,5.93
2020-11-01,2020-11,1,Week 1,mobile,(direct),(none),(direct),Indonesia,67,4,5.97
2020-11-01,2020-11,1,Week 1,desktop,(direct),(none),(direct),India,1037,62,5.98
2020-11-01,2020-11,1,Week 1,desktop,(direct),(none),(direct),Turkey,100,6,6.0
2020-11-01,2020-11,2,Week 2,mobile,(direct),(none),(direct),Greece,33,2,6.06
2020-11-01,2020-11,2,Week 2,mobile,(direct),(none),(direct),Vietnam,33,2,6.06
2020-11-01,2020-11,1,Week 1,desktop,(direct),(none),(direct),Argentina,33,2,6.06
2020-11-01,2020-11,2,Week 2,mobile,(direct),(none),(direct),Thailand,33,2,6.06
2020-11-01,2020-11,1,Week 1,mobile,(direct),(none),(direct),Thailand,33,2,6.06
2020-11-01,2020-11,2,Week 2,mobile,(direct),(none),(direct),Brazil,82,5,6.1
2020-11-01,2020-11,2,Week 2,mobile,(direct),(none),(direct),Mexico,65,4,6.15
2020-11-01,2020-11,2,Week 2,mobile,(direct),(none),(direct),Turkey,81,5,6.17
2020-11-01,2020-11,1,Week 1,mobile,(direct),(none),(direct),Japan,97,6,6.19
2020-11-01,2020-11,1,Week 1,mobile,(direct),(none),(direct),Saudi Arabia,16,1,6.25
2020-11-01,2020-11,1,Week 1,mobile,(direct),(none),(direct),Malaysia,48,3,6.25
2020-11-01,2020-11,2,Week 2,mobile,(direct),(none),(direct),Bangladesh,16,1,6.25
2020-11-01,2020-11,1,Week 1,mobile,(direct),(none),(direct),Taiwan,128,8,6.25
2020-11-01,2020-11,3,Week 3,mobile,(direct),(none),(direct),Malaysia,48,3,6.25
2020-11-01,2020-11,1,Week 1,mobile,(direct),(none),(direct),Spain,144,9,6.25
2020-11-01,2020-11,1,Week 1,desktop,(direct),(none),(direct),France,237,15,6.33
2020-11-01,2020-11,3,Week 3,mobile,(direct),(none),(direct),Russia,47,3,6.38
2020-11-01,2020-11,1,Week 1,desktop,(direct),(none),(direct),South Korea,137,9,6.57
2020-11-01,2020-11,1,Week 1,mobile,(direct),(none),(direct),Poland,76,5,6.58
2020-11-01,2020-11,1,Week 1,desktop,(direct),(none),(direct),Ireland,76,5,6.58
2020-11-01,2020-11,1,Week 1,mobile,(direct),(none),(direct),Philippines,45,3,6.67
2020-11-01,2020-11,3,Week 3,desktop,(direct),(none),(direct),Czechia,29,2,6.9
2020-11-01,2020-11,2,Week 2,mobile,(direct),(none),(direct),Colombia,29,2,6.9
2020-11-01,2020-11,1,Week 1,desktop,(direct),(none),(direct),Romania,29,2,6.9
2020-11-01,2020-11,2,Week 2,desktop,(direct),(none),(direct),Sweden,57,4,7.02
2020-11-01,2020-11,3,Week 3,mobile,(direct),(none),(direct),Finland,14,1,7.14
2020-11-01,2020-11,1,Week 1,mobile,(direct),(none),(direct),Hungary,14,1,7.14
2020-11-01,2020-11,2,Week 2,desktop,(direct),(none),(direct),Bangladesh,28,2,7.14
2020-11-01,2020-11,1,Week 1,mobile,(direct),(none),(direct),Finland,14,1,7.14
2020-11-01,2020-11,2,Week 2,mobile,(direct),(none),(direct),Finland,14,1,7.14
2020-11-01,2020-11,1,Week 1,desktop,(direct),(none),(direct),Bangladesh,28,2,7.14
2020-11-01,2020-11,1,Week 1,mobile,(direct),(none),(direct),Brazil,82,6,7.32
2020-11-01,2020-11,1,Week 1,mobile,(direct),(none),(direct),Turkey,81,6,7.41
2020-11-01,2020-11,1,Week 1,desktop,(direct),(none),(direct),Indonesia,108,8,7.41
2020-11-01,2020-11,2,Week 2,mobile,(direct),(none),(direct),Netherlands,81,6,7.41
2020-11-01,2020-11,1,Week 1,desktop,(direct),(none),(direct),Japan,148,11,7.43
2020-11-01,2020-11,1,Week 1,desktop,(direct),(none),(direct),Saudi Arabia,26,2,7.69
2020-11-01,2020-11,1,Week 1,mobile,(direct),(none),(direct),New Zealand,13,1,7.69
2020-11-01,2020-11,2,Week 2,tablet,(direct),(none),(direct),United Kingdom,13,1,7.69
2020-11-01,2020-11,2,Week 2,desktop,(direct),(none),(direct),New Zealand,26,2,7.69
2020-11-01,2020-11,2,Week 2,desktop,(direct),(none),(direct),Nigeria,13,1,7.69
2020-11-01,2020-11,4,Week 4,mobile,(direct),(none),(direct),Egypt,13,1,7.69
2020-11-01,2020-11,8,Week 8,desktop,(direct),(none),(direct),Nigeria,13,1,7.69
2020-11-01,2020-11,5,Week 5,mobile,(direct),(none),(direct),Egypt,13,1,7.69
2020-11-01,2020-11,5,Week 5,tablet,(direct),(none),(direct),United Kingdom,13,1,7.69
2020-11-01,2020-11,3,Week 3,desktop,(direct),(none),(direct),Nigeria,13,1,7.69
2020-11-01,2020-11,1,Week 1,desktop,(direct),(none),(direct),Nigeria,13,1,7.69
2020-11-01,2020-11,1,Week 1,desktop,(direct),(none),(direct),Hungary,13,1,7.69
2020-11-01,2020-11,3,Week 3,mobile,(direct),(none),(direct),Egypt,13,1,7.69
2020-11-01,2020-11,1,Week 1,mobile,(direct),(none),(direct),Mexico,65,5,7.69
2020-11-01,2020-11,1,Week 1,tablet,(direct),(none),(direct),United States,155,12,7.74
2020-11-01,2020-11,1,Week 1,desktop,(direct),(none),(direct),Portugal,51,4,7.84
2020-11-01,2020-11,3,Week 3,mobile,(direct),(none),(direct),Ukraine,25,2,8.0
2020-11-01,2020-11,4,Week 4,desktop,(direct),(none),(direct),Egypt,25,2,8.0
2020-11-01,2020-11,1,Week 1,desktop,(direct),(none),(direct),Switzerland,62,5,8.06
2020-11-01,2020-11,1,Week 1,desktop,(direct),(none),(direct),Spain,211,17,8.06
2020-11-01,2020-11,1,Week 1,desktop,(direct),(none),(direct),Germany,209,17,8.13
2020-11-01,2020-11,1,Week 1,desktop,(direct),(none),(direct),Poland,109,9,8.26
2020-11-01,2020-11,10,Week 10,mobile,(direct),(none),(direct),Nigeria,12,1,8.33
2020-11-01,2020-11,5,Week 5,mobile,(direct),(none),(direct),Nigeria,12,1,8.33
2020-11-01,2020-11,9,Week 9,mobile,(direct),(none),(direct),Nigeria,12,1,8.33
2020-11-01,2020-11,1,Week 1,desktop,(direct),(none),(direct),Hong Kong,71,6,8.45
2020-11-01,2020-11,1,Week 1,desktop,(direct),(none),(direct),Singapore,128,11,8.59
2020-11-01,2020-11,1,Week 1,desktop,(direct),(none),(direct),Sweden,57,5,8.77
2020-11-01,2020-11,4,Week 4,mobile,(direct),(none),(direct),Sri Lanka,11,1,9.09
2020-11-01,2020-11,5,Week 5,desktop,(direct),(none),(direct),Ecuador,11,1,9.09
2020-11-01,2020-11,1,Week 1,desktop,(direct),(none),(direct),Myanmar (Burma),11,1,9.09
2020-11-01,2020-11,4,Week 4,desktop,(direct),(none),(direct),Myanmar (Burma),11,1,9.09
2020-11-01,2020-11,1,Week 1,desktop,(direct),(none),(direct),Netherlands,142,13,9.15
2020-11-01,2020-11,1,Week 1,mobile,(direct),(none),(direct),(not set),64,6,9.38
2020-11-01,2020-11,1,Week 1,mobile,(direct),(none),(direct),Argentina,21,2,9.52
2020-11-01,2020-11,1,Week 1,mobile,(direct),(none),(direct),Croatia,10,1,10.0
2020-11-01,2020-11,9,Week 9,desktop,(direct),(none),(direct),Slovenia,10,1,10.0
2020-11-01,2020-11,4,Week 4,tablet,(direct),(none),(direct),Spain,10,1,10.0
2020-11-01,2020-11,5,Week 5,mobile,(direct),(none),(direct),Croatia,10,1,10.0
2020-11-01,2020-11,3,Week 3,tablet,(direct),(none),(direct),Spain,10,1,10.0
2020-11-01,2020-11,1,Week 1,desktop,(direct),(none),(direct),Ukraine,40,4,10.0
2020-11-01,2020-11,11,Week 11,tablet,(direct),(none),(direct),Spain,10,1,10.0
2020-11-01,2020-11,1,Week 1,desktop,(direct),(none),(direct),Slovenia,10,1,10.0
2020-11-01,2020-11,1,Week 1,desktop,(direct),(none),(direct),Australia,89,9,10.11
2020-11-01,2020-11,3,Week 3,desktop,(direct),(none),(direct),Sri Lanka,19,2,10.53
2020-11-01,2020-11,1,Week 1,desktop,(direct),(none),(direct),Norway,19,2,10.53
2020-11-01,2020-11,1,Week 1,mobile,(direct),(none),(direct),Belgium,28,3,10.71
2020-11-01,2020-11,1,Week 1,mobile,(direct),(none),(direct),Singapore,111,12,10.81
2020-11-01,2020-11,5,Week 5,desktop,(direct),(none),(direct),Puerto Rico,9,1,11.11
2020-11-01,2020-11,2,Week 2,desktop,(direct),(none),(direct),Puerto Rico,9,1,11.11
2020-11-01,2020-11,1,Week 1,desktop,(direct),(none),(direct),Vietnam,54,6,11.11
2020-11-01,2020-11,5,Week 5,mobile,(direct),(none),(direct),Puerto Rico,9,1,11.11
2020-11-01,2020-11,1,Week 1,desktop,(direct),(none),(direct),Bulgaria,9,1,11.11
2020-11-01,2020-11,7,Week 7,desktop,(direct),(none),(direct),Puerto Rico,9,1,11.11
2020-11-01,2020-11,1,Week 1,mobile,(direct),(none),(direct),Denmark,17,2,11.76
2020-11-01,2020-11,1,Week 1,mobile,(direct),(none),(direct),Ukraine,25,3,12.0
2020-11-01,2020-11,3,Week 3,mobile,(direct),(none),(direct),Greece,33,4,12.12
2020-11-01,2020-11,1,Week 1,mobile,(direct),(none),(direct),Vietnam,33,4,12.12
2020-11-01,2020-11,1,Week 1,mobile,(direct),(none),(direct),Iraq,8,1,12.5
2020-11-01,2020-11,1,Week 1,mobile,(direct),(none),(direct),Slovenia,8,1,12.5
2020-11-01,2020-11,7,Week 7,mobile,(direct),(none),(direct),Slovenia,8,1,12.5
2020-11-01,2020-11,7,Week 7,mobile,(direct),(none),(direct),Iraq,8,1,12.5
2020-11-01,2020-11,2,Week 2,mobile,(direct),(none),(direct),Tunisia,8,1,12.5
2020-11-01,2020-11,1,Week 1,mobile,(direct),(none),(direct),Romania,23,3,13.04
2020-11-01,2020-11,4,Week 4,mobile,(direct),(none),(direct),Morocco,7,1,14.29
2020-11-01,2020-11,1,Week 1,mobile,(direct),(none),(direct),Morocco,7,1,14.29
2020-11-01,2020-11,3,Week 3,mobile,(direct),(none),(direct),Morocco,7,1,14.29
2020-11-01,2020-11,11,Week 11,tablet,(direct),(none),(direct),(not set),7,1,14.29
2020-11-01,2020-11,1,Week 1,tablet,(direct),(none),(direct),(not set),7,1,14.29
2020-11-01,2020-11,10,Week 10,mobile,(direct),(none),(direct),Slovakia,7,1,14.29
2020-11-01,2020-11,9,Week 9,tablet,(direct),(none),(direct),Taiwan,7,1,14.29
2020-11-01,2020-11,2,Week 2,tablet,(direct),(none),(direct),(not set),7,1,14.29
2020-11-01,2020-11,7,Week 7,mobile,(direct),(none),(direct),Algeria,7,1,14.29
2020-11-01,2020-11,6,Week 6,mobile,(direct),(none),(direct),Algeria,7,1,14.29
2020-11-01,2020-11,2,Week 2,mobile,(direct),(none),(direct),Morocco,7,1,14.29
2020-11-01,2020-11,1,Week 1,tablet,(direct),(none),(direct),United Kingdom,13,2,15.38
2020-11-01,2020-11,9,Week 9,desktop,(direct),(none),(direct),North Macedonia,6,1,16.67
2020-11-01,2020-11,2,Week 2,tablet,(direct),(none),(direct),France,6,1,16.67
2020-11-01,2020-11,1,Week 1,desktop,(direct),(none),(direct),Palestine,6,1,16.67
2020-11-01,2020-11,10,Week 10,desktop,(direct),(none),(direct),Palestine,6,1,16.67
2020-11-01,2020-11,1,Week 1,desktop,(direct),(none),(direct),Jordan,6,1,16.67
2020-11-01,2020-11,4,Week 4,desktop,(direct),(none),(direct),Jordan,6,1,16.67
2020-11-01,2020-11,1,Week 1,tablet,(direct),(none),(direct),Brazil,6,1,16.67
2020-11-01,2020-11,1,Week 1,mobile,(direct),(none),(direct),Sri Lanka,11,2,18.18
2020-11-01,2020-11,4,Week 4,desktop,(direct),(none),(direct),El Salvador,5,1,20.0
2020-11-01,2020-11,2,Week 2,mobile,(direct),(none),(direct),Uruguay,5,1,20.0
2020-11-01,2020-11,3,Week 3,mobile,(direct),(none),(direct),Lithuania,5,1,20.0
2020-11-01,2020-11,9,Week 9,desktop,(direct),(none),(direct),El Salvador,5,1,20.0
2020-11-01,2020-11,2,Week 2,desktop,(direct),(none),(direct),Qatar,5,1,20.0
2020-11-01,2020-11,5,Week 5,mobile,(direct),(none),(direct),Uruguay,5,1,20.0
2020-11-01,2020-11,5,Week 5,desktop,(direct),(none),(direct),El Salvador,5,1,20.0
2020-11-01,2020-11,1,Week 1,desktop,(direct),(none),(direct),Kazakhstan,5,1,20.0
2020-11-01,2020-11,10,Week 10,desktop,(direct),(none),(direct),El Salvador,5,1,20.0
2020-11-01,2020-11,4,Week 4,desktop,(direct),(none),(direct),Kazakhstan,5,1,20.0
2020-11-01,2020-11,2,Week 2,desktop,(direct),(none),(direct),El Salvador,5,1,20.0
2020-11-01,2020-11,5,Week 5,mobile,(direct),(none),(direct),Georgia,5,1,20.0
2020-11-01,2020-11,1,Week 1,tablet,(direct),(none),(direct),China,10,2,20.0
2020-11-01,2020-11,1,Week 1,mobile,(direct),(none),(direct),Greece,33,7,21.21
2020-11-01,2020-11,2,Week 2,tablet,(direct),(none),(direct),Poland,4,1,25.0
2020-11-01,2020-11,4,Week 4,desktop,(direct),(none),(direct),Azerbaijan,4,1,25.0
2020-11-01,2020-11,1,Week 1,desktop,(direct),(none),(direct),Cyprus,4,1,25.0
2020-11-01,2020-11,4,Week 4,mobile,(direct),(none),(direct),Jordan,4,1,25.0
2020-11-01,2020-11,6,Week 6,tablet,(direct),(none),(direct),Singapore,4,1,25.0
2020-11-01,2020-11,4,Week 4,mobile,(direct),(none),(direct),Oman,3,1,33.33
2020-11-01,2020-11,9,Week 9,mobile,(direct),(none),(direct),Oman,3,1,33.33
2020-11-01,2020-11,1,Week 1,tablet,(direct),(none),(direct),Australia,3,1,33.33
2020-11-01,2020-11,4,Week 4,desktop,(direct),(none),(direct),Uruguay,3,1,33.33
2020-11-01,2020-11,2,Week 2,tablet,(direct),(none),(direct),Australia,3,1,33.33
2020-11-01,2020-11,5,Week 5,desktop,(direct),(none),(direct),Uruguay,3,1,33.33
2020-11-01,2020-11,11,Week 11,desktop,(direct),(none),(direct),Uruguay,3,1,33.33
2020-11-01,2020-11,6,Week 6,desktop,(direct),(none),(direct),Uruguay,3,1,33.33
2020-11-01,2020-11,2,Week 2,mobile,(direct),(none),(direct),Cambodia,3,1,33.33
2020-11-01,2020-11,3,Week 3,desktop,(direct),(none),(direct),Kuwait,3,1,33.33
2020-11-01,2020-11,3,Week 3,tablet,(direct),(none),(direct),Italy,3,1,33.33
2020-11-01,2020-11,9,Week 9,desktop,(direct),(none),(direct),Uruguay,3,1,33.33
2020-11-01,2020-11,7,Week 7,mobile,(direct),(none),(direct),Uruguay,5,2,40.0
2020-11-01,2020-11,5,Week 5,tablet,(direct),(none),(direct),Azerbaijan,2,1,50.0
2020-11-01,2020-11,1,Week 1,mobile,(direct),(none),(direct),Luxembourg,2,1,50.0
2020-11-01,2020-11,3,Week 3,tablet,(direct),(none),(direct),Poland,4,2,50.0
2020-11-01,2020-11,1,Week 1,tablet,(direct),(none),(direct),Poland,4,2,50.0
2020-11-01,2020-11,2,Week 2,tablet,(direct),(none),(direct),Philippines,2,1,50.0
2020-11-01,2020-11,2,Week 2,tablet,(direct),(none),(direct),Colombia,2,1,50.0
2020-11-01,2020-11,0,Week 0,desktop,(direct),(none),(direct),Iceland,3,3,100.0
2020-11-01,2020-11,0,Week 0,mobile,(direct),(none),(direct),Kazakhstan,3,3,100.0
2020-11-01,2020-11,0,Week 0,tablet,(direct),(none),(direct),Japan,3,3,100.0
2020-11-01,2020-11,0,Week 0,mobile,(direct),(none),(direct),Serbia,4,4,100.0
2020-11-01,2020-11,0,Week 0,desktop,(direct),(none),(direct),Czechia,29,29,100.0
2020-11-01,2020-11,0,Week 0,mobile,(direct),(none),(direct),Indonesia,67,67,100.0
2020-11-01,2020-11,0,Week 0,desktop,(direct),(none),(direct),Poland,109,109,100.0
2020-11-01,2020-11,0,Week 0,tablet,(direct),(none),(direct),Singapore,4,4,100.0
2020-11-01,2020-11,0,Week 0,desktop,(direct),(none),(direct),Guatemala,7,7,100.0
2020-11-01,2020-11,0,Week 0,desktop,(direct),(none),(direct),Puerto Rico,9,9,100.0
2020-11-01,2020-11,0,Week 0,mobile,(direct),(none),(direct),Peru,27,27,100.0
2020-11-01,2020-11,0,Week 0,desktop,(direct),(none),(direct),China,158,158,100.0
2020-11-01,2020-11,0,Week 0,tablet,(direct),(none),(direct),Belgium,2,2,100.0
2020-11-01,2020-11,0,Week 0,mobile,(direct),(none),(direct),Ecuador,2,2,100.0
2020-11-01,2020-11,0,Week 0,mobile,(direct),(none),(direct),Romania,23,23,100.0
2020-11-01,2020-11,0,Week 0,desktop,(direct),(none),(direct),Austria,24,24,100.0
2020-11-01,2020-11,0,Week 0,desktop,(direct),(none),(direct),Hungary,13,13,100.0
2020-11-01,2020-11,0,Week 0,desktop,(direct),(none),(direct),Mexico,83,83,100.0
2020-11-01,2020-11,0,Week 0,tablet,(direct),(none),(direct),Colombia,2,2,100.0
2020-11-01,2020-11,0,Week 0,desktop,(direct),(none),(direct),Pakistan,37,37,100.0
2020-11-01,2020-11,0,Week 0,desktop,(direct),(none),(direct),Belarus,2,2,100.0
2020-11-01,2020-11,0,Week 0,tablet,(direct),(none),(direct),Spain,10,10,100.0
2020-11-01,2020-11,0,Week 0,mobile,(direct),(none),(direct),Denmark,17,17,100.0
2020-11-01,2020-11,0,Week 0,tablet,(direct),(none),(direct),Hungary,1,1,100.0
2020-11-01,2020-11,0,Week 0,mobile,(direct),(none),(direct),Philippines,45,45,100.0
2020-11-01,2020-11,0,Week 0,desktop,(direct),(none),(direct),South Korea,137,137,100.0
2020-11-01,2020-11,0,Week 0,mobile,(direct),(none),(direct),Panama,2,2,100.0
2020-11-01,2020-11,0,Week 0,tablet,(direct),(none),(direct),Poland,4,4,100.0
2020-11-01,2020-11,0,Week 0,mobile,(direct),(none),(direct),South Africa,12,12,100.0
2020-11-01,2020-11,0,Week 0,desktop,(direct),(none),(direct),Morocco,14,14,100.0
2020-11-01,2020-11,0,Week 0,desktop,(direct),(none),(direct),Slovakia,19,19,100.0
2020-11-01,2020-11,0,Week 0,mobile,(direct),(none),(direct),Vietnam,33,33,100.0
2020-11-01,2020-11,0,Week 0,tablet,(direct),(none),(direct),Sweden,1,1,100.0
2020-11-01,2020-11,0,Week 0,tablet,(direct),(none),(direct),(not set),7,7,100.0
2020-11-01,2020-11,0,Week 0,desktop,(direct),(none),(direct),Norway,19,19,100.0
2020-11-01,2020-11,0,Week 0,desktop,(direct),(none),(direct),United States,4759,4759,100.0
2020-11-01,2020-11,0,Week 0,desktop,(direct),(none),(direct),Armenia,2,2,100.0
2020-11-01,2020-11,0,Week 0,tablet,(direct),(none),(direct),Turkey,2,2,100.0
2020-11-01,2020-11,0,Week 0,tablet,(direct),(none),(direct),Australia,3,3,100.0
2020-11-01,2020-11,0,Week 0,desktop,(direct),(none),(direct),Latvia,5,5,100.0
2020-11-01,2020-11,0,Week 0,desktop,(direct),(none),(direct),Dominican Republic,5,5,100.0
2020-11-01,2020-11,0,Week 0,mobile,(direct),(none),(direct),Saudi Arabia,16,16,100.0
2020-11-01,2020-11,0,Week 0,desktop,(direct),(none),(direct),Netherlands,142,142,100.0
2020-11-01,2020-11,4,Week 4,desktop,(direct),(none),(direct),Mongolia,1,1,100.0
2020-11-01,2020-11,0,Week 0,tablet,(direct),(none),(direct),Indonesia,2,2,100.0
2020-11-01,2020-11,0,Week 0,desktop,(direct),(none),(direct),Australia,89,89,100.0
2020-11-01,2020-11,0,Week 0,desktop,(direct),(none),(direct),Taiwan,187,187,100.0
2020-11-01,2020-11,0,Week 0,mobile,(direct),(none),(direct),Malta,4,4,100.0
2020-11-01,2020-11,0,Week 0,desktop,(direct),(none),(direct),Kuwait,3,3,100.0
2020-11-01,2020-11,0,Week 0,tablet,(direct),(none),(direct),Czechia,3,3,100.0
2020-11-01,2020-11,0,Week 0,desktop,(direct),(none),(direct),Nepal,5,5,100.0
2020-11-01,2020-11,0,Week 0,mobile,(direct),(none),(direct),Dominican Republic,8,8,100.0
2020-11-01,2020-11,0,Week 0,mobile,(direct),(none),(direct),Pakistan,36,36,100.0
2020-11-01,2020-11,0,Week 0,mobile,(direct),(none),(direct),Bosnia & Herzegovina,1,1,100.0
2020-11-01,2020-11,0,Week 0,tablet,(direct),(none),(direct),China,10,10,100.0
2020-11-01,2020-11,0,Week 0,mobile,(direct),(none),(direct),France,157,157,100.0
2020-11-01,2020-11,0,Week 0,tablet,(direct),(none),(direct),Chile,1,1,100.0
2020-11-01,2020-11,0,Week 0,desktop,(direct),(none),(direct),Ghana,3,3,100.0
2020-11-01,2020-11,0,Week 0,tablet,(direct),(none),(direct),Ukraine,3,3,100.0
2020-11-01,2020-11,0,Week 0,mobile,(direct),(none),(direct),Mongolia,4,4,100.0
2020-11-01,2020-11,0,Week 0,mobile,(direct),(none),(direct),Croatia,10,10,100.0
2020-11-01,2020-11,0,Week 0,mobile,(direct),(none),(direct),Czechia,23,23,100.0
2020-11-01,2020-11,0,Week 0,desktop,(direct),(none),(direct),Hong Kong,71,71,100.0
2020-11-01,2020-11,0,Week 0,desktop,(direct),(none),(direct),Mongolia,1,1,100.0
2020-11-01,2020-11,0,Week 0,tablet,(direct),(none),(direct),Argentina,2,2,100.0
2020-11-01,2020-11,0,Week 0,desktop,(direct),(none),(direct),Saudi Arabia,26,26,100.0
2020-11-01,2020-11,0,Week 0,mobile,(direct),(none),(direct),Poland,76,76,100.0
2020-11-01,2020-11,0,Week 0,desktop,(direct),(none),(direct),Canada,820,820,100.0
2020-11-01,2020-11,0,Week 0,desktop,(direct),(none),(direct),Egypt,25,25,100.0
2020-11-01,2020-11,0,Week 0,desktop,(direct),(none),(direct),Portugal,51,51,100.0
2020-11-01,2020-11,0,Week 0,mobile,(direct),(none),(direct),United States,3252,3252,100.0
2020-11-01,2020-11,0,Week 0,mobile,(direct),(none),(direct),Sri Lanka,11,11,100.0
2020-11-01,2020-11,0,Week 0,desktop,(direct),(none),(direct),Japan,148,148,100.0
2020-11-01,2020-11,0,Week 0,mobile,(direct),(none),(direct),Nigeria,12,12,100.0
2020-11-01,2020-11,0,Week 0,desktop,(direct),(none),(direct),Finland,20,20,100.0
2020-11-01,2020-11,0,Week 0,desktop,(direct),(none),(direct),Ukraine,40,40,100.0
2020-11-01,2020-11,0,Week 0,mobile,(direct),(none),(direct),Iceland,3,3,100.0
2020-11-01,2020-11,0,Week 0,mobile,(direct),(none),(direct),Austria,17,17,100.0
2020-11-01,2020-11,0,Week 0,mobile,(direct),(none),(direct),Malaysia,48,48,100.0
2020-11-01,2020-11,0,Week 0,desktop,(direct),(none),(direct),Germany,209,209,100.0
2020-11-01,2020-11,0,Week 0,tablet,(direct),(none),(direct),United Arab Emirates,1,1,100.0
2020-11-01,2020-11,0,Week 0,mobile,(direct),(none),(direct),Azerbaijan,3,3,100.0
2020-11-01,2020-11,0,Week 0,desktop,(direct),(none),(direct),Tunisia,5,5,100.0
2020-11-01,2020-11,0,Week 0,tablet,(direct),(none),(direct),United Kingdom,13,13,100.0
2020-11-01,2020-11,0,Week 0,desktop,(direct),(none),(direct),Philippines,46,46,100.0
2020-11-01,2020-11,0,Week 0,tablet,(direct),(none),(direct),India,52,52,100.0
2020-11-01,2020-11,0,Week 0,mobile,(direct),(none),(direct),Costa Rica,3,3,100.0
2020-11-01,2020-11,0,Week 0,desktop,(direct),(none),(direct),Sri Lanka,19,19,100.0
2020-11-01,2020-11,0,Week 0,tablet,(direct),(none),(direct),Pakistan,1,1,100.0
2020-11-01,2020-11,0,Week 0,mobile,(direct),(none),(direct),Germany,126,126,100.0
2020-11-01,2020-11,0,Week 0,mobile,(direct),(none),(direct),United Kingdom,240,240,100.0
2020-11-01,2020-11,0,Week 0,desktop,(direct),(none),(direct),Lebanon,4,4,100.0
2020-11-01,2020-11,0,Week 0,mobile,(direct),(none),(direct),Sweden,31,31,100.0
2020-11-01,2020-11,0,Week 0,desktop,(direct),(none),(direct),Algeria,1,1,100.0
2020-11-01,2020-11,0,Week 0,mobile,(direct),(none),(direct),Singapore,111,111,100.0
2020-11-01,2020-11,0,Week 0,mobile,(direct),(none),(direct),Kosovo,1,1,100.0
2020-11-01,2020-11,0,Week 0,mobile,(direct),(none),(direct),Chile,10,10,100.0
2020-11-01,2020-11,0,Week 0,mobile,(direct),(none),(direct),Taiwan,128,128,100.0
2020-11-01,2020-11,0,Week 0,desktop,(direct),(none),(direct),Estonia,3,3,100.0
2020-11-01,2020-11,0,Week 0,desktop,(direct),(none),(direct),Chile,21,21,100.0
2020-11-01,2020-11,0,Week 0,mobile,(direct),(none),(direct),Ireland,44,44,100.0
2020-11-01,2020-11,0,Week 0,desktop,(direct),(none),(direct),India,1037,1037,100.0
2020-11-01,2020-11,0,Week 0,mobile,(direct),(none),(direct),Iraq,8,8,100.0
2020-11-01,2020-11,0,Week 0,mobile,(direct),(none),(direct),Israel,30,30,100.0
2020-11-01,2020-11,0,Week 0,mobile,(direct),(none),(direct),South Korea,96,96,100.0
2020-11-01,2020-11,6,Week 6,tablet,(direct),(none),(direct),Chile,1,1,100.0
2020-11-01,2020-11,0,Week 0,mobile,(direct),(none),(direct),Latvia,3,3,100.0
2020-11-01,2020-11,0,Week 0,desktop,(direct),(none),(direct),Qatar,5,5,100.0
2020-11-01,2020-11,0,Week 0,desktop,(direct),(none),(direct),Russia,72,72,100.0
2020-11-01,2020-11,0,Week 0,tablet,(direct),(none),(direct),Sri Lanka,1,1,100.0
2020-11-01,2020-11,0,Week 0,desktop,(direct),(none),(direct),El Salvador,5,5,100.0
2020-11-01,2020-11,0,Week 0,mobile,(direct),(none),(direct),Jamaica,2,2,100.0
2020-11-01,2020-11,0,Week 0,desktop,(direct),(none),(direct),Uruguay,3,3,100.0
2020-11-01,2020-11,0,Week 0,mobile,(direct),(none),(direct),Argentina,21,21,100.0
2020-11-01,2020-11,0,Week 0,tablet,(direct),(none),(direct),Jordan,1,1,100.0
2020-11-01,2020-11,0,Week 0,desktop,(direct),(none),(direct),Honduras,1,1,100.0
2020-11-01,2020-11,0,Week 0,desktop,(direct),(none),(direct),Panama,2,2,100.0
2020-11-01,2020-11,0,Week 0,mobile,(direct),(none),(direct),Estonia,3,3,100.0
2020-11-01,2020-11,0,Week 0,desktop,(direct),(none),(direct),Nigeria,13,13,100.0
2020-11-01,2020-11,0,Week 0,desktop,(direct),(none),(direct),Peru,38,38,100.0
2020-11-01,2020-11,0,Week 0,mobile,(direct),(none),(direct),Canada,500,500,100.0
2020-11-01,2020-11,0,Week 0,mobile,(direct),(none),(direct),Georgia,5,5,100.0
2020-11-01,2020-11,0,Week 0,desktop,(direct),(none),(direct),Israel,51,51,100.0
2020-11-01,2020-11,0,Week 0,desktop,(direct),(none),(direct),Ireland,76,76,100.0
2020-11-01,2020-11,0,Week 0,mobile,(direct),(none),(direct),United Arab Emirates,24,24,100.0
2020-11-01,2020-11,0,Week 0,desktop,(direct),(none),(direct),Romania,29,29,100.0
2020-11-01,2020-11,0,Week 0,mobile,(direct),(none),(direct),China,144,144,100.0
2020-11-01,2020-11,0,Week 0,desktop,(direct),(none),(direct),Paraguay,3,3,100.0
2020-11-01,2020-11,0,Week 0,mobile,(direct),(none),(direct),Puerto Rico,9,9,100.0
2020-11-01,2020-11,0,Week 0,mobile,(direct),(none),(direct),Thailand,33,33,100.0
2020-11-01,2020-11,0,Week 0,tablet,(direct),(none),(direct),Armenia,1,1,100.0
2020-11-01,2020-11,0,Week 0,mobile,(direct),(none),(direct),Bulgaria,6,6,100.0
2020-11-01,2020-11,0,Week 0,tablet,(direct),(none),(direct),Taiwan,7,7,100.0
2020-11-01,2020-11,0,Week 0,desktop,(direct),(none),(direct),Serbia,8,8,100.0
2020-11-01,2020-11,0,Week 0,mobile,(direct),(none),(direct),Portugal,37,37,100.0
2020-11-01,2020-11,0,Week 0,mobile,(direct),(none),(direct),(not set),64,64,100.0
2020-11-01,2020-11,0,Week 0,desktop,(direct),(none),(direct),Oman,3,3,100.0
2020-11-01,2020-11,0,Week 0,desktop,(direct),(none),(direct),Bangladesh,28,28,100.0
2020-11-01,2020-11,0,Week 0,desktop,(direct),(none),(direct),Belgium,54,54,100.0
2020-11-01,2020-11,0,Week 0,mobile,(direct),(none),(direct),Japan,97,97,100.0
2020-11-01,2020-11,0,Week 0,tablet,(direct),(none),(direct),Azerbaijan,2,2,100.0
2020-11-01,2020-11,0,Week 0,tablet,(direct),(none),(direct),Switzerland,2,2,100.0
2020-11-01,2020-11,0,Week 0,desktop,(direct),(none),(direct),Georgia,3,3,100.0
2020-11-01,2020-11,0,Week 0,mobile,(direct),(none),(direct),Bahamas,1,1,100.0
2020-11-01,2020-11,0,Week 0,mobile,(direct),(none),(direct),Uruguay,5,5,100.0
2020-11-01,2020-11,0,Week 0,mobile,(direct),(none),(direct),Slovenia,8,8,100.0
2020-11-01,2020-11,0,Week 0,mobile,(direct),(none),(direct),Ukraine,25,25,100.0
2020-11-01,2020-11,0,Week 0,desktop,(direct),(none),(direct),South Africa,16,16,100.0
2020-11-01,2020-11,0,Week 0,desktop,(direct),(none),(direct),Switzerland,62,62,100.0
2020-11-01,2020-11,0,Week 0,desktop,(direct),(none),(direct),Bahrain,1,1,100.0
2020-11-01,2020-11,0,Week 0,desktop,(direct),(none),(direct),Slovenia,10,10,100.0
2020-11-01,2020-11,0,Week 0,mobile,(direct),(none),(direct),Belarus,3,3,100.0
2020-11-01,2020-11,0,Week 0,mobile,(direct),(none),(direct),Hungary,14,14,100.0
2020-11-01,2020-11,0,Week 0,desktop,(direct),(none),(direct),Indonesia,108,108,100.0
2020-11-01,2020-11,0,Week 0,desktop,(direct),(none),(direct),Bulgaria,9,9,100.0
2020-11-01,2020-11,0,Week 0,mobile,(direct),(none),(direct),Greece,33,33,100.0
2020-11-01,2020-11,0,Week 0,mobile,(direct),(none),(direct),Brazil,82,82,100.0
2020-11-01,2020-11,0,Week 0,desktop,(direct),(none),(direct),Kazakhstan,5,5,100.0
2020-11-01,2020-11,3,Week 3,desktop,(direct),(none),(direct),Mongolia,1,1,100.0
2020-11-01,2020-11,0,Week 0,mobile,(direct),(none),(direct),Kuwait,2,2,100.0
2020-11-01,2020-11,0,Week 0,desktop,(direct),(none),(direct),Cambodia,4,4,100.0
2020-11-01,2020-11,0,Week 0,mobile,(direct),(none),(direct),Finland,14,14,100.0
2020-11-01,2020-11,0,Week 0,mobile,(direct),(none),(direct),Bangladesh,16,16,100.0
2020-11-01,2020-11,0,Week 0,desktop,(direct),(none),(direct),Argentina,33,33,100.0
2020-11-01,2020-11,0,Week 0,desktop,(direct),(none),(direct),Italy,155,155,100.0
2020-11-01,2020-11,0,Week 0,desktop,(direct),(none),(direct),Kenya,7,7,100.0
2020-11-01,2020-11,0,Week 0,desktop,(direct),(none),(direct),Ecuador,11,11,100.0
2020-11-01,2020-11,0,Week 0,desktop,(direct),(none),(direct),Bosnia & Herzegovina,3,3,100.0
2020-11-01,2020-11,0,Week 0,desktop,(direct),(none),(direct),Myanmar (Burma),11,11,100.0
2020-11-01,2020-11,0,Week 0,desktop,(direct),(none),(direct),(not set),71,71,100.0
2020-11-01,2020-11,0,Week 0,desktop,(direct),(none),(direct),France,237,237,100.0
2020-11-01,2020-11,0,Week 0,mobile,(direct),(none),(direct),Oman,3,3,100.0
2020-11-01,2020-11,0,Week 0,mobile,(direct),(none),(direct),Algeria,7,7,100.0
2020-11-01,2020-11,0,Week 0,mobile,(direct),(none),(direct),Macao,1,1,100.0
2020-11-01,2020-11,0,Week 0,tablet,(direct),(none),(direct),Vietnam,2,2,100.0
2020-11-01,2020-11,0,Week 0,mobile,(direct),(none),(direct),North Macedonia,4,4,100.0
2020-11-01,2020-11,0,Week 0,desktop,(direct),(none),(direct),North Macedonia,6,6,100.0
2020-11-01,2020-11,0,Week 0,mobile,(direct),(none),(direct),Norway,18,18,100.0
2020-11-01,2020-11,0,Week 0,desktop,(direct),(none),(direct),Sweden,57,57,100.0
2020-11-01,2020-11,0,Week 0,tablet,(direct),(none),(direct),Nigeria,1,1,100.0
2020-11-01,2020-11,0,Week 0,desktop,(direct),(none),(direct),Singapore,128,128,100.0
2020-11-01,2020-11,0,Week 0,desktop,(direct),(none),(direct),New Zealand,26,26,100.0
2020-11-01,2020-11,0,Week 0,desktop,(direct),(none),(direct),Turkey,100,100,100.0
2020-11-01,2020-11,0,Week 0,mobile,(direct),(none),(direct),Slovakia,7,7,100.0
2020-11-01,2020-11,0,Week 0,mobile,(direct),(none),(direct),Turkey,81,81,100.0
2020-11-01,2020-11,0,Week 0,desktop,(direct),(none),(direct),Denmark,26,26,100.0
2020-11-01,2020-11,0,Week 0,desktop,(direct),(none),(direct),Trinidad & Tobago,2,2,100.0
2020-11-01,2020-11,0,Week 0,desktop,(direct),(none),(direct),Colombia,47,47,100.0
2020-11-01,2020-11,0,Week 0,mobile,(direct),(none),(direct),Mexico,65,65,100.0
2020-11-01,2020-11,0,Week 0,desktop,(direct),(none),(direct),Jamaica,2,2,100.0
2020-11-01,2020-11,0,Week 0,desktop,(direct),(none),(direct),Lithuania,13,13,100.0
2020-11-01,2020-11,0,Week 0,mobile,(direct),(none),(direct),Cyprus,1,1,100.0
2020-11-01,2020-11,0,Week 0,tablet,(direct),(none),(direct),Bahrain,1,1,100.0
2020-11-01,2020-11,0,Week 0,desktop,(direct),(none),(direct),Jordan,6,6,100.0
2020-11-01,2020-11,0,Week 0,mobile,(direct),(none),(direct),India,687,687,100.0
2020-11-01,2020-11,0,Week 0,tablet,(direct),(none),(direct),Romania,3,3,100.0
2020-11-01,2020-11,0,Week 0,tablet,(direct),(none),(direct),Philippines,2,2,100.0
2020-11-01,2020-11,0,Week 0,mobile,(direct),(none),(direct),Guatemala,4,4,100.0
2020-11-01,2020-11,0,Week 0,desktop,(direct),(none),(direct),Venezuela,1,1,100.0
2020-11-01,2020-11,0,Week 0,tablet,(direct),(none),(direct),Italy,3,3,100.0
2020-11-01,2020-11,0,Week 0,mobile,(direct),(none),(direct),Jordan,4,4,100.0
2020-11-01,2020-11,0,Week 0,mobile,(direct),(none),(direct),Switzerland,38,38,100.0
2020-11-01,2020-11,0,Week 0,mobile,(direct),(none),(direct),Belgium,28,28,100.0
2020-11-01,2020-11,0,Week 0,desktop,(direct),(none),(direct),Vietnam,54,54,100.0
2020-11-01,2020-11,0,Week 0,tablet,(direct),(none),(direct),Thailand,1,1,100.0
2020-11-01,2020-11,0,Week 0,mobile,(direct),(none),(direct),Australia,60,60,100.0
2020-11-01,2020-11,0,Week 0,mobile,(direct),(none),(direct),Paraguay,1,1,100.0
2020-11-01,2020-11,0,Week 0,desktop,(direct),(none),(direct),Costa Rica,10,10,100.0
2020-11-01,2020-11,0,Week 0,tablet,(direct),(none),(direct),Russia,1,1,100.0
2020-11-01,2020-11,0,Week 0,mobile,(direct),(none),(direct),Palestine,5,5,100.0
2020-11-01,2020-11,0,Week 0,mobile,(direct),(none),(direct),Morocco,7,7,100.0
2020-11-01,2020-11,0,Week 0,tablet,(direct),(none),(direct),Mexico,2,2,100.0
2020-11-01,2020-11,0,Week 0,desktop,(direct),(none),(direct),Bolivia,4,4,100.0
2020-11-01,2020-11,0,Week 0,desktop,(direct),(none),(direct),Macao,1,1,100.0
2020-11-01,2020-11,0,Week 0,mobile,(direct),(none),(direct),Hong Kong,52,52,100.0
2020-11-01,2020-11,0,Week 0,mobile,(direct),(none),(direct),Armenia,2,2,100.0
2020-11-01,2020-11,0,Week 0,mobile,(direct),(none),(direct),Kenya,9,9,100.0
2020-11-01,2020-11,0,Week 0,mobile,(direct),(none),(direct),Egypt,13,13,100.0
2020-11-01,2020-11,0,Week 0,mobile,(direct),(none),(direct),Albania,2,2,100.0
2020-11-01,2020-11,0,Week 0,mobile,(direct),(none),(direct),Tunisia,8,8,100.0
2020-11-01,2020-11,0,Week 0,mobile,(direct),(none),(direct),Italy,111,111,100.0
2020-11-01,2020-11,0,Week 0,desktop,(direct),(none),(direct),Spain,211,211,100.0
2020-11-01,2020-11,0,Week 0,mobile,(direct),(none),(direct),Venezuela,2,2,100.0
2020-11-01,2020-11,0,Week 0,tablet,(direct),(none),(direct),France,6,6,100.0
2020-11-01,2020-11,0,Week 0,desktop,(direct),(none),(direct),Bahamas,1,1,100.0
2020-11-01,2020-11,0,Week 0,desktop,(direct),(none),(direct),Kosovo,2,2,100.0
2020-11-01,2020-11,0,Week 0,tablet,(direct),(none),(direct),Bangladesh,1,1,100.0
2020-11-01,2020-11,0,Week 0,tablet,(direct),(none),(direct),Israel,1,1,100.0
2020-11-01,2020-11,0,Week 0,desktop,(direct),(none),(direct),Malta,3,3,100.0
2020-11-01,2020-11,0,Week 0,mobile,(direct),(none),(direct),Ghana,5,5,100.0
2020-11-01,2020-11,0,Week 0,desktop,(direct),(none),(direct),Cyprus,4,4,100.0
2020-11-01,2020-11,0,Week 0,mobile,(direct),(none),(direct),Lithuania,5,5,100.0
2020-11-01,2020-11,0,Week 0,desktop,(direct),(none),(direct),Palestine,6,6,100.0
2020-11-01,2020-11,0,Week 0,mobile,(direct),(none),(direct),Colombia,29,29,100.0
2020-11-01,2020-11,0,Week 0,tablet,(direct),(none),(direct),Ireland,1,1,100.0
2020-11-01,2020-11,0,Week 0,tablet,(direct),(none),(direct),Malaysia,2,2,100.0
2020-11-01,2020-11,0,Week 0,mobile,(direct),(none),(direct),Lebanon,2,2,100.0
2020-11-01,2020-11,0,Week 0,mobile,(direct),(none),(direct),El Salvador,2,2,100.0
2020-11-01,2020-11,0,Week 0,tablet,(direct),(none),(direct),Brazil,6,6,100.0
2020-11-01,2020-11,0,Week 0,desktop,(direct),(none),(direct),Brazil,100,100,100.0
2020-11-01,2020-11,0,Week 0,mobile,(direct),(none),(direct),Cambodia,3,3,100.0
2020-11-01,2020-11,0,Week 0,desktop,(direct),(none),(direct),Croatia,13,13,100.0
2020-11-01,2020-11,0,Week 0,mobile,(direct),(none),(direct),Spain,144,144,100.0
2020-11-01,2020-11,0,Week 0,desktop,(direct),(none),(direct),United Arab Emirates,21,21,100.0
2020-11-01,2020-11,0,Week 0,mobile,(direct),(none),(direct),Russia,47,47,100.0
2020-11-01,2020-11,0,Week 0,tablet,(direct),(none),(direct),Germany,11,11,100.0
2020-11-01,2020-11,0,Week 0,desktop,(direct),(none),(direct),Malaysia,60,60,100.0
2020-11-01,2020-11,0,Week 0,tablet,(direct),(none),(direct),South Korea,3,3,100.0
2020-11-01,2020-11,0,Week 0,mobile,(direct),(none),(direct),Netherlands,81,81,100.0
2020-11-01,2020-11,0,Week 0,mobile,(direct),(none),(direct),Bolivia,2,2,100.0
2020-11-01,2020-11,0,Week 0,desktop,(direct),(none),(direct),Azerbaijan,4,4,100.0
2020-11-01,2020-11,0,Week 0,mobile,(direct),(none),(direct),New Zealand,13,13,100.0
2020-11-01,2020-11,0,Week 0,mobile,(direct),(none),(direct),Luxembourg,2,2,100.0
2020-11-01,2020-11,0,Week 0,tablet,(direct),(none),(direct),Hong Kong,1,1,100.0
2020-11-01,2020-11,0,Week 0,tablet,(direct),(none),(direct),Netherlands,2,2,100.0
2020-11-01,2020-11,0,Week 0,tablet,(direct),(none),(direct),Kazakhstan,1,1,100.0
2020-11-01,2020-11,0,Week 0,tablet,(direct),(none),(direct),Morocco,1,1,100.0
2020-11-01,2020-11,0,Week 0,tablet,(direct),(none),(direct),Canada,32,32,100.0
2020-11-01,2020-11,0,Week 0,desktop,(direct),(none),(direct),Greece,44,44,100.0
2020-11-01,2020-11,0,Week 0,desktop,(direct),(none),(direct),Thailand,56,56,100.0
2020-11-01,2020-11,0,Week 0,desktop,(direct),(none),(direct),United Kingdom,327,327,100.0
2020-11-01,2020-11,0,Week 0,desktop,(direct),(none),(direct),Albania,1,1,100.0
2020-11-01,2020-11,0,Week 0,mobile,(direct),(none),(direct),Myanmar (Burma),2,2,100.0
2020-11-01,2020-11,0,Week 0,mobile,(direct),(none),(direct),Qatar,3,3,100.0
2020-11-01,2020-11,0,Week 0,mobile,(direct),(none),(direct),Nepal,4,4,100.0
2020-11-01,2020-11,0,Week 0,tablet,(direct),(none),(direct),United States,155,155,100.0
2020-11-01,2020-11,11,Week 11,desktop,<Other>,<Other>,<Other>,United States,3461,1,0.03
2020-11-01,2020-11,11,Week 11,mobile,<Other>,<Other>,<Other>,United States,2302,2,0.09
2020-11-01,2020-11,10,Week 10,desktop,<Other>,<Other>,<Other>,United States,3461,5,0.14
2020-11-01,2020-11,12,Week 12,desktop,<Other>,<Other>,<Other>,India,736,1,0.14
2020-11-01,2020-11,11,Week 11,desktop,<Other>,<Other>,<Other>,India,736,1,0.14
2020-11-01,2020-11,10,Week 10,desktop,<Other>,<Other>,<Other>,Canada,577,1,0.17
2020-11-01,2020-11,7,Week 7,desktop,<Other>,<Other>,<Other>,Canada,577,1,0.17
2020-11-01,2020-11,8,Week 8,desktop,<Other>,<Other>,<Other>,United States,3461,7,0.2
2020-11-01,2020-11,7,Week 7,mobile,<Other>,<Other>,<Other>,India,487,1,0.21
2020-11-01,2020-11,9,Week 9,mobile,<Other>,<Other>,<Other>,India,487,1,0.21
2020-11-01,2020-11,8,Week 8,mobile,<Other>,<Other>,<Other>,India,487,1,0.21
2020-11-01,2020-11,9,Week 9,mobile,<Other>,<Other>,<Other>,United States,2302,5,0.22
2020-11-01,2020-11,10,Week 10,mobile,<Other>,<Other>,<Other>,United States,2302,5,0.22
2020-11-01,2020-11,10,Week 10,mobile,<Other>,<Other>,<Other>,Canada,404,1,0.25
2020-11-01,2020-11,7,Week 7,mobile,<Other>,<Other>,<Other>,Canada,404,1,0.25
2020-11-01,2020-11,11,Week 11,mobile,<Other>,<Other>,<Other>,Canada,404,1,0.25
2020-11-01,2020-11,12,Week 12,mobile,<Other>,<Other>,<Other>,Canada,404,1,0.25
2020-11-01,2020-11,9,Week 9,mobile,<Other>,<Other>,<Other>,Canada,404,1,0.25
2020-11-01,2020-11,7,Week 7,desktop,<Other>,<Other>,<Other>,United States,3461,10,0.29
2020-11-01,2020-11,8,Week 8,mobile,<Other>,<Other>,<Other>,United States,2302,7,0.3
2020-11-01,2020-11,11,Week 11,desktop,<Other>,<Other>,<Other>,Canada,577,2,0.35
2020-11-01,2020-11,9,Week 9,desktop,<Other>,<Other>,<Other>,Canada,577,2,0.35
2020-11-01,2020-11,9,Week 9,desktop,<Other>,<Other>,<Other>,United States,3461,12,0.35
2020-11-01,2020-11,6,Week 6,desktop,<Other>,<Other>,<Other>,Canada,577,2,0.35
2020-11-01,2020-11,5,Week 5,desktop,<Other>,<Other>,<Other>,Canada,577,2,0.35
2020-11-01,2020-11,8,Week 8,desktop,<Other>,<Other>,<Other>,Canada,577,2,0.35
2020-11-01,2020-11,11,Week 11,desktop,<Other>,<Other>,<Other>,United Kingdom,261,1,0.38
2020-11-01,2020-11,9,Week 9,desktop,<Other>,<Other>,<Other>,United Kingdom,261,1,0.38
2020-11-01,2020-11,6,Week 6,desktop,<Other>,<Other>,<Other>,United States,3461,14,0.4
2020-11-01,2020-11,7,Week 7,mobile,<Other>,<Other>,<Other>,United States,2302,10,0.43
2020-11-01,2020-11,6,Week 6,mobile,<Other>,<Other>,<Other>,Canada,404,2,0.5
2020-11-01,2020-11,6,Week 6,desktop,<Other>,<Other>,<Other>,India,736,4,0.54
2020-11-01,2020-11,7,Week 7,desktop,<Other>,<Other>,<Other>,India,736,4,0.54
2020-11-01,2020-11,8,Week 8,desktop,<Other>,<Other>,<Other>,India,736,4,0.54
2020-11-01,2020-11,4,Week 4,mobile,<Other>,<Other>,<Other>,United Kingdom,176,1,0.57
2020-11-01,2020-11,7,Week 7,mobile,<Other>,<Other>,<Other>,United Kingdom,176,1,0.57
2020-11-01,2020-11,5,Week 5,mobile,<Other>,<Other>,<Other>,India,487,3,0.62
2020-11-01,2020-11,5,Week 5,desktop,<Other>,<Other>,<Other>,Spain,158,1,0.63
2020-11-01,2020-11,2,Week 2,desktop,<Other>,<Other>,<Other>,Spain,158,1,0.63
2020-11-01,2020-11,8,Week 8,desktop,<Other>,<Other>,<Other>,Spain,158,1,0.63
2020-11-01,2020-11,4,Week 4,desktop,<Other>,<Other>,<Other>,Spain,158,1,0.63
2020-11-01,2020-11,6,Week 6,desktop,<Other>,<Other>,<Other>,France,151,1,0.66
2020-11-01,2020-11,5,Week 5,desktop,<Other>,<Other>,<Other>,France,151,1,0.66
2020-11-01,2020-11,4,Week 4,desktop,<Other>,<Other>,<Other>,France,151,1,0.66
2020-11-01,2020-11,7,Week 7,desktop,<Other>,<Other>,<Other>,France,151,1,0.66
2020-11-01,2020-11,8,Week 8,desktop,<Other>,<Other>,<Other>,Germany,145,1,0.69
2020-11-01,2020-11,5,Week 5,desktop,<Other>,<Other>,<Other>,Germany,145,1,0.69
2020-11-01,2020-11,7,Week 7,desktop,<Other>,<Other>,<Other>,Germany,145,1,0.69
2020-11-01,2020-11,6,Week 6,tablet,<Other>,<Other>,<Other>,United States,132,1,0.76
2020-11-01,2020-11,5,Week 5,tablet,<Other>,<Other>,<Other>,United States,132,1,0.76
2020-11-01,2020-11,2,Week 2,tablet,<Other>,<Other>,<Other>,United States,132,1,0.76
2020-11-01,2020-11,4,Week 4,desktop,<Other>,<Other>,<Other>,United Kingdom,261,2,0.77
2020-11-01,2020-11,5,Week 5,desktop,<Other>,<Other>,<Other>,United Kingdom,261,2,0.77
2020-11-01,2020-11,6,Week 6,desktop,<Other>,<Other>,<Other>,United Kingdom,261,2,0.77
2020-11-01,2020-11,2,Week 2,desktop,<Other>,<Other>,<Other>,China,127,1,0.79
2020-11-01,2020-11,8,Week 8,desktop,<Other>,<Other>,<Other>,China,127,1,0.79
2020-11-01,2020-11,9,Week 9,desktop,<Other>,<Other>,<Other>,China,127,1,0.79
2020-11-01,2020-11,6,Week 6,mobile,<Other>,<Other>,<Other>,India,487,4,0.82
2020-11-01,2020-11,6,Week 6,mobile,<Other>,<Other>,<Other>,United States,2302,19,0.83
2020-11-01,2020-11,12,Week 12,desktop,<Other>,<Other>,<Other>,Taiwan,117,1,0.85
2020-11-01,2020-11,9,Week 9,desktop,<Other>,<Other>,<Other>,Taiwan,117,1,0.85
2020-11-01,2020-11,5,Week 5,desktop,<Other>,<Other>,<Other>,Taiwan,117,1,0.85
2020-11-01,2020-11,3,Week 3,desktop,<Other>,<Other>,<Other>,Taiwan,117,1,0.85
2020-11-01,2020-11,6,Week 6,desktop,<Other>,<Other>,<Other>,Taiwan,117,1,0.85
2020-11-01,2020-11,4,Week 4,desktop,<Other>,<Other>,<Other>,Taiwan,117,1,0.85
2020-11-01,2020-11,3,Week 3,mobile,<Other>,<Other>,<Other>,France,115,1,0.87
2020-11-01,2020-11,5,Week 5,mobile,<Other>,<Other>,<Other>,France,115,1,0.87
2020-11-01,2020-11,5,Week 5,mobile,<Other>,<Other>,<Other>,United States,2302,21,0.91
2020-11-01,2020-11,5,Week 5,desktop,<Other>,<Other>,<Other>,Italy,106,1,0.94
2020-11-01,2020-11,2,Week 2,desktop,<Other>,<Other>,<Other>,Italy,106,1,0.94
2020-11-01,2020-11,8,Week 8,mobile,<Other>,<Other>,<Other>,Germany,106,1,0.94
2020-11-01,2020-11,9,Week 9,desktop,<Other>,<Other>,<Other>,Italy,106,1,0.94
2020-11-01,2020-11,3,Week 3,mobile,<Other>,<Other>,<Other>,Germany,106,1,0.94
2020-11-01,2020-11,6,Week 6,desktop,<Other>,<Other>,<Other>,Italy,106,1,0.94
2020-11-01,2020-11,2,Week 2,mobile,<Other>,<Other>,<Other>,Germany,106,1,0.94
2020-11-01,2020-11,4,Week 4,desktop,<Other>,<Other>,<Other>,Italy,106,1,0.94
2020-11-01,2020-11,4,Week 4,desktop,<Other>,<Other>,<Other>,Japan,105,1,0.95
2020-11-01,2020-11,5,Week 5,desktop,<Other>,<Other>,<Other>,India,736,7,0.95
2020-11-01,2020-11,1,Week 1,desktop,<Other>,<Other>,<Other>,Japan,105,1,0.95
2020-11-01,2020-11,4,Week 4,desktop,<Other>,<Other>,<Other>,India,736,7,0.95
2020-11-01,2020-11,12,Week 12,desktop,<Other>,<Other>,<Other>,Japan,105,1,0.95
2020-11-01,2020-11,9,Week 9,desktop,<Other>,<Other>,<Other>,Japan,105,1,0.95
2020-11-01,2020-11,2,Week 2,desktop,<Other>,<Other>,<Other>,Japan,105,1,0.95
2020-11-01,2020-11,9,Week 9,mobile,<Other>,<Other>,<Other>,Spain,102,1,0.98
2020-11-01,2020-11,6,Week 6,mobile,<Other>,<Other>,<Other>,Spain,102,1,0.98
2020-11-01,2020-11,5,Week 5,mobile,<Other>,<Other>,<Other>,Spain,102,1,0.98
2020-11-01,2020-11,7,Week 7,mobile,<Other>,<Other>,<Other>,Spain,102,1,0.98
2020-11-01,2020-11,3,Week 3,mobile,<Other>,<Other>,<Other>,China,101,1,0.99
2020-11-01,2020-11,5,Week 5,mobile,<Other>,<Other>,<Other>,Canada,404,4,0.99
2020-11-01,2020-11,5,Week 5,desktop,<Other>,<Other>,<Other>,United States,3461,35,1.01
2020-11-01,2020-11,9,Week 9,desktop,<Other>,<Other>,<Other>,Singapore,96,1,1.04
2020-11-01,2020-11,12,Week 12,desktop,<Other>,<Other>,<Other>,Singapore,96,1,1.04
2020-11-01,2020-11,8,Week 8,desktop,<Other>,<Other>,<Other>,Singapore,96,1,1.04
2020-11-01,2020-11,7,Week 7,desktop,<Other>,<Other>,<Other>,Singapore,96,1,1.04
2020-11-01,2020-11,5,Week 5,desktop,<Other>,<Other>,<Other>,Singapore,96,1,1.04
2020-11-01,2020-11,7,Week 7,mobile,<Other>,<Other>,<Other>,Taiwan,95,1,1.05
2020-11-01,2020-11,6,Week 6,mobile,<Other>,<Other>,<Other>,Taiwan,95,1,1.05
2020-11-01,2020-11,3,Week 3,desktop,<Other>,<Other>,<Other>,India,736,8,1.09
2020-11-01,2020-11,4,Week 4,desktop,<Other>,<Other>,<Other>,Australia,88,1,1.14
2020-11-01,2020-11,3,Week 3,mobile,<Other>,<Other>,<Other>,United Kingdom,176,2,1.14
2020-11-01,2020-11,2,Week 2,desktop,<Other>,<Other>,<Other>,Australia,88,1,1.14
2020-11-01,2020-11,5,Week 5,mobile,<Other>,<Other>,<Other>,United Kingdom,176,2,1.14
2020-11-01,2020-11,3,Week 3,desktop,<Other>,<Other>,<Other>,Turkey,86,1,1.16
2020-11-01,2020-11,8,Week 8,desktop,<Other>,<Other>,<Other>,South Korea,84,1,1.19
2020-11-01,2020-11,4,Week 4,desktop,<Other>,<Other>,<Other>,South Korea,84,1,1.19
2020-11-01,2020-11,10,Week 10,desktop,<Other>,<Other>,<Other>,South Korea,84,1,1.19
2020-11-01,2020-11,5,Week 5,desktop,<Other>,<Other>,<Other>,South Korea,84,1,1.19
2020-11-01,2020-11,3,Week 3,desktop,<Other>,<Other>,<Other>,South Korea,84,1,1.19
2020-11-01,2020-11,6,Week 6,desktop,<Other>,<Other>,<Other>,Brazil,83,1,1.2
2020-11-01,2020-11,3,Week 3,desktop,<Other>,<Other>,<Other>,Brazil,83,1,1.2
2020-11-01,2020-11,7,Week 7,desktop,<Other>,<Other>,<Other>,Brazil,83,1,1.2
2020-11-01,2020-11,2,Week 2,desktop,<Other>,<Other>,<Other>,Brazil,83,1,1.2
2020-11-01,2020-11,5,Week 5,desktop,<Other>,<Other>,<Other>,Brazil,83,1,1.2
2020-11-01,2020-11,4,Week 4,desktop,<Other>,<Other>,<Other>,United States,3461,42,1.21
2020-11-01,2020-11,4,Week 4,desktop,<Other>,<Other>,<Other>,Canada,577,7,1.21
2020-11-01,2020-11,3,Week 3,desktop,<Other>,<Other>,<Other>,United States,3461,44,1.27
2020-11-01,2020-11,3,Week 3,desktop,<Other>,<Other>,<Other>,Spain,158,2,1.27
2020-11-01,2020-11,6,Week 6,desktop,<Other>,<Other>,<Other>,Spain,158,2,1.27
2020-11-01,2020-11,7,Week 7,mobile,<Other>,<Other>,<Other>,Japan,78,1,1.28
2020-11-01,2020-11,3,Week 3,mobile,<Other>,<Other>,<Other>,Japan,78,1,1.28
2020-11-01,2020-11,4,Week 4,mobile,<Other>,<Other>,<Other>,Japan,78,1,1.28
2020-11-01,2020-11,5,Week 5,mobile,<Other>,<Other>,<Other>,Japan,78,1,1.28
2020-11-01,2020-11,3,Week 3,desktop,<Other>,<Other>,<Other>,France,151,2,1.32
2020-11-01,2020-11,3,Week 3,desktop,<Other>,<Other>,<Other>,Netherlands,75,1,1.33
2020-11-01,2020-11,5,Week 5,desktop,<Other>,<Other>,<Other>,Netherlands,75,1,1.33
2020-11-01,2020-11,2,Week 2,desktop,<Other>,<Other>,<Other>,Netherlands,75,1,1.33
2020-11-01,2020-11,9,Week 9,mobile,<Other>,<Other>,<Other>,Italy,74,1,1.35
2020-11-01,2020-11,3,Week 3,mobile,<Other>,<Other>,<Other>,Italy,74,1,1.35
2020-11-01,2020-11,4,Week 4,desktop,<Other>,<Other>,<Other>,Germany,145,2,1.38
2020-11-01,2020-11,3,Week 3,desktop,<Other>,<Other>,<Other>,Canada,577,8,1.39
2020-11-01,2020-11,4,Week 4,mobile,<Other>,<Other>,<Other>,India,487,7,1.44
2020-11-01,2020-11,3,Week 3,mobile,<Other>,<Other>,<Other>,India,487,7,1.44
2020-11-01,2020-11,5,Week 5,desktop,<Other>,<Other>,<Other>,Indonesia,68,1,1.47
2020-11-01,2020-11,4,Week 4,mobile,<Other>,<Other>,<Other>,United States,2302,34,1.48
2020-11-01,2020-11,3,Week 3,mobile,<Other>,<Other>,<Other>,United States,2302,34,1.48
2020-11-01,2020-11,3,Week 3,tablet,<Other>,<Other>,<Other>,United States,132,2,1.52
2020-11-01,2020-11,3,Week 3,desktop,<Other>,<Other>,<Other>,United Kingdom,261,4,1.53
2020-11-01,2020-11,3,Week 3,desktop,<Other>,<Other>,<Other>,Mexico,60,1,1.67
2020-11-01,2020-11,1,Week 1,desktop,<Other>,<Other>,<Other>,Mexico,60,1,1.67
2020-11-01,2020-11,9,Week 9,desktop,<Other>,<Other>,<Other>,Mexico,60,1,1.67
2020-11-01,2020-11,5,Week 5,desktop,<Other>,<Other>,<Other>,Mexico,60,1,1.67
2020-11-01,2020-11,7,Week 7,desktop,<Other>,<Other>,<Other>,Taiwan,117,2,1.71
2020-11-01,2020-11,2,Week 2,desktop,<Other>,<Other>,<Other>,Taiwan,117,2,1.71
2020-11-01,2020-11,4,Week 4,mobile,<Other>,<Other>,<Other>,France,115,2,1.74
2020-11-01,2020-11,1,Week 1,desktop,<Other>,<Other>,<Other>,Russia,54,1,1.85
2020-11-01,2020-11,3,Week 3,desktop,<Other>,<Other>,<Other>,Russia,54,1,1.85
2020-11-01,2020-11,2,Week 2,desktop,<Other>,<Other>,<Other>,Russia,54,1,1.85
2020-11-01,2020-11,4,Week 4,mobile,<Other>,<Other>,<Other>,Turkey,53,1,1.89
2020-11-01,2020-11,3,Week 3,mobile,<Other>,<Other>,<Other>,Turkey,53,1,1.89
2020-11-01,2020-11,10,Week 10,desktop,<Other>,<Other>,<Other>,Italy,106,2,1.89
2020-11-01,2020-11,1,Week 1,mobile,<Other>,<Other>,<Other>,Turkey,53,1,1.89
2020-11-01,2020-11,5,Week 5,desktop,<Other>,<Other>,<Other>,Japan,105,2,1.9
2020-11-01,2020-11,10,Week 10,desktop,<Other>,<Other>,<Other>,Japan,105,2,1.9
2020-11-01,2020-11,6,Week 6,desktop,<Other>,<Other>,<Other>,Ireland,52,1,1.92
2020-11-01,2020-11,6,Week 6,desktop,<Other>,<Other>,<Other>,Poland,52,1,1.92
2020-11-01,2020-11,3,Week 3,desktop,<Other>,<Other>,<Other>,Poland,52,1,1.92
2020-11-01,2020-11,10,Week 10,desktop,<Other>,<Other>,<Other>,Ireland,52,1,1.92
2020-11-01,2020-11,8,Week 8,desktop,<Other>,<Other>,<Other>,Ireland,52,1,1.92
2020-11-01,2020-11,5,Week 5,desktop,<Other>,<Other>,<Other>,Ireland,52,1,1.92
2020-11-01,2020-11,4,Week 4,desktop,<Other>,<Other>,<Other>,Poland,52,1,1.92
2020-11-01,2020-11,2,Week 2,desktop,<Other>,<Other>,<Other>,Ireland,52,1,1.92
2020-11-01,2020-11,1,Week 1,desktop,<Other>,<Other>,<Other>,Ireland,52,1,1.92
2020-11-01,2020-11,7,Week 7,desktop,<Other>,<Other>,<Other>,Ireland,52,1,1.92
2020-11-01,2020-11,3,Week 3,desktop,<Other>,<Other>,<Other>,Ireland,52,1,1.92
2020-11-01,2020-11,2,Week 2,mobile,<Other>,<Other>,<Other>,Spain,102,2,1.96
2020-11-01,2020-11,4,Week 4,mobile,<Other>,<Other>,<Other>,China,101,2,1.98
2020-11-01,2020-11,6,Week 6,mobile,<Other>,<Other>,<Other>,China,101,2,1.98
2020-11-01,2020-11,9,Week 9,desktop,<Other>,<Other>,<Other>,France,151,3,1.99
2020-11-01,2020-11,6,Week 6,mobile,<Other>,<Other>,<Other>,Mexico,50,1,2.0
2020-11-01,2020-11,3,Week 3,mobile,<Other>,<Other>,<Other>,Mexico,50,1,2.0
2020-11-01,2020-11,3,Week 3,desktop,<Other>,<Other>,<Other>,(not set),49,1,2.04
2020-11-01,2020-11,3,Week 3,desktop,<Other>,<Other>,<Other>,Germany,145,3,2.07
2020-11-01,2020-11,6,Week 6,desktop,<Other>,<Other>,<Other>,Singapore,96,2,2.08
2020-11-01,2020-11,2,Week 2,desktop,<Other>,<Other>,<Other>,Canada,577,12,2.08
2020-11-01,2020-11,4,Week 4,desktop,<Other>,<Other>,<Other>,Singapore,96,2,2.08
2020-11-01,2020-11,2,Week 2,mobile,<Other>,<Other>,<Other>,Taiwan,95,2,2.11
2020-11-01,2020-11,1,Week 1,mobile,<Other>,<Other>,<Other>,Australia,47,1,2.13
2020-11-01,2020-11,2,Week 2,desktop,<Other>,<Other>,<Other>,Hong Kong,46,1,2.17
2020-11-01,2020-11,5,Week 5,desktop,<Other>,<Other>,<Other>,Malaysia,46,1,2.17
2020-11-01,2020-11,2,Week 2,desktop,<Other>,<Other>,<Other>,Malaysia,46,1,2.17
2020-11-01,2020-11,1,Week 1,desktop,<Other>,<Other>,<Other>,Hong Kong,46,1,2.17
2020-11-01,2020-11,3,Week 3,desktop,<Other>,<Other>,<Other>,Malaysia,46,1,2.17
2020-11-01,2020-11,7,Week 7,desktop,<Other>,<Other>,<Other>,Hong Kong,46,1,2.17
2020-11-01,2020-11,2,Week 2,mobile,<Other>,<Other>,<Other>,Netherlands,45,1,2.22
2020-11-01,2020-11,6,Week 6,mobile,<Other>,<Other>,<Other>,Netherlands,45,1,2.22
2020-11-01,2020-11,4,Week 4,mobile,<Other>,<Other>,<Other>,Netherlands,45,1,2.22
2020-11-01,2020-11,9,Week 9,mobile,<Other>,<Other>,<Other>,Netherlands,45,1,2.22
2020-11-01,2020-11,3,Week 3,mobile,<Other>,<Other>,<Other>,Netherlands,45,1,2.22
2020-11-01,2020-11,8,Week 8,mobile,<Other>,<Other>,<Other>,Netherlands,45,1,2.22
2020-11-01,2020-11,4,Week 4,mobile,<Other>,<Other>,<Other>,Canada,404,9,2.23
2020-11-01,2020-11,9,Week 9,mobile,<Other>,<Other>,<Other>,Brazil,44,1,2.27
2020-11-01,2020-11,5,Week 5,desktop,<Other>,<Other>,<Other>,Australia,88,2,2.27
2020-11-01,2020-11,4,Week 4,mobile,<Other>,<Other>,<Other>,Brazil,44,1,2.27
2020-11-01,2020-11,5,Week 5,mobile,<Other>,<Other>,<Other>,Brazil,44,1,2.27
2020-11-01,2020-11,2,Week 2,desktop,<Other>,<Other>,<Other>,Turkey,86,2,2.33
2020-11-01,2020-11,2,Week 2,desktop,<Other>,<Other>,<Other>,South Korea,84,2,2.38
2020-11-01,2020-11,1,Week 1,desktop,<Other>,<Other>,<Other>,Israel,42,1,2.38
2020-11-01,2020-11,10,Week 10,desktop,<Other>,<Other>,<Other>,Israel,42,1,2.38
2020-11-01,2020-11,8,Week 8,desktop,<Other>,<Other>,<Other>,Israel,42,1,2.38
2020-11-01,2020-11,2,Week 2,mobile,<Other>,<Other>,<Other>,United States,2302,55,2.39
2020-11-01,2020-11,4,Week 4,desktop,<Other>,<Other>,<Other>,Brazil,83,2,2.41
2020-11-01,2020-11,9,Week 9,desktop,<Other>,<Other>,<Other>,Brazil,83,2,2.41
2020-11-01,2020-11,1,Week 1,desktop,<Other>,<Other>,<Other>,Sweden,41,1,2.44
2020-11-01,2020-11,2,Week 2,desktop,<Other>,<Other>,<Other>,Sweden,41,1,2.44
2020-11-01,2020-11,3,Week 3,mobile,<Other>,<Other>,<Other>,Canada,404,10,2.48
2020-11-01,2020-11,1,Week 1,desktop,<Other>,<Other>,<Other>,Colombia,40,1,2.5
2020-11-01,2020-11,5,Week 5,desktop,<Other>,<Other>,<Other>,Colombia,40,1,2.5
2020-11-01,2020-11,2,Week 2,desktop,<Other>,<Other>,<Other>,United States,3461,90,2.6
2020-11-01,2020-11,1,Week 1,mobile,<Other>,<Other>,<Other>,France,115,3,2.61
2020-11-01,2020-11,5,Week 5,mobile,<Other>,<Other>,<Other>,Russia,38,1,2.63
2020-11-01,2020-11,6,Week 6,mobile,<Other>,<Other>,<Other>,Russia,38,1,2.63
2020-11-01,2020-11,2,Week 2,desktop,<Other>,<Other>,<Other>,France,151,4,2.65
2020-11-01,2020-11,2,Week 2,mobile,<Other>,<Other>,<Other>,India,487,13,2.67
2020-11-01,2020-11,1,Week 1,desktop,<Other>,<Other>,<Other>,Netherlands,75,2,2.67
2020-11-01,2020-11,4,Week 4,desktop,<Other>,<Other>,<Other>,Netherlands,75,2,2.67
2020-11-01,2020-11,2,Week 2,desktop,<Other>,<Other>,<Other>,United Kingdom,261,7,2.68
2020-11-01,2020-11,2,Week 2,mobile,<Other>,<Other>,<Other>,Italy,74,2,2.7
2020-11-01,2020-11,1,Week 1,mobile,<Other>,<Other>,<Other>,Italy,74,2,2.7
2020-11-01,2020-11,2,Week 2,desktop,<Other>,<Other>,<Other>,India,736,20,2.72
2020-11-01,2020-11,11,Week 11,mobile,<Other>,<Other>,<Other>,Ireland,36,1,2.78
2020-11-01,2020-11,1,Week 1,desktop,<Other>,<Other>,<Other>,Portugal,36,1,2.78
2020-11-01,2020-11,1,Week 1,mobile,<Other>,<Other>,<Other>,Ireland,36,1,2.78
2020-11-01,2020-11,1,Week 1,mobile,<Other>,<Other>,<Other>,(not set),36,1,2.78
2020-11-01,2020-11,7,Week 7,desktop,<Other>,<Other>,<Other>,Portugal,36,1,2.78
2020-11-01,2020-11,2,Week 2,desktop,<Other>,<Other>,<Other>,Portugal,36,1,2.78
2020-11-01,2020-11,3,Week 3,mobile,<Other>,<Other>,<Other>,South Korea,70,2,2.86
2020-11-01,2020-11,2,Week 2,desktop,<Other>,<Other>,<Other>,Indonesia,68,2,2.94
2020-11-01,2020-11,3,Week 3,mobile,<Other>,<Other>,<Other>,Spain,102,3,2.94
2020-11-01,2020-11,3,Week 3,desktop,<Other>,<Other>,<Other>,Indonesia,68,2,2.94
2020-11-01,2020-11,2,Week 2,mobile,<Other>,<Other>,<Other>,China,101,3,2.97
2020-11-01,2020-11,4,Week 4,mobile,<Other>,<Other>,<Other>,Singapore,67,2,2.99
2020-11-01,2020-11,1,Week 1,desktop,<Other>,<Other>,<Other>,Thailand,33,1,3.03
2020-11-01,2020-11,10,Week 10,desktop,<Other>,<Other>,<Other>,Pakistan,32,1,3.13
2020-11-01,2020-11,11,Week 11,desktop,<Other>,<Other>,<Other>,Pakistan,32,1,3.13
2020-11-01,2020-11,8,Week 8,desktop,<Other>,<Other>,<Other>,Pakistan,32,1,3.13
2020-11-01,2020-11,1,Week 1,desktop,<Other>,<Other>,<Other>,Pakistan,32,1,3.13
2020-11-01,2020-11,3,Week 3,desktop,<Other>,<Other>,<Other>,Pakistan,32,1,3.13
2020-11-01,2020-11,9,Week 9,desktop,<Other>,<Other>,<Other>,Pakistan,32,1,3.13
2020-11-01,2020-11,2,Week 2,mobile,<Other>,<Other>,<Other>,Sweden,32,1,3.13
2020-11-01,2020-11,3,Week 3,mobile,<Other>,<Other>,<Other>,Taiwan,95,3,3.16
2020-11-01,2020-11,2,Week 2,mobile,<Other>,<Other>,<Other>,Canada,404,13,3.22
2020-11-01,2020-11,4,Week 4,desktop,<Other>,<Other>,<Other>,Peru,30,1,3.33
2020-11-01,2020-11,1,Week 1,desktop,<Other>,<Other>,<Other>,Vietnam,30,1,3.33
2020-11-01,2020-11,2,Week 2,desktop,<Other>,<Other>,<Other>,Vietnam,30,1,3.33
2020-11-01,2020-11,2,Week 2,desktop,<Other>,<Other>,<Other>,Mexico,60,2,3.33
2020-11-01,2020-11,6,Week 6,mobile,<Other>,<Other>,<Other>,Thailand,30,1,3.33
2020-11-01,2020-11,3,Week 3,desktop,<Other>,<Other>,<Other>,Vietnam,30,1,3.33
2020-11-01,2020-11,2,Week 2,mobile,<Other>,<Other>,<Other>,Thailand,30,1,3.33
2020-11-01,2020-11,1,Week 1,mobile,<Other>,<Other>,<Other>,United Kingdom,176,6,3.41
2020-11-01,2020-11,2,Week 2,mobile,<Other>,<Other>,<Other>,United Kingdom,176,6,3.41
2020-11-01,2020-11,1,Week 1,desktop,<Other>,<Other>,<Other>,Taiwan,117,4,3.42
2020-11-01,2020-11,2,Week 2,desktop,<Other>,<Other>,<Other>,Austria,29,1,3.45
2020-11-01,2020-11,8,Week 8,desktop,<Other>,<Other>,<Other>,Austria,29,1,3.45
2020-11-01,2020-11,5,Week 5,desktop,<Other>,<Other>,<Other>,Austria,29,1,3.45
2020-11-01,2020-11,2,Week 2,tablet,<Other>,<Other>,<Other>,India,29,1,3.45
2020-11-01,2020-11,9,Week 9,desktop,<Other>,<Other>,<Other>,Austria,29,1,3.45
2020-11-01,2020-11,2,Week 2,desktop,<Other>,<Other>,<Other>,Germany,145,5,3.45
2020-11-01,2020-11,3,Week 3,tablet,<Other>,<Other>,<Other>,India,29,1,3.45
2020-11-01,2020-11,2,Week 2,mobile,<Other>,<Other>,<Other>,France,115,4,3.48
2020-11-01,2020-11,1,Week 1,desktop,<Other>,<Other>,<Other>,Canada,577,21,3.64
2020-11-01,2020-11,1,Week 1,mobile,<Other>,<Other>,<Other>,Peru,27,1,3.7
2020-11-01,2020-11,3,Week 3,mobile,<Other>,<Other>,<Other>,Peru,27,1,3.7
2020-11-01,2020-11,1,Week 1,mobile,<Other>,<Other>,<Other>,Germany,106,4,3.77
2020-11-01,2020-11,2,Week 2,mobile,<Other>,<Other>,<Other>,Turkey,53,2,3.77
2020-11-01,2020-11,1,Week 1,desktop,<Other>,<Other>,<Other>,Poland,52,2,3.85
2020-11-01,2020-11,2,Week 2,desktop,<Other>,<Other>,<Other>,Poland,52,2,3.85
2020-11-01,2020-11,1,Week 1,mobile,<Other>,<Other>,<Other>,Japan,78,3,3.85
2020-11-01,2020-11,2,Week 2,desktop,<Other>,<Other>,<Other>,United Arab Emirates,26,1,3.85
2020-11-01,2020-11,2,Week 2,mobile,<Other>,<Other>,<Other>,Japan,78,3,3.85
2020-11-01,2020-11,1,Week 1,desktop,<Other>,<Other>,<Other>,China,127,5,3.94
2020-11-01,2020-11,4,Week 4,mobile,<Other>,<Other>,<Other>,Hong Kong,25,1,4.0
2020-11-01,2020-11,3,Week 3,mobile,<Other>,<Other>,<Other>,Malaysia,25,1,4.0
2020-11-01,2020-11,6,Week 6,mobile,<Other>,<Other>,<Other>,Malaysia,25,1,4.0
2020-11-01,2020-11,2,Week 2,desktop,<Other>,<Other>,<Other>,Singapore,96,4,4.17
2020-11-01,2020-11,1,Week 1,mobile,<Other>,<Other>,<Other>,Taiwan,95,4,4.21
2020-11-01,2020-11,4,Week 4,mobile,<Other>,<Other>,<Other>,Taiwan,95,4,4.21
2020-11-01,2020-11,2,Week 2,mobile,<Other>,<Other>,<Other>,Poland,47,2,4.26
2020-11-01,2020-11,1,Week 1,mobile,<Other>,<Other>,<Other>,Poland,47,2,4.26
2020-11-01,2020-11,1,Week 1,mobile,<Other>,<Other>,<Other>,South Korea,70,3,4.29
2020-11-01,2020-11,2,Week 2,mobile,<Other>,<Other>,<Other>,South Korea,70,3,4.29
2020-11-01,2020-11,4,Week 4,mobile,<Other>,<Other>,<Other>,South Korea,70,3,4.29
2020-11-01,2020-11,1,Week 1,mobile,<Other>,<Other>,<Other>,India,487,21,4.31
2020-11-01,2020-11,1,Week 1,desktop,<Other>,<Other>,<Other>,Malaysia,46,2,4.35
2020-11-01,2020-11,2,Week 2,mobile,<Other>,<Other>,<Other>,Greece,23,1,4.35
2020-11-01,2020-11,1,Week 1,mobile,<Other>,<Other>,<Other>,Colombia,23,1,4.35
2020-11-01,2020-11,8,Week 8,mobile,<Other>,<Other>,<Other>,Colombia,23,1,4.35
2020-11-01,2020-11,7,Week 7,desktop,<Other>,<Other>,<Other>,Ukraine,23,1,4.35
2020-11-01,2020-11,5,Week 5,desktop,<Other>,<Other>,<Other>,Ukraine,23,1,4.35
2020-11-01,2020-11,3,Week 3,desktop,<Other>,<Other>,<Other>,Belgium,23,1,4.35
2020-11-01,2020-11,2,Week 2,desktop,<Other>,<Other>,<Other>,Ukraine,23,1,4.35
2020-11-01,2020-11,4,Week 4,desktop,<Other>,<Other>,<Other>,Ukraine,23,1,4.35
2020-11-01,2020-11,2,Week 2,desktop,<Other>,<Other>,<Other>,Belgium,23,1,4.35
2020-11-01,2020-11,10,Week 10,mobile,<Other>,<Other>,<Other>,Colombia,23,1,4.35
2020-11-01,2020-11,4,Week 4,mobile,<Other>,<Other>,<Other>,Colombia,23,1,4.35
2020-11-01,2020-11,1,Week 1,desktop,<Other>,<Other>,<Other>,Belgium,23,1,4.35
2020-11-01,2020-11,1,Week 1,desktop,<Other>,<Other>,<Other>,Ukraine,23,1,4.35
2020-11-01,2020-11,3,Week 3,desktop,<Other>,<Other>,<Other>,Ukraine,23,1,4.35
2020-11-01,2020-11,6,Week 6,mobile,<Other>,<Other>,<Other>,Colombia,23,1,4.35
2020-11-01,2020-11,3,Week 3,desktop,<Other>,<Other>,<Other>,Hong Kong,46,2,4.35
2020-11-01,2020-11,9,Week 9,desktop,<Other>,<Other>,<Other>,Belgium,23,1,4.35
2020-11-01,2020-11,5,Week 5,mobile,<Other>,<Other>,<Other>,Colombia,23,1,4.35
2020-11-01,2020-11,1,Week 1,mobile,<Other>,<Other>,<Other>,Portugal,23,1,4.35
2020-11-01,2020-11,1,Week 1,desktop,<Other>,<Other>,<Other>,Indonesia,68,3,4.41
2020-11-01,2020-11,1,Week 1,desktop,<Other>,<Other>,<Other>,Spain,158,7,4.43
2020-11-01,2020-11,8,Week 8,desktop,<Other>,<Other>,<Other>,Argentina,22,1,4.55
2020-11-01,2020-11,1,Week 1,tablet,<Other>,<Other>,<Other>,United States,132,6,4.55
2020-11-01,2020-11,2,Week 2,desktop,<Other>,<Other>,<Other>,Argentina,22,1,4.55
2020-11-01,2020-11,1,Week 1,desktop,<Other>,<Other>,<Other>,Australia,88,4,4.55
2020-11-01,2020-11,4,Week 4,tablet,<Other>,<Other>,<Other>,United States,132,6,4.55
2020-11-01,2020-11,10,Week 10,desktop,<Other>,<Other>,<Other>,Argentina,22,1,4.55
2020-11-01,2020-11,5,Week 5,desktop,<Other>,<Other>,<Other>,Argentina,22,1,4.55
2020-11-01,2020-11,3,Week 3,mobile,<Other>,<Other>,<Other>,Brazil,44,2,4.55
2020-11-01,2020-11,1,Week 1,desktop,<Other>,<Other>,<Other>,United States,3461,158,4.57
2020-11-01,2020-11,1,Week 1,desktop,<Other>,<Other>,<Other>,Turkey,86,4,4.65
2020-11-01,2020-11,1,Week 1,desktop,<Other>,<Other>,<Other>,Italy,106,5,4.72
2020-11-01,2020-11,3,Week 3,desktop,<Other>,<Other>,<Other>,Czechia,21,1,4.76
2020-11-01,2020-11,2,Week 2,desktop,<Other>,<Other>,<Other>,Czechia,21,1,4.76
2020-11-01,2020-11,2,Week 2,desktop,<Other>,<Other>,<Other>,Philippines,41,2,4.88
2020-11-01,2020-11,1,Week 1,desktop,<Other>,<Other>,<Other>,Philippines,41,2,4.88
2020-11-01,2020-11,1,Week 1,mobile,<Other>,<Other>,<Other>,Spain,102,5,4.9
2020-11-01,2020-11,1,Week 1,mobile,<Other>,<Other>,<Other>,Canada,404,20,4.95
2020-11-01,2020-11,9,Week 9,mobile,<Other>,<Other>,<Other>,Israel,20,1,5.0
2020-11-01,2020-11,2,Week 2,mobile,<Other>,<Other>,<Other>,Israel,20,1,5.0
2020-11-01,2020-11,10,Week 10,mobile,<Other>,<Other>,<Other>,Vietnam,20,1,5.0
2020-11-01,2020-11,4,Week 4,desktop,<Other>,<Other>,<Other>,Denmark,20,1,5.0
2020-11-01,2020-11,4,Week 4,mobile,<Other>,<Other>,<Other>,Pakistan,20,1,5.0
2020-11-01,2020-11,9,Week 9,tablet,<Other>,<Other>,<Other>,Canada,20,1,5.0
2020-11-01,2020-11,2,Week 2,mobile,<Other>,<Other>,<Other>,Vietnam,20,1,5.0
2020-11-01,2020-11,2,Week 2,tablet,<Other>,<Other>,<Other>,Canada,20,1,5.0
2020-11-01,2020-11,3,Week 3,mobile,<Other>,<Other>,<Other>,Vietnam,20,1,5.0
2020-11-01,2020-11,5,Week 5,mobile,<Other>,<Other>,<Other>,Pakistan,20,1,5.0
2020-11-01,2020-11,8,Week 8,tablet,<Other>,<Other>,<Other>,Canada,20,1,5.0
2020-11-01,2020-11,4,Week 4,tablet,<Other>,<Other>,<Other>,Canada,20,1,5.0
2020-11-01,2020-11,2,Week 2,desktop,<Other>,<Other>,<Other>,Colombia,40,2,5.0
2020-11-01,2020-11,1,Week 1,mobile,<Other>,<Other>,<Other>,United States,2302,116,5.04
2020-11-01,2020-11,1,Week 1,desktop,<Other>,<Other>,<Other>,Switzerland,39,2,5.13
2020-11-01,2020-11,1,Week 1,desktop,<Other>,<Other>,<Other>,India,736,38,5.16
2020-11-01,2020-11,1,Week 1,desktop,<Other>,<Other>,<Other>,Singapore,96,5,5.21
2020-11-01,2020-11,3,Week 3,desktop,<Other>,<Other>,<Other>,Singapore,96,5,5.21
2020-11-01,2020-11,11,Week 11,mobile,<Other>,<Other>,<Other>,Belgium,19,1,5.26
2020-11-01,2020-11,8,Week 8,mobile,<Other>,<Other>,<Other>,Ukraine,19,1,5.26
2020-11-01,2020-11,1,Week 1,mobile,<Other>,<Other>,<Other>,Belgium,19,1,5.26
2020-11-01,2020-11,6,Week 6,mobile,<Other>,<Other>,<Other>,Ukraine,19,1,5.26
2020-11-01,2020-11,9,Week 9,mobile,<Other>,<Other>,<Other>,Belgium,19,1,5.26
2020-11-01,2020-11,1,Week 1,desktop,<Other>,<Other>,<Other>,Sri Lanka,18,1,5.56
2020-11-01,2020-11,2,Week 2,mobile,<Other>,<Other>,<Other>,Philippines,18,1,5.56
2020-11-01,2020-11,1,Week 1,mobile,<Other>,<Other>,<Other>,Philippines,18,1,5.56
2020-11-01,2020-11,2,Week 2,mobile,<Other>,<Other>,<Other>,Ireland,36,2,5.56
2020-11-01,2020-11,3,Week 3,desktop,<Other>,<Other>,<Other>,Portugal,36,2,5.56
2020-11-01,2020-11,10,Week 10,desktop,<Other>,<Other>,<Other>,Portugal,36,2,5.56
2020-11-01,2020-11,3,Week 3,desktop,<Other>,<Other>,<Other>,Sri Lanka,18,1,5.56
2020-11-01,2020-11,1,Week 1,desktop,<Other>,<Other>,<Other>,Chile,17,1,5.88
2020-11-01,2020-11,2,Week 2,desktop,<Other>,<Other>,<Other>,Chile,17,1,5.88
2020-11-01,2020-11,3,Week 3,desktop,<Other>,<Other>,<Other>,Chile,17,1,5.88
2020-11-01,2020-11,7,Week 7,desktop,<Other>,<Other>,<Other>,Chile,17,1,5.88
2020-11-01,2020-11,4,Week 4,desktop,<Other>,<Other>,<Other>,Chile,17,1,5.88
2020-11-01,2020-11,5,Week 5,desktop,<Other>,<Other>,<Other>,Chile,17,1,5.88
2020-11-01,2020-11,1,Week 1,desktop,<Other>,<Other>,<Other>,France,151,9,5.96
2020-11-01,2020-11,1,Week 1,desktop,<Other>,<Other>,<Other>,Brazil,83,5,6.02
2020-11-01,2020-11,1,Week 1,desktop,<Other>,<Other>,<Other>,Bangladesh,16,1,6.25
2020-11-01,2020-11,5,Week 5,desktop,<Other>,<Other>,<Other>,Bangladesh,16,1,6.25
2020-11-01,2020-11,8,Week 8,mobile,<Other>,<Other>,<Other>,Argentina,15,1,6.67
2020-11-01,2020-11,7,Week 7,desktop,<Other>,<Other>,<Other>,Saudi Arabia,15,1,6.67
2020-11-01,2020-11,1,Week 1,desktop,<Other>,<Other>,<Other>,Hungary,15,1,6.67
2020-11-01,2020-11,2,Week 2,mobile,<Other>,<Other>,<Other>,Indonesia,45,3,6.67
2020-11-01,2020-11,1,Week 1,desktop,<Other>,<Other>,<Other>,Peru,30,2,6.67
2020-11-01,2020-11,1,Week 1,mobile,<Other>,<Other>,<Other>,Thailand,30,2,6.67
2020-11-01,2020-11,1,Week 1,desktop,<Other>,<Other>,<Other>,Saudi Arabia,15,1,6.67
2020-11-01,2020-11,2,Week 2,desktop,<Other>,<Other>,<Other>,Hungary,15,1,6.67
2020-11-01,2020-11,1,Week 1,mobile,<Other>,<Other>,<Other>,Indonesia,45,3,6.67
2020-11-01,2020-11,1,Week 1,tablet,<Other>,<Other>,<Other>,India,29,2,6.9
2020-11-01,2020-11,1,Week 1,desktop,<Other>,<Other>,<Other>,Germany,145,10,6.9
2020-11-01,2020-11,1,Week 1,desktop,<Other>,<Other>,<Other>,South Korea,84,6,7.14
2020-11-01,2020-11,1,Week 1,mobile,<Other>,<Other>,<Other>,Singapore,67,5,7.46
2020-11-01,2020-11,8,Week 8,mobile,<Other>,<Other>,<Other>,Saudi Arabia,13,1,7.69
2020-11-01,2020-11,1,Week 1,mobile,<Other>,<Other>,<Other>,Romania,13,1,7.69
2020-11-01,2020-11,9,Week 9,mobile,<Other>,<Other>,<Other>,Saudi Arabia,13,1,7.69
2020-11-01,2020-11,2,Week 2,mobile,<Other>,<Other>,<Other>,Romania,13,1,7.69
2020-11-01,2020-11,2,Week 2,mobile,<Other>,<Other>,<Other>,Saudi Arabia,13,1,7.69
2020-11-01,2020-11,6,Week 6,mobile,<Other>,<Other>,<Other>,Romania,13,1,7.69
2020-11-01,2020-11,8,Week 8,mobile,<Other>,<Other>,<Other>,Romania,13,1,7.69
2020-11-01,2020-11,7,Week 7,mobile,<Other>,<Other>,<Other>,Romania,13,1,7.69
2020-11-01,2020-11,1,Week 1,mobile,<Other>,<Other>,<Other>,Saudi Arabia,13,1,7.69
2020-11-01,2020-11,7,Week 7,mobile,<Other>,<Other>,<Other>,Saudi Arabia,13,1,7.69
2020-11-01,2020-11,4,Week 4,mobile,<Other>,<Other>,<Other>,Romania,13,1,7.69
2020-11-01,2020-11,1,Week 1,mobile,<Other>,<Other>,<Other>,Russia,38,3,7.89
2020-11-01,2020-11,1,Week 1,mobile,<Other>,<Other>,<Other>,Mexico,50,4,8.0
2020-11-01,2020-11,3,Week 3,desktop,<Other>,<Other>,<Other>,Greece,24,2,8.33
2020-11-01,2020-11,1,Week 1,desktop,<Other>,<Other>,<Other>,Norway,12,1,8.33
2020-11-01,2020-11,4,Week 4,desktop,<Other>,<Other>,<Other>,Croatia,12,1,8.33
2020-11-01,2020-11,4,Week 4,desktop,<Other>,<Other>,<Other>,Norway,12,1,8.33
2020-11-01,2020-11,2,Week 2,desktop,<Other>,<Other>,<Other>,Croatia,12,1,8.33
2020-11-01,2020-11,1,Week 1,desktop,<Other>,<Other>,<Other>,Greece,24,2,8.33
2020-11-01,2020-11,1,Week 1,desktop,<Other>,<Other>,<Other>,Croatia,12,1,8.33
2020-11-01,2020-11,9,Week 9,desktop,<Other>,<Other>,<Other>,Norway,12,1,8.33
2020-11-01,2020-11,7,Week 7,desktop,<Other>,<Other>,<Other>,Norway,12,1,8.33
2020-11-01,2020-11,1,Week 1,desktop,<Other>,<Other>,<Other>,United Kingdom,261,22,8.43
2020-11-01,2020-11,1,Week 1,mobile,<Other>,<Other>,<Other>,Switzerland,23,2,8.7
2020-11-01,2020-11,7,Week 7,mobile,<Other>,<Other>,<Other>,Colombia,23,2,8.7
2020-11-01,2020-11,1,Week 1,mobile,<Other>,<Other>,<Other>,China,101,9,8.91
2020-11-01,2020-11,1,Week 1,mobile,<Other>,<Other>,<Other>,Brazil,44,4,9.09
2020-11-01,2020-11,1,Week 1,mobile,<Other>,<Other>,<Other>,Chile,11,1,9.09
2020-11-01,2020-11,1,Week 1,mobile,<Other>,<Other>,<Other>,Sweden,32,3,9.38
2020-11-01,2020-11,3,Week 3,desktop,<Other>,<Other>,<Other>,Denmark,20,2,10.0
2020-11-01,2020-11,4,Week 4,mobile,<Other>,<Other>,<Other>,Denmark,10,1,10.0
2020-11-01,2020-11,5,Week 5,desktop,<Other>,<Other>,<Other>,New Zealand,10,1,10.0
2020-11-01,2020-11,1,Week 1,desktop,<Other>,<Other>,<Other>,Bulgaria,10,1,10.0
2020-11-01,2020-11,2,Week 2,desktop,<Other>,<Other>,<Other>,Peru,30,3,10.0
2020-11-01,2020-11,3,Week 3,mobile,<Other>,<Other>,<Other>,Denmark,10,1,10.0
2020-11-01,2020-11,5,Week 5,mobile,<Other>,<Other>,<Other>,Denmark,10,1,10.0
2020-11-01,2020-11,6,Week 6,mobile,<Other>,<Other>,<Other>,Denmark,10,1,10.0
2020-11-01,2020-11,2,Week 2,desktop,<Other>,<Other>,<Other>,Denmark,20,2,10.0
2020-11-01,2020-11,6,Week 6,desktop,<Other>,<Other>,<Other>,Bulgaria,10,1,10.0
2020-11-01,2020-11,1,Week 1,mobile,<Other>,<Other>,<Other>,Ukraine,19,2,10.53
2020-11-01,2020-11,1,Week 1,mobile,<Other>,<Other>,<Other>,United Arab Emirates,18,2,11.11
2020-11-01,2020-11,1,Week 1,mobile,<Other>,<Other>,<Other>,Netherlands,45,5,11.11
2020-11-01,2020-11,1,Week 1,mobile,<Other>,<Other>,<Other>,Hong Kong,25,3,12.0
2020-11-01,2020-11,2,Week 2,desktop,<Other>,<Other>,<Other>,Bangladesh,16,2,12.5
2020-11-01,2020-11,11,Week 11,desktop,<Other>,<Other>,<Other>,Morocco,8,1,12.5
2020-11-01,2020-11,1,Week 1,mobile,<Other>,<Other>,<Other>,Greece,23,3,13.04
2020-11-01,2020-11,2,Week 2,mobile,<Other>,<Other>,<Other>,Colombia,23,3,13.04
2020-11-01,2020-11,1,Week 1,desktop,<Other>,<Other>,<Other>,Nigeria,15,2,13.33
2020-11-01,2020-11,3,Week 3,desktop,<Other>,<Other>,<Other>,Hungary,15,2,13.33
2020-11-01,2020-11,1,Week 1,mobile,<Other>,<Other>,<Other>,Austria,7,1,14.29
2020-11-01,2020-11,1,Week 1,mobile,<Other>,<Other>,<Other>,Slovenia,7,1,14.29
2020-11-01,2020-11,1,Week 1,desktop,<Other>,<Other>,<Other>,Czechia,21,3,14.29
2020-11-01,2020-11,4,Week 4,mobile,<Other>,<Other>,<Other>,Slovakia,7,1,14.29
2020-11-01,2020-11,1,Week 1,desktop,<Other>,<Other>,<Other>,Denmark,20,3,15.0
2020-11-01,2020-11,3,Week 3,desktop,<Other>,<Other>,<Other>,Algeria,6,1,16.67
2020-11-01,2020-11,1,Week 1,desktop,<Other>,<Other>,<Other>,Algeria,6,1,16.67
2020-11-01,2020-11,4,Week 4,desktop,<Other>,<Other>,<Other>,Algeria,6,1,16.67
2020-11-01,2020-11,2,Week 2,desktop,<Other>,<Other>,<Other>,Algeria,6,1,16.67
2020-11-01,2020-11,3,Week 3,desktop,<Other>,<Other>,<Other>,Trinidad & Tobago,6,1,16.67
2020-11-01,2020-11,1,Week 1,desktop,<Other>,<Other>,<Other>,Azerbaijan,6,1,16.67
2020-11-01,2020-11,6,Week 6,mobile,<Other>,<Other>,<Other>,Venezuela,5,1,20.0
2020-11-01,2020-11,10,Week 10,tablet,<Other>,<Other>,<Other>,China,4,1,25.0
2020-11-01,2020-11,1,Week 1,desktop,<Other>,<Other>,<Other>,Morocco,8,2,25.0
2020-11-01,2020-11,9,Week 9,tablet,<Other>,<Other>,<Other>,China,4,1,25.0
2020-11-01,2020-11,1,Week 1,desktop,<Other>,<Other>,<Other>,Kenya,4,1,25.0
2020-11-01,2020-11,1,Week 1,desktop,<Other>,<Other>,<Other>,Latvia,7,2,28.57
2020-11-01,2020-11,4,Week 4,mobile,<Other>,<Other>,<Other>,Slovenia,7,2,28.57
2020-11-01,2020-11,1,Week 1,mobile,<Other>,<Other>,<Other>,Georgia,3,1,33.33
2020-11-01,2020-11,1,Week 1,tablet,<Other>,<Other>,<Other>,Pakistan,3,1,33.33
2020-11-01,2020-11,4,Week 4,mobile,<Other>,<Other>,<Other>,Georgia,3,1,33.33
2020-11-01,2020-11,1,Week 1,desktop,<Other>,<Other>,<Other>,Bolivia,3,1,33.33
2020-11-01,2020-11,4,Week 4,mobile,<Other>,<Other>,<Other>,Albania,3,1,33.33
2020-11-01,2020-11,5,Week 5,mobile,<Other>,<Other>,<Other>,Uruguay,2,1,50.0
2020-11-01,2020-11,1,Week 1,tablet,<Other>,<Other>,<Other>,Brazil,2,1,50.0
2020-11-01,2020-11,4,Week 4,mobile,<Other>,<Other>,<Other>,Uruguay,2,1,50.0
2020-11-01,2020-11,1,Week 1,mobile,<Other>,<Other>,<Other>,Dominican Republic,2,1,50.0
2020-11-01,2020-11,1,Week 1,desktop,<Other>,<Other>,<Other>,Honduras,2,1,50.0
2020-11-01,2020-11,3,Week 3,tablet,<Other>,<Other>,<Other>,Malaysia,2,1,50.0
2020-11-01,2020-11,1,Week 1,tablet,<Other>,<Other>,<Other>,Malaysia,2,1,50.0
2020-11-01,2020-11,1,Week 1,tablet,<Other>,<Other>,<Other>,Taiwan,2,1,50.0
2020-11-01,2020-11,4,Week 4,tablet,<Other>,<Other>,<Other>,Malaysia,2,1,50.0
2020-11-01,2020-11,6,Week 6,mobile,<Other>,<Other>,<Other>,Uruguay,2,1,50.0
2020-11-01,2020-11,1,Week 1,mobile,<Other>,<Other>,<Other>,Panama,3,2,66.67
2020-11-01,2020-11,0,Week 0,mobile,<Other>,<Other>,<Other>,Lithuania,2,2,100.0
2020-11-01,2020-11,0,Week 0,mobile,<Other>,<Other>,<Other>,Saudi Arabia,13,13,100.0
2020-11-01,2020-11,0,Week 0,desktop,<Other>,<Other>,<Other>,Thailand,33,33,100.0
2020-11-01,2020-11,0,Week 0,desktop,<Other>,<Other>,<Other>,Honduras,2,2,100.0
2020-11-01,2020-11,0,Week 0,mobile,<Other>,<Other>,<Other>,Sri Lanka,11,11,100.0
2020-11-01,2020-11,0,Week 0,mobile,<Other>,<Other>,<Other>,Macao,1,1,100.0
2020-11-01,2020-11,0,Week 0,mobile,<Other>,<Other>,<Other>,South Korea,70,70,100.0
2020-11-01,2020-11,0,Week 0,desktop,<Other>,<Other>,<Other>,Uruguay,1,1,100.0
2020-11-01,2020-11,0,Week 0,tablet,<Other>,<Other>,<Other>,Turkey,1,1,100.0
2020-11-01,2020-11,0,Week 0,tablet,<Other>,<Other>,<Other>,Austria,1,1,100.0
2020-11-01,2020-11,0,Week 0,desktop,<Other>,<Other>,<Other>,Nepal,4,4,100.0
2020-11-01,2020-11,0,Week 0,mobile,<Other>,<Other>,<Other>,Bangladesh,6,6,100.0
2020-11-01,2020-11,0,Week 0,desktop,<Other>,<Other>,<Other>,Iceland,1,1,100.0
2020-11-01,2020-11,0,Week 0,desktop,<Other>,<Other>,<Other>,Denmark,20,20,100.0
2020-11-01,2020-11,0,Week 0,desktop,<Other>,<Other>,<Other>,Spain,158,158,100.0
2020-11-01,2020-11,0,Week 0,tablet,<Other>,<Other>,<Other>,Mexico,1,1,100.0
2020-11-01,2020-11,0,Week 0,mobile,<Other>,<Other>,<Other>,South Africa,12,12,100.0
2020-11-01,2020-11,0,Week 0,mobile,<Other>,<Other>,<Other>,Mexico,50,50,100.0
2020-11-01,2020-11,0,Week 0,desktop,<Other>,<Other>,<Other>,Estonia,3,3,100.0
2020-11-01,2020-11,0,Week 0,tablet,<Other>,<Other>,<Other>,Canada,20,20,100.0
2020-11-01,2020-11,0,Week 0,desktop,<Other>,<Other>,<Other>,South Korea,84,84,100.0
2020-11-01,2020-11,0,Week 0,mobile,<Other>,<Other>,<Other>,Uruguay,2,2,100.0
2020-11-01,2020-11,0,Week 0,mobile,<Other>,<Other>,<Other>,Italy,74,74,100.0
2020-11-01,2020-11,0,Week 0,desktop,<Other>,<Other>,<Other>,Tunisia,6,6,100.0
2020-11-01,2020-11,0,Week 0,tablet,<Other>,<Other>,<Other>,India,29,29,100.0
2020-11-01,2020-11,0,Week 0,mobile,<Other>,<Other>,<Other>,United States,2302,2302,100.0
2020-11-01,2020-11,0,Week 0,mobile,<Other>,<Other>,<Other>,Switzerland,23,23,100.0
2020-11-01,2020-11,0,Week 0,desktop,<Other>,<Other>,<Other>,Panama,2,2,100.0
2020-11-01,2020-11,0,Week 0,desktop,<Other>,<Other>,<Other>,Cyprus,2,2,100.0
2020-11-01,2020-11,0,Week 0,mobile,<Other>,<Other>,<Other>,Guatemala,2,2,100.0
2020-11-01,2020-11,0,Week 0,mobile,<Other>,<Other>,<Other>,Finland,9,9,100.0
2020-11-01,2020-11,0,Week 0,desktop,<Other>,<Other>,<Other>,Norway,12,12,100.0
2020-11-01,2020-11,0,Week 0,desktop,<Other>,<Other>,<Other>,Egypt,24,24,100.0
2020-11-01,2020-11,0,Week 0,mobile,<Other>,<Other>,<Other>,Singapore,67,67,100.0
2020-11-01,2020-11,0,Week 0,mobile,<Other>,<Other>,<Other>,Latvia,2,2,100.0
2020-11-01,2020-11,0,Week 0,tablet,<Other>,<Other>,<Other>,Brazil,2,2,100.0
2020-11-01,2020-11,0,Week 0,mobile,<Other>,<Other>,<Other>,Ecuador,4,4,100.0
2020-11-01,2020-11,0,Week 0,mobile,<Other>,<Other>,<Other>,Bulgaria,11,11,100.0
2020-11-01,2020-11,0,Week 0,mobile,<Other>,<Other>,<Other>,Paraguay,1,1,100.0
2020-11-01,2020-11,0,Week 0,mobile,<Other>,<Other>,<Other>,Bosnia & Herzegovina,2,2,100.0
2020-11-01,2020-11,0,Week 0,mobile,<Other>,<Other>,<Other>,Estonia,1,1,100.0
2020-11-01,2020-11,0,Week 0,mobile,<Other>,<Other>,<Other>,Myanmar (Burma),4,4,100.0
2020-11-01,2020-11,0,Week 0,desktop,<Other>,<Other>,<Other>,France,151,151,100.0
2020-11-01,2020-11,0,Week 0,desktop,<Other>,<Other>,<Other>,Belarus,3,3,100.0
2020-11-01,2020-11,0,Week 0,desktop,<Other>,<Other>,<Other>,Hong Kong,46,46,100.0
2020-11-01,2020-11,0,Week 0,mobile,<Other>,<Other>,<Other>,Canada,404,404,100.0
2020-11-01,2020-11,0,Week 0,tablet,<Other>,<Other>,<Other>,Russia,2,2,100.0
2020-11-01,2020-11,0,Week 0,tablet,<Other>,<Other>,<Other>,Sweden,2,2,100.0
2020-11-01,2020-11,0,Week 0,mobile,<Other>,<Other>,<Other>,Jordan,3,3,100.0
2020-11-01,2020-11,0,Week 0,tablet,<Other>,<Other>,<Other>,Germany,5,5,100.0
2020-11-01,2020-11,0,Week 0,mobile,<Other>,<Other>,<Other>,United Arab Emirates,18,18,100.0
2020-11-01,2020-11,0,Week 0,desktop,<Other>,<Other>,<Other>,(not set),49,49,100.0
2020-11-01,2020-11,0,Week 0,mobile,<Other>,<Other>,<Other>,Tunisia,1,1,100.0
2020-11-01,2020-11,0,Week 0,tablet,<Other>,<Other>,<Other>,Vietnam,3,3,100.0
2020-11-01,2020-11,0,Week 0,desktop,<Other>,<Other>,<Other>,Qatar,5,5,100.0
2020-11-01,2020-11,0,Week 0,tablet,<Other>,<Other>,<Other>,Ireland,5,5,100.0
2020-11-01,2020-11,0,Week 0,desktop,<Other>,<Other>,<Other>,Sri Lanka,18,18,100.0
2020-11-01,2020-11,0,Week 0,desktop,<Other>,<Other>,<Other>,Myanmar (Burma),2,2,100.0
2020-11-01,2020-11,0,Week 0,desktop,<Other>,<Other>,<Other>,Georgia,3,3,100.0
2020-11-01,2020-11,0,Week 0,tablet,<Other>,<Other>,<Other>,Indonesia,3,3,100.0
2020-11-01,2020-11,0,Week 0,mobile,<Other>,<Other>,<Other>,Australia,47,47,100.0
2020-11-01,2020-11,0,Week 0,desktop,<Other>,<Other>,<Other>,Ireland,52,52,100.0
2020-11-01,2020-11,0,Week 0,tablet,<Other>,<Other>,<Other>,Australia,4,4,100.0
2020-11-01,2020-11,0,Week 0,tablet,<Other>,<Other>,<Other>,Spain,4,4,100.0
2020-11-01,2020-11,0,Week 0,mobile,<Other>,<Other>,<Other>,Sweden,32,32,100.0
2020-11-01,2020-11,0,Week 0,tablet,<Other>,<Other>,<Other>,Peru,1,1,100.0
2020-11-01,2020-11,0,Week 0,desktop,<Other>,<Other>,<Other>,Costa Rica,4,4,100.0
2020-11-01,2020-11,0,Week 0,desktop,<Other>,<Other>,<Other>,Croatia,12,12,100.0
2020-11-01,2020-11,0,Week 0,desktop,<Other>,<Other>,<Other>,Argentina,22,22,100.0
2020-11-01,2020-11,0,Week 0,desktop,<Other>,<Other>,<Other>,Turkey,86,86,100.0
2020-11-01,2020-11,0,Week 0,mobile,<Other>,<Other>,<Other>,Venezuela,5,5,100.0
2020-11-01,2020-11,0,Week 0,mobile,<Other>,<Other>,<Other>,Hungary,5,5,100.0
2020-11-01,2020-11,0,Week 0,desktop,<Other>,<Other>,<Other>,Vietnam,30,30,100.0
2020-11-01,2020-11,0,Week 0,mobile,<Other>,<Other>,<Other>,Dominican Republic,2,2,100.0
2020-11-01,2020-11,0,Week 0,desktop,<Other>,<Other>,<Other>,Romania,23,23,100.0
2020-11-01,2020-11,0,Week 0,desktop,<Other>,<Other>,<Other>,Malta,2,2,100.0
2020-11-01,2020-11,0,Week 0,mobile,<Other>,<Other>,<Other>,Luxembourg,2,2,100.0
2020-11-01,2020-11,0,Week 0,tablet,<Other>,<Other>,<Other>,Philippines,3,3,100.0
2020-11-01,2020-11,0,Week 0,mobile,<Other>,<Other>,<Other>,Egypt,7,7,100.0
2020-11-01,2020-11,0,Week 0,mobile,<Other>,<Other>,<Other>,Philippines,18,18,100.0
2020-11-01,2020-11,0,Week 0,desktop,<Other>,<Other>,<Other>,Luxembourg,1,1,100.0
2020-11-01,2020-11,0,Week 0,tablet,<Other>,<Other>,<Other>,Croatia,1,1,100.0
2020-11-01,2020-11,0,Week 0,desktop,<Other>,<Other>,<Other>,Venezuela,1,1,100.0
2020-11-01,2020-11,0,Week 0,desktop,<Other>,<Other>,<Other>,Lithuania,7,7,100.0
2020-11-01,2020-11,0,Week 0,desktop,<Other>,<Other>,<Other>,Latvia,7,7,100.0
2020-11-01,2020-11,0,Week 0,mobile,<Other>,<Other>,<Other>,Austria,7,7,100.0
2020-11-01,2020-11,0,Week 0,desktop,<Other>,<Other>,<Other>,Indonesia,68,68,100.0
2020-11-01,2020-11,0,Week 0,desktop,<Other>,<Other>,<Other>,China,127,127,100.0
2020-11-01,2020-11,0,Week 0,tablet,<Other>,<Other>,<Other>,Singapore,3,3,100.0
2020-11-01,2020-11,0,Week 0,desktop,<Other>,<Other>,<Other>,New Zealand,10,10,100.0
2020-11-01,2020-11,0,Week 0,desktop,<Other>,<Other>,<Other>,Lebanon,3,3,100.0
2020-11-01,2020-11,0,Week 0,desktop,<Other>,<Other>,<Other>,Ecuador,6,6,100.0
2020-11-01,2020-11,0,Week 0,mobile,<Other>,<Other>,<Other>,Taiwan,95,95,100.0
2020-11-01,2020-11,0,Week 0,desktop,<Other>,<Other>,<Other>,Cambodia,2,2,100.0
2020-11-01,2020-11,0,Week 0,desktop,<Other>,<Other>,<Other>,El Salvador,3,3,100.0
2020-11-01,2020-11,0,Week 0,desktop,<Other>,<Other>,<Other>,Bulgaria,10,10,100.0
2020-11-01,2020-11,0,Week 0,mobile,<Other>,<Other>,<Other>,Spain,102,102,100.0
2020-11-01,2020-11,0,Week 0,desktop,<Other>,<Other>,<Other>,Kenya,4,4,100.0
2020-11-01,2020-11,0,Week 0,mobile,<Other>,<Other>,<Other>,Panama,3,3,100.0
2020-11-01,2020-11,0,Week 0,desktop,<Other>,<Other>,<Other>,Slovenia,6,6,100.0
2020-11-01,2020-11,0,Week 0,mobile,<Other>,<Other>,<Other>,Ukraine,19,19,100.0
2020-11-01,2020-11,0,Week 0,mobile,<Other>,<Other>,<Other>,United Kingdom,176,176,100.0
2020-11-01,2020-11,0,Week 0,tablet,<Other>,<Other>,<Other>,Hong Kong,1,1,100.0
2020-11-01,2020-11,0,Week 0,mobile,<Other>,<Other>,<Other>,Norway,6,6,100.0
2020-11-01,2020-11,0,Week 0,mobile,<Other>,<Other>,<Other>,Costa Rica,7,7,100.0
2020-11-01,2020-11,3,Week 3,tablet,<Other>,<Other>,<Other>,Serbia,1,1,100.0
2020-11-01,2020-11,0,Week 0,mobile,<Other>,<Other>,<Other>,Bolivia,2,2,100.0
2020-11-01,2020-11,0,Week 0,mobile,<Other>,<Other>,<Other>,Portugal,23,23,100.0
2020-11-01,2020-11,0,Week 0,tablet,<Other>,<Other>,<Other>,Lebanon,2,2,100.0
2020-11-01,2020-11,0,Week 0,tablet,<Other>,<Other>,<Other>,China,4,4,100.0
2020-11-01,2020-11,0,Week 0,mobile,<Other>,<Other>,<Other>,Malaysia,25,25,100.0
2020-11-01,2020-11,0,Week 0,mobile,<Other>,<Other>,<Other>,Qatar,1,1,100.0
2020-11-01,2020-11,0,Week 0,mobile,<Other>,<Other>,<Other>,Morocco,12,12,100.0
2020-11-01,2020-11,0,Week 0,mobile,<Other>,<Other>,<Other>,Pakistan,20,20,100.0
2020-11-01,2020-11,0,Week 0,mobile,<Other>,<Other>,<Other>,Netherlands,45,45,100.0
2020-11-01,2020-11,0,Week 0,desktop,<Other>,<Other>,<Other>,Japan,105,105,100.0
2020-11-01,2020-11,0,Week 0,desktop,<Other>,<Other>,<Other>,Taiwan,117,117,100.0
2020-11-01,2020-11,0,Week 0,desktop,<Other>,<Other>,<Other>,Kazakhstan,1,1,100.0
2020-11-01,2020-11,0,Week 0,desktop,<Other>,<Other>,<Other>,Kuwait,4,4,100.0
2020-11-01,2020-11,0,Week 0,tablet,<Other>,<Other>,<Other>,United Kingdom,9,9,100.0
2020-11-01,2020-11,0,Week 0,desktop,<Other>,<Other>,<Other>,South Africa,9,9,100.0
2020-11-01,2020-11,0,Week 0,mobile,<Other>,<Other>,<Other>,Colombia,23,23,100.0
2020-11-01,2020-11,0,Week 0,desktop,<Other>,<Other>,<Other>,Greece,24,24,100.0
2020-11-01,2020-11,0,Week 0,mobile,<Other>,<Other>,<Other>,Kazakhstan,6,6,100.0
2020-11-01,2020-11,0,Week 0,mobile,<Other>,<Other>,<Other>,Belgium,19,19,100.0
2020-11-01,2020-11,0,Week 0,mobile,<Other>,<Other>,<Other>,China,101,101,100.0
2020-11-01,2020-11,0,Week 0,desktop,<Other>,<Other>,<Other>,Serbia,5,5,100.0
2020-11-01,2020-11,0,Week 0,desktop,<Other>,<Other>,<Other>,Kosovo,1,1,100.0
2020-11-01,2020-11,0,Week 0,desktop,<Other>,<Other>,<Other>,Trinidad & Tobago,6,6,100.0
2020-11-01,2020-11,0,Week 0,desktop,<Other>,<Other>,<Other>,Palestine,1,1,100.0
2020-11-01,2020-11,0,Week 0,desktop,<Other>,<Other>,<Other>,Dominican Republic,1,1,100.0
2020-11-01,2020-11,0,Week 0,mobile,<Other>,<Other>,<Other>,Iceland,2,2,100.0
2020-11-01,2020-11,0,Week 0,tablet,<Other>,<Other>,<Other>,Israel,3,3,100.0
2020-11-01,2020-11,0,Week 0,tablet,<Other>,<Other>,<Other>,Pakistan,3,3,100.0
2020-11-01,2020-11,0,Week 0,desktop,<Other>,<Other>,<Other>,Sweden,41,41,100.0
2020-11-01,2020-11,0,Week 0,mobile,<Other>,<Other>,<Other>,Georgia,3,3,100.0
2020-11-01,2020-11,0,Week 0,mobile,<Other>,<Other>,<Other>,Romania,13,13,100.0
2020-11-01,2020-11,0,Week 0,mobile,<Other>,<Other>,<Other>,Vietnam,20,20,100.0
2020-11-01,2020-11,0,Week 0,mobile,<Other>,<Other>,<Other>,Trinidad & Tobago,3,3,100.0
2020-11-01,2020-11,0,Week 0,mobile,<Other>,<Other>,<Other>,Slovakia,7,7,100.0
2020-11-01,2020-11,0,Week 0,mobile,<Other>,<Other>,<Other>,Slovenia,7,7,100.0
2020-11-01,2020-11,0,Week 0,desktop,<Other>,<Other>,<Other>,Philippines,41,41,100.0
2020-11-01,2020-11,0,Week 0,mobile,<Other>,<Other>,<Other>,Poland,47,47,100.0
2020-11-01,2020-11,0,Week 0,mobile,<Other>,<Other>,<Other>,Kenya,2,2,100.0
2020-11-01,2020-11,0,Week 0,mobile,<Other>,<Other>,<Other>,Chile,11,11,100.0
2020-11-01,2020-11,0,Week 0,desktop,<Other>,<Other>,<Other>,Saudi Arabia,15,15,100.0
2020-11-01,2020-11,0,Week 0,mobile,<Other>,<Other>,<Other>,Puerto Rico,4,4,100.0
2020-11-01,2020-11,0,Week 0,mobile,<Other>,<Other>,<Other>,Iraq,5,5,100.0
2020-11-01,2020-11,0,Week 0,desktop,<Other>,<Other>,<Other>,North Macedonia,4,4,100.0
2020-11-01,2020-11,0,Week 0,mobile,<Other>,<Other>,<Other>,North Macedonia,1,1,100.0
2020-11-01,2020-11,0,Week 0,tablet,<Other>,<Other>,<Other>,South Africa,1,1,100.0
2020-11-01,2020-11,0,Week 0,mobile,<Other>,<Other>,<Other>,Kuwait,1,1,100.0
2020-11-01,2020-11,0,Week 0,mobile,<Other>,<Other>,<Other>,El Salvador,2,2,100.0
2020-11-01,2020-11,0,Week 0,desktop,<Other>,<Other>,<Other>,Iraq,5,5,100.0
2020-11-01,2020-11,0,Week 0,desktop,<Other>,<Other>,<Other>,Morocco,8,8,100.0
2020-11-01,2020-11,0,Week 0,desktop,<Other>,<Other>,<Other>,Austria,29,29,100.0
2020-11-01,2020-11,0,Week 0,desktop,<Other>,<Other>,<Other>,Portugal,36,36,100.0
2020-11-01,2020-11,0,Week 0,tablet,<Other>,<Other>,<Other>,Sri Lanka,1,1,100.0
2020-11-01,2020-11,0,Week 0,desktop,<Other>,<Other>,<Other>,Ukraine,23,23,100.0
2020-11-01,2020-11,0,Week 0,desktop,<Other>,<Other>,<Other>,Mexico,60,60,100.0
2020-11-01,2020-11,0,Week 0,desktop,<Other>,<Other>,<Other>,Netherlands,75,75,100.0
2020-11-01,2020-11,0,Week 0,tablet,<Other>,<Other>,<Other>,United States,132,132,100.0
2020-11-01,2020-11,0,Week 0,desktop,<Other>,<Other>,<Other>,Bosnia & Herzegovina,1,1,100.0
2020-11-01,2020-11,0,Week 0,desktop,<Other>,<Other>,<Other>,Chile,17,17,100.0
2020-11-01,2020-11,0,Week 0,tablet,<Other>,<Other>,<Other>,Taiwan,2,2,100.0
2020-11-01,2020-11,0,Week 0,desktop,<Other>,<Other>,<Other>,Bangladesh,16,16,100.0
2020-11-01,2020-11,0,Week 0,mobile,<Other>,<Other>,<Other>,Greece,23,23,100.0
2020-11-01,2020-11,0,Week 0,tablet,<Other>,<Other>,<Other>,Colombia,1,1,100.0
2020-11-01,2020-11,0,Week 0,mobile,<Other>,<Other>,<Other>,Belarus,3,3,100.0
2020-11-01,2020-11,0,Week 0,desktop,<Other>,<Other>,<Other>,Bolivia,3,3,100.0
2020-11-01,2020-11,0,Week 0,mobile,<Other>,<Other>,<Other>,Nigeria,7,7,100.0
2020-11-01,2020-11,0,Week 0,mobile,<Other>,<Other>,<Other>,Peru,27,27,100.0
2020-11-01,2020-11,0,Week 0,desktop,<Other>,<Other>,<Other>,Canada,577,577,100.0
2020-11-01,2020-11,0,Week 0,mobile,<Other>,<Other>,<Other>,Germany,106,106,100.0
2020-11-01,2020-11,0,Week 0,desktop,<Other>,<Other>,<Other>,India,736,736,100.0
2020-11-01,2020-11,0,Week 0,mobile,<Other>,<Other>,<Other>,Algeria,5,5,100.0
2020-11-01,2020-11,0,Week 0,desktop,<Other>,<Other>,<Other>,Switzerland,39,39,100.0
2020-11-01,2020-11,0,Week 0,tablet,<Other>,<Other>,<Other>,Panama,1,1,100.0
2020-11-01,2020-11,0,Week 0,desktop,<Other>,<Other>,<Other>,Guatemala,4,4,100.0
2020-11-01,2020-11,0,Week 0,desktop,<Other>,<Other>,<Other>,Colombia,40,40,100.0
2020-11-01,2020-11,0,Week 0,desktop,<Other>,<Other>,<Other>,Armenia,1,1,100.0
2020-11-01,2020-11,0,Week 0,mobile,<Other>,<Other>,<Other>,Brazil,44,44,100.0
2020-11-01,2020-11,0,Week 0,mobile,<Other>,<Other>,<Other>,Ghana,1,1,100.0
2020-11-01,2020-11,0,Week 0,tablet,<Other>,<Other>,<Other>,Switzerland,3,3,100.0
2020-11-01,2020-11,0,Week 0,mobile,<Other>,<Other>,<Other>,Albania,3,3,100.0
2020-11-01,2020-11,0,Week 0,tablet,<Other>,<Other>,<Other>,France,4,4,100.0
2020-11-01,2020-11,0,Week 0,mobile,<Other>,<Other>,<Other>,Thailand,30,30,100.0
2020-11-01,2020-11,0,Week 0,desktop,<Other>,<Other>,<Other>,Germany,145,145,100.0
2020-11-01,2020-11,0,Week 0,tablet,<Other>,<Other>,<Other>,Nigeria,1,1,100.0
2020-11-01,2020-11,0,Week 0,tablet,<Other>,<Other>,<Other>,South Korea,3,3,100.0
2020-11-01,2020-11,0,Week 0,tablet,<Other>,<Other>,<Other>,Poland,4,4,100.0
2020-11-01,2020-11,0,Week 0,desktop,<Other>,<Other>,<Other>,Jordan,5,5,100.0
2020-11-01,2020-11,0,Week 0,tablet,<Other>,<Other>,<Other>,Serbia,1,1,100.0
2020-11-01,2020-11,0,Week 0,tablet,<Other>,<Other>,<Other>,Bulgaria,1,1,100.0
2020-11-01,2020-11,0,Week 0,tablet,<Other>,<Other>,<Other>,Saudi Arabia,2,2,100.0
2020-11-01,2020-11,0,Week 0,desktop,<Other>,<Other>,<Other>,Israel,42,42,100.0
2020-11-01,2020-11,0,Week 0,desktop,<Other>,<Other>,<Other>,Poland,52,52,100.0
2020-11-01,2020-11,0,Week 0,tablet,<Other>,<Other>,<Other>,Netherlands,3,3,100.0
2020-11-01,2020-11,0,Week 0,mobile,<Other>,<Other>,<Other>,Nepal,1,1,100.0
2020-11-01,2020-11,0,Week 0,mobile,<Other>,<Other>,<Other>,Serbia,3,3,100.0
2020-11-01,2020-11,0,Week 0,tablet,<Other>,<Other>,<Other>,Finland,1,1,100.0
2020-11-01,2020-11,0,Week 0,mobile,<Other>,<Other>,<Other>,Denmark,10,10,100.0
2020-11-01,2020-11,0,Week 0,mobile,<Other>,<Other>,<Other>,Ireland,36,36,100.0
2020-11-01,2020-11,0,Week 0,desktop,<Other>,<Other>,<Other>,United Kingdom,261,261,100.0
2020-11-01,2020-11,0,Week 0,tablet,<Other>,<Other>,<Other>,Ukraine,1,1,100.0
2020-11-01,2020-11,0,Week 0,tablet,<Other>,<Other>,<Other>,Malaysia,2,2,100.0
2020-11-01,2020-11,0,Week 0,tablet,<Other>,<Other>,<Other>,Italy,5,5,100.0
2020-11-01,2020-11,0,Week 0,desktop,<Other>,<Other>,<Other>,Peru,30,30,100.0
2020-11-01,2020-11,0,Week 0,mobile,<Other>,<Other>,<Other>,Azerbaijan,1,1,100.0
2020-11-01,2020-11,0,Week 0,desktop,<Other>,<Other>,<Other>,Slovakia,9,9,100.0
2020-11-01,2020-11,0,Week 0,desktop,<Other>,<Other>,<Other>,Nigeria,15,15,100.0
2020-11-01,2020-11,0,Week 0,mobile,<Other>,<Other>,<Other>,Indonesia,45,45,100.0
2020-11-01,2020-11,0,Week 0,desktop,<Other>,<Other>,<Other>,United States,3461,3461,100.0
2020-11-01,2020-11,2,Week 2,desktop,<Other>,<Other>,<Other>,Palestine,1,1,100.0
2020-11-01,2020-11,0,Week 0,desktop,<Other>,<Other>,<Other>,Paraguay,1,1,100.0
2020-11-01,2020-11,0,Week 0,mobile,<Other>,<Other>,<Other>,New Zealand,4,4,100.0
2020-11-01,2020-11,0,Week 0,mobile,<Other>,<Other>,<Other>,Croatia,5,5,100.0
2020-11-01,2020-11,0,Week 0,desktop,<Other>,<Other>,<Other>,Brazil,83,83,100.0
2020-11-01,2020-11,0,Week 0,mobile,<Other>,<Other>,<Other>,Argentina,15,15,100.0
2020-11-01,2020-11,0,Week 0,desktop,<Other>,<Other>,<Other>,Belgium,23,23,100.0
2020-11-01,2020-11,0,Week 0,desktop,<Other>,<Other>,<Other>,Russia,54,54,100.0
2020-11-01,2020-11,0,Week 0,mobile,<Other>,<Other>,<Other>,(not set),36,36,100.0
2020-11-01,2020-11,0,Week 0,mobile,<Other>,<Other>,<Other>,Bahamas,1,1,100.0
2020-11-01,2020-11,0,Week 0,desktop,<Other>,<Other>,<Other>,Azerbaijan,6,6,100.0
2020-11-01,2020-11,0,Week 0,mobile,<Other>,<Other>,<Other>,Czechia,13,13,100.0
2020-11-01,2020-11,0,Week 0,tablet,<Other>,<Other>,<Other>,(not set),2,2,100.0
2020-11-01,2020-11,0,Week 0,desktop,<Other>,<Other>,<Other>,Finland,13,13,100.0
2020-11-01,2020-11,0,Week 0,desktop,<Other>,<Other>,<Other>,Czechia,21,21,100.0
2020-11-01,2020-11,0,Week 0,mobile,<Other>,<Other>,<Other>,Jamaica,1,1,100.0
2020-11-01,2020-11,0,Week 0,desktop,<Other>,<Other>,<Other>,Albania,2,2,100.0
2020-11-01,2020-11,6,Week 6,mobile,<Other>,<Other>,<Other>,North Macedonia,1,1,100.0
2020-11-01,2020-11,0,Week 0,mobile,<Other>,<Other>,<Other>,Israel,20,20,100.0
2020-11-01,2020-11,0,Week 0,desktop,<Other>,<Other>,<Other>,Malaysia,46,46,100.0
2020-11-01,2020-11,0,Week 0,tablet,<Other>,<Other>,<Other>,Czechia,1,1,100.0
2020-11-01,2020-11,0,Week 0,tablet,<Other>,<Other>,<Other>,Japan,4,4,100.0
2020-11-01,2020-11,0,Week 0,desktop,<Other>,<Other>,<Other>,Puerto Rico,5,5,100.0
2020-11-01,2020-11,0,Week 0,mobile,<Other>,<Other>,<Other>,France,115,115,100.0
2020-11-01,2020-11,0,Week 0,mobile,<Other>,<Other>,<Other>,Cyprus,1,1,100.0
2020-11-01,2020-11,0,Week 0,mobile,<Other>,<Other>,<Other>,India,487,487,100.0
2020-11-01,2020-11,0,Week 0,mobile,<Other>,<Other>,<Other>,Palestine,4,4,100.0
2020-11-01,2020-11,0,Week 0,desktop,<Other>,<Other>,<Other>,United Arab Emirates,26,26,100.0
2020-11-01,2020-11,0,Week 0,desktop,<Other>,<Other>,<Other>,Pakistan,32,32,100.0
2020-11-01,2020-11,0,Week 0,mobile,<Other>,<Other>,<Other>,Turkey,53,53,100.0
2020-11-01,2020-11,0,Week 0,desktop,<Other>,<Other>,<Other>,Australia,88,88,100.0
2020-11-01,2020-11,0,Week 0,desktop,<Other>,<Other>,<Other>,Italy,106,106,100.0
2020-11-01,2020-11,0,Week 0,mobile,<Other>,<Other>,<Other>,Hong Kong,25,25,100.0
2020-11-01,2020-11,0,Week 0,desktop,<Other>,<Other>,<Other>,Macao,1,1,100.0
2020-11-01,2020-11,0,Week 0,tablet,<Other>,<Other>,<Other>,Belgium,3,3,100.0
2020-11-01,2020-11,0,Week 0,desktop,<Other>,<Other>,<Other>,Algeria,6,6,100.0
2020-11-01,2020-11,0,Week 0,desktop,<Other>,<Other>,<Other>,Mongolia,2,2,100.0
2020-11-01,2020-11,0,Week 0,desktop,<Other>,<Other>,<Other>,Hungary,15,15,100.0
2020-11-01,2020-11,0,Week 0,mobile,<Other>,<Other>,<Other>,Russia,38,38,100.0
2020-11-01,2020-11,0,Week 0,mobile,<Other>,<Other>,<Other>,Japan,78,78,100.0
2020-11-01,2020-11,0,Week 0,desktop,<Other>,<Other>,<Other>,Singapore,96,96,100.0
2020-11-01,2020-11,0,Week 0,desktop,<Other>,<Other>,<Other>,Oman,1,1,100.0
2020-11-01,2020-11,0,Week 0,mobile,<Other>,<Other>,<Other>,Armenia,3,3,100.0
2020-11-01,2020-11,11,Week 11,desktop,google,cpc,<Other>,United States,1015,1,0.1
2020-11-01,2020-11,7,Week 7,desktop,google,cpc,<Other>,United States,1015,2,0.2
2020-11-01,2020-11,11,Week 11,mobile,google,cpc,<Other>,United States,697,2,0.29
2020-11-01,2020-11,6,Week 6,mobile,google,cpc,<Other>,United States,697,2,0.29
2020-11-01,2020-11,7,Week 7,mobile,google,cpc,<Other>,United States,697,2,0.29
2020-11-01,2020-11,6,Week 6,desktop,google,cpc,<Other>,United States,1015,3,0.3
2020-11-01,2020-11,9,Week 9,desktop,google,cpc,<Other>,United States,1015,3,0.3
2020-11-01,2020-11,10,Week 10,desktop,google,cpc,<Other>,United States,1015,3,0.3
2020-11-01,2020-11,8,Week 8,desktop,google,cpc,<Other>,United States,1015,4,0.39
2020-11-01,2020-11,9,Week 9,mobile,google,cpc,<Other>,United States,697,3,0.43
2020-11-01,2020-11,5,Week 5,desktop,google,cpc,<Other>,India,211,1,0.47
2020-11-01,2020-11,6,Week 6,desktop,google,cpc,<Other>,India,211,1,0.47
2020-11-01,2020-11,7,Week 7,desktop,google,cpc,<Other>,India,211,1,0.47
2020-11-01,2020-11,9,Week 9,desktop,google,cpc,<Other>,India,211,1,0.47
2020-11-01,2020-11,8,Week 8,mobile,google,cpc,<Other>,United States,697,4,0.57
2020-11-01,2020-11,5,Week 5,desktop,google,cpc,<Other>,Canada,171,1,0.58
2020-11-01,2020-11,3,Week 3,desktop,google,cpc,<Other>,Canada,171,1,0.58
2020-11-01,2020-11,11,Week 11,desktop,google,cpc,<Other>,Canada,171,1,0.58
2020-11-01,2020-11,6,Week 6,mobile,google,cpc,<Other>,India,168,1,0.6
2020-11-01,2020-11,5,Week 5,mobile,google,cpc,<Other>,India,168,1,0.6
2020-11-01,2020-11,10,Week 10,mobile,google,cpc,<Other>,India,168,1,0.6
2020-11-01,2020-11,9,Week 9,mobile,google,cpc,<Other>,India,168,1,0.6
2020-11-01,2020-11,5,Week 5,desktop,google,cpc,<Other>,United States,1015,8,0.79
2020-11-01,2020-11,3,Week 3,mobile,google,cpc,<Other>,Canada,113,1,0.88
2020-11-01,2020-11,3,Week 3,desktop,google,cpc,<Other>,India,211,2,0.95
2020-11-01,2020-11,10,Week 10,desktop,google,cpc,<Other>,Canada,171,2,1.17
2020-11-01,2020-11,6,Week 6,desktop,google,cpc,<Other>,Canada,171,2,1.17
2020-11-01,2020-11,2,Week 2,mobile,google,cpc,<Other>,India,168,2,1.19
2020-11-01,2020-11,3,Week 3,mobile,google,cpc,<Other>,India,168,2,1.19
2020-11-01,2020-11,5,Week 5,mobile,google,cpc,<Other>,United States,697,9,1.29
2020-11-01,2020-11,3,Week 3,desktop,google,cpc,<Other>,United Kingdom,69,1,1.45
2020-11-01,2020-11,2,Week 2,desktop,google,cpc,<Other>,United Kingdom,69,1,1.45
2020-11-01,2020-11,4,Week 4,desktop,google,cpc,<Other>,United States,1015,16,1.58
2020-11-01,2020-11,2,Week 2,mobile,google,cpc,<Other>,United States,697,11,1.58
2020-11-01,2020-11,4,Week 4,mobile,google,cpc,<Other>,United States,697,11,1.58
2020-11-01,2020-11,2,Week 2,desktop,google,cpc,<Other>,United States,1015,17,1.67
2020-11-01,2020-11,4,Week 4,desktop,google,cpc,<Other>,Canada,171,3,1.75
2020-11-01,2020-11,5,Week 5,mobile,google,cpc,<Other>,Canada,113,2,1.77
2020-11-01,2020-11,4,Week 4,mobile,google,cpc,<Other>,India,168,3,1.79
2020-11-01,2020-11,4,Week 4,desktop,google,cpc,<Other>,India,211,4,1.9
2020-11-01,2020-11,3,Week 3,desktop,google,cpc,<Other>,United States,1015,20,1.97
2020-11-01,2020-11,9,Week 9,desktop,google,cpc,<Other>,China,49,1,2.04
2020-11-01,2020-11,4,Week 4,desktop,google,cpc,<Other>,China,49,1,2.04
2020-11-01,2020-11,3,Week 3,desktop,google,cpc,<Other>,China,49,1,2.04
2020-11-01,2020-11,5,Week 5,desktop,google,cpc,<Other>,China,49,1,2.04
2020-11-01,2020-11,4,Week 4,mobile,google,cpc,<Other>,United Kingdom,48,1,2.08
2020-11-01,2020-11,5,Week 5,mobile,google,cpc,<Other>,United Kingdom,48,1,2.08
2020-11-01,2020-11,3,Week 3,mobile,google,cpc,<Other>,United Kingdom,48,1,2.08
2020-11-01,2020-11,3,Week 3,tablet,google,cpc,<Other>,United States,45,1,2.22
2020-11-01,2020-11,4,Week 4,tablet,google,cpc,<Other>,United States,45,1,2.22
2020-11-01,2020-11,2,Week 2,desktop,google,cpc,<Other>,Taiwan,43,1,2.33
2020-11-01,2020-11,2,Week 2,desktop,google,cpc,<Other>,Canada,171,4,2.34
2020-11-01,2020-11,2,Week 2,desktop,google,cpc,<Other>,India,211,5,2.37
2020-11-01,2020-11,1,Week 1,mobile,google,cpc,<Other>,India,168,4,2.38
2020-11-01,2020-11,4,Week 4,desktop,google,cpc,<Other>,Germany,41,1,2.44
2020-11-01,2020-11,3,Week 3,desktop,google,cpc,<Other>,Germany,41,1,2.44
2020-11-01,2020-11,3,Week 3,mobile,google,cpc,<Other>,United States,697,17,2.44
2020-11-01,2020-11,2,Week 2,mobile,google,cpc,<Other>,Canada,113,3,2.65
2020-11-01,2020-11,2,Week 2,desktop,google,cpc,<Other>,Spain,35,1,2.86
2020-11-01,2020-11,1,Week 1,desktop,google,cpc,<Other>,United Kingdom,69,2,2.9
2020-11-01,2020-11,4,Week 4,desktop,google,cpc,<Other>,United Kingdom,69,2,2.9
2020-11-01,2020-11,2,Week 2,mobile,google,cpc,<Other>,France,33,1,3.03
2020-11-01,2020-11,9,Week 9,desktop,google,cpc,<Other>,Japan,31,1,3.23
2020-11-01,2020-11,1,Week 1,mobile,google,cpc,<Other>,China,31,1,3.23
2020-11-01,2020-11,2,Week 2,mobile,google,cpc,<Other>,Taiwan,31,1,3.23
2020-11-01,2020-11,5,Week 5,mobile,google,cpc,<Other>,Taiwan,31,1,3.23
2020-11-01,2020-11,3,Week 3,desktop,google,cpc,<Other>,Japan,31,1,3.23
2020-11-01,2020-11,3,Week 3,desktop,google,cpc,<Other>,Netherlands,29,1,3.45
2020-11-01,2020-11,2,Week 2,desktop,google,cpc,<Other>,Netherlands,29,1,3.45
2020-11-01,2020-11,1,Week 1,desktop,google,cpc,<Other>,Canada,171,6,3.51
2020-11-01,2020-11,1,Week 1,desktop,google,cpc,<Other>,India,211,8,3.79
2020-11-01,2020-11,1,Week 1,desktop,google,cpc,<Other>,Italy,26,1,3.85
2020-11-01,2020-11,3,Week 3,mobile,google,cpc,<Other>,Germany,25,1,4.0
2020-11-01,2020-11,8,Week 8,mobile,google,cpc,<Other>,Germany,25,1,4.0
2020-11-01,2020-11,1,Week 1,mobile,google,cpc,<Other>,Germany,25,1,4.0
2020-11-01,2020-11,2,Week 2,desktop,google,cpc,<Other>,Poland,25,1,4.0
2020-11-01,2020-11,1,Week 1,mobile,google,cpc,<Other>,Spain,25,1,4.0
2020-11-01,2020-11,3,Week 3,mobile,google,cpc,<Other>,Spain,25,1,4.0
2020-11-01,2020-11,11,Week 11,desktop,google,cpc,<Other>,Poland,25,1,4.0
2020-11-01,2020-11,3,Week 3,desktop,google,cpc,<Other>,Singapore,25,1,4.0
2020-11-01,2020-11,6,Week 6,desktop,google,cpc,<Other>,Singapore,25,1,4.0
2020-11-01,2020-11,5,Week 5,desktop,google,cpc,<Other>,Mexico,25,1,4.0
2020-11-01,2020-11,4,Week 4,desktop,google,cpc,<Other>,Poland,25,1,4.0
2020-11-01,2020-11,8,Week 8,desktop,google,cpc,<Other>,Poland,25,1,4.0
2020-11-01,2020-11,1,Week 1,desktop,google,cpc,<Other>,Singapore,25,1,4.0
2020-11-01,2020-11,5,Week 5,desktop,google,cpc,<Other>,Poland,25,1,4.0
2020-11-01,2020-11,7,Week 7,desktop,google,cpc,<Other>,Mexico,25,1,4.0
2020-11-01,2020-11,6,Week 6,mobile,google,cpc,<Other>,Spain,25,1,4.0
2020-11-01,2020-11,1,Week 1,mobile,google,cpc,<Other>,Japan,24,1,4.17
2020-11-01,2020-11,6,Week 6,mobile,google,cpc,<Other>,Japan,24,1,4.17
2020-11-01,2020-11,2,Week 2,mobile,google,cpc,<Other>,United Kingdom,48,2,4.17
2020-11-01,2020-11,2,Week 2,mobile,google,cpc,<Other>,Japan,24,1,4.17
2020-11-01,2020-11,5,Week 5,mobile,google,cpc,<Other>,Japan,24,1,4.17
2020-11-01,2020-11,3,Week 3,mobile,google,cpc,<Other>,Japan,24,1,4.17
2020-11-01,2020-11,2,Week 2,desktop,google,cpc,<Other>,Brazil,23,1,4.35
2020-11-01,2020-11,4,Week 4,desktop,google,cpc,<Other>,Brazil,23,1,4.35
2020-11-01,2020-11,2,Week 2,tablet,google,cpc,<Other>,United States,45,2,4.44
2020-11-01,2020-11,1,Week 1,tablet,google,cpc,<Other>,United States,45,2,4.44
2020-11-01,2020-11,3,Week 3,desktop,google,cpc,<Other>,(not set),22,1,4.55
2020-11-01,2020-11,1,Week 1,mobile,google,cpc,<Other>,Indonesia,22,1,4.55
2020-11-01,2020-11,7,Week 7,desktop,google,cpc,<Other>,(not set),22,1,4.55
2020-11-01,2020-11,2,Week 2,mobile,google,cpc,<Other>,Italy,22,1,4.55
2020-11-01,2020-11,1,Week 1,desktop,google,cpc,<Other>,(not set),22,1,4.55
2020-11-01,2020-11,3,Week 3,mobile,google,cpc,<Other>,Italy,22,1,4.55
2020-11-01,2020-11,2,Week 2,desktop,google,cpc,<Other>,(not set),22,1,4.55
2020-11-01,2020-11,1,Week 1,desktop,google,cpc,<Other>,Taiwan,43,2,4.65
2020-11-01,2020-11,2,Week 2,desktop,google,cpc,<Other>,Sweden,21,1,4.76
2020-11-01,2020-11,1,Week 1,desktop,google,cpc,<Other>,Sweden,21,1,4.76
2020-11-01,2020-11,1,Week 1,desktop,google,cpc,<Other>,Germany,41,2,4.88
2020-11-01,2020-11,1,Week 1,mobile,google,cpc,<Other>,United States,697,35,5.02
2020-11-01,2020-11,8,Week 8,mobile,google,cpc,<Other>,South Korea,19,1,5.26
2020-11-01,2020-11,5,Week 5,desktop,google,cpc,<Other>,Malaysia,19,1,5.26
2020-11-01,2020-11,3,Week 3,desktop,google,cpc,<Other>,Malaysia,19,1,5.26
2020-11-01,2020-11,8,Week 8,desktop,google,cpc,<Other>,Malaysia,19,1,5.26
2020-11-01,2020-11,2,Week 2,mobile,google,cpc,<Other>,South Korea,19,1,5.26
2020-11-01,2020-11,7,Week 7,mobile,google,cpc,<Other>,South Korea,19,1,5.26
2020-11-01,2020-11,2,Week 2,desktop,google,cpc,<Other>,France,55,3,5.45
2020-11-01,2020-11,1,Week 1,mobile,google,cpc,<Other>,Mexico,18,1,5.56
2020-11-01,2020-11,2,Week 2,mobile,google,cpc,<Other>,Mexico,18,1,5.56
2020-11-01,2020-11,1,Week 1,mobile,google,cpc,<Other>,Canada,113,7,6.19
2020-11-01,2020-11,4,Week 4,desktop,google,cpc,<Other>,Vietnam,16,1,6.25
2020-11-01,2020-11,2,Week 2,desktop,google,cpc,<Other>,Colombia,16,1,6.25
2020-11-01,2020-11,1,Week 1,desktop,google,cpc,<Other>,Vietnam,16,1,6.25
2020-11-01,2020-11,2,Week 2,desktop,google,cpc,<Other>,Japan,31,2,6.45
2020-11-01,2020-11,1,Week 1,desktop,google,cpc,<Other>,United States,1015,66,6.5
2020-11-01,2020-11,1,Week 1,desktop,google,cpc,<Other>,Netherlands,29,2,6.9
2020-11-01,2020-11,1,Week 1,mobile,google,cpc,<Other>,Poland,14,1,7.14
2020-11-01,2020-11,4,Week 4,mobile,google,cpc,<Other>,Poland,14,1,7.14
2020-11-01,2020-11,2,Week 2,desktop,google,cpc,<Other>,Peru,14,1,7.14
2020-11-01,2020-11,5,Week 5,desktop,google,cpc,<Other>,Peru,14,1,7.14
2020-11-01,2020-11,4,Week 4,desktop,google,cpc,<Other>,Thailand,14,1,7.14
2020-11-01,2020-11,4,Week 4,desktop,google,cpc,<Other>,Peru,14,1,7.14
2020-11-01,2020-11,6,Week 6,desktop,google,cpc,<Other>,Peru,14,1,7.14
2020-11-01,2020-11,1,Week 1,desktop,google,cpc,<Other>,Australia,27,2,7.41
2020-11-01,2020-11,3,Week 3,desktop,google,cpc,<Other>,Ukraine,13,1,7.69
2020-11-01,2020-11,4,Week 4,desktop,google,cpc,<Other>,Ukraine,13,1,7.69
2020-11-01,2020-11,5,Week 5,desktop,google,cpc,<Other>,Ukraine,13,1,7.69
2020-11-01,2020-11,2,Week 2,desktop,google,cpc,<Other>,Ukraine,13,1,7.69
2020-11-01,2020-11,1,Week 1,tablet,google,cpc,<Other>,India,13,1,7.69
2020-11-01,2020-11,3,Week 3,desktop,google,cpc,<Other>,Ireland,13,1,7.69
2020-11-01,2020-11,4,Week 4,desktop,google,cpc,<Other>,Mexico,25,2,8.0
2020-11-01,2020-11,1,Week 1,desktop,google,cpc,<Other>,Mexico,25,2,8.0
2020-11-01,2020-11,3,Week 3,desktop,google,cpc,<Other>,Mexico,25,2,8.0
2020-11-01,2020-11,4,Week 4,desktop,google,cpc,<Other>,Singapore,25,2,8.0
2020-11-01,2020-11,1,Week 1,mobile,google,cpc,<Other>,United Kingdom,48,4,8.33
2020-11-01,2020-11,1,Week 1,desktop,google,cpc,<Other>,Philippines,12,1,8.33
2020-11-01,2020-11,1,Week 1,desktop,google,cpc,<Other>,Spain,35,3,8.57
2020-11-01,2020-11,1,Week 1,desktop,google,cpc,<Other>,Brazil,23,2,8.7
2020-11-01,2020-11,1,Week 1,mobile,google,cpc,<Other>,France,33,3,9.09
2020-11-01,2020-11,1,Week 1,mobile,google,cpc,<Other>,Hong Kong,11,1,9.09
2020-11-01,2020-11,5,Week 5,mobile,google,cpc,<Other>,Hong Kong,11,1,9.09
2020-11-01,2020-11,4,Week 4,mobile,google,cpc,<Other>,Hong Kong,11,1,9.09
2020-11-01,2020-11,5,Week 5,mobile,google,cpc,<Other>,Singapore,11,1,9.09
2020-11-01,2020-11,3,Week 3,desktop,google,cpc,<Other>,Sweden,21,2,9.52
2020-11-01,2020-11,1,Week 1,mobile,google,cpc,<Other>,Taiwan,31,3,9.68
2020-11-01,2020-11,1,Week 1,mobile,google,cpc,<Other>,Thailand,10,1,10.0
2020-11-01,2020-11,2,Week 2,mobile,google,cpc,<Other>,Colombia,10,1,10.0
2020-11-01,2020-11,3,Week 3,mobile,google,cpc,<Other>,Thailand,10,1,10.0
2020-11-01,2020-11,1,Week 1,desktop,google,cpc,<Other>,Malaysia,19,2,10.53
2020-11-01,2020-11,2,Week 2,desktop,google,cpc,<Other>,Malaysia,19,2,10.53
2020-11-01,2020-11,6,Week 6,desktop,google,cpc,<Other>,Malaysia,19,2,10.53
2020-11-01,2020-11,1,Week 1,mobile,google,cpc,<Other>,Greece,9,1,11.11
2020-11-01,2020-11,2,Week 2,desktop,google,cpc,<Other>,Denmark,9,1,11.11
2020-11-01,2020-11,5,Week 5,mobile,google,cpc,<Other>,Greece,9,1,11.11
2020-11-01,2020-11,2,Week 2,mobile,google,cpc,<Other>,Greece,9,1,11.11
2020-11-01,2020-11,2,Week 2,mobile,google,cpc,<Other>,(not set),9,1,11.11
2020-11-01,2020-11,3,Week 3,desktop,google,cpc,<Other>,Denmark,9,1,11.11
2020-11-01,2020-11,1,Week 1,mobile,google,cpc,<Other>,Russia,8,1,12.5
2020-11-01,2020-11,1,Week 1,desktop,google,cpc,<Other>,Indonesia,16,2,12.5
2020-11-01,2020-11,1,Week 1,desktop,google,cpc,<Other>,Thailand,14,2,14.29
2020-11-01,2020-11,1,Week 1,desktop,google,cpc,<Other>,Peru,14,2,14.29
2020-11-01,2020-11,1,Week 1,desktop,google,cpc,<Other>,Ireland,13,2,15.38
2020-11-01,2020-11,1,Week 1,desktop,google,cpc,<Other>,Switzerland,13,2,15.38
2020-11-01,2020-11,1,Week 1,mobile,google,cpc,<Other>,South Korea,19,3,15.79
2020-11-01,2020-11,1,Week 1,desktop,google,cpc,<Other>,Japan,31,5,16.13
2020-11-01,2020-11,2,Week 2,mobile,google,cpc,<Other>,Austria,6,1,16.67
2020-11-01,2020-11,1,Week 1,mobile,google,cpc,<Other>,Austria,6,1,16.67
2020-11-01,2020-11,3,Week 3,desktop,google,cpc,<Other>,Finland,6,1,16.67
2020-11-01,2020-11,2,Week 2,desktop,google,cpc,<Other>,Finland,6,1,16.67
2020-11-01,2020-11,4,Week 4,mobile,google,cpc,<Other>,Ukraine,6,1,16.67
2020-11-01,2020-11,1,Week 1,mobile,google,cpc,<Other>,Romania,6,1,16.67
2020-11-01,2020-11,1,Week 1,desktop,google,cpc,<Other>,Hungary,6,1,16.67
2020-11-01,2020-11,2,Week 2,mobile,google,cpc,<Other>,Hong Kong,11,2,18.18
2020-11-01,2020-11,1,Week 1,desktop,google,cpc,<Other>,Saudi Arabia,5,1,20.0
2020-11-01,2020-11,9,Week 9,desktop,google,cpc,<Other>,Saudi Arabia,5,1,20.0
2020-11-01,2020-11,6,Week 6,desktop,google,cpc,<Other>,Bangladesh,5,1,20.0
2020-11-01,2020-11,5,Week 5,desktop,google,cpc,<Other>,Saudi Arabia,5,1,20.0
2020-11-01,2020-11,2,Week 2,mobile,google,cpc,<Other>,Thailand,10,2,20.0
2020-11-01,2020-11,4,Week 4,mobile,google,cpc,<Other>,Peru,5,1,20.0
2020-11-01,2020-11,2,Week 2,mobile,google,cpc,<Other>,Malaysia,5,1,20.0
2020-11-01,2020-11,1,Week 1,mobile,google,cpc,<Other>,Malaysia,5,1,20.0
2020-11-01,2020-11,1,Week 1,mobile,google,cpc,<Other>,Sweden,17,4,23.53
2020-11-01,2020-11,2,Week 2,tablet,google,cpc,<Other>,Canada,4,1,25.0
2020-11-01,2020-11,2,Week 2,mobile,google,cpc,<Other>,Hungary,4,1,25.0
2020-11-01,2020-11,1,Week 1,desktop,google,cpc,<Other>,Chile,4,1,25.0
2020-11-01,2020-11,3,Week 3,tablet,google,cpc,<Other>,Canada,4,1,25.0
2020-11-01,2020-11,9,Week 9,desktop,google,cpc,<Other>,Chile,4,1,25.0
2020-11-01,2020-11,1,Week 1,mobile,google,cpc,<Other>,Czechia,4,1,25.0
2020-11-01,2020-11,1,Week 1,desktop,google,cpc,<Other>,Nigeria,3,1,33.33
2020-11-01,2020-11,1,Week 1,mobile,google,cpc,<Other>,Norway,3,1,33.33
2020-11-01,2020-11,3,Week 3,desktop,google,cpc,<Other>,Bahamas,3,1,33.33
2020-11-01,2020-11,7,Week 7,mobile,google,cpc,<Other>,Ecuador,2,1,50.0
2020-11-01,2020-11,1,Week 1,mobile,google,cpc,<Other>,Lebanon,2,1,50.0
2020-11-01,2020-11,6,Week 6,tablet,google,cpc,<Other>,Singapore,2,1,50.0
2020-11-01,2020-11,5,Week 5,desktop,google,cpc,<Other>,Bahrain,2,1,50.0
2020-11-01,2020-11,3,Week 3,tablet,google,cpc,<Other>,France,2,1,50.0
2020-11-01,2020-11,9,Week 9,tablet,google,cpc,<Other>,Singapore,2,1,50.0
2020-11-01,2020-11,6,Week 6,mobile,google,cpc,<Other>,Ecuador,2,1,50.0
2020-11-01,2020-11,4,Week 4,tablet,google,cpc,<Other>,Singapore,2,1,50.0
2020-11-01,2020-11,1,Week 1,desktop,google,cpc,<Other>,Bahrain,2,1,50.0
2020-11-01,2020-11,1,Week 1,desktop,google,cpc,<Other>,Morocco,2,1,50.0
2020-11-01,2020-11,1,Week 1,tablet,google,cpc,<Other>,Singapore,2,1,50.0
2020-11-01,2020-11,2,Week 2,tablet,google,cpc,<Other>,France,2,1,50.0
2020-11-01,2020-11,1,Week 1,tablet,google,cpc,<Other>,France,2,1,50.0
2020-11-01,2020-11,3,Week 3,mobile,google,cpc,<Other>,Jamaica,2,1,50.0
2020-11-01,2020-11,3,Week 3,mobile,google,cpc,<Other>,Azerbaijan,2,1,50.0
2020-11-01,2020-11,1,Week 1,mobile,google,cpc,<Other>,Bulgaria,3,2,66.67
2020-11-01,2020-11,0,Week 0,mobile,google,cpc,<Other>,Costa Rica,1,1,100.0
2020-11-01,2020-11,0,Week 0,desktop,google,cpc,<Other>,Kazakhstan,2,2,100.0
2020-11-01,2020-11,0,Week 0,desktop,google,cpc,<Other>,Turkey,17,17,100.0
2020-11-01,2020-11,0,Week 0,desktop,google,cpc,<Other>,Japan,31,31,100.0
2020-11-01,2020-11,0,Week 0,mobile,google,cpc,<Other>,South Africa,1,1,100.0
2020-11-01,2020-11,2,Week 2,mobile,google,cpc,<Other>,Macao,1,1,100.0
2020-11-01,2020-11,0,Week 0,desktop,google,cpc,<Other>,Bolivia,1,1,100.0
2020-11-01,2020-11,0,Week 0,mobile,google,cpc,<Other>,Kenya,1,1,100.0
2020-11-01,2020-11,0,Week 0,desktop,google,cpc,<Other>,Lithuania,2,2,100.0
2020-11-01,2020-11,0,Week 0,desktop,google,cpc,<Other>,United States,1015,1015,100.0
2020-11-01,2020-11,0,Week 0,desktop,google,cpc,<Other>,Argentina,3,3,100.0
2020-11-01,2020-11,0,Week 0,mobile,google,cpc,<Other>,Taiwan,31,31,100.0
2020-11-01,2020-11,0,Week 0,desktop,google,cpc,<Other>,Qatar,1,1,100.0
2020-11-01,2020-11,0,Week 0,tablet,google,cpc,<Other>,United Kingdom,5,5,100.0
2020-11-01,2020-11,0,Week 0,tablet,google,cpc,<Other>,United States,45,45,100.0
2020-11-01,2020-11,0,Week 0,mobile,google,cpc,<Other>,Latvia,2,2,100.0
2020-11-01,2020-11,0,Week 0,mobile,google,cpc,<Other>,Chile,4,4,100.0
2020-11-01,2020-11,5,Week 5,desktop,google,cpc,<Other>,North Macedonia,1,1,100.0
2020-11-01,2020-11,0,Week 0,desktop,google,cpc,<Other>,Bosnia & Herzegovina,2,2,100.0
2020-11-01,2020-11,0,Week 0,desktop,google,cpc,<Other>,Austria,8,8,100.0
2020-11-01,2020-11,0,Week 0,desktop,google,cpc,<Other>,Bahamas,3,3,100.0
2020-11-01,2020-11,0,Week 0,desktop,google,cpc,<Other>,Chile,4,4,100.0
2020-11-01,2020-11,0,Week 0,mobile,google,cpc,<Other>,Jamaica,2,2,100.0
2020-11-01,2020-11,0,Week 0,desktop,google,cpc,<Other>,Philippines,12,12,100.0
2020-11-01,2020-11,0,Week 0,desktop,google,cpc,<Other>,India,211,211,100.0
2020-11-01,2020-11,0,Week 0,desktop,google,cpc,<Other>,Ireland,13,13,100.0
2020-11-01,2020-11,0,Week 0,desktop,google,cpc,<Other>,Australia,27,27,100.0
2020-11-01,2020-11,0,Week 0,mobile,google,cpc,<Other>,Morocco,4,4,100.0
2020-11-01,2020-11,0,Week 0,mobile,google,cpc,<Other>,(not set),9,9,100.0
2020-11-01,2020-11,0,Week 0,desktop,google,cpc,<Other>,Cyprus,1,1,100.0
2020-11-01,2020-11,0,Week 0,tablet,google,cpc,<Other>,South Korea,2,2,100.0
2020-11-01,2020-11,0,Week 0,desktop,google,cpc,<Other>,Switzerland,13,13,100.0
2020-11-01,2020-11,0,Week 0,mobile,google,cpc,<Other>,Poland,14,14,100.0
2020-11-01,2020-11,1,Week 1,mobile,google,cpc,<Other>,Lithuania,1,1,100.0
2020-11-01,2020-11,0,Week 0,mobile,google,cpc,<Other>,Macao,1,1,100.0
2020-11-01,2020-11,0,Week 0,desktop,google,cpc,<Other>,Germany,41,41,100.0
2020-11-01,2020-11,0,Week 0,mobile,google,cpc,<Other>,Ghana,1,1,100.0
2020-11-01,2020-11,0,Week 0,mobile,google,cpc,<Other>,Cambodia,1,1,100.0
2020-11-01,2020-11,6,Week 6,desktop,google,cpc,<Other>,North Macedonia,1,1,100.0
2020-11-01,2020-11,4,Week 4,desktop,google,cpc,<Other>,North Macedonia,1,1,100.0
2020-11-01,2020-11,0,Week 0,desktop,google,cpc,<Other>,Latvia,3,3,100.0
2020-11-01,2020-11,0,Week 0,desktop,google,cpc,<Other>,Belarus,3,3,100.0
2020-11-01,2020-11,0,Week 0,mobile,google,cpc,<Other>,Belgium,5,5,100.0
2020-11-01,2020-11,0,Week 0,mobile,google,cpc,<Other>,Germany,25,25,100.0
2020-11-01,2020-11,0,Week 0,mobile,google,cpc,<Other>,Malaysia,5,5,100.0
2020-11-01,2020-11,0,Week 0,mobile,google,cpc,<Other>,United States,697,697,100.0
2020-11-01,2020-11,0,Week 0,mobile,google,cpc,<Other>,Slovakia,1,1,100.0
2020-11-01,2020-11,0,Week 0,mobile,google,cpc,<Other>,Kuwait,1,1,100.0
2020-11-01,2020-11,0,Week 0,desktop,google,cpc,<Other>,Bangladesh,5,5,100.0
2020-11-01,2020-11,0,Week 0,desktop,google,cpc,<Other>,Poland,25,25,100.0
2020-11-01,2020-11,0,Week 0,tablet,google,cpc,<Other>,Italy,1,1,100.0
2020-11-01,2020-11,0,Week 0,tablet,google,cpc,<Other>,Hong Kong,1,1,100.0
2020-11-01,2020-11,0,Week 0,desktop,google,cpc,<Other>,Uruguay,1,1,100.0
2020-11-01,2020-11,0,Week 0,mobile,google,cpc,<Other>,Greece,9,9,100.0
2020-11-01,2020-11,0,Week 0,mobile,google,cpc,<Other>,Thailand,10,10,100.0
2020-11-01,2020-11,0,Week 0,mobile,google,cpc,<Other>,Netherlands,18,18,100.0
2020-11-01,2020-11,0,Week 0,mobile,google,cpc,<Other>,Nepal,2,2,100.0
2020-11-01,2020-11,0,Week 0,desktop,google,cpc,<Other>,Morocco,2,2,100.0
2020-11-01,2020-11,0,Week 0,desktop,google,cpc,<Other>,Finland,6,6,100.0
2020-11-01,2020-11,0,Week 0,desktop,google,cpc,<Other>,Egypt,7,7,100.0
2020-11-01,2020-11,0,Week 0,desktop,google,cpc,<Other>,Thailand,14,14,100.0
2020-11-01,2020-11,0,Week 0,desktop,google,cpc,<Other>,Taiwan,43,43,100.0
2020-11-01,2020-11,0,Week 0,desktop,google,cpc,<Other>,Bulgaria,1,1,100.0
2020-11-01,2020-11,0,Week 0,mobile,google,cpc,<Other>,Austria,6,6,100.0
2020-11-01,2020-11,0,Week 0,desktop,google,cpc,<Other>,Belgium,7,7,100.0
2020-11-01,2020-11,2,Week 2,desktop,google,cpc,<Other>,Dominican Republic,1,1,100.0
2020-11-01,2020-11,0,Week 0,desktop,google,cpc,<Other>,Vietnam,16,16,100.0
2020-11-01,2020-11,0,Week 0,mobile,google,cpc,<Other>,Japan,24,24,100.0
2020-11-01,2020-11,0,Week 0,desktop,google,cpc,<Other>,Dominican Republic,1,1,100.0
2020-11-01,2020-11,4,Week 4,mobile,google,cpc,<Other>,Trinidad & Tobago,1,1,100.0
2020-11-01,2020-11,3,Week 3,mobile,google,cpc,<Other>,Puerto Rico,1,1,100.0
2020-11-01,2020-11,0,Week 0,desktop,google,cpc,<Other>,South Korea,26,26,100.0
2020-11-01,2020-11,2,Week 2,desktop,google,cpc,<Other>,Kuwait,1,1,100.0
2020-11-01,2020-11,0,Week 0,desktop,google,cpc,<Other>,New Zealand,3,3,100.0
2020-11-01,2020-11,0,Week 0,mobile,google,cpc,<Other>,Georgia,1,1,100.0
2020-11-01,2020-11,0,Week 0,mobile,google,cpc,<Other>,Philippines,6,6,100.0
2020-11-01,2020-11,3,Week 3,desktop,google,cpc,<Other>,Dominican Republic,1,1,100.0
2020-11-01,2020-11,0,Week 0,desktop,google,cpc,<Other>,Canada,171,171,100.0
2020-11-01,2020-11,0,Week 0,tablet,google,cpc,<Other>,Thailand,1,1,100.0
2020-11-01,2020-11,0,Week 0,mobile,google,cpc,<Other>,Hungary,4,4,100.0
2020-11-01,2020-11,0,Week 0,desktop,google,cpc,<Other>,Denmark,9,9,100.0
2020-11-01,2020-11,0,Week 0,tablet,google,cpc,<Other>,Switzerland,1,1,100.0
2020-11-01,2020-11,0,Week 0,desktop,google,cpc,<Other>,Jordan,1,1,100.0
2020-11-01,2020-11,0,Week 0,mobile,google,cpc,<Other>,Colombia,10,10,100.0
2020-11-01,2020-11,0,Week 0,tablet,google,cpc,<Other>,Israel,1,1,100.0
2020-11-01,2020-11,0,Week 0,mobile,google,cpc,<Other>,Brazil,18,18,100.0
2020-11-01,2020-11,0,Week 0,tablet,google,cpc,<Other>,Canada,4,4,100.0
2020-11-01,2020-11,0,Week 0,tablet,google,cpc,<Other>,Australia,1,1,100.0
2020-11-01,2020-11,0,Week 0,desktop,google,cpc,<Other>,Slovakia,4,4,100.0
2020-11-01,2020-11,0,Week 0,desktop,google,cpc,<Other>,Hungary,6,6,100.0
2020-11-01,2020-11,0,Week 0,tablet,google,cpc,<Other>,Germany,1,1,100.0
2020-11-01,2020-11,0,Week 0,mobile,google,cpc,<Other>,Azerbaijan,2,2,100.0
2020-11-01,2020-11,0,Week 0,desktop,google,cpc,<Other>,Singapore,25,25,100.0
2020-11-01,2020-11,0,Week 0,mobile,google,cpc,<Other>,Portugal,9,9,100.0
2020-11-01,2020-11,0,Week 0,desktop,google,cpc,<Other>,Hong Kong,16,16,100.0
2020-11-01,2020-11,0,Week 0,desktop,google,cpc,<Other>,United Kingdom,69,69,100.0
2020-11-01,2020-11,0,Week 0,mobile,google,cpc,<Other>,Spain,25,25,100.0
2020-11-01,2020-11,0,Week 0,tablet,google,cpc,<Other>,Singapore,2,2,100.0
2020-11-01,2020-11,0,Week 0,mobile,google,cpc,<Other>,Bulgaria,3,3,100.0
2020-11-01,2020-11,0,Week 0,mobile,google,cpc,<Other>,Vietnam,6,6,100.0
2020-11-01,2020-11,0,Week 0,desktop,google,cpc,<Other>,Malaysia,19,19,100.0
2020-11-01,2020-11,0,Week 0,mobile,google,cpc,<Other>,Croatia,1,1,100.0
2020-11-01,2020-11,0,Week 0,mobile,google,cpc,<Other>,Saudi Arabia,3,3,100.0
2020-11-01,2020-11,0,Week 0,mobile,google,cpc,<Other>,United Arab Emirates,3,3,100.0
2020-11-01,2020-11,0,Week 0,mobile,google,cpc,<Other>,Argentina,4,4,100.0
2020-11-01,2020-11,0,Week 0,mobile,google,cpc,<Other>,Malta,1,1,100.0
2020-11-01,2020-11,0,Week 0,mobile,google,cpc,<Other>,Ecuador,2,2,100.0
2020-11-01,2020-11,0,Week 0,mobile,google,cpc,<Other>,Ireland,11,11,100.0
2020-11-01,2020-11,0,Week 0,desktop,google,cpc,<Other>,Colombia,16,16,100.0
2020-11-01,2020-11,9,Week 9,mobile,google,cpc,<Other>,Puerto Rico,1,1,100.0
2020-11-01,2020-11,0,Week 0,desktop,google,cpc,<Other>,Spain,35,35,100.0
2020-11-01,2020-11,0,Week 0,mobile,google,cpc,<Other>,Lithuania,1,1,100.0
2020-11-01,2020-11,0,Week 0,desktop,google,cpc,<Other>,Russia,14,14,100.0
2020-11-01,2020-11,0,Week 0,mobile,google,cpc,<Other>,Italy,22,22,100.0
2020-11-01,2020-11,0,Week 0,mobile,google,cpc,<Other>,Indonesia,22,22,100.0
2020-11-01,2020-11,0,Week 0,desktop,google,cpc,<Other>,Brazil,23,23,100.0
2020-11-01,2020-11,0,Week 0,tablet,google,cpc,<Other>,France,2,2,100.0
2020-11-01,2020-11,0,Week 0,desktop,google,cpc,<Other>,Ukraine,13,13,100.0
2020-11-01,2020-11,0,Week 0,mobile,google,cpc,<Other>,Canada,113,113,100.0
2020-11-01,2020-11,0,Week 0,mobile,google,cpc,<Other>,New Zealand,1,1,100.0
2020-11-01,2020-11,0,Week 0,mobile,google,cpc,<Other>,Egypt,1,1,100.0
2020-11-01,2020-11,0,Week 0,mobile,google,cpc,<Other>,Puerto Rico,1,1,100.0
2020-11-01,2020-11,0,Week 0,mobile,google,cpc,<Other>,Norway,3,3,100.0
2020-11-01,2020-11,0,Week 0,desktop,google,cpc,<Other>,Romania,7,7,100.0
2020-11-01,2020-11,0,Week 0,tablet,google,cpc,<Other>,Vietnam,1,1,100.0
2020-11-01,2020-11,0,Week 0,desktop,google,cpc,<Other>,Albania,1,1,100.0
2020-11-01,2020-11,0,Week 0,desktop,google,cpc,<Other>,Bahrain,2,2,100.0
2020-11-01,2020-11,0,Week 0,desktop,google,cpc,<Other>,Israel,7,7,100.0
2020-11-01,2020-11,0,Week 0,mobile,google,cpc,<Other>,Serbia,2,2,100.0
2020-11-01,2020-11,0,Week 0,desktop,google,cpc,<Other>,Saudi Arabia,5,5,100.0
2020-11-01,2020-11,0,Week 0,desktop,google,cpc,<Other>,South Africa,1,1,100.0
2020-11-01,2020-11,3,Week 3,desktop,google,cpc,<Other>,North Macedonia,1,1,100.0
2020-11-01,2020-11,0,Week 0,desktop,google,cpc,<Other>,Panama,1,1,100.0
2020-11-01,2020-11,0,Week 0,desktop,google,cpc,<Other>,Slovenia,2,2,100.0
2020-11-01,2020-11,0,Week 0,mobile,google,cpc,<Other>,South Korea,19,19,100.0
2020-11-01,2020-11,0,Week 0,mobile,google,cpc,<Other>,Trinidad & Tobago,1,1,100.0
2020-11-01,2020-11,0,Week 0,mobile,google,cpc,<Other>,Venezuela,1,1,100.0
2020-11-01,2020-11,0,Week 0,desktop,google,cpc,<Other>,China,49,49,100.0
2020-11-01,2020-11,0,Week 0,desktop,google,cpc,<Other>,Honduras,1,1,100.0
2020-11-01,2020-11,0,Week 0,desktop,google,cpc,<Other>,Jamaica,2,2,100.0
2020-11-01,2020-11,0,Week 0,mobile,google,cpc,<Other>,Pakistan,7,7,100.0
2020-11-01,2020-11,0,Week 0,mobile,google,cpc,<Other>,Sweden,17,17,100.0
2020-11-01,2020-11,0,Week 0,mobile,google,cpc,<Other>,Palestine,1,1,100.0
2020-11-01,2020-11,0,Week 0,mobile,google,cpc,<Other>,Denmark,3,3,100.0
2020-11-01,2020-11,0,Week 0,desktop,google,cpc,<Other>,Sweden,21,21,100.0
2020-11-01,2020-11,0,Week 0,tablet,google,cpc,<Other>,Taiwan,1,1,100.0
2020-11-01,2020-11,0,Week 0,desktop,google,cpc,<Other>,Sri Lanka,2,2,100.0
2020-11-01,2020-11,0,Week 0,mobile,google,cpc,<Other>,Kazakhstan,2,2,100.0
2020-11-01,2020-11,0,Week 0,tablet,google,cpc,<Other>,Morocco,1,1,100.0
2020-11-01,2020-11,0,Week 0,mobile,google,cpc,<Other>,China,31,31,100.0
2020-11-01,2020-11,0,Week 0,desktop,google,cpc,<Other>,Czechia,2,2,100.0
2020-11-01,2020-11,1,Week 1,mobile,google,cpc,<Other>,Macao,1,1,100.0
2020-11-01,2020-11,0,Week 0,mobile,google,cpc,<Other>,Myanmar (Burma),1,1,100.0
2020-11-01,2020-11,0,Week 0,tablet,google,cpc,<Other>,India,13,13,100.0
2020-11-01,2020-11,0,Week 0,mobile,google,cpc,<Other>,Bangladesh,1,1,100.0
2020-11-01,2020-11,0,Week 0,desktop,google,cpc,<Other>,Mongolia,2,2,100.0
2020-11-01,2020-11,0,Week 0,mobile,google,cpc,<Other>,Finland,2,2,100.0
2020-11-01,2020-11,0,Week 0,mobile,google,cpc,<Other>,Jordan,3,3,100.0
2020-11-01,2020-11,0,Week 0,mobile,google,cpc,<Other>,Hong Kong,11,11,100.0
2020-11-01,2020-11,0,Week 0,desktop,google,cpc,<Other>,North Macedonia,1,1,100.0
2020-11-01,2020-11,2,Week 2,desktop,google,cpc,<Other>,Honduras,1,1,100.0
2020-11-01,2020-11,0,Week 0,desktop,google,cpc,<Other>,Norway,2,2,100.0
2020-11-01,2020-11,0,Week 0,desktop,google,cpc,<Other>,Nigeria,3,3,100.0
2020-11-01,2020-11,0,Week 0,mobile,google,cpc,<Other>,Czechia,4,4,100.0
2020-11-01,2020-11,0,Week 0,mobile,google,cpc,<Other>,Dominican Republic,1,1,100.0
2020-11-01,2020-11,0,Week 0,desktop,google,cpc,<Other>,Ghana,1,1,100.0
2020-11-01,2020-11,0,Week 0,mobile,google,cpc,<Other>,Estonia,1,1,100.0
2020-11-01,2020-11,0,Week 0,desktop,google,cpc,<Other>,Guatemala,1,1,100.0
2020-11-01,2020-11,0,Week 0,mobile,google,cpc,<Other>,Peru,5,5,100.0
2020-11-01,2020-11,0,Week 0,desktop,google,cpc,<Other>,Azerbaijan,1,1,100.0
2020-11-01,2020-11,0,Week 0,mobile,google,cpc,<Other>,Tunisia,1,1,100.0
2020-11-01,2020-11,0,Week 0,tablet,google,cpc,<Other>,Sri Lanka,1,1,100.0
2020-11-01,2020-11,0,Week 0,tablet,google,cpc,<Other>,Poland,2,2,100.0
2020-11-01,2020-11,0,Week 0,desktop,google,cpc,<Other>,Algeria,4,4,100.0
2020-11-01,2020-11,0,Week 0,desktop,google,cpc,<Other>,France,55,55,100.0
2020-11-01,2020-11,1,Week 1,desktop,google,cpc,<Other>,Dominican Republic,1,1,100.0
2020-11-01,2020-11,0,Week 0,desktop,google,cpc,<Other>,United Arab Emirates,6,6,100.0
2020-11-01,2020-11,0,Week 0,desktop,google,cpc,<Other>,Mexico,25,25,100.0
2020-11-01,2020-11,0,Week 0,mobile,google,cpc,<Other>,Lebanon,2,2,100.0
2020-11-01,2020-11,0,Week 0,mobile,google,cpc,<Other>,France,33,33,100.0
2020-11-01,2020-11,0,Week 0,mobile,google,cpc,<Other>,Qatar,2,2,100.0
2020-11-01,2020-11,0,Week 0,mobile,google,cpc,<Other>,Albania,2,2,100.0
2020-11-01,2020-11,0,Week 0,tablet,google,cpc,<Other>,Ireland,1,1,100.0
2020-11-01,2020-11,0,Week 0,tablet,google,cpc,<Other>,Bangladesh,1,1,100.0
2020-11-01,2020-11,0,Week 0,desktop,google,cpc,<Other>,Portugal,4,4,100.0
2020-11-01,2020-11,0,Week 0,mobile,google,cpc,<Other>,Turkey,19,19,100.0
2020-11-01,2020-11,0,Week 0,tablet,google,cpc,<Other>,Finland,1,1,100.0
2020-11-01,2020-11,0,Week 0,desktop,google,cpc,<Other>,Estonia,3,3,100.0
2020-11-01,2020-11,0,Week 0,desktop,google,cpc,<Other>,Greece,9,9,100.0
2020-11-01,2020-11,0,Week 0,desktop,google,cpc,<Other>,Italy,26,26,100.0
2020-11-01,2020-11,1,Week 1,desktop,google,cpc,<Other>,North Macedonia,1,1,100.0
2020-11-01,2020-11,0,Week 0,desktop,google,cpc,<Other>,Netherlands,29,29,100.0
2020-11-01,2020-11,0,Week 0,mobile,google,cpc,<Other>,Mexico,18,18,100.0
2020-11-01,2020-11,0,Week 0,mobile,google,cpc,<Other>,Oman,2,2,100.0
2020-11-01,2020-11,0,Week 0,mobile,google,cpc,<Other>,United Kingdom,48,48,100.0
2020-11-01,2020-11,0,Week 0,mobile,google,cpc,<Other>,Uruguay,2,2,100.0
2020-11-01,2020-11,0,Week 0,mobile,google,cpc,<Other>,Singapore,11,11,100.0
2020-11-01,2020-11,0,Week 0,mobile,google,cpc,<Other>,Australia,11,11,100.0
2020-11-01,2020-11,0,Week 0,desktop,google,cpc,<Other>,Serbia,1,1,100.0
2020-11-01,2020-11,0,Week 0,desktop,google,cpc,<Other>,Kuwait,1,1,100.0
2020-11-01,2020-11,0,Week 0,desktop,google,cpc,<Other>,Ecuador,3,3,100.0
2020-11-01,2020-11,0,Week 0,desktop,google,cpc,<Other>,Iraq,3,3,100.0
2020-11-01,2020-11,0,Week 0,tablet,google,cpc,<Other>,Spain,1,1,100.0
2020-11-01,2020-11,0,Week 0,desktop,google,cpc,<Other>,Pakistan,4,4,100.0
2020-11-01,2020-11,0,Week 0,mobile,google,cpc,<Other>,Switzerland,8,8,100.0
2020-11-01,2020-11,0,Week 0,mobile,google,cpc,<Other>,Romania,6,6,100.0
2020-11-01,2020-11,0,Week 0,mobile,google,cpc,<Other>,Israel,7,7,100.0
2020-11-01,2020-11,0,Week 0,desktop,google,cpc,<Other>,Croatia,2,2,100.0
2020-11-01,2020-11,0,Week 0,mobile,google,cpc,<Other>,Russia,8,8,100.0
2020-11-01,2020-11,0,Week 0,mobile,google,cpc,<Other>,Armenia,1,1,100.0
2020-11-01,2020-11,0,Week 0,mobile,google,cpc,<Other>,Ukraine,6,6,100.0
2020-11-01,2020-11,0,Week 0,desktop,google,cpc,<Other>,Peru,14,14,100.0
2020-11-01,2020-11,0,Week 0,desktop,google,cpc,<Other>,(not set),22,22,100.0
2020-11-01,2020-11,3,Week 3,desktop,google,cpc,<Other>,Serbia,1,1,100.0
2020-11-01,2020-11,0,Week 0,desktop,google,cpc,<Other>,Kenya,3,3,100.0
2020-11-01,2020-11,0,Week 0,mobile,google,cpc,<Other>,India,168,168,100.0
2020-11-01,2020-11,0,Week 0,mobile,google,cpc,<Other>,Bolivia,1,1,100.0
2020-11-01,2020-11,8,Week 8,tablet,google,cpc,<Other>,Switzerland,1,1,100.0
2020-11-01,2020-11,0,Week 0,tablet,google,cpc,<Other>,Indonesia,1,1,100.0
2020-11-01,2020-11,0,Week 0,desktop,google,cpc,<Other>,Indonesia,16,16,100.0
2020-11-01,2020-11,13,Week 13,desktop,google,organic,(organic),United States,6944,1,0.01
2020-11-01,2020-11,12,Week 12,desktop,google,organic,(organic),United States,6944,2,0.03
2020-11-01,2020-11,11,Week 11,mobile,google,organic,(organic),United States,4708,3,0.06
2020-11-01,2020-11,12,Week 12,desktop,google,organic,(organic),India,1502,1,0.07
2020-11-01,2020-11,10,Week 10,mobile,google,organic,(organic),United States,4708,4,0.08
2020-11-01,2020-11,11,Week 11,desktop,google,organic,(organic),Canada,1131,1,0.09
2020-11-01,2020-11,12,Week 12,desktop,google,organic,(organic),Canada,1131,1,0.09
2020-11-01,2020-11,11,Week 11,mobile,google,organic,(organic),India,980,1,0.1
2020-11-01,2020-11,8,Week 8,mobile,google,organic,(organic),India,980,1,0.1
2020-11-01,2020-11,12,Week 12,mobile,google,organic,(organic),India,980,1,0.1
2020-11-01,2020-11,12,Week 12,mobile,google,organic,(organic),United States,4708,5,0.11
2020-11-01,2020-11,7,Week 7,mobile,google,organic,(organic),Canada,831,1,0.12
2020-11-01,2020-11,6,Week 6,desktop,<Other>,organic,(organic),United States,631,1,0.16
2020-11-01,2020-11,10,Week 10,desktop,<Other>,organic,(organic),United States,631,1,0.16
2020-11-01,2020-11,12,Week 12,desktop,<Other>,organic,(organic),United States,631,1,0.16
2020-11-01,2020-11,8,Week 8,desktop,<Other>,organic,(organic),United States,631,1,0.16
2020-11-01,2020-11,10,Week 10,desktop,google,organic,(organic),Canada,1131,2,0.18
2020-11-01,2020-11,9,Week 9,desktop,google,organic,(organic),United Kingdom,500,1,0.2
2020-11-01,2020-11,10,Week 10,desktop,google,organic,(organic),United Kingdom,500,1,0.2
2020-11-01,2020-11,12,Week 12,desktop,google,organic,(organic),United Kingdom,500,1,0.2
2020-11-01,2020-11,11,Week 11,desktop,google,organic,(organic),India,1502,3,0.2
2020-11-01,2020-11,8,Week 8,desktop,google,organic,(organic),United Kingdom,500,1,0.2
2020-11-01,2020-11,12,Week 12,mobile,<Other>,organic,(organic),United States,443,1,0.23
2020-11-01,2020-11,11,Week 11,desktop,google,organic,(organic),United States,6944,17,0.24
2020-11-01,2020-11,8,Week 8,desktop,google,organic,(organic),Canada,1131,3,0.27
2020-11-01,2020-11,9,Week 9,desktop,google,organic,(organic),Canada,1131,3,0.27
2020-11-01,2020-11,8,Week 8,mobile,google,organic,(organic),United States,4708,13,0.28
2020-11-01,2020-11,6,Week 6,mobile,google,organic,(organic),United Kingdom,343,1,0.29
2020-11-01,2020-11,8,Week 8,mobile,google,organic,(organic),United Kingdom,343,1,0.29
2020-11-01,2020-11,9,Week 9,desktop,google,organic,(organic),United States,6944,22,0.32
2020-11-01,2020-11,9,Week 9,mobile,google,organic,(organic),United States,4708,15,0.32
2020-11-01,2020-11,5,Week 5,desktop,<Other>,organic,(organic),United States,631,2,0.32
2020-11-01,2020-11,9,Week 9,desktop,<Other>,organic,(organic),United States,631,2,0.32
2020-11-01,2020-11,9,Week 9,desktop,google,organic,(organic),Spain,299,1,0.33
2020-11-01,2020-11,8,Week 8,desktop,google,organic,(organic),Spain,299,1,0.33
2020-11-01,2020-11,8,Week 8,desktop,google,organic,(organic),India,1502,5,0.33
2020-11-01,2020-11,10,Week 10,desktop,google,organic,(organic),India,1502,5,0.33
2020-11-01,2020-11,10,Week 10,desktop,google,organic,(organic),Spain,299,1,0.33
2020-11-01,2020-11,5,Week 5,desktop,google,organic,(organic),France,293,1,0.34
2020-11-01,2020-11,7,Week 7,desktop,google,organic,(organic),France,293,1,0.34
2020-11-01,2020-11,7,Week 7,desktop,google,organic,(organic),Canada,1131,4,0.35
2020-11-01,2020-11,10,Week 10,desktop,google,organic,(organic),United States,6944,25,0.36
2020-11-01,2020-11,9,Week 9,mobile,google,organic,(organic),Canada,831,3,0.36
2020-11-01,2020-11,6,Week 6,tablet,google,organic,(organic),United States,266,1,0.38
2020-11-01,2020-11,8,Week 8,tablet,google,organic,(organic),United States,266,1,0.38
2020-11-01,2020-11,4,Week 4,desktop,google,organic,(organic),Germany,262,1,0.38
2020-11-01,2020-11,7,Week 7,tablet,google,organic,(organic),United States,266,1,0.38
2020-11-01,2020-11,4,Week 4,tablet,google,organic,(organic),United States,266,1,0.38
2020-11-01,2020-11,12,Week 12,desktop,google,organic,(organic),Taiwan,247,1,0.4
2020-11-01,2020-11,7,Week 7,desktop,google,organic,(organic),United Kingdom,500,2,0.4
2020-11-01,2020-11,9,Week 9,desktop,google,organic,(organic),India,1502,6,0.4
2020-11-01,2020-11,10,Week 10,desktop,google,organic,(organic),China,248,1,0.4
2020-11-01,2020-11,9,Week 9,desktop,google,organic,(organic),Taiwan,247,1,0.4
2020-11-01,2020-11,7,Week 7,mobile,google,organic,(organic),India,980,4,0.41
2020-11-01,2020-11,7,Week 7,mobile,google,organic,(organic),United States,4708,20,0.42
2020-11-01,2020-11,8,Week 8,mobile,<Other>,organic,(organic),United States,443,2,0.45
2020-11-01,2020-11,4,Week 4,mobile,<Other>,organic,(organic),United States,443,2,0.45
2020-11-01,2020-11,6,Week 6,mobile,<Other>,organic,(organic),United States,443,2,0.45
2020-11-01,2020-11,11,Week 11,desktop,google,organic,(organic),Italy,218,1,0.46
2020-11-01,2020-11,3,Week 3,desktop,google,organic,(organic),Italy,218,1,0.46
2020-11-01,2020-11,10,Week 10,desktop,google,organic,(organic),Italy,218,1,0.46
2020-11-01,2020-11,5,Week 5,desktop,google,organic,(organic),Italy,218,1,0.46
2020-11-01,2020-11,8,Week 8,desktop,google,organic,(organic),Italy,218,1,0.46
2020-11-01,2020-11,7,Week 7,desktop,google,organic,(organic),India,1502,7,0.47
2020-11-01,2020-11,11,Week 11,mobile,google,organic,(organic),Germany,212,1,0.47
2020-11-01,2020-11,9,Week 9,mobile,google,organic,(organic),Germany,212,1,0.47
2020-11-01,2020-11,5,Week 5,mobile,google,organic,(organic),Spain,209,1,0.48
2020-11-01,2020-11,7,Week 7,desktop,google,organic,(organic),United States,6944,33,0.48
2020-11-01,2020-11,8,Week 8,mobile,google,organic,(organic),Canada,831,4,0.48
2020-11-01,2020-11,10,Week 10,mobile,google,organic,(organic),Spain,209,1,0.48
2020-11-01,2020-11,10,Week 10,mobile,google,organic,(organic),India,980,5,0.51
2020-11-01,2020-11,8,Week 8,desktop,google,organic,(organic),Singapore,196,1,0.51
2020-11-01,2020-11,7,Week 7,desktop,google,organic,(organic),Singapore,196,1,0.51
2020-11-01,2020-11,8,Week 8,desktop,google,organic,(organic),United States,6944,36,0.52
2020-11-01,2020-11,8,Week 8,mobile,google,organic,(organic),France,194,1,0.52
2020-11-01,2020-11,6,Week 6,mobile,google,organic,(organic),France,194,1,0.52
2020-11-01,2020-11,11,Week 11,desktop,google,organic,(organic),South Korea,189,1,0.53
2020-11-01,2020-11,8,Week 8,desktop,google,organic,(organic),South Korea,189,1,0.53
2020-11-01,2020-11,7,Week 7,desktop,google,organic,(organic),South Korea,189,1,0.53
2020-11-01,2020-11,6,Week 6,mobile,google,organic,(organic),China,178,1,0.56
2020-11-01,2020-11,12,Week 12,desktop,google,organic,(organic),Netherlands,179,1,0.56
2020-11-01,2020-11,9,Week 9,mobile,google,organic,(organic),China,178,1,0.56
2020-11-01,2020-11,7,Week 7,desktop,google,organic,(organic),Netherlands,179,1,0.56
2020-11-01,2020-11,6,Week 6,desktop,google,organic,(organic),Netherlands,179,1,0.56
2020-11-01,2020-11,10,Week 10,desktop,google,organic,(organic),Netherlands,179,1,0.56
2020-11-01,2020-11,7,Week 7,mobile,google,organic,(organic),China,178,1,0.56
2020-11-01,2020-11,6,Week 6,mobile,google,organic,(organic),United States,4708,27,0.57
2020-11-01,2020-11,7,Week 7,mobile,google,organic,(organic),United Kingdom,343,2,0.58
2020-11-01,2020-11,6,Week 6,mobile,google,organic,(organic),Canada,831,5,0.6
2020-11-01,2020-11,7,Week 7,mobile,google,organic,(organic),Italy,165,1,0.61
2020-11-01,2020-11,8,Week 8,mobile,google,organic,(organic),Italy,165,1,0.61
2020-11-01,2020-11,9,Week 9,mobile,google,organic,(organic),India,980,6,0.61
2020-11-01,2020-11,5,Week 5,desktop,google,organic,(organic),Canada,1131,7,0.62
2020-11-01,2020-11,13,Week 13,mobile,google,organic,(organic),Taiwan,158,1,0.63
2020-11-01,2020-11,6,Week 6,desktop,google,organic,(organic),United States,6944,44,0.63
2020-11-01,2020-11,8,Week 8,mobile,google,organic,(organic),Taiwan,158,1,0.63
2020-11-01,2020-11,6,Week 6,mobile,google,organic,(organic),Taiwan,158,1,0.63
2020-11-01,2020-11,7,Week 7,desktop,<Other>,organic,(organic),United States,631,4,0.63
2020-11-01,2020-11,7,Week 7,desktop,google,organic,(organic),Australia,153,1,0.65
2020-11-01,2020-11,5,Week 5,desktop,google,organic,(organic),Australia,153,1,0.65
2020-11-01,2020-11,4,Week 4,desktop,google,organic,(organic),Spain,299,2,0.67
2020-11-01,2020-11,5,Week 5,mobile,google,organic,(organic),Singapore,147,1,0.68
2020-11-01,2020-11,6,Week 6,mobile,google,organic,(organic),Singapore,147,1,0.68
2020-11-01,2020-11,7,Week 7,mobile,google,organic,(organic),Singapore,147,1,0.68
2020-11-01,2020-11,2,Week 2,mobile,google,organic,(organic),Singapore,147,1,0.68
2020-11-01,2020-11,9,Week 9,mobile,google,organic,(organic),Singapore,147,1,0.68
2020-11-01,2020-11,3,Week 3,mobile,google,organic,(organic),Japan,146,1,0.68
2020-11-01,2020-11,4,Week 4,desktop,google,organic,(organic),Brazil,145,1,0.69
2020-11-01,2020-11,3,Week 3,desktop,google,organic,(organic),Brazil,145,1,0.69
2020-11-01,2020-11,8,Week 8,desktop,google,organic,(organic),Brazil,145,1,0.69
2020-11-01,2020-11,6,Week 6,desktop,google,organic,(organic),Brazil,145,1,0.69
2020-11-01,2020-11,10,Week 10,desktop,google,organic,(organic),Brazil,145,1,0.69
2020-11-01,2020-11,10,Week 10,desktop,google,organic,(organic),Mexico,143,1,0.7
2020-11-01,2020-11,12,Week 12,desktop,google,organic,(organic),Mexico,143,1,0.7
2020-11-01,2020-11,7,Week 7,desktop,google,organic,(organic),(not set),142,1,0.7
2020-11-01,2020-11,8,Week 8,desktop,google,organic,(organic),Mexico,143,1,0.7
2020-11-01,2020-11,5,Week 5,desktop,google,organic,(organic),(not set),142,1,0.7
2020-11-01,2020-11,9,Week 9,desktop,google,organic,(organic),(not set),142,1,0.7
2020-11-01,2020-11,9,Week 9,desktop,google,organic,(organic),Mexico,143,1,0.7
2020-11-01,2020-11,7,Week 7,desktop,google,organic,(organic),Mexico,143,1,0.7
2020-11-01,2020-11,10,Week 10,mobile,google,organic,(organic),South Korea,141,1,0.71
2020-11-01,2020-11,6,Week 6,desktop,google,organic,(organic),Canada,1131,8,0.71
2020-11-01,2020-11,10,Week 10,mobile,google,organic,(organic),Canada,831,6,0.72
2020-11-01,2020-11,10,Week 10,desktop,google,organic,(organic),Turkey,138,1,0.72
2020-11-01,2020-11,5,Week 5,mobile,google,organic,(organic),Canada,831,6,0.72
2020-11-01,2020-11,6,Week 6,desktop,google,organic,(organic),India,1502,11,0.73
2020-11-01,2020-11,5,Week 5,desktop,<Other>,organic,(organic),India,137,1,0.73
2020-11-01,2020-11,5,Week 5,desktop,google,organic,(organic),United States,6944,51,0.73
2020-11-01,2020-11,10,Week 10,desktop,google,organic,(organic),Indonesia,134,1,0.75
2020-11-01,2020-11,4,Week 4,desktop,google,organic,(organic),Indonesia,134,1,0.75
2020-11-01,2020-11,7,Week 7,desktop,google,organic,(organic),Indonesia,134,1,0.75
2020-11-01,2020-11,9,Week 9,desktop,google,organic,(organic),Indonesia,134,1,0.75
2020-11-01,2020-11,5,Week 5,mobile,google,organic,(organic),Netherlands,128,1,0.78
2020-11-01,2020-11,9,Week 9,desktop,google,organic,(organic),Poland,129,1,0.78
2020-11-01,2020-11,7,Week 7,desktop,google,organic,(organic),Taiwan,247,2,0.81
2020-11-01,2020-11,4,Week 4,desktop,google,organic,(organic),Taiwan,247,2,0.81
2020-11-01,2020-11,4,Week 4,desktop,google,organic,(organic),China,248,2,0.81
2020-11-01,2020-11,6,Week 6,desktop,google,organic,(organic),China,248,2,0.81
2020-11-01,2020-11,11,Week 11,desktop,<Other>,organic,(organic),Canada,113,1,0.88
2020-11-01,2020-11,12,Week 12,desktop,<Other>,organic,(organic),Canada,113,1,0.88
2020-11-01,2020-11,6,Week 6,desktop,<Other>,organic,(organic),Canada,113,1,0.88
2020-11-01,2020-11,9,Week 9,desktop,<Other>,organic,(organic),Canada,113,1,0.88
2020-11-01,2020-11,8,Week 8,desktop,<Other>,organic,(organic),Canada,113,1,0.88
2020-11-01,2020-11,10,Week 10,desktop,<Other>,organic,(organic),Canada,113,1,0.88
2020-11-01,2020-11,5,Week 5,mobile,<Other>,organic,(organic),United States,443,4,0.9
2020-11-01,2020-11,5,Week 5,desktop,google,organic,(organic),Russia,111,1,0.9
2020-11-01,2020-11,9,Week 9,mobile,<Other>,organic,(organic),United States,443,4,0.9
2020-11-01,2020-11,4,Week 4,desktop,google,organic,(organic),Russia,111,1,0.9
2020-11-01,2020-11,5,Week 5,mobile,google,organic,(organic),United States,4708,43,0.91
2020-11-01,2020-11,6,Week 6,mobile,google,organic,(organic),Brazil,109,1,0.92
2020-11-01,2020-11,10,Week 10,mobile,google,organic,(organic),Brazil,109,1,0.92
2020-11-01,2020-11,12,Week 12,mobile,google,organic,(organic),Brazil,109,1,0.92
2020-11-01,2020-11,6,Week 6,mobile,google,organic,(organic),India,980,9,0.92
2020-11-01,2020-11,7,Week 7,desktop,google,organic,(organic),Italy,218,2,0.92
2020-11-01,2020-11,8,Week 8,mobile,google,organic,(organic),Brazil,109,1,0.92
2020-11-01,2020-11,5,Week 5,mobile,google,organic,(organic),Australia,108,1,0.93
2020-11-01,2020-11,3,Week 3,mobile,google,organic,(organic),Australia,108,1,0.93
2020-11-01,2020-11,9,Week 9,mobile,google,organic,(organic),Australia,108,1,0.93
2020-11-01,2020-11,7,Week 7,mobile,google,organic,(organic),Australia,108,1,0.93
2020-11-01,2020-11,8,Week 8,mobile,google,organic,(organic),Australia,108,1,0.93
2020-11-01,2020-11,8,Week 8,mobile,google,organic,(organic),Germany,212,2,0.94
2020-11-01,2020-11,7,Week 7,mobile,google,organic,(organic),Germany,212,2,0.94
2020-11-01,2020-11,4,Week 4,desktop,<Other>,organic,(organic),United States,631,6,0.95
2020-11-01,2020-11,9,Week 9,mobile,google,organic,(organic),Spain,209,2,0.96
2020-11-01,2020-11,4,Week 4,mobile,google,organic,(organic),Spain,209,2,0.96
2020-11-01,2020-11,6,Week 6,desktop,google,organic,(organic),Hong Kong,103,1,0.97
2020-11-01,2020-11,4,Week 4,desktop,google,organic,(organic),Canada,1131,11,0.97
2020-11-01,2020-11,4,Week 4,desktop,google,organic,(organic),Hong Kong,103,1,0.97
2020-11-01,2020-11,3,Week 3,desktop,google,organic,(organic),Hong Kong,103,1,0.97
2020-11-01,2020-11,5,Week 5,desktop,google,organic,(organic),Spain,299,3,1.0
2020-11-01,2020-11,5,Week 5,desktop,google,organic,(organic),United Kingdom,500,5,1.0
2020-11-01,2020-11,6,Week 6,desktop,google,organic,(organic),Spain,299,3,1.0
2020-11-01,2020-11,3,Week 3,desktop,google,organic,(organic),Spain,299,3,1.0
2020-11-01,2020-11,3,Week 3,mobile,google,organic,(organic),Indonesia,100,1,1.0
2020-11-01,2020-11,6,Week 6,desktop,google,organic,(organic),United Kingdom,500,5,1.0
2020-11-01,2020-11,8,Week 8,desktop,google,organic,(organic),Japan,198,2,1.01
2020-11-01,2020-11,3,Week 3,desktop,google,organic,(organic),Japan,198,2,1.01
2020-11-01,2020-11,9,Week 9,desktop,google,organic,(organic),Singapore,196,2,1.02
2020-11-01,2020-11,3,Week 3,mobile,google,organic,(organic),France,194,2,1.03
2020-11-01,2020-11,9,Week 9,mobile,google,organic,(organic),France,194,2,1.03
2020-11-01,2020-11,7,Week 7,mobile,google,organic,(organic),France,194,2,1.03
2020-11-01,2020-11,4,Week 4,desktop,google,organic,(organic),South Korea,189,2,1.06
2020-11-01,2020-11,9,Week 9,desktop,google,organic,(organic),South Korea,189,2,1.06
2020-11-01,2020-11,3,Week 3,desktop,google,organic,(organic),Ireland,92,1,1.09
2020-11-01,2020-11,9,Week 9,desktop,google,organic,(organic),Ireland,92,1,1.09
2020-11-01,2020-11,8,Week 8,desktop,google,organic,(organic),Ireland,92,1,1.09
2020-11-01,2020-11,10,Week 10,desktop,google,organic,(organic),Ireland,92,1,1.09
2020-11-01,2020-11,4,Week 4,mobile,google,organic,(organic),United States,4708,52,1.1
2020-11-01,2020-11,4,Week 4,mobile,google,organic,(organic),India,980,11,1.12
2020-11-01,2020-11,5,Week 5,desktop,google,organic,(organic),Netherlands,179,2,1.12
2020-11-01,2020-11,11,Week 11,desktop,google,organic,(organic),Netherlands,179,2,1.12
2020-11-01,2020-11,5,Week 5,desktop,google,organic,(organic),Germany,262,3,1.15
2020-11-01,2020-11,3,Week 3,desktop,google,organic,(organic),Germany,262,3,1.15
2020-11-01,2020-11,5,Week 5,desktop,google,organic,(organic),Pakistan,86,1,1.16
2020-11-01,2020-11,2,Week 2,desktop,google,organic,(organic),Pakistan,86,1,1.16
2020-11-01,2020-11,10,Week 10,desktop,google,organic,(organic),Pakistan,86,1,1.16
2020-11-01,2020-11,4,Week 4,desktop,google,organic,(organic),Pakistan,86,1,1.16
2020-11-01,2020-11,5,Week 5,desktop,google,organic,(organic),Switzerland,85,1,1.18
2020-11-01,2020-11,9,Week 9,desktop,google,organic,(organic),Switzerland,85,1,1.18
2020-11-01,2020-11,4,Week 4,mobile,google,organic,(organic),Poland,84,1,1.19
2020-11-01,2020-11,2,Week 2,desktop,google,organic,(organic),Sweden,84,1,1.19
2020-11-01,2020-11,5,Week 5,desktop,google,organic,(organic),Sweden,84,1,1.19
2020-11-01,2020-11,5,Week 5,mobile,google,organic,(organic),Poland,84,1,1.19
2020-11-01,2020-11,8,Week 8,desktop,google,organic,(organic),Sweden,84,1,1.19
2020-11-01,2020-11,6,Week 6,mobile,google,organic,(organic),Poland,84,1,1.19
2020-11-01,2020-11,5,Week 5,mobile,<Other>,organic,(organic),India,83,1,1.2
2020-11-01,2020-11,3,Week 3,mobile,<Other>,organic,(organic),India,83,1,1.2
2020-11-01,2020-11,6,Week 6,mobile,<Other>,organic,(organic),India,83,1,1.2
2020-11-01,2020-11,4,Week 4,desktop,google,organic,(organic),United Kingdom,500,6,1.2
2020-11-01,2020-11,8,Week 8,desktop,google,organic,(organic),Taiwan,247,3,1.21
2020-11-01,2020-11,5,Week 5,desktop,google,organic,(organic),China,248,3,1.21
2020-11-01,2020-11,6,Week 6,mobile,google,organic,(organic),Italy,165,2,1.21
2020-11-01,2020-11,9,Week 9,desktop,google,organic,(organic),Malaysia,80,1,1.25
2020-11-01,2020-11,7,Week 7,desktop,google,organic,(organic),Malaysia,80,1,1.25
2020-11-01,2020-11,11,Week 11,desktop,google,organic,(organic),Malaysia,80,1,1.25
2020-11-01,2020-11,12,Week 12,desktop,google,organic,(organic),Malaysia,80,1,1.25
2020-11-01,2020-11,4,Week 4,desktop,google,organic,(organic),India,1502,19,1.26
2020-11-01,2020-11,4,Week 4,mobile,google,organic,(organic),Taiwan,158,2,1.27
2020-11-01,2020-11,9,Week 9,mobile,google,organic,(organic),Taiwan,158,2,1.27
2020-11-01,2020-11,3,Week 3,mobile,google,organic,(organic),Taiwan,158,2,1.27
2020-11-01,2020-11,2,Week 2,mobile,google,organic,(organic),Mexico,78,1,1.28
2020-11-01,2020-11,5,Week 5,mobile,google,organic,(organic),Mexico,78,1,1.28
2020-11-01,2020-11,4,Week 4,mobile,google,organic,(organic),Mexico,78,1,1.28
2020-11-01,2020-11,4,Week 4,desktop,google,organic,(organic),Australia,153,2,1.31
2020-11-01,2020-11,9,Week 9,desktop,google,organic,(organic),Australia,153,2,1.31
2020-11-01,2020-11,4,Week 4,desktop,google,organic,(organic),Philippines,76,1,1.32
2020-11-01,2020-11,3,Week 3,desktop,google,organic,(organic),Philippines,76,1,1.32
2020-11-01,2020-11,8,Week 8,mobile,google,organic,(organic),(not set),75,1,1.33
2020-11-01,2020-11,4,Week 4,mobile,google,organic,(organic),(not set),75,1,1.33
2020-11-01,2020-11,4,Week 4,mobile,google,organic,(organic),Singapore,147,2,1.36
2020-11-01,2020-11,3,Week 3,mobile,google,organic,(organic),Singapore,147,2,1.36
2020-11-01,2020-11,2,Week 2,mobile,google,organic,(organic),Japan,146,2,1.37
2020-11-01,2020-11,6,Week 6,mobile,google,organic,(organic),Japan,146,2,1.37
2020-11-01,2020-11,5,Week 5,mobile,google,organic,(organic),Japan,146,2,1.37
2020-11-01,2020-11,3,Week 3,desktop,google,organic,(organic),France,293,4,1.37
2020-11-01,2020-11,6,Week 6,desktop,google,organic,(organic),France,293,4,1.37
2020-11-01,2020-11,4,Week 4,desktop,google,organic,(organic),Italy,218,3,1.38
2020-11-01,2020-11,6,Week 6,desktop,google,organic,(organic),Italy,218,3,1.38
2020-11-01,2020-11,2,Week 2,desktop,google,organic,(organic),Italy,218,3,1.38
2020-11-01,2020-11,6,Week 6,desktop,google,organic,(organic),Mexico,143,2,1.4
2020-11-01,2020-11,5,Week 5,desktop,google,organic,(organic),India,1502,21,1.4
2020-11-01,2020-11,3,Week 3,desktop,google,organic,(organic),(not set),142,2,1.41
2020-11-01,2020-11,4,Week 4,desktop,google,organic,(organic),(not set),142,2,1.41
2020-11-01,2020-11,6,Week 6,mobile,google,organic,(organic),Germany,212,3,1.42
2020-11-01,2020-11,5,Week 5,mobile,google,organic,(organic),Germany,212,3,1.42
2020-11-01,2020-11,5,Week 5,desktop,google,organic,(organic),Peru,70,1,1.43
2020-11-01,2020-11,3,Week 3,desktop,google,organic,(organic),Peru,70,1,1.43
2020-11-01,2020-11,6,Week 6,desktop,google,organic,(organic),Peru,70,1,1.43
2020-11-01,2020-11,5,Week 5,mobile,google,organic,(organic),India,980,14,1.43
2020-11-01,2020-11,7,Week 7,desktop,google,organic,(organic),Peru,70,1,1.43
2020-11-01,2020-11,2,Week 2,mobile,google,organic,(organic),Spain,209,3,1.44
2020-11-01,2020-11,3,Week 3,mobile,google,organic,(organic),Spain,209,3,1.44
2020-11-01,2020-11,3,Week 3,mobile,<Other>,organic,(organic),Canada,69,1,1.45
2020-11-01,2020-11,2,Week 2,mobile,<Other>,organic,(organic),Canada,69,1,1.45
2020-11-01,2020-11,4,Week 4,desktop,google,organic,(organic),Turkey,138,2,1.45
2020-11-01,2020-11,4,Week 4,mobile,<Other>,organic,(organic),Canada,69,1,1.45
2020-11-01,2020-11,5,Week 5,mobile,google,organic,(organic),United Kingdom,343,5,1.46
2020-11-01,2020-11,4,Week 4,desktop,google,organic,(organic),Portugal,67,1,1.49
2020-11-01,2020-11,8,Week 8,desktop,google,organic,(organic),Portugal,67,1,1.49
2020-11-01,2020-11,3,Week 3,desktop,google,organic,(organic),Indonesia,134,2,1.49
2020-11-01,2020-11,10,Week 10,desktop,google,organic,(organic),Portugal,67,1,1.49
2020-11-01,2020-11,5,Week 5,desktop,google,organic,(organic),Indonesia,134,2,1.49
2020-11-01,2020-11,7,Week 7,desktop,google,organic,(organic),Portugal,67,1,1.49
2020-11-01,2020-11,6,Week 6,desktop,google,organic,(organic),Portugal,67,1,1.49
2020-11-01,2020-11,3,Week 3,tablet,google,organic,(organic),United States,266,4,1.5
2020-11-01,2020-11,2,Week 2,tablet,google,organic,(organic),United States,266,4,1.5
2020-11-01,2020-11,5,Week 5,desktop,google,organic,(organic),Japan,198,3,1.52
2020-11-01,2020-11,3,Week 3,desktop,google,organic,(organic),India,1502,23,1.53
2020-11-01,2020-11,6,Week 6,desktop,google,organic,(organic),Singapore,196,3,1.53
2020-11-01,2020-11,10,Week 10,desktop,google,organic,(organic),Singapore,196,3,1.53
2020-11-01,2020-11,4,Week 4,desktop,google,organic,(organic),United States,6944,106,1.53
2020-11-01,2020-11,11,Week 11,desktop,google,organic,(organic),Singapore,196,3,1.53
2020-11-01,2020-11,4,Week 4,mobile,google,organic,(organic),France,194,3,1.55
2020-11-01,2020-11,4,Week 4,desktop,google,organic,(organic),Poland,129,2,1.55
2020-11-01,2020-11,2,Week 2,mobile,google,organic,(organic),France,194,3,1.55
2020-11-01,2020-11,4,Week 4,mobile,google,organic,(organic),Canada,831,13,1.56
2020-11-01,2020-11,7,Week 7,mobile,google,organic,(organic),Netherlands,128,2,1.56
2020-11-01,2020-11,9,Week 9,mobile,google,organic,(organic),Netherlands,128,2,1.56
2020-11-01,2020-11,8,Week 8,mobile,google,organic,(organic),Netherlands,128,2,1.56
2020-11-01,2020-11,6,Week 6,mobile,google,organic,(organic),Netherlands,128,2,1.56
2020-11-01,2020-11,10,Week 10,desktop,google,organic,(organic),South Korea,189,3,1.59
2020-11-01,2020-11,5,Week 5,desktop,google,organic,(organic),South Korea,189,3,1.59
2020-11-01,2020-11,1,Week 1,mobile,google,organic,(organic),Hong Kong,63,1,1.59
2020-11-01,2020-11,4,Week 4,mobile,google,organic,(organic),Hong Kong,63,1,1.59
2020-11-01,2020-11,9,Week 9,mobile,google,organic,(organic),Hong Kong,63,1,1.59
2020-11-01,2020-11,2,Week 2,desktop,google,organic,(organic),China,248,4,1.61
2020-11-01,2020-11,5,Week 5,desktop,google,organic,(organic),Taiwan,247,4,1.62
2020-11-01,2020-11,3,Week 3,desktop,google,organic,(organic),Taiwan,247,4,1.62
2020-11-01,2020-11,6,Week 6,mobile,google,organic,(organic),Ireland,61,1,1.64
2020-11-01,2020-11,2,Week 2,mobile,google,organic,(organic),Malaysia,61,1,1.64
2020-11-01,2020-11,7,Week 7,mobile,google,organic,(organic),Ireland,61,1,1.64
2020-11-01,2020-11,4,Week 4,desktop,google,organic,(organic),Thailand,61,1,1.64
2020-11-01,2020-11,8,Week 8,mobile,google,organic,(organic),Malaysia,61,1,1.64
2020-11-01,2020-11,9,Week 9,mobile,google,organic,(organic),Ireland,61,1,1.64
2020-11-01,2020-11,9,Week 9,mobile,google,organic,(organic),Malaysia,61,1,1.64
2020-11-01,2020-11,3,Week 3,mobile,google,organic,(organic),Malaysia,61,1,1.64
2020-11-01,2020-11,2,Week 2,desktop,google,organic,(organic),Thailand,61,1,1.64
2020-11-01,2020-11,8,Week 8,mobile,google,organic,(organic),Ireland,61,1,1.64
2020-11-01,2020-11,9,Week 9,desktop,google,organic,(organic),Thailand,61,1,1.64
2020-11-01,2020-11,3,Week 3,desktop,google,organic,(organic),Thailand,61,1,1.64
2020-11-01,2020-11,6,Week 6,desktop,google,organic,(organic),Colombia,60,1,1.67
2020-11-01,2020-11,12,Week 12,desktop,google,organic,(organic),Colombia,60,1,1.67
2020-11-01,2020-11,7,Week 7,desktop,google,organic,(organic),Colombia,60,1,1.67
2020-11-01,2020-11,11,Week 11,desktop,google,organic,(organic),Colombia,60,1,1.67
2020-11-01,2020-11,9,Week 9,desktop,google,organic,(organic),Vietnam,59,1,1.69
2020-11-01,2020-11,9,Week 9,desktop,google,organic,(organic),Belgium,59,1,1.69
2020-11-01,2020-11,10,Week 10,desktop,google,organic,(organic),Vietnam,59,1,1.69
2020-11-01,2020-11,8,Week 8,desktop,google,organic,(organic),Belgium,59,1,1.69
2020-11-01,2020-11,4,Week 4,desktop,google,organic,(organic),Vietnam,59,1,1.69
2020-11-01,2020-11,12,Week 12,desktop,google,organic,(organic),Belgium,59,1,1.69
2020-11-01,2020-11,7,Week 7,desktop,google,organic,(organic),Vietnam,59,1,1.69
2020-11-01,2020-11,5,Week 5,mobile,google,organic,(organic),China,178,3,1.69
2020-11-01,2020-11,4,Week 4,desktop,google,organic,(organic),France,293,5,1.71
2020-11-01,2020-11,4,Week 4,tablet,google,organic,(organic),India,58,1,1.72
2020-11-01,2020-11,6,Week 6,tablet,google,organic,(organic),India,58,1,1.72
2020-11-01,2020-11,2,Week 2,tablet,google,organic,(organic),India,58,1,1.72
2020-11-01,2020-11,3,Week 3,tablet,google,organic,(organic),India,58,1,1.72
2020-11-01,2020-11,3,Week 3,desktop,<Other>,organic,(organic),United States,631,11,1.74
2020-11-01,2020-11,4,Week 4,mobile,google,organic,(organic),United Kingdom,343,6,1.75
2020-11-01,2020-11,3,Week 3,desktop,<Other>,organic,(organic),Canada,113,2,1.77
2020-11-01,2020-11,3,Week 3,desktop,google,organic,(organic),Canada,1131,20,1.77
2020-11-01,2020-11,3,Week 3,desktop,google,organic,(organic),United States,6944,123,1.77
2020-11-01,2020-11,4,Week 4,desktop,<Other>,organic,(organic),Canada,113,2,1.77
2020-11-01,2020-11,3,Week 3,mobile,google,organic,(organic),United States,4708,84,1.78
2020-11-01,2020-11,11,Week 11,desktop,google,organic,(organic),United Arab Emirates,56,1,1.79
2020-11-01,2020-11,2,Week 2,mobile,google,organic,(organic),Sweden,56,1,1.79
2020-11-01,2020-11,5,Week 5,mobile,google,organic,(organic),Sweden,56,1,1.79
2020-11-01,2020-11,7,Week 7,mobile,google,organic,(organic),Sweden,56,1,1.79
2020-11-01,2020-11,10,Week 10,desktop,google,organic,(organic),United Arab Emirates,56,1,1.79
2020-11-01,2020-11,9,Week 9,desktop,google,organic,(organic),United Arab Emirates,56,1,1.79
2020-11-01,2020-11,4,Week 4,mobile,google,organic,(organic),Sweden,56,1,1.79
2020-11-01,2020-11,3,Week 3,mobile,google,organic,(organic),Sweden,56,1,1.79
2020-11-01,2020-11,3,Week 3,desktop,google,organic,(organic),United Kingdom,500,9,1.8
2020-11-01,2020-11,6,Week 6,desktop,google,organic,(organic),Russia,111,2,1.8
2020-11-01,2020-11,5,Week 5,mobile,google,organic,(organic),Italy,165,3,1.82
2020-11-01,2020-11,9,Week 9,mobile,google,organic,(organic),Italy,165,3,1.82
2020-11-01,2020-11,3,Week 3,mobile,google,organic,(organic),Turkey,109,2,1.83
2020-11-01,2020-11,2,Week 2,mobile,google,organic,(organic),Brazil,109,2,1.83
2020-11-01,2020-11,5,Week 5,mobile,google,organic,(organic),Turkey,109,2,1.83
2020-11-01,2020-11,6,Week 6,desktop,google,organic,(organic),Greece,54,1,1.85
2020-11-01,2020-11,4,Week 4,mobile,google,organic,(organic),Australia,108,2,1.85
2020-11-01,2020-11,3,Week 3,desktop,google,organic,(organic),Greece,54,1,1.85
2020-11-01,2020-11,10,Week 10,mobile,google,organic,(organic),Peru,53,1,1.89
2020-11-01,2020-11,6,Week 6,mobile,google,organic,(organic),Peru,53,1,1.89
2020-11-01,2020-11,4,Week 4,mobile,google,organic,(organic),Germany,212,4,1.89
2020-11-01,2020-11,6,Week 6,mobile,google,organic,(organic),Switzerland,53,1,1.89
2020-11-01,2020-11,3,Week 3,tablet,google,organic,(organic),Canada,53,1,1.89
2020-11-01,2020-11,4,Week 4,tablet,google,organic,(organic),Canada,53,1,1.89
2020-11-01,2020-11,7,Week 7,mobile,google,organic,(organic),Switzerland,53,1,1.89
2020-11-01,2020-11,5,Week 5,mobile,google,organic,(organic),Switzerland,53,1,1.89
2020-11-01,2020-11,2,Week 2,desktop,google,organic,(organic),Germany,262,5,1.91
2020-11-01,2020-11,8,Week 8,mobile,google,organic,(organic),Philippines,52,1,1.92
2020-11-01,2020-11,3,Week 3,mobile,google,organic,(organic),Pakistan,52,1,1.92
2020-11-01,2020-11,7,Week 7,mobile,google,organic,(organic),Philippines,52,1,1.92
2020-11-01,2020-11,8,Week 8,desktop,google,organic,(organic),Ukraine,52,1,1.92
2020-11-01,2020-11,4,Week 4,mobile,google,organic,(organic),Pakistan,52,1,1.92
2020-11-01,2020-11,1,Week 1,desktop,<Other>,organic,(organic),United Kingdom,52,1,1.92
2020-11-01,2020-11,6,Week 6,desktop,google,organic,(organic),Ukraine,52,1,1.92
2020-11-01,2020-11,1,Week 1,desktop,google,organic,(organic),Ukraine,52,1,1.92
2020-11-01,2020-11,4,Week 4,mobile,google,organic,(organic),Philippines,52,1,1.92
2020-11-01,2020-11,9,Week 9,desktop,google,organic,(organic),Ukraine,52,1,1.92
2020-11-01,2020-11,8,Week 8,desktop,<Other>,organic,(organic),United Kingdom,52,1,1.92
2020-11-01,2020-11,5,Week 5,mobile,google,organic,(organic),Philippines,52,1,1.92
2020-11-01,2020-11,3,Week 3,desktop,google,organic,(organic),Ukraine,52,1,1.92
2020-11-01,2020-11,3,Week 3,desktop,<Other>,organic,(organic),United Kingdom,52,1,1.92
2020-11-01,2020-11,4,Week 4,desktop,google,organic,(organic),Japan,198,4,2.02
2020-11-01,2020-11,2,Week 2,desktop,google,organic,(organic),Japan,198,4,2.02
2020-11-01,2020-11,6,Week 6,desktop,google,organic,(organic),Taiwan,247,5,2.02
2020-11-01,2020-11,3,Week 3,mobile,<Other>,organic,(organic),United States,443,9,2.03
2020-11-01,2020-11,11,Week 11,mobile,google,organic,(organic),Colombia,49,1,2.04
2020-11-01,2020-11,4,Week 4,desktop,google,organic,(organic),Singapore,196,4,2.04
2020-11-01,2020-11,3,Week 3,mobile,google,organic,(organic),Colombia,49,1,2.04
2020-11-01,2020-11,3,Week 3,mobile,google,organic,(organic),United Kingdom,343,7,2.04
2020-11-01,2020-11,12,Week 12,mobile,google,organic,(organic),Colombia,49,1,2.04
2020-11-01,2020-11,6,Week 6,mobile,google,organic,(organic),Colombia,49,1,2.04
2020-11-01,2020-11,4,Week 4,mobile,google,organic,(organic),Japan,146,3,2.05
2020-11-01,2020-11,2,Week 2,desktop,google,organic,(organic),France,293,6,2.05
2020-11-01,2020-11,2,Week 2,desktop,google,organic,(organic),Brazil,145,3,2.07
2020-11-01,2020-11,4,Week 4,desktop,google,organic,(organic),Mexico,143,3,2.1
2020-11-01,2020-11,3,Week 3,desktop,google,organic,(organic),South Korea,189,4,2.12
2020-11-01,2020-11,4,Week 4,mobile,google,organic,(organic),South Korea,141,3,2.13
2020-11-01,2020-11,6,Week 6,desktop,google,organic,(organic),Denmark,47,1,2.13
2020-11-01,2020-11,3,Week 3,desktop,google,organic,(organic),Denmark,47,1,2.13
2020-11-01,2020-11,3,Week 3,mobile,google,organic,(organic),South Korea,141,3,2.13
2020-11-01,2020-11,2,Week 2,desktop,google,organic,(organic),Denmark,47,1,2.13
2020-11-01,2020-11,5,Week 5,desktop,google,organic,(organic),Denmark,47,1,2.13
2020-11-01,2020-11,3,Week 3,mobile,google,organic,(organic),India,980,21,2.14
2020-11-01,2020-11,3,Week 3,mobile,google,organic,(organic),Israel,46,1,2.17
2020-11-01,2020-11,2,Week 2,desktop,google,organic,(organic),Ireland,92,2,2.17
2020-11-01,2020-11,12,Week 12,mobile,google,organic,(organic),Israel,46,1,2.17
2020-11-01,2020-11,2,Week 2,mobile,google,organic,(organic),Israel,46,1,2.17
2020-11-01,2020-11,4,Week 4,desktop,google,organic,(organic),Ireland,92,2,2.17
2020-11-01,2020-11,4,Week 4,desktop,<Other>,organic,(organic),India,137,3,2.19
2020-11-01,2020-11,5,Week 5,mobile,google,organic,(organic),Greece,45,1,2.22
2020-11-01,2020-11,3,Week 3,mobile,google,organic,(organic),China,178,4,2.25
2020-11-01,2020-11,4,Week 4,desktop,google,organic,(organic),Austria,44,1,2.27
2020-11-01,2020-11,7,Week 7,desktop,google,organic,(organic),Austria,44,1,2.27
2020-11-01,2020-11,6,Week 6,desktop,google,organic,(organic),Austria,44,1,2.27
2020-11-01,2020-11,3,Week 3,mobile,google,organic,(organic),Canada,831,19,2.29
2020-11-01,2020-11,2,Week 2,desktop,google,organic,(organic),Canada,1131,26,2.3
2020-11-01,2020-11,8,Week 8,mobile,google,organic,(organic),Portugal,43,1,2.33
2020-11-01,2020-11,6,Week 6,desktop,google,organic,(organic),Poland,129,3,2.33
2020-11-01,2020-11,2,Week 2,desktop,google,organic,(organic),Poland,129,3,2.33
2020-11-01,2020-11,3,Week 3,desktop,google,organic,(organic),Poland,129,3,2.33
2020-11-01,2020-11,2,Week 2,mobile,google,organic,(organic),Vietnam,43,1,2.33
2020-11-01,2020-11,1,Week 1,mobile,google,organic,(organic),Vietnam,43,1,2.33
2020-11-01,2020-11,4,Week 4,mobile,google,organic,(organic),Vietnam,43,1,2.33
2020-11-01,2020-11,2,Week 2,desktop,google,organic,(organic),Spain,299,7,2.34
2020-11-01,2020-11,3,Week 3,desktop,google,organic,(organic),Switzerland,85,2,2.35
2020-11-01,2020-11,3,Week 3,desktop,google,organic,(organic),China,248,6,2.42
2020-11-01,2020-11,4,Week 4,mobile,google,organic,(organic),Italy,165,4,2.42
2020-11-01,2020-11,7,Week 7,mobile,google,organic,(organic),Thailand,40,1,2.5
2020-11-01,2020-11,6,Week 6,mobile,google,organic,(organic),Thailand,40,1,2.5
2020-11-01,2020-11,8,Week 8,desktop,google,organic,(organic),Malaysia,80,2,2.5
2020-11-01,2020-11,4,Week 4,mobile,google,organic,(organic),Thailand,40,1,2.5
2020-11-01,2020-11,10,Week 10,mobile,google,organic,(organic),Thailand,40,1,2.5
2020-11-01,2020-11,6,Week 6,desktop,google,organic,(organic),Malaysia,80,2,2.5
2020-11-01,2020-11,1,Week 1,desktop,google,organic,(organic),Malaysia,80,2,2.5
2020-11-01,2020-11,2,Week 2,desktop,google,organic,(organic),Malaysia,80,2,2.5
2020-11-01,2020-11,11,Week 11,mobile,google,organic,(organic),Thailand,40,1,2.5
2020-11-01,2020-11,3,Week 3,desktop,google,organic,(organic),Malaysia,80,2,2.5
2020-11-01,2020-11,5,Week 5,desktop,google,organic,(organic),Singapore,196,5,2.55
2020-11-01,2020-11,7,Week 7,mobile,google,organic,(organic),Denmark,39,1,2.56
2020-11-01,2020-11,10,Week 10,mobile,google,organic,(organic),Denmark,39,1,2.56
2020-11-01,2020-11,8,Week 8,mobile,google,organic,(organic),Denmark,39,1,2.56
2020-11-01,2020-11,3,Week 3,desktop,google,organic,(organic),Australia,153,4,2.61
2020-11-01,2020-11,7,Week 7,mobile,google,organic,(organic),Czechia,37,1,2.7
2020-11-01,2020-11,2,Week 2,desktop,google,organic,(organic),Russia,111,3,2.7
2020-11-01,2020-11,3,Week 3,mobile,google,organic,(organic),Czechia,37,1,2.7
2020-11-01,2020-11,3,Week 3,mobile,google,organic,(organic),Brazil,109,3,2.75
2020-11-01,2020-11,5,Week 5,mobile,google,organic,(organic),Ukraine,36,1,2.78
2020-11-01,2020-11,2,Week 2,desktop,google,organic,(organic),Czechia,36,1,2.78
2020-11-01,2020-11,3,Week 3,mobile,google,organic,(organic),Ukraine,36,1,2.78
2020-11-01,2020-11,12,Week 12,mobile,google,organic,(organic),Ukraine,36,1,2.78
2020-11-01,2020-11,3,Week 3,desktop,google,organic,(organic),Czechia,36,1,2.78
2020-11-01,2020-11,2,Week 2,desktop,google,organic,(organic),Netherlands,179,5,2.79
2020-11-01,2020-11,3,Week 3,mobile,google,organic,(organic),Germany,212,6,2.83
2020-11-01,2020-11,2,Week 2,mobile,google,organic,(organic),Germany,212,6,2.83
2020-11-01,2020-11,4,Week 4,desktop,google,organic,(organic),Peru,70,2,2.86
2020-11-01,2020-11,4,Week 4,desktop,google,organic,(organic),Argentina,35,1,2.86
2020-11-01,2020-11,1,Week 1,desktop,google,organic,(organic),Argentina,35,1,2.86
2020-11-01,2020-11,3,Week 3,mobile,google,organic,(organic),Belgium,35,1,2.86
2020-11-01,2020-11,7,Week 7,mobile,google,organic,(organic),Belgium,35,1,2.86
2020-11-01,2020-11,3,Week 3,desktop,google,organic,(organic),Argentina,35,1,2.86
2020-11-01,2020-11,4,Week 4,mobile,google,organic,(organic),Belgium,35,1,2.86
2020-11-01,2020-11,6,Week 6,mobile,google,organic,(organic),Belgium,35,1,2.86
2020-11-01,2020-11,5,Week 5,desktop,google,organic,(organic),Argentina,35,1,2.86
2020-11-01,2020-11,2,Week 2,desktop,google,organic,(organic),United States,6944,201,2.89
2020-11-01,2020-11,2,Week 2,desktop,google,organic,(organic),Turkey,138,4,2.9
2020-11-01,2020-11,3,Week 3,desktop,google,organic,(organic),Turkey,138,4,2.9
2020-11-01,2020-11,2,Week 2,desktop,google,organic,(organic),Hong Kong,103,3,2.91
2020-11-01,2020-11,2,Week 2,desktop,<Other>,organic,(organic),India,137,4,2.92
2020-11-01,2020-11,5,Week 5,mobile,google,organic,(organic),United Arab Emirates,34,1,2.94
2020-11-01,2020-11,3,Week 3,mobile,google,organic,(organic),United Arab Emirates,34,1,2.94
2020-11-01,2020-11,2,Week 2,mobile,google,organic,(organic),United Arab Emirates,34,1,2.94
2020-11-01,2020-11,2,Week 2,desktop,google,organic,(organic),Indonesia,134,4,2.99
2020-11-01,2020-11,2,Week 2,mobile,google,organic,(organic),Indonesia,100,3,3.0
2020-11-01,2020-11,1,Week 1,desktop,google,organic,(organic),Egypt,33,1,3.03
2020-11-01,2020-11,2,Week 2,desktop,google,organic,(organic),Egypt,33,1,3.03
2020-11-01,2020-11,2,Week 2,desktop,google,organic,(organic),Singapore,196,6,3.06
2020-11-01,2020-11,3,Week 3,desktop,google,organic,(organic),Singapore,196,6,3.06
2020-11-01,2020-11,5,Week 5,desktop,google,organic,(organic),Poland,129,4,3.1
2020-11-01,2020-11,3,Week 3,desktop,google,organic,(organic),Sri Lanka,32,1,3.13
2020-11-01,2020-11,2,Week 2,desktop,google,organic,(organic),Sri Lanka,32,1,3.13
2020-11-01,2020-11,2,Week 2,mobile,google,organic,(organic),Canada,831,26,3.13
2020-11-01,2020-11,2,Week 2,desktop,google,organic,(organic),India,1502,47,3.13
2020-11-01,2020-11,5,Week 5,desktop,google,organic,(organic),Sri Lanka,32,1,3.13
2020-11-01,2020-11,11,Week 11,desktop,google,organic,(organic),Sri Lanka,32,1,3.13
2020-11-01,2020-11,2,Week 2,mobile,google,organic,(organic),United States,4708,148,3.14
2020-11-01,2020-11,2,Week 2,mobile,google,organic,(organic),India,980,31,3.16
2020-11-01,2020-11,2,Week 2,mobile,google,organic,(organic),Taiwan,158,5,3.16
2020-11-01,2020-11,2,Week 2,desktop,google,organic,(organic),South Korea,189,6,3.17
2020-11-01,2020-11,2,Week 2,mobile,google,organic,(organic),Hong Kong,63,2,3.17
2020-11-01,2020-11,2,Week 2,desktop,google,organic,(organic),United Kingdom,500,16,3.2
2020-11-01,2020-11,1,Week 1,mobile,google,organic,(organic),Argentina,31,1,3.23
2020-11-01,2020-11,2,Week 2,desktop,<Other>,organic,(organic),France,31,1,3.23
2020-11-01,2020-11,4,Week 4,mobile,google,organic,(organic),Argentina,31,1,3.23
2020-11-01,2020-11,5,Week 5,desktop,google,organic,(organic),Ireland,92,3,3.26
2020-11-01,2020-11,2,Week 2,desktop,google,organic,(organic),Australia,153,5,3.27
2020-11-01,2020-11,3,Week 3,mobile,google,organic,(organic),Ireland,61,2,3.28
2020-11-01,2020-11,5,Week 5,mobile,google,organic,(organic),Ireland,61,2,3.28
2020-11-01,2020-11,1,Week 1,desktop,google,organic,(organic),Thailand,61,2,3.28
2020-11-01,2020-11,6,Week 6,mobile,google,organic,(organic),Russia,61,2,3.28
2020-11-01,2020-11,2,Week 2,desktop,<Other>,organic,(organic),United States,631,21,3.33
2020-11-01,2020-11,5,Week 5,desktop,google,organic,(organic),Colombia,60,2,3.33
2020-11-01,2020-11,2,Week 2,desktop,google,organic,(organic),Colombia,60,2,3.33
2020-11-01,2020-11,8,Week 8,desktop,google,organic,(organic),Colombia,60,2,3.33
2020-11-01,2020-11,3,Week 3,desktop,google,organic,(organic),Colombia,60,2,3.33
2020-11-01,2020-11,3,Week 3,desktop,google,organic,(organic),Netherlands,179,6,3.35
2020-11-01,2020-11,4,Week 4,mobile,google,organic,(organic),China,178,6,3.37
2020-11-01,2020-11,1,Week 1,desktop,google,organic,(organic),Belgium,59,2,3.39
2020-11-01,2020-11,6,Week 6,desktop,google,organic,(organic),Belgium,59,2,3.39
2020-11-01,2020-11,3,Week 3,desktop,google,organic,(organic),Saudi Arabia,29,1,3.45
2020-11-01,2020-11,6,Week 6,desktop,google,organic,(organic),Saudi Arabia,29,1,3.45
2020-11-01,2020-11,5,Week 5,desktop,google,organic,(organic),Romania,29,1,3.45
2020-11-01,2020-11,7,Week 7,desktop,google,organic,(organic),Saudi Arabia,29,1,3.45
2020-11-01,2020-11,8,Week 8,desktop,google,organic,(organic),Romania,29,1,3.45
2020-11-01,2020-11,4,Week 4,desktop,google,organic,(organic),Saudi Arabia,29,1,3.45
2020-11-01,2020-11,2,Week 2,desktop,google,organic,(organic),Mexico,143,5,3.5
2020-11-01,2020-11,2,Week 2,mobile,google,organic,(organic),United Kingdom,343,12,3.5
2020-11-01,2020-11,2,Week 2,desktop,google,organic,(organic),(not set),142,5,3.52
2020-11-01,2020-11,1,Week 1,desktop,google,organic,(organic),(not set),142,5,3.52
2020-11-01,2020-11,1,Week 1,desktop,google,organic,(organic),Switzerland,85,3,3.53
2020-11-01,2020-11,2,Week 2,desktop,google,organic,(organic),Switzerland,85,3,3.53
2020-11-01,2020-11,2,Week 2,mobile,google,organic,(organic),South Korea,141,5,3.55
2020-11-01,2020-11,3,Week 3,mobile,google,organic,(organic),South Africa,28,1,3.57
2020-11-01,2020-11,4,Week 4,mobile,google,organic,(organic),Romania,28,1,3.57
2020-11-01,2020-11,2,Week 2,mobile,google,organic,(organic),Poland,84,3,3.57
2020-11-01,2020-11,4,Week 4,desktop,google,organic,(organic),United Arab Emirates,56,2,3.57
2020-11-01,2020-11,2,Week 2,mobile,google,organic,(organic),Romania,28,1,3.57
2020-11-01,2020-11,3,Week 3,desktop,google,organic,(organic),United Arab Emirates,56,2,3.57
2020-11-01,2020-11,12,Week 12,desktop,<Other>,organic,(organic),Spain,28,1,3.57
2020-11-01,2020-11,6,Week 6,desktop,google,organic,(organic),United Arab Emirates,56,2,3.57
2020-11-01,2020-11,10,Week 10,desktop,<Other>,organic,(organic),Spain,28,1,3.57
2020-11-01,2020-11,1,Week 1,desktop,<Other>,organic,(organic),Spain,28,1,3.57
2020-11-01,2020-11,6,Week 6,desktop,<Other>,organic,(organic),Spain,28,1,3.57
2020-11-01,2020-11,3,Week 3,desktop,google,organic,(organic),Russia,111,4,3.6
2020-11-01,2020-11,1,Week 1,desktop,google,organic,(organic),United Kingdom,500,18,3.6
2020-11-01,2020-11,2,Week 2,mobile,<Other>,organic,(organic),India,83,3,3.61
2020-11-01,2020-11,1,Week 1,desktop,google,organic,(organic),Turkey,138,5,3.62
2020-11-01,2020-11,3,Week 3,mobile,google,organic,(organic),Italy,165,6,3.64
2020-11-01,2020-11,3,Week 3,desktop,<Other>,organic,(organic),India,137,5,3.65
2020-11-01,2020-11,4,Week 4,mobile,google,organic,(organic),Brazil,109,4,3.67
2020-11-01,2020-11,2,Week 2,mobile,google,organic,(organic),Turkey,109,4,3.67
2020-11-01,2020-11,1,Week 1,desktop,google,organic,(organic),Spain,299,11,3.68
2020-11-01,2020-11,4,Week 4,desktop,google,organic,(organic),Greece,54,2,3.7
2020-11-01,2020-11,4,Week 4,desktop,google,organic,(organic),Finland,27,1,3.7
2020-11-01,2020-11,5,Week 5,mobile,google,organic,(organic),Chile,27,1,3.7
2020-11-01,2020-11,1,Week 1,desktop,google,organic,(organic),Finland,27,1,3.7
2020-11-01,2020-11,4,Week 4,mobile,google,organic,(organic),Chile,27,1,3.7
2020-11-01,2020-11,5,Week 5,desktop,google,organic,(organic),Finland,27,1,3.7
2020-11-01,2020-11,5,Week 5,desktop,google,organic,(organic),Malaysia,80,3,3.75
2020-11-01,2020-11,2,Week 2,tablet,google,organic,(organic),Canada,53,2,3.77
2020-11-01,2020-11,5,Week 5,mobile,google,organic,(organic),Peru,53,2,3.77
2020-11-01,2020-11,3,Week 3,mobile,google,organic,(organic),Switzerland,53,2,3.77
2020-11-01,2020-11,2,Week 2,mobile,google,organic,(organic),Switzerland,53,2,3.77
2020-11-01,2020-11,3,Week 3,mobile,google,organic,(organic),Peru,53,2,3.77
2020-11-01,2020-11,1,Week 1,desktop,google,organic,(organic),Germany,262,10,3.82
2020-11-01,2020-11,2,Week 2,mobile,<Other>,organic,(organic),United States,443,17,3.84
2020-11-01,2020-11,6,Week 6,desktop,<Other>,organic,(organic),United Kingdom,52,2,3.85
2020-11-01,2020-11,2,Week 2,desktop,google,organic,(organic),South Africa,26,1,3.85
2020-11-01,2020-11,3,Week 3,mobile,google,organic,(organic),Philippines,52,2,3.85
2020-11-01,2020-11,5,Week 5,desktop,<Other>,organic,(organic),United Kingdom,52,2,3.85
2020-11-01,2020-11,9,Week 9,desktop,google,organic,(organic),South Africa,26,1,3.85
2020-11-01,2020-11,4,Week 4,desktop,<Other>,organic,(organic),United Kingdom,52,2,3.85
2020-11-01,2020-11,7,Week 7,desktop,google,organic,(organic),South Africa,26,1,3.85
2020-11-01,2020-11,2,Week 2,mobile,google,organic,(organic),Philippines,52,2,3.85
2020-11-01,2020-11,7,Week 7,desktop,google,organic,(organic),Ukraine,52,2,3.85
2020-11-01,2020-11,2,Week 2,desktop,<Other>,organic,(organic),United Kingdom,52,2,3.85
2020-11-01,2020-11,1,Week 1,desktop,google,organic,(organic),Hong Kong,103,4,3.88
2020-11-01,2020-11,4,Week 4,mobile,google,organic,(organic),Netherlands,128,5,3.91
2020-11-01,2020-11,2,Week 2,mobile,google,organic,(organic),China,178,7,3.93
2020-11-01,2020-11,2,Week 2,desktop,google,organic,(organic),Philippines,76,3,3.95
2020-11-01,2020-11,5,Week 5,mobile,google,organic,(organic),Saudi Arabia,25,1,4.0
2020-11-01,2020-11,2,Week 2,mobile,google,organic,(organic),(not set),75,3,4.0
2020-11-01,2020-11,6,Week 6,mobile,google,organic,(organic),Austria,25,1,4.0
2020-11-01,2020-11,1,Week 1,mobile,google,organic,(organic),Indonesia,100,4,4.0
2020-11-01,2020-11,2,Week 2,desktop,google,organic,(organic),Taiwan,247,10,4.05
2020-11-01,2020-11,1,Week 1,desktop,google,organic,(organic),Taiwan,247,10,4.05
2020-11-01,2020-11,1,Week 1,mobile,google,organic,(organic),Colombia,49,2,4.08
2020-11-01,2020-11,1,Week 1,desktop,google,organic,(organic),Singapore,196,8,4.08
2020-11-01,2020-11,5,Week 5,mobile,google,organic,(organic),Colombia,49,2,4.08
2020-11-01,2020-11,7,Week 7,desktop,google,organic,(organic),Bangladesh,24,1,4.17
2020-11-01,2020-11,10,Week 10,desktop,google,organic,(organic),Bangladesh,24,1,4.17
2020-11-01,2020-11,2,Week 2,desktop,google,organic,(organic),Bangladesh,24,1,4.17
2020-11-01,2020-11,11,Week 11,desktop,google,organic,(organic),Bangladesh,24,1,4.17
2020-11-01,2020-11,3,Week 3,desktop,google,organic,(organic),Mexico,143,6,4.2
2020-11-01,2020-11,1,Week 1,desktop,google,organic,(organic),South Korea,189,8,4.23
2020-11-01,2020-11,2,Week 2,mobile,google,organic,(organic),Italy,165,7,4.24
2020-11-01,2020-11,1,Week 1,desktop,google,organic,(organic),Denmark,47,2,4.26
2020-11-01,2020-11,2,Week 2,desktop,google,organic,(organic),Peru,70,3,4.29
2020-11-01,2020-11,1,Week 1,mobile,google,organic,(organic),Spain,209,9,4.31
2020-11-01,2020-11,1,Week 1,desktop,google,organic,(organic),Israel,69,3,4.35
2020-11-01,2020-11,4,Week 4,desktop,google,organic,(organic),Hungary,23,1,4.35
2020-11-01,2020-11,8,Week 8,desktop,google,organic,(organic),Hungary,23,1,4.35
2020-11-01,2020-11,11,Week 11,desktop,google,organic,(organic),Hungary,23,1,4.35
2020-11-01,2020-11,2,Week 2,desktop,google,organic,(organic),Israel,69,3,4.35
2020-11-01,2020-11,1,Week 1,desktop,google,organic,(organic),France,293,13,4.44
2020-11-01,2020-11,4,Week 4,desktop,google,organic,(organic),Netherlands,179,8,4.47
2020-11-01,2020-11,1,Week 1,desktop,google,organic,(organic),Portugal,67,3,4.48
2020-11-01,2020-11,3,Week 3,desktop,google,organic,(organic),Austria,44,2,4.55
2020-11-01,2020-11,1,Week 1,desktop,google,organic,(organic),Norway,22,1,4.55
2020-11-01,2020-11,2,Week 2,desktop,google,organic,(organic),Austria,44,2,4.55
2020-11-01,2020-11,7,Week 7,mobile,google,organic,(organic),Norway,22,1,4.55
2020-11-01,2020-11,1,Week 1,desktop,google,organic,(organic),Japan,198,9,4.55
2020-11-01,2020-11,2,Week 2,mobile,google,organic,(organic),Australia,108,5,4.63
2020-11-01,2020-11,4,Week 4,mobile,google,organic,(organic),Portugal,43,2,4.65
2020-11-01,2020-11,1,Week 1,desktop,google,organic,(organic),Pakistan,86,4,4.65
2020-11-01,2020-11,1,Week 1,mobile,google,organic,(organic),Portugal,43,2,4.65
2020-11-01,2020-11,2,Week 2,mobile,google,organic,(organic),Portugal,43,2,4.65
2020-11-01,2020-11,3,Week 3,desktop,google,organic,(organic),New Zealand,21,1,4.76
2020-11-01,2020-11,4,Week 4,desktop,google,organic,(organic),New Zealand,21,1,4.76
2020-11-01,2020-11,5,Week 5,desktop,google,organic,(organic),New Zealand,21,1,4.76
2020-11-01,2020-11,2,Week 2,desktop,<Other>,organic,(organic),Taiwan,21,1,4.76
2020-11-01,2020-11,1,Week 1,desktop,google,organic,(organic),Sweden,84,4,4.76
2020-11-01,2020-11,2,Week 2,desktop,google,organic,(organic),New Zealand,21,1,4.76
2020-11-01,2020-11,3,Week 3,desktop,google,organic,(organic),Morocco,21,1,4.76
2020-11-01,2020-11,1,Week 1,desktop,<Other>,organic,(organic),Taiwan,21,1,4.76
2020-11-01,2020-11,3,Week 3,desktop,<Other>,organic,(organic),Taiwan,21,1,4.76
2020-11-01,2020-11,11,Week 11,desktop,google,organic,(organic),New Zealand,21,1,4.76
2020-11-01,2020-11,1,Week 1,mobile,google,organic,(organic),Poland,84,4,4.76
2020-11-01,2020-11,1,Week 1,desktop,google,organic,(organic),Brazil,145,7,4.83
2020-11-01,2020-11,1,Week 1,mobile,google,organic,(organic),Malaysia,61,3,4.92
2020-11-01,2020-11,2,Week 2,mobile,google,organic,(organic),Ireland,61,3,4.92
2020-11-01,2020-11,1,Week 1,desktop,google,organic,(organic),Slovakia,20,1,5.0
2020-11-01,2020-11,4,Week 4,desktop,<Other>,organic,(organic),Singapore,20,1,5.0
2020-11-01,2020-11,2,Week 2,desktop,<Other>,organic,(organic),Japan,20,1,5.0
2020-11-01,2020-11,3,Week 3,desktop,<Other>,organic,(organic),Japan,20,1,5.0
2020-11-01,2020-11,7,Week 7,desktop,google,organic,(organic),Slovakia,20,1,5.0
2020-11-01,2020-11,1,Week 1,mobile,<Other>,organic,(organic),Germany,20,1,5.0
2020-11-01,2020-11,2,Week 2,desktop,<Other>,organic,(organic),Germany,20,1,5.0
2020-11-01,2020-11,8,Week 8,desktop,google,organic,(organic),Slovakia,20,1,5.0
2020-11-01,2020-11,2,Week 2,mobile,google,organic,(organic),Thailand,40,2,5.0
2020-11-01,2020-11,4,Week 4,desktop,<Other>,organic,(organic),Japan,20,1,5.0
2020-11-01,2020-11,8,Week 8,desktop,<Other>,organic,(organic),Japan,20,1,5.0
2020-11-01,2020-11,3,Week 3,desktop,<Other>,organic,(organic),Germany,20,1,5.0
2020-11-01,2020-11,1,Week 1,mobile,google,organic,(organic),Thailand,40,2,5.0
2020-11-01,2020-11,1,Week 1,desktop,<Other>,organic,(organic),Italy,20,1,5.0
2020-11-01,2020-11,1,Week 1,desktop,google,organic,(organic),Italy,218,11,5.05
2020-11-01,2020-11,3,Week 3,desktop,google,organic,(organic),Vietnam,59,3,5.08
2020-11-01,2020-11,3,Week 3,desktop,google,organic,(organic),Belgium,59,3,5.08
2020-11-01,2020-11,6,Week 6,desktop,google,organic,(organic),Vietnam,59,3,5.08
2020-11-01,2020-11,2,Week 2,mobile,google,organic,(organic),Denmark,39,2,5.13
2020-11-01,2020-11,1,Week 1,mobile,google,organic,(organic),Denmark,39,2,5.13
2020-11-01,2020-11,1,Week 1,mobile,google,organic,(organic),France,194,10,5.15
2020-11-01,2020-11,1,Week 1,tablet,google,organic,(organic),India,58,3,5.17
2020-11-01,2020-11,1,Week 1,mobile,<Other>,organic,(organic),United States,443,23,5.19
2020-11-01,2020-11,1,Week 1,mobile,google,organic,(organic),Germany,212,11,5.19
2020-11-01,2020-11,1,Week 1,mobile,google,organic,(organic),United Kingdom,343,18,5.25
2020-11-01,2020-11,2,Week 2,desktop,<Other>,organic,(organic),South Korea,19,1,5.26
2020-11-01,2020-11,9,Week 9,desktop,<Other>,organic,(organic),South Korea,19,1,5.26
2020-11-01,2020-11,7,Week 7,mobile,<Other>,organic,(organic),Japan,19,1,5.26
2020-11-01,2020-11,6,Week 6,mobile,<Other>,organic,(organic),Japan,19,1,5.26
2020-11-01,2020-11,2,Week 2,desktop,<Other>,organic,(organic),Canada,113,6,5.31
2020-11-01,2020-11,1,Week 1,mobile,google,organic,(organic),United States,4708,250,5.31
2020-11-01,2020-11,3,Week 3,mobile,google,organic,(organic),(not set),75,4,5.33
2020-11-01,2020-11,1,Week 1,mobile,google,organic,(organic),Sweden,56,3,5.36
2020-11-01,2020-11,5,Week 5,mobile,google,organic,(organic),Czechia,37,2,5.41
2020-11-01,2020-11,4,Week 4,mobile,google,organic,(organic),Czechia,37,2,5.41
2020-11-01,2020-11,1,Week 1,mobile,google,organic,(organic),Italy,165,9,5.45
2020-11-01,2020-11,2,Week 2,mobile,google,organic,(organic),Netherlands,128,7,5.47
2020-11-01,2020-11,1,Week 1,desktop,google,organic,(organic),United States,6944,381,5.49
2020-11-01,2020-11,1,Week 1,mobile,google,organic,(organic),Ukraine,36,2,5.56
2020-11-01,2020-11,1,Week 1,mobile,google,organic,(organic),Australia,108,6,5.56
2020-11-01,2020-11,2,Week 2,mobile,google,organic,(organic),Ukraine,36,2,5.56
2020-11-01,2020-11,2,Week 2,desktop,google,organic,(organic),Greece,54,3,5.56
2020-11-01,2020-11,1,Week 1,mobile,google,organic,(organic),Switzerland,53,3,5.66
2020-11-01,2020-11,4,Week 4,mobile,google,organic,(organic),Switzerland,53,3,5.66
2020-11-01,2020-11,1,Week 1,desktop,google,organic,(organic),India,1502,85,5.66
2020-11-01,2020-11,1,Week 1,mobile,google,organic,(organic),South Korea,141,8,5.67
2020-11-01,2020-11,2,Week 2,mobile,google,organic,(organic),Belgium,35,2,5.71
2020-11-01,2020-11,1,Week 1,desktop,google,organic,(organic),Canada,1131,65,5.75
2020-11-01,2020-11,2,Week 2,mobile,google,organic,(organic),Pakistan,52,3,5.77
2020-11-01,2020-11,2,Week 2,desktop,google,organic,(organic),Ukraine,52,3,5.77
2020-11-01,2020-11,1,Week 1,mobile,google,organic,(organic),Pakistan,52,3,5.77
2020-11-01,2020-11,1,Week 1,desktop,<Other>,organic,(organic),United States,631,37,5.86
2020-11-01,2020-11,7,Week 7,mobile,google,organic,(organic),Bangladesh,17,1,5.88
2020-11-01,2020-11,5,Week 5,mobile,<Other>,organic,(organic),Spain,17,1,5.88
2020-11-01,2020-11,1,Week 1,mobile,google,organic,(organic),Bangladesh,17,1,5.88
2020-11-01,2020-11,1,Week 1,mobile,<Other>,organic,(organic),Spain,17,1,5.88
2020-11-01,2020-11,6,Week 6,mobile,<Other>,organic,(organic),Spain,17,1,5.88
2020-11-01,2020-11,1,Week 1,desktop,google,organic,(organic),Australia,153,9,5.88
2020-11-01,2020-11,1,Week 1,mobile,<Other>,organic,(organic),United Kingdom,34,2,5.88
2020-11-01,2020-11,4,Week 4,mobile,google,organic,(organic),Egypt,17,1,5.88
2020-11-01,2020-11,5,Week 5,mobile,google,organic,(organic),Bulgaria,17,1,5.88
2020-11-01,2020-11,6,Week 6,mobile,google,organic,(organic),Bangladesh,17,1,5.88
2020-11-01,2020-11,2,Week 2,mobile,<Other>,organic,(organic),Spain,17,1,5.88
2020-11-01,2020-11,10,Week 10,mobile,google,organic,(organic),Bulgaria,17,1,5.88
2020-11-01,2020-11,3,Week 3,mobile,google,organic,(organic),Bangladesh,17,1,5.88
2020-11-01,2020-11,2,Week 2,mobile,google,organic,(organic),Bangladesh,17,1,5.88
2020-11-01,2020-11,1,Week 1,mobile,google,organic,(organic),Canada,831,49,5.9
2020-11-01,2020-11,1,Week 1,tablet,google,organic,(organic),United States,266,16,6.02
2020-11-01,2020-11,7,Week 7,desktop,google,organic,(organic),Egypt,33,2,6.06
2020-11-01,2020-11,1,Week 1,mobile,google,organic,(organic),Singapore,147,9,6.12
2020-11-01,2020-11,2,Week 2,mobile,google,organic,(organic),Colombia,49,3,6.12
2020-11-01,2020-11,1,Week 1,desktop,google,organic,(organic),Netherlands,179,11,6.15
2020-11-01,2020-11,1,Week 1,mobile,google,organic,(organic),Japan,146,9,6.16
2020-11-01,2020-11,1,Week 1,mobile,google,organic,(organic),China,178,11,6.18
2020-11-01,2020-11,1,Week 1,desktop,<Other>,organic,(organic),Canada,113,7,6.19
2020-11-01,2020-11,2,Week 2,mobile,<Other>,organic,(organic),Taiwan,16,1,6.25
2020-11-01,2020-11,5,Week 5,mobile,google,organic,(organic),Finland,16,1,6.25
2020-11-01,2020-11,6,Week 6,mobile,google,organic,(organic),Finland,16,1,6.25
2020-11-01,2020-11,4,Week 4,desktop,google,organic,(organic),Georgia,16,1,6.25
2020-11-01,2020-11,3,Week 3,desktop,google,organic,(organic),Georgia,16,1,6.25
2020-11-01,2020-11,2,Week 2,tablet,google,organic,(organic),China,16,1,6.25
2020-11-01,2020-11,2,Week 2,tablet,<Other>,organic,(organic),United States,32,2,6.25
2020-11-01,2020-11,1,Week 1,tablet,google,organic,(organic),China,16,1,6.25
2020-11-01,2020-11,1,Week 1,desktop,<Other>,organic,(organic),France,31,2,6.45
2020-11-01,2020-11,1,Week 1,desktop,google,organic,(organic),Ireland,92,6,6.52
2020-11-01,2020-11,1,Week 1,mobile,google,organic,(organic),Israel,46,3,6.52
2020-11-01,2020-11,1,Week 1,mobile,google,organic,(organic),India,980,64,6.53
2020-11-01,2020-11,1,Week 1,mobile,google,organic,(organic),Ireland,61,4,6.56
2020-11-01,2020-11,1,Week 1,desktop,<Other>,organic,(organic),India,137,9,6.57
2020-11-01,2020-11,6,Week 6,mobile,<Other>,organic,(organic),France,15,1,6.67
2020-11-01,2020-11,1,Week 1,desktop,google,organic,(organic),Colombia,60,4,6.67
2020-11-01,2020-11,1,Week 1,desktop,google,organic,(organic),Slovenia,15,1,6.67
2020-11-01,2020-11,1,Week 1,desktop,<Other>,organic,(organic),Australia,15,1,6.67
2020-11-01,2020-11,1,Week 1,mobile,google,organic,(organic),Nigeria,15,1,6.67
2020-11-01,2020-11,4,Week 4,mobile,google,organic,(organic),Nigeria,15,1,6.67
2020-11-01,2020-11,2,Week 2,desktop,google,organic,(organic),Vietnam,59,4,6.78
2020-11-01,2020-11,4,Week 4,desktop,google,organic,(organic),Belgium,59,4,6.78
2020-11-01,2020-11,1,Week 1,desktop,google,organic,(organic),China,248,17,6.85
2020-11-01,2020-11,1,Week 1,desktop,google,organic,(organic),Saudi Arabia,29,2,6.9
2020-11-01,2020-11,3,Week 3,mobile,google,organic,(organic),Portugal,43,3,6.98
2020-11-01,2020-11,1,Week 1,desktop,google,organic,(organic),Poland,129,9,6.98
2020-11-01,2020-11,1,Week 1,mobile,google,organic,(organic),Hungary,14,1,7.14
2020-11-01,2020-11,2,Week 2,desktop,<Other>,organic,(organic),Spain,28,2,7.14
2020-11-01,2020-11,5,Week 5,mobile,google,organic,(organic),Hungary,14,1,7.14
2020-11-01,2020-11,3,Week 3,mobile,google,organic,(organic),Sri Lanka,14,1,7.14
2020-11-01,2020-11,1,Week 1,desktop,google,organic,(organic),Chile,28,2,7.14
2020-11-01,2020-11,5,Week 5,mobile,google,organic,(organic),Sri Lanka,14,1,7.14
2020-11-01,2020-11,3,Week 3,mobile,google,organic,(organic),Hungary,14,1,7.14
2020-11-01,2020-11,1,Week 1,mobile,<Other>,organic,(organic),India,83,6,7.23
2020-11-01,2020-11,1,Week 1,mobile,google,organic,(organic),Brazil,109,8,7.34
2020-11-01,2020-11,2,Week 2,desktop,google,organic,(organic),Finland,27,2,7.41
2020-11-01,2020-11,1,Week 1,desktop,google,organic,(organic),Nigeria,27,2,7.41
2020-11-01,2020-11,1,Week 1,mobile,google,organic,(organic),Chile,27,2,7.41
2020-11-01,2020-11,1,Week 1,desktop,google,organic,(organic),Lithuania,27,2,7.41
2020-11-01,2020-11,2,Week 2,desktop,google,organic,(organic),Lithuania,27,2,7.41
2020-11-01,2020-11,1,Week 1,desktop,google,organic,(organic),Indonesia,134,10,7.46
2020-11-01,2020-11,4,Week 4,mobile,google,organic,(organic),Peru,53,4,7.55
2020-11-01,2020-11,2,Week 2,desktop,google,organic,(organic),Dominican Republic,13,1,7.69
2020-11-01,2020-11,1,Week 1,mobile,google,organic,(organic),Mexico,78,6,7.69
2020-11-01,2020-11,3,Week 3,mobile,<Other>,organic,(organic),Singapore,13,1,7.69
2020-11-01,2020-11,2,Week 2,desktop,<Other>,organic,(organic),Colombia,13,1,7.69
2020-11-01,2020-11,1,Week 1,mobile,<Other>,organic,(organic),Singapore,13,1,7.69
2020-11-01,2020-11,1,Week 1,desktop,<Other>,organic,(organic),Colombia,13,1,7.69
2020-11-01,2020-11,1,Week 1,desktop,google,organic,(organic),Mexico,143,11,7.69
2020-11-01,2020-11,1,Week 1,mobile,<Other>,organic,(organic),Mexico,13,1,7.69
2020-11-01,2020-11,3,Week 3,mobile,google,organic,(organic),Denmark,39,3,7.69
2020-11-01,2020-11,2,Week 2,desktop,<Other>,organic,(organic),Brazil,13,1,7.69
2020-11-01,2020-11,6,Week 6,desktop,google,organic,(organic),South Africa,26,2,7.69
2020-11-01,2020-11,1,Week 1,mobile,google,organic,(organic),(not set),75,6,8.0
2020-11-01,2020-11,1,Week 1,mobile,google,organic,(organic),Austria,25,2,8.0
2020-11-01,2020-11,1,Week 1,mobile,google,organic,(organic),Russia,61,5,8.2
2020-11-01,2020-11,1,Week 1,mobile,google,organic,(organic),Taiwan,158,13,8.23
2020-11-01,2020-11,4,Week 4,desktop,google,organic,(organic),Iraq,12,1,8.33
2020-11-01,2020-11,1,Week 1,mobile,<Other>,organic,(organic),Netherlands,12,1,8.33
2020-11-01,2020-11,3,Week 3,desktop,<Other>,organic,(organic),Ireland,12,1,8.33
2020-11-01,2020-11,1,Week 1,desktop,google,organic,(organic),Czechia,36,3,8.33
2020-11-01,2020-11,8,Week 8,tablet,google,organic,(organic),Spain,12,1,8.33
2020-11-01,2020-11,1,Week 1,tablet,google,organic,(organic),Spain,12,1,8.33
2020-11-01,2020-11,2,Week 2,mobile,google,organic,(organic),Morocco,12,1,8.33
2020-11-01,2020-11,2,Week 2,mobile,<Other>,organic,(organic),Netherlands,12,1,8.33
2020-11-01,2020-11,1,Week 1,desktop,google,organic,(organic),Bangladesh,24,2,8.33
2020-11-01,2020-11,5,Week 5,mobile,google,organic,(organic),Morocco,12,1,8.33
2020-11-01,2020-11,2,Week 2,mobile,<Other>,organic,(organic),China,12,1,8.33
2020-11-01,2020-11,2,Week 2,desktop,<Other>,organic,(organic),Ireland,12,1,8.33
2020-11-01,2020-11,1,Week 1,desktop,google,organic,(organic),Vietnam,59,5,8.47
2020-11-01,2020-11,2,Week 2,desktop,google,organic,(organic),Belgium,59,5,8.47
2020-11-01,2020-11,1,Week 1,mobile,google,organic,(organic),Netherlands,128,11,8.59
2020-11-01,2020-11,1,Week 1,mobile,<Other>,organic,(organic),Canada,69,6,8.7
2020-11-01,2020-11,1,Week 1,desktop,google,organic,(organic),Russia,111,10,9.01
2020-11-01,2020-11,4,Week 4,mobile,<Other>,organic,(organic),Turkey,11,1,9.09
2020-11-01,2020-11,5,Week 5,tablet,google,organic,(organic),Italy,11,1,9.09
2020-11-01,2020-11,1,Week 1,mobile,google,organic,(organic),Norway,22,2,9.09
2020-11-01,2020-11,1,Week 1,desktop,google,organic,(organic),Austria,44,4,9.09
2020-11-01,2020-11,4,Week 4,tablet,google,organic,(organic),Italy,11,1,9.09
2020-11-01,2020-11,1,Week 1,mobile,<Other>,organic,(organic),Turkey,11,1,9.09
2020-11-01,2020-11,1,Week 1,desktop,<Other>,organic,(organic),Poland,11,1,9.09
2020-11-01,2020-11,1,Week 1,tablet,google,organic,(organic),Germany,11,1,9.09
2020-11-01,2020-11,1,Week 1,desktop,<Other>,organic,(organic),Portugal,11,1,9.09
2020-11-01,2020-11,1,Week 1,mobile,google,organic,(organic),Turkey,109,10,9.17
2020-11-01,2020-11,1,Week 1,desktop,google,organic,(organic),Sri Lanka,32,3,9.38
2020-11-01,2020-11,1,Week 1,tablet,<Other>,organic,(organic),United States,32,3,9.38
2020-11-01,2020-11,1,Week 1,tablet,google,organic,(organic),Canada,53,5,9.43
2020-11-01,2020-11,2,Week 2,desktop,google,organic,(organic),Morocco,21,2,9.52
2020-11-01,2020-11,4,Week 4,desktop,<Other>,organic,(organic),Taiwan,21,2,9.52
2020-11-01,2020-11,1,Week 1,mobile,google,organic,(organic),Philippines,52,5,9.62
2020-11-01,2020-11,4,Week 4,mobile,google,organic,(organic),Kuwait,10,1,10.0
2020-11-01,2020-11,1,Week 1,desktop,<Other>,organic,(organic),Singapore,20,2,10.0
2020-11-01,2020-11,3,Week 3,desktop,<Other>,organic,(organic),Malaysia,10,1,10.0
2020-11-01,2020-11,4,Week 4,mobile,<Other>,organic,(organic),(not set),10,1,10.0
2020-11-01,2020-11,5,Week 5,mobile,google,organic,(organic),Ecuador,10,1,10.0
2020-11-01,2020-11,5,Week 5,desktop,google,organic,(organic),Qatar,10,1,10.0
2020-11-01,2020-11,1,Week 1,desktop,google,organic,(organic),Peru,70,7,10.0
2020-11-01,2020-11,9,Week 9,mobile,google,organic,(organic),Ecuador,10,1,10.0
2020-11-01,2020-11,12,Week 12,desktop,google,organic,(organic),Qatar,10,1,10.0
2020-11-01,2020-11,6,Week 6,desktop,<Other>,organic,(organic),Malaysia,10,1,10.0
2020-11-01,2020-11,4,Week 4,desktop,google,organic,(organic),Qatar,10,1,10.0
2020-11-01,2020-11,1,Week 1,desktop,<Other>,organic,(organic),Germany,20,2,10.0
2020-11-01,2020-11,6,Week 6,desktop,google,organic,(organic),Qatar,10,1,10.0
2020-11-01,2020-11,5,Week 5,desktop,<Other>,organic,(organic),Malaysia,10,1,10.0
2020-11-01,2020-11,5,Week 5,desktop,<Other>,organic,(organic),Philippines,10,1,10.0
2020-11-01,2020-11,2,Week 2,desktop,<Other>,organic,(organic),Philippines,10,1,10.0
2020-11-01,2020-11,9,Week 9,desktop,google,organic,(organic),Qatar,10,1,10.0
2020-11-01,2020-11,4,Week 4,desktop,<Other>,organic,(organic),Malaysia,10,1,10.0
2020-11-01,2020-11,4,Week 4,mobile,google,organic,(organic),Denmark,39,4,10.26
2020-11-01,2020-11,3,Week 3,desktop,<Other>,organic,(organic),South Korea,19,2,10.53
2020-11-01,2020-11,1,Week 1,mobile,<Other>,organic,(organic),Japan,19,2,10.53
2020-11-01,2020-11,1,Week 1,desktop,<Other>,organic,(organic),South Korea,19,2,10.53
2020-11-01,2020-11,1,Week 1,desktop,google,organic,(organic),Philippines,76,8,10.53
2020-11-01,2020-11,1,Week 1,desktop,google,organic,(organic),United Arab Emirates,56,6,10.71
2020-11-01,2020-11,2,Week 2,mobile,google,organic,(organic),Czechia,37,4,10.81
2020-11-01,2020-11,1,Week 1,mobile,google,organic,(organic),Czechia,37,4,10.81
2020-11-01,2020-11,4,Week 4,mobile,<Other>,organic,(organic),Ireland,9,1,11.11
2020-11-01,2020-11,10,Week 10,mobile,<Other>,organic,(organic),Ireland,9,1,11.11
2020-11-01,2020-11,3,Week 3,mobile,<Other>,organic,(organic),Ireland,9,1,11.11
2020-11-01,2020-11,1,Week 1,mobile,<Other>,organic,(organic),Poland,9,1,11.11
2020-11-01,2020-11,2,Week 2,mobile,google,organic,(organic),Peru,53,6,11.32
2020-11-01,2020-11,1,Week 1,mobile,google,organic,(organic),Belgium,35,4,11.43
2020-11-01,2020-11,4,Week 4,mobile,google,organic,(organic),Bulgaria,17,2,11.76
2020-11-01,2020-11,10,Week 10,mobile,google,organic,(organic),Slovenia,8,1,12.5
2020-11-01,2020-11,2,Week 2,desktop,google,organic,(organic),United Arab Emirates,56,7,12.5
2020-11-01,2020-11,2,Week 2,mobile,google,organic,(organic),Finland,16,2,12.5
2020-11-01,2020-11,1,Week 1,tablet,<Other>,organic,(organic),Canada,8,1,12.5
2020-11-01,2020-11,2,Week 2,mobile,google,organic,(organic),North Macedonia,8,1,12.5
2020-11-01,2020-11,1,Week 1,mobile,google,organic,(organic),Finland,16,2,12.5
2020-11-01,2020-11,2,Week 2,desktop,<Other>,organic,(organic),Belgium,8,1,12.5
2020-11-01,2020-11,1,Week 1,mobile,<Other>,organic,(organic),Malaysia,8,1,12.5
2020-11-01,2020-11,1,Week 1,mobile,google,organic,(organic),North Macedonia,8,1,12.5
2020-11-01,2020-11,10,Week 10,tablet,google,organic,(organic),Turkey,8,1,12.5
2020-11-01,2020-11,1,Week 1,desktop,<Other>,organic,(organic),Belgium,8,1,12.5
2020-11-01,2020-11,6,Week 6,mobile,<Other>,organic,(organic),Malaysia,8,1,12.5
2020-11-01,2020-11,1,Week 1,desktop,google,organic,(organic),Palestine,8,1,12.5
2020-11-01,2020-11,1,Week 1,mobile,<Other>,organic,(organic),Taiwan,16,2,12.5
2020-11-01,2020-11,1,Week 1,desktop,google,organic,(organic),Georgia,16,2,12.5
2020-11-01,2020-11,4,Week 4,mobile,<Other>,organic,(organic),Malaysia,8,1,12.5
2020-11-01,2020-11,2,Week 2,mobile,<Other>,organic,(organic),Malaysia,8,1,12.5
2020-11-01,2020-11,4,Week 4,mobile,google,organic,(organic),Slovenia,8,1,12.5
2020-11-01,2020-11,2,Week 2,desktop,<Other>,organic,(organic),Pakistan,8,1,12.5
2020-11-01,2020-11,1,Week 1,mobile,google,organic,(organic),Peru,53,7,13.21
2020-11-01,2020-11,2,Week 2,mobile,google,organic,(organic),Nigeria,15,2,13.33
2020-11-01,2020-11,5,Week 5,mobile,<Other>,organic,(organic),France,15,2,13.33
2020-11-01,2020-11,9,Week 9,desktop,google,organic,(organic),Paraguay,7,1,14.29
2020-11-01,2020-11,3,Week 3,tablet,google,organic,(organic),Malaysia,7,1,14.29
2020-11-01,2020-11,2,Week 2,mobile,google,organic,(organic),Sri Lanka,14,2,14.29
2020-11-01,2020-11,1,Week 1,tablet,google,organic,(organic),Malaysia,7,1,14.29
2020-11-01,2020-11,2,Week 2,desktop,<Other>,organic,(organic),China,14,2,14.29
2020-11-01,2020-11,1,Week 1,mobile,<Other>,organic,(organic),Sweden,7,1,14.29
2020-11-01,2020-11,1,Week 1,desktop,google,organic,(organic),Paraguay,7,1,14.29
2020-11-01,2020-11,1,Week 1,mobile,google,organic,(organic),Sri Lanka,14,2,14.29
2020-11-01,2020-11,3,Week 3,mobile,<Other>,organic,(organic),Sweden,7,1,14.29
2020-11-01,2020-11,3,Week 3,desktop,google,organic,(organic),Paraguay,7,1,14.29
2020-11-01,2020-11,8,Week 8,desktop,google,organic,(organic),Paraguay,7,1,14.29
2020-11-01,2020-11,1,Week 1,desktop,<Other>,organic,(organic),Japan,20,3,15.0
2020-11-01,2020-11,1,Week 1,desktop,google,organic,(organic),South Africa,26,4,15.38
2020-11-01,2020-11,1,Week 1,mobile,google,organic,(organic),Puerto Rico,6,1,16.67
2020-11-01,2020-11,7,Week 7,mobile,<Other>,organic,(organic),Hong Kong,6,1,16.67
2020-11-01,2020-11,2,Week 2,mobile,google,organic,(organic),Palestine,6,1,16.67
2020-11-01,2020-11,1,Week 1,mobile,google,organic,(organic),Morocco,12,2,16.67
2020-11-01,2020-11,1,Week 1,desktop,google,organic,(organic),Oman,6,1,16.67
2020-11-01,2020-11,4,Week 4,mobile,<Other>,organic,(organic),Hong Kong,6,1,16.67
2020-11-01,2020-11,1,Week 1,mobile,<Other>,organic,(organic),South Korea,12,2,16.67
2020-11-01,2020-11,1,Week 1,desktop,google,organic,(organic),Cambodia,6,1,16.67
2020-11-01,2020-11,1,Week 1,desktop,<Other>,organic,(organic),Ireland,12,2,16.67
2020-11-01,2020-11,2,Week 2,mobile,<Other>,organic,(organic),Pakistan,6,1,16.67
2020-11-01,2020-11,1,Week 1,mobile,google,organic,(organic),Palestine,6,1,16.67
2020-11-01,2020-11,1,Week 1,desktop,google,organic,(organic),Kazakhstan,6,1,16.67
2020-11-01,2020-11,1,Week 1,desktop,google,organic,(organic),Myanmar (Burma),6,1,16.67
2020-11-01,2020-11,3,Week 3,mobile,google,organic,(organic),Palestine,6,1,16.67
2020-11-01,2020-11,2,Week 2,desktop,google,organic,(organic),Kazakhstan,6,1,16.67
2020-11-01,2020-11,1,Week 1,mobile,google,organic,(organic),Bulgaria,17,3,17.65
2020-11-01,2020-11,8,Week 8,mobile,google,organic,(organic),Venezuela,5,1,20.0
2020-11-01,2020-11,2,Week 2,mobile,<Other>,organic,(organic),Thailand,5,1,20.0
2020-11-01,2020-11,1,Week 1,mobile,google,organic,(organic),Venezuela,5,1,20.0
2020-11-01,2020-11,3,Week 3,mobile,google,organic,(organic),Kuwait,10,2,20.0
2020-11-01,2020-11,5,Week 5,mobile,google,organic,(organic),Venezuela,5,1,20.0
2020-11-01,2020-11,2,Week 2,tablet,google,organic,(organic),Brazil,5,1,20.0
2020-11-01,2020-11,9,Week 9,mobile,google,organic,(organic),Venezuela,5,1,20.0
2020-11-01,2020-11,1,Week 1,tablet,google,organic,(organic),Brazil,5,1,20.0
2020-11-01,2020-11,1,Week 1,tablet,google,organic,(organic),Hong Kong,5,1,20.0
2020-11-01,2020-11,1,Week 1,mobile,google,organic,(organic),Ecuador,10,2,20.0
2020-11-01,2020-11,1,Week 1,desktop,google,organic,(organic),Qatar,10,2,20.0
2020-11-01,2020-11,3,Week 3,mobile,google,organic,(organic),Venezuela,5,1,20.0
2020-11-01,2020-11,7,Week 7,tablet,google,organic,(organic),Brazil,5,1,20.0
2020-11-01,2020-11,1,Week 1,mobile,<Other>,organic,(organic),Thailand,5,1,20.0
2020-11-01,2020-11,2,Week 2,mobile,<Other>,organic,(organic),Ireland,9,2,22.22
2020-11-01,2020-11,3,Week 3,desktop,google,organic,(organic),Albania,4,1,25.0
2020-11-01,2020-11,9,Week 9,mobile,<Other>,organic,(organic),Lithuania,4,1,25.0
2020-11-01,2020-11,3,Week 3,mobile,<Other>,organic,(organic),Russia,4,1,25.0
2020-11-01,2020-11,3,Week 3,mobile,<Other>,organic,(organic),Lithuania,4,1,25.0
2020-11-01,2020-11,5,Week 5,mobile,<Other>,organic,(organic),Russia,4,1,25.0
2020-11-01,2020-11,10,Week 10,mobile,<Other>,organic,(organic),Lithuania,4,1,25.0
2020-11-01,2020-11,2,Week 2,mobile,google,organic,(organic),Costa Rica,4,1,25.0
2020-11-01,2020-11,5,Week 5,desktop,google,organic,(organic),Malta,4,1,25.0
2020-11-01,2020-11,1,Week 1,mobile,google,organic,(organic),Dominican Republic,4,1,25.0
2020-11-01,2020-11,2,Week 2,mobile,google,organic,(organic),Dominican Republic,4,1,25.0
2020-11-01,2020-11,1,Week 1,mobile,<Other>,organic,(organic),United Arab Emirates,3,1,33.33
2020-11-01,2020-11,1,Week 1,tablet,google,organic,(organic),(not set),3,1,33.33
2020-11-01,2020-11,5,Week 5,mobile,google,organic,(organic),Jamaica,3,1,33.33
2020-11-01,2020-11,2,Week 2,mobile,google,organic,(organic),Guatemala,3,1,33.33
2020-11-01,2020-11,4,Week 4,desktop,<Other>,organic,(organic),Denmark,3,1,33.33
2020-11-01,2020-11,8,Week 8,tablet,google,organic,(organic),(not set),3,1,33.33
2020-11-01,2020-11,3,Week 3,tablet,google,organic,(organic),(not set),3,1,33.33
2020-11-01,2020-11,7,Week 7,tablet,google,organic,(organic),(not set),3,1,33.33
2020-11-01,2020-11,1,Week 1,mobile,google,organic,(organic),Tunisia,3,1,33.33
2020-11-01,2020-11,1,Week 1,mobile,<Other>,organic,(organic),Czechia,3,1,33.33
2020-11-01,2020-11,3,Week 3,mobile,google,organic,(organic),Jamaica,3,1,33.33
2020-11-01,2020-11,1,Week 1,desktop,google,organic,(organic),Kenya,8,3,37.5
2020-11-01,2020-11,1,Week 1,desktop,<Other>,organic,(organic),Peru,5,2,40.0
2020-11-01,2020-11,3,Week 3,desktop,<Other>,organic,(organic),Egypt,5,2,40.0
2020-11-01,2020-11,10,Week 10,mobile,google,organic,(organic),Venezuela,5,2,40.0
2020-11-01,2020-11,3,Week 3,tablet,<Other>,organic,(organic),United Kingdom,2,1,50.0
2020-11-01,2020-11,4,Week 4,desktop,<Other>,organic,(organic),Serbia,2,1,50.0
2020-11-01,2020-11,1,Week 1,mobile,google,organic,(organic),Bahrain,2,1,50.0
2020-11-01,2020-11,4,Week 4,mobile,google,organic,(organic),Bahamas,2,1,50.0
2020-11-01,2020-11,3,Week 3,desktop,<Other>,organic,(organic),Serbia,2,1,50.0
2020-11-01,2020-11,1,Week 1,mobile,<Other>,organic,(organic),Lithuania,4,2,50.0
2020-11-01,2020-11,1,Week 1,desktop,google,organic,(organic),Panama,2,1,50.0
2020-11-01,2020-11,1,Week 1,desktop,<Other>,organic,(organic),Nigeria,2,1,50.0
2020-11-01,2020-11,1,Week 1,desktop,<Other>,organic,(organic),Serbia,2,1,50.0
2020-11-01,2020-11,9,Week 9,desktop,<Other>,organic,(organic),Serbia,2,1,50.0
2020-11-01,2020-11,1,Week 1,desktop,<Other>,organic,(organic),Saudi Arabia,2,1,50.0
2020-11-01,2020-11,1,Week 1,mobile,google,organic,(organic),Iraq,2,1,50.0
2020-11-01,2020-11,5,Week 5,desktop,<Other>,organic,(organic),Serbia,2,1,50.0
2020-11-01,2020-11,2,Week 2,mobile,<Other>,organic,(organic),Egypt,2,1,50.0
2020-11-01,2020-11,2,Week 2,desktop,<Other>,organic,(organic),Saudi Arabia,2,1,50.0
2020-11-01,2020-11,6,Week 6,desktop,<Other>,organic,(organic),Croatia,2,1,50.0
2020-11-01,2020-11,2,Week 2,desktop,<Other>,organic,(organic),Serbia,2,1,50.0
2020-11-01,2020-11,0,Week 0,mobile,<Other>,organic,(organic),Belarus,1,1,100.0
2020-11-01,2020-11,0,Week 0,mobile,google,organic,(organic),Bahrain,2,2,100.0
2020-11-01,2020-11,0,Week 0,tablet,<Other>,organic,(organic),Malaysia,2,2,100.0
2020-11-01,2020-11,0,Week 0,mobile,google,organic,(organic),Georgia,5,5,100.0
2020-11-01,2020-11,0,Week 0,desktop,<Other>,organic,(organic),France,31,31,100.0
2020-11-01,2020-11,0,Week 0,tablet,google,organic,(organic),Sweden,2,2,100.0
2020-11-01,2020-11,0,Week 0,desktop,<Other>,organic,(organic),Jordan,2,2,100.0
2020-11-01,2020-11,0,Week 0,desktop,<Other>,organic,(organic),New Zealand,3,3,100.0
2020-11-01,2020-11,0,Week 0,desktop,<Other>,organic,(organic),Israel,6,6,100.0
2020-11-01,2020-11,0,Week 0,mobile,google,organic,(organic),Spain,209,209,100.0
2020-11-01,2020-11,0,Week 0,desktop,google,organic,(organic),Canada,1131,1131,100.0
2020-11-01,2020-11,0,Week 0,tablet,<Other>,organic,(organic),Netherlands,1,1,100.0
2020-11-01,2020-11,0,Week 0,mobile,<Other>,organic,(organic),Venezuela,1,1,100.0
2020-11-01,2020-11,0,Week 0,mobile,google,organic,(organic),Paraguay,2,2,100.0
2020-11-01,2020-11,0,Week 0,mobile,google,organic,(organic),Mongolia,2,2,100.0
2020-11-01,2020-11,0,Week 0,desktop,google,organic,(organic),Trinidad & Tobago,2,2,100.0
2020-11-01,2020-11,0,Week 0,desktop,<Other>,organic,(organic),South Korea,19,19,100.0
2020-11-01,2020-11,0,Week 0,mobile,google,organic,(organic),Belgium,35,35,100.0
2020-11-01,2020-11,0,Week 0,tablet,<Other>,organic,(organic),Japan,1,1,100.0
2020-11-01,2020-11,0,Week 0,tablet,google,organic,(organic),Bolivia,2,2,100.0
2020-11-01,2020-11,0,Week 0,tablet,google,organic,(organic),Ireland,5,5,100.0
2020-11-01,2020-11,0,Week 0,mobile,google,organic,(organic),Turkey,109,109,100.0
2020-11-01,2020-11,9,Week 9,tablet,<Other>,organic,(organic),China,1,1,100.0
2020-11-01,2020-11,0,Week 0,desktop,google,organic,(organic),Qatar,10,10,100.0
2020-11-01,2020-11,0,Week 0,desktop,<Other>,organic,(organic),Brazil,13,13,100.0
2020-11-01,2020-11,0,Week 0,mobile,google,organic,(organic),Luxembourg,1,1,100.0
2020-11-01,2020-11,0,Week 0,tablet,<Other>,organic,(organic),Singapore,2,2,100.0
2020-11-01,2020-11,0,Week 0,tablet,<Other>,organic,(organic),Spain,3,3,100.0
2020-11-01,2020-11,0,Week 0,mobile,<Other>,organic,(organic),Sweden,7,7,100.0
2020-11-01,2020-11,0,Week 0,mobile,<Other>,organic,(organic),Ireland,9,9,100.0
2020-11-01,2020-11,0,Week 0,desktop,google,organic,(organic),Slovenia,15,15,100.0
2020-11-01,2020-11,0,Week 0,mobile,google,organic,(organic),Chile,27,27,100.0
2020-11-01,2020-11,0,Week 0,mobile,google,organic,(organic),(not set),75,75,100.0
2020-11-01,2020-11,0,Week 0,tablet,google,organic,(organic),Nigeria,1,1,100.0
2020-11-01,2020-11,0,Week 0,mobile,<Other>,organic,(organic),South Korea,12,12,100.0
2020-11-01,2020-11,0,Week 0,desktop,<Other>,organic,(organic),Germany,20,20,100.0
2020-11-01,2020-11,0,Week 0,desktop,google,organic,(organic),Finland,27,27,100.0
2020-11-01,2020-11,0,Week 0,desktop,<Other>,organic,(organic),Thailand,9,9,100.0
2020-11-01,2020-11,0,Week 0,tablet,google,organic,(organic),Italy,11,11,100.0
2020-11-01,2020-11,0,Week 0,desktop,<Other>,organic,(organic),Singapore,20,20,100.0
2020-11-01,2020-11,0,Week 0,desktop,google,organic,(organic),Portugal,67,67,100.0
2020-11-01,2020-11,0,Week 0,desktop,<Other>,organic,(organic),United Arab Emirates,1,1,100.0
2020-11-01,2020-11,0,Week 0,mobile,<Other>,organic,(organic),Bolivia,1,1,100.0
2020-11-01,2020-11,0,Week 0,mobile,google,organic,(organic),Panama,1,1,100.0
2020-11-01,2020-11,0,Week 0,desktop,<Other>,organic,(organic),Belgium,8,8,100.0
2020-11-01,2020-11,0,Week 0,tablet,<Other>,organic,(organic),Italy,1,1,100.0
2020-11-01,2020-11,0,Week 0,desktop,<Other>,organic,(organic),Ghana,1,1,100.0
2020-11-01,2020-11,0,Week 0,mobile,<Other>,organic,(organic),Kuwait,1,1,100.0
2020-11-01,2020-11,0,Week 0,mobile,<Other>,organic,(organic),Argentina,2,2,100.0
2020-11-01,2020-11,0,Week 0,mobile,google,organic,(organic),Bahamas,2,2,100.0
2020-11-01,2020-11,0,Week 0,mobile,google,organic,(organic),Slovakia,11,11,100.0
2020-11-01,2020-11,0,Week 0,desktop,<Other>,organic,(organic),India,137,137,100.0
2020-11-01,2020-11,0,Week 0,tablet,google,organic,(organic),Brazil,5,5,100.0
2020-11-01,2020-11,0,Week 0,mobile,<Other>,organic,(organic),Singapore,13,13,100.0
2020-11-01,2020-11,0,Week 0,desktop,<Other>,organic,(organic),Lebanon,1,1,100.0
2020-11-01,2020-11,0,Week 0,mobile,google,organic,(organic),Bolivia,1,1,100.0
2020-11-01,2020-11,0,Week 0,mobile,<Other>,organic,(organic),Pakistan,6,6,100.0
2020-11-01,2020-11,0,Week 0,desktop,google,organic,(organic),Belarus,7,7,100.0
2020-11-01,2020-11,0,Week 0,desktop,google,organic,(organic),Indonesia,134,134,100.0
2020-11-01,2020-11,0,Week 0,mobile,<Other>,organic,(organic),Estonia,1,1,100.0
2020-11-01,2020-11,0,Week 0,tablet,google,organic,(organic),(not set),3,3,100.0
2020-11-01,2020-11,0,Week 0,desktop,<Other>,organic,(organic),Austria,4,4,100.0
2020-11-01,2020-11,0,Week 0,mobile,google,organic,(organic),Colombia,49,49,100.0
2020-11-01,2020-11,0,Week 0,mobile,google,organic,(organic),Japan,146,146,100.0
2020-11-01,2020-11,0,Week 0,desktop,google,organic,(organic),India,1502,1502,100.0
2020-11-01,2020-11,0,Week 0,tablet,google,organic,(organic),Greece,2,2,100.0
2020-11-01,2020-11,0,Week 0,tablet,google,organic,(organic),Portugal,5,5,100.0
2020-11-01,2020-11,0,Week 0,desktop,google,organic,(organic),Austria,44,44,100.0
2020-11-01,2020-11,0,Week 0,tablet,google,organic,(organic),Indonesia,1,1,100.0
2020-11-01,2020-11,0,Week 0,desktop,google,organic,(organic),Norway,22,22,100.0
2020-11-01,2020-11,0,Week 0,mobile,google,organic,(organic),Portugal,43,43,100.0
2020-11-01,2020-11,0,Week 0,desktop,<Other>,organic,(organic),Albania,1,1,100.0
2020-11-01,2020-11,0,Week 0,mobile,<Other>,organic,(organic),Peru,3,3,100.0
2020-11-01,2020-11,0,Week 0,tablet,google,organic,(organic),Japan,12,12,100.0
2020-11-01,2020-11,0,Week 0,desktop,google,organic,(organic),Egypt,33,33,100.0
2020-11-01,2020-11,0,Week 0,mobile,google,organic,(organic),Switzerland,53,53,100.0
2020-11-01,2020-11,0,Week 0,desktop,google,organic,(organic),Hong Kong,103,103,100.0
2020-11-01,2020-11,0,Week 0,tablet,google,organic,(organic),Australia,3,3,100.0
2020-11-01,2020-11,0,Week 0,mobile,google,organic,(organic),Armenia,3,3,100.0
2020-11-01,2020-11,0,Week 0,mobile,<Other>,organic,(organic),(not set),10,10,100.0
2020-11-01,2020-11,0,Week 0,mobile,<Other>,organic,(organic),China,12,12,100.0
2020-11-01,2020-11,0,Week 0,desktop,google,organic,(organic),Kazakhstan,6,6,100.0
2020-11-01,2020-11,0,Week 0,mobile,google,organic,(organic),Sri Lanka,14,14,100.0
2020-11-01,2020-11,0,Week 0,tablet,<Other>,organic,(organic),Croatia,1,1,100.0
2020-11-01,2020-11,0,Week 0,mobile,google,organic,(organic),Bosnia & Herzegovina,4,4,100.0
2020-11-01,2020-11,0,Week 0,tablet,google,organic,(organic),Hong Kong,5,5,100.0
2020-11-01,2020-11,0,Week 0,tablet,google,organic,(organic),Taiwan,11,11,100.0
2020-11-01,2020-11,0,Week 0,desktop,google,organic,(organic),Colombia,60,60,100.0
2020-11-01,2020-11,0,Week 0,mobile,google,organic,(organic),Germany,212,212,100.0
2020-11-01,2020-11,0,Week 0,tablet,google,organic,(organic),Oman,1,1,100.0
2020-11-01,2020-11,0,Week 0,desktop,<Other>,organic,(organic),Morocco,2,2,100.0
2020-11-01,2020-11,0,Week 0,mobile,<Other>,organic,(organic),Czechia,3,3,100.0
2020-11-01,2020-11,0,Week 0,mobile,google,organic,(organic),Azerbaijan,4,4,100.0
2020-11-01,2020-11,0,Week 0,mobile,google,organic,(organic),France,194,194,100.0
2020-11-01,2020-11,0,Week 0,tablet,google,organic,(organic),Sri Lanka,1,1,100.0
2020-11-01,2020-11,0,Week 0,desktop,google,organic,(organic),Morocco,21,21,100.0
2020-11-01,2020-11,0,Week 0,mobile,google,organic,(organic),Vietnam,43,43,100.0
2020-11-01,2020-11,0,Week 0,mobile,<Other>,organic,(organic),Ukraine,4,4,100.0
2020-11-01,2020-11,0,Week 0,tablet,google,organic,(organic),Colombia,4,4,100.0
2020-11-01,2020-11,0,Week 0,mobile,google,organic,(organic),Palestine,6,6,100.0
2020-11-01,2020-11,0,Week 0,mobile,google,organic,(organic),Philippines,52,52,100.0
2020-11-01,2020-11,0,Week 0,desktop,<Other>,organic,(organic),Hong Kong,10,10,100.0
2020-11-01,2020-11,0,Week 0,mobile,google,organic,(organic),Norway,22,22,100.0
2020-11-01,2020-11,0,Week 0,mobile,google,organic,(organic),Albania,2,2,100.0
2020-11-01,2020-11,0,Week 0,mobile,<Other>,organic,(organic),Denmark,3,3,100.0
2020-11-01,2020-11,0,Week 0,mobile,google,organic,(organic),Latvia,3,3,100.0
2020-11-01,2020-11,0,Week 0,desktop,google,organic,(organic),Germany,262,262,100.0
2020-11-01,2020-11,0,Week 0,desktop,google,organic,(organic),Spain,299,299,100.0
2020-11-01,2020-11,0,Week 0,tablet,<Other>,organic,(organic),Indonesia,1,1,100.0
2020-11-01,2020-11,0,Week 0,desktop,google,organic,(organic),Ghana,3,3,100.0
2020-11-01,2020-11,0,Week 0,desktop,google,organic,(organic),Cambodia,6,6,100.0
2020-11-01,2020-11,0,Week 0,tablet,google,organic,(organic),China,16,16,100.0
2020-11-01,2020-11,0,Week 0,desktop,google,organic,(organic),Panama,2,2,100.0
2020-11-01,2020-11,0,Week 0,mobile,google,organic,(organic),Cambodia,4,4,100.0
2020-11-01,2020-11,0,Week 0,desktop,<Other>,organic,(organic),United States,631,631,100.0
2020-11-01,2020-11,0,Week 0,mobile,<Other>,organic,(organic),Hungary,2,2,100.0
2020-11-01,2020-11,0,Week 0,mobile,<Other>,organic,(organic),Poland,9,9,100.0
2020-11-01,2020-11,0,Week 0,mobile,<Other>,organic,(organic),Lebanon,1,1,100.0
2020-11-01,2020-11,0,Week 0,tablet,google,organic,(organic),Morocco,4,4,100.0
2020-11-01,2020-11,0,Week 0,desktop,google,organic,(organic),Malta,4,4,100.0
2020-11-01,2020-11,0,Week 0,mobile,<Other>,organic,(organic),Netherlands,12,12,100.0
2020-11-01,2020-11,0,Week 0,desktop,<Other>,organic,(organic),Australia,15,15,100.0
2020-11-01,2020-11,0,Week 0,desktop,google,organic,(organic),Sri Lanka,32,32,100.0
2020-11-01,2020-11,0,Week 0,mobile,google,organic,(organic),Australia,108,108,100.0
2020-11-01,2020-11,0,Week 0,tablet,google,organic,(organic),Georgia,1,1,100.0
2020-11-01,2020-11,0,Week 0,mobile,<Other>,organic,(organic),Malaysia,8,8,100.0
2020-11-01,2020-11,0,Week 0,mobile,google,organic,(organic),Indonesia,100,100,100.0
2020-11-01,2020-11,0,Week 0,desktop,google,organic,(organic),Brazil,145,145,100.0
2020-11-01,2020-11,0,Week 0,mobile,google,organic,(organic),India,980,980,100.0
2020-11-01,2020-11,0,Week 0,tablet,<Other>,organic,(organic),Philippines,1,1,100.0
2020-11-01,2020-11,2,Week 2,mobile,<Other>,organic,(organic),Saudi Arabia,1,1,100.0
2020-11-01,2020-11,0,Week 0,tablet,<Other>,organic,(organic),India,6,6,100.0
2020-11-01,2020-11,0,Week 0,desktop,google,organic,(organic),Venezuela,7,7,100.0
2020-11-01,2020-11,0,Week 0,desktop,google,organic,(organic),Costa Rica,8,8,100.0
2020-11-01,2020-11,0,Week 0,desktop,google,organic,(organic),Hungary,23,23,100.0
2020-11-01,2020-11,0,Week 0,mobile,google,organic,(organic),Austria,25,25,100.0
2020-11-01,2020-11,0,Week 0,mobile,google,organic,(organic),Jamaica,3,3,100.0
2020-11-01,2020-11,0,Week 0,mobile,<Other>,organic,(organic),Thailand,5,5,100.0
2020-11-01,2020-11,0,Week 0,tablet,google,organic,(organic),Philippines,6,6,100.0
2020-11-01,2020-11,0,Week 0,mobile,<Other>,organic,(organic),Belgium,7,7,100.0
2020-11-01,2020-11,0,Week 0,desktop,google,organic,(organic),Switzerland,85,85,100.0
2020-11-01,2020-11,0,Week 0,desktop,<Other>,organic,(organic),Canada,113,113,100.0
2020-11-01,2020-11,0,Week 0,mobile,<Other>,organic,(organic),Ghana,1,1,100.0
2020-11-01,2020-11,1,Week 1,tablet,google,organic,(organic),Nigeria,1,1,100.0
2020-11-01,2020-11,0,Week 0,tablet,<Other>,organic,(organic),Finland,2,2,100.0
2020-11-01,2020-11,0,Week 0,desktop,<Other>,organic,(organic),Estonia,3,3,100.0
2020-11-01,2020-11,0,Week 0,mobile,<Other>,organic,(organic),South Africa,4,4,100.0
2020-11-01,2020-11,0,Week 0,tablet,google,organic,(organic),South Korea,4,4,100.0
2020-11-01,2020-11,0,Week 0,tablet,google,organic,(organic),Poland,5,5,100.0
2020-11-01,2020-11,0,Week 0,mobile,google,organic,(organic),Ecuador,10,10,100.0
2020-11-01,2020-11,0,Week 0,mobile,<Other>,organic,(organic),Mexico,13,13,100.0
2020-11-01,2020-11,0,Week 0,mobile,google,organic,(organic),Bangladesh,17,17,100.0
2020-11-01,2020-11,0,Week 0,mobile,google,organic,(organic),Denmark,39,39,100.0
2020-11-01,2020-11,0,Week 0,desktop,google,organic,(organic),Greece,54,54,100.0
2020-11-01,2020-11,0,Week 0,tablet,<Other>,organic,(organic),Mexico,1,1,100.0
2020-11-01,2020-11,0,Week 0,desktop,google,organic,(organic),Oman,6,6,100.0
2020-11-01,2020-11,0,Week 0,desktop,<Other>,organic,(organic),Vietnam,2,2,100.0
2020-11-01,2020-11,0,Week 0,desktop,<Other>,organic,(organic),Chile,2,2,100.0
2020-11-01,2020-11,0,Week 0,desktop,google,organic,(organic),Serbia,15,15,100.0
2020-11-01,2020-11,0,Week 0,desktop,google,organic,(organic),Georgia,16,16,100.0
2020-11-01,2020-11,0,Week 0,mobile,google,organic,(organic),Russia,61,61,100.0
2020-11-01,2020-11,0,Week 0,desktop,google,organic,(organic),Philippines,76,76,100.0
2020-11-01,2020-11,0,Week 0,mobile,google,organic,(organic),Singapore,147,147,100.0
2020-11-01,2020-11,0,Week 0,mobile,<Other>,organic,(organic),Saudi Arabia,1,1,100.0
2020-11-01,2020-11,0,Week 0,tablet,google,organic,(organic),Saudi Arabia,1,1,100.0
2020-11-01,2020-11,0,Week 0,tablet,<Other>,organic,(organic),United Kingdom,2,2,100.0
2020-11-01,2020-11,0,Week 0,mobile,<Other>,organic,(organic),Germany,20,20,100.0
2020-11-01,2020-11,0,Week 0,mobile,google,organic,(organic),Malta,1,1,100.0
2020-11-01,2020-11,0,Week 0,mobile,<Other>,organic,(organic),Finland,2,2,100.0
2020-11-01,2020-11,0,Week 0,tablet,google,organic,(organic),Switzerland,2,2,100.0
2020-11-01,2020-11,0,Week 0,desktop,<Other>,organic,(organic),Japan,20,20,100.0
2020-11-01,2020-11,0,Week 0,mobile,<Other>,organic,(organic),Morocco,1,1,100.0
2020-11-01,2020-11,0,Week 0,mobile,<Other>,organic,(organic),Philippines,1,1,100.0
2020-11-01,2020-11,0,Week 0,tablet,google,organic,(organic),Vietnam,1,1,100.0
2020-11-01,2020-11,0,Week 0,mobile,google,organic,(organic),Guatemala,3,3,100.0
2020-11-01,2020-11,0,Week 0,tablet,google,organic,(organic),Singapore,5,5,100.0
2020-11-01,2020-11,0,Week 0,desktop,google,organic,(organic),Thailand,61,61,100.0
2020-11-01,2020-11,0,Week 0,mobile,<Other>,organic,(organic),Cambodia,1,1,100.0
2020-11-01,2020-11,0,Week 0,mobile,<Other>,organic,(organic),Norway,3,3,100.0
2020-11-01,2020-11,0,Week 0,mobile,<Other>,organic,(organic),India,83,83,100.0
2020-11-01,2020-11,0,Week 0,tablet,google,organic,(organic),Israel,1,1,100.0
2020-11-01,2020-11,0,Week 0,tablet,google,organic,(organic),Ecuador,3,3,100.0
2020-11-01,2020-11,0,Week 0,tablet,google,organic,(organic),Peru,3,3,100.0
2020-11-01,2020-11,0,Week 0,desktop,google,organic,(organic),Croatia,11,11,100.0
2020-11-01,2020-11,0,Week 0,mobile,google,organic,(organic),Poland,84,84,100.0
2020-11-01,2020-11,0,Week 0,tablet,google,organic,(organic),Kenya,1,1,100.0
2020-11-01,2020-11,0,Week 0,tablet,google,organic,(organic),Romania,1,1,100.0
2020-11-01,2020-11,0,Week 0,tablet,google,organic,(organic),Egypt,2,2,100.0
2020-11-01,2020-11,0,Week 0,desktop,<Other>,organic,(organic),South Africa,3,3,100.0
2020-11-01,2020-11,0,Week 0,desktop,<Other>,organic,(organic),Bulgaria,3,3,100.0
2020-11-01,2020-11,0,Week 0,tablet,google,organic,(organic),Belgium,3,3,100.0
2020-11-01,2020-11,0,Week 0,desktop,google,organic,(organic),Mongolia,4,4,100.0
2020-11-01,2020-11,0,Week 0,mobile,google,organic,(organic),Croatia,8,8,100.0
2020-11-01,2020-11,0,Week 0,desktop,google,organic,(organic),Dominican Republic,13,13,100.0
2020-11-01,2020-11,0,Week 0,mobile,google,organic,(organic),Hong Kong,63,63,100.0
2020-11-01,2020-11,0,Week 0,mobile,<Other>,organic,(organic),United States,443,443,100.0
2020-11-01,2020-11,0,Week 0,mobile,<Other>,organic,(organic),Austria,1,1,100.0
2020-11-01,2020-11,0,Week 0,mobile,<Other>,organic,(organic),Croatia,1,1,100.0
2020-11-01,2020-11,0,Week 0,mobile,<Other>,organic,(organic),Colombia,4,4,100.0
2020-11-01,2020-11,0,Week 0,desktop,google,organic,(organic),Tunisia,6,6,100.0
2020-11-01,2020-11,0,Week 0,mobile,google,organic,(organic),Belarus,4,4,100.0
2020-11-01,2020-11,0,Week 0,mobile,google,organic,(organic),Kuwait,10,10,100.0
2020-11-01,2020-11,0,Week 0,desktop,google,organic,(organic),Israel,69,69,100.0
2020-11-01,2020-11,0,Week 0,tablet,google,organic,(organic),Czechia,1,1,100.0
2020-11-01,2020-11,0,Week 0,mobile,<Other>,organic,(organic),Australia,5,5,100.0
2020-11-01,2020-11,0,Week 0,desktop,google,organic,(organic),Kenya,8,8,100.0
2020-11-01,2020-11,0,Week 0,desktop,google,organic,(organic),Nigeria,27,27,100.0
2020-11-01,2020-11,0,Week 0,tablet,<Other>,organic,(organic),United States,32,32,100.0
2020-11-01,2020-11,0,Week 0,desktop,google,organic,(organic),Turkey,138,138,100.0
2020-11-01,2020-11,10,Week 10,tablet,<Other>,organic,(organic),China,1,1,100.0
2020-11-01,2020-11,0,Week 0,tablet,<Other>,organic,(organic),Peru,1,1,100.0
2020-11-01,2020-11,0,Week 0,desktop,<Other>,organic,(organic),Nigeria,2,2,100.0
2020-11-01,2020-11,0,Week 0,tablet,google,organic,(organic),Ukraine,4,4,100.0
2020-11-01,2020-11,0,Week 0,desktop,google,organic,(organic),Belgium,59,59,100.0
2020-11-01,2020-11,0,Week 0,desktop,google,organic,(organic),Peru,70,70,100.0
2020-11-01,2020-11,0,Week 0,tablet,google,organic,(organic),Thailand,3,3,100.0
2020-11-01,2020-11,0,Week 0,mobile,google,organic,(organic),Myanmar (Burma),3,3,100.0
2020-11-01,2020-11,0,Week 0,mobile,<Other>,organic,(organic),Nigeria,4,4,100.0
2020-11-01,2020-11,0,Week 0,desktop,google,organic,(organic),Kosovo,4,4,100.0
2020-11-01,2020-11,0,Week 0,desktop,<Other>,organic,(organic),Sweden,5,5,100.0
2020-11-01,2020-11,0,Week 0,mobile,google,organic,(organic),United States,4708,4708,100.0
2020-11-01,2020-11,0,Week 0,tablet,google,organic,(organic),Serbia,2,2,100.0
2020-11-01,2020-11,0,Week 0,mobile,google,organic,(organic),Nepal,4,4,100.0
2020-11-01,2020-11,0,Week 0,desktop,google,organic,(organic),Albania,4,4,100.0
2020-11-01,2020-11,0,Week 0,mobile,google,organic,(organic),Hungary,14,14,100.0
2020-11-01,2020-11,0,Week 0,desktop,google,organic,(organic),Romania,29,29,100.0
2020-11-01,2020-11,0,Week 0,mobile,google,organic,(organic),Ukraine,36,36,100.0
2020-11-01,2020-11,0,Week 0,mobile,google,organic,(organic),Peru,53,53,100.0
2020-11-01,2020-11,0,Week 0,desktop,<Other>,organic,(organic),Saudi Arabia,2,2,100.0
2020-11-01,2020-11,0,Week 0,mobile,<Other>,organic,(organic),Uruguay,3,3,100.0
2020-11-01,2020-11,0,Week 0,mobile,<Other>,organic,(organic),Russia,4,4,100.0
2020-11-01,2020-11,0,Week 0,desktop,<Other>,organic,(organic),Indonesia,5,5,100.0
2020-11-01,2020-11,0,Week 0,desktop,<Other>,organic,(organic),Peru,5,5,100.0
2020-11-01,2020-11,0,Week 0,mobile,google,organic,(organic),Ireland,61,61,100.0
2020-11-01,2020-11,1,Week 1,tablet,<Other>,organic,(organic),Greece,1,1,100.0
2020-11-01,2020-11,0,Week 0,desktop,google,organic,(organic),Estonia,4,4,100.0
2020-11-01,2020-11,0,Week 0,mobile,<Other>,organic,(organic),Spain,17,17,100.0
2020-11-01,2020-11,0,Week 0,mobile,google,organic,(organic),Israel,46,46,100.0
2020-11-01,2020-11,0,Week 0,tablet,google,organic,(organic),Canada,53,53,100.0
2020-11-01,2020-11,0,Week 0,desktop,google,organic,(organic),Netherlands,179,179,100.0
2020-11-01,2020-11,0,Week 0,desktop,google,organic,(organic),Macao,1,1,100.0
2020-11-01,2020-11,0,Week 0,mobile,google,organic,(organic),Algeria,4,4,100.0
2020-11-01,2020-11,0,Week 0,desktop,<Other>,organic,(organic),Italy,20,20,100.0
2020-11-01,2020-11,0,Week 0,mobile,google,organic,(organic),Argentina,31,31,100.0
2020-11-01,2020-11,0,Week 0,mobile,<Other>,organic,(organic),New Zealand,2,2,100.0
2020-11-01,2020-11,0,Week 0,desktop,<Other>,organic,(organic),Bangladesh,2,2,100.0
2020-11-01,2020-11,0,Week 0,tablet,google,organic,(organic),Denmark,3,3,100.0
2020-11-01,2020-11,0,Week 0,mobile,google,organic,(organic),Lebanon,4,4,100.0
2020-11-01,2020-11,0,Week 0,desktop,<Other>,organic,(organic),Portugal,11,11,100.0
2020-11-01,2020-11,0,Week 0,desktop,google,organic,(organic),Lithuania,27,27,100.0
2020-11-01,2020-11,0,Week 0,desktop,google,organic,(organic),Ukraine,52,52,100.0
2020-11-01,2020-11,0,Week 0,desktop,<Other>,organic,(organic),Norway,1,1,100.0
2020-11-01,2020-11,0,Week 0,mobile,google,organic,(organic),Serbia,5,5,100.0
2020-11-01,2020-11,0,Week 0,desktop,<Other>,organic,(organic),Taiwan,21,21,100.0
2020-11-01,2020-11,0,Week 0,mobile,google,organic,(organic),Brazil,109,109,100.0
2020-11-01,2020-11,0,Week 0,desktop,<Other>,organic,(organic),Lithuania,1,1,100.0
2020-11-01,2020-11,0,Week 0,desktop,<Other>,organic,(organic),Kuwait,1,1,100.0
2020-11-01,2020-11,0,Week 0,desktop,google,organic,(organic),Jamaica,5,5,100.0
2020-11-01,2020-11,0,Week 0,mobile,google,organic,(organic),Kenya,8,8,100.0
2020-11-01,2020-11,0,Week 0,mobile,google,organic,(organic),Italy,165,165,100.0
2020-11-01,2020-11,0,Week 0,desktop,google,organic,(organic),China,248,248,100.0
2020-11-01,2020-11,1,Week 1,tablet,google,organic,(organic),Oman,1,1,100.0
2020-11-01,2020-11,0,Week 0,desktop,google,organic,(organic),Palestine,8,8,100.0
2020-11-01,2020-11,0,Week 0,mobile,google,organic,(organic),Greece,45,45,100.0
2020-11-01,2020-11,0,Week 0,desktop,<Other>,organic,(organic),Turkey,14,14,100.0
2020-11-01,2020-11,0,Week 0,desktop,<Other>,organic,(organic),Czechia,1,1,100.0
2020-11-01,2020-11,0,Week 0,desktop,<Other>,organic,(organic),Croatia,2,2,100.0
2020-11-01,2020-11,0,Week 0,desktop,google,organic,(organic),Jordan,4,4,100.0
2020-11-01,2020-11,0,Week 0,mobile,<Other>,organic,(organic),Hong Kong,6,6,100.0
2020-11-01,2020-11,0,Week 0,desktop,google,organic,(organic),Ecuador,11,11,100.0
2020-11-01,2020-11,0,Week 0,tablet,google,organic,(organic),India,58,58,100.0
2020-11-01,2020-11,0,Week 0,desktop,google,organic,(organic),United Kingdom,500,500,100.0
2020-11-01,2020-11,0,Week 0,tablet,google,organic,(organic),Jordan,1,1,100.0
2020-11-01,2020-11,1,Week 1,tablet,google,organic,(organic),Romania,1,1,100.0
2020-11-01,2020-11,0,Week 0,desktop,<Other>,organic,(organic),Romania,1,1,100.0
2020-11-01,2020-11,0,Week 0,mobile,google,organic,(organic),Uruguay,5,5,100.0
2020-11-01,2020-11,0,Week 0,desktop,<Other>,organic,(organic),China,14,14,100.0
2020-11-01,2020-11,0,Week 0,mobile,google,organic,(organic),Malaysia,61,61,100.0
2020-11-01,2020-11,0,Week 0,mobile,google,organic,(organic),Canada,831,831,100.0
2020-11-01,2020-11,0,Week 0,mobile,<Other>,organic,(organic),France,15,15,100.0
2020-11-01,2020-11,0,Week 0,mobile,google,organic,(organic),China,178,178,100.0
2020-11-01,2020-11,0,Week 0,tablet,google,organic,(organic),Bangladesh,1,1,100.0
2020-11-01,2020-11,0,Week 0,mobile,<Other>,organic,(organic),Greece,2,2,100.0
2020-11-01,2020-11,0,Week 0,tablet,google,organic,(organic),France,8,8,100.0
2020-11-01,2020-11,0,Week 0,desktop,<Other>,organic,(organic),(not set),10,10,100.0
2020-11-01,2020-11,0,Week 0,desktop,<Other>,organic,(organic),Iraq,2,2,100.0
2020-11-01,2020-11,0,Week 0,desktop,google,organic,(organic),South Korea,189,189,100.0
2020-11-01,2020-11,0,Week 0,mobile,<Other>,organic,(organic),Portugal,2,2,100.0
2020-11-01,2020-11,0,Week 0,mobile,google,organic,(organic),Estonia,4,4,100.0
2020-11-01,2020-11,0,Week 0,mobile,google,organic,(organic),Kazakhstan,11,11,100.0
2020-11-01,2020-11,0,Week 0,desktop,google,organic,(organic),New Zealand,21,21,100.0
2020-11-01,2020-11,0,Week 0,desktop,google,organic,(organic),Ireland,92,92,100.0
2020-11-01,2020-11,0,Week 0,desktop,<Other>,organic,(organic),Denmark,3,3,100.0
2020-11-01,2020-11,0,Week 0,desktop,google,organic,(organic),Iraq,12,12,100.0
2020-11-01,2020-11,0,Week 0,mobile,<Other>,organic,(organic),United Kingdom,34,34,100.0
2020-11-01,2020-11,0,Week 0,desktop,<Other>,organic,(organic),El Salvador,1,1,100.0
2020-11-01,2020-11,1,Week 1,mobile,<Other>,organic,(organic),Morocco,1,1,100.0
2020-11-01,2020-11,0,Week 0,desktop,<Other>,organic,(organic),Algeria,1,1,100.0
2020-11-01,2020-11,0,Week 0,desktop,google,organic,(organic),Armenia,4,4,100.0
2020-11-01,2020-11,0,Week 0,desktop,google,organic,(organic),Bangladesh,24,24,100.0
2020-11-01,2020-11,0,Week 0,mobile,google,organic,(organic),Honduras,1,1,100.0
2020-11-01,2020-11,0,Week 0,mobile,google,organic,(organic),Tunisia,3,3,100.0
2020-11-01,2020-11,0,Week 0,mobile,google,organic,(organic),Qatar,4,4,100.0
2020-11-01,2020-11,0,Week 0,tablet,google,organic,(organic),Malaysia,7,7,100.0
2020-11-01,2020-11,0,Week 0,desktop,google,organic,(organic),Saudi Arabia,29,29,100.0
2020-11-01,2020-11,0,Week 0,desktop,google,organic,(organic),Honduras,1,1,100.0
2020-11-01,2020-11,0,Week 0,tablet,google,organic,(organic),Slovenia,1,1,100.0
2020-11-01,2020-11,0,Week 0,desktop,<Other>,organic,(organic),Ecuador,1,1,100.0
2020-11-01,2020-11,0,Week 0,desktop,google,organic,(organic),Kuwait,13,13,100.0
2020-11-01,2020-11,0,Week 0,mobile,<Other>,organic,(organic),Japan,19,19,100.0
2020-11-01,2020-11,0,Week 0,desktop,google,organic,(organic),Australia,153,153,100.0
2020-11-01,2020-11,0,Week 0,desktop,google,organic,(organic),Japan,198,198,100.0
2020-11-01,2020-11,0,Week 0,mobile,google,organic,(organic),Dominican Republic,4,4,100.0
2020-11-01,2020-11,0,Week 0,mobile,<Other>,organic,(organic),Jordan,1,1,100.0
2020-11-01,2020-11,0,Week 0,mobile,google,organic,(organic),Kosovo,1,1,100.0
2020-11-01,2020-11,0,Week 0,desktop,<Other>,organic,(organic),Philippines,10,10,100.0
2020-11-01,2020-11,0,Week 0,mobile,google,organic,(organic),Mexico,78,78,100.0
2020-11-01,2020-11,0,Week 0,desktop,google,organic,(organic),Pakistan,86,86,100.0
2020-11-01,2020-11,0,Week 0,desktop,<Other>,organic,(organic),Dominican Republic,2,2,100.0
2020-11-01,2020-11,0,Week 0,mobile,<Other>,organic,(organic),Romania,3,3,100.0
2020-11-01,2020-11,0,Week 0,tablet,google,organic,(organic),Mexico,4,4,100.0
2020-11-01,2020-11,0,Week 0,desktop,google,organic,(organic),Myanmar (Burma),6,6,100.0
2020-11-01,2020-11,0,Week 0,desktop,google,organic,(organic),Latvia,8,8,100.0
2020-11-01,2020-11,0,Week 0,desktop,google,organic,(organic),Puerto Rico,9,9,100.0
2020-11-01,2020-11,0,Week 0,desktop,google,organic,(organic),Chile,28,28,100.0
2020-11-01,2020-11,0,Week 0,mobile,<Other>,organic,(organic),Honduras,1,1,100.0
2020-11-01,2020-11,0,Week 0,mobile,<Other>,organic,(organic),Slovakia,2,2,100.0
2020-11-01,2020-11,0,Week 0,desktop,google,organic,(organic),Slovakia,20,20,100.0
2020-11-01,2020-11,0,Week 0,desktop,google,organic,(organic),United States,6944,6944,100.0
2020-11-01,2020-11,0,Week 0,desktop,<Other>,organic,(organic),Cyprus,2,2,100.0
2020-11-01,2020-11,0,Week 0,mobile,google,organic,(organic),Morocco,12,12,100.0
2020-11-01,2020-11,0,Week 0,mobile,<Other>,organic,(organic),Canada,69,69,100.0
2020-11-01,2020-11,0,Week 0,desktop,<Other>,organic,(organic),Spain,28,28,100.0
2020-11-01,2020-11,0,Week 0,desktop,google,organic,(organic),Paraguay,7,7,100.0
2020-11-01,2020-11,0,Week 0,mobile,google,organic,(organic),Slovenia,8,8,100.0
2020-11-01,2020-11,0,Week 0,desktop,<Other>,organic,(organic),Ireland,12,12,100.0
2020-11-01,2020-11,0,Week 0,mobile,google,organic,(organic),Nigeria,15,15,100.0
2020-11-01,2020-11,7,Week 7,tablet,<Other>,organic,(organic),China,1,1,100.0
2020-11-01,2020-11,0,Week 0,mobile,<Other>,organic,(organic),Switzerland,1,1,100.0
2020-11-01,2020-11,0,Week 0,desktop,<Other>,organic,(organic),Puerto Rico,2,2,100.0
2020-11-01,2020-11,0,Week 0,mobile,<Other>,organic,(organic),Indonesia,8,8,100.0
2020-11-01,2020-11,0,Week 0,mobile,<Other>,organic,(organic),Italy,10,10,100.0
2020-11-01,2020-11,0,Week 0,desktop,google,organic,(organic),Russia,111,111,100.0
2020-11-01,2020-11,0,Week 0,desktop,google,organic,(organic),Singapore,196,196,100.0
2020-11-01,2020-11,2,Week 2,tablet,google,organic,(organic),Bangladesh,1,1,100.0
2020-11-01,2020-11,0,Week 0,mobile,<Other>,organic,(organic),United Arab Emirates,3,3,100.0
2020-11-01,2020-11,0,Week 0,desktop,google,organic,(organic),Azerbaijan,4,4,100.0
2020-11-01,2020-11,0,Week 0,desktop,<Other>,organic,(organic),Switzerland,5,5,100.0
2020-11-01,2020-11,0,Week 0,desktop,google,organic,(organic),Bosnia & Herzegovina,5,5,100.0
2020-11-01,2020-11,0,Week 0,mobile,google,organic,(organic),North Macedonia,8,8,100.0
2020-11-01,2020-11,0,Week 0,mobile,google,organic,(organic),Bulgaria,17,17,100.0
2020-11-01,2020-11,0,Week 0,mobile,google,organic,(organic),Taiwan,158,158,100.0
2020-11-01,2020-11,0,Week 0,desktop,google,organic,(organic),Taiwan,247,247,100.0
2020-11-01,2020-11,0,Week 0,desktop,<Other>,organic,(organic),Latvia,1,1,100.0
2020-11-01,2020-11,0,Week 0,tablet,google,organic,(organic),Russia,4,4,100.0
2020-11-01,2020-11,0,Week 0,mobile,google,organic,(organic),Venezuela,5,5,100.0
2020-11-01,2020-11,0,Week 0,tablet,google,organic,(organic),Turkey,8,8,100.0
2020-11-01,2020-11,0,Week 0,desktop,<Other>,organic,(organic),Colombia,13,13,100.0
2020-11-01,2020-11,0,Week 0,tablet,google,organic,(organic),United Kingdom,20,20,100.0
2020-11-01,2020-11,0,Week 0,desktop,google,organic,(organic),Cyprus,1,1,100.0
2020-11-01,2020-11,0,Week 0,mobile,<Other>,organic,(organic),Sri Lanka,3,3,100.0
2020-11-01,2020-11,0,Week 0,mobile,google,organic,(organic),United Arab Emirates,34,34,100.0
2020-11-01,2020-11,0,Week 0,mobile,google,organic,(organic),United Kingdom,343,343,100.0
2020-11-01,2020-11,0,Week 0,tablet,google,organic,(organic),Kuwait,1,1,100.0
2020-11-01,2020-11,0,Week 0,mobile,<Other>,organic,(organic),Vietnam,4,4,100.0
2020-11-01,2020-11,0,Week 0,desktop,google,organic,(organic),Uruguay,6,6,100.0
2020-11-01,2020-11,0,Week 0,desktop,<Other>,organic,(organic),Argentina,7,7,100.0
2020-11-01,2020-11,0,Week 0,mobile,<Other>,organic,(organic),Turkey,11,11,100.0
2020-11-01,2020-11,0,Week 0,tablet,google,organic,(organic),Spain,12,12,100.0
2020-11-01,2020-11,3,Week 3,tablet,<Other>,organic,(organic),China,1,1,100.0
2020-11-01,2020-11,0,Week 0,mobile,google,organic,(organic),Ghana,2,2,100.0
2020-11-01,2020-11,0,Week 0,desktop,<Other>,organic,(organic),Hungary,3,3,100.0
2020-11-01,2020-11,0,Week 0,desktop,<Other>,organic,(organic),Poland,11,11,100.0
2020-11-01,2020-11,0,Week 0,mobile,<Other>,organic,(organic),Taiwan,16,16,100.0
2020-11-01,2020-11,0,Week 0,desktop,google,organic,(organic),Vietnam,59,59,100.0
2020-11-01,2020-11,0,Week 0,tablet,google,organic,(organic),South Africa,1,1,100.0
2020-11-01,2020-11,0,Week 0,desktop,<Other>,organic,(organic),Luxembourg,1,1,100.0
2020-11-01,2020-11,4,Week 4,mobile,<Other>,organic,(organic),Saudi Arabia,1,1,100.0
2020-11-01,2020-11,0,Week 0,tablet,google,organic,(organic),New Zealand,2,2,100.0
2020-11-01,2020-11,0,Week 0,mobile,google,organic,(organic),Thailand,40,40,100.0
2020-11-01,2020-11,0,Week 0,tablet,google,organic,(organic),Chile,1,1,100.0
2020-11-01,2020-11,0,Week 0,tablet,<Other>,organic,(organic),China,1,1,100.0
2020-11-01,2020-11,0,Week 0,desktop,google,organic,(organic),Bahamas,1,1,100.0
2020-11-01,2020-11,0,Week 0,desktop,<Other>,organic,(organic),Serbia,2,2,100.0
2020-11-01,2020-11,0,Week 0,desktop,google,organic,(organic),North Macedonia,5,5,100.0
2020-11-01,2020-11,0,Week 0,mobile,google,organic,(organic),Finland,16,16,100.0
2020-11-01,2020-11,0,Week 0,desktop,google,organic,(organic),Poland,129,129,100.0
2020-11-01,2020-11,0,Week 0,mobile,google,organic,(organic),South Korea,141,141,100.0
2020-11-01,2020-11,0,Week 0,tablet,google,organic,(organic),Lithuania,1,1,100.0
2020-11-01,2020-11,0,Week 0,mobile,google,organic,(organic),Saudi Arabia,25,25,100.0
2020-11-01,2020-11,0,Week 0,desktop,<Other>,organic,(organic),Slovakia,2,2,100.0
2020-11-01,2020-11,0,Week 0,desktop,google,organic,(organic),El Salvador,5,5,100.0
2020-11-01,2020-11,0,Week 0,desktop,google,organic,(organic),Nepal,6,6,100.0
2020-11-01,2020-11,0,Week 0,mobile,google,organic,(organic),Cyprus,6,6,100.0
2020-11-01,2020-11,0,Week 0,desktop,<Other>,organic,(organic),Mexico,9,9,100.0
2020-11-01,2020-11,0,Week 0,mobile,google,organic,(organic),Romania,28,28,100.0
2020-11-01,2020-11,0,Week 0,desktop,google,organic,(organic),Luxembourg,3,3,100.0
2020-11-01,2020-11,0,Week 0,mobile,google,organic,(organic),Oman,3,3,100.0
2020-11-01,2020-11,0,Week 0,desktop,<Other>,organic,(organic),Greece,5,5,100.0
2020-11-01,2020-11,0,Week 0,desktop,google,organic,(organic),Malaysia,80,80,100.0
2020-11-01,2020-11,0,Week 0,desktop,google,organic,(organic),Bahrain,1,1,100.0
2020-11-01,2020-11,0,Week 0,mobile,google,organic,(organic),Costa Rica,4,4,100.0
2020-11-01,2020-11,0,Week 0,tablet,<Other>,organic,(organic),Canada,8,8,100.0
2020-11-01,2020-11,0,Week 0,desktop,google,organic,(organic),Algeria,10,10,100.0
2020-11-01,2020-11,0,Week 0,desktop,<Other>,organic,(organic),Netherlands,11,11,100.0
2020-11-01,2020-11,0,Week 0,desktop,google,organic,(organic),Czechia,36,36,100.0
2020-11-01,2020-11,0,Week 0,desktop,google,organic,(organic),Italy,218,218,100.0
2020-11-01,2020-11,0,Week 0,mobile,<Other>,organic,(organic),Bulgaria,1,1,100.0
2020-11-01,2020-11,0,Week 0,desktop,google,organic,(organic),Iceland,3,3,100.0
2020-11-01,2020-11,0,Week 0,mobile,google,organic,(organic),Trinidad & Tobago,3,3,100.0
2020-11-01,2020-11,0,Week 0,desktop,google,organic,(organic),Argentina,35,35,100.0
2020-11-01,2020-11,0,Week 0,mobile,google,organic,(organic),Pakistan,52,52,100.0
2020-11-01,2020-11,0,Week 0,tablet,<Other>,organic,(organic),Greece,1,1,100.0
2020-11-01,2020-11,0,Week 0,mobile,google,organic,(organic),El Salvador,4,4,100.0
2020-11-01,2020-11,0,Week 0,desktop,google,organic,(organic),Bulgaria,14,14,100.0
2020-11-01,2020-11,0,Week 0,mobile,google,organic,(organic),Czechia,37,37,100.0
2020-11-01,2020-11,0,Week 0,desktop,google,organic,(organic),Denmark,47,47,100.0
2020-11-01,2020-11,0,Week 0,tablet,<Other>,organic,(organic),Austria,1,1,100.0
2020-11-01,2020-11,0,Week 0,mobile,<Other>,organic,(organic),Egypt,2,2,100.0
2020-11-01,2020-11,0,Week 0,tablet,google,organic,(organic),Pakistan,2,2,100.0
2020-11-01,2020-11,0,Week 0,mobile,<Other>,organic,(organic),Israel,5,5,100.0
2020-11-01,2020-11,0,Week 0,desktop,google,organic,(organic),South Africa,26,26,100.0
2020-11-01,2020-11,0,Week 0,mobile,google,organic,(organic),Jordan,6,6,100.0
2020-11-01,2020-11,0,Week 0,desktop,<Other>,organic,(organic),Pakistan,8,8,100.0
2020-11-01,2020-11,0,Week 0,tablet,google,organic,(organic),Germany,11,11,100.0
2020-11-01,2020-11,0,Week 0,desktop,google,organic,(organic),Sweden,84,84,100.0
2020-11-01,2020-11,0,Week 0,mobile,google,organic,(organic),Netherlands,128,128,100.0
2020-11-01,2020-11,0,Week 0,desktop,google,organic,(organic),(not set),142,142,100.0
2020-11-01,2020-11,0,Week 0,tablet,google,organic,(organic),Austria,1,1,100.0
2020-11-01,2020-11,0,Week 0,desktop,<Other>,organic,(organic),North Macedonia,1,1,100.0
2020-11-01,2020-11,0,Week 0,desktop,<Other>,organic,(organic),Jamaica,1,1,100.0
2020-11-01,2020-11,0,Week 0,mobile,<Other>,organic,(organic),Bangladesh,2,2,100.0
2020-11-01,2020-11,0,Week 0,desktop,google,organic,(organic),Bolivia,3,3,100.0
2020-11-01,2020-11,0,Week 0,desktop,<Other>,organic,(organic),Russia,10,10,100.0
2020-11-01,2020-11,0,Week 0,mobile,google,organic,(organic),Sweden,56,56,100.0
2020-11-01,2020-11,0,Week 0,mobile,<Other>,organic,(organic),Lithuania,4,4,100.0
2020-11-01,2020-11,0,Week 0,desktop,<Other>,organic,(organic),Ukraine,5,5,100.0
2020-11-01,2020-11,0,Week 0,mobile,google,organic,(organic),New Zealand,15,15,100.0
2020-11-01,2020-11,0,Week 0,desktop,<Other>,organic,(organic),Egypt,5,5,100.0
2020-11-01,2020-11,0,Week 0,mobile,google,organic,(organic),Iraq,2,2,100.0
2020-11-01,2020-11,0,Week 0,desktop,google,organic,(organic),Guatemala,2,2,100.0
2020-11-01,2020-11,0,Week 0,mobile,google,organic,(organic),Macao,4,4,100.0
2020-11-01,2020-11,0,Week 0,mobile,<Other>,organic,(organic),Brazil,5,5,100.0
2020-11-01,2020-11,0,Week 0,mobile,google,organic,(organic),Lithuania,13,13,100.0
2020-11-01,2020-11,0,Week 0,desktop,google,organic,(organic),United Arab Emirates,56,56,100.0
2020-11-01,2020-11,0,Week 0,mobile,<Other>,organic,(organic),Puerto Rico,1,1,100.0
2020-11-01,2020-11,0,Week 0,tablet,google,organic,(organic),Netherlands,6,6,100.0
2020-11-01,2020-11,0,Week 0,desktop,google,organic,(organic),Lebanon,7,7,100.0
2020-11-01,2020-11,0,Week 0,desktop,<Other>,organic,(organic),United Kingdom,52,52,100.0
2020-11-01,2020-11,0,Week 0,desktop,google,organic,(organic),France,293,293,100.0
2020-11-01,2020-11,0,Week 0,desktop,<Other>,organic,(organic),Georgia,1,1,100.0
2020-11-01,2020-11,0,Week 0,mobile,<Other>,organic,(organic),Trinidad & Tobago,1,1,100.0
2020-11-01,2020-11,0,Week 0,tablet,google,organic,(organic),Finland,1,1,100.0
2020-11-01,2020-11,0,Week 0,mobile,google,organic,(organic),Puerto Rico,6,6,100.0
2020-11-01,2020-11,0,Week 0,desktop,<Other>,organic,(organic),Malaysia,10,10,100.0
2020-11-01,2020-11,0,Week 0,mobile,google,organic,(organic),South Africa,28,28,100.0
2020-11-01,2020-11,0,Week 0,mobile,google,organic,(organic),Egypt,17,17,100.0
2020-11-01,2020-11,0,Week 0,desktop,google,organic,(organic),Mexico,143,143,100.0
2020-11-01,2020-11,0,Week 0,tablet,google,organic,(organic),United States,266,266,100.0
2020-11-01,2020-11,11,Week 11,desktop,<Other>,referral,(referral),United States,1899,2,0.11
2020-11-01,2020-11,12,Week 12,desktop,<Other>,referral,(referral),United States,1899,2,0.11
2020-11-01,2020-11,12,Week 12,mobile,<Other>,referral,(referral),United States,1303,2,0.15
2020-11-01,2020-11,10,Week 10,mobile,<Other>,referral,(referral),United States,1303,3,0.23
2020-11-01,2020-11,11,Week 11,mobile,shop.googlemerchandisestore.com,referral,(referral),United States,816,2,0.25
2020-11-01,2020-11,12,Week 12,desktop,shop.googlemerchandisestore.com,referral,(referral),United States,1202,3,0.25
2020-11-01,2020-11,7,Week 7,desktop,<Other>,referral,(referral),India,391,1,0.26
2020-11-01,2020-11,10,Week 10,desktop,<Other>,referral,(referral),United States,1899,5,0.26
2020-11-01,2020-11,9,Week 9,desktop,<Other>,referral,(referral),United States,1899,5,0.26
2020-11-01,2020-11,7,Week 7,desktop,<Other>,referral,(referral),Canada,311,1,0.32
2020-11-01,2020-11,8,Week 8,desktop,<Other>,referral,(referral),Canada,311,1,0.32
2020-11-01,2020-11,11,Week 11,desktop,<Other>,referral,(referral),Canada,311,1,0.32
2020-11-01,2020-11,9,Week 9,desktop,<Other>,referral,(referral),Canada,311,1,0.32
2020-11-01,2020-11,12,Week 12,mobile,shop.googlemerchandisestore.com,referral,(referral),United States,816,3,0.37
2020-11-01,2020-11,8,Week 8,mobile,shop.googlemerchandisestore.com,referral,(referral),United States,816,3,0.37
2020-11-01,2020-11,9,Week 9,mobile,<Other>,referral,(referral),India,266,1,0.38
2020-11-01,2020-11,10,Week 10,mobile,<Other>,referral,(referral),India,266,1,0.38
2020-11-01,2020-11,5,Week 5,desktop,shop.googlemerchandisestore.com,referral,(referral),India,264,1,0.38
2020-11-01,2020-11,8,Week 8,mobile,<Other>,referral,(referral),United States,1303,5,0.38
2020-11-01,2020-11,6,Week 6,mobile,<Other>,referral,(referral),India,266,1,0.38
2020-11-01,2020-11,7,Week 7,desktop,shop.googlemerchandisestore.com,referral,(referral),India,264,1,0.38
2020-11-01,2020-11,7,Week 7,mobile,<Other>,referral,(referral),India,266,1,0.38
2020-11-01,2020-11,10,Week 10,desktop,shop.googlemerchandisestore.com,referral,(referral),United States,1202,5,0.42
2020-11-01,2020-11,9,Week 9,mobile,<Other>,referral,(referral),Canada,221,1,0.45
2020-11-01,2020-11,7,Week 7,mobile,<Other>,referral,(referral),Canada,221,1,0.45
2020-11-01,2020-11,6,Week 6,mobile,<Other>,referral,(referral),Canada,221,1,0.45
2020-11-01,2020-11,8,Week 8,mobile,<Other>,referral,(referral),Canada,221,1,0.45
2020-11-01,2020-11,7,Week 7,mobile,<Other>,referral,(referral),United States,1303,6,0.46
2020-11-01,2020-11,7,Week 7,desktop,<Other>,referral,(referral),United States,1899,9,0.47
2020-11-01,2020-11,8,Week 8,desktop,shop.googlemerchandisestore.com,referral,(referral),United States,1202,6,0.5
2020-11-01,2020-11,12,Week 12,desktop,<Other>,referral,(referral),India,391,2,0.51
2020-11-01,2020-11,10,Week 10,desktop,<Other>,referral,(referral),India,391,2,0.51
2020-11-01,2020-11,11,Week 11,mobile,<Other>,referral,(referral),United States,1303,7,0.54
2020-11-01,2020-11,5,Week 5,mobile,shop.googlemerchandisestore.com,referral,(referral),India,174,1,0.57
2020-11-01,2020-11,11,Week 11,mobile,shop.googlemerchandisestore.com,referral,(referral),India,174,1,0.57
2020-11-01,2020-11,11,Week 11,desktop,shop.googlemerchandisestore.com,referral,(referral),United States,1202,7,0.58
2020-11-01,2020-11,8,Week 8,desktop,<Other>,referral,(referral),United States,1899,11,0.58
2020-11-01,2020-11,10,Week 10,mobile,shop.googlemerchandisestore.com,referral,(referral),United States,816,5,0.61
2020-11-01,2020-11,9,Week 9,mobile,shop.googlemerchandisestore.com,referral,(referral),United States,816,5,0.61
2020-11-01,2020-11,9,Week 9,mobile,<Other>,referral,(referral),United States,1303,8,0.61
2020-11-01,2020-11,7,Week 7,mobile,shop.googlemerchandisestore.com,referral,(referral),United States,816,5,0.61
2020-11-01,2020-11,6,Week 6,desktop,<Other>,referral,(referral),Canada,311,2,0.64
2020-11-01,2020-11,5,Week 5,desktop,<Other>,referral,(referral),Canada,311,2,0.64
2020-11-01,2020-11,4,Week 4,desktop,<Other>,referral,(referral),Canada,311,2,0.64
2020-11-01,2020-11,6,Week 6,desktop,<Other>,referral,(referral),United States,1899,13,0.68
2020-11-01,2020-11,6,Week 6,mobile,<Other>,referral,(referral),United States,1303,9,0.69
2020-11-01,2020-11,8,Week 8,mobile,shop.googlemerchandisestore.com,referral,(referral),Canada,140,1,0.71
2020-11-01,2020-11,12,Week 12,mobile,shop.googlemerchandisestore.com,referral,(referral),Canada,140,1,0.71
2020-11-01,2020-11,11,Week 11,mobile,shop.googlemerchandisestore.com,referral,(referral),Canada,140,1,0.71
2020-11-01,2020-11,10,Week 10,mobile,shop.googlemerchandisestore.com,referral,(referral),Canada,140,1,0.71
2020-11-01,2020-11,9,Week 9,desktop,shop.googlemerchandisestore.com,referral,(referral),United States,1202,9,0.75
2020-11-01,2020-11,7,Week 7,desktop,shop.googlemerchandisestore.com,referral,(referral),United States,1202,9,0.75
2020-11-01,2020-11,5,Week 5,mobile,<Other>,referral,(referral),India,266,2,0.75
2020-11-01,2020-11,11,Week 11,desktop,shop.googlemerchandisestore.com,referral,(referral),India,264,2,0.76
2020-11-01,2020-11,9,Week 9,desktop,shop.googlemerchandisestore.com,referral,(referral),India,264,2,0.76
2020-11-01,2020-11,6,Week 6,desktop,<Other>,referral,(referral),India,391,3,0.77
2020-11-01,2020-11,11,Week 11,desktop,<Other>,referral,(referral),India,391,3,0.77
2020-11-01,2020-11,9,Week 9,desktop,<Other>,referral,(referral),United Kingdom,129,1,0.78
2020-11-01,2020-11,2,Week 2,desktop,<Other>,referral,(referral),United Kingdom,129,1,0.78
2020-11-01,2020-11,5,Week 5,mobile,<Other>,referral,(referral),Canada,221,2,0.9
2020-11-01,2020-11,6,Week 6,desktop,shop.googlemerchandisestore.com,referral,(referral),Canada,220,2,0.91
2020-11-01,2020-11,7,Week 7,desktop,shop.googlemerchandisestore.com,referral,(referral),Canada,220,2,0.91
2020-11-01,2020-11,6,Week 6,desktop,shop.googlemerchandisestore.com,referral,(referral),United States,1202,11,0.92
2020-11-01,2020-11,9,Week 9,desktop,<Other>,referral,(referral),India,391,4,1.02
2020-11-01,2020-11,5,Week 5,desktop,<Other>,referral,(referral),United States,1899,20,1.05
2020-11-01,2020-11,5,Week 5,mobile,<Other>,referral,(referral),United States,1303,14,1.07
2020-11-01,2020-11,3,Week 3,mobile,<Other>,referral,(referral),India,266,3,1.13
2020-11-01,2020-11,4,Week 4,mobile,<Other>,referral,(referral),India,266,3,1.13
2020-11-01,2020-11,10,Week 10,desktop,shop.googlemerchandisestore.com,referral,(referral),India,264,3,1.14
2020-11-01,2020-11,3,Week 3,desktop,<Other>,referral,(referral),Spain,88,1,1.14
2020-11-01,2020-11,6,Week 6,desktop,<Other>,referral,(referral),Spain,88,1,1.14
2020-11-01,2020-11,6,Week 6,mobile,shop.googlemerchandisestore.com,referral,(referral),India,174,2,1.15
2020-11-01,2020-11,10,Week 10,mobile,shop.googlemerchandisestore.com,referral,(referral),India,174,2,1.15
2020-11-01,2020-11,5,Week 5,desktop,<Other>,referral,(referral),Germany,86,1,1.16
2020-11-01,2020-11,10,Week 10,desktop,<Other>,referral,(referral),Germany,86,1,1.16
2020-11-01,2020-11,2,Week 2,desktop,<Other>,referral,(referral),Germany,86,1,1.16
2020-11-01,2020-11,4,Week 4,desktop,<Other>,referral,(referral),Germany,86,1,1.16
2020-11-01,2020-11,12,Week 12,desktop,<Other>,referral,(referral),Germany,86,1,1.16
2020-11-01,2020-11,6,Week 6,desktop,<Other>,referral,(referral),Germany,86,1,1.16
2020-11-01,2020-11,3,Week 3,desktop,<Other>,referral,(referral),Germany,86,1,1.16
2020-11-01,2020-11,4,Week 4,desktop,<Other>,referral,(referral),France,82,1,1.22
2020-11-01,2020-11,8,Week 8,desktop,<Other>,referral,(referral),India,391,5,1.28
2020-11-01,2020-11,1,Week 1,mobile,<Other>,referral,(referral),United Kingdom,78,1,1.28
2020-11-01,2020-11,2,Week 2,desktop,<Other>,referral,(referral),Canada,311,4,1.29
2020-11-01,2020-11,3,Week 3,desktop,<Other>,referral,(referral),Canada,311,4,1.29
2020-11-01,2020-11,8,Week 8,desktop,shop.googlemerchandisestore.com,referral,(referral),Canada,220,3,1.36
2020-11-01,2020-11,5,Week 5,desktop,shop.googlemerchandisestore.com,referral,(referral),Canada,220,3,1.36
2020-11-01,2020-11,3,Week 3,mobile,<Other>,referral,(referral),Canada,221,3,1.36
2020-11-01,2020-11,12,Week 12,tablet,<Other>,referral,(referral),United States,70,1,1.43
2020-11-01,2020-11,9,Week 9,tablet,<Other>,referral,(referral),United States,70,1,1.43
2020-11-01,2020-11,7,Week 7,tablet,<Other>,referral,(referral),United States,70,1,1.43
2020-11-01,2020-11,5,Week 5,mobile,shop.googlemerchandisestore.com,referral,(referral),Canada,140,2,1.43
2020-11-01,2020-11,10,Week 10,tablet,<Other>,referral,(referral),United States,70,1,1.43
2020-11-01,2020-11,2,Week 2,tablet,<Other>,referral,(referral),United States,70,1,1.43
2020-11-01,2020-11,5,Week 5,mobile,shop.googlemerchandisestore.com,referral,(referral),United States,816,12,1.47
2020-11-01,2020-11,5,Week 5,desktop,shop.googlemerchandisestore.com,referral,(referral),United States,1202,18,1.5
2020-11-01,2020-11,6,Week 6,desktop,shop.googlemerchandisestore.com,referral,(referral),India,264,4,1.52
2020-11-01,2020-11,5,Week 5,desktop,<Other>,referral,(referral),United Kingdom,129,2,1.55
2020-11-01,2020-11,4,Week 4,desktop,<Other>,referral,(referral),United Kingdom,129,2,1.55
2020-11-01,2020-11,4,Week 4,desktop,<Other>,referral,(referral),Taiwan,64,1,1.56
2020-11-01,2020-11,1,Week 1,desktop,<Other>,referral,(referral),Taiwan,64,1,1.56
2020-11-01,2020-11,6,Week 6,mobile,shop.googlemerchandisestore.com,referral,(referral),United States,816,13,1.59
2020-11-01,2020-11,4,Week 4,desktop,<Other>,referral,(referral),United States,1899,32,1.69
2020-11-01,2020-11,4,Week 4,mobile,<Other>,referral,(referral),United States,1303,22,1.69
2020-11-01,2020-11,8,Week 8,mobile,shop.googlemerchandisestore.com,referral,(referral),India,174,3,1.72
2020-11-01,2020-11,9,Week 9,mobile,shop.googlemerchandisestore.com,referral,(referral),India,174,3,1.72
2020-11-01,2020-11,5,Week 5,mobile,<Other>,referral,(referral),Spain,57,1,1.75
2020-11-01,2020-11,3,Week 3,mobile,<Other>,referral,(referral),France,57,1,1.75
2020-11-01,2020-11,2,Week 2,mobile,<Other>,referral,(referral),Germany,57,1,1.75
2020-11-01,2020-11,3,Week 3,mobile,<Other>,referral,(referral),Spain,57,1,1.75
2020-11-01,2020-11,7,Week 7,mobile,<Other>,referral,(referral),Spain,57,1,1.75
2020-11-01,2020-11,8,Week 8,mobile,<Other>,referral,(referral),Spain,57,1,1.75
2020-11-01,2020-11,2,Week 2,mobile,<Other>,referral,(referral),France,57,1,1.75
2020-11-01,2020-11,8,Week 8,desktop,shop.googlemerchandisestore.com,referral,(referral),France,55,1,1.82
2020-11-01,2020-11,9,Week 9,desktop,shop.googlemerchandisestore.com,referral,(referral),Canada,220,4,1.82
2020-11-01,2020-11,4,Week 4,desktop,shop.googlemerchandisestore.com,referral,(referral),France,55,1,1.82
2020-11-01,2020-11,6,Week 6,desktop,shop.googlemerchandisestore.com,referral,(referral),France,55,1,1.82
2020-11-01,2020-11,7,Week 7,desktop,shop.googlemerchandisestore.com,referral,(referral),France,55,1,1.82
2020-11-01,2020-11,9,Week 9,desktop,shop.googlemerchandisestore.com,referral,(referral),France,55,1,1.82
2020-11-01,2020-11,5,Week 5,mobile,<Other>,referral,(referral),Italy,54,1,1.85
2020-11-01,2020-11,2,Week 2,mobile,<Other>,referral,(referral),India,266,5,1.88
2020-11-01,2020-11,9,Week 9,desktop,shop.googlemerchandisestore.com,referral,(referral),China,53,1,1.89
2020-11-01,2020-11,9,Week 9,desktop,<Other>,referral,(referral),Singapore,53,1,1.89
2020-11-01,2020-11,12,Week 12,desktop,shop.googlemerchandisestore.com,referral,(referral),China,53,1,1.89
2020-11-01,2020-11,12,Week 12,desktop,<Other>,referral,(referral),Singapore,53,1,1.89
2020-11-01,2020-11,4,Week 4,desktop,<Other>,referral,(referral),Singapore,53,1,1.89
2020-11-01,2020-11,5,Week 5,desktop,<Other>,referral,(referral),Singapore,53,1,1.89
2020-11-01,2020-11,2,Week 2,desktop,<Other>,referral,(referral),Singapore,53,1,1.89
2020-11-01,2020-11,3,Week 3,desktop,<Other>,referral,(referral),Singapore,53,1,1.89
2020-11-01,2020-11,6,Week 6,desktop,shop.googlemerchandisestore.com,referral,(referral),Spain,51,1,1.96
2020-11-01,2020-11,7,Week 7,desktop,shop.googlemerchandisestore.com,referral,(referral),Spain,51,1,1.96
2020-11-01,2020-11,7,Week 7,desktop,<Other>,referral,(referral),Indonesia,51,1,1.96
2020-11-01,2020-11,4,Week 4,mobile,shop.googlemerchandisestore.com,referral,(referral),United Kingdom,51,1,1.96
2020-11-01,2020-11,3,Week 3,desktop,<Other>,referral,(referral),Indonesia,51,1,1.96
2020-11-01,2020-11,11,Week 11,mobile,shop.googlemerchandisestore.com,referral,(referral),United Kingdom,51,1,1.96
2020-11-01,2020-11,12,Week 12,desktop,shop.googlemerchandisestore.com,referral,(referral),Spain,51,1,1.96
2020-11-01,2020-11,10,Week 10,desktop,<Other>,referral,(referral),Indonesia,51,1,1.96
2020-11-01,2020-11,9,Week 9,desktop,shop.googlemerchandisestore.com,referral,(referral),Spain,51,1,1.96
2020-11-01,2020-11,3,Week 3,desktop,<Other>,referral,(referral),United States,1899,38,2.0
2020-11-01,2020-11,8,Week 8,mobile,<Other>,referral,(referral),China,49,1,2.04
2020-11-01,2020-11,2,Week 2,desktop,<Other>,referral,(referral),Italy,49,1,2.04
2020-11-01,2020-11,3,Week 3,mobile,<Other>,referral,(referral),China,49,1,2.04
2020-11-01,2020-11,3,Week 3,desktop,<Other>,referral,(referral),Italy,49,1,2.04
2020-11-01,2020-11,5,Week 5,desktop,<Other>,referral,(referral),Italy,49,1,2.04
2020-11-01,2020-11,5,Week 5,mobile,<Other>,referral,(referral),Singapore,47,1,2.13
2020-11-01,2020-11,10,Week 10,desktop,shop.googlemerchandisestore.com,referral,(referral),Italy,47,1,2.13
2020-11-01,2020-11,10,Week 10,mobile,<Other>,referral,(referral),Japan,47,1,2.13
2020-11-01,2020-11,11,Week 11,mobile,<Other>,referral,(referral),Japan,47,1,2.13
2020-11-01,2020-11,9,Week 9,mobile,<Other>,referral,(referral),Japan,47,1,2.13
2020-11-01,2020-11,4,Week 4,mobile,<Other>,referral,(referral),Singapore,47,1,2.13
2020-11-01,2020-11,4,Week 4,mobile,shop.googlemerchandisestore.com,referral,(referral),Canada,140,3,2.14
2020-11-01,2020-11,7,Week 7,mobile,shop.googlemerchandisestore.com,referral,(referral),Canada,140,3,2.14
2020-11-01,2020-11,5,Week 5,desktop,<Other>,referral,(referral),Turkey,46,1,2.17
2020-11-01,2020-11,3,Week 3,desktop,<Other>,referral,(referral),Turkey,46,1,2.17
2020-11-01,2020-11,10,Week 10,desktop,<Other>,referral,(referral),Turkey,46,1,2.17
2020-11-01,2020-11,2,Week 2,desktop,<Other>,referral,(referral),Turkey,46,1,2.17
2020-11-01,2020-11,5,Week 5,desktop,shop.googlemerchandisestore.com,referral,(referral),Taiwan,46,1,2.17
2020-11-01,2020-11,4,Week 4,desktop,<Other>,referral,(referral),Turkey,46,1,2.17
2020-11-01,2020-11,1,Week 1,desktop,<Other>,referral,(referral),South Korea,45,1,2.22
2020-11-01,2020-11,2,Week 2,desktop,<Other>,referral,(referral),Spain,88,2,2.27
2020-11-01,2020-11,7,Week 7,desktop,<Other>,referral,(referral),Spain,88,2,2.27
2020-11-01,2020-11,5,Week 5,desktop,<Other>,referral,(referral),Spain,88,2,2.27
2020-11-01,2020-11,4,Week 4,desktop,<Other>,referral,(referral),Spain,88,2,2.27
2020-11-01,2020-11,5,Week 5,desktop,shop.googlemerchandisestore.com,referral,(referral),Germany,43,1,2.33
2020-11-01,2020-11,7,Week 7,desktop,shop.googlemerchandisestore.com,referral,(referral),Germany,43,1,2.33
2020-11-01,2020-11,11,Week 11,desktop,shop.googlemerchandisestore.com,referral,(referral),Germany,43,1,2.33
2020-11-01,2020-11,4,Week 4,desktop,<Other>,referral,(referral),China,85,2,2.35
2020-11-01,2020-11,6,Week 6,mobile,shop.googlemerchandisestore.com,referral,(referral),Germany,41,1,2.44
2020-11-01,2020-11,5,Week 5,mobile,shop.googlemerchandisestore.com,referral,(referral),Germany,41,1,2.44
2020-11-01,2020-11,7,Week 7,mobile,shop.googlemerchandisestore.com,referral,(referral),Germany,41,1,2.44
2020-11-01,2020-11,3,Week 3,mobile,shop.googlemerchandisestore.com,referral,(referral),Germany,41,1,2.44
2020-11-01,2020-11,4,Week 4,desktop,shop.googlemerchandisestore.com,referral,(referral),United Kingdom,81,2,2.47
2020-11-01,2020-11,9,Week 9,tablet,shop.googlemerchandisestore.com,referral,(referral),United States,40,1,2.5
2020-11-01,2020-11,5,Week 5,mobile,shop.googlemerchandisestore.com,referral,(referral),France,40,1,2.5
2020-11-01,2020-11,3,Week 3,desktop,<Other>,referral,(referral),Japan,40,1,2.5
2020-11-01,2020-11,4,Week 4,tablet,shop.googlemerchandisestore.com,referral,(referral),United States,40,1,2.5
2020-11-01,2020-11,5,Week 5,desktop,<Other>,referral,(referral),Japan,40,1,2.5
2020-11-01,2020-11,12,Week 12,tablet,shop.googlemerchandisestore.com,referral,(referral),United States,40,1,2.5
2020-11-01,2020-11,6,Week 6,tablet,shop.googlemerchandisestore.com,referral,(referral),United States,40,1,2.5
2020-11-01,2020-11,11,Week 11,tablet,shop.googlemerchandisestore.com,referral,(referral),United States,40,1,2.5
2020-11-01,2020-11,10,Week 10,tablet,shop.googlemerchandisestore.com,referral,(referral),United States,40,1,2.5
2020-11-01,2020-11,3,Week 3,mobile,<Other>,referral,(referral),United States,1303,33,2.53
2020-11-01,2020-11,8,Week 8,desktop,<Other>,referral,(referral),Australia,39,1,2.56
2020-11-01,2020-11,12,Week 12,desktop,<Other>,referral,(referral),Netherlands,39,1,2.56
2020-11-01,2020-11,4,Week 4,desktop,<Other>,referral,(referral),Netherlands,39,1,2.56
2020-11-01,2020-11,2,Week 2,desktop,<Other>,referral,(referral),Australia,39,1,2.56
2020-11-01,2020-11,7,Week 7,desktop,<Other>,referral,(referral),Australia,39,1,2.56
2020-11-01,2020-11,6,Week 6,desktop,<Other>,referral,(referral),Australia,39,1,2.56
2020-11-01,2020-11,10,Week 10,desktop,shop.googlemerchandisestore.com,referral,(referral),Netherlands,39,1,2.56
2020-11-01,2020-11,5,Week 5,desktop,<Other>,referral,(referral),India,391,10,2.56
2020-11-01,2020-11,11,Week 11,desktop,<Other>,referral,(referral),Australia,39,1,2.56
2020-11-01,2020-11,2,Week 2,desktop,<Other>,referral,(referral),Netherlands,39,1,2.56
2020-11-01,2020-11,3,Week 3,desktop,<Other>,referral,(referral),Poland,39,1,2.56
2020-11-01,2020-11,5,Week 5,desktop,<Other>,referral,(referral),(not set),38,1,2.63
2020-11-01,2020-11,3,Week 3,mobile,<Other>,referral,(referral),Netherlands,38,1,2.63
2020-11-01,2020-11,8,Week 8,mobile,<Other>,referral,(referral),Turkey,38,1,2.63
2020-11-01,2020-11,9,Week 9,mobile,<Other>,referral,(referral),Turkey,38,1,2.63
2020-11-01,2020-11,5,Week 5,mobile,<Other>,referral,(referral),Turkey,38,1,2.63
2020-11-01,2020-11,2,Week 2,mobile,<Other>,referral,(referral),Netherlands,38,1,2.63
2020-11-01,2020-11,4,Week 4,mobile,<Other>,referral,(referral),Turkey,38,1,2.63
2020-11-01,2020-11,2,Week 2,mobile,<Other>,referral,(referral),Turkey,38,1,2.63
2020-11-01,2020-11,3,Week 3,desktop,<Other>,referral,(referral),Russia,38,1,2.63
2020-11-01,2020-11,3,Week 3,mobile,<Other>,referral,(referral),Turkey,38,1,2.63
2020-11-01,2020-11,6,Week 6,desktop,<Other>,referral,(referral),(not set),38,1,2.63
2020-11-01,2020-11,3,Week 3,desktop,shop.googlemerchandisestore.com,referral,(referral),India,264,7,2.65
2020-11-01,2020-11,2,Week 2,desktop,shop.googlemerchandisestore.com,referral,(referral),India,264,7,2.65
2020-11-01,2020-11,4,Week 4,desktop,shop.googlemerchandisestore.com,referral,(referral),United States,1202,32,2.66
2020-11-01,2020-11,2,Week 2,desktop,<Other>,referral,(referral),United States,1899,51,2.69
2020-11-01,2020-11,1,Week 1,mobile,<Other>,referral,(referral),Taiwan,37,1,2.7
2020-11-01,2020-11,2,Week 2,mobile,<Other>,referral,(referral),Taiwan,37,1,2.7
2020-11-01,2020-11,3,Week 3,desktop,shop.googlemerchandisestore.com,referral,(referral),United States,1202,34,2.83
2020-11-01,2020-11,3,Week 3,tablet,<Other>,referral,(referral),United States,70,2,2.86
2020-11-01,2020-11,5,Week 5,mobile,<Other>,referral,(referral),Brazil,35,1,2.86
2020-11-01,2020-11,11,Week 11,mobile,<Other>,referral,(referral),South Korea,35,1,2.86
2020-11-01,2020-11,9,Week 9,desktop,shop.googlemerchandisestore.com,referral,(referral),Australia,35,1,2.86
2020-11-01,2020-11,7,Week 7,mobile,<Other>,referral,(referral),Brazil,35,1,2.86
2020-11-01,2020-11,2,Week 2,mobile,<Other>,referral,(referral),South Korea,35,1,2.86
2020-11-01,2020-11,6,Week 6,mobile,<Other>,referral,(referral),South Korea,35,1,2.86
2020-11-01,2020-11,9,Week 9,mobile,<Other>,referral,(referral),South Korea,35,1,2.86
2020-11-01,2020-11,3,Week 3,desktop,shop.googlemerchandisestore.com,referral,(referral),Australia,35,1,2.86
2020-11-01,2020-11,13,Week 13,desktop,shop.googlemerchandisestore.com,referral,(referral),Australia,35,1,2.86
2020-11-01,2020-11,1,Week 1,mobile,<Other>,referral,(referral),South Korea,35,1,2.86
2020-11-01,2020-11,4,Week 4,tablet,<Other>,referral,(referral),United States,70,2,2.86
2020-11-01,2020-11,2,Week 2,mobile,<Other>,referral,(referral),Brazil,35,1,2.86
2020-11-01,2020-11,6,Week 6,mobile,shop.googlemerchandisestore.com,referral,(referral),Canada,140,4,2.86
2020-11-01,2020-11,7,Week 7,mobile,shop.googlemerchandisestore.com,referral,(referral),India,174,5,2.87
2020-11-01,2020-11,4,Week 4,mobile,shop.googlemerchandisestore.com,referral,(referral),India,174,5,2.87
2020-11-01,2020-11,1,Week 1,desktop,shop.googlemerchandisestore.com,referral,(referral),Japan,34,1,2.94
2020-11-01,2020-11,2,Week 2,desktop,shop.googlemerchandisestore.com,referral,(referral),Japan,34,1,2.94
2020-11-01,2020-11,4,Week 4,desktop,shop.googlemerchandisestore.com,referral,(referral),India,264,8,3.03
2020-11-01,2020-11,4,Week 4,desktop,<Other>,referral,(referral),India,391,12,3.07
2020-11-01,2020-11,7,Week 7,mobile,<Other>,referral,(referral),Poland,32,1,3.13
2020-11-01,2020-11,4,Week 4,mobile,shop.googlemerchandisestore.com,referral,(referral),Spain,32,1,3.13
2020-11-01,2020-11,4,Week 4,desktop,shop.googlemerchandisestore.com,referral,(referral),Singapore,32,1,3.13
2020-11-01,2020-11,9,Week 9,desktop,shop.googlemerchandisestore.com,referral,(referral),Singapore,32,1,3.13
2020-11-01,2020-11,4,Week 4,desktop,<Other>,referral,(referral),Sweden,32,1,3.13
2020-11-01,2020-11,5,Week 5,mobile,shop.googlemerchandisestore.com,referral,(referral),Taiwan,32,1,3.13
2020-11-01,2020-11,3,Week 3,desktop,shop.googlemerchandisestore.com,referral,(referral),Singapore,32,1,3.13
2020-11-01,2020-11,4,Week 4,mobile,shop.googlemerchandisestore.com,referral,(referral),Japan,32,1,3.13
2020-11-01,2020-11,6,Week 6,desktop,<Other>,referral,(referral),Sweden,32,1,3.13
2020-11-01,2020-11,3,Week 3,desktop,<Other>,referral,(referral),Sweden,32,1,3.13
2020-11-01,2020-11,5,Week 5,desktop,<Other>,referral,(referral),Sweden,32,1,3.13
2020-11-01,2020-11,3,Week 3,mobile,shop.googlemerchandisestore.com,referral,(referral),Taiwan,32,1,3.13
2020-11-01,2020-11,6,Week 6,mobile,shop.googlemerchandisestore.com,referral,(referral),Spain,32,1,3.13
2020-11-01,2020-11,1,Week 1,desktop,<Other>,referral,(referral),Sweden,32,1,3.13
2020-11-01,2020-11,5,Week 5,mobile,shop.googlemerchandisestore.com,referral,(referral),Spain,32,1,3.13
2020-11-01,2020-11,2,Week 2,mobile,<Other>,referral,(referral),Poland,32,1,3.13
2020-11-01,2020-11,5,Week 5,desktop,shop.googlemerchandisestore.com,referral,(referral),Singapore,32,1,3.13
2020-11-01,2020-11,4,Week 4,mobile,<Other>,referral,(referral),Canada,221,7,3.17
2020-11-01,2020-11,4,Week 4,mobile,shop.googlemerchandisestore.com,referral,(referral),United States,816,26,3.19
2020-11-01,2020-11,2,Week 2,mobile,<Other>,referral,(referral),United States,1303,42,3.22
2020-11-01,2020-11,6,Week 6,mobile,shop.googlemerchandisestore.com,referral,(referral),China,31,1,3.23
2020-11-01,2020-11,10,Week 10,mobile,shop.googlemerchandisestore.com,referral,(referral),China,31,1,3.23
2020-11-01,2020-11,4,Week 4,mobile,shop.googlemerchandisestore.com,referral,(referral),China,31,1,3.23
2020-11-01,2020-11,3,Week 3,desktop,<Other>,referral,(referral),Malaysia,31,1,3.23
2020-11-01,2020-11,4,Week 4,desktop,<Other>,referral,(referral),Israel,30,1,3.33
2020-11-01,2020-11,1,Week 1,desktop,<Other>,referral,(referral),Mexico,30,1,3.33
2020-11-01,2020-11,2,Week 2,desktop,<Other>,referral,(referral),Mexico,30,1,3.33
2020-11-01,2020-11,2,Week 2,mobile,shop.googlemerchandisestore.com,referral,(referral),Italy,30,1,3.33
2020-11-01,2020-11,7,Week 7,mobile,shop.googlemerchandisestore.com,referral,(referral),Italy,30,1,3.33
2020-11-01,2020-11,1,Week 1,mobile,shop.googlemerchandisestore.com,referral,(referral),Italy,30,1,3.33
2020-11-01,2020-11,3,Week 3,desktop,<Other>,referral,(referral),Israel,30,1,3.33
2020-11-01,2020-11,3,Week 3,desktop,<Other>,referral,(referral),Mexico,30,1,3.33
2020-11-01,2020-11,10,Week 10,desktop,<Other>,referral,(referral),Mexico,30,1,3.33
2020-11-01,2020-11,3,Week 3,mobile,shop.googlemerchandisestore.com,referral,(referral),Italy,30,1,3.33
2020-11-01,2020-11,2,Week 2,desktop,<Other>,referral,(referral),Israel,30,1,3.33
2020-11-01,2020-11,4,Week 4,desktop,<Other>,referral,(referral),Mexico,30,1,3.33
2020-11-01,2020-11,4,Week 4,mobile,shop.googlemerchandisestore.com,referral,(referral),Italy,30,1,3.33
2020-11-01,2020-11,3,Week 3,mobile,shop.googlemerchandisestore.com,referral,(referral),India,174,6,3.45
2020-11-01,2020-11,6,Week 6,mobile,<Other>,referral,(referral),France,57,2,3.51
2020-11-01,2020-11,1,Week 1,mobile,<Other>,referral,(referral),France,57,2,3.51
2020-11-01,2020-11,6,Week 6,mobile,<Other>,referral,(referral),Spain,57,2,3.51
2020-11-01,2020-11,5,Week 5,mobile,<Other>,referral,(referral),France,57,2,3.51
2020-11-01,2020-11,5,Week 5,desktop,<Other>,referral,(referral),China,85,3,3.53
2020-11-01,2020-11,3,Week 3,desktop,shop.googlemerchandisestore.com,referral,(referral),Turkey,28,1,3.57
2020-11-01,2020-11,4,Week 4,mobile,shop.googlemerchandisestore.com,referral,(referral),Singapore,28,1,3.57
2020-11-01,2020-11,3,Week 3,desktop,shop.googlemerchandisestore.com,referral,(referral),Indonesia,28,1,3.57
2020-11-01,2020-11,11,Week 11,desktop,shop.googlemerchandisestore.com,referral,(referral),Turkey,28,1,3.57
2020-11-01,2020-11,5,Week 5,mobile,shop.googlemerchandisestore.com,referral,(referral),Singapore,28,1,3.57
2020-11-01,2020-11,1,Week 1,mobile,shop.googlemerchandisestore.com,referral,(referral),Singapore,28,1,3.57
2020-11-01,2020-11,1,Week 1,desktop,shop.googlemerchandisestore.com,referral,(referral),Indonesia,28,1,3.57
2020-11-01,2020-11,9,Week 9,desktop,shop.googlemerchandisestore.com,referral,(referral),Indonesia,28,1,3.57
2020-11-01,2020-11,8,Week 8,desktop,shop.googlemerchandisestore.com,referral,(referral),Indonesia,28,1,3.57
2020-11-01,2020-11,4,Week 4,desktop,shop.googlemerchandisestore.com,referral,(referral),Indonesia,28,1,3.57
2020-11-01,2020-11,6,Week 6,desktop,shop.googlemerchandisestore.com,referral,(referral),Turkey,28,1,3.57
2020-11-01,2020-11,2,Week 2,desktop,shop.googlemerchandisestore.com,referral,(referral),Canada,220,8,3.64
2020-11-01,2020-11,1,Week 1,desktop,shop.googlemerchandisestore.com,referral,(referral),France,55,2,3.64
2020-11-01,2020-11,3,Week 3,mobile,shop.googlemerchandisestore.com,referral,(referral),United States,816,30,3.68
2020-11-01,2020-11,4,Week 4,mobile,<Other>,referral,(referral),Italy,54,2,3.7
2020-11-01,2020-11,2,Week 2,mobile,<Other>,referral,(referral),Mexico,27,1,3.7
2020-11-01,2020-11,5,Week 5,desktop,shop.googlemerchandisestore.com,referral,(referral),United Kingdom,81,3,3.7
2020-11-01,2020-11,1,Week 1,desktop,shop.googlemerchandisestore.com,referral,(referral),United Kingdom,81,3,3.7
2020-11-01,2020-11,2,Week 2,mobile,<Other>,referral,(referral),Italy,54,2,3.7
2020-11-01,2020-11,6,Week 6,desktop,shop.googlemerchandisestore.com,referral,(referral),United Kingdom,81,3,3.7
2020-11-01,2020-11,10,Week 10,desktop,shop.googlemerchandisestore.com,referral,(referral),China,53,2,3.77
2020-11-01,2020-11,4,Week 4,desktop,shop.googlemerchandisestore.com,referral,(referral),China,53,2,3.77
2020-11-01,2020-11,5,Week 5,desktop,shop.googlemerchandisestore.com,referral,(referral),China,53,2,3.77
2020-11-01,2020-11,7,Week 7,desktop,shop.googlemerchandisestore.com,referral,(referral),China,53,2,3.77
2020-11-01,2020-11,11,Week 11,desktop,shop.googlemerchandisestore.com,referral,(referral),China,53,2,3.77
2020-11-01,2020-11,8,Week 8,desktop,shop.googlemerchandisestore.com,referral,(referral),China,53,2,3.77
2020-11-01,2020-11,7,Week 7,desktop,shop.googlemerchandisestore.com,referral,(referral),Brazil,26,1,3.85
2020-11-01,2020-11,3,Week 3,desktop,<Other>,referral,(referral),Philippines,26,1,3.85
2020-11-01,2020-11,5,Week 5,desktop,<Other>,referral,(referral),Peru,26,1,3.85
2020-11-01,2020-11,2,Week 2,desktop,shop.googlemerchandisestore.com,referral,(referral),Brazil,26,1,3.85
2020-11-01,2020-11,8,Week 8,desktop,shop.googlemerchandisestore.com,referral,(referral),Brazil,26,1,3.85
2020-11-01,2020-11,2,Week 2,desktop,<Other>,referral,(referral),Peru,26,1,3.85
2020-11-01,2020-11,9,Week 9,desktop,<Other>,referral,(referral),Philippines,26,1,3.85
2020-11-01,2020-11,1,Week 1,desktop,<Other>,referral,(referral),Philippines,26,1,3.85
2020-11-01,2020-11,3,Week 3,desktop,shop.googlemerchandisestore.com,referral,(referral),Spain,51,2,3.92
2020-11-01,2020-11,2,Week 2,desktop,<Other>,referral,(referral),Indonesia,51,2,3.92
2020-11-01,2020-11,6,Week 6,mobile,shop.googlemerchandisestore.com,referral,(referral),United Kingdom,51,2,3.92
2020-11-01,2020-11,2,Week 2,mobile,shop.googlemerchandisestore.com,referral,(referral),United States,816,32,3.92
2020-11-01,2020-11,5,Week 5,mobile,shop.googlemerchandisestore.com,referral,(referral),United Kingdom,51,2,3.92
2020-11-01,2020-11,2,Week 2,mobile,shop.googlemerchandisestore.com,referral,(referral),United Kingdom,51,2,3.92
2020-11-01,2020-11,1,Week 1,desktop,<Other>,referral,(referral),Indonesia,51,2,3.92
2020-11-01,2020-11,2,Week 2,desktop,shop.googlemerchandisestore.com,referral,(referral),(not set),25,1,4.0
2020-11-01,2020-11,5,Week 5,mobile,<Other>,referral,(referral),(not set),25,1,4.0
2020-11-01,2020-11,2,Week 2,mobile,<Other>,referral,(referral),(not set),25,1,4.0
2020-11-01,2020-11,7,Week 7,mobile,<Other>,referral,(referral),(not set),25,1,4.0
2020-11-01,2020-11,1,Week 1,desktop,<Other>,referral,(referral),Hong Kong,25,1,4.0
2020-11-01,2020-11,5,Week 5,desktop,shop.googlemerchandisestore.com,referral,(referral),(not set),25,1,4.0
2020-11-01,2020-11,10,Week 10,mobile,<Other>,referral,(referral),(not set),25,1,4.0
2020-11-01,2020-11,3,Week 3,desktop,<Other>,referral,(referral),Hong Kong,25,1,4.0
2020-11-01,2020-11,7,Week 7,desktop,<Other>,referral,(referral),Hong Kong,25,1,4.0
2020-11-01,2020-11,3,Week 3,mobile,<Other>,referral,(referral),(not set),25,1,4.0
2020-11-01,2020-11,6,Week 6,desktop,shop.googlemerchandisestore.com,referral,(referral),(not set),25,1,4.0
2020-11-01,2020-11,4,Week 4,desktop,<Other>,referral,(referral),Hong Kong,25,1,4.0
2020-11-01,2020-11,2,Week 2,mobile,<Other>,referral,(referral),Canada,221,9,4.07
2020-11-01,2020-11,2,Week 2,mobile,<Other>,referral,(referral),China,49,2,4.08
2020-11-01,2020-11,4,Week 4,mobile,<Other>,referral,(referral),China,49,2,4.08
2020-11-01,2020-11,3,Week 3,desktop,<Other>,referral,(referral),India,391,16,4.09
2020-11-01,2020-11,3,Week 3,desktop,shop.googlemerchandisestore.com,referral,(referral),Canada,220,9,4.09
2020-11-01,2020-11,2,Week 2,desktop,shop.googlemerchandisestore.com,referral,(referral),Poland,24,1,4.17
2020-11-01,2020-11,3,Week 3,desktop,shop.googlemerchandisestore.com,referral,(referral),Poland,24,1,4.17
2020-11-01,2020-11,12,Week 12,desktop,shop.googlemerchandisestore.com,referral,(referral),South Korea,24,1,4.17
2020-11-01,2020-11,8,Week 8,desktop,shop.googlemerchandisestore.com,referral,(referral),South Korea,24,1,4.17
2020-11-01,2020-11,9,Week 9,mobile,shop.googlemerchandisestore.com,referral,(referral),Netherlands,24,1,4.17
2020-11-01,2020-11,1,Week 1,mobile,<Other>,referral,(referral),Russia,24,1,4.17
2020-11-01,2020-11,6,Week 6,mobile,shop.googlemerchandisestore.com,referral,(referral),Netherlands,24,1,4.17
2020-11-01,2020-11,7,Week 7,desktop,shop.googlemerchandisestore.com,referral,(referral),South Korea,24,1,4.17
2020-11-01,2020-11,3,Week 3,mobile,shop.googlemerchandisestore.com,referral,(referral),Netherlands,24,1,4.17
2020-11-01,2020-11,1,Week 1,mobile,shop.googlemerchandisestore.com,referral,(referral),Netherlands,24,1,4.17
2020-11-01,2020-11,2,Week 2,mobile,shop.googlemerchandisestore.com,referral,(referral),Netherlands,24,1,4.17
2020-11-01,2020-11,4,Week 4,desktop,shop.googlemerchandisestore.com,referral,(referral),Poland,24,1,4.17
2020-11-01,2020-11,5,Week 5,desktop,shop.googlemerchandisestore.com,referral,(referral),South Korea,24,1,4.17
2020-11-01,2020-11,4,Week 4,desktop,shop.googlemerchandisestore.com,referral,(referral),South Korea,24,1,4.17
2020-11-01,2020-11,1,Week 1,mobile,<Other>,referral,(referral),Japan,47,2,4.26
2020-11-01,2020-11,3,Week 3,mobile,<Other>,referral,(referral),Japan,47,2,4.26
2020-11-01,2020-11,4,Week 4,desktop,<Other>,referral,(referral),Brazil,47,2,4.26
2020-11-01,2020-11,1,Week 1,mobile,<Other>,referral,(referral),Singapore,47,2,4.26
2020-11-01,2020-11,3,Week 3,desktop,shop.googlemerchandisestore.com,referral,(referral),Italy,47,2,4.26
2020-11-01,2020-11,4,Week 4,desktop,shop.googlemerchandisestore.com,referral,(referral),Italy,47,2,4.26
2020-11-01,2020-11,1,Week 1,tablet,<Other>,referral,(referral),United States,70,3,4.29
2020-11-01,2020-11,2,Week 2,mobile,shop.googlemerchandisestore.com,referral,(referral),Turkey,23,1,4.35
2020-11-01,2020-11,1,Week 1,mobile,shop.googlemerchandisestore.com,referral,(referral),Turkey,23,1,4.35
2020-11-01,2020-11,4,Week 4,mobile,shop.googlemerchandisestore.com,referral,(referral),Turkey,23,1,4.35
2020-11-01,2020-11,1,Week 1,desktop,<Other>,referral,(referral),Turkey,46,2,4.35
2020-11-01,2020-11,3,Week 3,mobile,shop.googlemerchandisestore.com,referral,(referral),Turkey,23,1,4.35
2020-11-01,2020-11,5,Week 5,desktop,<Other>,referral,(referral),Vietnam,22,1,4.55
2020-11-01,2020-11,1,Week 1,mobile,shop.googlemerchandisestore.com,referral,(referral),South Korea,22,1,4.55
2020-11-01,2020-11,7,Week 7,desktop,<Other>,referral,(referral),Pakistan,22,1,4.55
2020-11-01,2020-11,6,Week 6,desktop,shop.googlemerchandisestore.com,referral,(referral),Mexico,22,1,4.55
2020-11-01,2020-11,3,Week 3,desktop,<Other>,referral,(referral),Vietnam,22,1,4.55
2020-11-01,2020-11,1,Week 1,desktop,<Other>,referral,(referral),Vietnam,22,1,4.55
2020-11-01,2020-11,4,Week 4,desktop,shop.googlemerchandisestore.com,referral,(referral),Canada,220,10,4.55
2020-11-01,2020-11,2,Week 2,desktop,<Other>,referral,(referral),Vietnam,22,1,4.55
2020-11-01,2020-11,9,Week 9,desktop,<Other>,referral,(referral),Pakistan,22,1,4.55
2020-11-01,2020-11,9,Week 9,desktop,<Other>,referral,(referral),Vietnam,22,1,4.55
2020-11-01,2020-11,2,Week 2,desktop,shop.googlemerchandisestore.com,referral,(referral),United States,1202,55,4.58
2020-11-01,2020-11,2,Week 2,desktop,<Other>,referral,(referral),India,391,18,4.6
2020-11-01,2020-11,8,Week 8,desktop,shop.googlemerchandisestore.com,referral,(referral),Germany,43,2,4.65
2020-11-01,2020-11,1,Week 1,desktop,<Other>,referral,(referral),United Kingdom,129,6,4.65
2020-11-01,2020-11,2,Week 2,desktop,<Other>,referral,(referral),China,85,4,4.71
2020-11-01,2020-11,5,Week 5,desktop,<Other>,referral,(referral),Switzerland,21,1,4.76
2020-11-01,2020-11,2,Week 2,desktop,<Other>,referral,(referral),Switzerland,21,1,4.76
2020-11-01,2020-11,1,Week 1,desktop,<Other>,referral,(referral),Colombia,21,1,4.76
2020-11-01,2020-11,1,Week 1,desktop,<Other>,referral,(referral),Thailand,21,1,4.76
2020-11-01,2020-11,3,Week 3,desktop,<Other>,referral,(referral),Thailand,21,1,4.76
2020-11-01,2020-11,8,Week 8,desktop,<Other>,referral,(referral),Colombia,21,1,4.76
2020-11-01,2020-11,4,Week 4,desktop,<Other>,referral,(referral),Switzerland,21,1,4.76
2020-11-01,2020-11,4,Week 4,desktop,<Other>,referral,(referral),Thailand,21,1,4.76
2020-11-01,2020-11,11,Week 11,desktop,<Other>,referral,(referral),Colombia,21,1,4.76
2020-11-01,2020-11,10,Week 10,desktop,<Other>,referral,(referral),Colombia,21,1,4.76
2020-11-01,2020-11,5,Week 5,desktop,<Other>,referral,(referral),Colombia,21,1,4.76
2020-11-01,2020-11,4,Week 4,mobile,shop.googlemerchandisestore.com,referral,(referral),Germany,41,2,4.88
2020-11-01,2020-11,1,Week 1,mobile,shop.googlemerchandisestore.com,referral,(referral),Germany,41,2,4.88
2020-11-01,2020-11,2,Week 2,desktop,<Other>,referral,(referral),France,82,4,4.88
2020-11-01,2020-11,2,Week 2,mobile,shop.googlemerchandisestore.com,referral,(referral),Germany,41,2,4.88
2020-11-01,2020-11,2,Week 2,desktop,shop.googlemerchandisestore.com,referral,(referral),United Kingdom,81,4,4.94
2020-11-01,2020-11,5,Week 5,mobile,shop.googlemerchandisestore.com,referral,(referral),Indonesia,20,1,5.0
2020-11-01,2020-11,4,Week 4,desktop,<Other>,referral,(referral),Japan,40,2,5.0
2020-11-01,2020-11,2,Week 2,mobile,shop.googlemerchandisestore.com,referral,(referral),Canada,140,7,5.0
2020-11-01,2020-11,4,Week 4,mobile,<Other>,referral,(referral),Indonesia,20,1,5.0
2020-11-01,2020-11,1,Week 1,tablet,shop.googlemerchandisestore.com,referral,(referral),United States,40,2,5.0
2020-11-01,2020-11,7,Week 7,mobile,shop.googlemerchandisestore.com,referral,(referral),France,40,2,5.0
2020-11-01,2020-11,3,Week 3,tablet,shop.googlemerchandisestore.com,referral,(referral),United States,40,2,5.0
2020-11-01,2020-11,6,Week 6,mobile,<Other>,referral,(referral),Indonesia,20,1,5.0
2020-11-01,2020-11,5,Week 5,mobile,<Other>,referral,(referral),Indonesia,20,1,5.0
2020-11-01,2020-11,4,Week 4,mobile,shop.googlemerchandisestore.com,referral,(referral),Indonesia,20,1,5.0
2020-11-01,2020-11,3,Week 3,mobile,shop.googlemerchandisestore.com,referral,(referral),Canada,140,7,5.0
2020-11-01,2020-11,5,Week 5,desktop,<Other>,referral,(referral),Australia,39,2,5.13
2020-11-01,2020-11,10,Week 10,desktop,<Other>,referral,(referral),Australia,39,2,5.13
2020-11-01,2020-11,1,Week 1,desktop,shop.googlemerchandisestore.com,referral,(referral),Netherlands,39,2,5.13
2020-11-01,2020-11,12,Week 12,desktop,<Other>,referral,(referral),Australia,39,2,5.13
2020-11-01,2020-11,2,Week 2,desktop,<Other>,referral,(referral),Poland,39,2,5.13
2020-11-01,2020-11,4,Week 4,desktop,<Other>,referral,(referral),Australia,39,2,5.13
2020-11-01,2020-11,3,Week 3,desktop,<Other>,referral,(referral),Netherlands,39,2,5.13
2020-11-01,2020-11,3,Week 3,desktop,<Other>,referral,(referral),Australia,39,2,5.13
2020-11-01,2020-11,1,Week 1,desktop,<Other>,referral,(referral),Canada,311,16,5.14
2020-11-01,2020-11,2,Week 2,mobile,shop.googlemerchandisestore.com,referral,(referral),India,174,9,5.17
2020-11-01,2020-11,4,Week 4,mobile,<Other>,referral,(referral),Spain,57,3,5.26
2020-11-01,2020-11,2,Week 2,desktop,<Other>,referral,(referral),(not set),38,2,5.26
2020-11-01,2020-11,1,Week 1,mobile,<Other>,referral,(referral),Netherlands,38,2,5.26
2020-11-01,2020-11,1,Week 1,desktop,<Other>,referral,(referral),(not set),38,2,5.26
2020-11-01,2020-11,1,Week 1,mobile,<Other>,referral,(referral),Turkey,38,2,5.26
2020-11-01,2020-11,2,Week 2,mobile,<Other>,referral,(referral),Spain,57,3,5.26
2020-11-01,2020-11,5,Week 5,mobile,<Other>,referral,(referral),Netherlands,38,2,5.26
2020-11-01,2020-11,4,Week 4,mobile,<Other>,referral,(referral),Taiwan,37,2,5.41
2020-11-01,2020-11,5,Week 5,desktop,shop.googlemerchandisestore.com,referral,(referral),France,55,3,5.45
2020-11-01,2020-11,2,Week 2,desktop,shop.googlemerchandisestore.com,referral,(referral),France,55,3,5.45
2020-11-01,2020-11,10,Week 10,desktop,shop.googlemerchandisestore.com,referral,(referral),France,55,3,5.45
2020-11-01,2020-11,2,Week 2,desktop,<Other>,referral,(referral),Austria,18,1,5.56
2020-11-01,2020-11,10,Week 10,mobile,shop.googlemerchandisestore.com,referral,(referral),Mexico,18,1,5.56
2020-11-01,2020-11,1,Week 1,mobile,shop.googlemerchandisestore.com,referral,(referral),Mexico,18,1,5.56
2020-11-01,2020-11,5,Week 5,desktop,shop.googlemerchandisestore.com,referral,(referral),Hong Kong,18,1,5.56
2020-11-01,2020-11,4,Week 4,desktop,shop.googlemerchandisestore.com,referral,(referral),Hong Kong,18,1,5.56
2020-11-01,2020-11,6,Week 6,mobile,shop.googlemerchandisestore.com,referral,(referral),Mexico,18,1,5.56
2020-11-01,2020-11,3,Week 3,desktop,<Other>,referral,(referral),Portugal,18,1,5.56
2020-11-01,2020-11,5,Week 5,mobile,shop.googlemerchandisestore.com,referral,(referral),Mexico,18,1,5.56
2020-11-01,2020-11,1,Week 1,desktop,<Other>,referral,(referral),Belgium,18,1,5.56
2020-11-01,2020-11,1,Week 1,desktop,<Other>,referral,(referral),Austria,18,1,5.56
2020-11-01,2020-11,1,Week 1,desktop,shop.googlemerchandisestore.com,referral,(referral),Hong Kong,18,1,5.56
2020-11-01,2020-11,3,Week 3,desktop,shop.googlemerchandisestore.com,referral,(referral),China,53,3,5.66
2020-11-01,2020-11,2,Week 2,desktop,shop.googlemerchandisestore.com,referral,(referral),China,53,3,5.66
2020-11-01,2020-11,3,Week 3,mobile,<Other>,referral,(referral),South Korea,35,2,5.71
2020-11-01,2020-11,1,Week 1,mobile,<Other>,referral,(referral),Brazil,35,2,5.71
2020-11-01,2020-11,3,Week 3,mobile,<Other>,referral,(referral),Brazil,35,2,5.71
2020-11-01,2020-11,4,Week 4,desktop,shop.googlemerchandisestore.com,referral,(referral),Australia,35,2,5.71
2020-11-01,2020-11,2,Week 2,desktop,shop.googlemerchandisestore.com,referral,(referral),Australia,35,2,5.71
2020-11-01,2020-11,5,Week 5,tablet,<Other>,referral,(referral),United States,70,4,5.71
2020-11-01,2020-11,1,Week 1,mobile,<Other>,referral,(referral),United States,1303,76,5.83
2020-11-01,2020-11,3,Week 3,mobile,shop.googlemerchandisestore.com,referral,(referral),United Kingdom,51,3,5.88
2020-11-01,2020-11,1,Week 1,desktop,shop.googlemerchandisestore.com,referral,(referral),Spain,51,3,5.88
2020-11-01,2020-11,3,Week 3,desktop,<Other>,referral,(referral),China,85,5,5.88
2020-11-01,2020-11,2,Week 2,mobile,<Other>,referral,(referral),Sweden,17,1,5.88
2020-11-01,2020-11,2,Week 2,desktop,shop.googlemerchandisestore.com,referral,(referral),Spain,51,3,5.88
2020-11-01,2020-11,1,Week 1,desktop,shop.googlemerchandisestore.com,referral,(referral),Sweden,17,1,5.88
2020-11-01,2020-11,2,Week 2,mobile,<Other>,referral,(referral),Ireland,17,1,5.88
2020-11-01,2020-11,3,Week 3,mobile,<Other>,referral,(referral),Hong Kong,17,1,5.88
2020-11-01,2020-11,1,Week 1,desktop,shop.googlemerchandisestore.com,referral,(referral),India,264,16,6.06
2020-11-01,2020-11,1,Week 1,desktop,<Other>,referral,(referral),Italy,49,3,6.12
2020-11-01,2020-11,3,Week 3,desktop,shop.googlemerchandisestore.com,referral,(referral),United Kingdom,81,5,6.17
2020-11-01,2020-11,2,Week 2,mobile,<Other>,referral,(referral),Malaysia,16,1,6.25
2020-11-01,2020-11,1,Week 1,desktop,shop.googlemerchandisestore.com,referral,(referral),Israel,16,1,6.25
2020-11-01,2020-11,5,Week 5,desktop,shop.googlemerchandisestore.com,referral,(referral),Denmark,16,1,6.25
2020-11-01,2020-11,6,Week 6,desktop,shop.googlemerchandisestore.com,referral,(referral),Denmark,16,1,6.25
2020-11-01,2020-11,1,Week 1,mobile,<Other>,referral,(referral),Malaysia,16,1,6.25
2020-11-01,2020-11,4,Week 4,tablet,shop.googlemerchandisestore.com,referral,(referral),India,16,1,6.25
2020-11-01,2020-11,3,Week 3,mobile,<Other>,referral,(referral),Malaysia,16,1,6.25
2020-11-01,2020-11,1,Week 1,desktop,shop.googlemerchandisestore.com,referral,(referral),Denmark,16,1,6.25
2020-11-01,2020-11,1,Week 1,tablet,shop.googlemerchandisestore.com,referral,(referral),India,16,1,6.25
2020-11-01,2020-11,5,Week 5,tablet,shop.googlemerchandisestore.com,referral,(referral),India,16,1,6.25
2020-11-01,2020-11,2,Week 2,desktop,<Other>,referral,(referral),Sweden,32,2,6.25
2020-11-01,2020-11,3,Week 3,mobile,shop.googlemerchandisestore.com,referral,(referral),Spain,32,2,6.25
2020-11-01,2020-11,6,Week 6,tablet,<Other>,referral,(referral),Canada,16,1,6.25
2020-11-01,2020-11,5,Week 5,desktop,shop.googlemerchandisestore.com,referral,(referral),Israel,16,1,6.25
2020-11-01,2020-11,3,Week 3,tablet,shop.googlemerchandisestore.com,referral,(referral),India,16,1,6.25
2020-11-01,2020-11,11,Week 11,tablet,shop.googlemerchandisestore.com,referral,(referral),India,16,1,6.25
2020-11-01,2020-11,3,Week 3,desktop,shop.googlemerchandisestore.com,referral,(referral),Israel,16,1,6.25
2020-11-01,2020-11,1,Week 1,mobile,<Other>,referral,(referral),Poland,32,2,6.25
2020-11-01,2020-11,3,Week 3,desktop,shop.googlemerchandisestore.com,referral,(referral),Denmark,16,1,6.25
2020-11-01,2020-11,8,Week 8,desktop,shop.googlemerchandisestore.com,referral,(referral),Denmark,16,1,6.25
2020-11-01,2020-11,9,Week 9,desktop,shop.googlemerchandisestore.com,referral,(referral),Denmark,16,1,6.25
2020-11-01,2020-11,2,Week 2,desktop,<Other>,referral,(referral),Taiwan,64,4,6.25
2020-11-01,2020-11,4,Week 4,tablet,<Other>,referral,(referral),Canada,16,1,6.25
2020-11-01,2020-11,4,Week 4,mobile,<Other>,referral,(referral),Poland,32,2,6.25
2020-11-01,2020-11,1,Week 1,desktop,<Other>,referral,(referral),United States,1899,119,6.27
2020-11-01,2020-11,1,Week 1,mobile,shop.googlemerchandisestore.com,referral,(referral),India,174,11,6.32
2020-11-01,2020-11,2,Week 2,desktop,shop.googlemerchandisestore.com,referral,(referral),Italy,47,3,6.38
2020-11-01,2020-11,1,Week 1,desktop,<Other>,referral,(referral),Brazil,47,3,6.38
2020-11-01,2020-11,1,Week 1,desktop,shop.googlemerchandisestore.com,referral,(referral),Italy,47,3,6.38
2020-11-01,2020-11,2,Week 2,mobile,<Other>,referral,(referral),Singapore,47,3,6.38
2020-11-01,2020-11,1,Week 1,mobile,<Other>,referral,(referral),India,266,17,6.39
2020-11-01,2020-11,1,Week 1,mobile,shop.googlemerchandisestore.com,referral,(referral),Canada,140,9,6.43
2020-11-01,2020-11,1,Week 1,desktop,shop.googlemerchandisestore.com,referral,(referral),United States,1202,78,6.49
2020-11-01,2020-11,1,Week 1,desktop,shop.googlemerchandisestore.com,referral,(referral),Taiwan,46,3,6.52
2020-11-01,2020-11,1,Week 1,desktop,<Other>,referral,(referral),Israel,30,2,6.67
2020-11-01,2020-11,2,Week 2,mobile,shop.googlemerchandisestore.com,referral,(referral),Sweden,15,1,6.67
2020-11-01,2020-11,6,Week 6,mobile,shop.googlemerchandisestore.com,referral,(referral),Poland,15,1,6.67
2020-11-01,2020-11,4,Week 4,mobile,shop.googlemerchandisestore.com,referral,(referral),Poland,15,1,6.67
2020-11-01,2020-11,9,Week 9,desktop,<Other>,referral,(referral),United Arab Emirates,15,1,6.67
2020-11-01,2020-11,4,Week 4,desktop,<Other>,referral,(referral),United Arab Emirates,15,1,6.67
2020-11-01,2020-11,2,Week 2,mobile,<Other>,referral,(referral),Vietnam,15,1,6.67
2020-11-01,2020-11,4,Week 4,desktop,shop.googlemerchandisestore.com,referral,(referral),Russia,15,1,6.67
2020-11-01,2020-11,1,Week 1,mobile,shop.googlemerchandisestore.com,referral,(referral),Australia,15,1,6.67
2020-11-01,2020-11,1,Week 1,desktop,<Other>,referral,(referral),United Arab Emirates,15,1,6.67
2020-11-01,2020-11,10,Week 10,desktop,<Other>,referral,(referral),United Arab Emirates,15,1,6.67
2020-11-01,2020-11,3,Week 3,mobile,<Other>,referral,(referral),Vietnam,15,1,6.67
2020-11-01,2020-11,1,Week 1,desktop,shop.googlemerchandisestore.com,referral,(referral),Vietnam,15,1,6.67
2020-11-01,2020-11,2,Week 2,desktop,<Other>,referral,(referral),Ireland,15,1,6.67
2020-11-01,2020-11,10,Week 10,mobile,shop.googlemerchandisestore.com,referral,(referral),Sweden,15,1,6.67
2020-11-01,2020-11,3,Week 3,desktop,<Other>,referral,(referral),United Arab Emirates,15,1,6.67
2020-11-01,2020-11,1,Week 1,desktop,<Other>,referral,(referral),Ireland,15,1,6.67
2020-11-01,2020-11,7,Week 7,desktop,<Other>,referral,(referral),United Arab Emirates,15,1,6.67
2020-11-01,2020-11,8,Week 8,mobile,shop.googlemerchandisestore.com,referral,(referral),Sweden,15,1,6.67
2020-11-01,2020-11,1,Week 1,desktop,<Other>,referral,(referral),Spain,88,6,6.82
2020-11-01,2020-11,8,Week 8,mobile,<Other>,referral,(referral),Australia,29,2,6.9
2020-11-01,2020-11,2,Week 2,mobile,<Other>,referral,(referral),Australia,29,2,6.9
2020-11-01,2020-11,3,Week 3,mobile,<Other>,referral,(referral),Australia,29,2,6.9
2020-11-01,2020-11,1,Week 1,desktop,<Other>,referral,(referral),Germany,86,6,6.98
2020-11-01,2020-11,3,Week 3,desktop,shop.googlemerchandisestore.com,referral,(referral),Germany,43,3,6.98
2020-11-01,2020-11,4,Week 4,desktop,shop.googlemerchandisestore.com,referral,(referral),Germany,43,3,6.98
2020-11-01,2020-11,1,Week 1,desktop,<Other>,referral,(referral),Ukraine,14,1,7.14
2020-11-01,2020-11,1,Week 1,mobile,<Other>,referral,(referral),Philippines,14,1,7.14
2020-11-01,2020-11,8,Week 8,desktop,shop.googlemerchandisestore.com,referral,(referral),Malaysia,14,1,7.14
2020-11-01,2020-11,4,Week 4,mobile,<Other>,referral,(referral),Philippines,14,1,7.14
2020-11-01,2020-11,10,Week 10,desktop,<Other>,referral,(referral),Ukraine,14,1,7.14
2020-11-01,2020-11,4,Week 4,tablet,<Other>,referral,(referral),India,14,1,7.14
2020-11-01,2020-11,2,Week 2,mobile,<Other>,referral,(referral),Philippines,14,1,7.14
2020-11-01,2020-11,5,Week 5,desktop,shop.googlemerchandisestore.com,referral,(referral),Indonesia,28,2,7.14
2020-11-01,2020-11,1,Week 1,mobile,<Other>,referral,(referral),Peru,14,1,7.14
2020-11-01,2020-11,3,Week 3,mobile,<Other>,referral,(referral),Philippines,14,1,7.14
2020-11-01,2020-11,2,Week 2,desktop,<Other>,referral,(referral),Greece,14,1,7.14
2020-11-01,2020-11,11,Week 11,desktop,<Other>,referral,(referral),Ukraine,14,1,7.14
2020-11-01,2020-11,3,Week 3,tablet,<Other>,referral,(referral),India,14,1,7.14
2020-11-01,2020-11,3,Week 3,desktop,shop.googlemerchandisestore.com,referral,(referral),France,55,4,7.27
2020-11-01,2020-11,1,Week 1,desktop,<Other>,referral,(referral),France,82,6,7.32
2020-11-01,2020-11,1,Week 1,mobile,<Other>,referral,(referral),Italy,54,4,7.41
2020-11-01,2020-11,1,Week 1,mobile,shop.googlemerchandisestore.com,referral,(referral),United States,816,61,7.48
2020-11-01,2020-11,3,Week 3,mobile,shop.googlemerchandisestore.com,referral,(referral),France,40,3,7.5
2020-11-01,2020-11,2,Week 2,desktop,<Other>,referral,(referral),Japan,40,3,7.5
2020-11-01,2020-11,1,Week 1,desktop,<Other>,referral,(referral),Japan,40,3,7.5
2020-11-01,2020-11,1,Week 1,desktop,shop.googlemerchandisestore.com,referral,(referral),China,53,4,7.55
2020-11-01,2020-11,1,Week 1,desktop,<Other>,referral,(referral),Singapore,53,4,7.55
2020-11-01,2020-11,5,Week 5,desktop,<Other>,referral,(referral),Netherlands,39,3,7.69
2020-11-01,2020-11,5,Week 5,desktop,shop.googlemerchandisestore.com,referral,(referral),Brazil,26,2,7.69
2020-11-01,2020-11,12,Week 12,mobile,shop.googlemerchandisestore.com,referral,(referral),Brazil,13,1,7.69
2020-11-01,2020-11,3,Week 3,mobile,shop.googlemerchandisestore.com,referral,(referral),Brazil,13,1,7.69
2020-11-01,2020-11,1,Week 1,mobile,<Other>,referral,(referral),Israel,13,1,7.69
2020-11-01,2020-11,1,Week 1,mobile,<Other>,referral,(referral),Switzerland,13,1,7.69
2020-11-01,2020-11,8,Week 8,mobile,shop.googlemerchandisestore.com,referral,(referral),Brazil,13,1,7.69
2020-11-01,2020-11,4,Week 4,mobile,<Other>,referral,(referral),Colombia,13,1,7.69
2020-11-01,2020-11,2,Week 2,mobile,shop.googlemerchandisestore.com,referral,(referral),Brazil,13,1,7.69
2020-11-01,2020-11,5,Week 5,mobile,<Other>,referral,(referral),Colombia,13,1,7.69
2020-11-01,2020-11,7,Week 7,mobile,<Other>,referral,(referral),Israel,13,1,7.69
2020-11-01,2020-11,3,Week 3,desktop,<Other>,referral,(referral),(not set),38,3,7.89
2020-11-01,2020-11,2,Week 2,desktop,<Other>,referral,(referral),Hong Kong,25,2,8.0
2020-11-01,2020-11,1,Week 1,mobile,<Other>,referral,(referral),China,49,4,8.16
2020-11-01,2020-11,1,Week 1,desktop,shop.googlemerchandisestore.com,referral,(referral),Portugal,12,1,8.33
2020-11-01,2020-11,1,Week 1,desktop,shop.googlemerchandisestore.com,referral,(referral),South Korea,24,2,8.33
2020-11-01,2020-11,8,Week 8,desktop,shop.googlemerchandisestore.com,referral,(referral),Portugal,12,1,8.33
2020-11-01,2020-11,2,Week 2,mobile,shop.googlemerchandisestore.com,referral,(referral),Philippines,12,1,8.33
2020-11-01,2020-11,2,Week 2,desktop,shop.googlemerchandisestore.com,referral,(referral),Ireland,12,1,8.33
2020-11-01,2020-11,4,Week 4,desktop,shop.googlemerchandisestore.com,referral,(referral),Ireland,12,1,8.33
2020-11-01,2020-11,2,Week 2,mobile,<Other>,referral,(referral),Russia,24,2,8.33
2020-11-01,2020-11,6,Week 6,desktop,shop.googlemerchandisestore.com,referral,(referral),Ireland,12,1,8.33
2020-11-01,2020-11,1,Week 1,desktop,shop.googlemerchandisestore.com,referral,(referral),Poland,24,2,8.33
2020-11-01,2020-11,3,Week 3,desktop,shop.googlemerchandisestore.com,referral,(referral),South Korea,24,2,8.33
2020-11-01,2020-11,1,Week 1,desktop,<Other>,referral,(referral),India,391,33,8.44
2020-11-01,2020-11,1,Week 1,desktop,shop.googlemerchandisestore.com,referral,(referral),Australia,35,3,8.57
2020-11-01,2020-11,1,Week 1,mobile,<Other>,referral,(referral),Spain,57,5,8.77
2020-11-01,2020-11,5,Week 5,mobile,shop.googlemerchandisestore.com,referral,(referral),Israel,11,1,9.09
2020-11-01,2020-11,3,Week 3,mobile,shop.googlemerchandisestore.com,referral,(referral),Israel,11,1,9.09
2020-11-01,2020-11,3,Week 3,desktop,<Other>,referral,(referral),Czechia,11,1,9.09
2020-11-01,2020-11,1,Week 1,desktop,<Other>,referral,(referral),Chile,11,1,9.09
2020-11-01,2020-11,5,Week 5,desktop,<Other>,referral,(referral),Chile,11,1,9.09
2020-11-01,2020-11,4,Week 4,desktop,<Other>,referral,(referral),Chile,11,1,9.09
2020-11-01,2020-11,10,Week 10,mobile,shop.googlemerchandisestore.com,referral,(referral),Malaysia,11,1,9.09
2020-11-01,2020-11,3,Week 3,desktop,<Other>,referral,(referral),Chile,11,1,9.09
2020-11-01,2020-11,2,Week 2,desktop,shop.googlemerchandisestore.com,referral,(referral),Thailand,11,1,9.09
2020-11-01,2020-11,6,Week 6,desktop,<Other>,referral,(referral),Chile,11,1,9.09
2020-11-01,2020-11,4,Week 4,mobile,shop.googlemerchandisestore.com,referral,(referral),Israel,11,1,9.09
2020-11-01,2020-11,4,Week 4,desktop,shop.googlemerchandisestore.com,referral,(referral),Mexico,22,2,9.09
2020-11-01,2020-11,1,Week 1,desktop,shop.googlemerchandisestore.com,referral,(referral),Canada,220,20,9.09
2020-11-01,2020-11,2,Week 2,desktop,<Other>,referral,(referral),Czechia,11,1,9.09
2020-11-01,2020-11,1,Week 1,desktop,shop.googlemerchandisestore.com,referral,(referral),Germany,43,4,9.3
2020-11-01,2020-11,2,Week 2,desktop,shop.googlemerchandisestore.com,referral,(referral),Singapore,32,3,9.38
2020-11-01,2020-11,4,Week 4,mobile,shop.googlemerchandisestore.com,referral,(referral),Taiwan,32,3,9.38
2020-11-01,2020-11,1,Week 1,mobile,shop.googlemerchandisestore.com,referral,(referral),Spain,32,3,9.38
2020-11-01,2020-11,2,Week 2,mobile,shop.googlemerchandisestore.com,referral,(referral),Japan,32,3,9.38
2020-11-01,2020-11,2,Week 2,desktop,<Other>,referral,(referral),Colombia,21,2,9.52
2020-11-01,2020-11,2,Week 2,mobile,shop.googlemerchandisestore.com,referral,(referral),China,31,3,9.68
2020-11-01,2020-11,1,Week 1,desktop,<Other>,referral,(referral),South Africa,10,1,10.0
2020-11-01,2020-11,1,Week 1,desktop,shop.googlemerchandisestore.com,referral,(referral),Pakistan,10,1,10.0
2020-11-01,2020-11,2,Week 2,desktop,shop.googlemerchandisestore.com,referral,(referral),Saudi Arabia,10,1,10.0
2020-11-01,2020-11,2,Week 2,desktop,shop.googlemerchandisestore.com,referral,(referral),United Arab Emirates,10,1,10.0
2020-11-01,2020-11,3,Week 3,desktop,shop.googlemerchandisestore.com,referral,(referral),Ukraine,10,1,10.0
2020-11-01,2020-11,2,Week 2,mobile,<Other>,referral,(referral),Indonesia,20,2,10.0
2020-11-01,2020-11,4,Week 4,desktop,shop.googlemerchandisestore.com,referral,(referral),Austria,10,1,10.0
2020-11-01,2020-11,7,Week 7,desktop,shop.googlemerchandisestore.com,referral,(referral),Saudi Arabia,10,1,10.0
2020-11-01,2020-11,1,Week 1,desktop,shop.googlemerchandisestore.com,referral,(referral),Colombia,10,1,10.0
2020-11-01,2020-11,8,Week 8,desktop,shop.googlemerchandisestore.com,referral,(referral),Austria,10,1,10.0
2020-11-01,2020-11,2,Week 2,mobile,<Other>,referral,(referral),Pakistan,10,1,10.0
2020-11-01,2020-11,4,Week 4,desktop,shop.googlemerchandisestore.com,referral,(referral),Pakistan,10,1,10.0
2020-11-01,2020-11,3,Week 3,desktop,shop.googlemerchandisestore.com,referral,(referral),Austria,10,1,10.0
2020-11-01,2020-11,3,Week 3,mobile,shop.googlemerchandisestore.com,referral,(referral),Portugal,10,1,10.0
2020-11-01,2020-11,3,Week 3,desktop,shop.googlemerchandisestore.com,referral,(referral),United Arab Emirates,10,1,10.0
2020-11-01,2020-11,7,Week 7,desktop,shop.googlemerchandisestore.com,referral,(referral),Austria,10,1,10.0
2020-11-01,2020-11,1,Week 1,desktop,shop.googlemerchandisestore.com,referral,(referral),Ukraine,10,1,10.0
2020-11-01,2020-11,4,Week 4,desktop,shop.googlemerchandisestore.com,referral,(referral),Peru,10,1,10.0
2020-11-01,2020-11,5,Week 5,mobile,shop.googlemerchandisestore.com,referral,(referral),Portugal,10,1,10.0
2020-11-01,2020-11,6,Week 6,desktop,shop.googlemerchandisestore.com,referral,(referral),Austria,10,1,10.0
2020-11-01,2020-11,1,Week 1,desktop,<Other>,referral,(referral),Netherlands,39,4,10.26
2020-11-01,2020-11,1,Week 1,mobile,<Other>,referral,(referral),Australia,29,3,10.34
2020-11-01,2020-11,1,Week 1,desktop,<Other>,referral,(referral),Russia,38,4,10.53
2020-11-01,2020-11,1,Week 1,mobile,<Other>,referral,(referral),Canada,221,24,10.86
2020-11-01,2020-11,1,Week 1,mobile,<Other>,referral,(referral),United Arab Emirates,9,1,11.11
2020-11-01,2020-11,9,Week 9,desktop,shop.googlemerchandisestore.com,referral,(referral),Greece,9,1,11.11
2020-11-01,2020-11,10,Week 10,desktop,shop.googlemerchandisestore.com,referral,(referral),Greece,9,1,11.11
2020-11-01,2020-11,3,Week 3,desktop,shop.googlemerchandisestore.com,referral,(referral),Philippines,9,1,11.11
2020-11-01,2020-11,6,Week 6,mobile,shop.googlemerchandisestore.com,referral,(referral),Argentina,9,1,11.11
2020-11-01,2020-11,1,Week 1,desktop,shop.googlemerchandisestore.com,referral,(referral),Philippines,9,1,11.11
2020-11-01,2020-11,6,Week 6,desktop,<Other>,referral,(referral),Morocco,9,1,11.11
2020-11-01,2020-11,8,Week 8,desktop,shop.googlemerchandisestore.com,referral,(referral),Greece,9,1,11.11
2020-11-01,2020-11,5,Week 5,mobile,<Other>,referral,(referral),United Arab Emirates,9,1,11.11
2020-11-01,2020-11,3,Week 3,desktop,<Other>,referral,(referral),Morocco,9,1,11.11
2020-11-01,2020-11,4,Week 4,desktop,shop.googlemerchandisestore.com,referral,(referral),Philippines,9,1,11.11
2020-11-01,2020-11,10,Week 10,mobile,shop.googlemerchandisestore.com,referral,(referral),Belgium,9,1,11.11
2020-11-01,2020-11,3,Week 3,mobile,<Other>,referral,(referral),United Arab Emirates,9,1,11.11
2020-11-01,2020-11,1,Week 1,mobile,shop.googlemerchandisestore.com,referral,(referral),Vietnam,9,1,11.11
2020-11-01,2020-11,7,Week 7,desktop,<Other>,referral,(referral),Morocco,9,1,11.11
2020-11-01,2020-11,2,Week 2,desktop,shop.googlemerchandisestore.com,referral,(referral),Greece,9,1,11.11
2020-11-01,2020-11,9,Week 9,desktop,<Other>,referral,(referral),Morocco,9,1,11.11
2020-11-01,2020-11,1,Week 1,desktop,<Other>,referral,(referral),Romania,9,1,11.11
2020-11-01,2020-11,1,Week 1,desktop,<Other>,referral,(referral),Hungary,9,1,11.11
2020-11-01,2020-11,1,Week 1,desktop,<Other>,referral,(referral),Egypt,9,1,11.11
2020-11-01,2020-11,4,Week 4,mobile,shop.googlemerchandisestore.com,referral,(referral),Argentina,9,1,11.11
2020-11-01,2020-11,1,Week 1,mobile,shop.googlemerchandisestore.com,referral,(referral),Argentina,9,1,11.11
2020-11-01,2020-11,3,Week 3,desktop,shop.googlemerchandisestore.com,referral,(referral),Brazil,26,3,11.54
2020-11-01,2020-11,2,Week 2,desktop,shop.googlemerchandisestore.com,referral,(referral),Germany,43,5,11.63
2020-11-01,2020-11,1,Week 1,desktop,<Other>,referral,(referral),China,85,10,11.76
2020-11-01,2020-11,1,Week 1,mobile,<Other>,referral,(referral),Sweden,17,2,11.76
2020-11-01,2020-11,4,Week 4,mobile,<Other>,referral,(referral),Sweden,17,2,11.76
2020-11-01,2020-11,1,Week 1,desktop,shop.googlemerchandisestore.com,referral,(referral),(not set),25,3,12.0
2020-11-01,2020-11,3,Week 3,desktop,shop.googlemerchandisestore.com,referral,(referral),(not set),25,3,12.0
2020-11-01,2020-11,1,Week 1,mobile,<Other>,referral,(referral),(not set),25,3,12.0
2020-11-01,2020-11,4,Week 4,desktop,shop.googlemerchandisestore.com,referral,(referral),(not set),25,3,12.0
2020-11-01,2020-11,11,Week 11,mobile,<Other>,referral,(referral),Nigeria,8,1,12.5
2020-11-01,2020-11,7,Week 7,tablet,shop.googlemerchandisestore.com,referral,(referral),Canada,8,1,12.5
2020-11-01,2020-11,3,Week 3,mobile,shop.googlemerchandisestore.com,referral,(referral),Colombia,8,1,12.5
2020-11-01,2020-11,1,Week 1,mobile,<Other>,referral,(referral),Nigeria,8,1,12.5
2020-11-01,2020-11,3,Week 3,tablet,<Other>,referral,(referral),Canada,16,2,12.5
2020-11-01,2020-11,9,Week 9,mobile,<Other>,referral,(referral),Nigeria,8,1,12.5
2020-11-01,2020-11,2,Week 2,desktop,shop.googlemerchandisestore.com,referral,(referral),Argentina,8,1,12.5
2020-11-01,2020-11,2,Week 2,desktop,<Other>,referral,(referral),Lithuania,8,1,12.5
2020-11-01,2020-11,1,Week 1,mobile,shop.googlemerchandisestore.com,referral,(referral),Taiwan,32,4,12.5
2020-11-01,2020-11,2,Week 2,mobile,<Other>,referral,(referral),Austria,8,1,12.5
2020-11-01,2020-11,3,Week 3,mobile,<Other>,referral,(referral),Austria,8,1,12.5
2020-11-01,2020-11,4,Week 4,desktop,<Other>,referral,(referral),Lithuania,8,1,12.5
2020-11-01,2020-11,2,Week 2,tablet,shop.googlemerchandisestore.com,referral,(referral),India,16,2,12.5
2020-11-01,2020-11,5,Week 5,desktop,shop.googlemerchandisestore.com,referral,(referral),Poland,24,3,12.5
2020-11-01,2020-11,6,Week 6,mobile,<Other>,referral,(referral),Nigeria,8,1,12.5
2020-11-01,2020-11,7,Week 7,mobile,<Other>,referral,(referral),Nigeria,8,1,12.5
2020-11-01,2020-11,1,Week 1,desktop,<Other>,referral,(referral),Lithuania,8,1,12.5
2020-11-01,2020-11,3,Week 3,mobile,shop.googlemerchandisestore.com,referral,(referral),China,31,4,12.9
2020-11-01,2020-11,1,Week 1,mobile,shop.googlemerchandisestore.com,referral,(referral),China,31,4,12.9
2020-11-01,2020-11,2,Week 2,mobile,shop.googlemerchandisestore.com,referral,(referral),Australia,15,2,13.33
2020-11-01,2020-11,6,Week 6,mobile,shop.googlemerchandisestore.com,referral,(referral),Sweden,15,2,13.33
2020-11-01,2020-11,4,Week 4,mobile,<Other>,referral,(referral),Greece,15,2,13.33
2020-11-01,2020-11,1,Week 1,desktop,shop.googlemerchandisestore.com,referral,(referral),Mexico,22,3,13.64
2020-11-01,2020-11,1,Week 1,mobile,shop.googlemerchandisestore.com,referral,(referral),United Kingdom,51,7,13.73
2020-11-01,2020-11,1,Week 1,desktop,shop.googlemerchandisestore.com,referral,(referral),Slovakia,7,1,14.29
2020-11-01,2020-11,1,Week 1,desktop,<Other>,referral,(referral),Greece,14,2,14.29
2020-11-01,2020-11,1,Week 1,desktop,<Other>,referral,(referral),Switzerland,21,3,14.29
2020-11-01,2020-11,1,Week 1,desktop,shop.googlemerchandisestore.com,referral,(referral),Turkey,28,4,14.29
2020-11-01,2020-11,1,Week 1,tablet,<Other>,referral,(referral),India,14,2,14.29
2020-11-01,2020-11,8,Week 8,desktop,shop.googlemerchandisestore.com,referral,(referral),Romania,7,1,14.29
2020-11-01,2020-11,1,Week 1,desktop,shop.googlemerchandisestore.com,referral,(referral),Romania,7,1,14.29
2020-11-01,2020-11,6,Week 6,desktop,<Other>,referral,(referral),Croatia,7,1,14.29
2020-11-01,2020-11,3,Week 3,mobile,shop.googlemerchandisestore.com,referral,(referral),Greece,7,1,14.29
2020-11-01,2020-11,9,Week 9,desktop,<Other>,referral,(referral),Croatia,7,1,14.29
2020-11-01,2020-11,2,Week 2,mobile,shop.googlemerchandisestore.com,referral,(referral),Greece,7,1,14.29
2020-11-01,2020-11,1,Week 1,mobile,shop.googlemerchandisestore.com,referral,(referral),Greece,7,1,14.29
2020-11-01,2020-11,1,Week 1,mobile,<Other>,referral,(referral),Romania,7,1,14.29
2020-11-01,2020-11,10,Week 10,desktop,shop.googlemerchandisestore.com,referral,(referral),Romania,7,1,14.29
2020-11-01,2020-11,4,Week 4,mobile,shop.googlemerchandisestore.com,referral,(referral),Greece,7,1,14.29
2020-11-01,2020-11,6,Week 6,desktop,shop.googlemerchandisestore.com,referral,(referral),Romania,7,1,14.29
2020-11-01,2020-11,1,Week 1,tablet,<Other>,referral,(referral),United Kingdom,13,2,15.38
2020-11-01,2020-11,1,Week 1,desktop,<Other>,referral,(referral),Australia,39,6,15.38
2020-11-01,2020-11,1,Week 1,mobile,shop.googlemerchandisestore.com,referral,(referral),Brazil,13,2,15.38
2020-11-01,2020-11,1,Week 1,desktop,<Other>,referral,(referral),Peru,26,4,15.38
2020-11-01,2020-11,4,Week 4,mobile,shop.googlemerchandisestore.com,referral,(referral),Brazil,13,2,15.38
2020-11-01,2020-11,1,Week 1,mobile,<Other>,referral,(referral),Colombia,13,2,15.38
2020-11-01,2020-11,2,Week 2,mobile,shop.googlemerchandisestore.com,referral,(referral),Spain,32,5,15.63
2020-11-01,2020-11,2,Week 2,mobile,shop.googlemerchandisestore.com,referral,(referral),Taiwan,32,5,15.63
2020-11-01,2020-11,1,Week 1,mobile,shop.googlemerchandisestore.com,referral,(referral),Japan,32,5,15.63
2020-11-01,2020-11,1,Week 1,desktop,<Other>,referral,(referral),Argentina,12,2,16.67
2020-11-01,2020-11,1,Week 1,mobile,<Other>,referral,(referral),Ukraine,6,1,16.67
2020-11-01,2020-11,3,Week 3,desktop,<Other>,referral,(referral),Bangladesh,6,1,16.67
2020-11-01,2020-11,1,Week 1,mobile,shop.googlemerchandisestore.com,referral,(referral),Russia,6,1,16.67
2020-11-01,2020-11,7,Week 7,mobile,shop.googlemerchandisestore.com,referral,(referral),Russia,6,1,16.67
2020-11-01,2020-11,4,Week 4,mobile,shop.googlemerchandisestore.com,referral,(referral),Russia,6,1,16.67
2020-11-01,2020-11,1,Week 1,desktop,<Other>,referral,(referral),Bangladesh,6,1,16.67
2020-11-01,2020-11,1,Week 1,mobile,<Other>,referral,(referral),Czechia,6,1,16.67
2020-11-01,2020-11,7,Week 7,mobile,<Other>,referral,(referral),Finland,6,1,16.67
2020-11-01,2020-11,1,Week 1,mobile,<Other>,referral,(referral),Finland,6,1,16.67
2020-11-01,2020-11,2,Week 2,mobile,shop.googlemerchandisestore.com,referral,(referral),Russia,6,1,16.67
2020-11-01,2020-11,5,Week 5,mobile,<Other>,referral,(referral),Bulgaria,6,1,16.67
2020-11-01,2020-11,1,Week 1,mobile,<Other>,referral,(referral),Ireland,17,3,17.65
2020-11-01,2020-11,1,Week 1,desktop,<Other>,referral,(referral),Czechia,11,2,18.18
2020-11-01,2020-11,1,Week 1,desktop,shop.googlemerchandisestore.com,referral,(referral),Thailand,11,2,18.18
2020-11-01,2020-11,1,Week 1,mobile,shop.googlemerchandisestore.com,referral,(referral),Israel,11,2,18.18
2020-11-01,2020-11,1,Week 1,desktop,<Other>,referral,(referral),Pakistan,22,4,18.18
2020-11-01,2020-11,2,Week 2,desktop,shop.googlemerchandisestore.com,referral,(referral),Israel,16,3,18.75
2020-11-01,2020-11,3,Week 3,mobile,<Other>,referral,(referral),Pakistan,10,2,20.0
2020-11-01,2020-11,1,Week 1,tablet,shop.googlemerchandisestore.com,referral,(referral),United Kingdom,5,1,20.0
2020-11-01,2020-11,1,Week 1,mobile,shop.googlemerchandisestore.com,referral,(referral),Portugal,10,2,20.0
2020-11-01,2020-11,1,Week 1,tablet,<Other>,referral,(referral),Germany,5,1,20.0
2020-11-01,2020-11,7,Week 7,tablet,<Other>,referral,(referral),France,5,1,20.0
2020-11-01,2020-11,4,Week 4,tablet,<Other>,referral,(referral),France,5,1,20.0
2020-11-01,2020-11,2,Week 2,tablet,<Other>,referral,(referral),France,5,1,20.0
2020-11-01,2020-11,1,Week 1,desktop,<Other>,referral,(referral),Jordan,5,1,20.0
2020-11-01,2020-11,3,Week 3,mobile,<Other>,referral,(referral),Denmark,5,1,20.0
2020-11-01,2020-11,2,Week 2,desktop,shop.googlemerchandisestore.com,referral,(referral),Puerto Rico,5,1,20.0
2020-11-01,2020-11,6,Week 6,desktop,shop.googlemerchandisestore.com,referral,(referral),Morocco,5,1,20.0
2020-11-01,2020-11,12,Week 12,tablet,<Other>,referral,(referral),France,5,1,20.0
2020-11-01,2020-11,4,Week 4,desktop,shop.googlemerchandisestore.com,referral,(referral),Morocco,5,1,20.0
2020-11-01,2020-11,3,Week 3,mobile,<Other>,referral,(referral),Croatia,5,1,20.0
2020-11-01,2020-11,2,Week 2,mobile,<Other>,referral,(referral),Croatia,5,1,20.0
2020-11-01,2020-11,3,Week 3,tablet,shop.googlemerchandisestore.com,referral,(referral),United Kingdom,5,1,20.0
2020-11-01,2020-11,1,Week 1,mobile,<Other>,referral,(referral),Vietnam,15,3,20.0
2020-11-01,2020-11,2,Week 2,desktop,<Other>,referral,(referral),Jordan,5,1,20.0
2020-11-01,2020-11,5,Week 5,mobile,<Other>,referral,(referral),Denmark,5,1,20.0
2020-11-01,2020-11,4,Week 4,mobile,<Other>,referral,(referral),Denmark,5,1,20.0
2020-11-01,2020-11,1,Week 1,mobile,shop.googlemerchandisestore.com,referral,(referral),Sweden,15,3,20.0
2020-11-01,2020-11,1,Week 1,desktop,shop.googlemerchandisestore.com,referral,(referral),United Arab Emirates,10,2,20.0
2020-11-01,2020-11,1,Week 1,desktop,shop.googlemerchandisestore.com,referral,(referral),Morocco,5,1,20.0
2020-11-01,2020-11,2,Week 2,mobile,shop.googlemerchandisestore.com,referral,(referral),Peru,5,1,20.0
2020-11-01,2020-11,8,Week 8,desktop,shop.googlemerchandisestore.com,referral,(referral),Morocco,5,1,20.0
2020-11-01,2020-11,1,Week 1,mobile,<Other>,referral,(referral),Greece,15,3,20.0
2020-11-01,2020-11,5,Week 5,mobile,shop.googlemerchandisestore.com,referral,(referral),Peru,5,1,20.0
2020-11-01,2020-11,5,Week 5,desktop,shop.googlemerchandisestore.com,referral,(referral),Morocco,5,1,20.0
2020-11-01,2020-11,10,Week 10,tablet,<Other>,referral,(referral),France,5,1,20.0
2020-11-01,2020-11,1,Week 1,mobile,<Other>,referral,(referral),Denmark,5,1,20.0
2020-11-01,2020-11,1,Week 1,desktop,shop.googlemerchandisestore.com,referral,(referral),Greece,9,2,22.22
2020-11-01,2020-11,2,Week 2,desktop,<Other>,referral,(referral),Hungary,9,2,22.22
2020-11-01,2020-11,1,Week 1,desktop,<Other>,referral,(referral),Morocco,9,2,22.22
2020-11-01,2020-11,6,Week 6,desktop,<Other>,referral,(referral),Nigeria,4,1,25.0
2020-11-01,2020-11,3,Week 3,mobile,<Other>,referral,(referral),Latvia,4,1,25.0
2020-11-01,2020-11,1,Week 1,tablet,shop.googlemerchandisestore.com,referral,(referral),Taiwan,4,1,25.0
2020-11-01,2020-11,1,Week 1,tablet,shop.googlemerchandisestore.com,referral,(referral),Singapore,4,1,25.0
2020-11-01,2020-11,2,Week 2,tablet,<Other>,referral,(referral),China,4,1,25.0
2020-11-01,2020-11,7,Week 7,desktop,<Other>,referral,(referral),Nigeria,4,1,25.0
2020-11-01,2020-11,8,Week 8,tablet,<Other>,referral,(referral),China,4,1,25.0
2020-11-01,2020-11,3,Week 3,mobile,<Other>,referral,(referral),Sri Lanka,4,1,25.0
2020-11-01,2020-11,2,Week 2,tablet,shop.googlemerchandisestore.com,referral,(referral),Taiwan,4,1,25.0
2020-11-01,2020-11,1,Week 1,mobile,<Other>,referral,(referral),Austria,8,2,25.0
2020-11-01,2020-11,1,Week 1,mobile,shop.googlemerchandisestore.com,referral,(referral),Morocco,4,1,25.0
2020-11-01,2020-11,4,Week 4,tablet,shop.googlemerchandisestore.com,referral,(referral),Taiwan,4,1,25.0
2020-11-01,2020-11,11,Week 11,tablet,<Other>,referral,(referral),China,4,1,25.0
2020-11-01,2020-11,1,Week 1,mobile,shop.googlemerchandisestore.com,referral,(referral),Colombia,8,2,25.0
2020-11-01,2020-11,2,Week 2,tablet,shop.googlemerchandisestore.com,referral,(referral),Singapore,4,1,25.0
2020-11-01,2020-11,4,Week 4,desktop,shop.googlemerchandisestore.com,referral,(referral),Bangladesh,4,1,25.0
2020-11-01,2020-11,2,Week 2,desktop,<Other>,referral,(referral),Nigeria,4,1,25.0
2020-11-01,2020-11,6,Week 6,tablet,shop.googlemerchandisestore.com,referral,(referral),Singapore,4,1,25.0
2020-11-01,2020-11,10,Week 10,tablet,<Other>,referral,(referral),China,4,1,25.0
2020-11-01,2020-11,12,Week 12,tablet,<Other>,referral,(referral),China,4,1,25.0
2020-11-01,2020-11,2,Week 2,mobile,shop.googlemerchandisestore.com,referral,(referral),Morocco,4,1,25.0
2020-11-01,2020-11,3,Week 3,tablet,<Other>,referral,(referral),China,4,1,25.0
2020-11-01,2020-11,5,Week 5,desktop,shop.googlemerchandisestore.com,referral,(referral),Bangladesh,4,1,25.0
2020-11-01,2020-11,2,Week 2,desktop,<Other>,referral,(referral),United Arab Emirates,15,4,26.67
2020-11-01,2020-11,1,Week 1,mobile,shop.googlemerchandisestore.com,referral,(referral),Ukraine,7,2,28.57
2020-11-01,2020-11,2,Week 2,mobile,<Other>,referral,(referral),Hungary,3,1,33.33
2020-11-01,2020-11,5,Week 5,desktop,shop.googlemerchandisestore.com,referral,(referral),Serbia,3,1,33.33
2020-11-01,2020-11,2,Week 2,mobile,shop.googlemerchandisestore.com,referral,(referral),South Africa,3,1,33.33
2020-11-01,2020-11,7,Week 7,mobile,shop.googlemerchandisestore.com,referral,(referral),Egypt,3,1,33.33
2020-11-01,2020-11,1,Week 1,mobile,shop.googlemerchandisestore.com,referral,(referral),Trinidad & Tobago,3,1,33.33
2020-11-01,2020-11,1,Week 1,desktop,shop.googlemerchandisestore.com,referral,(referral),Chile,3,1,33.33
2020-11-01,2020-11,2,Week 2,desktop,<Other>,referral,(referral),Kuwait,3,1,33.33
2020-11-01,2020-11,1,Week 1,mobile,shop.googlemerchandisestore.com,referral,(referral),New Zealand,3,1,33.33
2020-11-01,2020-11,8,Week 8,mobile,shop.googlemerchandisestore.com,referral,(referral),Egypt,3,1,33.33
2020-11-01,2020-11,2,Week 2,desktop,<Other>,referral,(referral),Georgia,3,1,33.33
2020-11-01,2020-11,1,Week 1,desktop,shop.googlemerchandisestore.com,referral,(referral),Kazakhstan,3,1,33.33
2020-11-01,2020-11,4,Week 4,desktop,<Other>,referral,(referral),Georgia,3,1,33.33
2020-11-01,2020-11,1,Week 1,desktop,<Other>,referral,(referral),Kuwait,3,1,33.33
2020-11-01,2020-11,5,Week 5,desktop,<Other>,referral,(referral),Kuwait,3,1,33.33
2020-11-01,2020-11,9,Week 9,tablet,<Other>,referral,(referral),Australia,3,1,33.33
2020-11-01,2020-11,1,Week 1,mobile,<Other>,referral,(referral),Tunisia,3,1,33.33
2020-11-01,2020-11,1,Week 1,tablet,<Other>,referral,(referral),Portugal,3,1,33.33
2020-11-01,2020-11,8,Week 8,desktop,<Other>,referral,(referral),Georgia,3,1,33.33
2020-11-01,2020-11,1,Week 1,desktop,<Other>,referral,(referral),Puerto Rico,3,1,33.33
2020-11-01,2020-11,3,Week 3,desktop,<Other>,referral,(referral),Kuwait,3,1,33.33
2020-11-01,2020-11,9,Week 9,desktop,<Other>,referral,(referral),Georgia,3,1,33.33
2020-11-01,2020-11,10,Week 10,desktop,shop.googlemerchandisestore.com,referral,(referral),Chile,3,1,33.33
2020-11-01,2020-11,1,Week 1,desktop,<Other>,referral,(referral),Cambodia,3,1,33.33
2020-11-01,2020-11,2,Week 2,desktop,shop.googlemerchandisestore.com,referral,(referral),Chile,3,1,33.33
2020-11-01,2020-11,3,Week 3,desktop,<Other>,referral,(referral),Georgia,3,1,33.33
2020-11-01,2020-11,1,Week 1,mobile,<Other>,referral,(referral),Belarus,3,1,33.33
2020-11-01,2020-11,4,Week 4,desktop,shop.googlemerchandisestore.com,referral,(referral),Serbia,3,1,33.33
2020-11-01,2020-11,2,Week 2,desktop,<Other>,referral,(referral),Norway,3,1,33.33
2020-11-01,2020-11,3,Week 3,tablet,<Other>,referral,(referral),France,5,2,40.0
2020-11-01,2020-11,1,Week 1,mobile,shop.googlemerchandisestore.com,referral,(referral),Dominican Republic,2,1,50.0
2020-11-01,2020-11,9,Week 9,tablet,shop.googlemerchandisestore.com,referral,(referral),Singapore,4,2,50.0
2020-11-01,2020-11,1,Week 1,desktop,<Other>,referral,(referral),Malta,2,1,50.0
2020-11-01,2020-11,3,Week 3,tablet,shop.googlemerchandisestore.com,referral,(referral),Singapore,4,2,50.0
2020-11-01,2020-11,7,Week 7,tablet,shop.googlemerchandisestore.com,referral,(referral),Singapore,4,2,50.0
2020-11-01,2020-11,4,Week 4,mobile,<Other>,referral,(referral),Qatar,2,1,50.0
2020-11-01,2020-11,3,Week 3,mobile,<Other>,referral,(referral),Norway,4,2,50.0
2020-11-01,2020-11,4,Week 4,desktop,<Other>,referral,(referral),North Macedonia,2,1,50.0
2020-11-01,2020-11,1,Week 1,tablet,shop.googlemerchandisestore.com,referral,(referral),Colombia,2,1,50.0
2020-11-01,2020-11,1,Week 1,mobile,shop.googlemerchandisestore.com,referral,(referral),Georgia,2,1,50.0
2020-11-01,2020-11,4,Week 4,desktop,<Other>,referral,(referral),Albania,2,1,50.0
2020-11-01,2020-11,1,Week 1,tablet,<Other>,referral,(referral),Vietnam,2,1,50.0
2020-11-01,2020-11,3,Week 3,tablet,<Other>,referral,(referral),Vietnam,2,1,50.0
2020-11-01,2020-11,3,Week 3,desktop,<Other>,referral,(referral),Albania,2,1,50.0
2020-11-01,2020-11,4,Week 4,desktop,<Other>,referral,(referral),Estonia,2,1,50.0
2020-11-01,2020-11,1,Week 1,desktop,shop.googlemerchandisestore.com,referral,(referral),El Salvador,2,1,50.0
2020-11-01,2020-11,1,Week 1,tablet,<Other>,referral,(referral),Italy,2,1,50.0
2020-11-01,2020-11,4,Week 4,mobile,shop.googlemerchandisestore.com,referral,(referral),Dominican Republic,2,1,50.0
2020-11-01,2020-11,3,Week 3,mobile,<Other>,referral,(referral),Qatar,2,1,50.0
2020-11-01,2020-11,4,Week 4,tablet,shop.googlemerchandisestore.com,referral,(referral),Singapore,4,2,50.0
2020-11-01,2020-11,2,Week 2,tablet,<Other>,referral,(referral),Vietnam,2,1,50.0
2020-11-01,2020-11,3,Week 3,desktop,<Other>,referral,(referral),North Macedonia,2,1,50.0
2020-11-01,2020-11,0,Week 0,desktop,<Other>,referral,(referral),Oman,1,1,100.0
2020-11-01,2020-11,0,Week 0,mobile,shop.googlemerchandisestore.com,referral,(referral),Serbia,1,1,100.0
2020-11-01,2020-11,0,Week 0,desktop,<Other>,referral,(referral),Uruguay,2,2,100.0
2020-11-01,2020-11,0,Week 0,desktop,shop.googlemerchandisestore.com,referral,(referral),Indonesia,28,28,100.0
2020-11-01,2020-11,0,Week 0,desktop,<Other>,referral,(referral),Indonesia,51,51,100.0
2020-11-01,2020-11,0,Week 0,desktop,shop.googlemerchandisestore.com,referral,(referral),Egypt,1,1,100.0
2020-11-01,2020-11,0,Week 0,mobile,shop.googlemerchandisestore.com,referral,(referral),Uruguay,2,2,100.0
2020-11-01,2020-11,0,Week 0,mobile,<Other>,referral,(referral),United Kingdom,78,78,100.0
2020-11-01,2020-11,0,Week 0,mobile,shop.googlemerchandisestore.com,referral,(referral),Russia,6,6,100.0
2020-11-01,2020-11,0,Week 0,desktop,<Other>,referral,(referral),Japan,40,40,100.0
2020-11-01,2020-11,0,Week 0,tablet,<Other>,referral,(referral),Bangladesh,1,1,100.0
2020-11-01,2020-11,0,Week 0,tablet,<Other>,referral,(referral),Sri Lanka,1,1,100.0
2020-11-01,2020-11,3,Week 3,tablet,<Other>,referral,(referral),Greece,1,1,100.0
2020-11-01,2020-11,0,Week 0,mobile,shop.googlemerchandisestore.com,referral,(referral),Guatemala,1,1,100.0
2020-11-01,2020-11,0,Week 0,desktop,<Other>,referral,(referral),Nigeria,4,4,100.0
2020-11-01,2020-11,0,Week 0,mobile,<Other>,referral,(referral),Argentina,6,6,100.0
2020-11-01,2020-11,0,Week 0,desktop,<Other>,referral,(referral),Sweden,32,32,100.0
2020-11-01,2020-11,0,Week 0,desktop,<Other>,referral,(referral),Paraguay,1,1,100.0
2020-11-01,2020-11,0,Week 0,tablet,<Other>,referral,(referral),Poland,1,1,100.0
2020-11-01,2020-11,0,Week 0,mobile,<Other>,referral,(referral),Malta,2,2,100.0
2020-11-01,2020-11,0,Week 0,tablet,<Other>,referral,(referral),Portugal,3,3,100.0
2020-11-01,2020-11,0,Week 0,mobile,shop.googlemerchandisestore.com,referral,(referral),Colombia,8,8,100.0
2020-11-01,2020-11,0,Week 0,desktop,shop.googlemerchandisestore.com,referral,(referral),Malaysia,14,14,100.0
2020-11-01,2020-11,0,Week 0,desktop,<Other>,referral,<Other>,United States,1,1,100.0
2020-11-01,2020-11,0,Week 0,mobile,<Other>,referral,(referral),Albania,1,1,100.0
2020-11-01,2020-11,0,Week 0,tablet,<Other>,referral,(referral),Australia,3,3,100.0
2020-11-01,2020-11,0,Week 0,mobile,<Other>,referral,(referral),Australia,29,29,100.0
2020-11-01,2020-11,0,Week 0,mobile,<Other>,referral,(referral),Puerto Rico,2,2,100.0
2020-11-01,2020-11,0,Week 0,desktop,shop.googlemerchandisestore.com,referral,(referral),Argentina,8,8,100.0
2020-11-01,2020-11,0,Week 0,mobile,shop.googlemerchandisestore.com,referral,(referral),Kosovo,1,1,100.0
2020-11-01,2020-11,0,Week 0,desktop,<Other>,referral,(referral),Israel,30,30,100.0
2020-11-01,2020-11,0,Week 0,tablet,shop.googlemerchandisestore.com,referral,(referral),Germany,1,1,100.0
2020-11-01,2020-11,0,Week 0,mobile,shop.googlemerchandisestore.com,referral,(referral),New Zealand,3,3,100.0
2020-11-01,2020-11,0,Week 0,mobile,shop.googlemerchandisestore.com,referral,(referral),Trinidad & Tobago,3,3,100.0
2020-11-01,2020-11,0,Week 0,mobile,shop.googlemerchandisestore.com,referral,(referral),Morocco,4,4,100.0
2020-11-01,2020-11,0,Week 0,mobile,shop.googlemerchandisestore.com,referral,(referral),United Kingdom,51,51,100.0
2020-11-01,2020-11,0,Week 0,mobile,<Other>,referral,(referral),Costa Rica,2,2,100.0
2020-11-01,2020-11,0,Week 0,desktop,<Other>,referral,(referral),Albania,2,2,100.0
2020-11-01,2020-11,0,Week 0,desktop,<Other>,referral,(referral),Belarus,3,3,100.0
2020-11-01,2020-11,0,Week 0,desktop,shop.googlemerchandisestore.com,referral,(referral),Ecuador,3,3,100.0
2020-11-01,2020-11,0,Week 0,desktop,<Other>,referral,(referral),(not set),38,38,100.0
2020-11-01,2020-11,0,Week 0,desktop,shop.googlemerchandisestore.com,referral,(referral),Malta,1,1,100.0
2020-11-01,2020-11,0,Week 0,desktop,shop.googlemerchandisestore.com,referral,(referral),Guatemala,2,2,100.0
2020-11-01,2020-11,0,Week 0,mobile,<Other>,referral,(referral),Norway,4,4,100.0
2020-11-01,2020-11,0,Week 0,desktop,shop.googlemerchandisestore.com,referral,(referral),Georgia,1,1,100.0
2020-11-01,2020-11,0,Week 0,desktop,<Other>,referral,(referral),Ecuador,3,3,100.0
2020-11-01,2020-11,0,Week 0,tablet,<Other>,referral,(referral),France,5,5,100.0
2020-11-01,2020-11,0,Week 0,mobile,shop.googlemerchandisestore.com,referral,(referral),Thailand,8,8,100.0
2020-11-01,2020-11,0,Week 0,desktop,shop.googlemerchandisestore.com,referral,(referral),Ireland,12,12,100.0
2020-11-01,2020-11,0,Week 0,desktop,shop.googlemerchandisestore.com,referral,(referral),Germany,43,43,100.0
2020-11-01,2020-11,0,Week 0,mobile,shop.googlemerchandisestore.com,referral,(referral),Tunisia,1,1,100.0
2020-11-01,2020-11,0,Week 0,mobile,shop.googlemerchandisestore.com,referral,(referral),United Arab Emirates,1,1,100.0
2020-11-01,2020-11,0,Week 0,mobile,<Other>,referral,(referral),Hungary,3,3,100.0
2020-11-01,2020-11,0,Week 0,desktop,<Other>,referral,(referral),Mexico,30,30,100.0
2020-11-01,2020-11,0,Week 0,tablet,shop.googlemerchandisestore.com,referral,(referral),Thailand,1,1,100.0
2020-11-01,2020-11,0,Week 0,tablet,<Other>,referral,(referral),Italy,2,2,100.0
2020-11-01,2020-11,0,Week 0,desktop,shop.googlemerchandisestore.com,referral,(referral),Kenya,2,2,100.0
2020-11-01,2020-11,0,Week 0,mobile,<Other>,referral,(referral),Chile,7,7,100.0
2020-11-01,2020-11,0,Week 0,desktop,shop.googlemerchandisestore.com,referral,(referral),Netherlands,39,39,100.0
2020-11-01,2020-11,0,Week 0,mobile,shop.googlemerchandisestore.com,referral,(referral),South Africa,3,3,100.0
2020-11-01,2020-11,0,Week 0,mobile,shop.googlemerchandisestore.com,referral,(referral),Argentina,9,9,100.0
2020-11-01,2020-11,0,Week 0,desktop,<Other>,referral,(referral),United Arab Emirates,15,15,100.0
2020-11-01,2020-11,0,Week 0,mobile,shop.googlemerchandisestore.com,referral,(referral),Israel,11,11,100.0
2020-11-01,2020-11,0,Week 0,desktop,<Other>,referral,(referral),China,85,85,100.0
2020-11-01,2020-11,0,Week 0,desktop,<Other>,referral,(referral),Germany,86,86,100.0
2020-11-01,2020-11,0,Week 0,tablet,shop.googlemerchandisestore.com,referral,(referral),Switzerland,1,1,100.0
2020-11-01,2020-11,0,Week 0,tablet,shop.googlemerchandisestore.com,referral,(referral),Belgium,1,1,100.0
2020-11-01,2020-11,0,Week 0,tablet,<Other>,referral,(referral),Vietnam,2,2,100.0
2020-11-01,2020-11,0,Week 0,tablet,shop.googlemerchandisestore.com,referral,(referral),France,3,3,100.0
2020-11-01,2020-11,0,Week 0,desktop,<Other>,referral,(referral),Tunisia,4,4,100.0
2020-11-01,2020-11,0,Week 0,mobile,<Other>,referral,(referral),South Korea,35,35,100.0
2020-11-01,2020-11,0,Week 0,desktop,shop.googlemerchandisestore.com,referral,(referral),South Africa,3,3,100.0
2020-11-01,2020-11,0,Week 0,desktop,shop.googlemerchandisestore.com,referral,(referral),Austria,10,10,100.0
2020-11-01,2020-11,0,Week 0,desktop,<Other>,referral,(referral),Spain,88,88,100.0
2020-11-01,2020-11,0,Week 0,mobile,<Other>,referral,(referral),India,266,266,100.0
2020-11-01,2020-11,0,Week 0,desktop,shop.googlemerchandisestore.com,referral,(referral),Albania,1,1,100.0
2020-11-01,2020-11,0,Week 0,tablet,<Other>,referral,(referral),Indonesia,2,2,100.0
2020-11-01,2020-11,0,Week 0,mobile,<Other>,referral,(referral),Qatar,2,2,100.0
2020-11-01,2020-11,0,Week 0,desktop,<Other>,referral,(referral),Bolivia,2,2,100.0
2020-11-01,2020-11,0,Week 0,tablet,shop.googlemerchandisestore.com,referral,(referral),United Kingdom,5,5,100.0
2020-11-01,2020-11,0,Week 0,desktop,shop.googlemerchandisestore.com,referral,(referral),Croatia,1,1,100.0
2020-11-01,2020-11,0,Week 0,desktop,<Other>,referral,(referral),Ghana,1,1,100.0
2020-11-01,2020-11,0,Week 0,desktop,<Other>,referral,(referral),Slovenia,3,3,100.0
2020-11-01,2020-11,0,Week 0,mobile,<Other>,referral,(referral),Netherlands,38,38,100.0
2020-11-01,2020-11,0,Week 0,tablet,shop.googlemerchandisestore.com,referral,(referral),Hong Kong,1,1,100.0
2020-11-01,2020-11,0,Week 0,desktop,shop.googlemerchandisestore.com,referral,(referral),Honduras,1,1,100.0
2020-11-01,2020-11,0,Week 0,mobile,<Other>,referral,(referral),Uruguay,2,2,100.0
2020-11-01,2020-11,0,Week 0,mobile,<Other>,referral,(referral),South Africa,7,7,100.0
2020-11-01,2020-11,0,Week 0,mobile,<Other>,referral,(referral),Canada,221,221,100.0
2020-11-01,2020-11,0,Week 0,mobile,shop.googlemerchandisestore.com,referral,(referral),Palestine,1,1,100.0
2020-11-01,2020-11,0,Week 0,desktop,shop.googlemerchandisestore.com,referral,(referral),El Salvador,2,2,100.0
2020-11-01,2020-11,0,Week 0,mobile,<Other>,referral,(referral),Cambodia,1,1,100.0
2020-11-01,2020-11,0,Week 0,desktop,shop.googlemerchandisestore.com,referral,(referral),Czechia,4,4,100.0
2020-11-01,2020-11,0,Week 0,mobile,shop.googlemerchandisestore.com,referral,(referral),Pakistan,10,10,100.0
2020-11-01,2020-11,0,Week 0,desktop,shop.googlemerchandisestore.com,referral,(referral),United Kingdom,81,81,100.0
2020-11-01,2020-11,0,Week 0,mobile,<Other>,referral,(referral),Lithuania,2,2,100.0
2020-11-01,2020-11,0,Week 0,mobile,<Other>,referral,(referral),Vietnam,15,15,100.0
2020-11-01,2020-11,0,Week 0,desktop,shop.googlemerchandisestore.com,referral,(referral),Costa Rica,1,1,100.0
2020-11-01,2020-11,0,Week 0,desktop,shop.googlemerchandisestore.com,referral,(referral),Kazakhstan,3,3,100.0
2020-11-01,2020-11,0,Week 0,desktop,shop.googlemerchandisestore.com,referral,(referral),Peru,10,10,100.0
2020-11-01,2020-11,0,Week 0,desktop,shop.googlemerchandisestore.com,referral,(referral),Canada,220,220,100.0
2020-11-01,2020-11,0,Week 0,tablet,shop.googlemerchandisestore.com,referral,(referral),Russia,1,1,100.0
2020-11-01,2020-11,0,Week 0,desktop,<Other>,referral,(referral),Sri Lanka,7,7,100.0
2020-11-01,2020-11,0,Week 0,mobile,<Other>,referral,(referral),Romania,7,7,100.0
2020-11-01,2020-11,0,Week 0,mobile,shop.googlemerchandisestore.com,referral,(referral),Indonesia,20,20,100.0
2020-11-01,2020-11,0,Week 0,mobile,<Other>,referral,(referral),Spain,57,57,100.0
2020-11-01,2020-11,0,Week 0,desktop,shop.googlemerchandisestore.com,referral,(referral),Luxembourg,1,1,100.0
2020-11-01,2020-11,0,Week 0,desktop,<Other>,referral,(referral),Kenya,2,2,100.0
2020-11-01,2020-11,0,Week 0,desktop,shop.googlemerchandisestore.com,referral,(referral),Hong Kong,18,18,100.0
2020-11-01,2020-11,0,Week 0,mobile,<Other>,referral,(referral),(not set),25,25,100.0
2020-11-01,2020-11,0,Week 0,desktop,shop.googlemerchandisestore.com,referral,(referral),Taiwan,46,46,100.0
2020-11-01,2020-11,3,Week 3,desktop,shop.googlemerchandisestore.com,referral,(referral),Cambodia,1,1,100.0
2020-11-01,2020-11,0,Week 0,mobile,<Other>,referral,(referral),Nepal,1,1,100.0
2020-11-01,2020-11,0,Week 0,mobile,<Other>,referral,(referral),Tunisia,3,3,100.0
2020-11-01,2020-11,0,Week 0,desktop,<Other>,referral,(referral),Bangladesh,6,6,100.0
2020-11-01,2020-11,0,Week 0,mobile,shop.googlemerchandisestore.com,referral,(referral),Luxembourg,1,1,100.0
2020-11-01,2020-11,0,Week 0,mobile,shop.googlemerchandisestore.com,referral,(referral),Croatia,1,1,100.0
2020-11-01,2020-11,0,Week 0,desktop,<Other>,referral,(referral),Hungary,9,9,100.0
2020-11-01,2020-11,0,Week 0,desktop,<Other>,referral,(referral),Chile,11,11,100.0
2020-11-01,2020-11,0,Week 0,desktop,<Other>,referral,(referral),Ukraine,14,14,100.0
2020-11-01,2020-11,0,Week 0,desktop,<Other>,referral,(referral),Belgium,18,18,100.0
2020-11-01,2020-11,0,Week 0,mobile,shop.googlemerchandisestore.com,referral,(referral),Japan,32,32,100.0
2020-11-01,2020-11,0,Week 0,desktop,<Other>,referral,(referral),Australia,39,39,100.0
2020-11-01,2020-11,0,Week 0,mobile,<Other>,referral,(referral),Serbia,3,3,100.0
2020-11-01,2020-11,0,Week 0,mobile,shop.googlemerchandisestore.com,referral,(referral),Bangladesh,5,5,100.0
2020-11-01,2020-11,0,Week 0,tablet,<Other>,referral,(referral),Germany,5,5,100.0
2020-11-01,2020-11,0,Week 0,desktop,<Other>,referral,(referral),Austria,18,18,100.0
2020-11-01,2020-11,0,Week 0,desktop,<Other>,referral,(referral),Mongolia,1,1,100.0
2020-11-01,2020-11,0,Week 0,desktop,shop.googlemerchandisestore.com,referral,(referral),North Macedonia,2,2,100.0
2020-11-01,2020-11,0,Week 0,mobile,<Other>,referral,(referral),Morocco,4,4,100.0
2020-11-01,2020-11,0,Week 0,mobile,shop.googlemerchandisestore.com,referral,(referral),Vietnam,9,9,100.0
2020-11-01,2020-11,0,Week 0,mobile,shop.googlemerchandisestore.com,referral,(referral),Canada,140,140,100.0
2020-11-01,2020-11,0,Week 0,mobile,shop.googlemerchandisestore.com,referral,(referral),Malta,1,1,100.0
2020-11-01,2020-11,0,Week 0,mobile,<Other>,referral,(referral),Bulgaria,6,6,100.0
2020-11-01,2020-11,0,Week 0,desktop,<Other>,referral,(referral),Greece,14,14,100.0
2020-11-01,2020-11,0,Week 0,desktop,<Other>,referral,(referral),Portugal,18,18,100.0
2020-11-01,2020-11,0,Week 0,mobile,shop.googlemerchandisestore.com,referral,(referral),Turkey,23,23,100.0
2020-11-01,2020-11,0,Week 0,tablet,shop.googlemerchandisestore.com,referral,(referral),Brazil,1,1,100.0
2020-11-01,2020-11,0,Week 0,desktop,shop.googlemerchandisestore.com,referral,(referral),United States,1202,1202,100.0
2020-11-01,2020-11,0,Week 0,tablet,shop.googlemerchandisestore.com,referral,(referral),Netherlands,2,2,100.0
2020-11-01,2020-11,0,Week 0,desktop,shop.googlemerchandisestore.com,referral,(referral),Hungary,2,2,100.0
2020-11-01,2020-11,0,Week 0,mobile,shop.googlemerchandisestore.com,referral,(referral),Costa Rica,3,3,100.0
2020-11-01,2020-11,0,Week 0,desktop,<Other>,referral,(referral),Algeria,5,5,100.0
2020-11-01,2020-11,0,Week 0,mobile,<Other>,referral,(referral),Sweden,17,17,100.0
2020-11-01,2020-11,2,Week 2,tablet,shop.googlemerchandisestore.com,referral,(referral),Hong Kong,1,1,100.0
2020-11-01,2020-11,0,Week 0,mobile,<Other>,referral,(referral),Mongolia,1,1,100.0
2020-11-01,2020-11,0,Week 0,tablet,<Other>,referral,(referral),Slovakia,1,1,100.0
2020-11-01,2020-11,0,Week 0,tablet,<Other>,referral,(referral),Ireland,2,2,100.0
2020-11-01,2020-11,0,Week 0,mobile,<Other>,referral,(referral),Slovenia,2,2,100.0
2020-11-01,2020-11,0,Week 0,mobile,shop.googlemerchandisestore.com,referral,(referral),Dominican Republic,2,2,100.0
2020-11-01,2020-11,0,Week 0,desktop,shop.googlemerchandisestore.com,referral,(referral),United Arab Emirates,10,10,100.0
2020-11-01,2020-11,0,Week 0,mobile,<Other>,referral,(referral),Mexico,27,27,100.0
2020-11-01,2020-11,0,Week 0,desktop,<Other>,referral,(referral),South Korea,45,45,100.0
2020-11-01,2020-11,0,Week 0,desktop,<Other>,referral,(referral),Cyprus,1,1,100.0
2020-11-01,2020-11,0,Week 0,tablet,<Other>,referral,(referral),Japan,2,2,100.0
2020-11-01,2020-11,0,Week 0,desktop,shop.googlemerchandisestore.com,referral,(referral),Bangladesh,4,4,100.0
2020-11-01,2020-11,0,Week 0,mobile,shop.googlemerchandisestore.com,referral,(referral),Malaysia,11,11,100.0
2020-11-01,2020-11,0,Week 0,desktop,shop.googlemerchandisestore.com,referral,(referral),Vietnam,15,15,100.0
2020-11-01,2020-11,0,Week 0,mobile,<Other>,referral,(referral),Japan,47,47,100.0
2020-11-01,2020-11,0,Week 0,mobile,<Other>,referral,(referral),United States,1303,1303,100.0
2020-11-01,2020-11,0,Week 0,desktop,shop.googlemerchandisestore.com,referral,(referral),Turkey,28,28,100.0
2020-11-01,2020-11,0,Week 0,mobile,<Other>,referral,(referral),Italy,54,54,100.0
2020-11-01,2020-11,0,Week 0,mobile,shop.googlemerchandisestore.com,referral,(referral),Kuwait,1,1,100.0
2020-11-01,2020-11,0,Week 0,tablet,<Other>,referral,(referral),Taiwan,3,3,100.0
2020-11-01,2020-11,0,Week 0,desktop,<Other>,referral,(referral),Jordan,5,5,100.0
2020-11-01,2020-11,2,Week 2,desktop,<Other>,referral,(referral),Cyprus,1,1,100.0
2020-11-01,2020-11,0,Week 0,desktop,<Other>,referral,(referral),Venezuela,1,1,100.0
2020-11-01,2020-11,0,Week 0,mobile,shop.googlemerchandisestore.com,referral,(referral),Nigeria,2,2,100.0
2020-11-01,2020-11,0,Week 0,desktop,shop.googlemerchandisestore.com,referral,(referral),Pakistan,10,10,100.0
2020-11-01,2020-11,0,Week 0,desktop,<Other>,referral,(referral),Argentina,12,12,100.0
2020-11-01,2020-11,0,Week 0,mobile,shop.googlemerchandisestore.com,referral,(referral),Philippines,12,12,100.0
2020-11-01,2020-11,0,Week 0,desktop,shop.googlemerchandisestore.com,referral,(referral),Uruguay,1,1,100.0
2020-11-01,2020-11,0,Week 0,tablet,<Other>,referral,(referral),Spain,3,3,100.0
2020-11-01,2020-11,0,Week 0,tablet,<Other>,referral,(referral),China,4,4,100.0
2020-11-01,2020-11,0,Week 0,desktop,<Other>,referral,(referral),Lithuania,8,8,100.0
2020-11-01,2020-11,0,Week 0,mobile,shop.googlemerchandisestore.com,referral,(referral),Belgium,9,9,100.0
2020-11-01,2020-11,0,Week 0,mobile,<Other>,referral,(referral),Peru,14,14,100.0
2020-11-01,2020-11,0,Week 0,desktop,<Other>,referral,(referral),Malaysia,31,31,100.0
2020-11-01,2020-11,0,Week 0,desktop,<Other>,referral,(referral),United Kingdom,129,129,100.0
2020-11-01,2020-11,0,Week 0,mobile,<Other>,referral,(referral),Dominican Republic,1,1,100.0
2020-11-01,2020-11,2,Week 2,desktop,<Other>,referral,(referral),Nepal,1,1,100.0
2020-11-01,2020-11,0,Week 0,mobile,shop.googlemerchandisestore.com,referral,(referral),Peru,5,5,100.0
2020-11-01,2020-11,0,Week 0,mobile,<Other>,referral,(referral),Finland,6,6,100.0
2020-11-01,2020-11,0,Week 0,mobile,<Other>,referral,(referral),Portugal,8,8,100.0
2020-11-01,2020-11,0,Week 0,desktop,shop.googlemerchandisestore.com,referral,(referral),Philippines,9,9,100.0
2020-11-01,2020-11,0,Week 0,tablet,<Other>,referral,(referral),India,14,14,100.0
2020-11-01,2020-11,0,Week 0,desktop,<Other>,referral,(referral),Singapore,53,53,100.0
2020-11-01,2020-11,0,Week 0,tablet,<Other>,referral,(referral),Sweden,1,1,100.0
2020-11-01,2020-11,0,Week 0,mobile,<Other>,referral,(referral),Azerbaijan,2,2,100.0
2020-11-01,2020-11,0,Week 0,desktop,<Other>,referral,(referral),Norway,3,3,100.0
2020-11-01,2020-11,0,Week 0,desktop,<Other>,referral,(referral),Czechia,11,11,100.0
2020-11-01,2020-11,0,Week 0,mobile,shop.googlemerchandisestore.com,referral,(referral),Poland,15,15,100.0
2020-11-01,2020-11,1,Week 1,desktop,shop.googlemerchandisestore.com,referral,(referral),Egypt,1,1,100.0
2020-11-01,2020-11,4,Week 4,mobile,shop.googlemerchandisestore.com,referral,(referral),El Salvador,1,1,100.0
2020-11-01,2020-11,0,Week 0,desktop,<Other>,referral,(referral),Azerbaijan,1,1,100.0
2020-11-01,2020-11,0,Week 0,desktop,<Other>,referral,(referral),El Salvador,1,1,100.0
2020-11-01,2020-11,0,Week 0,desktop,shop.googlemerchandisestore.com,referral,(referral),Cyprus,3,3,100.0
2020-11-01,2020-11,0,Week 0,desktop,shop.googlemerchandisestore.com,referral,(referral),Romania,7,7,100.0
2020-11-01,2020-11,0,Week 0,mobile,shop.googlemerchandisestore.com,referral,(referral),Portugal,10,10,100.0
2020-11-01,2020-11,3,Week 3,mobile,shop.googlemerchandisestore.com,referral,(referral),El Salvador,1,1,100.0
2020-11-01,2020-11,0,Week 0,desktop,<Other>,referral,(referral),Serbia,5,5,100.0
2020-11-01,2020-11,0,Week 0,mobile,<Other>,referral,(referral),Belgium,10,10,100.0
2020-11-01,2020-11,0,Week 0,desktop,<Other>,referral,(referral),Iraq,1,1,100.0
2020-11-01,2020-11,0,Week 0,mobile,shop.googlemerchandisestore.com,referral,(referral),Iraq,2,2,100.0
2020-11-01,2020-11,1,Week 1,desktop,<Other>,referral,(referral),Honduras,2,2,100.0
2020-11-01,2020-11,0,Week 0,desktop,shop.googlemerchandisestore.com,referral,(referral),Greece,9,9,100.0
2020-11-01,2020-11,0,Week 0,desktop,shop.googlemerchandisestore.com,referral,(referral),Mexico,22,22,100.0
2020-11-01,2020-11,0,Week 0,desktop,shop.googlemerchandisestore.com,referral,(referral),Kuwait,1,1,100.0
2020-11-01,2020-11,1,Week 1,mobile,shop.googlemerchandisestore.com,referral,(referral),Malta,1,1,100.0
2020-11-01,2020-11,0,Week 0,mobile,<Other>,referral,(referral),Kazakhstan,2,2,100.0
2020-11-01,2020-11,0,Week 0,desktop,<Other>,referral,(referral),Georgia,3,3,100.0
2020-11-01,2020-11,0,Week 0,mobile,<Other>,referral,(referral),Belarus,3,3,100.0
2020-11-01,2020-11,0,Week 0,desktop,<Other>,referral,(referral),Brazil,47,47,100.0
2020-11-01,2020-11,0,Week 0,mobile,shop.googlemerchandisestore.com,referral,(referral),Kazakhstan,1,1,100.0
2020-11-01,2020-11,0,Week 0,desktop,shop.googlemerchandisestore.com,referral,(referral),Belarus,1,1,100.0
2020-11-01,2020-11,0,Week 0,mobile,<Other>,referral,(referral),Sri Lanka,4,4,100.0
2020-11-01,2020-11,0,Week 0,desktop,<Other>,referral,(referral),France,82,82,100.0
2020-11-01,2020-11,0,Week 0,mobile,shop.googlemerchandisestore.com,referral,(referral),Jordan,1,1,100.0
2020-11-01,2020-11,0,Week 0,mobile,<Other>,referral,(referral),Myanmar (Burma),1,1,100.0
2020-11-01,2020-11,0,Week 0,mobile,shop.googlemerchandisestore.com,referral,(referral),Romania,2,2,100.0
2020-11-01,2020-11,0,Week 0,tablet,shop.googlemerchandisestore.com,referral,(referral),Austria,2,2,100.0
2020-11-01,2020-11,0,Week 0,desktop,shop.googlemerchandisestore.com,referral,(referral),Jordan,3,3,100.0
2020-11-01,2020-11,0,Week 0,desktop,shop.googlemerchandisestore.com,referral,(referral),Tunisia,3,3,100.0
2020-11-01,2020-11,0,Week 0,desktop,<Other>,referral,(referral),New Zealand,5,5,100.0
2020-11-01,2020-11,0,Week 0,mobile,<Other>,referral,(referral),Greece,15,15,100.0
2020-11-01,2020-11,0,Week 0,tablet,<Other>,referral,(referral),Canada,16,16,100.0
2020-11-01,2020-11,0,Week 0,mobile,shop.googlemerchandisestore.com,referral,(referral),Taiwan,32,32,100.0
2020-11-01,2020-11,0,Week 0,tablet,shop.googlemerchandisestore.com,referral,(referral),Qatar,1,1,100.0
2020-11-01,2020-11,0,Week 0,tablet,shop.googlemerchandisestore.com,referral,(referral),China,1,1,100.0
2020-11-01,2020-11,0,Week 0,tablet,<Other>,referral,(referral),(not set),2,2,100.0
2020-11-01,2020-11,0,Week 0,desktop,<Other>,referral,(referral),South Africa,10,10,100.0
2020-11-01,2020-11,0,Week 0,mobile,shop.googlemerchandisestore.com,referral,(referral),Estonia,1,1,100.0
2020-11-01,2020-11,0,Week 0,tablet,shop.googlemerchandisestore.com,referral,(referral),Jordan,1,1,100.0
2020-11-01,2020-11,0,Week 0,desktop,<Other>,referral,(referral),Palestine,1,1,100.0
2020-11-01,2020-11,0,Week 0,desktop,<Other>,referral,(referral),Costa Rica,2,2,100.0
2020-11-01,2020-11,0,Week 0,mobile,shop.googlemerchandisestore.com,referral,(referral),China,31,31,100.0
2020-11-01,2020-11,0,Week 0,desktop,shop.googlemerchandisestore.com,referral,(referral),France,55,55,100.0
2020-11-01,2020-11,0,Week 0,mobile,<Other>,referral,(referral),Kuwait,1,1,100.0
2020-11-01,2020-11,5,Week 5,tablet,<Other>,referral,(referral),Uruguay,1,1,100.0
2020-11-01,2020-11,0,Week 0,desktop,shop.googlemerchandisestore.com,referral,(referral),Puerto Rico,5,5,100.0
2020-11-01,2020-11,0,Week 0,mobile,shop.googlemerchandisestore.com,referral,(referral),Czechia,7,7,100.0
2020-11-01,2020-11,0,Week 0,desktop,<Other>,referral,(referral),Morocco,9,9,100.0
2020-11-01,2020-11,0,Week 0,desktop,shop.googlemerchandisestore.com,referral,(referral),(not set),25,25,100.0
2020-11-01,2020-11,0,Week 0,mobile,shop.googlemerchandisestore.com,referral,(referral),Spain,32,32,100.0
2020-11-01,2020-11,0,Week 0,tablet,<Other>,referral,(referral),Uruguay,1,1,100.0
2020-11-01,2020-11,0,Week 0,mobile,shop.googlemerchandisestore.com,referral,(referral),Mongolia,1,1,100.0
2020-11-01,2020-11,0,Week 0,tablet,shop.googlemerchandisestore.com,referral,(referral),Israel,1,1,100.0
2020-11-01,2020-11,0,Week 0,mobile,<Other>,referral,(referral),Ecuador,2,2,100.0
2020-11-01,2020-11,0,Week 0,mobile,shop.googlemerchandisestore.com,referral,(referral),Sri Lanka,3,3,100.0
2020-11-01,2020-11,0,Week 0,mobile,<Other>,referral,(referral),United Arab Emirates,9,9,100.0
2020-11-01,2020-11,0,Week 0,mobile,shop.googlemerchandisestore.com,referral,(referral),South Korea,22,22,100.0
2020-11-01,2020-11,0,Week 0,tablet,<Other>,referral,(referral),Hong Kong,2,2,100.0
2020-11-01,2020-11,0,Week 0,mobile,shop.googlemerchandisestore.com,referral,(referral),Finland,2,2,100.0
2020-11-01,2020-11,0,Week 0,desktop,<Other>,referral,(referral),Kuwait,3,3,100.0
2020-11-01,2020-11,0,Week 0,mobile,<Other>,referral,(referral),Nigeria,8,8,100.0
2020-11-01,2020-11,0,Week 0,mobile,shop.googlemerchandisestore.com,referral,(referral),Germany,41,41,100.0
2020-11-01,2020-11,0,Week 0,mobile,shop.googlemerchandisestore.com,referral,(referral),India,174,174,100.0
2020-11-01,2020-11,0,Week 0,desktop,<Other>,referral,(referral),Canada,311,311,100.0
2020-11-01,2020-11,0,Week 0,mobile,<Other>,referral,(referral),Bahrain,1,1,100.0
2020-11-01,2020-11,0,Week 0,desktop,shop.googlemerchandisestore.com,referral,(referral),Morocco,5,5,100.0
2020-11-01,2020-11,0,Week 0,desktop,shop.googlemerchandisestore.com,referral,(referral),Sweden,17,17,100.0
2020-11-01,2020-11,0,Week 0,mobile,shop.googlemerchandisestore.com,referral,(referral),Italy,30,30,100.0
2020-11-01,2020-11,3,Week 3,tablet,<Other>,referral,(referral),Uruguay,1,1,100.0
2020-11-01,2020-11,0,Week 0,desktop,shop.googlemerchandisestore.com,referral,(referral),Lebanon,2,2,100.0
2020-11-01,2020-11,0,Week 0,tablet,shop.googlemerchandisestore.com,referral,(referral),Japan,3,3,100.0
2020-11-01,2020-11,0,Week 0,desktop,<Other>,referral,(referral),Denmark,13,13,100.0
2020-11-01,2020-11,3,Week 3,tablet,shop.googlemerchandisestore.com,referral,(referral),Belgium,1,1,100.0
2020-11-01,2020-11,0,Week 0,mobile,<Other>,referral,(referral),Jamaica,1,1,100.0
2020-11-01,2020-11,0,Week 0,desktop,<Other>,referral,(referral),Bulgaria,5,5,100.0
2020-11-01,2020-11,0,Week 0,desktop,shop.googlemerchandisestore.com,referral,(referral),India,264,264,100.0
2020-11-01,2020-11,0,Week 0,tablet,shop.googlemerchandisestore.com,referral,(referral),South Korea,2,2,100.0
2020-11-01,2020-11,0,Week 0,mobile,<Other>,referral,(referral),Hong Kong,17,17,100.0
2020-11-01,2020-11,0,Week 0,tablet,shop.googlemerchandisestore.com,referral,(referral),United States,40,40,100.0
2020-11-01,2020-11,0,Week 0,tablet,<Other>,referral,(referral),Netherlands,1,1,100.0
2020-11-01,2020-11,0,Week 0,desktop,shop.googlemerchandisestore.com,referral,(referral),Bulgaria,4,4,100.0
2020-11-01,2020-11,0,Week 0,mobile,<Other>,referral,(referral),Indonesia,20,20,100.0
2020-11-01,2020-11,0,Week 0,mobile,<Other>,referral,(referral),China,49,49,100.0
2020-11-01,2020-11,0,Week 0,desktop,shop.googlemerchandisestore.com,referral,(referral),Bahamas,1,1,100.0
2020-11-01,2020-11,0,Week 0,mobile,<Other>,referral,(referral),Saudi Arabia,3,3,100.0
2020-11-01,2020-11,0,Week 0,tablet,shop.googlemerchandisestore.com,referral,(referral),Singapore,4,4,100.0
2020-11-01,2020-11,0,Week 0,tablet,<Other>,referral,(referral),Malaysia,1,1,100.0
2020-11-01,2020-11,0,Week 0,desktop,<Other>,referral,(referral),Jamaica,1,1,100.0
2020-11-01,2020-11,0,Week 0,mobile,shop.googlemerchandisestore.com,referral,(referral),Egypt,3,3,100.0
2020-11-01,2020-11,0,Week 0,mobile,<Other>,referral,(referral),Austria,8,8,100.0
2020-11-01,2020-11,0,Week 0,mobile,<Other>,referral,(referral),Germany,57,57,100.0
2020-11-01,2020-11,0,Week 0,tablet,<Other>,referral,(referral),South Africa,1,1,100.0
2020-11-01,2020-11,0,Week 0,tablet,shop.googlemerchandisestore.com,referral,(referral),Norway,1,1,100.0
2020-11-01,2020-11,0,Week 0,tablet,<Other>,referral,(referral),Croatia,1,1,100.0
2020-11-01,2020-11,0,Week 0,mobile,shop.googlemerchandisestore.com,referral,(referral),Switzerland,8,8,100.0
2020-11-01,2020-11,0,Week 0,mobile,<Other>,referral,(referral),Thailand,14,14,100.0
2020-11-01,2020-11,0,Week 0,tablet,<Other>,referral,(referral),Thailand,1,1,100.0
2020-11-01,2020-11,0,Week 0,mobile,<Other>,referral,(referral),Palestine,3,3,100.0
2020-11-01,2020-11,0,Week 0,mobile,<Other>,referral,(referral),Denmark,5,5,100.0
2020-11-01,2020-11,0,Week 0,desktop,shop.googlemerchandisestore.com,referral,(referral),Italy,47,47,100.0
2020-11-01,2020-11,0,Week 0,mobile,shop.googlemerchandisestore.com,referral,(referral),Bolivia,1,1,100.0
2020-11-01,2020-11,0,Week 0,mobile,shop.googlemerchandisestore.com,referral,(referral),Slovenia,1,1,100.0
2020-11-01,2020-11,2,Week 2,tablet,shop.googlemerchandisestore.com,referral,(referral),Switzerland,1,1,100.0
2020-11-01,2020-11,0,Week 0,tablet,<Other>,referral,(referral),Argentina,2,2,100.0
2020-11-01,2020-11,0,Week 0,desktop,<Other>,referral,(referral),Puerto Rico,3,3,100.0
2020-11-01,2020-11,0,Week 0,desktop,shop.googlemerchandisestore.com,referral,(referral),Norway,3,3,100.0
2020-11-01,2020-11,0,Week 0,mobile,<Other>,referral,(referral),North Macedonia,1,1,100.0
2020-11-01,2020-11,0,Week 0,tablet,<Other>,referral,(referral),Singapore,1,1,100.0
2020-11-01,2020-11,0,Week 0,desktop,shop.googlemerchandisestore.com,referral,(referral),Finland,3,3,100.0
2020-11-01,2020-11,0,Week 0,desktop,<Other>,referral,(referral),Finland,5,5,100.0
2020-11-01,2020-11,0,Week 0,mobile,shop.googlemerchandisestore.com,referral,(referral),United States,816,816,100.0
2020-11-01,2020-11,0,Week 0,desktop,<Other>,referral,(referral),United States,1899,1899,100.0
2020-11-01,2020-11,0,Week 0,mobile,<Other>,referral,(referral),Iraq,4,4,100.0
2020-11-01,2020-11,0,Week 0,mobile,shop.googlemerchandisestore.com,referral,(referral),Australia,15,15,100.0
2020-11-01,2020-11,0,Week 0,mobile,<Other>,referral,(referral),Malaysia,16,16,100.0
2020-11-01,2020-11,0,Week 0,desktop,<Other>,referral,(referral),Thailand,21,21,100.0
2020-11-01,2020-11,0,Week 0,desktop,shop.googlemerchandisestore.com,referral,(referral),Spain,51,51,100.0
2020-11-01,2020-11,0,Week 0,desktop,<Other>,referral,(referral),Guatemala,1,1,100.0
2020-11-01,2020-11,0,Week 0,desktop,shop.googlemerchandisestore.com,referral,(referral),Qatar,2,2,100.0
2020-11-01,2020-11,0,Week 0,desktop,shop.googlemerchandisestore.com,referral,(referral),Dominican Republic,3,3,100.0
2020-11-01,2020-11,0,Week 0,desktop,shop.googlemerchandisestore.com,referral,(referral),Cambodia,1,1,100.0
2020-11-01,2020-11,0,Week 0,mobile,shop.googlemerchandisestore.com,referral,(referral),Chile,2,2,100.0
2020-11-01,2020-11,0,Week 0,mobile,shop.googlemerchandisestore.com,referral,(referral),Ireland,4,4,100.0
2020-11-01,2020-11,0,Week 0,desktop,<Other>,referral,(referral),India,391,391,100.0
2020-11-01,2020-11,0,Week 0,desktop,shop.googlemerchandisestore.com,referral,(referral),Palestine,1,1,100.0
2020-11-01,2020-11,0,Week 0,mobile,<Other>,referral,(referral),Ukraine,6,6,100.0
2020-11-01,2020-11,0,Week 0,desktop,<Other>,referral,(referral),Ireland,15,15,100.0
2020-11-01,2020-11,0,Week 0,mobile,<Other>,referral,(referral),Singapore,47,47,100.0
2020-11-01,2020-11,0,Week 0,mobile,<Other>,referral,(referral),Paraguay,1,1,100.0
2020-11-01,2020-11,0,Week 0,desktop,shop.googlemerchandisestore.com,referral,(referral),Paraguay,1,1,100.0
2020-11-01,2020-11,0,Week 0,mobile,<Other>,referral,(referral),Georgia,3,3,100.0
2020-11-01,2020-11,0,Week 0,tablet,shop.googlemerchandisestore.com,referral,(referral),Taiwan,4,4,100.0
2020-11-01,2020-11,0,Week 0,desktop,shop.googlemerchandisestore.com,referral,(referral),Thailand,11,11,100.0
2020-11-01,2020-11,0,Week 0,desktop,<Other>,referral,(referral),Bahrain,1,1,100.0
2020-11-01,2020-11,0,Week 0,desktop,shop.googlemerchandisestore.com,referral,(referral),Lithuania,4,4,100.0
2020-11-01,2020-11,0,Week 0,desktop,shop.googlemerchandisestore.com,referral,(referral),Belgium,15,15,100.0
2020-11-01,2020-11,0,Week 0,desktop,shop.googlemerchandisestore.com,referral,(referral),Israel,16,16,100.0
2020-11-01,2020-11,0,Week 0,desktop,<Other>,referral,(referral),Pakistan,22,22,100.0
2020-11-01,2020-11,0,Week 0,desktop,<Other>,referral,(referral),Hong Kong,25,25,100.0
2020-11-01,2020-11,0,Week 0,desktop,<Other>,referral,(referral),Italy,49,49,100.0
2020-11-01,2020-11,8,Week 8,mobile,shop.googlemerchandisestore.com,referral,(referral),El Salvador,1,1,100.0
2020-11-01,2020-11,0,Week 0,tablet,shop.googlemerchandisestore.com,referral,(referral),India,16,16,100.0
2020-11-01,2020-11,0,Week 0,mobile,shop.googlemerchandisestore.com,referral,(referral),El Salvador,1,1,100.0
2020-11-01,2020-11,0,Week 0,desktop,<Other>,referral,(referral),Slovakia,5,5,100.0
2020-11-01,2020-11,0,Week 0,desktop,<Other>,referral,(referral),Croatia,7,7,100.0
2020-11-01,2020-11,0,Week 0,desktop,shop.googlemerchandisestore.com,referral,(referral),Colombia,10,10,100.0
2020-11-01,2020-11,0,Week 0,tablet,<Other>,referral,(referral),United States,70,70,100.0
2020-11-01,2020-11,0,Week 0,mobile,shop.googlemerchandisestore.com,referral,(referral),Qatar,1,1,100.0
2020-11-01,2020-11,0,Week 0,desktop,<Other>,referral,(referral),Malta,2,2,100.0
2020-11-01,2020-11,0,Week 0,mobile,<Other>,referral,(referral),New Zealand,2,2,100.0
2020-11-01,2020-11,0,Week 0,desktop,<Other>,referral,(referral),Myanmar (Burma),2,2,100.0
2020-11-01,2020-11,0,Week 0,desktop,shop.googlemerchandisestore.com,referral,(referral),Japan,34,34,100.0
2020-11-01,2020-11,0,Week 0,mobile,<Other>,referral,(referral),Guatemala,1,1,100.0
2020-11-01,2020-11,0,Week 0,mobile,shop.googlemerchandisestore.com,referral,(referral),Algeria,1,1,100.0
2020-11-01,2020-11,0,Week 0,mobile,<Other>,referral,(referral),Bangladesh,6,6,100.0
2020-11-01,2020-11,0,Week 0,mobile,shop.googlemerchandisestore.com,referral,(referral),Ukraine,7,7,100.0
2020-11-01,2020-11,0,Week 0,tablet,shop.googlemerchandisestore.com,referral,(referral),Turkey,1,1,100.0
2020-11-01,2020-11,0,Week 0,tablet,shop.googlemerchandisestore.com,referral,(referral),Indonesia,1,1,100.0
2020-11-01,2020-11,0,Week 0,desktop,shop.googlemerchandisestore.com,referral,(referral),Estonia,1,1,100.0
2020-11-01,2020-11,0,Week 0,mobile,<Other>,referral,(referral),Israel,13,13,100.0
2020-11-01,2020-11,0,Week 0,mobile,<Other>,referral,(referral),Venezuela,1,1,100.0
2020-11-01,2020-11,1,Week 1,tablet,shop.googlemerchandisestore.com,referral,(referral),Switzerland,1,1,100.0
2020-11-01,2020-11,0,Week 0,mobile,shop.googlemerchandisestore.com,referral,(referral),Austria,4,4,100.0
2020-11-01,2020-11,0,Week 0,mobile,shop.googlemerchandisestore.com,referral,(referral),Greece,7,7,100.0
2020-11-01,2020-11,0,Week 0,mobile,<Other>,referral,(referral),Colombia,13,13,100.0
2020-11-01,2020-11,0,Week 0,desktop,<Other>,referral,(referral),Colombia,21,21,100.0
2020-11-01,2020-11,0,Week 0,desktop,<Other>,referral,(referral),Vietnam,22,22,100.0
2020-11-01,2020-11,0,Week 0,mobile,shop.googlemerchandisestore.com,referral,(referral),France,40,40,100.0
2020-11-01,2020-11,0,Week 0,mobile,<Other>,referral,(referral),Panama,1,1,100.0
2020-11-01,2020-11,0,Week 0,desktop,<Other>,referral,(referral),Panama,1,1,100.0
2020-11-01,2020-11,0,Week 0,desktop,<Other>,referral,(referral),Honduras,2,2,100.0
2020-11-01,2020-11,0,Week 0,mobile,shop.googlemerchandisestore.com,referral,(referral),Netherlands,24,24,100.0
2020-11-01,2020-11,0,Week 0,mobile,shop.googlemerchandisestore.com,referral,(referral),Nepal,1,1,100.0
2020-11-01,2020-11,0,Week 0,mobile,<Other>,referral,(referral),Switzerland,13,13,100.0
2020-11-01,2020-11,0,Week 0,desktop,shop.googlemerchandisestore.com,referral,(referral),Poland,24,24,100.0
2020-11-01,2020-11,2,Week 2,mobile,shop.googlemerchandisestore.com,referral,(referral),El Salvador,1,1,100.0
2020-11-01,2020-11,0,Week 0,mobile,shop.googlemerchandisestore.com,referral,(referral),Georgia,2,2,100.0
2020-11-01,2020-11,0,Week 0,desktop,shop.googlemerchandisestore.com,referral,(referral),Serbia,3,3,100.0
2020-11-01,2020-11,0,Week 0,mobile,<Other>,referral,(referral),Slovakia,3,3,100.0
2020-11-01,2020-11,0,Week 0,mobile,shop.googlemerchandisestore.com,referral,(referral),Norway,3,3,100.0
2020-11-01,2020-11,0,Week 0,tablet,<Other>,referral,(referral),South Korea,5,5,100.0
2020-11-01,2020-11,4,Week 4,tablet,shop.googlemerchandisestore.com,referral,(referral),China,1,1,100.0
2020-11-01,2020-11,0,Week 0,mobile,<Other>,referral,(referral),Poland,32,32,100.0
2020-11-01,2020-11,0,Week 0,mobile,<Other>,referral,(referral),France,57,57,100.0
2020-11-01,2020-11,0,Week 0,desktop,shop.googlemerchandisestore.com,referral,(referral),Myanmar (Burma),1,1,100.0
2020-11-01,2020-11,10,Week 10,mobile,<Other>,referral,(referral),Iceland,1,1,100.0
2020-11-01,2020-11,0,Week 0,desktop,<Other>,referral,(referral),Cambodia,3,3,100.0
2020-11-01,2020-11,0,Week 0,desktop,<Other>,referral,(referral),Egypt,9,9,100.0
2020-11-01,2020-11,0,Week 0,desktop,shop.googlemerchandisestore.com,referral,(referral),Saudi Arabia,10,10,100.0
2020-11-01,2020-11,0,Week 0,tablet,<Other>,referral,(referral),United Kingdom,13,13,100.0
2020-11-01,2020-11,0,Week 0,desktop,shop.googlemerchandisestore.com,referral,(referral),Slovakia,7,7,100.0
2020-11-01,2020-11,0,Week 0,desktop,shop.googlemerchandisestore.com,referral,(referral),Ukraine,10,10,100.0
2020-11-01,2020-11,0,Week 0,desktop,<Other>,referral,(referral),Switzerland,21,21,100.0
2020-11-01,2020-11,0,Week 0,tablet,shop.googlemerchandisestore.com,referral,(referral),Finland,1,1,100.0
2020-11-01,2020-11,0,Week 0,tablet,shop.googlemerchandisestore.com,referral,(referral),Italy,1,1,100.0
2020-11-01,2020-11,0,Week 0,mobile,<Other>,referral,(referral),Lebanon,1,1,100.0
2020-11-01,2020-11,0,Week 0,desktop,<Other>,referral,(referral),Iceland,2,2,100.0
2020-11-01,2020-11,0,Week 0,desktop,shop.googlemerchandisestore.com,referral,(referral),South Korea,24,24,100.0
2020-11-01,2020-11,0,Week 0,desktop,<Other>,referral,(referral),Taiwan,64,64,100.0
2020-11-01,2020-11,0,Week 0,tablet,shop.googlemerchandisestore.com,referral,(referral),Vietnam,1,1,100.0
2020-11-01,2020-11,0,Week 0,tablet,shop.googlemerchandisestore.com,referral,(referral),Colombia,2,2,100.0
2020-11-01,2020-11,0,Week 0,mobile,<Other>,referral,(referral),Kenya,3,3,100.0
2020-11-01,2020-11,0,Week 0,mobile,<Other>,referral,(referral),Pakistan,10,10,100.0
2020-11-01,2020-11,0,Week 0,desktop,<Other>,referral,(referral),Poland,39,39,100.0
2020-11-01,2020-11,0,Week 0,desktop,shop.googlemerchandisestore.com,referral,(referral),Panama,1,1,100.0
2020-11-01,2020-11,0,Week 0,tablet,shop.googlemerchandisestore.com,referral,(referral),Iceland,1,1,100.0
2020-11-01,2020-11,0,Week 0,mobile,shop.googlemerchandisestore.com,referral,(referral),Ecuador,6,6,100.0
2020-11-01,2020-11,0,Week 0,tablet,shop.googlemerchandisestore.com,referral,(referral),Canada,8,8,100.0
2020-11-01,2020-11,0,Week 0,desktop,shop.googlemerchandisestore.com,referral,(referral),Australia,35,35,100.0
2020-11-01,2020-11,0,Week 0,tablet,shop.googlemerchandisestore.com,referral,(referral),New Zealand,1,1,100.0
2020-11-01,2020-11,0,Week 0,mobile,shop.googlemerchandisestore.com,referral,(referral),Hungary,5,5,100.0
2020-11-01,2020-11,0,Week 0,desktop,<Other>,referral,(referral),Saudi Arabia,7,7,100.0
2020-11-01,2020-11,0,Week 0,desktop,<Other>,referral,(referral),Romania,9,9,100.0
2020-11-01,2020-11,0,Week 0,mobile,<Other>,referral,(referral),Philippines,14,14,100.0
2020-11-01,2020-11,0,Week 0,mobile,<Other>,referral,(referral),Turkey,38,38,100.0
2020-11-01,2020-11,0,Week 0,mobile,<Other>,referral,(referral),Iceland,1,1,100.0
2020-11-01,2020-11,0,Week 0,mobile,shop.googlemerchandisestore.com,referral,(referral),Hong Kong,7,7,100.0
2020-11-01,2020-11,0,Week 0,tablet,<Other>,referral,(referral),Greece,1,1,100.0
2020-11-01,2020-11,0,Week 0,desktop,shop.googlemerchandisestore.com,referral,(referral),Azerbaijan,2,2,100.0
2020-11-01,2020-11,0,Week 0,desktop,<Other>,referral,(referral),Estonia,2,2,100.0
2020-11-01,2020-11,0,Week 0,desktop,<Other>,referral,(referral),Luxembourg,3,3,100.0
2020-11-01,2020-11,0,Week 0,desktop,shop.googlemerchandisestore.com,referral,(referral),Chile,3,3,100.0
2020-11-01,2020-11,0,Week 0,desktop,shop.googlemerchandisestore.com,referral,(referral),Switzerland,22,22,100.0
2020-11-01,2020-11,0,Week 0,desktop,<Other>,referral,(referral),Philippines,26,26,100.0
2020-11-01,2020-11,0,Week 0,mobile,<Other>,referral,(referral),Taiwan,37,37,100.0
2020-11-01,2020-11,0,Week 0,desktop,<Other>,referral,(referral),Netherlands,39,39,100.0
2020-11-01,2020-11,0,Week 0,desktop,<Other>,referral,(referral),Bahamas,1,1,100.0
2020-11-01,2020-11,0,Week 0,desktop,<Other>,referral,(referral),North Macedonia,2,2,100.0
2020-11-01,2020-11,0,Week 0,mobile,<Other>,referral,(referral),Latvia,4,4,100.0
2020-11-01,2020-11,0,Week 0,desktop,shop.googlemerchandisestore.com,referral,(referral),Nigeria,5,5,100.0
2020-11-01,2020-11,0,Week 0,mobile,shop.googlemerchandisestore.com,referral,(referral),Sweden,15,15,100.0
2020-11-01,2020-11,0,Week 0,mobile,<Other>,referral,(referral),Ireland,17,17,100.0
2020-11-01,2020-11,0,Week 0,desktop,shop.googlemerchandisestore.com,referral,(referral),Brazil,26,26,100.0
2020-11-01,2020-11,0,Week 0,desktop,<Other>,referral,(referral),Peru,26,26,100.0
2020-11-01,2020-11,0,Week 0,mobile,(data deleted),referral,(referral),United States,1,1,100.0
2020-11-01,2020-11,3,Week 3,desktop,<Other>,referral,(referral),Venezuela,1,1,100.0
2020-11-01,2020-11,0,Week 0,tablet,<Other>,referral,(referral),Norway,1,1,100.0
2020-11-01,2020-11,0,Week 0,mobile,shop.googlemerchandisestore.com,referral,(referral),Azerbaijan,2,2,100.0
2020-11-01,2020-11,0,Week 0,mobile,<Other>,referral,(referral),Jordan,2,2,100.0
2020-11-01,2020-11,0,Week 0,mobile,<Other>,referral,(referral),Brazil,35,35,100.0
2020-11-01,2020-11,0,Week 0,desktop,<Other>,referral,(referral),Turkey,46,46,100.0
2020-11-01,2020-11,0,Week 0,mobile,shop.googlemerchandisestore.com,referral,(referral),Iceland,1,1,100.0
2020-11-01,2020-11,0,Week 0,desktop,shop.googlemerchandisestore.com,referral,(referral),Denmark,16,16,100.0
2020-11-01,2020-11,0,Week 0,mobile,shop.googlemerchandisestore.com,referral,(referral),Mexico,18,18,100.0
2020-11-01,2020-11,0,Week 0,mobile,<Other>,referral,(referral),Russia,24,24,100.0
2020-11-01,2020-11,0,Week 0,mobile,shop.googlemerchandisestore.com,referral,(referral),Singapore,28,28,100.0
2020-11-01,2020-11,0,Week 0,desktop,<Other>,referral,(referral),Russia,38,38,100.0
2020-11-01,2020-11,0,Week 0,mobile,shop.googlemerchandisestore.com,referral,(referral),Slovakia,1,1,100.0
2020-11-01,2020-11,0,Week 0,mobile,<Other>,referral,(referral),Bolivia,1,1,100.0
2020-11-01,2020-11,0,Week 0,desktop,shop.googlemerchandisestore.com,referral,(referral),New Zealand,4,4,100.0
2020-11-01,2020-11,0,Week 0,mobile,shop.googlemerchandisestore.com,referral,(referral),Denmark,8,8,100.0
2020-11-01,2020-11,0,Week 0,desktop,shop.googlemerchandisestore.com,referral,(referral),China,53,53,100.0
2020-11-01,2020-11,0,Week 0,desktop,<Other>,referral,(referral),Nepal,1,1,100.0
2020-11-01,2020-11,0,Week 0,mobile,<Other>,referral,(referral),Czechia,6,6,100.0
2020-11-01,2020-11,0,Week 0,desktop,shop.googlemerchandisestore.com,referral,(referral),Russia,15,15,100.0
2020-11-01,2020-11,0,Week 0,desktop,shop.googlemerchandisestore.com,referral,(referral),Singapore,32,32,100.0
2020-11-01,2020-11,0,Week 0,mobile,shop.googlemerchandisestore.com,referral,(referral),Saudi Arabia,5,5,100.0
2020-11-01,2020-11,0,Week 0,mobile,<Other>,referral,(referral),Croatia,5,5,100.0
2020-11-01,2020-11,0,Week 0,mobile,<Other>,referral,(referral),Egypt,6,6,100.0
2020-11-01,2020-11,0,Week 0,desktop,shop.googlemerchandisestore.com,referral,(referral),Portugal,12,12,100.0
2020-11-01,2020-11,0,Week 0,mobile,shop.googlemerchandisestore.com,referral,(referral),Brazil,13,13,100.0
2020-11-01,2020-11,0,Week 0,mobile,shop.googlemerchandisestore.com,referral,(referral),(not set),14,14,100.0
2021-01-01,2021-01,0,Week 0,mobile,(data deleted),(data deleted),(data deleted),Brazil,1,1,100.0
2021-01-01,2021-01,0,Week 0,tablet,(data deleted),(data deleted),(data deleted),Taiwan,1,1,100.0
2021-01-01,2021-01,0,Week 0,desktop,(data deleted),(data deleted),(data deleted),Venezuela,1,1,100.0
2021-01-01,2021-01,0,Week 0,mobile,(data deleted),(data deleted),(data deleted),Morocco,1,1,100.0
2021-01-01,2021-01,0,Week 0,mobile,(data deleted),(data deleted),(data deleted),Belgium,1,1,100.0
2021-01-01,2021-01,0,Week 0,tablet,(data deleted),(data deleted),(data deleted),Austria,1,1,100.0
2021-01-01,2021-01,0,Week 0,desktop,(data deleted),(data deleted),(data deleted),Lebanon,1,1,100.0
2021-01-01,2021-01,0,Week 0,mobile,(data deleted),(data deleted),(data deleted),Peru,1,1,100.0
2021-01-01,2021-01,0,Week 0,desktop,(data deleted),(data deleted),(data deleted),Lithuania,1,1,100.0
2021-01-01,2021-01,0,Week 0,mobile,(data deleted),(data deleted),<Other>,Australia,1,1,100.0
2021-01-01,2021-01,0,Week 0,desktop,(data deleted),(data deleted),(data deleted),Thailand,1,1,100.0
2021-01-01,2021-01,0,Week 0,mobile,(data deleted),(data deleted),(data deleted),Chile,1,1,100.0
2021-01-01,2021-01,0,Week 0,desktop,(data deleted),(data deleted),(data deleted),New Zealand,1,1,100.0
2021-01-01,2021-01,0,Week 0,desktop,(data deleted),(data deleted),(data deleted),Croatia,1,1,100.0
2021-01-01,2021-01,0,Week 0,desktop,(data deleted),(data deleted),(data deleted),Romania,1,1,100.0
2021-01-01,2021-01,0,Week 0,mobile,(data deleted),(data deleted),(data deleted),Russia,1,1,100.0
2021-01-01,2021-01,0,Week 0,desktop,<Other>,(data deleted),(data deleted),India,1,1,100.0
2021-01-01,2021-01,0,Week 0,mobile,(data deleted),(data deleted),<Other>,Canada,1,1,100.0
2021-01-01,2021-01,0,Week 0,desktop,(data deleted),(data deleted),(data deleted),Malaysia,1,1,100.0
2021-01-01,2021-01,0,Week 0,tablet,(data deleted),(data deleted),(data deleted),Spain,1,1,100.0
2021-01-01,2021-01,0,Week 0,mobile,(data deleted),(data deleted),(data deleted),Philippines,1,1,100.0
2021-01-01,2021-01,0,Week 0,mobile,(data deleted),(data deleted),<Other>,India,1,1,100.0
2021-01-01,2021-01,0,Week 0,desktop,(data deleted),(data deleted),<Other>,United States,1,1,100.0
2021-01-01,2021-01,0,Week 0,desktop,(data deleted),(data deleted),(data deleted),Portugal,1,1,100.0
2021-01-01,2021-01,0,Week 0,desktop,(data deleted),(data deleted),(data deleted),Austria,1,1,100.0
2021-01-01,2021-01,0,Week 0,desktop,(data deleted),(data deleted),(data deleted),Norway,1,1,100.0
2021-01-01,2021-01,0,Week 0,desktop,(data deleted),(data deleted),(data deleted),Peru,1,1,100.0
2021-01-01,2021-01,0,Week 0,desktop,(data deleted),(data deleted),(data deleted),Ukraine,1,1,100.0
2021-01-01,2021-01,0,Week 0,mobile,(data deleted),(data deleted),(data deleted),Vietnam,1,1,100.0
2021-01-01,2021-01,0,Week 0,desktop,(data deleted),(data deleted),(data deleted),Iraq,1,1,100.0
2021-01-01,2021-01,0,Week 0,desktop,<Other>,(data deleted),(data deleted),Canada,1,1,100.0
2021-01-01,2021-01,0,Week 0,mobile,(data deleted),(data deleted),(data deleted),Bangladesh,1,1,100.0
2021-01-01,2021-01,0,Week 0,mobile,(data deleted),(data deleted),(data deleted),Belarus,1,1,100.0
2021-01-01,2021-01,0,Week 0,desktop,(data deleted),(data deleted),<Other>,Singapore,1,1,100.0
2021-01-01,2021-01,0,Week 0,mobile,<Other>,(data deleted),(data deleted),Italy,1,1,100.0
2021-01-01,2021-01,0,Week 0,mobile,(data deleted),(data deleted),(data deleted),Switzerland,1,1,100.0
2021-01-01,2021-01,0,Week 0,mobile,(data deleted),(data deleted),(data deleted),Germany,1,1,100.0
2021-01-01,2021-01,0,Week 0,mobile,(data deleted),(data deleted),(data deleted),New Zealand,1,1,100.0
2021-01-01,2021-01,0,Week 0,desktop,(data deleted),(data deleted),(data deleted),Mexico,1,1,100.0
2021-01-01,2021-01,0,Week 0,tablet,(data deleted),(data deleted),(data deleted),India,1,1,100.0
2021-01-01,2021-01,0,Week 0,desktop,(data deleted),(data deleted),<Other>,Canada,1,1,100.0
2021-01-01,2021-01,0,Week 0,mobile,(data deleted),(data deleted),<Other>,Japan,1,1,100.0
2021-01-01,2021-01,0,Week 0,desktop,(data deleted),(data deleted),(data deleted),Brazil,1,1,100.0
2021-01-01,2021-01,0,Week 0,mobile,(data deleted),(data deleted),(data deleted),United Arab Emirates,1,1,100.0
2021-01-01,2021-01,0,Week 0,mobile,(data deleted),(data deleted),(data deleted),Pakistan,1,1,100.0
2021-01-01,2021-01,0,Week 0,desktop,<Other>,(data deleted),(data deleted),United Kingdom,1,1,100.0
2021-01-01,2021-01,0,Week 0,desktop,(data deleted),(data deleted),(data deleted),Bulgaria,1,1,100.0
2021-01-01,2021-01,0,Week 0,desktop,(data deleted),(data deleted),(data deleted),Belgium,1,1,100.0
2021-01-01,2021-01,0,Week 0,mobile,(data deleted),(data deleted),(data deleted),Netherlands,1,1,100.0
2021-01-01,2021-01,0,Week 0,desktop,<Other>,(data deleted),(data deleted),Denmark,1,1,100.0
2021-01-01,2021-01,0,Week 0,desktop,(data deleted),(data deleted),(data deleted),Poland,1,1,100.0
2021-01-01,2021-01,0,Week 0,mobile,(data deleted),(data deleted),(data deleted),Greece,1,1,100.0
2021-01-01,2021-01,0,Week 0,mobile,(data deleted),(data deleted),(data deleted),Cambodia,1,1,100.0
2021-01-01,2021-01,0,Week 0,desktop,(direct),(none),(direct),Macao,1,1,100.0
2021-01-01,2021-01,0,Week 0,desktop,(direct),(none),(direct),Ghana,1,1,100.0
2021-01-01,2021-01,0,Week 0,tablet,(direct),(none),(direct),Saudi Arabia,1,1,100.0
2021-01-01,2021-01,0,Week 0,tablet,(direct),(none),(direct),Slovenia,1,1,100.0
2021-01-01,2021-01,0,Week 0,mobile,(direct),(none),(direct),North Macedonia,1,1,100.0
2021-01-01,2021-01,0,Week 0,tablet,(direct),(none),(direct),Puerto Rico,1,1,100.0
2021-01-01,2021-01,0,Week 0,tablet,(direct),(none),(direct),Nepal,1,1,100.0
2021-01-01,2021-01,0,Week 0,tablet,(direct),(none),(direct),Uruguay,1,1,100.0
2021-01-01,2021-01,0,Week 0,mobile,(direct),(none),(direct),Palestine,1,1,100.0
2021-01-01,2021-01,0,Week 0,desktop,(direct),(none),(direct),Bosnia & Herzegovina,1,1,100.0
2021-01-01,2021-01,0,Week 0,mobile,(direct),(none),(direct),Guatemala,1,1,100.0
2021-01-01,2021-01,0,Week 0,tablet,(direct),(none),(direct),Pakistan,1,1,100.0
2021-01-01,2021-01,0,Week 0,tablet,(direct),(none),(direct),Kenya,1,1,100.0
2021-01-01,2021-01,1,Week 1,tablet,(direct),(none),(direct),Hungary,1,1,100.0
2021-01-01,2021-01,0,Week 0,desktop,(direct),(none),(direct),Bahamas,1,1,100.0
2021-01-01,2021-01,0,Week 0,tablet,(direct),(none),(direct),Bolivia,1,1,100.0
2021-01-01,2021-01,0,Week 0,tablet,(direct),(none),(direct),Thailand,1,1,100.0
2021-01-01,2021-01,0,Week 0,tablet,(direct),(none),(direct),New Zealand,1,1,100.0
2021-01-01,2021-01,0,Week 0,tablet,(direct),(none),(direct),Vietnam,1,1,100.0
2021-01-01,2021-01,0,Week 0,tablet,(direct),(none),(direct),Norway,1,1,100.0
2021-01-01,2021-01,0,Week 0,mobile,(direct),(none),(direct),Latvia,1,1,100.0
2021-01-01,2021-01,0,Week 0,tablet,(direct),(none),(direct),Hungary,1,1,100.0
2021-01-01,2021-01,0,Week 0,mobile,(direct),(none),(direct),Georgia,1,1,100.0
2021-01-01,2021-01,0,Week 0,mobile,(direct),(none),(direct),Macao,1,1,100.0
2021-01-01,2021-01,0,Week 0,tablet,(direct),(none),(direct),Denmark,1,1,100.0
2021-01-01,2021-01,0,Week 0,tablet,(direct),(none),(direct),Nigeria,1,1,100.0
2021-01-01,2021-01,0,Week 0,tablet,(direct),(none),(direct),United Arab Emirates,1,1,100.0
2021-01-01,2021-01,0,Week 0,mobile,<Other>,<Other>,<Other>,Malta,1,1,100.0
2021-01-01,2021-01,0,Week 0,mobile,<Other>,<Other>,<Other>,Armenia,1,1,100.0
2021-01-01,2021-01,0,Week 0,desktop,<Other>,<Other>,<Other>,Palestine,1,1,100.0
2021-01-01,2021-01,0,Week 0,tablet,<Other>,<Other>,<Other>,Iraq,1,1,100.0
2021-01-01,2021-01,0,Week 0,mobile,<Other>,<Other>,<Other>,Ghana,1,1,100.0
2021-01-01,2021-01,0,Week 0,tablet,<Other>,<Other>,<Other>,Slovakia,1,1,100.0
2021-01-01,2021-01,0,Week 0,desktop,<Other>,<Other>,<Other>,Belarus,1,1,100.0
2021-01-01,2021-01,0,Week 0,tablet,<Other>,<Other>,<Other>,Saudi Arabia,1,1,100.0
2021-01-01,2021-01,0,Week 0,tablet,<Other>,<Other>,<Other>,Slovenia,1,1,100.0
2021-01-01,2021-01,0,Week 0,tablet,<Other>,<Other>,<Other>,Turkey,1,1,100.0
2021-01-01,2021-01,0,Week 0,mobile,<Other>,<Other>,<Other>,Palestine,1,1,100.0
2021-01-01,2021-01,0,Week 0,tablet,<Other>,<Other>,<Other>,Morocco,1,1,100.0
2021-01-01,2021-01,0,Week 0,mobile,<Other>,<Other>,<Other>,Albania,1,1,100.0
2021-01-01,2021-01,0,Week 0,tablet,<Other>,<Other>,<Other>,Ecuador,1,1,100.0
2021-01-01,2021-01,0,Week 0,desktop,<Other>,<Other>,<Other>,Guatemala,1,1,100.0
2021-01-01,2021-01,0,Week 0,mobile,<Other>,<Other>,<Other>,Azerbaijan,1,1,100.0
2021-01-01,2021-01,0,Week 0,mobile,<Other>,<Other>,<Other>,Myanmar (Burma),1,1,100.0
2021-01-01,2021-01,0,Week 0,mobile,<Other>,<Other>,<Other>,Kosovo,1,1,100.0
2021-01-01,2021-01,0,Week 0,tablet,<Other>,<Other>,<Other>,Portugal,1,1,100.0
2021-01-01,2021-01,1,Week 1,desktop,<Other>,<Other>,<Other>,Guatemala,1,1,100.0
2021-01-01,2021-01,0,Week 0,desktop,<Other>,<Other>,<Other>,Luxembourg,1,1,100.0
2021-01-01,2021-01,0,Week 0,tablet,<Other>,<Other>,<Other>,Israel,1,1,100.0
2021-01-01,2021-01,0,Week 0,tablet,<Other>,<Other>,<Other>,Hong Kong,1,1,100.0
2021-01-01,2021-01,0,Week 0,tablet,<Other>,<Other>,<Other>,Sri Lanka,1,1,100.0
2021-01-01,2021-01,0,Week 0,tablet,<Other>,<Other>,<Other>,Greece,1,1,100.0
2021-01-01,2021-01,0,Week 0,tablet,<Other>,<Other>,<Other>,Argentina,1,1,100.0
2021-01-01,2021-01,0,Week 0,mobile,<Other>,<Other>,<Other>,Georgia,1,1,100.0
2021-01-01,2021-01,0,Week 0,tablet,<Other>,<Other>,<Other>,Finland,1,1,100.0
2021-01-01,2021-01,0,Week 0,tablet,<Other>,<Other>,<Other>,Ireland,1,1,100.0
2021-01-01,2021-01,0,Week 0,tablet,<Other>,<Other>,<Other>,Norway,1,1,100.0
2021-01-01,2021-01,0,Week 0,desktop,<Other>,<Other>,<Other>,Kosovo,1,1,100.0
2021-01-01,2021-01,0,Week 0,mobile,<Other>,<Other>,<Other>,Macao,1,1,100.0
2021-01-01,2021-01,0,Week 0,tablet,<Other>,<Other>,<Other>,Mongolia,1,1,100.0
2021-01-01,2021-01,0,Week 0,desktop,<Other>,<Other>,<Other>,Albania,1,1,100.0
2021-01-01,2021-01,0,Week 0,desktop,<Other>,<Other>,<Other>,Jamaica,1,1,100.0
2021-01-01,2021-01,0,Week 0,tablet,<Other>,<Other>,<Other>,Iceland,1,1,100.0
2021-01-01,2021-01,0,Week 0,desktop,<Other>,<Other>,<Other>,Bosnia & Herzegovina,1,1,100.0
2021-01-01,2021-01,0,Week 0,tablet,<Other>,<Other>,<Other>,Mexico,1,1,100.0
2021-01-01,2021-01,0,Week 0,tablet,<Other>,<Other>,<Other>,Czechia,1,1,100.0
2021-01-01,2021-01,0,Week 0,mobile,<Other>,<Other>,<Other>,Luxembourg,1,1,100.0
2021-01-01,2021-01,0,Week 0,tablet,<Other>,<Other>,<Other>,Ukraine,1,1,100.0
2021-01-01,2021-01,0,Week 0,tablet,<Other>,<Other>,<Other>,Romania,1,1,100.0
2021-01-01,2021-01,0,Week 0,mobile,<Other>,<Other>,<Other>,Oman,1,1,100.0
2021-01-01,2021-01,0,Week 0,desktop,<Other>,<Other>,<Other>,Panama,1,1,100.0
2021-01-01,2021-01,0,Week 0,desktop,<Other>,<Other>,<Other>,Oman,1,1,100.0
2021-01-01,2021-01,0,Week 0,tablet,<Other>,<Other>,<Other>,Belgium,1,1,100.0
2021-01-01,2021-01,0,Week 0,mobile,google,cpc,<Other>,North Macedonia,1,1,100.0
2021-01-01,2021-01,0,Week 0,mobile,google,cpc,<Other>,Jordan,1,1,100.0
2021-01-01,2021-01,0,Week 0,mobile,google,cpc,<Other>,Kenya,1,1,100.0
2021-01-01,2021-01,0,Week 0,desktop,google,cpc,<Other>,Qatar,1,1,100.0
2021-01-01,2021-01,0,Week 0,tablet,google,cpc,<Other>,Netherlands,1,1,100.0
2021-01-01,2021-01,0,Week 0,desktop,google,cpc,<Other>,Trinidad & Tobago,1,1,100.0
2021-01-01,2021-01,0,Week 0,tablet,google,cpc,<Other>,Malaysia,1,1,100.0
2021-01-01,2021-01,0,Week 0,tablet,google,cpc,<Other>,Austria,1,1,100.0
2021-01-01,2021-01,0,Week 0,desktop,google,cpc,<Other>,Azerbaijan,1,1,100.0
2021-01-01,2021-01,0,Week 0,tablet,google,cpc,<Other>,Singapore,1,1,100.0
2021-01-01,2021-01,0,Week 0,mobile,google,cpc,<Other>,Kosovo,1,1,100.0
2021-01-01,2021-01,0,Week 0,mobile,google,cpc,<Other>,El Salvador,1,1,100.0
2021-01-01,2021-01,0,Week 0,mobile,google,cpc,<Other>,Palestine,1,1,100.0
2021-01-01,2021-01,0,Week 0,desktop,google,cpc,<Other>,Kosovo,1,1,100.0
2021-01-01,2021-01,0,Week 0,desktop,google,cpc,<Other>,Croatia,1,1,100.0
2021-01-01,2021-01,0,Week 0,desktop,google,cpc,<Other>,Latvia,1,1,100.0
2021-01-01,2021-01,0,Week 0,mobile,google,cpc,<Other>,Malta,1,1,100.0
2021-01-01,2021-01,1,Week 1,mobile,google,cpc,<Other>,Palestine,1,1,100.0
2021-01-01,2021-01,0,Week 0,mobile,google,cpc,<Other>,Belarus,1,1,100.0
2021-01-01,2021-01,0,Week 0,mobile,google,cpc,<Other>,Georgia,1,1,100.0
2021-01-01,2021-01,0,Week 0,tablet,google,cpc,<Other>,Turkey,1,1,100.0
2021-01-01,2021-01,0,Week 0,desktop,google,cpc,<Other>,Bahrain,1,1,100.0
2021-01-01,2021-01,0,Week 0,tablet,google,cpc,<Other>,Italy,1,1,100.0
2021-01-01,2021-01,0,Week 0,mobile,google,cpc,<Other>,Cambodia,1,1,100.0
2021-01-01,2021-01,0,Week 0,desktop,google,cpc,<Other>,Tunisia,1,1,100.0
2021-01-01,2021-01,0,Week 0,desktop,google,cpc,<Other>,Albania,1,1,100.0
2021-01-01,2021-01,0,Week 0,tablet,google,cpc,<Other>,Russia,1,1,100.0
2021-01-01,2021-01,0,Week 0,mobile,google,cpc,<Other>,Bahrain,1,1,100.0
2021-01-01,2021-01,0,Week 0,desktop,google,cpc,<Other>,Georgia,1,1,100.0
2021-01-01,2021-01,0,Week 0,mobile,google,cpc,<Other>,Kuwait,1,1,100.0
2021-01-01,2021-01,0,Week 0,desktop,google,cpc,<Other>,Costa Rica,1,1,100.0
2021-01-01,2021-01,0,Week 0,tablet,google,cpc,<Other>,Finland,1,1,100.0
2021-01-01,2021-01,0,Week 0,mobile,google,cpc,<Other>,Latvia,1,1,100.0
2021-01-01,2021-01,0,Week 0,tablet,google,cpc,<Other>,Vietnam,1,1,100.0
2021-01-01,2021-01,0,Week 0,mobile,google,cpc,<Other>,Slovenia,1,1,100.0
2021-01-01,2021-01,0,Week 0,mobile,google,cpc,<Other>,Kazakhstan,1,1,100.0
2021-01-01,2021-01,0,Week 0,tablet,google,cpc,<Other>,Sweden,1,1,100.0
2021-01-01,2021-01,0,Week 0,mobile,google,cpc,<Other>,Serbia,1,1,100.0
2021-01-01,2021-01,0,Week 0,tablet,google,cpc,<Other>,Switzerland,1,1,100.0
2021-01-01,2021-01,0,Week 0,mobile,google,cpc,<Other>,Hungary,1,1,100.0
2021-01-01,2021-01,1,Week 1,desktop,google,cpc,<Other>,Kosovo,1,1,100.0
2021-01-01,2021-01,0,Week 0,tablet,google,cpc,<Other>,Portugal,1,1,100.0
2021-01-01,2021-01,0,Week 0,tablet,google,cpc,<Other>,South Korea,1,1,100.0
2021-01-01,2021-01,0,Week 0,mobile,google,cpc,<Other>,Puerto Rico,1,1,100.0
2021-01-01,2021-01,0,Week 0,mobile,google,cpc,<Other>,Guatemala,1,1,100.0
2021-01-01,2021-01,0,Week 0,tablet,google,cpc,<Other>,Germany,1,1,100.0
2021-01-01,2021-01,0,Week 0,mobile,google,cpc,<Other>,Estonia,1,1,100.0
2021-01-01,2021-01,0,Week 0,tablet,google,cpc,<Other>,Myanmar (Burma),1,1,100.0
2021-01-01,2021-01,0,Week 0,tablet,google,cpc,<Other>,Israel,1,1,100.0
2021-01-01,2021-01,0,Week 0,desktop,<Other>,organic,(organic),Iceland,1,1,100.0
2021-01-01,2021-01,1,Week 1,mobile,<Other>,organic,(organic),Nepal,1,1,100.0
2021-01-01,2021-01,0,Week 0,desktop,<Other>,organic,(organic),Puerto Rico,1,1,100.0
2021-01-01,2021-01,0,Week 0,mobile,<Other>,organic,(organic),Latvia,1,1,100.0
2021-01-01,2021-01,0,Week 0,mobile,<Other>,organic,(organic),Serbia,1,1,100.0
2021-01-01,2021-01,0,Week 0,mobile,<Other>,organic,(organic),Morocco,1,1,100.0
2021-01-01,2021-01,1,Week 1,mobile,<Other>,organic,(organic),Guatemala,1,1,100.0
2021-01-01,2021-01,0,Week 0,desktop,google,organic,(organic),Trinidad & Tobago,1,1,100.0
2021-01-01,2021-01,0,Week 0,desktop,<Other>,organic,(organic),Myanmar (Burma),1,1,100.0
2021-01-01,2021-01,0,Week 0,tablet,google,organic,(organic),Lebanon,1,1,100.0
2021-01-01,2021-01,0,Week 0,desktop,<Other>,organic,(organic),Iraq,1,1,100.0
2021-01-01,2021-01,0,Week 0,tablet,google,organic,(organic),Nigeria,1,1,100.0
2021-01-01,2021-01,0,Week 0,tablet,google,organic,(organic),Ukraine,1,1,100.0
2021-01-01,2021-01,0,Week 0,desktop,google,organic,(organic),Mongolia,1,1,100.0
2021-01-01,2021-01,0,Week 0,tablet,google,organic,(organic),Nepal,1,1,100.0
2021-01-01,2021-01,0,Week 0,mobile,<Other>,organic,(organic),South Africa,1,1,100.0
2021-01-01,2021-01,0,Week 0,mobile,<Other>,organic,(organic),Palestine,1,1,100.0
2021-01-01,2021-01,0,Week 0,desktop,<Other>,organic,(organic),Ecuador,1,1,100.0
2021-01-01,2021-01,0,Week 0,desktop,<Other>,organic,(organic),Lithuania,1,1,100.0
2021-01-01,2021-01,0,Week 0,mobile,google,organic,(organic),Paraguay,1,1,100.0
2021-01-01,2021-01,0,Week 0,tablet,google,organic,(organic),Jordan,1,1,100.0
2021-01-01,2021-01,0,Week 0,desktop,<Other>,organic,(organic),Kuwait,1,1,100.0
2021-01-01,2021-01,0,Week 0,mobile,<Other>,organic,(organic),Hungary,1,1,100.0
2021-01-01,2021-01,0,Week 0,desktop,<Other>,organic,(organic),Belarus,1,1,100.0
2021-01-01,2021-01,0,Week 0,tablet,<Other>,organic,(organic),Pakistan,1,1,100.0
2021-01-01,2021-01,0,Week 0,mobile,<Other>,organic,(organic),Puerto Rico,1,1,100.0
2021-01-01,2021-01,0,Week 0,mobile,<Other>,organic,(organic),Lebanon,1,1,100.0
2021-01-01,2021-01,0,Week 0,desktop,<Other>,organic,(organic),Panama,1,1,100.0
2021-01-01,2021-01,0,Week 0,tablet,google,organic,(organic),Bahrain,1,1,100.0
2021-01-01,2021-01,0,Week 0,desktop,<Other>,organic,(organic),Kazakhstan,1,1,100.0
2021-01-01,2021-01,1,Week 1,mobile,<Other>,organic,(organic),Nigeria,1,1,100.0
2021-01-01,2021-01,0,Week 0,mobile,<Other>,organic,(organic),Norway,1,1,100.0
2021-01-01,2021-01,0,Week 0,mobile,<Other>,organic,(organic),Tunisia,1,1,100.0
2021-01-01,2021-01,0,Week 0,desktop,<Other>,organic,(organic),Georgia,1,1,100.0
2021-01-01,2021-01,0,Week 0,mobile,google,organic,(organic),Bahrain,1,1,100.0
2021-01-01,2021-01,0,Week 0,desktop,<Other>,organic,(organic),El Salvador,1,1,100.0
2021-01-01,2021-01,0,Week 0,mobile,<Other>,organic,(organic),Slovakia,1,1,100.0
2021-01-01,2021-01,0,Week 0,tablet,google,organic,(organic),New Zealand,1,1,100.0
2021-01-01,2021-01,0,Week 0,mobile,<Other>,organic,(organic),Guatemala,1,1,100.0
2021-01-01,2021-01,0,Week 0,mobile,<Other>,organic,(organic),North Macedonia,1,1,100.0
2021-01-01,2021-01,1,Week 1,tablet,google,organic,(organic),Lebanon,1,1,100.0
2021-01-01,2021-01,0,Week 0,mobile,<Other>,organic,(organic),Trinidad & Tobago,1,1,100.0
2021-01-01,2021-01,0,Week 0,desktop,<Other>,organic,(organic),Bahrain,1,1,100.0
2021-01-01,2021-01,0,Week 0,desktop,<Other>,organic,(organic),Lebanon,1,1,100.0
2021-01-01,2021-01,0,Week 0,tablet,<Other>,organic,(organic),Denmark,1,1,100.0
2021-01-01,2021-01,0,Week 0,tablet,google,organic,(organic),Saudi Arabia,1,1,100.0
2021-01-01,2021-01,2,Week 2,tablet,google,organic,(organic),Lebanon,1,1,100.0
2021-01-01,2021-01,0,Week 0,mobile,<Other>,organic,(organic),Jordan,1,1,100.0
2021-01-01,2021-01,0,Week 0,tablet,<Other>,organic,(organic),Taiwan,1,1,100.0
2021-01-01,2021-01,0,Week 0,tablet,<Other>,organic,(organic),Ukraine,1,1,100.0
2021-01-01,2021-01,0,Week 0,tablet,google,organic,(organic),Algeria,1,1,100.0
2021-01-01,2021-01,0,Week 0,tablet,google,organic,(organic),Cambodia,1,1,100.0
2021-01-01,2021-01,0,Week 0,desktop,<Other>,organic,(organic),Egypt,1,1,100.0
2021-01-01,2021-01,0,Week 0,mobile,<Other>,organic,(organic),Malta,1,1,100.0
2021-01-01,2021-01,0,Week 0,desktop,<Other>,organic,(organic),Macao,1,1,100.0
2021-01-01,2021-01,0,Week 0,desktop,<Other>,organic,(organic),Malta,1,1,100.0
2021-01-01,2021-01,0,Week 0,desktop,<Other>,organic,(organic),Austria,1,1,100.0
2021-01-01,2021-01,0,Week 0,mobile,google,organic,(organic),Armenia,1,1,100.0
2021-01-01,2021-01,0,Week 0,mobile,google,organic,(organic),Guatemala,1,1,100.0
2021-01-01,2021-01,0,Week 0,mobile,<Other>,organic,(organic),Qatar,1,1,100.0
2021-01-01,2021-01,0,Week 0,mobile,<Other>,organic,(organic),Bolivia,1,1,100.0
2021-01-01,2021-01,0,Week 0,tablet,<Other>,organic,(organic),Japan,1,1,100.0
2021-01-01,2021-01,0,Week 0,mobile,<Other>,organic,(organic),Croatia,1,1,100.0
2021-01-01,2021-01,0,Week 0,mobile,<Other>,organic,(organic),Nigeria,1,1,100.0
2021-01-01,2021-01,0,Week 0,mobile,<Other>,organic,(organic),Kuwait,1,1,100.0
2021-01-01,2021-01,0,Week 0,mobile,<Other>,organic,(organic),Lithuania,1,1,100.0
2021-01-01,2021-01,0,Week 0,tablet,<Other>,organic,(organic),France,1,1,100.0
2021-01-01,2021-01,0,Week 0,mobile,<Other>,organic,(organic),Nepal,1,1,100.0
2021-01-01,2021-01,0,Week 0,mobile,<Other>,organic,(organic),Kazakhstan,1,1,100.0
2021-01-01,2021-01,1,Week 1,mobile,<Other>,organic,(organic),Norway,1,1,100.0
2021-01-01,2021-01,0,Week 0,mobile,<Other>,organic,(organic),Mongolia,1,1,100.0
2021-01-01,2021-01,0,Week 0,desktop,<Other>,organic,(organic),Bahamas,1,1,100.0
2021-01-01,2021-01,0,Week 0,tablet,google,organic,(organic),Chile,1,1,100.0
2021-01-01,2021-01,0,Week 0,tablet,<Other>,organic,(organic),Mexico,1,1,100.0
2021-01-01,2021-01,0,Week 0,tablet,google,organic,(organic),Hungary,1,1,100.0
2021-01-01,2021-01,0,Week 0,mobile,<Other>,organic,(organic),Greece,1,1,100.0
2021-01-01,2021-01,0,Week 0,desktop,<Other>,organic,(organic),Azerbaijan,1,1,100.0
2021-01-01,2021-01,0,Week 0,mobile,<Other>,organic,(organic),Finland,1,1,100.0
2021-01-01,2021-01,0,Week 0,tablet,google,organic,(organic),Slovakia,1,1,100.0
2021-01-01,2021-01,0,Week 0,desktop,<Other>,organic,(organic),Palestine,1,1,100.0
2021-01-01,2021-01,0,Week 0,tablet,google,organic,(organic),Thailand,1,1,100.0
2021-01-01,2021-01,0,Week 0,mobile,<Other>,organic,(organic),Kenya,1,1,100.0
2021-01-01,2021-01,0,Week 0,tablet,<Other>,organic,(organic),Czechia,1,1,100.0
2021-01-01,2021-01,0,Week 0,desktop,<Other>,organic,(organic),Guatemala,1,1,100.0
2021-01-01,2021-01,0,Week 0,desktop,<Other>,organic,(organic),New Zealand,1,1,100.0
2021-01-01,2021-01,0,Week 0,desktop,<Other>,organic,(organic),Cambodia,1,1,100.0
2021-01-01,2021-01,0,Week 0,mobile,google,organic,(organic),Bolivia,1,1,100.0
2021-01-01,2021-01,0,Week 0,mobile,<Other>,organic,(organic),Cyprus,1,1,100.0
2021-01-01,2021-01,0,Week 0,tablet,<Other>,referral,(referral),Guatemala,1,1,100.0
2021-01-01,2021-01,0,Week 0,tablet,<Other>,referral,(referral),Nigeria,1,1,100.0
2021-01-01,2021-01,0,Week 0,desktop,shop.googlemerchandisestore.com,referral,(referral),Cambodia,1,1,100.0
2021-01-01,2021-01,0,Week 0,mobile,<Other>,referral,(referral),Paraguay,1,1,100.0
2021-01-01,2021-01,0,Week 0,tablet,<Other>,referral,(referral),Vietnam,1,1,100.0
2021-01-01,2021-01,0,Week 0,mobile,shop.googlemerchandisestore.com,referral,(referral),Tunisia,1,1,100.0
2021-01-01,2021-01,0,Week 0,tablet,shop.googlemerchandisestore.com,referral,(referral),Sri Lanka,1,1,100.0
2021-01-01,2021-01,0,Week 0,mobile,<Other>,referral,(referral),Guatemala,1,1,100.0
2021-01-01,2021-01,0,Week 0,desktop,shop.googlemerchandisestore.com,referral,(referral),Jamaica,1,1,100.0
2021-01-01,2021-01,0,Week 0,mobile,<Other>,referral,(referral),Cyprus,1,1,100.0
2021-01-01,2021-01,0,Week 0,desktop,shop.googlemerchandisestore.com,referral,(referral),Bolivia,1,1,100.0
2021-01-01,2021-01,0,Week 0,mobile,shop.googlemerchandisestore.com,referral,(referral),Costa Rica,1,1,100.0
2021-01-01,2021-01,0,Week 0,tablet,<Other>,referral,(referral),Croatia,1,1,100.0
2021-01-01,2021-01,0,Week 0,desktop,shop.googlemerchandisestore.com,referral,(referral),Cyprus,1,1,100.0
2021-01-01,2021-01,0,Week 0,tablet,<Other>,referral,(referral),Ukraine,1,1,100.0
2021-01-01,2021-01,0,Week 0,tablet,<Other>,referral,(referral),Pakistan,1,1,100.0
2021-01-01,2021-01,0,Week 0,mobile,shop.googlemerchandisestore.com,referral,(referral),Myanmar (Burma),1,1,100.0
2021-01-01,2021-01,0,Week 0,mobile,<Other>,referral,(referral),Albania,1,1,100.0
2021-01-01,2021-01,0,Week 0,desktop,<Other>,referral,(referral),Honduras,1,1,100.0
2021-01-01,2021-01,0,Week 0,tablet,shop.googlemerchandisestore.com,referral,(referral),Bulgaria,1,1,100.0
2021-01-01,2021-01,0,Week 0,tablet,shop.googlemerchandisestore.com,referral,(referral),Mexico,1,1,100.0
2021-01-01,2021-01,0,Week 0,mobile,shop.googlemerchandisestore.com,referral,(referral),Latvia,1,1,100.0
2021-01-01,2021-01,0,Week 0,desktop,shop.googlemerchandisestore.com,referral,(referral),Myanmar (Burma),1,1,100.0
2021-01-01,2021-01,0,Week 0,mobile,shop.googlemerchandisestore.com,referral,(referral),Lithuania,1,1,100.0
2021-01-01,2021-01,0,Week 0,mobile,shop.googlemerchandisestore.com,referral,(referral),Jordan,1,1,100.0
2021-01-01,2021-01,0,Week 0,mobile,<Other>,referral,(referral),Estonia,1,1,100.0
2021-01-01,2021-01,0,Week 0,mobile,<Other>,referral,(referral),Oman,1,1,100.0
2021-01-01,2021-01,0,Week 0,mobile,shop.googlemerchandisestore.com,referral,(referral),Azerbaijan,1,1,100.0
2021-01-01,2021-01,0,Week 0,mobile,<Other>,referral,(referral),Dominican Republic,1,1,100.0
2021-01-01,2021-01,0,Week 0,desktop,<Other>,referral,(referral),Norway,1,1,100.0
2021-01-01,2021-01,0,Week 0,desktop,<Other>,referral,(referral),Kenya,1,1,100.0
2021-01-01,2021-01,0,Week 0,desktop,<Other>,referral,(referral),El Salvador,1,1,100.0
2021-01-01,2021-01,0,Week 0,desktop,shop.googlemerchandisestore.com,referral,(referral),Kenya,1,1,100.0
2021-01-01,2021-01,0,Week 0,desktop,<Other>,referral,(referral),Lebanon,1,1,100.0
2021-01-01,2021-01,0,Week 0,mobile,shop.googlemerchandisestore.com,referral,(referral),Slovenia,1,1,100.0
2021-01-01,2021-01,0,Week 0,mobile,shop.googlemerchandisestore.com,referral,(referral),Kenya,1,1,100.0
2021-01-01,2021-01,0,Week 0,tablet,<Other>,referral,(referral),Argentina,1,1,100.0
2021-01-01,2021-01,0,Week 0,mobile,<Other>,referral,(referral),Georgia,1,1,100.0
2021-01-01,2021-01,0,Week 0,mobile,<Other>,referral,(referral),Trinidad & Tobago,1,1,100.0
2021-01-01,2021-01,0,Week 0,tablet,<Other>,referral,(referral),Greece,1,1,100.0
2021-01-01,2021-01,0,Week 0,desktop,shop.googlemerchandisestore.com,referral,(referral),Azerbaijan,1,1,100.0
2021-01-01,2021-01,0,Week 0,desktop,<Other>,referral,(referral),Panama,1,1,100.0
2021-01-01,2021-01,0,Week 0,mobile,<Other>,referral,(referral),Ghana,1,1,100.0
2021-01-01,2021-01,0,Week 0,tablet,<Other>,referral,(referral),Bolivia,1,1,100.0
2021-01-01,2021-01,0,Week 0,tablet,<Other>,referral,(referral),Macao,1,1,100.0
2021-01-01,2021-01,0,Week 0,desktop,<Other>,referral,(referral),Bosnia & Herzegovina,1,1,100.0
2021-01-01,2021-01,0,Week 0,mobile,<Other>,referral,(referral),Lebanon,1,1,100.0
2021-01-01,2021-01,0,Week 0,mobile,<Other>,referral,(referral),Kuwait,1,1,100.0
2021-01-01,2021-01,0,Week 0,desktop,shop.googlemerchandisestore.com,referral,(referral),Panama,1,1,100.0
2021-01-01,2021-01,0,Week 0,mobile,shop.googlemerchandisestore.com,referral,(referral),Cambodia,1,1,100.0
2021-01-01,2021-01,0,Week 0,mobile,<Other>,referral,(referral),Macao,1,1,100.0
2021-01-01,2021-01,0,Week 0,tablet,<Other>,referral,(referral),Costa Rica,1,1,100.0
2021-01-01,2021-01,0,Week 0,tablet,shop.googlemerchandisestore.com,referral,(referral),Israel,1,1,100.0
2021-01-01,2021-01,0,Week 0,desktop,shop.googlemerchandisestore.com,referral,(referral),Bangladesh,1,1,100.0
2021-01-01,2021-01,0,Week 0,desktop,shop.googlemerchandisestore.com,referral,(referral),Iraq,1,1,100.0
2021-01-01,2021-01,0,Week 0,desktop,shop.googlemerchandisestore.com,referral,(referral),Albania,1,1,100.0
2021-01-01,2021-01,0,Week 0,tablet,<Other>,referral,(referral),Colombia,1,1,100.0
2021-01-01,2021-01,0,Week 0,mobile,<Other>,referral,(referral),Honduras,1,1,100.0
2021-01-01,2021-01,0,Week 0,mobile,shop.googlemerchandisestore.com,referral,(referral),Nigeria,1,1,100.0
2021-01-01,2021-01,0,Week 0,mobile,shop.googlemerchandisestore.com,referral,(referral),Panama,1,1,100.0
2021-01-01,2021-01,1,Week 1,tablet,shop.googlemerchandisestore.com,referral,(referral),Japan,1,1,100.0
2021-01-01,2021-01,0,Week 0,tablet,shop.googlemerchandisestore.com,referral,(referral),Spain,1,1,100.0
2021-01-01,2021-01,0,Week 0,desktop,shop.googlemerchandisestore.com,referral,(referral),Mongolia,1,1,100.0
2021-01-01,2021-01,0,Week 0,tablet,<Other>,referral,(referral),Czechia,1,1,100.0
2021-01-01,2021-01,0,Week 0,mobile,shop.googlemerchandisestore.com,referral,(referral),Kuwait,1,1,100.0
2021-01-01,2021-01,0,Week 0,tablet,shop.googlemerchandisestore.com,referral,(referral),Japan,1,1,100.0
2021-01-01,2021-01,0,Week 0,desktop,shop.googlemerchandisestore.com,referral,(referral),Kazakhstan,1,1,100.0
2021-01-01,2021-01,0,Week 0,mobile,shop.googlemerchandisestore.com,referral,(referral),New Zealand,1,1,100.0
2021-01-01,2021-01,0,Week 0,tablet,<Other>,referral,(referral),Hungary,1,1,100.0
2021-01-01,2021-01,0,Week 0,desktop,shop.googlemerchandisestore.com,referral,(referral),Ecuador,1,1,100.0
2021-01-01,2021-01,0,Week 0,mobile,<Other>,referral,(referral),Bahrain,1,1,100.0
2021-01-01,2021-01,0,Week 0,mobile,shop.googlemerchandisestore.com,referral,(referral),Bolivia,1,1,100.0
2021-01-01,2021-01,0,Week 0,desktop,shop.googlemerchandisestore.com,referral,(referral),Iceland,1,1,100.0
2021-01-01,2021-01,0,Week 0,tablet,shop.googlemerchandisestore.com,referral,(referral),Austria,1,1,100.0
2021-01-01,2021-01,0,Week 0,desktop,<Other>,referral,(referral),Bahrain,1,1,100.0
2021-01-01,2021-01,1,Week 1,mobile,<Other>,referral,(referral),Macao,1,1,100.0
2021-01-01,2021-01,0,Week 0,mobile,shop.googlemerchandisestore.com,referral,(referral),Macao,1,1,100.0
2021-01-01,2021-01,0,Week 0,desktop,shop.googlemerchandisestore.com,referral,(referral),Guatemala,1,1,100.0
2021-01-01,2021-01,0,Week 0,mobile,shop.googlemerchandisestore.com,referral,(referral),Iraq,1,1,100.0
2021-01-01,2021-01,0,Week 0,desktop,shop.googlemerchandisestore.com,referral,(referral),Nepal,1,1,100.0
2021-01-01,2021-01,0,Week 0,mobile,shop.googlemerchandisestore.com,referral,(referral),Georgia,1,1,100.0
2021-01-01,2021-01,0,Week 0,mobile,shop.googlemerchandisestore.com,referral,(referral),Guatemala,1,1,100.0
2021-01-01,2021-01,0,Week 0,tablet,<Other>,referral,(referral),Slovakia,1,1,100.0
2021-01-01,2021-01,0,Week 0,desktop,shop.googlemerchandisestore.com,referral,(referral),Costa Rica,1,1,100.0
2021-01-01,2021-01,0,Week 0,desktop,shop.googlemerchandisestore.com,referral,(referral),Estonia,1,1,100.0
2021-01-01,2021-01,0,Week 0,tablet,shop.googlemerchandisestore.com,referral,(referral),Russia,1,1,100.0
2021-01-01,2021-01,0,Week 0,tablet,shop.googlemerchandisestore.com,referral,(referral),France,1,1,100.0
2021-01-01,2021-01,0,Week 0,mobile,<Other>,referral,(referral),Bosnia & Herzegovina,1,1,100.0
2021-01-01,2021-01,0,Week 0,desktop,<Other>,referral,(referral),Belarus,1,1,100.0
2021-01-01,2021-01,0,Week 0,desktop,shop.googlemerchandisestore.com,referral,(referral),Kuwait,1,1,100.0
2021-01-01,2021-01,0,Week 0,mobile,<Other>,referral,(referral),Uruguay,1,1,100.0
2021-01-01,2021-01,0,Week 0,desktop,<Other>,referral,(referral),Nepal,1,1,100.0
2021-01-01,2021-01,0,Week 0,desktop,shop.googlemerchandisestore.com,referral,(referral),Trinidad & Tobago,1,1,100.0
2021-01-01,2021-01,0,Week 0,tablet,shop.googlemerchandisestore.com,referral,(referral),Germany,1,1,100.0
2021-01-01,2021-01,0,Week 0,tablet,<Other>,referral,(referral),Turkey,1,1,100.0
2021-01-01,2021-01,0,Week 0,mobile,<Other>,referral,(referral),Ecuador,1,1,100.0
2021-01-01,2021-01,1,Week 1,desktop,(data deleted),(data deleted),(data deleted),Colombia,2,2,100.0
2021-01-01,2021-01,0,Week 0,mobile,(data deleted),(data deleted),(data deleted),Indonesia,2,2,100.0
2021-01-01,2021-01,0,Week 0,desktop,(data deleted),(data deleted),(data deleted),Finland,2,2,100.0
2021-01-01,2021-01,0,Week 0,desktop,(data deleted),(data deleted),(data deleted),Ireland,2,2,100.0
2021-01-01,2021-01,0,Week 0,desktop,(data deleted),(data deleted),(data deleted),Colombia,2,2,100.0
2021-01-01,2021-01,0,Week 0,mobile,(data deleted),(data deleted),(data deleted),(not set),2,2,100.0
2021-01-01,2021-01,0,Week 0,mobile,(data deleted),(data deleted),(data deleted),Poland,2,2,100.0
2021-01-01,2021-01,0,Week 0,desktop,<Other>,(data deleted),(data deleted),United States,2,2,100.0
2021-01-01,2021-01,0,Week 0,mobile,(data deleted),(data deleted),(data deleted),Thailand,2,2,100.0
2021-01-01,2021-01,0,Week 0,mobile,(data deleted),(data deleted),(data deleted),Turkey,2,2,100.0
2021-01-01,2021-01,0,Week 0,desktop,(data deleted),(data deleted),(data deleted),Egypt,2,2,100.0
2021-01-01,2021-01,1,Week 1,desktop,(data deleted),(data deleted),(data deleted),Switzerland,2,1,50.0
2021-01-01,2021-01,0,Week 0,mobile,(data deleted),(data deleted),(data deleted),Austria,2,2,100.0
2021-01-01,2021-01,0,Week 0,desktop,(data deleted),(data deleted),(data deleted),Switzerland,2,2,100.0
2021-01-01,2021-01,0,Week 0,desktop,(data deleted),(data deleted),(data deleted),Denmark,2,2,100.0
2021-01-01,2021-01,0,Week 0,mobile,(data deleted),(data deleted),(data deleted),Hong Kong,2,2,100.0
2021-01-01,2021-01,0,Week 0,desktop,(data deleted),(data deleted),(data deleted),Spain,2,2,100.0
2021-01-01,2021-01,0,Week 0,desktop,(data deleted),(data deleted),(data deleted),Hong Kong,2,2,100.0
2021-01-01,2021-01,0,Week 0,mobile,(data deleted),(data deleted),<Other>,United States,2,2,100.0
2021-01-01,2021-01,0,Week 0,desktop,(direct),(none),(direct),Malta,2,2,100.0
2021-01-01,2021-01,0,Week 0,tablet,(direct),(none),(direct),Philippines,2,2,100.0
2021-01-01,2021-01,0,Week 0,mobile,(direct),(none),(direct),Honduras,2,2,100.0
2021-01-01,2021-01,0,Week 0,tablet,(direct),(none),(direct),Indonesia,2,2,100.0
2021-01-01,2021-01,0,Week 0,mobile,(direct),(none),(direct),Venezuela,2,2,100.0
2021-01-01,2021-01,0,Week 0,desktop,(direct),(none),(direct),Luxembourg,2,2,100.0
2021-01-01,2021-01,0,Week 0,mobile,(direct),(none),(direct),Tunisia,2,2,100.0
2021-01-01,2021-01,0,Week 0,mobile,(direct),(none),(direct),Cyprus,2,2,100.0
2021-01-01,2021-01,0,Week 0,tablet,(direct),(none),(direct),Romania,2,2,100.0
2021-01-01,2021-01,0,Week 0,tablet,(direct),(none),(direct),Sri Lanka,2,2,100.0
2021-01-01,2021-01,0,Week 0,tablet,(direct),(none),(direct),Ukraine,2,2,100.0
2021-01-01,2021-01,0,Week 0,mobile,(direct),(none),(direct),Bosnia & Herzegovina,2,2,100.0
2021-01-01,2021-01,0,Week 0,desktop,(direct),(none),(direct),El Salvador,2,2,100.0
2021-01-01,2021-01,0,Week 0,tablet,(direct),(none),(direct),Austria,2,2,100.0
2021-01-01,2021-01,0,Week 0,tablet,(direct),(none),(direct),Ecuador,2,2,100.0
2021-01-01,2021-01,0,Week 0,desktop,(direct),(none),(direct),Paraguay,2,2,100.0
2021-01-01,2021-01,0,Week 0,tablet,(direct),(none),(direct),Sweden,2,2,100.0
2021-01-01,2021-01,0,Week 0,mobile,(direct),(none),(direct),Bahrain,2,2,100.0
2021-01-01,2021-01,0,Week 0,mobile,(direct),(none),(direct),Malta,2,2,100.0
2021-01-01,2021-01,0,Week 0,mobile,(direct),(none),(direct),Cambodia,2,2,100.0
2021-01-01,2021-01,0,Week 0,tablet,(direct),(none),(direct),Turkey,2,2,100.0
2021-01-01,2021-01,0,Week 0,tablet,(direct),(none),(direct),Switzerland,2,2,100.0
2021-01-01,2021-01,0,Week 0,tablet,(direct),(none),(direct),Belgium,2,2,100.0
2021-01-01,2021-01,1,Week 1,mobile,(direct),(none),(direct),Tunisia,2,1,50.0
2021-01-01,2021-01,0,Week 0,tablet,(direct),(none),(direct),Russia,2,2,100.0
2021-01-01,2021-01,0,Week 0,tablet,<Other>,<Other>,<Other>,Colombia,2,2,100.0
2021-01-01,2021-01,0,Week 0,desktop,<Other>,<Other>,<Other>,Venezuela,2,2,100.0
2021-01-01,2021-01,0,Week 0,desktop,<Other>,<Other>,<Other>,Bahamas,2,2,100.0
2021-01-01,2021-01,0,Week 0,desktop,<Other>,<Other>,<Other>,Myanmar (Burma),2,2,100.0
2021-01-01,2021-01,0,Week 0,desktop,<Other>,<Other>,<Other>,Paraguay,2,2,100.0
2021-01-01,2021-01,1,Week 1,tablet,<Other>,<Other>,<Other>,Pakistan,2,1,50.0
2021-01-01,2021-01,0,Week 0,mobile,<Other>,<Other>,<Other>,Qatar,2,2,100.0
2021-01-01,2021-01,0,Week 0,mobile,<Other>,<Other>,<Other>,Estonia,2,2,100.0
2021-01-01,2021-01,0,Week 0,desktop,<Other>,<Other>,<Other>,Nepal,2,2,100.0
2021-01-01,2021-01,0,Week 0,tablet,<Other>,<Other>,<Other>,South Africa,2,2,100.0
2021-01-01,2021-01,0,Week 0,tablet,<Other>,<Other>,<Other>,Thailand,2,2,100.0
2021-01-01,2021-01,0,Week 0,desktop,<Other>,<Other>,<Other>,Bolivia,2,2,100.0
2021-01-01,2021-01,0,Week 0,mobile,<Other>,<Other>,<Other>,Bahamas,2,2,100.0
2021-01-01,2021-01,0,Week 0,desktop,<Other>,<Other>,<Other>,Malta,2,2,100.0
2021-01-01,2021-01,0,Week 0,desktop,<Other>,<Other>,<Other>,Ghana,2,2,100.0
2021-01-01,2021-01,0,Week 0,mobile,<Other>,<Other>,<Other>,Bosnia & Herzegovina,2,2,100.0
2021-01-01,2021-01,0,Week 0,tablet,<Other>,<Other>,<Other>,South Korea,2,2,100.0
2021-01-01,2021-01,0,Week 0,desktop,<Other>,<Other>,<Other>,Iceland,2,2,100.0
2021-01-01,2021-01,0,Week 0,mobile,<Other>,<Other>,<Other>,Bolivia,2,2,100.0
2021-01-01,2021-01,0,Week 0,mobile,<Other>,<Other>,<Other>,El Salvador,2,2,100.0
2021-01-01,2021-01,0,Week 0,desktop,<Other>,<Other>,<Other>,Trinidad & Tobago,2,2,100.0
2021-01-01,2021-01,0,Week 0,mobile,<Other>,<Other>,<Other>,Algeria,2,2,100.0
2021-01-01,2021-01,0,Week 0,desktop,<Other>,<Other>,<Other>,Cyprus,2,2,100.0
2021-01-01,2021-01,0,Week 0,tablet,<Other>,<Other>,<Other>,Bulgaria,2,2,100.0
2021-01-01,2021-01,0,Week 0,tablet,<Other>,<Other>,<Other>,Pakistan,2,2,100.0
2021-01-01,2021-01,0,Week 0,tablet,<Other>,<Other>,<Other>,Switzerland,2,2,100.0
2021-01-01,2021-01,1,Week 1,desktop,<Other>,<Other>,<Other>,Ghana,2,1,50.0
2021-01-01,2021-01,0,Week 0,tablet,<Other>,<Other>,<Other>,Sweden,2,2,100.0
2021-01-01,2021-01,0,Week 0,mobile,google,cpc,<Other>,Argentina,2,2,100.0
2021-01-01,2021-01,0,Week 0,mobile,google,cpc,<Other>,Tunisia,2,2,100.0
2021-01-01,2021-01,0,Week 0,desktop,google,cpc,<Other>,Iraq,2,2,100.0
2021-01-01,2021-01,0,Week 0,mobile,google,cpc,<Other>,Egypt,2,2,100.0
2021-01-01,2021-01,0,Week 0,tablet,google,cpc,<Other>,China,2,2,100.0
2021-01-01,2021-01,0,Week 0,desktop,google,cpc,<Other>,Estonia,2,2,100.0
2021-01-01,2021-01,0,Week 0,desktop,google,cpc,<Other>,Guatemala,2,2,100.0
2021-01-01,2021-01,0,Week 0,mobile,google,cpc,<Other>,Iraq,2,2,100.0
2021-01-01,2021-01,0,Week 0,desktop,google,cpc,<Other>,Dominican Republic,2,2,100.0
2021-01-01,2021-01,2,Week 2,tablet,google,cpc,<Other>,Philippines,2,1,50.0
2021-01-01,2021-01,0,Week 0,desktop,google,cpc,<Other>,Bosnia & Herzegovina,2,2,100.0
2021-01-01,2021-01,1,Week 1,desktop,google,cpc,<Other>,Iraq,2,1,50.0
2021-01-01,2021-01,0,Week 0,mobile,google,cpc,<Other>,Venezuela,2,2,100.0
2021-01-01,2021-01,0,Week 0,tablet,google,cpc,<Other>,Chile,2,2,100.0
2021-01-01,2021-01,0,Week 0,tablet,google,cpc,<Other>,Brazil,2,2,100.0
2021-01-01,2021-01,0,Week 0,desktop,google,cpc,<Other>,Nepal,2,2,100.0
2021-01-01,2021-01,0,Week 0,desktop,google,cpc,<Other>,Bahamas,2,2,100.0
2021-01-01,2021-01,0,Week 0,desktop,google,cpc,<Other>,Serbia,2,2,100.0
2021-01-01,2021-01,0,Week 0,desktop,google,cpc,<Other>,Venezuela,2,2,100.0
2021-01-01,2021-01,0,Week 0,mobile,google,cpc,<Other>,Paraguay,2,2,100.0
2021-01-01,2021-01,4,Week 4,tablet,google,cpc,<Other>,Philippines,2,1,50.0
2021-01-01,2021-01,0,Week 0,tablet,google,cpc,<Other>,Hong Kong,2,2,100.0
2021-01-01,2021-01,1,Week 1,desktop,google,cpc,<Other>,Slovenia,2,1,50.0
2021-01-01,2021-01,0,Week 0,tablet,google,cpc,<Other>,Philippines,2,2,100.0
2021-01-01,2021-01,0,Week 0,desktop,google,cpc,<Other>,Slovenia,2,2,100.0
2021-01-01,2021-01,0,Week 0,desktop,google,cpc,<Other>,Lebanon,2,2,100.0
2021-01-01,2021-01,0,Week 0,mobile,google,organic,(organic),Jamaica,2,2,100.0
2021-01-01,2021-01,0,Week 0,mobile,<Other>,organic,(organic),Oman,2,2,100.0
2021-01-01,2021-01,0,Week 0,desktop,<Other>,organic,(organic),Sri Lanka,2,2,100.0
2021-01-01,2021-01,0,Week 0,tablet,<Other>,organic,(organic),Poland,2,2,100.0
2021-01-01,2021-01,0,Week 0,mobile,<Other>,organic,(organic),Colombia,2,2,100.0
2021-01-01,2021-01,0,Week 0,mobile,google,organic,(organic),Uruguay,2,2,100.0
2021-01-01,2021-01,0,Week 0,tablet,google,organic,(organic),Denmark,2,2,100.0
2021-01-01,2021-01,0,Week 0,desktop,<Other>,organic,(organic),Kenya,2,2,100.0
2021-01-01,2021-01,0,Week 0,tablet,google,organic,(organic),Palestine,2,2,100.0
2021-01-01,2021-01,1,Week 1,mobile,google,organic,(organic),Uruguay,2,1,50.0
2021-01-01,2021-01,2,Week 2,mobile,<Other>,organic,(organic),Ecuador,2,1,50.0
2021-01-01,2021-01,0,Week 0,tablet,google,organic,(organic),Egypt,2,2,100.0
2021-01-01,2021-01,0,Week 0,desktop,<Other>,organic,(organic),Costa Rica,2,2,100.0
2021-01-01,2021-01,0,Week 0,desktop,<Other>,organic,(organic),Nigeria,2,2,100.0
2021-01-01,2021-01,0,Week 0,tablet,google,organic,(organic),Israel,2,2,100.0
2021-01-01,2021-01,0,Week 0,tablet,<Other>,organic,(organic),United Kingdom,2,2,100.0
2021-01-01,2021-01,0,Week 0,tablet,google,organic,(organic),Norway,2,2,100.0
2021-01-01,2021-01,0,Week 0,desktop,google,organic,(organic),Cyprus,2,2,100.0
2021-01-01,2021-01,0,Week 0,mobile,google,organic,(organic),Trinidad & Tobago,2,2,100.0
2021-01-01,2021-01,0,Week 0,tablet,<Other>,organic,(organic),Indonesia,2,2,100.0
2021-01-01,2021-01,1,Week 1,desktop,<Other>,organic,(organic),Kenya,2,1,50.0
2021-01-01,2021-01,0,Week 0,desktop,<Other>,organic,(organic),Slovakia,2,2,100.0
2021-01-01,2021-01,0,Week 0,mobile,google,organic,(organic),Ghana,2,2,100.0
2021-01-01,2021-01,0,Week 0,desktop,<Other>,organic,(organic),Estonia,2,2,100.0
2021-01-01,2021-01,0,Week 0,mobile,<Other>,organic,(organic),Egypt,2,2,100.0
2021-01-01,2021-01,0,Week 0,tablet,google,organic,(organic),Slovenia,2,2,100.0
2021-01-01,2021-01,0,Week 0,tablet,google,organic,(organic),Bangladesh,2,2,100.0
2021-01-01,2021-01,0,Week 0,mobile,<Other>,organic,(organic),Ecuador,2,2,100.0
2021-01-01,2021-01,0,Week 0,mobile,<Other>,organic,(organic),United Arab Emirates,2,2,100.0
2021-01-01,2021-01,0,Week 0,mobile,<Other>,organic,(organic),New Zealand,2,2,100.0
2021-01-01,2021-01,0,Week 0,desktop,google,organic,(organic),Kosovo,2,2,100.0
2021-01-01,2021-01,0,Week 0,mobile,google,organic,(organic),Estonia,2,2,100.0
2021-01-01,2021-01,0,Week 0,tablet,google,organic,(organic),Finland,2,2,100.0
2021-01-01,2021-01,0,Week 0,tablet,<Other>,organic,(organic),Brazil,2,2,100.0
2021-01-01,2021-01,0,Week 0,desktop,<Other>,organic,(organic),Saudi Arabia,2,2,100.0
2021-01-01,2021-01,0,Week 0,desktop,<Other>,organic,(organic),Bangladesh,2,2,100.0
2021-01-01,2021-01,0,Week 0,desktop,<Other>,organic,(organic),Algeria,2,2,100.0
2021-01-01,2021-01,0,Week 0,tablet,google,organic,(organic),Paraguay,2,2,100.0
2021-01-01,2021-01,0,Week 0,mobile,<Other>,organic,(organic),Slovenia,2,2,100.0
2021-01-01,2021-01,0,Week 0,desktop,<Other>,organic,(organic),Croatia,2,2,100.0
2021-01-01,2021-01,0,Week 0,mobile,google,organic,(organic),Honduras,2,2,100.0
2021-01-01,2021-01,0,Week 0,tablet,google,organic,(organic),Vietnam,2,2,100.0
2021-01-01,2021-01,0,Week 0,tablet,<Other>,organic,(organic),Singapore,2,2,100.0
2021-01-01,2021-01,0,Week 0,tablet,google,organic,(organic),Kazakhstan,2,2,100.0
2021-01-01,2021-01,0,Week 0,tablet,<Other>,organic,(organic),Germany,2,2,100.0
2021-01-01,2021-01,0,Week 0,desktop,<Other>,organic,(organic),Serbia,2,2,100.0
2021-01-01,2021-01,0,Week 0,mobile,<Other>,organic,(organic),Uruguay,2,2,100.0
2021-01-01,2021-01,0,Week 0,mobile,<Other>,organic,(organic),Vietnam,2,2,100.0
2021-01-01,2021-01,0,Week 0,tablet,google,organic,(organic),Colombia,2,2,100.0
2021-01-01,2021-01,2,Week 2,desktop,shop.googlemerchandisestore.com,referral,(referral),Norway,2,1,50.0
2021-01-01,2021-01,0,Week 0,desktop,<Other>,referral,(referral),Cyprus,2,2,100.0
2021-01-01,2021-01,0,Week 0,desktop,<Other>,referral,(referral),North Macedonia,2,2,100.0
2021-01-01,2021-01,0,Week 0,desktop,shop.googlemerchandisestore.com,referral,(referral),Belarus,2,2,100.0
2021-01-01,2021-01,0,Week 0,desktop,<Other>,referral,(referral),Armenia,2,2,100.0
2021-01-01,2021-01,0,Week 0,tablet,shop.googlemerchandisestore.com,referral,(referral),Australia,2,2,100.0
2021-01-01,2021-01,0,Week 0,desktop,shop.googlemerchandisestore.com,referral,(referral),Morocco,2,2,100.0
2021-01-01,2021-01,3,Week 3,desktop,<Other>,referral,(referral),Puerto Rico,2,1,50.0
2021-01-01,2021-01,2,Week 2,desktop,<Other>,referral,(referral),Puerto Rico,2,1,50.0
2021-01-01,2021-01,0,Week 0,desktop,<Other>,referral,(referral),Ghana,2,2,100.0
2021-01-01,2021-01,0,Week 0,desktop,<Other>,referral,(referral),Azerbaijan,2,2,100.0
2021-01-01,2021-01,0,Week 0,tablet,shop.googlemerchandisestore.com,referral,(referral),Colombia,2,2,100.0
2021-01-01,2021-01,0,Week 0,mobile,<Other>,referral,(referral),Jamaica,2,2,100.0
2021-01-01,2021-01,0,Week 0,desktop,<Other>,referral,(referral),Guatemala,2,2,100.0
2021-01-01,2021-01,0,Week 0,tablet,shop.googlemerchandisestore.com,referral,(referral),Poland,2,2,100.0
2021-01-01,2021-01,0,Week 0,desktop,<Other>,referral,(referral),Costa Rica,2,2,100.0
2021-01-01,2021-01,0,Week 0,desktop,<Other>,referral,(referral),Bolivia,2,2,100.0
2021-01-01,2021-01,0,Week 0,desktop,shop.googlemerchandisestore.com,referral,(referral),Lithuania,2,2,100.0
2021-01-01,2021-01,0,Week 0,mobile,shop.googlemerchandisestore.com,referral,(referral),Sri Lanka,2,2,100.0
2021-01-01,2021-01,0,Week 0,mobile,<Other>,referral,(referral),Chile,2,2,100.0
2021-01-01,2021-01,0,Week 0,mobile,<Other>,referral,(referral),Iraq,2,2,100.0
2021-01-01,2021-01,1,Week 1,desktop,shop.googlemerchandisestore.com,referral,(referral),Uruguay,2,1,50.0
2021-01-01,2021-01,0,Week 0,mobile,shop.googlemerchandisestore.com,referral,(referral),Hungary,2,2,100.0
2021-01-01,2021-01,0,Week 0,mobile,<Other>,referral,(referral),Tunisia,2,2,100.0
2021-01-01,2021-01,0,Week 0,mobile,shop.googlemerchandisestore.com,referral,(referral),Armenia,2,2,100.0
2021-01-01,2021-01,0,Week 0,tablet,<Other>,referral,(referral),Belgium,2,2,100.0
2021-01-01,2021-01,0,Week 0,desktop,<Other>,referral,(referral),Mongolia,2,2,100.0
2021-01-01,2021-01,0,Week 0,desktop,shop.googlemerchandisestore.com,referral,(referral),Luxembourg,2,2,100.0
2021-01-01,2021-01,0,Week 0,desktop,shop.googlemerchandisestore.com,referral,(referral),Latvia,2,2,100.0
2021-01-01,2021-01,0,Week 0,tablet,shop.googlemerchandisestore.com,referral,(referral),Slovakia,2,2,100.0
2021-01-01,2021-01,1,Week 1,mobile,shop.googlemerchandisestore.com,referral,(referral),Puerto Rico,2,1,50.0
2021-01-01,2021-01,0,Week 0,tablet,<Other>,referral,(referral),Finland,2,2,100.0
2021-01-01,2021-01,0,Week 0,mobile,shop.googlemerchandisestore.com,referral,(referral),Puerto Rico,2,2,100.0
2021-01-01,2021-01,0,Week 0,desktop,<Other>,referral,(referral),Palestine,2,2,100.0
2021-01-01,2021-01,0,Week 0,mobile,<Other>,referral,(referral),Panama,2,2,100.0
2021-01-01,2021-01,0,Week 0,desktop,shop.googlemerchandisestore.com,referral,(referral),Algeria,2,2,100.0
2021-01-01,2021-01,1,Week 1,desktop,shop.googlemerchandisestore.com,referral,(referral),Algeria,2,1,50.0
2021-01-01,2021-01,0,Week 0,desktop,shop.googlemerchandisestore.com,referral,(referral),El Salvador,2,2,100.0
2021-01-01,2021-01,0,Week 0,tablet,<Other>,referral,(referral),Indonesia,2,2,100.0
2021-01-01,2021-01,0,Week 0,desktop,shop.googlemerchandisestore.com,referral,(referral),Nigeria,2,2,100.0
2021-01-01,2021-01,1,Week 1,desktop,<Other>,referral,(referral),Puerto Rico,2,1,50.0
2021-01-01,2021-01,0,Week 0,tablet,<Other>,referral,(referral),Malaysia,2,2,100.0
2021-01-01,2021-01,0,Week 0,desktop,shop.googlemerchandisestore.com,referral,(referral),Uruguay,2,2,100.0
2021-01-01,2021-01,0,Week 0,tablet,shop.googlemerchandisestore.com,referral,(referral),Netherlands,2,2,100.0
2021-01-01,2021-01,0,Week 0,desktop,<Other>,referral,(referral),Tunisia,2,2,100.0
2021-01-01,2021-01,0,Week 0,desktop,shop.googlemerchandisestore.com,referral,(referral),Dominican Republic,2,2,100.0
2021-01-01,2021-01,0,Week 0,desktop,<Other>,referral,(referral),Estonia,2,2,100.0
2021-01-01,2021-01,0,Week 0,tablet,<Other>,referral,(referral),Taiwan,2,2,100.0
2021-01-01,2021-01,0,Week 0,desktop,<Other>,referral,(referral),Georgia,2,2,100.0
2021-01-01,2021-01,0,Week 0,mobile,<Other>,referral,(referral),Palestine,2,2,100.0
2021-01-01,2021-01,0,Week 0,desktop,<Other>,referral,(referral),Oman,2,2,100.0
2021-01-01,2021-01,0,Week 0,tablet,<Other>,referral,(referral),Hong Kong,2,2,100.0
2021-01-01,2021-01,0,Week 0,desktop,<Other>,referral,(referral),Puerto Rico,2,2,100.0
2021-01-01,2021-01,0,Week 0,tablet,<Other>,referral,(referral),Sweden,2,2,100.0
2021-01-01,2021-01,0,Week 0,desktop,<Other>,referral,(referral),Macao,2,2,100.0
2021-01-01,2021-01,0,Week 0,mobile,shop.googlemerchandisestore.com,referral,(referral),Trinidad & Tobago,2,2,100.0
2021-01-01,2021-01,2,Week 2,mobile,shop.googlemerchandisestore.com,referral,(referral),Puerto Rico,2,1,50.0
2021-01-01,2021-01,0,Week 0,desktop,<Other>,referral,(referral),Jamaica,2,2,100.0
2021-01-01,2021-01,0,Week 0,desktop,shop.googlemerchandisestore.com,referral,(referral),Qatar,2,2,100.0
2021-01-01,2021-01,0,Week 0,desktop,shop.googlemerchandisestore.com,referral,(referral),Armenia,2,2,100.0
2021-01-01,2021-01,0,Week 0,desktop,shop.googlemerchandisestore.com,referral,(referral),Norway,2,2,100.0
2021-01-01,2021-01,0,Week 0,desktop,<Other>,referral,(referral),Kuwait,2,2,100.0
2021-01-01,2021-01,0,Week 0,mobile,<Other>,referral,(referral),South Africa,2,2,100.0
2021-01-01,2021-01,0,Week 0,tablet,<Other>,referral,(referral),Russia,2,2,100.0
2021-01-01,2021-01,0,Week 0,mobile,<Other>,referral,(referral),Slovenia,2,2,100.0
2021-01-01,2021-01,0,Week 0,desktop,<Other>,referral,(referral),Hungary,2,2,100.0
2021-01-01,2021-01,0,Week 0,desktop,shop.googlemerchandisestore.com,referral,(referral),Serbia,2,2,100.0
2021-01-01,2021-01,1,Week 1,desktop,shop.googlemerchandisestore.com,referral,(referral),Nigeria,2,1,50.0
2021-01-01,2021-01,0,Week 0,mobile,<Other>,referral,(referral),New Zealand,2,2,100.0
2021-01-01,2021-01,0,Week 0,desktop,(data deleted),(data deleted),(data deleted),Sri Lanka,3,3,100.0
2021-01-01,2021-01,0,Week 0,desktop,(data deleted),(data deleted),(data deleted),Netherlands,3,3,100.0
2021-01-01,2021-01,0,Week 0,desktop,(data deleted),(data deleted),(data deleted),(not set),3,3,100.0
2021-01-01,2021-01,2,Week 2,desktop,(data deleted),(data deleted),(data deleted),Israel,3,1,33.33
2021-01-01,2021-01,0,Week 0,desktop,(data deleted),(data deleted),(data deleted),Israel,3,3,100.0
2021-01-01,2021-01,0,Week 0,mobile,(data deleted),(data deleted),(data deleted),Singapore,3,3,100.0
2021-01-01,2021-01,1,Week 1,mobile,(data deleted),(data deleted),(data deleted),France,3,1,33.33
2021-01-01,2021-01,1,Week 1,desktop,(data deleted),(data deleted),(data deleted),France,3,1,33.33
2021-01-01,2021-01,0,Week 0,desktop,(data deleted),(data deleted),(data deleted),Philippines,3,3,100.0
2021-01-01,2021-01,0,Week 0,mobile,(data deleted),(data deleted),(data deleted),France,3,3,100.0
2021-01-01,2021-01,1,Week 1,desktop,(data deleted),(data deleted),(data deleted),Israel,3,2,66.67
2021-01-01,2021-01,0,Week 0,desktop,(data deleted),(data deleted),(data deleted),Bangladesh,3,3,100.0
2021-01-01,2021-01,0,Week 0,mobile,(data deleted),(data deleted),(data deleted),Australia,3,3,100.0
2021-01-01,2021-01,0,Week 0,desktop,(data deleted),(data deleted),(data deleted),France,3,3,100.0
2021-01-01,2021-01,0,Week 0,desktop,(direct),(none),(direct),Bahrain,3,3,100.0
2021-01-01,2021-01,0,Week 0,mobile,(direct),(none),(direct),Qatar,3,3,100.0
2021-01-01,2021-01,0,Week 0,mobile,(direct),(none),(direct),Armenia,3,3,100.0
2021-01-01,2021-01,0,Week 0,desktop,(direct),(none),(direct),Albania,3,3,100.0
2021-01-01,2021-01,0,Week 0,mobile,(direct),(none),(direct),Kenya,3,3,100.0
2021-01-01,2021-01,0,Week 0,desktop,(direct),(none),(direct),Nepal,3,3,100.0
2021-01-01,2021-01,0,Week 0,mobile,(direct),(none),(direct),Azerbaijan,3,3,100.0
2021-01-01,2021-01,0,Week 0,mobile,(direct),(none),(direct),Kazakhstan,3,3,100.0
2021-01-01,2021-01,0,Week 0,mobile,(direct),(none),(direct),Kuwait,3,3,100.0
2021-01-01,2021-01,0,Week 0,mobile,(direct),(none),(direct),Estonia,3,3,100.0
2021-01-01,2021-01,0,Week 0,tablet,(direct),(none),(direct),Egypt,3,3,100.0
2021-01-01,2021-01,0,Week 0,tablet,(direct),(none),(direct),Portugal,3,3,100.0
2021-01-01,2021-01,0,Week 0,mobile,(direct),(none),(direct),Oman,3,3,100.0
2021-01-01,2021-01,0,Week 0,mobile,(direct),(none),(direct),Belarus,3,3,100.0
2021-01-01,2021-01,0,Week 0,desktop,(direct),(none),(direct),Mongolia,3,3,100.0
2021-01-01,2021-01,0,Week 0,tablet,(direct),(none),(direct),Hong Kong,3,3,100.0
2021-01-01,2021-01,0,Week 0,desktop,(direct),(none),(direct),Venezuela,3,3,100.0
2021-01-01,2021-01,0,Week 0,tablet,(direct),(none),(direct),Czechia,3,3,100.0
2021-01-01,2021-01,0,Week 0,tablet,(direct),(none),(direct),Japan,3,3,100.0
2021-01-01,2021-01,0,Week 0,tablet,(direct),(none),(direct),Argentina,3,3,100.0
2021-01-01,2021-01,1,Week 1,mobile,(direct),(none),(direct),Kenya,3,1,33.33
2021-01-01,2021-01,0,Week 0,mobile,(direct),(none),(direct),Costa Rica,3,3,100.0
2021-01-01,2021-01,0,Week 0,mobile,(direct),(none),(direct),Jamaica,3,3,100.0
2021-01-01,2021-01,0,Week 0,tablet,(direct),(none),(direct),Malaysia,3,3,100.0
2021-01-01,2021-01,0,Week 0,desktop,(direct),(none),(direct),Panama,3,3,100.0
2021-01-01,2021-01,0,Week 0,mobile,(direct),(none),(direct),Bahamas,3,3,100.0
2021-01-01,2021-01,0,Week 0,tablet,(direct),(none),(direct),Poland,3,3,100.0
2021-01-01,2021-01,0,Week 0,tablet,<Other>,<Other>,<Other>,Peru,3,3,100.0
2021-01-01,2021-01,0,Week 0,desktop,<Other>,<Other>,<Other>,Cambodia,3,3,100.0
2021-01-01,2021-01,0,Week 0,mobile,<Other>,<Other>,<Other>,Slovakia,3,3,100.0
2021-01-01,2021-01,0,Week 0,desktop,<Other>,<Other>,<Other>,Costa Rica,3,3,100.0
2021-01-01,2021-01,0,Week 0,desktop,<Other>,<Other>,<Other>,Latvia,3,3,100.0
2021-01-01,2021-01,0,Week 0,tablet,<Other>,<Other>,<Other>,Australia,3,3,100.0
2021-01-01,2021-01,0,Week 0,mobile,<Other>,<Other>,<Other>,Iceland,3,3,100.0
2021-01-01,2021-01,0,Week 0,tablet,<Other>,<Other>,<Other>,Malaysia,3,3,100.0
2021-01-01,2021-01,0,Week 0,mobile,<Other>,<Other>,<Other>,Belarus,3,3,100.0
2021-01-01,2021-01,0,Week 0,tablet,<Other>,<Other>,<Other>,Russia,3,3,100.0
2021-01-01,2021-01,0,Week 0,desktop,<Other>,<Other>,<Other>,Mongolia,3,3,100.0
2021-01-01,2021-01,0,Week 0,mobile,<Other>,<Other>,<Other>,Bahrain,3,3,100.0
2021-01-01,2021-01,0,Week 0,desktop,<Other>,<Other>,<Other>,El Salvador,3,3,100.0
2021-01-01,2021-01,0,Week 0,tablet,<Other>,<Other>,<Other>,Vietnam,3,3,100.0
2021-01-01,2021-01,0,Week 0,mobile,<Other>,<Other>,<Other>,Kuwait,3,3,100.0
2021-01-01,2021-01,0,Week 0,mobile,<Other>,<Other>,<Other>,Venezuela,3,3,100.0
2021-01-01,2021-01,0,Week 0,mobile,<Other>,<Other>,<Other>,Uruguay,3,3,100.0
2021-01-01,2021-01,0,Week 0,mobile,<Other>,<Other>,<Other>,North Macedonia,3,3,100.0
2021-01-01,2021-01,0,Week 0,tablet,<Other>,<Other>,<Other>,Poland,3,3,100.0
2021-01-01,2021-01,0,Week 0,mobile,<Other>,<Other>,<Other>,Latvia,3,3,100.0
2021-01-01,2021-01,0,Week 0,mobile,<Other>,<Other>,<Other>,Cyprus,3,3,100.0
2021-01-01,2021-01,0,Week 0,desktop,google,cpc,<Other>,Cyprus,3,3,100.0
2021-01-01,2021-01,0,Week 0,mobile,google,cpc,<Other>,Algeria,3,3,100.0
2021-01-01,2021-01,0,Week 0,desktop,google,cpc,<Other>,South Africa,3,3,100.0
2021-01-01,2021-01,0,Week 0,tablet,google,cpc,<Other>,Japan,3,3,100.0
2021-01-01,2021-01,0,Week 0,desktop,google,cpc,<Other>,Myanmar (Burma),3,3,100.0
2021-01-01,2021-01,0,Week 0,desktop,google,cpc,<Other>,Palestine,3,3,100.0
2021-01-01,2021-01,0,Week 0,tablet,google,cpc,<Other>,United Kingdom,3,3,100.0
2021-01-01,2021-01,0,Week 0,tablet,google,cpc,<Other>,Taiwan,3,3,100.0
2021-01-01,2021-01,0,Week 0,mobile,google,cpc,<Other>,Bulgaria,3,3,100.0
2021-01-01,2021-01,0,Week 0,tablet,google,cpc,<Other>,Indonesia,3,3,100.0
2021-01-01,2021-01,0,Week 0,mobile,google,cpc,<Other>,Norway,3,3,100.0
2021-01-01,2021-01,0,Week 0,desktop,google,cpc,<Other>,Finland,3,3,100.0
2021-01-01,2021-01,0,Week 0,mobile,google,cpc,<Other>,South Africa,3,3,100.0
2021-01-01,2021-01,1,Week 1,desktop,google,cpc,<Other>,Hungary,3,1,33.33
2021-01-01,2021-01,0,Week 0,mobile,google,cpc,<Other>,New Zealand,3,3,100.0
2021-01-01,2021-01,0,Week 0,desktop,google,cpc,<Other>,Ghana,3,3,100.0
2021-01-01,2021-01,0,Week 0,desktop,google,cpc,<Other>,Kuwait,3,3,100.0
2021-01-01,2021-01,0,Week 0,mobile,google,cpc,<Other>,United Arab Emirates,3,3,100.0
2021-01-01,2021-01,0,Week 0,tablet,google,cpc,<Other>,Spain,3,3,100.0
2021-01-01,2021-01,1,Week 1,mobile,google,cpc,<Other>,Algeria,3,1,33.33
2021-01-01,2021-01,0,Week 0,mobile,google,cpc,<Other>,Sri Lanka,3,3,100.0
2021-01-01,2021-01,0,Week 0,desktop,google,cpc,<Other>,Nigeria,3,3,100.0
2021-01-01,2021-01,0,Week 0,desktop,google,cpc,<Other>,Hungary,3,3,100.0
2021-01-01,2021-01,0,Week 0,desktop,google,cpc,<Other>,Algeria,3,3,100.0
2021-01-01,2021-01,0,Week 0,mobile,google,cpc,<Other>,Nigeria,3,3,100.0
2021-01-01,2021-01,0,Week 0,mobile,google,cpc,<Other>,Morocco,3,3,100.0
2021-01-01,2021-01,0,Week 0,desktop,<Other>,organic,(organic),Romania,3,3,100.0
2021-01-01,2021-01,0,Week 0,tablet,google,organic,(organic),Philippines,3,3,100.0
2021-01-01,2021-01,0,Week 0,desktop,google,organic,(organic),Paraguay,3,3,100.0
2021-01-01,2021-01,0,Week 0,desktop,<Other>,organic,(organic),Denmark,3,3,100.0
2021-01-01,2021-01,0,Week 0,tablet,<Other>,organic,(organic),India,3,3,100.0
2021-01-01,2021-01,0,Week 0,tablet,google,organic,(organic),Peru,3,3,100.0
2021-01-01,2021-01,0,Week 0,tablet,google,organic,(organic),United Arab Emirates,3,3,100.0
2021-01-01,2021-01,0,Week 0,tablet,google,organic,(organic),Netherlands,3,3,100.0
2021-01-01,2021-01,0,Week 0,mobile,google,organic,(organic),El Salvador,3,3,100.0
2021-01-01,2021-01,0,Week 0,desktop,<Other>,organic,(organic),Norway,3,3,100.0
2021-01-01,2021-01,0,Week 0,desktop,google,organic,(organic),Bolivia,3,3,100.0
2021-01-01,2021-01,0,Week 0,mobile,google,organic,(organic),Malta,3,3,100.0
2021-01-01,2021-01,0,Week 0,mobile,<Other>,organic,(organic),Chile,3,3,100.0
2021-01-01,2021-01,0,Week 0,mobile,google,organic,(organic),Myanmar (Burma),3,3,100.0
2021-01-01,2021-01,0,Week 0,mobile,<Other>,organic,(organic),Saudi Arabia,3,3,100.0
2021-01-01,2021-01,1,Week 1,tablet,google,organic,(organic),Peru,3,1,33.33
2021-01-01,2021-01,0,Week 0,desktop,<Other>,organic,(organic),Slovenia,3,3,100.0
2021-01-01,2021-01,0,Week 0,desktop,<Other>,organic,(organic),Venezuela,3,3,100.0
2021-01-01,2021-01,1,Week 1,mobile,google,organic,(organic),Bosnia & Herzegovina,3,1,33.33
2021-01-01,2021-01,0,Week 0,mobile,<Other>,organic,(organic),Austria,3,3,100.0
2021-01-01,2021-01,2,Week 2,mobile,<Other>,organic,(organic),Chile,3,1,33.33
2021-01-01,2021-01,0,Week 0,tablet,google,organic,(organic),Switzerland,3,3,100.0
2021-01-01,2021-01,0,Week 0,desktop,google,organic,(organic),Bosnia & Herzegovina,3,3,100.0
2021-01-01,2021-01,1,Week 1,mobile,<Other>,organic,(organic),Chile,3,1,33.33
2021-01-01,2021-01,0,Week 0,desktop,<Other>,organic,(organic),Morocco,3,3,100.0
2021-01-01,2021-01,0,Week 0,mobile,<Other>,organic,(organic),El Salvador,3,3,100.0
2021-01-01,2021-01,0,Week 0,mobile,google,organic,(organic),Bosnia & Herzegovina,3,3,100.0
2021-01-01,2021-01,0,Week 0,tablet,google,organic,(organic),Romania,3,3,100.0
2021-01-01,2021-01,0,Week 0,mobile,<Other>,referral,(referral),Armenia,3,3,100.0
2021-01-01,2021-01,0,Week 0,mobile,<Other>,referral,(referral),Serbia,3,3,100.0
2021-01-01,2021-01,0,Week 0,mobile,<Other>,referral,(referral),Croatia,3,3,100.0
2021-01-01,2021-01,0,Week 0,desktop,<Other>,referral,(referral),Ecuador,3,3,100.0
2021-01-01,2021-01,0,Week 0,mobile,shop.googlemerchandisestore.com,referral,(referral),Belarus,3,3,100.0
2021-01-01,2021-01,0,Week 0,mobile,<Other>,referral,(referral),Myanmar (Burma),3,3,100.0
2021-01-01,2021-01,0,Week 0,mobile,<Other>,referral,(referral),Nepal,3,3,100.0
2021-01-01,2021-01,0,Week 0,tablet,<Other>,referral,(referral),Germany,3,3,100.0
2021-01-01,2021-01,0,Week 0,mobile,<Other>,referral,(referral),Sri Lanka,3,3,100.0
2021-01-01,2021-01,0,Week 0,tablet,shop.googlemerchandisestore.com,referral,(referral),Sweden,3,3,100.0
2021-01-01,2021-01,0,Week 0,mobile,shop.googlemerchandisestore.com,referral,(referral),Ecuador,3,3,100.0
2021-01-01,2021-01,0,Week 0,desktop,shop.googlemerchandisestore.com,referral,(referral),New Zealand,3,3,100.0
2021-01-01,2021-01,0,Week 0,desktop,shop.googlemerchandisestore.com,referral,(referral),Slovakia,3,3,100.0
2021-01-01,2021-01,0,Week 0,mobile,<Other>,referral,(referral),Cambodia,3,3,100.0
2021-01-01,2021-01,0,Week 0,mobile,<Other>,referral,(referral),Algeria,3,3,100.0
2021-01-01,2021-01,0,Week 0,mobile,<Other>,referral,(referral),Lithuania,3,3,100.0
2021-01-01,2021-01,0,Week 0,mobile,<Other>,referral,(referral),Bahamas,3,3,100.0
2021-01-01,2021-01,0,Week 0,mobile,<Other>,referral,(referral),Costa Rica,3,3,100.0
2021-01-01,2021-01,0,Week 0,tablet,<Other>,referral,(referral),France,3,3,100.0
2021-01-01,2021-01,0,Week 0,mobile,<Other>,referral,(referral),Bulgaria,3,3,100.0
2021-01-01,2021-01,0,Week 0,tablet,shop.googlemerchandisestore.com,referral,(referral),China,3,3,100.0
2021-01-01,2021-01,0,Week 0,desktop,<Other>,referral,(referral),Uruguay,3,3,100.0
2021-01-01,2021-01,0,Week 0,mobile,shop.googlemerchandisestore.com,referral,(referral),Saudi Arabia,3,3,100.0
2021-01-01,2021-01,0,Week 0,desktop,<Other>,referral,(referral),Latvia,3,3,100.0
2021-01-01,2021-01,0,Week 0,mobile,<Other>,referral,(referral),Latvia,3,3,100.0
2021-01-01,2021-01,0,Week 0,mobile,shop.googlemerchandisestore.com,referral,(referral),Bulgaria,3,3,100.0
2021-01-01,2021-01,0,Week 0,desktop,shop.googlemerchandisestore.com,referral,(referral),Jordan,3,3,100.0
2021-01-01,2021-01,0,Week 0,tablet,<Other>,referral,(referral),Romania,3,3,100.0
2021-01-01,2021-01,0,Week 0,desktop,(data deleted),(data deleted),(data deleted),Turkey,4,4,100.0
2021-01-01,2021-01,0,Week 0,mobile,<Other>,(data deleted),(data deleted),United States,4,4,100.0
2021-01-01,2021-01,0,Week 0,desktop,(data deleted),(data deleted),(data deleted),Australia,4,4,100.0
2021-01-01,2021-01,0,Week 0,desktop,(data deleted),(data deleted),(data deleted),Indonesia,4,4,100.0
2021-01-01,2021-01,1,Week 1,desktop,(data deleted),(data deleted),(data deleted),Indonesia,4,1,25.0
2021-01-01,2021-01,1,Week 1,desktop,(direct),(none),(direct),Kosovo,4,1,25.0
2021-01-01,2021-01,0,Week 0,mobile,(direct),(none),(direct),Lebanon,4,4,100.0
2021-01-01,2021-01,1,Week 1,mobile,(direct),(none),(direct),Nepal,4,1,25.0
2021-01-01,2021-01,0,Week 0,tablet,(direct),(none),(direct),(not set),4,4,100.0
2021-01-01,2021-01,0,Week 0,desktop,(direct),(none),(direct),Kosovo,4,4,100.0
2021-01-01,2021-01,1,Week 1,mobile,(direct),(none),(direct),Iceland,4,1,25.0
2021-01-01,2021-01,0,Week 0,mobile,(direct),(none),(direct),Myanmar (Burma),4,4,100.0
2021-01-01,2021-01,0,Week 0,tablet,(direct),(none),(direct),Ireland,4,4,100.0
2021-01-01,2021-01,0,Week 0,mobile,(direct),(none),(direct),Ghana,4,4,100.0
2021-01-01,2021-01,0,Week 0,mobile,(direct),(none),(direct),Albania,4,4,100.0
2021-01-01,2021-01,0,Week 0,desktop,(direct),(none),(direct),Oman,4,4,100.0
2021-01-01,2021-01,0,Week 0,mobile,(direct),(none),(direct),Kosovo,4,4,100.0
2021-01-01,2021-01,0,Week 0,tablet,(direct),(none),(direct),Peru,4,4,100.0
2021-01-01,2021-01,0,Week 0,mobile,(direct),(none),(direct),Luxembourg,4,4,100.0
2021-01-01,2021-01,0,Week 0,mobile,(direct),(none),(direct),Iceland,4,4,100.0
2021-01-01,2021-01,0,Week 0,tablet,(direct),(none),(direct),Israel,4,4,100.0
2021-01-01,2021-01,0,Week 0,mobile,(direct),(none),(direct),Ecuador,4,4,100.0
2021-01-01,2021-01,0,Week 0,desktop,(direct),(none),(direct),Honduras,4,4,100.0
2021-01-01,2021-01,0,Week 0,tablet,(direct),(none),(direct),Brazil,4,4,100.0
2021-01-01,2021-01,0,Week 0,desktop,(direct),(none),(direct),Bolivia,4,4,100.0
2021-01-01,2021-01,0,Week 0,desktop,(direct),(none),(direct),Myanmar (Burma),4,4,100.0
2021-01-01,2021-01,0,Week 0,mobile,(direct),(none),(direct),Nepal,4,4,100.0
2021-01-01,2021-01,0,Week 0,desktop,(direct),(none),(direct),Armenia,4,4,100.0
2021-01-01,2021-01,0,Week 0,desktop,(direct),(none),(direct),Costa Rica,4,4,100.0
2021-01-01,2021-01,0,Week 0,mobile,<Other>,<Other>,<Other>,Puerto Rico,4,4,100.0
2021-01-01,2021-01,0,Week 0,tablet,<Other>,<Other>,<Other>,Netherlands,4,4,100.0
2021-01-01,2021-01,0,Week 0,desktop,<Other>,<Other>,<Other>,Dominican Republic,4,4,100.0
2021-01-01,2021-01,0,Week 0,desktop,<Other>,<Other>,<Other>,Kuwait,4,4,100.0
2021-01-01,2021-01,0,Week 0,tablet,<Other>,<Other>,<Other>,Philippines,4,4,100.0
2021-01-01,2021-01,0,Week 0,mobile,<Other>,<Other>,<Other>,Jamaica,4,4,100.0
2021-01-01,2021-01,0,Week 0,desktop,<Other>,<Other>,<Other>,Honduras,4,4,100.0
2021-01-01,2021-01,0,Week 0,desktop,<Other>,<Other>,<Other>,Algeria,4,4,100.0
2021-01-01,2021-01,0,Week 0,mobile,<Other>,<Other>,<Other>,Dominican Republic,4,4,100.0
2021-01-01,2021-01,0,Week 0,desktop,<Other>,<Other>,<Other>,Lebanon,4,4,100.0
2021-01-01,2021-01,0,Week 0,mobile,google,cpc,<Other>,Croatia,4,4,100.0
2021-01-01,2021-01,1,Week 1,mobile,google,cpc,<Other>,Croatia,4,1,25.0
2021-01-01,2021-01,0,Week 0,mobile,google,cpc,<Other>,Slovakia,4,4,100.0
2021-01-01,2021-01,0,Week 0,desktop,google,cpc,<Other>,Slovakia,4,4,100.0
2021-01-01,2021-01,0,Week 0,desktop,google,cpc,<Other>,Jordan,4,4,100.0
2021-01-01,2021-01,0,Week 0,desktop,google,cpc,<Other>,Ecuador,4,4,100.0
2021-01-01,2021-01,0,Week 0,mobile,google,cpc,<Other>,Saudi Arabia,4,4,100.0
2021-01-01,2021-01,0,Week 0,mobile,google,cpc,<Other>,Chile,4,4,100.0
2021-01-01,2021-01,0,Week 0,desktop,google,cpc,<Other>,New Zealand,4,4,100.0
2021-01-01,2021-01,0,Week 0,desktop,google,cpc,<Other>,Bulgaria,4,4,100.0
2021-01-01,2021-01,0,Week 0,desktop,google,cpc,<Other>,Lithuania,4,4,100.0
2021-01-01,2021-01,0,Week 0,mobile,google,cpc,<Other>,Costa Rica,4,4,100.0
2021-01-01,2021-01,0,Week 0,mobile,google,cpc,<Other>,Ecuador,4,4,100.0
2021-01-01,2021-01,0,Week 0,desktop,google,cpc,<Other>,Kenya,4,4,100.0
2021-01-01,2021-01,1,Week 1,mobile,google,cpc,<Other>,Slovakia,4,1,25.0
2021-01-01,2021-01,0,Week 0,tablet,google,cpc,<Other>,France,4,4,100.0
2021-01-01,2021-01,0,Week 0,mobile,google,organic,(organic),Lithuania,4,4,100.0
2021-01-01,2021-01,0,Week 0,mobile,google,organic,(organic),Nepal,4,4,100.0
2021-01-01,2021-01,0,Week 0,desktop,<Other>,organic,(organic),Vietnam,4,4,100.0
2021-01-01,2021-01,0,Week 0,desktop,<Other>,organic,(organic),South Africa,4,4,100.0
2021-01-01,2021-01,0,Week 0,desktop,google,organic,(organic),Panama,4,4,100.0
2021-01-01,2021-01,1,Week 1,mobile,<Other>,organic,(organic),Ukraine,4,1,25.0
2021-01-01,2021-01,0,Week 0,mobile,google,organic,(organic),Venezuela,4,4,100.0
2021-01-01,2021-01,0,Week 0,mobile,<Other>,organic,(organic),Denmark,4,4,100.0
2021-01-01,2021-01,0,Week 0,mobile,<Other>,organic,(organic),Brazil,4,4,100.0
2021-01-01,2021-01,0,Week 0,desktop,<Other>,organic,(organic),Argentina,4,4,100.0
2021-01-01,2021-01,0,Week 0,mobile,<Other>,organic,(organic),Sri Lanka,4,4,100.0
2021-01-01,2021-01,0,Week 0,mobile,google,organic,(organic),Bahamas,4,4,100.0
2021-01-01,2021-01,0,Week 0,desktop,<Other>,organic,(organic),Hungary,4,4,100.0
2021-01-01,2021-01,0,Week 0,mobile,google,organic,(organic),Albania,4,4,100.0
2021-01-01,2021-01,0,Week 0,tablet,google,organic,(organic),Ireland,4,4,100.0
2021-01-01,2021-01,0,Week 0,mobile,google,organic,(organic),Jordan,4,4,100.0
2021-01-01,2021-01,0,Week 0,mobile,google,organic,(organic),Luxembourg,4,4,100.0
2021-01-01,2021-01,0,Week 0,mobile,google,organic,(organic),Qatar,4,4,100.0
2021-01-01,2021-01,0,Week 0,desktop,google,organic,(organic),Albania,4,4,100.0
2021-01-01,2021-01,0,Week 0,mobile,<Other>,organic,(organic),Argentina,4,4,100.0
2021-01-01,2021-01,0,Week 0,mobile,<Other>,organic,(organic),Ukraine,4,4,100.0
2021-01-01,2021-01,0,Week 0,mobile,<Other>,organic,(organic),Bangladesh,4,4,100.0
2021-01-01,2021-01,0,Week 0,desktop,<Other>,organic,(organic),Finland,4,4,100.0
2021-01-01,2021-01,0,Week 0,desktop,<Other>,referral,(referral),Myanmar (Burma),4,4,100.0
2021-01-01,2021-01,0,Week 0,mobile,shop.googlemerchandisestore.com,referral,(referral),Czechia,4,4,100.0
2021-01-01,2021-01,0,Week 0,mobile,shop.googlemerchandisestore.com,referral,(referral),Croatia,4,4,100.0
2021-01-01,2021-01,0,Week 0,mobile,shop.googlemerchandisestore.com,referral,(referral),Chile,4,4,100.0
2021-01-01,2021-01,0,Week 0,mobile,shop.googlemerchandisestore.com,referral,(referral),Finland,4,4,100.0
2021-01-01,2021-01,0,Week 0,tablet,<Other>,referral,(referral),Mexico,4,4,100.0
2021-01-01,2021-01,0,Week 0,tablet,<Other>,referral,(referral),Philippines,4,4,100.0
2021-01-01,2021-01,0,Week 0,mobile,<Other>,referral,(referral),Kazakhstan,4,4,100.0
2021-01-01,2021-01,0,Week 0,desktop,shop.googlemerchandisestore.com,referral,(referral),Finland,4,4,100.0
2021-01-01,2021-01,0,Week 0,desktop,<Other>,referral,(referral),Slovenia,4,4,100.0
2021-01-01,2021-01,0,Week 0,tablet,shop.googlemerchandisestore.com,referral,(referral),United Kingdom,4,4,100.0
2021-01-01,2021-01,1,Week 1,mobile,<Other>,referral,(referral),Luxembourg,4,1,25.0
2021-01-01,2021-01,0,Week 0,mobile,<Other>,referral,(referral),Nigeria,4,4,100.0
2021-01-01,2021-01,0,Week 0,tablet,<Other>,referral,(referral),Poland,4,4,100.0
2021-01-01,2021-01,0,Week 0,mobile,shop.googlemerchandisestore.com,referral,(referral),Austria,4,4,100.0
2021-01-01,2021-01,0,Week 0,desktop,shop.googlemerchandisestore.com,referral,(referral),Croatia,4,4,100.0
2021-01-01,2021-01,0,Week 0,mobile,<Other>,referral,(referral),Luxembourg,4,4,100.0
2021-01-01,2021-01,0,Week 0,mobile,shop.googlemerchandisestore.com,referral,(referral),Colombia,4,4,100.0
2021-01-01,2021-01,0,Week 0,desktop,shop.googlemerchandisestore.com,referral,(referral),Tunisia,4,4,100.0
2021-01-01,2021-01,0,Week 0,desktop,<Other>,referral,(referral),Serbia,4,4,100.0
2021-01-01,2021-01,0,Week 0,mobile,<Other>,referral,(referral),Azerbaijan,4,4,100.0
2021-01-01,2021-01,0,Week 0,mobile,shop.googlemerchandisestore.com,referral,(referral),South Africa,4,4,100.0
2021-01-01,2021-01,1,Week 1,desktop,shop.googlemerchandisestore.com,referral,(referral),Bulgaria,4,1,25.0
2021-01-01,2021-01,0,Week 0,mobile,shop.googlemerchandisestore.com,referral,(referral),Morocco,4,4,100.0
2021-01-01,2021-01,0,Week 0,desktop,shop.googlemerchandisestore.com,referral,(referral),Bulgaria,4,4,100.0
2021-01-01,2021-01,0,Week 0,tablet,<Other>,referral,(referral),Italy,4,4,100.0
2021-01-01,2021-01,0,Week 0,mobile,shop.googlemerchandisestore.com,referral,(referral),Israel,4,4,100.0
2021-01-01,2021-01,2,Week 2,mobile,shop.googlemerchandisestore.com,referral,(referral),Israel,4,1,25.0
2021-01-01,2021-01,0,Week 0,tablet,<Other>,referral,(referral),Netherlands,4,4,100.0
2021-01-01,2021-01,1,Week 1,desktop,<Other>,referral,(referral),Serbia,4,1,25.0
2021-01-01,2021-01,0,Week 0,tablet,shop.googlemerchandisestore.com,referral,(referral),Italy,4,4,100.0
2021-01-01,2021-01,1,Week 1,tablet,<Other>,referral,(referral),Netherlands,4,1,25.0
2021-01-01,2021-01,1,Week 1,mobile,(data deleted),(data deleted),(data deleted),Spain,5,1,20.0
2021-01-01,2021-01,0,Week 0,desktop,(data deleted),(data deleted),(data deleted),Japan,5,5,100.0
2021-01-01,2021-01,0,Week 0,desktop,(data deleted),(data deleted),(data deleted),Singapore,5,5,100.0
2021-01-01,2021-01,0,Week 0,mobile,(data deleted),(data deleted),(data deleted),China,5,5,100.0
2021-01-01,2021-01,0,Week 0,mobile,(data deleted),(data deleted),(data deleted),Japan,5,5,100.0
2021-01-01,2021-01,0,Week 0,mobile,(data deleted),(data deleted),(data deleted),Taiwan,5,5,100.0
2021-01-01,2021-01,0,Week 0,mobile,(data deleted),(data deleted),(data deleted),Spain,5,5,100.0
2021-01-01,2021-01,1,Week 1,mobile,(data deleted),(data deleted),(data deleted),Taiwan,5,2,40.0
2021-01-01,2021-01,1,Week 1,mobile,(direct),(none),(direct),Bolivia,5,1,20.0
2021-01-01,2021-01,1,Week 1,desktop,(direct),(none),(direct),Cyprus,5,1,20.0
2021-01-01,2021-01,1,Week 1,mobile,(direct),(none),(direct),El Salvador,5,1,20.0
2021-01-01,2021-01,0,Week 0,desktop,(direct),(none),(direct),Azerbaijan,5,5,100.0
2021-01-01,2021-01,0,Week 0,desktop,(direct),(none),(direct),Cyprus,5,5,100.0
2021-01-01,2021-01,0,Week 0,mobile,(direct),(none),(direct),Iraq,5,5,100.0
2021-01-01,2021-01,0,Week 0,desktop,(direct),(none),(direct),Iceland,5,5,100.0
2021-01-01,2021-01,0,Week 0,mobile,(direct),(none),(direct),Jordan,5,5,100.0
2021-01-01,2021-01,0,Week 0,tablet,(direct),(none),(direct),Mexico,5,5,100.0
2021-01-01,2021-01,0,Week 0,desktop,(direct),(none),(direct),Guatemala,5,5,100.0
2021-01-01,2021-01,0,Week 0,mobile,(direct),(none),(direct),El Salvador,5,5,100.0
2021-01-01,2021-01,0,Week 0,mobile,(direct),(none),(direct),Bolivia,5,5,100.0
2021-01-01,2021-01,0,Week 0,tablet,(direct),(none),(direct),Colombia,5,5,100.0
2021-01-01,2021-01,0,Week 0,desktop,(direct),(none),(direct),Qatar,5,5,100.0
2021-01-01,2021-01,0,Week 0,mobile,(direct),(none),(direct),Lithuania,5,5,100.0
2021-01-01,2021-01,1,Week 1,desktop,<Other>,<Other>,<Other>,Armenia,5,1,20.0
2021-01-01,2021-01,0,Week 0,mobile,<Other>,<Other>,<Other>,Tunisia,5,5,100.0
2021-01-01,2021-01,0,Week 0,desktop,<Other>,<Other>,<Other>,North Macedonia,5,5,100.0
2021-01-01,2021-01,0,Week 0,mobile,<Other>,<Other>,<Other>,Lebanon,5,5,100.0
2021-01-01,2021-01,0,Week 0,desktop,<Other>,<Other>,<Other>,Uruguay,5,5,100.0
2021-01-01,2021-01,0,Week 0,mobile,<Other>,<Other>,<Other>,Kazakhstan,5,5,100.0
2021-01-01,2021-01,0,Week 0,desktop,<Other>,<Other>,<Other>,Armenia,5,5,100.0
2021-01-01,2021-01,0,Week 0,mobile,<Other>,<Other>,<Other>,Cambodia,5,5,100.0
2021-01-01,2021-01,0,Week 0,tablet,<Other>,<Other>,<Other>,Germany,5,5,100.0
2021-01-01,2021-01,0,Week 0,tablet,<Other>,<Other>,<Other>,Japan,5,5,100.0
2021-01-01,2021-01,0,Week 0,mobile,<Other>,<Other>,<Other>,Nepal,5,5,100.0
2021-01-01,2021-01,0,Week 0,mobile,<Other>,<Other>,<Other>,Kenya,5,5,100.0
2021-01-01,2021-01,1,Week 1,mobile,<Other>,<Other>,<Other>,Cambodia,5,1,20.0
2021-01-01,2021-01,0,Week 0,desktop,<Other>,<Other>,<Other>,Lithuania,5,5,100.0
2021-01-01,2021-01,0,Week 0,desktop,google,cpc,<Other>,Chile,5,5,100.0
2021-01-01,2021-01,0,Week 0,desktop,google,cpc,<Other>,Sri Lanka,5,5,100.0
2021-01-01,2021-01,1,Week 1,desktop,google,cpc,<Other>,Sri Lanka,5,1,20.0
2021-01-01,2021-01,1,Week 1,desktop,google,cpc,<Other>,Denmark,5,1,20.0
2021-01-01,2021-01,0,Week 0,desktop,google,cpc,<Other>,Denmark,5,5,100.0
2021-01-01,2021-01,0,Week 0,mobile,google,cpc,<Other>,Belgium,5,5,100.0
2021-01-01,2021-01,0,Week 0,desktop,google,cpc,<Other>,Norway,5,5,100.0
2021-01-01,2021-01,0,Week 0,desktop,<Other>,organic,(organic),Greece,5,5,100.0
2021-01-01,2021-01,0,Week 0,tablet,google,organic,(organic),Belgium,5,5,100.0
2021-01-01,2021-01,0,Week 0,mobile,<Other>,organic,(organic),Pakistan,5,5,100.0
2021-01-01,2021-01,0,Week 0,tablet,google,organic,(organic),Portugal,5,5,100.0
2021-01-01,2021-01,0,Week 0,desktop,google,organic,(organic),Macao,5,5,100.0
2021-01-01,2021-01,0,Week 0,tablet,google,organic,(organic),Greece,5,5,100.0
2021-01-01,2021-01,2,Week 2,mobile,google,organic,(organic),Cambodia,5,1,20.0
2021-01-01,2021-01,0,Week 0,mobile,<Other>,organic,(organic),Belgium,5,5,100.0
2021-01-01,2021-01,0,Week 0,mobile,google,organic,(organic),Cambodia,5,5,100.0
2021-01-01,2021-01,0,Week 0,desktop,google,organic,(organic),Ghana,5,5,100.0
2021-01-01,2021-01,0,Week 0,tablet,google,organic,(organic),Argentina,5,5,100.0
2021-01-01,2021-01,0,Week 0,mobile,google,organic,(organic),Panama,5,5,100.0
2021-01-01,2021-01,0,Week 0,desktop,<Other>,organic,(organic),Czechia,5,5,100.0
2021-01-01,2021-01,0,Week 0,mobile,google,organic,(organic),Latvia,5,5,100.0
2021-01-01,2021-01,0,Week 0,tablet,google,organic,(organic),Malaysia,5,5,100.0
2021-01-01,2021-01,0,Week 0,mobile,<Other>,organic,(organic),Czechia,5,5,100.0
2021-01-01,2021-01,0,Week 0,desktop,google,organic,(organic),Venezuela,5,5,100.0
2021-01-01,2021-01,0,Week 0,mobile,<Other>,organic,(organic),Romania,5,5,100.0
2021-01-01,2021-01,0,Week 0,desktop,<Other>,organic,(organic),Chile,5,5,100.0
2021-01-01,2021-01,0,Week 0,mobile,google,organic,(organic),Georgia,5,5,100.0
2021-01-01,2021-01,0,Week 0,desktop,google,organic,(organic),Malta,5,5,100.0
2021-01-01,2021-01,0,Week 0,desktop,<Other>,organic,(organic),United Arab Emirates,5,5,100.0
2021-01-01,2021-01,0,Week 0,tablet,google,organic,(organic),Poland,5,5,100.0
2021-01-01,2021-01,0,Week 0,mobile,google,organic,(organic),Dominican Republic,5,5,100.0
2021-01-01,2021-01,0,Week 0,mobile,google,organic,(organic),Macao,5,5,100.0
2021-01-01,2021-01,1,Week 1,desktop,<Other>,organic,(organic),Czechia,5,1,20.0
2021-01-01,2021-01,1,Week 1,desktop,google,organic,(organic),Macao,5,1,20.0
2021-01-01,2021-01,0,Week 0,desktop,google,organic,(organic),Uruguay,5,5,100.0
2021-01-01,2021-01,0,Week 0,tablet,google,organic,(organic),Indonesia,5,5,100.0
2021-01-01,2021-01,0,Week 0,tablet,google,organic,(organic),Turkey,5,5,100.0
2021-01-01,2021-01,0,Week 0,mobile,<Other>,organic,(organic),Switzerland,5,5,100.0
2021-01-01,2021-01,2,Week 2,desktop,google,organic,(organic),Macao,5,2,40.0
2021-01-01,2021-01,0,Week 0,desktop,<Other>,organic,(organic),Malaysia,5,5,100.0
2021-01-01,2021-01,0,Week 0,tablet,google,organic,(organic),Hong Kong,5,5,100.0
2021-01-01,2021-01,0,Week 0,desktop,google,organic,(organic),Honduras,5,5,100.0
2021-01-01,2021-01,0,Week 0,mobile,<Other>,referral,(referral),Denmark,5,5,100.0
2021-01-01,2021-01,0,Week 0,mobile,shop.googlemerchandisestore.com,referral,(referral),Romania,5,5,100.0
2021-01-01,2021-01,0,Week 0,tablet,<Other>,referral,(referral),Singapore,5,5,100.0
2021-01-01,2021-01,2,Week 2,desktop,<Other>,referral,(referral),Jordan,5,1,20.0
2021-01-01,2021-01,0,Week 0,desktop,shop.googlemerchandisestore.com,referral,(referral),Sri Lanka,5,5,100.0
2021-01-01,2021-01,0,Week 0,desktop,<Other>,referral,(referral),Jordan,5,5,100.0
2021-01-01,2021-01,0,Week 0,tablet,<Other>,referral,(referral),China,5,5,100.0
2021-01-01,2021-01,1,Week 1,desktop,shop.googlemerchandisestore.com,referral,(referral),Greece,5,1,20.0
2021-01-01,2021-01,1,Week 1,desktop,<Other>,referral,(referral),Jordan,5,1,20.0
2021-01-01,2021-01,0,Week 0,mobile,<Other>,referral,(referral),Egypt,5,5,100.0
2021-01-01,2021-01,0,Week 0,mobile,shop.googlemerchandisestore.com,referral,(referral),Norway,5,5,100.0
2021-01-01,2021-01,0,Week 0,mobile,shop.googlemerchandisestore.com,referral,(referral),Denmark,5,5,100.0
2021-01-01,2021-01,0,Week 0,desktop,<Other>,referral,(referral),Lithuania,5,5,100.0
2021-01-01,2021-01,0,Week 0,desktop,<Other>,referral,(referral),Dominican Republic,5,5,100.0
2021-01-01,2021-01,1,Week 1,desktop,<Other>,referral,(referral),Dominican Republic,5,1,20.0
2021-01-01,2021-01,1,Week 1,desktop,<Other>,referral,(referral),Bulgaria,5,1,20.0
2021-01-01,2021-01,0,Week 0,mobile,<Other>,referral,(referral),Bangladesh,5,5,100.0
2021-01-01,2021-01,0,Week 0,desktop,<Other>,referral,(referral),Morocco,5,5,100.0
2021-01-01,2021-01,0,Week 0,tablet,<Other>,referral,(referral),South Korea,5,5,100.0
2021-01-01,2021-01,0,Week 0,mobile,shop.googlemerchandisestore.com,referral,(referral),Argentina,5,5,100.0
2021-01-01,2021-01,0,Week 0,desktop,<Other>,referral,(referral),Bulgaria,5,5,100.0
2021-01-01,2021-01,0,Week 0,desktop,shop.googlemerchandisestore.com,referral,(referral),Greece,5,5,100.0
2021-01-01,2021-01,0,Week 0,desktop,<Other>,referral,(referral),New Zealand,5,5,100.0
2021-01-01,2021-01,0,Week 0,mobile,(data deleted),(data deleted),(data deleted),United Kingdom,6,6,100.0
2021-01-01,2021-01,0,Week 0,desktop,(data deleted),(data deleted),(data deleted),Germany,6,6,100.0
2021-01-01,2021-01,0,Week 0,tablet,(data deleted),(data deleted),(data deleted),United States,6,6,100.0
2021-01-01,2021-01,1,Week 1,mobile,(data deleted),(data deleted),(data deleted),United Kingdom,6,1,16.67
2021-01-01,2021-01,0,Week 0,desktop,(data deleted),(data deleted),(data deleted),South Korea,6,6,100.0
2021-01-01,2021-01,1,Week 1,desktop,(data deleted),(data deleted),(data deleted),South Korea,6,1,16.67
2021-01-01,2021-01,0,Week 0,desktop,(direct),(none),(direct),Palestine,6,6,100.0
2021-01-01,2021-01,0,Week 0,tablet,(direct),(none),(direct),South Korea,6,6,100.0
2021-01-01,2021-01,1,Week 1,desktop,(direct),(none),(direct),Uruguay,6,1,16.67
2021-01-01,2021-01,0,Week 0,desktop,(direct),(none),(direct),Estonia,6,6,100.0
2021-01-01,2021-01,0,Week 0,tablet,(direct),(none),(direct),Netherlands,6,6,100.0
2021-01-01,2021-01,0,Week 0,desktop,(direct),(none),(direct),Lebanon,6,6,100.0
2021-01-01,2021-01,0,Week 0,desktop,(direct),(none),(direct),Kuwait,6,6,100.0
2021-01-01,2021-01,0,Week 0,desktop,(direct),(none),(direct),Uruguay,6,6,100.0
2021-01-01,2021-01,1,Week 1,desktop,(direct),(none),(direct),Lebanon,6,1,16.67
2021-01-01,2021-01,0,Week 0,desktop,(direct),(none),(direct),Jamaica,6,6,100.0
2021-01-01,2021-01,0,Week 0,mobile,<Other>,<Other>,<Other>,Hungary,6,6,100.0
2021-01-01,2021-01,0,Week 0,tablet,<Other>,<Other>,<Other>,Spain,6,6,100.0
2021-01-01,2021-01,0,Week 0,desktop,<Other>,<Other>,<Other>,Georgia,6,6,100.0
2021-01-01,2021-01,0,Week 0,tablet,<Other>,<Other>,<Other>,Italy,6,6,100.0
2021-01-01,2021-01,0,Week 0,tablet,<Other>,<Other>,<Other>,Brazil,6,6,100.0
2021-01-01,2021-01,0,Week 0,desktop,<Other>,<Other>,<Other>,Azerbaijan,6,6,100.0
2021-01-01,2021-01,0,Week 0,desktop,<Other>,<Other>,<Other>,Estonia,6,6,100.0
2021-01-01,2021-01,0,Week 0,tablet,<Other>,<Other>,<Other>,Indonesia,6,6,100.0
2021-01-01,2021-01,2,Week 2,tablet,<Other>,<Other>,<Other>,Italy,6,1,16.67
2021-01-01,2021-01,0,Week 0,mobile,<Other>,<Other>,<Other>,Jordan,6,6,100.0
2021-01-01,2021-01,1,Week 1,mobile,<Other>,<Other>,<Other>,Hungary,6,1,16.67
2021-01-01,2021-01,0,Week 0,mobile,<Other>,<Other>,<Other>,Costa Rica,6,6,100.0
2021-01-01,2021-01,0,Week 0,mobile,<Other>,<Other>,<Other>,Croatia,6,6,100.0
2021-01-01,2021-01,0,Week 0,desktop,<Other>,<Other>,<Other>,Serbia,6,6,100.0
2021-01-01,2021-01,0,Week 0,mobile,google,cpc,<Other>,Finland,6,6,100.0
2021-01-01,2021-01,0,Week 0,desktop,google,cpc,<Other>,Saudi Arabia,6,6,100.0
2021-01-01,2021-01,0,Week 0,mobile,google,cpc,<Other>,Austria,6,6,100.0
2021-01-01,2021-01,0,Week 0,mobile,google,organic,(organic),Cyprus,6,6,100.0
2021-01-01,2021-01,0,Week 0,tablet,<Other>,organic,(organic),Canada,6,6,100.0
2021-01-01,2021-01,1,Week 1,mobile,<Other>,organic,(organic),Peru,6,1,16.67
2021-01-01,2021-01,1,Week 1,mobile,google,organic,(organic),Costa Rica,6,1,16.67
2021-01-01,2021-01,0,Week 0,desktop,google,organic,(organic),Armenia,6,6,100.0
2021-01-01,2021-01,0,Week 0,mobile,<Other>,organic,(organic),Indonesia,6,6,100.0
2021-01-01,2021-01,0,Week 0,mobile,<Other>,organic,(organic),Portugal,6,6,100.0
2021-01-01,2021-01,0,Week 0,mobile,google,organic,(organic),Tunisia,6,6,100.0
2021-01-01,2021-01,1,Week 1,mobile,google,organic,(organic),Iraq,6,1,16.67
2021-01-01,2021-01,0,Week 0,mobile,google,organic,(organic),Costa Rica,6,6,100.0
2021-01-01,2021-01,0,Week 0,desktop,<Other>,organic,(organic),Colombia,6,6,100.0
2021-01-01,2021-01,0,Week 0,desktop,google,organic,(organic),Azerbaijan,6,6,100.0
2021-01-01,2021-01,0,Week 0,desktop,google,organic,(organic),Bahamas,6,6,100.0
2021-01-01,2021-01,2,Week 2,mobile,google,organic,(organic),Iraq,6,1,16.67
2021-01-01,2021-01,1,Week 1,desktop,<Other>,organic,(organic),Sweden,6,1,16.67
2021-01-01,2021-01,0,Week 0,mobile,<Other>,organic,(organic),Mexico,6,6,100.0
2021-01-01,2021-01,0,Week 0,mobile,<Other>,organic,(organic),Peru,6,6,100.0
2021-01-01,2021-01,0,Week 0,mobile,google,organic,(organic),Palestine,6,6,100.0
2021-01-01,2021-01,0,Week 0,mobile,google,organic,(organic),North Macedonia,6,6,100.0
2021-01-01,2021-01,0,Week 0,tablet,google,organic,(organic),Mexico,6,6,100.0
2021-01-01,2021-01,0,Week 0,mobile,<Other>,organic,(organic),Malaysia,6,6,100.0
2021-01-01,2021-01,0,Week 0,desktop,<Other>,organic,(organic),Switzerland,6,6,100.0
2021-01-01,2021-01,2,Week 2,mobile,<Other>,organic,(organic),Peru,6,1,16.67
2021-01-01,2021-01,1,Week 1,desktop,google,organic,(organic),Bahamas,6,1,16.67
2021-01-01,2021-01,0,Week 0,mobile,google,organic,(organic),Mongolia,6,6,100.0
2021-01-01,2021-01,0,Week 0,desktop,<Other>,organic,(organic),Sweden,6,6,100.0
2021-01-01,2021-01,0,Week 0,mobile,google,organic,(organic),Iraq,6,6,100.0
2021-01-01,2021-01,0,Week 0,mobile,<Other>,organic,(organic),Thailand,6,6,100.0
2021-01-01,2021-01,0,Week 0,mobile,<Other>,referral,(referral),Romania,6,6,100.0
2021-01-01,2021-01,0,Week 0,desktop,shop.googlemerchandisestore.com,referral,(referral),Denmark,6,6,100.0
2021-01-01,2021-01,0,Week 0,desktop,shop.googlemerchandisestore.com,referral,(referral),Czechia,6,6,100.0
2021-01-01,2021-01,0,Week 0,mobile,shop.googlemerchandisestore.com,referral,(referral),Bangladesh,6,6,100.0
2021-01-01,2021-01,0,Week 0,desktop,shop.googlemerchandisestore.com,referral,(referral),United Arab Emirates,6,6,100.0
2021-01-01,2021-01,0,Week 0,desktop,<Other>,referral,(referral),Croatia,6,6,100.0
2021-01-01,2021-01,0,Week 0,mobile,shop.googlemerchandisestore.com,referral,(referral),Slovakia,6,6,100.0
2021-01-01,2021-01,0,Week 0,desktop,<Other>,referral,(referral),Nigeria,6,6,100.0
2021-01-01,2021-01,1,Week 1,desktop,<Other>,referral,(referral),Nigeria,6,2,33.33
2021-01-01,2021-01,0,Week 0,mobile,<Other>,referral,(referral),Ukraine,6,6,100.0
2021-01-01,2021-01,0,Week 0,tablet,shop.googlemerchandisestore.com,referral,(referral),India,6,6,100.0
2021-01-01,2021-01,0,Week 0,desktop,<Other>,referral,(referral),Kazakhstan,6,6,100.0
2021-01-01,2021-01,0,Week 0,desktop,(data deleted),(data deleted),(data deleted),Italy,7,7,100.0
2021-01-01,2021-01,0,Week 0,desktop,(data deleted),(data deleted),(data deleted),China,7,7,100.0
2021-01-01,2021-01,0,Week 0,desktop,(direct),(none),(direct),Algeria,7,7,100.0
2021-01-01,2021-01,1,Week 1,desktop,(direct),(none),(direct),Algeria,7,1,14.29
2021-01-01,2021-01,0,Week 0,desktop,(direct),(none),(direct),Puerto Rico,7,7,100.0
2021-01-01,2021-01,0,Week 0,mobile,(direct),(none),(direct),Slovakia,7,7,100.0
2021-01-01,2021-01,0,Week 0,tablet,(direct),(none),(direct),Italy,7,7,100.0
2021-01-01,2021-01,0,Week 0,desktop,(direct),(none),(direct),Latvia,7,7,100.0
2021-01-01,2021-01,0,Week 0,desktop,(direct),(none),(direct),Kenya,7,7,100.0
2021-01-01,2021-01,0,Week 0,desktop,(direct),(none),(direct),Tunisia,7,7,100.0
2021-01-01,2021-01,0,Week 0,desktop,(direct),(none),(direct),Georgia,7,7,100.0
2021-01-01,2021-01,0,Week 0,mobile,(direct),(none),(direct),Dominican Republic,7,7,100.0
2021-01-01,2021-01,0,Week 0,desktop,(direct),(none),(direct),North Macedonia,7,7,100.0
2021-01-01,2021-01,1,Week 1,desktop,(direct),(none),(direct),Puerto Rico,7,1,14.29
2021-01-01,2021-01,0,Week 0,desktop,<Other>,<Other>,<Other>,Qatar,7,7,100.0
2021-01-01,2021-01,0,Week 0,mobile,<Other>,<Other>,<Other>,Lithuania,7,7,100.0
2021-01-01,2021-01,0,Week 0,tablet,<Other>,<Other>,<Other>,China,7,7,100.0
2021-01-01,2021-01,1,Week 1,desktop,<Other>,<Other>,<Other>,Iraq,7,2,28.57
2021-01-01,2021-01,0,Week 0,desktop,<Other>,<Other>,<Other>,Kazakhstan,7,7,100.0
2021-01-01,2021-01,0,Week 0,desktop,<Other>,<Other>,<Other>,Tunisia,7,7,100.0
2021-01-01,2021-01,0,Week 0,mobile,<Other>,<Other>,<Other>,Chile,7,7,100.0
2021-01-01,2021-01,0,Week 0,tablet,<Other>,<Other>,<Other>,Singapore,7,7,100.0
2021-01-01,2021-01,0,Week 0,mobile,<Other>,<Other>,<Other>,Iraq,7,7,100.0
2021-01-01,2021-01,0,Week 0,desktop,<Other>,<Other>,<Other>,Iraq,7,7,100.0
2021-01-01,2021-01,0,Week 0,mobile,google,cpc,<Other>,Philippines,7,7,100.0
2021-01-01,2021-01,0,Week 0,mobile,google,cpc,<Other>,Pakistan,7,7,100.0
2021-01-01,2021-01,0,Week 0,desktop,google,cpc,<Other>,Argentina,7,7,100.0
2021-01-01,2021-01,0,Week 0,mobile,google,cpc,<Other>,Romania,7,7,100.0
2021-01-01,2021-01,0,Week 0,desktop,google,cpc,<Other>,Morocco,7,7,100.0
2021-01-01,2021-01,2,Week 2,mobile,google,organic,(organic),Kazakhstan,7,1,14.29
2021-01-01,2021-01,2,Week 2,desktop,google,organic,(organic),El Salvador,7,1,14.29
2021-01-01,2021-01,0,Week 0,mobile,<Other>,organic,(organic),(not set),7,7,100.0
2021-01-01,2021-01,0,Week 0,mobile,google,organic,(organic),Iceland,7,7,100.0
2021-01-01,2021-01,0,Week 0,desktop,google,organic,(organic),Kazakhstan,7,7,100.0
2021-01-01,2021-01,0,Week 0,desktop,google,organic,(organic),Kuwait,7,7,100.0
2021-01-01,2021-01,0,Week 0,desktop,google,organic,(organic),Qatar,7,7,100.0
2021-01-01,2021-01,0,Week 0,mobile,google,organic,(organic),Azerbaijan,7,7,100.0
2021-01-01,2021-01,0,Week 0,desktop,<Other>,organic,(organic),Hong Kong,7,7,100.0
2021-01-01,2021-01,1,Week 1,mobile,google,organic,(organic),Azerbaijan,7,2,28.57
2021-01-01,2021-01,0,Week 0,desktop,<Other>,organic,(organic),Pakistan,7,7,100.0
2021-01-01,2021-01,0,Week 0,mobile,<Other>,organic,(organic),Sweden,7,7,100.0
2021-01-01,2021-01,0,Week 0,mobile,google,organic,(organic),Kazakhstan,7,7,100.0
2021-01-01,2021-01,0,Week 0,desktop,google,organic,(organic),Bahrain,7,7,100.0
2021-01-01,2021-01,0,Week 0,mobile,google,organic,(organic),Belarus,7,7,100.0
2021-01-01,2021-01,0,Week 0,desktop,google,organic,(organic),El Salvador,7,7,100.0
2021-01-01,2021-01,0,Week 0,desktop,<Other>,organic,(organic),Peru,7,7,100.0
2021-01-01,2021-01,0,Week 0,tablet,google,organic,(organic),(not set),7,7,100.0
2021-01-01,2021-01,1,Week 1,mobile,<Other>,organic,(organic),(not set),7,1,14.29
2021-01-01,2021-01,0,Week 0,desktop,<Other>,organic,(organic),Thailand,7,7,100.0
2021-01-01,2021-01,2,Week 2,desktop,<Other>,referral,(referral),Chile,7,1,14.29
2021-01-01,2021-01,0,Week 0,desktop,<Other>,referral,(referral),Chile,7,7,100.0
2021-01-01,2021-01,0,Week 0,desktop,shop.googlemerchandisestore.com,referral,(referral),Romania,7,7,100.0
2021-01-01,2021-01,2,Week 2,desktop,<Other>,referral,(referral),Cambodia,7,1,14.29
2021-01-01,2021-01,0,Week 0,mobile,<Other>,referral,(referral),Slovakia,7,7,100.0
2021-01-01,2021-01,0,Week 0,mobile,shop.googlemerchandisestore.com,referral,(referral),Egypt,7,7,100.0
2021-01-01,2021-01,0,Week 0,mobile,<Other>,referral,(referral),Saudi Arabia,7,7,100.0
2021-01-01,2021-01,0,Week 0,desktop,shop.googlemerchandisestore.com,referral,(referral),Chile,7,7,100.0
2021-01-01,2021-01,0,Week 0,desktop,<Other>,referral,(referral),Iraq,7,7,100.0
2021-01-01,2021-01,1,Week 1,desktop,<Other>,referral,(referral),Cambodia,7,1,14.29
2021-01-01,2021-01,1,Week 1,desktop,shop.googlemerchandisestore.com,referral,(referral),South Africa,7,1,14.29
2021-01-01,2021-01,0,Week 0,desktop,shop.googlemerchandisestore.com,referral,(referral),Hungary,7,7,100.0
2021-01-01,2021-01,0,Week 0,desktop,shop.googlemerchandisestore.com,referral,(referral),South Africa,7,7,100.0
2021-01-01,2021-01,0,Week 0,desktop,<Other>,referral,(referral),Cambodia,7,7,100.0
2021-01-01,2021-01,1,Week 1,desktop,(data deleted),(data deleted),(data deleted),Taiwan,8,1,12.5
2021-01-01,2021-01,0,Week 0,desktop,(data deleted),(data deleted),(data deleted),Taiwan,8,8,100.0
2021-01-01,2021-01,0,Week 0,mobile,(direct),(none),(direct),Puerto Rico,8,8,100.0
2021-01-01,2021-01,0,Week 0,desktop,(direct),(none),(direct),Belarus,8,8,100.0
2021-01-01,2021-01,0,Week 0,desktop,(direct),(none),(direct),Dominican Republic,8,8,100.0
2021-01-01,2021-01,0,Week 0,desktop,(direct),(none),(direct),Slovenia,8,8,100.0
2021-01-01,2021-01,0,Week 0,tablet,(direct),(none),(direct),Germany,8,8,100.0
2021-01-01,2021-01,0,Week 0,desktop,(direct),(none),(direct),Iraq,8,8,100.0
2021-01-01,2021-01,1,Week 1,tablet,(direct),(none),(direct),Germany,8,1,12.5
2021-01-01,2021-01,0,Week 0,desktop,(direct),(none),(direct),Cambodia,8,8,100.0
2021-01-01,2021-01,1,Week 1,desktop,(direct),(none),(direct),Iraq,8,1,12.5
2021-01-01,2021-01,0,Week 0,mobile,<Other>,<Other>,<Other>,Slovenia,8,8,100.0
2021-01-01,2021-01,2,Week 2,mobile,<Other>,<Other>,<Other>,Slovenia,8,1,12.5
2021-01-01,2021-01,0,Week 0,mobile,<Other>,<Other>,<Other>,Ecuador,8,8,100.0
2021-01-01,2021-01,0,Week 0,desktop,<Other>,<Other>,<Other>,Slovenia,8,8,100.0
2021-01-01,2021-01,1,Week 1,mobile,<Other>,<Other>,<Other>,Slovenia,8,1,12.5
2021-01-01,2021-01,1,Week 1,desktop,<Other>,<Other>,<Other>,Slovenia,8,1,12.5
2021-01-01,2021-01,1,Week 1,tablet,<Other>,<Other>,<Other>,France,8,1,12.5
2021-01-01,2021-01,1,Week 1,desktop,<Other>,<Other>,<Other>,Puerto Rico,8,1,12.5
2021-01-01,2021-01,0,Week 0,tablet,<Other>,<Other>,<Other>,Taiwan,8,8,100.0
2021-01-01,2021-01,0,Week 0,desktop,<Other>,<Other>,<Other>,Puerto Rico,8,8,100.0
2021-01-01,2021-01,0,Week 0,mobile,<Other>,<Other>,<Other>,Nigeria,8,8,100.0
2021-01-01,2021-01,0,Week 0,tablet,<Other>,<Other>,<Other>,France,8,8,100.0
2021-01-01,2021-01,3,Week 3,mobile,<Other>,<Other>,<Other>,Slovenia,8,1,12.5
2021-01-01,2021-01,0,Week 0,desktop,google,cpc,<Other>,Austria,8,8,100.0
2021-01-01,2021-01,0,Week 0,desktop,google,cpc,<Other>,United Arab Emirates,8,8,100.0
2021-01-01,2021-01,0,Week 0,desktop,google,cpc,<Other>,Bangladesh,8,8,100.0
2021-01-01,2021-01,0,Week 0,desktop,google,cpc,<Other>,Czechia,8,8,100.0
2021-01-01,2021-01,0,Week 0,mobile,google,cpc,<Other>,Czechia,8,8,100.0
2021-01-01,2021-01,1,Week 1,desktop,google,cpc,<Other>,Austria,8,1,12.5
2021-01-01,2021-01,0,Week 0,tablet,google,organic,(organic),Italy,8,8,100.0
2021-01-01,2021-01,0,Week 0,tablet,google,organic,(organic),Brazil,8,8,100.0
2021-01-01,2021-01,0,Week 0,desktop,google,organic,(organic),Palestine,8,8,100.0
2021-01-01,2021-01,0,Week 0,desktop,google,organic,(organic),North Macedonia,8,8,100.0
2021-01-01,2021-01,2,Week 2,tablet,google,organic,(organic),Italy,8,1,12.5
2021-01-01,2021-01,0,Week 0,mobile,<Other>,organic,(organic),Philippines,8,8,100.0
2021-01-01,2021-01,1,Week 1,tablet,google,organic,(organic),Brazil,8,1,12.5
2021-01-01,2021-01,0,Week 0,tablet,google,organic,(organic),Russia,8,8,100.0
2021-01-01,2021-01,0,Week 0,desktop,google,organic,(organic),Latvia,8,8,100.0
2021-01-01,2021-01,3,Week 3,desktop,google,organic,(organic),North Macedonia,8,1,12.5
2021-01-01,2021-01,0,Week 0,desktop,shop.googlemerchandisestore.com,referral,(referral),Saudi Arabia,8,8,100.0
2021-01-01,2021-01,0,Week 0,desktop,shop.googlemerchandisestore.com,referral,(referral),Vietnam,8,8,100.0
2021-01-01,2021-01,0,Week 0,desktop,<Other>,referral,(referral),Bangladesh,8,8,100.0
2021-01-01,2021-01,0,Week 0,desktop,<Other>,referral,(referral),Algeria,8,8,100.0
2021-01-01,2021-01,0,Week 0,mobile,<Other>,referral,(referral),Morocco,8,8,100.0
2021-01-01,2021-01,0,Week 0,desktop,shop.googlemerchandisestore.com,referral,(referral),Pakistan,8,8,100.0
2021-01-01,2021-01,0,Week 0,mobile,shop.googlemerchandisestore.com,referral,(referral),Thailand,8,8,100.0
2021-01-01,2021-01,0,Week 0,tablet,<Other>,referral,(referral),United Kingdom,8,8,100.0
2021-01-01,2021-01,0,Week 0,mobile,shop.googlemerchandisestore.com,referral,(referral),Greece,8,8,100.0
2021-01-01,2021-01,0,Week 0,tablet,shop.googlemerchandisestore.com,referral,(referral),Canada,8,8,100.0
2021-01-01,2021-01,0,Week 0,desktop,(data deleted),(data deleted),(data deleted),United Kingdom,9,9,100.0
2021-01-01,2021-01,1,Week 1,desktop,(direct),(none),(direct),Jordan,9,1,11.11
2021-01-01,2021-01,0,Week 0,desktop,(direct),(none),(direct),Jordan,9,9,100.0
2021-01-01,2021-01,0,Week 0,mobile,<Other>,<Other>,<Other>,Serbia,9,9,100.0
2021-01-01,2021-01,0,Week 0,mobile,<Other>,<Other>,<Other>,Sri Lanka,9,9,100.0
2021-01-01,2021-01,0,Week 0,desktop,<Other>,<Other>,<Other>,Kenya,9,9,100.0
2021-01-01,2021-01,0,Week 0,desktop,<Other>,<Other>,<Other>,Jordan,9,9,100.0
2021-01-01,2021-01,0,Week 0,desktop,google,cpc,<Other>,Portugal,9,9,100.0
2021-01-01,2021-01,0,Week 0,mobile,google,cpc,<Other>,Sweden,9,9,100.0
2021-01-01,2021-01,0,Week 0,desktop,google,cpc,<Other>,Egypt,9,9,100.0
2021-01-01,2021-01,0,Week 0,desktop,google,cpc,<Other>,Peru,9,9,100.0
2021-01-01,2021-01,0,Week 0,mobile,google,cpc,<Other>,Vietnam,9,9,100.0
2021-01-01,2021-01,0,Week 0,mobile,google,cpc,<Other>,Colombia,9,9,100.0
2021-01-01,2021-01,1,Week 1,mobile,google,cpc,<Other>,Colombia,9,1,11.11
2021-01-01,2021-01,0,Week 0,tablet,google,cpc,<Other>,Canada,9,9,100.0
2021-01-01,2021-01,2,Week 2,mobile,google,cpc,<Other>,Vietnam,9,1,11.11
2021-01-01,2021-01,0,Week 0,mobile,google,cpc,<Other>,Greece,9,9,100.0
2021-01-01,2021-01,0,Week 0,mobile,google,cpc,<Other>,Ukraine,9,9,100.0
2021-01-01,2021-01,1,Week 1,mobile,<Other>,organic,(organic),Hong Kong,9,1,11.11
2021-01-01,2021-01,0,Week 0,mobile,google,organic,(organic),Serbia,9,9,100.0
2021-01-01,2021-01,0,Week 0,mobile,<Other>,organic,(organic),Australia,9,9,100.0
2021-01-01,2021-01,0,Week 0,mobile,<Other>,organic,(organic),Hong Kong,9,9,100.0
2021-01-01,2021-01,0,Week 0,tablet,google,organic,(organic),Singapore,9,9,100.0
2021-01-01,2021-01,0,Week 0,desktop,<Other>,organic,(organic),Portugal,9,9,100.0
2021-01-01,2021-01,0,Week 0,desktop,google,organic,(organic),Oman,9,9,100.0
2021-01-01,2021-01,0,Week 0,desktop,google,organic,(organic),Estonia,9,9,100.0
2021-01-01,2021-01,0,Week 0,mobile,<Other>,organic,(organic),Ireland,9,9,100.0
2021-01-01,2021-01,1,Week 1,mobile,<Other>,organic,(organic),Ireland,9,1,11.11
2021-01-01,2021-01,0,Week 0,mobile,<Other>,organic,(organic),Russia,9,9,100.0
2021-01-01,2021-01,0,Week 0,desktop,<Other>,organic,(organic),Belgium,9,9,100.0
2021-01-01,2021-01,0,Week 0,desktop,<Other>,organic,(organic),Philippines,9,9,100.0
2021-01-01,2021-01,1,Week 1,desktop,google,organic,(organic),Costa Rica,9,1,11.11
2021-01-01,2021-01,0,Week 0,desktop,google,organic,(organic),Myanmar (Burma),9,9,100.0
2021-01-01,2021-01,1,Week 1,desktop,<Other>,organic,(organic),Belgium,9,1,11.11
2021-01-01,2021-01,0,Week 0,mobile,<Other>,organic,(organic),Singapore,9,9,100.0
2021-01-01,2021-01,0,Week 0,desktop,google,organic,(organic),Costa Rica,9,9,100.0
2021-01-01,2021-01,0,Week 0,desktop,google,organic,(organic),Lebanon,9,9,100.0
2021-01-01,2021-01,0,Week 0,mobile,<Other>,referral,(referral),Finland,9,9,100.0
2021-01-01,2021-01,0,Week 0,desktop,<Other>,referral,(referral),Egypt,9,9,100.0
2021-01-01,2021-01,0,Week 0,desktop,<Other>,referral,(referral),Finland,9,9,100.0
2021-01-01,2021-01,0,Week 0,desktop,shop.googlemerchandisestore.com,referral,(referral),Egypt,9,9,100.0
2021-01-01,2021-01,0,Week 0,mobile,shop.googlemerchandisestore.com,referral,(referral),Sweden,9,9,100.0
2021-01-01,2021-01,0,Week 0,desktop,shop.googlemerchandisestore.com,referral,(referral),Israel,9,9,100.0
2021-01-01,2021-01,0,Week 0,mobile,shop.googlemerchandisestore.com,referral,(referral),Vietnam,9,9,100.0
2021-01-01,2021-01,0,Week 0,mobile,shop.googlemerchandisestore.com,referral,(referral),United Arab Emirates,9,9,100.0
2021-01-01,2021-01,0,Week 0,desktop,<Other>,referral,(referral),Saudi Arabia,9,9,100.0
2021-01-01,2021-01,0,Week 0,mobile,<Other>,referral,(referral),Norway,9,9,100.0
2021-01-01,2021-01,0,Week 0,desktop,shop.googlemerchandisestore.com,referral,(referral),Austria,9,9,100.0
2021-01-01,2021-01,0,Week 0,mobile,(direct),(none),(direct),Bulgaria,10,10,100.0
2021-01-01,2021-01,0,Week 0,tablet,(direct),(none),(direct),China,10,10,100.0
2021-01-01,2021-01,0,Week 0,tablet,(direct),(none),(direct),Singapore,10,10,100.0
2021-01-01,2021-01,1,Week 1,tablet,(direct),(none),(direct),China,10,2,20.0
2021-01-01,2021-01,0,Week 0,desktop,(direct),(none),(direct),Lithuania,10,10,100.0
2021-01-01,2021-01,0,Week 0,mobile,(direct),(none),(direct),Slovenia,10,10,100.0
2021-01-01,2021-01,0,Week 0,mobile,(direct),(none),(direct),Algeria,10,10,100.0
2021-01-01,2021-01,0,Week 0,mobile,(direct),(none),(direct),Serbia,10,10,100.0
2021-01-01,2021-01,0,Week 0,desktop,<Other>,<Other>,<Other>,Bulgaria,10,10,100.0
2021-01-01,2021-01,0,Week 0,mobile,<Other>,<Other>,<Other>,Finland,10,10,100.0
2021-01-01,2021-01,0,Week 0,mobile,google,cpc,<Other>,Denmark,10,10,100.0
2021-01-01,2021-01,0,Week 0,mobile,google,cpc,<Other>,Portugal,10,10,100.0
2021-01-01,2021-01,1,Week 1,mobile,google,cpc,<Other>,Denmark,10,2,20.0
2021-01-01,2021-01,0,Week 0,desktop,google,cpc,<Other>,Belgium,10,10,100.0
2021-01-01,2021-01,0,Week 0,mobile,google,cpc,<Other>,Bangladesh,10,10,100.0
2021-01-01,2021-01,0,Week 0,desktop,google,organic,(organic),Jordan,10,10,100.0
2021-01-01,2021-01,0,Week 0,desktop,google,organic,(organic),Iraq,10,10,100.0
2021-01-01,2021-01,0,Week 0,desktop,google,organic,(organic),Tunisia,10,10,100.0
2021-01-01,2021-01,0,Week 0,tablet,google,organic,(organic),Australia,10,10,100.0
2021-01-01,2021-01,2,Week 2,desktop,google,organic,(organic),Iraq,10,1,10.0
2021-01-01,2021-01,0,Week 0,desktop,google,organic,(organic),Kenya,10,10,100.0
2021-01-01,2021-01,0,Week 0,tablet,google,organic,(organic),Taiwan,10,10,100.0
2021-01-01,2021-01,3,Week 3,desktop,google,organic,(organic),Kenya,10,1,10.0
2021-01-01,2021-01,0,Week 0,mobile,google,organic,(organic),New Zealand,10,10,100.0
2021-01-01,2021-01,0,Week 0,desktop,google,organic,(organic),Jamaica,10,10,100.0
2021-01-01,2021-01,0,Week 0,desktop,<Other>,organic,(organic),Ukraine,10,10,100.0
2021-01-01,2021-01,1,Week 1,tablet,google,organic,(organic),Australia,10,1,10.0
2021-01-01,2021-01,0,Week 0,desktop,google,organic,(organic),Guatemala,10,10,100.0
2021-01-01,2021-01,1,Week 1,desktop,google,organic,(organic),Jamaica,10,1,10.0
2021-01-01,2021-01,0,Week 0,mobile,google,organic,(organic),Lebanon,10,10,100.0
2021-01-01,2021-01,0,Week 0,desktop,<Other>,referral,(referral),Slovakia,10,10,100.0
2021-01-01,2021-01,0,Week 0,desktop,shop.googlemerchandisestore.com,referral,(referral),Switzerland,10,10,100.0
2021-01-01,2021-01,0,Week 0,mobile,<Other>,referral,(referral),Argentina,10,10,100.0
2021-01-01,2021-01,0,Week 0,mobile,<Other>,referral,(referral),Hungary,10,10,100.0
2021-01-01,2021-01,1,Week 1,mobile,<Other>,referral,(referral),Argentina,10,1,10.0
2021-01-01,2021-01,0,Week 0,mobile,shop.googlemerchandisestore.com,referral,(referral),Pakistan,10,10,100.0
2021-01-01,2021-01,1,Week 1,tablet,<Other>,referral,(referral),Canada,10,1,10.0
2021-01-01,2021-01,2,Week 2,desktop,shop.googlemerchandisestore.com,referral,(referral),Switzerland,10,1,10.0
2021-01-01,2021-01,0,Week 0,desktop,<Other>,referral,(referral),Ukraine,10,10,100.0
2021-01-01,2021-01,0,Week 0,mobile,<Other>,referral,(referral),United Arab Emirates,10,10,100.0
2021-01-01,2021-01,2,Week 2,desktop,<Other>,referral,(referral),Ukraine,10,1,10.0
2021-01-01,2021-01,0,Week 0,mobile,shop.googlemerchandisestore.com,referral,(referral),Ukraine,10,10,100.0
2021-01-01,2021-01,2,Week 2,mobile,<Other>,referral,(referral),Argentina,10,1,10.0
2021-01-01,2021-01,0,Week 0,tablet,<Other>,referral,(referral),Canada,10,10,100.0
2021-01-01,2021-01,0,Week 0,desktop,shop.googlemerchandisestore.com,referral,(referral),Portugal,10,10,100.0
2021-01-01,2021-01,0,Week 0,desktop,shop.googlemerchandisestore.com,referral,(referral),Ukraine,10,10,100.0
2021-01-01,2021-01,1,Week 1,desktop,(direct),(none),(direct),Hungary,11,1,9.09
2021-01-01,2021-01,0,Week 0,desktop,(direct),(none),(direct),Kazakhstan,11,11,100.0
2021-01-01,2021-01,0,Week 0,mobile,(direct),(none),(direct),Nigeria,11,11,100.0
2021-01-01,2021-01,0,Week 0,mobile,(direct),(none),(direct),Morocco,11,11,100.0
2021-01-01,2021-01,0,Week 0,mobile,(direct),(none),(direct),Croatia,11,11,100.0
2021-01-01,2021-01,0,Week 0,tablet,(direct),(none),(direct),Taiwan,11,11,100.0
2021-01-01,2021-01,2,Week 2,mobile,(direct),(none),(direct),Nigeria,11,1,9.09
2021-01-01,2021-01,0,Week 0,desktop,(direct),(none),(direct),Hungary,11,11,100.0
2021-01-01,2021-01,0,Week 0,tablet,<Other>,<Other>,<Other>,United Kingdom,11,11,100.0
2021-01-01,2021-01,0,Week 0,mobile,<Other>,<Other>,<Other>,Bulgaria,11,11,100.0
2021-01-01,2021-01,1,Week 1,mobile,<Other>,<Other>,<Other>,Morocco,11,1,9.09
2021-01-01,2021-01,0,Week 0,desktop,<Other>,<Other>,<Other>,Croatia,11,11,100.0
2021-01-01,2021-01,1,Week 1,tablet,<Other>,<Other>,<Other>,United Kingdom,11,1,9.09
2021-01-01,2021-01,0,Week 0,mobile,<Other>,<Other>,<Other>,Morocco,11,11,100.0
2021-01-01,2021-01,1,Week 1,desktop,<Other>,<Other>,<Other>,Croatia,11,1,9.09
2021-01-01,2021-01,0,Week 0,desktop,<Other>,<Other>,<Other>,Ecuador,11,11,100.0
2021-01-01,2021-01,3,Week 3,desktop,google,cpc,<Other>,Romania,11,1,9.09
2021-01-01,2021-01,0,Week 0,desktop,google,cpc,<Other>,Romania,11,11,100.0
2021-01-01,2021-01,0,Week 0,mobile,google,cpc,<Other>,Israel,11,11,100.0
2021-01-01,2021-01,0,Week 0,mobile,google,cpc,<Other>,Switzerland,11,11,100.0
2021-01-01,2021-01,2,Week 2,mobile,google,cpc,<Other>,Switzerland,11,1,9.09
2021-01-01,2021-01,0,Week 0,desktop,google,cpc,<Other>,Thailand,11,11,100.0
2021-01-01,2021-01,0,Week 0,mobile,google,cpc,<Other>,Mexico,11,11,100.0
2021-01-01,2021-01,0,Week 0,mobile,google,cpc,<Other>,Thailand,11,11,100.0
2021-01-01,2021-01,0,Week 0,desktop,google,cpc,<Other>,Ukraine,11,11,100.0
2021-01-01,2021-01,0,Week 0,desktop,google,cpc,<Other>,Hong Kong,11,11,100.0
2021-01-01,2021-01,0,Week 0,mobile,google,organic,(organic),Puerto Rico,11,11,100.0
2021-01-01,2021-01,0,Week 0,desktop,google,organic,(organic),Algeria,11,11,100.0
2021-01-01,2021-01,0,Week 0,tablet,google,organic,(organic),Japan,11,11,100.0
2021-01-01,2021-01,0,Week 0,mobile,<Other>,organic,(organic),Poland,11,11,100.0
2021-01-01,2021-01,0,Week 0,mobile,google,organic,(organic),Kenya,11,11,100.0
2021-01-01,2021-01,0,Week 0,desktop,<Other>,organic,(organic),Israel,11,11,100.0
2021-01-01,2021-01,0,Week 0,mobile,google,organic,(organic),Algeria,11,11,100.0
2021-01-01,2021-01,0,Week 0,desktop,<Other>,organic,(organic),(not set),11,11,100.0
2021-01-01,2021-01,0,Week 0,mobile,shop.googlemerchandisestore.com,referral,(referral),Ireland,11,11,100.0
2021-01-01,2021-01,1,Week 1,desktop,<Other>,referral,(referral),Sri Lanka,11,1,9.09
2021-01-01,2021-01,0,Week 0,mobile,shop.googlemerchandisestore.com,referral,(referral),Philippines,11,11,100.0
2021-01-01,2021-01,0,Week 0,mobile,shop.googlemerchandisestore.com,referral,(referral),Hong Kong,11,11,100.0
2021-01-01,2021-01,0,Week 0,mobile,shop.googlemerchandisestore.com,referral,(referral),Portugal,11,11,100.0
2021-01-01,2021-01,1,Week 1,mobile,shop.googlemerchandisestore.com,referral,(referral),Hong Kong,11,1,9.09
2021-01-01,2021-01,0,Week 0,mobile,<Other>,referral,(referral),Peru,11,11,100.0
2021-01-01,2021-01,0,Week 0,desktop,<Other>,referral,(referral),Sri Lanka,11,11,100.0
2021-01-01,2021-01,0,Week 0,desktop,shop.googlemerchandisestore.com,referral,(referral),Malaysia,11,11,100.0
2021-01-01,2021-01,0,Week 0,mobile,shop.googlemerchandisestore.com,referral,(referral),Malaysia,11,11,100.0
2021-01-01,2021-01,1,Week 1,mobile,<Other>,referral,(referral),Czechia,11,2,18.18
2021-01-01,2021-01,0,Week 0,mobile,<Other>,referral,(referral),Czechia,11,11,100.0
2021-01-01,2021-01,1,Week 1,mobile,(data deleted),(data deleted),(data deleted),Canada,12,1,8.33
2021-01-01,2021-01,0,Week 0,mobile,(data deleted),(data deleted),(data deleted),Canada,12,12,100.0
2021-01-01,2021-01,0,Week 0,tablet,(direct),(none),(direct),Spain,12,12,100.0
2021-01-01,2021-01,0,Week 0,mobile,(direct),(none),(direct),Norway,12,12,100.0
2021-01-01,2021-01,0,Week 0,mobile,(direct),(none),(direct),Hungary,12,12,100.0
2021-01-01,2021-01,1,Week 1,tablet,(direct),(none),(direct),Spain,12,1,8.33
2021-01-01,2021-01,1,Week 1,mobile,google,cpc,<Other>,Malaysia,12,1,8.33
2021-01-01,2021-01,0,Week 0,desktop,google,cpc,<Other>,Vietnam,12,12,100.0
2021-01-01,2021-01,0,Week 0,mobile,google,cpc,<Other>,Malaysia,12,12,100.0
2021-01-01,2021-01,0,Week 0,desktop,google,organic,(organic),Dominican Republic,12,12,100.0
2021-01-01,2021-01,1,Week 1,desktop,google,organic,(organic),Belarus,12,1,8.33
2021-01-01,2021-01,0,Week 0,mobile,google,organic,(organic),Ecuador,12,12,100.0
2021-01-01,2021-01,0,Week 0,desktop,google,organic,(organic),Georgia,12,12,100.0
2021-01-01,2021-01,1,Week 1,mobile,google,organic,(organic),Ecuador,12,1,8.33
2021-01-01,2021-01,0,Week 0,desktop,google,organic,(organic),Belarus,12,12,100.0
2021-01-01,2021-01,0,Week 0,mobile,<Other>,organic,(organic),Israel,12,12,100.0
2021-01-01,2021-01,0,Week 0,desktop,google,organic,(organic),Nepal,12,12,100.0
2021-01-01,2021-01,0,Week 0,desktop,<Other>,organic,(organic),Ireland,12,12,100.0
2021-01-01,2021-01,2,Week 2,desktop,google,organic,(organic),Belarus,12,1,8.33
2021-01-01,2021-01,1,Week 1,desktop,shop.googlemerchandisestore.com,referral,(referral),Philippines,12,1,8.33
2021-01-01,2021-01,0,Week 0,desktop,shop.googlemerchandisestore.com,referral,(referral),Philippines,12,12,100.0
2021-01-01,2021-01,0,Week 0,desktop,<Other>,referral,(referral),Romania,12,12,100.0
2021-01-01,2021-01,0,Week 0,desktop,shop.googlemerchandisestore.com,referral,(referral),Argentina,12,12,100.0
2021-01-01,2021-01,0,Week 0,desktop,<Other>,referral,(referral),Czechia,12,12,100.0
2021-01-01,2021-01,1,Week 1,mobile,<Other>,referral,(referral),Austria,12,2,16.67
2021-01-01,2021-01,1,Week 1,desktop,<Other>,referral,(referral),Thailand,12,1,8.33
2021-01-01,2021-01,0,Week 0,mobile,<Other>,referral,(referral),Austria,12,12,100.0
2021-01-01,2021-01,0,Week 0,mobile,shop.googlemerchandisestore.com,referral,(referral),Peru,12,12,100.0
2021-01-01,2021-01,0,Week 0,desktop,<Other>,referral,(referral),Argentina,12,12,100.0
2021-01-01,2021-01,0,Week 0,desktop,<Other>,referral,(referral),Thailand,12,12,100.0
2021-01-01,2021-01,1,Week 1,mobile,(direct),(none),(direct),Chile,13,1,7.69
2021-01-01,2021-01,0,Week 0,desktop,(direct),(none),(direct),New Zealand,13,13,100.0
2021-01-01,2021-01,0,Week 0,mobile,(direct),(none),(direct),Chile,13,13,100.0
2021-01-01,2021-01,0,Week 0,desktop,(direct),(none),(direct),Morocco,13,13,100.0
2021-01-01,2021-01,1,Week 1,desktop,(direct),(none),(direct),New Zealand,13,1,7.69
2021-01-01,2021-01,0,Week 0,tablet,(direct),(none),(direct),Australia,13,13,100.0
2021-01-01,2021-01,1,Week 1,tablet,(direct),(none),(direct),Australia,13,1,7.69
2021-01-01,2021-01,0,Week 0,mobile,<Other>,<Other>,<Other>,South Africa,13,13,100.0
2021-01-01,2021-01,1,Week 1,desktop,<Other>,<Other>,<Other>,Finland,13,1,7.69
2021-01-01,2021-01,0,Week 0,desktop,<Other>,<Other>,<Other>,Finland,13,13,100.0
2021-01-01,2021-01,0,Week 0,mobile,<Other>,<Other>,<Other>,Austria,13,13,100.0
2021-01-01,2021-01,1,Week 1,desktop,google,cpc,<Other>,Greece,13,1,7.69
2021-01-01,2021-01,0,Week 0,desktop,google,cpc,<Other>,Israel,13,13,100.0
2021-01-01,2021-01,0,Week 0,mobile,google,cpc,<Other>,Ireland,13,13,100.0
2021-01-01,2021-01,0,Week 0,mobile,google,cpc,<Other>,Hong Kong,13,13,100.0
2021-01-01,2021-01,0,Week 0,mobile,google,cpc,<Other>,Russia,13,13,100.0
2021-01-01,2021-01,0,Week 0,desktop,google,cpc,<Other>,Greece,13,13,100.0
2021-01-01,2021-01,1,Week 1,desktop,google,cpc,<Other>,Israel,13,1,7.69
2021-01-01,2021-01,0,Week 0,mobile,google,cpc,<Other>,Peru,13,13,100.0
2021-01-01,2021-01,1,Week 1,desktop,google,organic,(organic),Iceland,13,1,7.69
2021-01-01,2021-01,0,Week 0,desktop,<Other>,organic,(organic),Indonesia,13,13,100.0
2021-01-01,2021-01,0,Week 0,desktop,google,organic,(organic),Puerto Rico,13,13,100.0
2021-01-01,2021-01,1,Week 1,desktop,google,organic,(organic),Cambodia,13,1,7.69
2021-01-01,2021-01,0,Week 0,desktop,google,organic,(organic),Iceland,13,13,100.0
2021-01-01,2021-01,0,Week 0,desktop,google,organic,(organic),Cambodia,13,13,100.0
2021-01-01,2021-01,0,Week 0,mobile,<Other>,organic,(organic),China,13,13,100.0
2021-01-01,2021-01,0,Week 0,mobile,google,organic,(organic),Chile,13,13,100.0
2021-01-01,2021-01,2,Week 2,desktop,<Other>,organic,(organic),Russia,13,1,7.69
2021-01-01,2021-01,0,Week 0,desktop,<Other>,organic,(organic),Russia,13,13,100.0
2021-01-01,2021-01,0,Week 0,mobile,google,organic,(organic),Kuwait,13,13,100.0
2021-01-01,2021-01,1,Week 1,desktop,<Other>,organic,(organic),Indonesia,13,1,7.69
2021-01-01,2021-01,1,Week 1,desktop,<Other>,organic,(organic),Russia,13,2,15.38
2021-01-01,2021-01,1,Week 1,desktop,google,organic,(organic),Puerto Rico,13,1,7.69
2021-01-01,2021-01,0,Week 0,tablet,google,organic,(organic),France,13,13,100.0
2021-01-01,2021-01,0,Week 0,mobile,shop.googlemerchandisestore.com,referral,(referral),Belgium,13,13,100.0
2021-01-01,2021-01,3,Week 3,mobile,<Other>,referral,(referral),Philippines,13,1,7.69
2021-01-01,2021-01,0,Week 0,desktop,<Other>,referral,(referral),South Africa,13,13,100.0
2021-01-01,2021-01,0,Week 0,desktop,shop.googlemerchandisestore.com,referral,(referral),Thailand,13,13,100.0
2021-01-01,2021-01,0,Week 0,mobile,shop.googlemerchandisestore.com,referral,(referral),Switzerland,13,13,100.0
2021-01-01,2021-01,0,Week 0,desktop,<Other>,referral,(referral),Greece,13,13,100.0
2021-01-01,2021-01,3,Week 3,desktop,<Other>,referral,(referral),Greece,13,1,7.69
2021-01-01,2021-01,1,Week 1,mobile,<Other>,referral,(referral),Pakistan,13,2,15.38
2021-01-01,2021-01,0,Week 0,mobile,<Other>,referral,(referral),Pakistan,13,13,100.0
2021-01-01,2021-01,1,Week 1,desktop,<Other>,referral,(referral),Greece,13,2,15.38
2021-01-01,2021-01,0,Week 0,mobile,<Other>,referral,(referral),Philippines,13,13,100.0
2021-01-01,2021-01,0,Week 0,desktop,shop.googlemerchandisestore.com,referral,(referral),Peru,13,13,100.0
2021-01-01,2021-01,1,Week 1,mobile,shop.googlemerchandisestore.com,referral,(referral),Belgium,13,2,15.38
2021-01-01,2021-01,0,Week 0,desktop,(direct),(none),(direct),Bulgaria,14,14,100.0
2021-01-01,2021-01,0,Week 0,desktop,(direct),(none),(direct),Slovakia,14,14,100.0
2021-01-01,2021-01,0,Week 0,desktop,(direct),(none),(direct),Serbia,14,14,100.0
2021-01-01,2021-01,0,Week 0,mobile,<Other>,<Other>,<Other>,Egypt,14,14,100.0
2021-01-01,2021-01,1,Week 1,mobile,<Other>,<Other>,<Other>,Norway,14,2,14.29
2021-01-01,2021-01,3,Week 3,desktop,<Other>,<Other>,<Other>,Hungary,14,1,7.14
2021-01-01,2021-01,0,Week 0,desktop,<Other>,<Other>,<Other>,Hungary,14,14,100.0
2021-01-01,2021-01,0,Week 0,mobile,<Other>,<Other>,<Other>,Norway,14,14,100.0
2021-01-01,2021-01,1,Week 1,mobile,<Other>,<Other>,<Other>,New Zealand,14,1,7.14
2021-01-01,2021-01,0,Week 0,mobile,<Other>,<Other>,<Other>,New Zealand,14,14,100.0
2021-01-01,2021-01,0,Week 0,desktop,google,cpc,<Other>,Colombia,14,14,100.0
2021-01-01,2021-01,0,Week 0,desktop,google,cpc,<Other>,Pakistan,14,14,100.0
2021-01-01,2021-01,0,Week 0,tablet,google,cpc,<Other>,India,14,14,100.0
2021-01-01,2021-01,1,Week 1,desktop,google,cpc,<Other>,Pakistan,14,1,7.14
2021-01-01,2021-01,0,Week 0,mobile,google,cpc,<Other>,Brazil,14,14,100.0
2021-01-01,2021-01,1,Week 1,mobile,<Other>,organic,(organic),Turkey,14,1,7.14
2021-01-01,2021-01,0,Week 0,desktop,google,organic,(organic),Serbia,14,14,100.0
2021-01-01,2021-01,2,Week 2,desktop,google,organic,(organic),Ecuador,14,1,7.14
2021-01-01,2021-01,1,Week 1,desktop,google,organic,(organic),Ecuador,14,1,7.14
2021-01-01,2021-01,0,Week 0,desktop,google,organic,(organic),Ecuador,14,14,100.0
2021-01-01,2021-01,0,Week 0,mobile,<Other>,organic,(organic),Turkey,14,14,100.0
2021-01-01,2021-01,0,Week 0,desktop,<Other>,organic,(organic),Australia,14,14,100.0
2021-01-01,2021-01,0,Week 0,desktop,shop.googlemerchandisestore.com,referral,(referral),Colombia,14,14,100.0
2021-01-01,2021-01,0,Week 0,mobile,shop.googlemerchandisestore.com,referral,(referral),Russia,14,14,100.0
2021-01-01,2021-01,2,Week 2,mobile,shop.googlemerchandisestore.com,referral,(referral),Turkey,14,1,7.14
2021-01-01,2021-01,1,Week 1,mobile,shop.googlemerchandisestore.com,referral,(referral),Indonesia,14,1,7.14
2021-01-01,2021-01,0,Week 0,mobile,<Other>,referral,(referral),Israel,14,14,100.0
2021-01-01,2021-01,3,Week 3,mobile,<Other>,referral,(referral),Israel,14,1,7.14
2021-01-01,2021-01,0,Week 0,mobile,shop.googlemerchandisestore.com,referral,(referral),Indonesia,14,14,100.0
2021-01-01,2021-01,0,Week 0,mobile,shop.googlemerchandisestore.com,referral,(referral),Turkey,14,14,100.0
2021-01-01,2021-01,0,Week 0,desktop,(direct),(none),(direct),Ecuador,15,15,100.0
2021-01-01,2021-01,0,Week 0,desktop,(direct),(none),(direct),Norway,15,15,100.0
2021-01-01,2021-01,0,Week 0,mobile,(direct),(none),(direct),Bangladesh,15,15,100.0
2021-01-01,2021-01,0,Week 0,tablet,(direct),(none),(direct),United Kingdom,15,15,100.0
2021-01-01,2021-01,2,Week 2,desktop,(direct),(none),(direct),Norway,15,1,6.67
2021-01-01,2021-01,1,Week 1,mobile,(direct),(none),(direct),Finland,15,2,13.33
2021-01-01,2021-01,0,Week 0,mobile,(direct),(none),(direct),Finland,15,15,100.0
2021-01-01,2021-01,1,Week 1,desktop,(direct),(none),(direct),Norway,15,1,6.67
2021-01-01,2021-01,0,Week 0,desktop,<Other>,<Other>,<Other>,Morocco,15,15,100.0
2021-01-01,2021-01,0,Week 0,desktop,<Other>,<Other>,<Other>,New Zealand,15,15,100.0
2021-01-01,2021-01,0,Week 0,desktop,google,cpc,<Other>,Switzerland,15,15,100.0
2021-01-01,2021-01,0,Week 0,mobile,google,cpc,<Other>,(not set),15,15,100.0
2021-01-01,2021-01,1,Week 1,mobile,google,cpc,<Other>,(not set),15,1,6.67
2021-01-01,2021-01,2,Week 2,desktop,google,cpc,<Other>,Ireland,15,1,6.67
2021-01-01,2021-01,0,Week 0,desktop,google,cpc,<Other>,Ireland,15,15,100.0
2021-01-01,2021-01,0,Week 0,mobile,google,organic,(organic),Morocco,15,15,100.0
2021-01-01,2021-01,1,Week 1,tablet,google,organic,(organic),Germany,15,1,6.67
2021-01-01,2021-01,0,Week 0,mobile,google,organic,(organic),Slovenia,15,15,100.0
2021-01-01,2021-01,0,Week 0,tablet,google,organic,(organic),Germany,15,15,100.0
2021-01-01,2021-01,0,Week 0,mobile,google,organic,(organic),Slovakia,15,15,100.0
2021-01-01,2021-01,0,Week 0,desktop,google,organic,(organic),Lithuania,15,15,100.0
2021-01-01,2021-01,0,Week 0,desktop,<Other>,organic,(organic),Mexico,15,15,100.0
2021-01-01,2021-01,2,Week 2,desktop,google,organic,(organic),Lithuania,15,1,6.67
2021-01-01,2021-01,1,Week 1,desktop,google,organic,(organic),Lithuania,15,1,6.67
2021-01-01,2021-01,1,Week 1,desktop,shop.googlemerchandisestore.com,referral,(referral),Ireland,15,1,6.67
2021-01-01,2021-01,0,Week 0,mobile,shop.googlemerchandisestore.com,referral,(referral),Australia,15,15,100.0
2021-01-01,2021-01,0,Week 0,desktop,<Other>,referral,(referral),Austria,15,15,100.0
2021-01-01,2021-01,0,Week 0,desktop,shop.googlemerchandisestore.com,referral,(referral),Ireland,15,15,100.0
2021-01-01,2021-01,0,Week 0,desktop,shop.googlemerchandisestore.com,referral,(referral),Belgium,15,15,100.0
2021-01-01,2021-01,0,Week 0,mobile,<Other>,referral,(referral),Vietnam,15,15,100.0
2021-01-01,2021-01,0,Week 0,mobile,<Other>,referral,(referral),Sweden,15,15,100.0
2021-01-01,2021-01,2,Week 2,mobile,<Other>,referral,(referral),Sweden,15,1,6.67
2021-01-01,2021-01,2,Week 2,desktop,<Other>,referral,(referral),Austria,15,1,6.67
2021-01-01,2021-01,1,Week 1,desktop,<Other>,referral,(referral),Austria,15,1,6.67
2021-01-01,2021-01,3,Week 3,mobile,<Other>,referral,(referral),Sweden,15,1,6.67
2021-01-01,2021-01,0,Week 0,desktop,(data deleted),(data deleted),(data deleted),Canada,16,16,100.0
2021-01-01,2021-01,0,Week 0,mobile,(direct),(none),(direct),Egypt,16,16,100.0
2021-01-01,2021-01,1,Week 1,mobile,(direct),(none),(direct),New Zealand,16,1,6.25
2021-01-01,2021-01,0,Week 0,mobile,(direct),(none),(direct),New Zealand,16,16,100.0
2021-01-01,2021-01,0,Week 0,mobile,<Other>,<Other>,<Other>,Argentina,16,16,100.0
2021-01-01,2021-01,0,Week 0,desktop,<Other>,<Other>,<Other>,Denmark,16,16,100.0
2021-01-01,2021-01,0,Week 0,mobile,<Other>,<Other>,<Other>,Denmark,16,16,100.0
2021-01-01,2021-01,0,Week 0,mobile,<Other>,<Other>,<Other>,Saudi Arabia,16,16,100.0
2021-01-01,2021-01,0,Week 0,desktop,google,cpc,<Other>,Malaysia,16,16,100.0
2021-01-01,2021-01,1,Week 1,desktop,google,cpc,<Other>,Malaysia,16,2,12.5
2021-01-01,2021-01,2,Week 2,desktop,google,cpc,<Other>,Poland,16,1,6.25
2021-01-01,2021-01,0,Week 0,desktop,google,cpc,<Other>,Poland,16,16,100.0
2021-01-01,2021-01,1,Week 1,desktop,google,cpc,<Other>,Poland,16,1,6.25
2021-01-01,2021-01,0,Week 0,desktop,google,organic,(organic),Bulgaria,16,16,100.0
2021-01-01,2021-01,0,Week 0,desktop,google,organic,(organic),Finland,16,16,100.0
2021-01-01,2021-01,0,Week 0,desktop,google,organic,(organic),Croatia,16,16,100.0
2021-01-01,2021-01,0,Week 0,mobile,<Other>,organic,(organic),Italy,16,16,100.0
2021-01-01,2021-01,1,Week 1,mobile,<Other>,organic,(organic),Japan,16,1,6.25
2021-01-01,2021-01,0,Week 0,desktop,google,organic,(organic),Nigeria,16,16,100.0
2021-01-01,2021-01,0,Week 0,tablet,google,organic,(organic),South Korea,16,16,100.0
2021-01-01,2021-01,0,Week 0,mobile,google,organic,(organic),Bulgaria,16,16,100.0
2021-01-01,2021-01,0,Week 0,mobile,<Other>,organic,(organic),South Korea,16,16,100.0
2021-01-01,2021-01,0,Week 0,desktop,<Other>,organic,(organic),Poland,16,16,100.0
2021-01-01,2021-01,0,Week 0,mobile,<Other>,organic,(organic),Japan,16,16,100.0
2021-01-01,2021-01,1,Week 1,mobile,<Other>,organic,(organic),South Korea,16,1,6.25
2021-01-01,2021-01,2,Week 2,mobile,<Other>,referral,(referral),Switzerland,16,1,6.25
2021-01-01,2021-01,1,Week 1,desktop,<Other>,referral,(referral),Denmark,16,1,6.25
2021-01-01,2021-01,0,Week 0,desktop,<Other>,referral,(referral),Denmark,16,16,100.0
2021-01-01,2021-01,1,Week 1,desktop,shop.googlemerchandisestore.com,referral,(referral),Indonesia,16,3,18.75
2021-01-01,2021-01,0,Week 0,desktop,shop.googlemerchandisestore.com,referral,(referral),Indonesia,16,16,100.0
2021-01-01,2021-01,1,Week 1,mobile,<Other>,referral,(referral),Switzerland,16,2,12.5
2021-01-01,2021-01,0,Week 0,mobile,<Other>,referral,(referral),Switzerland,16,16,100.0
2021-01-01,2021-01,0,Week 0,desktop,(direct),(none),(direct),Finland,17,17,100.0
2021-01-01,2021-01,0,Week 0,mobile,(direct),(none),(direct),Sri Lanka,17,17,100.0
2021-01-01,2021-01,0,Week 0,desktop,<Other>,<Other>,<Other>,Chile,17,17,100.0
2021-01-01,2021-01,0,Week 0,mobile,<Other>,<Other>,<Other>,Romania,17,17,100.0
2021-01-01,2021-01,0,Week 0,mobile,<Other>,<Other>,<Other>,Bangladesh,17,17,100.0
2021-01-01,2021-01,0,Week 0,desktop,<Other>,<Other>,<Other>,Norway,17,17,100.0
2021-01-01,2021-01,0,Week 0,desktop,google,cpc,<Other>,Mexico,17,17,100.0
2021-01-01,2021-01,1,Week 1,desktop,google,cpc,<Other>,Mexico,17,1,5.88
2021-01-01,2021-01,0,Week 0,mobile,google,organic,(organic),Hungary,17,17,100.0
2021-01-01,2021-01,0,Week 0,desktop,google,organic,(organic),Morocco,17,17,100.0
2021-01-01,2021-01,0,Week 0,mobile,<Other>,organic,(organic),Netherlands,17,17,100.0
2021-01-01,2021-01,1,Week 1,tablet,google,organic,(organic),China,17,1,5.88
2021-01-01,2021-01,1,Week 1,mobile,google,organic,(organic),Hungary,17,2,11.76
2021-01-01,2021-01,0,Week 0,mobile,google,organic,(organic),Norway,17,17,100.0
2021-01-01,2021-01,2,Week 2,mobile,google,organic,(organic),Hungary,17,1,5.88
2021-01-01,2021-01,0,Week 0,mobile,google,organic,(organic),Croatia,17,17,100.0
2021-01-01,2021-01,4,Week 4,mobile,google,organic,(organic),Croatia,17,1,5.88
2021-01-01,2021-01,0,Week 0,tablet,google,organic,(organic),China,17,17,100.0
2021-01-01,2021-01,0,Week 0,tablet,<Other>,referral,(referral),India,17,17,100.0
2021-01-01,2021-01,1,Week 1,mobile,<Other>,referral,(referral),Greece,17,2,11.76
2021-01-01,2021-01,2,Week 2,mobile,<Other>,referral,(referral),Malaysia,17,1,5.88
2021-01-01,2021-01,2,Week 2,mobile,<Other>,referral,(referral),Greece,17,1,5.88
2021-01-01,2021-01,0,Week 0,mobile,shop.googlemerchandisestore.com,referral,(referral),(not set),17,17,100.0
2021-01-01,2021-01,0,Week 0,mobile,<Other>,referral,(referral),Malaysia,17,17,100.0
2021-01-01,2021-01,0,Week 0,desktop,shop.googlemerchandisestore.com,referral,(referral),(not set),17,17,100.0
2021-01-01,2021-01,1,Week 1,mobile,<Other>,referral,(referral),Malaysia,17,1,5.88
2021-01-01,2021-01,0,Week 0,mobile,<Other>,referral,(referral),Greece,17,17,100.0
2021-01-01,2021-01,1,Week 1,desktop,shop.googlemerchandisestore.com,referral,(referral),(not set),17,3,17.65
2021-01-01,2021-01,0,Week 0,mobile,(direct),(none),(direct),South Africa,18,18,100.0
2021-01-01,2021-01,0,Week 0,mobile,(direct),(none),(direct),Austria,18,18,100.0
2021-01-01,2021-01,0,Week 0,desktop,(direct),(none),(direct),Croatia,18,18,100.0
2021-01-01,2021-01,1,Week 1,mobile,google,cpc,<Other>,Poland,18,1,5.56
2021-01-01,2021-01,0,Week 0,mobile,google,cpc,<Other>,Poland,18,18,100.0
2021-01-01,2021-01,0,Week 0,desktop,<Other>,organic,(organic),Turkey,18,18,100.0
2021-01-01,2021-01,0,Week 0,mobile,<Other>,organic,(organic),Germany,18,18,100.0
2021-01-01,2021-01,2,Week 2,desktop,<Other>,organic,(organic),Turkey,18,1,5.56
2021-01-01,2021-01,0,Week 0,desktop,google,organic,(organic),Slovenia,18,18,100.0
2021-01-01,2021-01,1,Week 1,desktop,google,organic,(organic),Slovenia,18,1,5.56
2021-01-01,2021-01,1,Week 1,mobile,shop.googlemerchandisestore.com,referral,(referral),Mexico,18,3,16.67
2021-01-01,2021-01,0,Week 0,mobile,shop.googlemerchandisestore.com,referral,(referral),Mexico,18,18,100.0
2021-01-01,2021-01,0,Week 0,tablet,(direct),(none),(direct),France,19,19,100.0
2021-01-01,2021-01,0,Week 0,mobile,(direct),(none),(direct),Argentina,19,19,100.0
2021-01-01,2021-01,2,Week 2,mobile,(direct),(none),(direct),Argentina,19,1,5.26
2021-01-01,2021-01,0,Week 0,desktop,<Other>,<Other>,<Other>,Slovakia,19,19,100.0
2021-01-01,2021-01,1,Week 1,desktop,<Other>,<Other>,<Other>,Slovakia,19,1,5.26
2021-01-01,2021-01,0,Week 0,mobile,<Other>,<Other>,<Other>,Czechia,19,19,100.0
2021-01-01,2021-01,0,Week 0,desktop,google,cpc,<Other>,Russia,19,19,100.0
2021-01-01,2021-01,0,Week 0,tablet,google,organic,(organic),Spain,19,19,100.0
2021-01-01,2021-01,0,Week 0,desktop,shop.googlemerchandisestore.com,referral,(referral),Netherlands,19,19,100.0
2021-01-01,2021-01,0,Week 0,mobile,<Other>,referral,(referral),Colombia,19,19,100.0
2021-01-01,2021-01,0,Week 0,mobile,<Other>,referral,(referral),Thailand,19,19,100.0
2021-01-01,2021-01,0,Week 0,desktop,shop.googlemerchandisestore.com,referral,(referral),Russia,19,19,100.0
2021-01-01,2021-01,1,Week 1,mobile,<Other>,referral,(referral),Poland,19,1,5.26
2021-01-01,2021-01,1,Week 1,desktop,shop.googlemerchandisestore.com,referral,(referral),Netherlands,19,2,10.53
2021-01-01,2021-01,0,Week 0,mobile,<Other>,referral,(referral),Poland,19,19,100.0
2021-01-01,2021-01,0,Week 0,desktop,shop.googlemerchandisestore.com,referral,(referral),Sweden,19,19,100.0
2021-01-01,2021-01,2,Week 2,mobile,(direct),(none),(direct),Czechia,20,1,5.0
2021-01-01,2021-01,0,Week 0,mobile,(direct),(none),(direct),Czechia,20,20,100.0
2021-01-01,2021-01,0,Week 0,desktop,<Other>,<Other>,<Other>,Saudi Arabia,20,20,100.0
2021-01-01,2021-01,2,Week 2,desktop,<Other>,<Other>,<Other>,South Africa,20,1,5.0
2021-01-01,2021-01,1,Week 1,desktop,<Other>,<Other>,<Other>,South Africa,20,2,10.0
2021-01-01,2021-01,0,Week 0,desktop,<Other>,<Other>,<Other>,South Africa,20,20,100.0
2021-01-01,2021-01,0,Week 0,desktop,google,cpc,<Other>,Turkey,20,20,100.0
2021-01-01,2021-01,0,Week 0,desktop,google,cpc,<Other>,(not set),20,20,100.0
2021-01-01,2021-01,0,Week 0,desktop,google,cpc,<Other>,Sweden,20,20,100.0
2021-01-01,2021-01,0,Week 0,desktop,google,cpc,<Other>,Philippines,20,20,100.0
2021-01-01,2021-01,0,Week 0,mobile,google,cpc,<Other>,Japan,20,20,100.0
2021-01-01,2021-01,1,Week 1,desktop,google,cpc,<Other>,Turkey,20,1,5.0
2021-01-01,2021-01,1,Week 1,desktop,google,cpc,<Other>,Sweden,20,1,5.0
2021-01-01,2021-01,1,Week 1,desktop,google,cpc,<Other>,(not set),20,1,5.0
2021-01-01,2021-01,0,Week 0,mobile,google,cpc,<Other>,South Korea,20,20,100.0
2021-01-01,2021-01,1,Week 1,mobile,google,organic,(organic),Nigeria,20,2,10.0
2021-01-01,2021-01,0,Week 0,mobile,google,organic,(organic),Nigeria,20,20,100.0
2021-01-01,2021-01,0,Week 0,desktop,google,organic,(organic),Hungary,20,20,100.0
2021-01-01,2021-01,2,Week 2,mobile,google,organic,(organic),Nigeria,20,1,5.0
2021-01-01,2021-01,2,Week 2,desktop,google,organic,(organic),Hungary,20,1,5.0
2021-01-01,2021-01,0,Week 0,desktop,shop.googlemerchandisestore.com,referral,(referral),Australia,20,20,100.0
2021-01-01,2021-01,0,Week 0,desktop,shop.googlemerchandisestore.com,referral,(referral),Hong Kong,20,20,100.0
2021-01-01,2021-01,1,Week 1,desktop,shop.googlemerchandisestore.com,referral,(referral),Hong Kong,20,1,5.0
2021-01-01,2021-01,1,Week 1,desktop,shop.googlemerchandisestore.com,referral,(referral),Australia,20,1,5.0
2021-01-01,2021-01,2,Week 2,desktop,(direct),(none),(direct),South Africa,21,1,4.76
2021-01-01,2021-01,1,Week 1,desktop,(direct),(none),(direct),South Africa,21,1,4.76
2021-01-01,2021-01,0,Week 0,desktop,(direct),(none),(direct),South Africa,21,21,100.0
2021-01-01,2021-01,1,Week 1,desktop,<Other>,<Other>,<Other>,Nigeria,21,1,4.76
2021-01-01,2021-01,0,Week 0,desktop,<Other>,<Other>,<Other>,Egypt,21,21,100.0
2021-01-01,2021-01,0,Week 0,desktop,<Other>,<Other>,<Other>,Nigeria,21,21,100.0
2021-01-01,2021-01,0,Week 0,mobile,google,cpc,<Other>,Indonesia,21,21,100.0
2021-01-01,2021-01,1,Week 1,mobile,google,cpc,<Other>,Netherlands,21,1,4.76
2021-01-01,2021-01,3,Week 3,mobile,google,cpc,<Other>,Indonesia,21,1,4.76
2021-01-01,2021-01,0,Week 0,mobile,google,cpc,<Other>,Netherlands,21,21,100.0
2021-01-01,2021-01,2,Week 2,mobile,google,cpc,<Other>,Indonesia,21,1,4.76
2021-01-01,2021-01,0,Week 0,desktop,<Other>,referral,(referral),Belgium,21,21,100.0
2021-01-01,2021-01,2,Week 2,mobile,shop.googlemerchandisestore.com,referral,(referral),Brazil,21,1,4.76
2021-01-01,2021-01,0,Week 0,desktop,<Other>,referral,(referral),Sweden,21,21,100.0
2021-01-01,2021-01,2,Week 2,mobile,<Other>,referral,(referral),Ireland,21,1,4.76
2021-01-01,2021-01,1,Week 1,mobile,<Other>,referral,(referral),Ireland,21,2,9.52
2021-01-01,2021-01,0,Week 0,desktop,<Other>,referral,(referral),Vietnam,21,21,100.0
2021-01-01,2021-01,1,Week 1,mobile,<Other>,referral,(referral),Portugal,21,2,9.52
2021-01-01,2021-01,0,Week 0,mobile,<Other>,referral,(referral),Portugal,21,21,100.0
2021-01-01,2021-01,0,Week 0,mobile,shop.googlemerchandisestore.com,referral,(referral),Brazil,21,21,100.0
2021-01-01,2021-01,0,Week 0,mobile,<Other>,referral,(referral),Belgium,21,21,100.0
2021-01-01,2021-01,1,Week 1,mobile,shop.googlemerchandisestore.com,referral,(referral),Brazil,21,1,4.76
2021-01-01,2021-01,0,Week 0,mobile,<Other>,referral,(referral),Ireland,21,21,100.0
2021-01-01,2021-01,3,Week 3,mobile,shop.googlemerchandisestore.com,referral,(referral),Brazil,21,1,4.76
2021-01-01,2021-01,0,Week 0,desktop,(direct),(none),(direct),Nigeria,22,22,100.0
2021-01-01,2021-01,2,Week 2,mobile,(direct),(none),(direct),Ukraine,22,1,4.55
2021-01-01,2021-01,0,Week 0,mobile,(direct),(none),(direct),Ukraine,22,22,100.0
2021-01-01,2021-01,0,Week 0,desktop,<Other>,<Other>,<Other>,Bangladesh,22,22,100.0
2021-01-01,2021-01,0,Week 0,mobile,<Other>,<Other>,<Other>,United Arab Emirates,22,22,100.0
2021-01-01,2021-01,0,Week 0,desktop,<Other>,organic,(organic),South Korea,22,22,100.0
2021-01-01,2021-01,0,Week 0,mobile,<Other>,organic,(organic),France,22,22,100.0
2021-01-01,2021-01,1,Week 1,desktop,<Other>,organic,(organic),Brazil,22,1,4.55
2021-01-01,2021-01,2,Week 2,desktop,<Other>,organic,(organic),Brazil,22,1,4.55
2021-01-01,2021-01,0,Week 0,desktop,<Other>,organic,(organic),Brazil,22,22,100.0
2021-01-01,2021-01,1,Week 1,mobile,<Other>,organic,(organic),France,22,1,4.55
2021-01-01,2021-01,0,Week 0,mobile,google,organic,(organic),South Africa,22,22,100.0
2021-01-01,2021-01,0,Week 0,mobile,<Other>,referral,(referral),Hong Kong,22,22,100.0
2021-01-01,2021-01,0,Week 0,desktop,<Other>,referral,(referral),United Arab Emirates,22,22,100.0
2021-01-01,2021-01,0,Week 0,mobile,(data deleted),(data deleted),(data deleted),India,23,23,100.0
2021-01-01,2021-01,0,Week 0,desktop,(direct),(none),(direct),Egypt,23,23,100.0
2021-01-01,2021-01,1,Week 1,desktop,(direct),(none),(direct),Egypt,23,2,8.7
2021-01-01,2021-01,1,Week 1,mobile,<Other>,<Other>,<Other>,Greece,23,1,4.35
2021-01-01,2021-01,0,Week 0,mobile,<Other>,<Other>,<Other>,Greece,23,23,100.0
2021-01-01,2021-01,0,Week 0,desktop,google,cpc,<Other>,Indonesia,23,23,100.0
2021-01-01,2021-01,0,Week 0,desktop,google,cpc,<Other>,Netherlands,23,23,100.0
2021-01-01,2021-01,1,Week 1,desktop,google,cpc,<Other>,Indonesia,23,1,4.35
2021-01-01,2021-01,1,Week 1,desktop,google,organic,(organic),Slovakia,23,2,8.7
2021-01-01,2021-01,0,Week 0,mobile,google,organic,(organic),Finland,23,23,100.0
2021-01-01,2021-01,3,Week 3,desktop,google,organic,(organic),Slovakia,23,1,4.35
2021-01-01,2021-01,0,Week 0,desktop,<Other>,organic,(organic),China,23,23,100.0
2021-01-01,2021-01,1,Week 1,desktop,<Other>,organic,(organic),China,23,1,4.35
2021-01-01,2021-01,0,Week 0,desktop,google,organic,(organic),Slovakia,23,23,100.0
2021-01-01,2021-01,0,Week 0,mobile,shop.googlemerchandisestore.com,referral,(referral),Poland,23,23,100.0
2021-01-01,2021-01,0,Week 0,desktop,<Other>,referral,(referral),Portugal,23,23,100.0
2021-01-01,2021-01,1,Week 1,mobile,(direct),(none),(direct),Saudi Arabia,24,1,4.17
2021-01-01,2021-01,0,Week 0,mobile,(direct),(none),(direct),Saudi Arabia,24,24,100.0
2021-01-01,2021-01,0,Week 0,mobile,<Other>,<Other>,<Other>,Belgium,24,24,100.0
2021-01-01,2021-01,0,Week 0,mobile,<Other>,<Other>,<Other>,Ukraine,24,24,100.0
2021-01-01,2021-01,0,Week 0,mobile,google,cpc,<Other>,China,24,24,100.0
2021-01-01,2021-01,1,Week 1,mobile,google,cpc,<Other>,China,24,1,4.17
2021-01-01,2021-01,1,Week 1,desktop,<Other>,organic,(organic),Germany,24,2,8.33
2021-01-01,2021-01,0,Week 0,desktop,<Other>,organic,(organic),Italy,24,24,100.0
2021-01-01,2021-01,0,Week 0,desktop,<Other>,organic,(organic),Germany,24,24,100.0
2021-01-01,2021-01,0,Week 0,desktop,<Other>,referral,(referral),Ireland,24,24,100.0
2021-01-01,2021-01,0,Week 0,desktop,<Other>,referral,(referral),Hong Kong,24,24,100.0
2021-01-01,2021-01,1,Week 1,desktop,<Other>,referral,(referral),Ireland,24,1,4.17
2021-01-01,2021-01,0,Week 0,desktop,(direct),(none),(direct),Chile,25,25,100.0
2021-01-01,2021-01,1,Week 1,desktop,<Other>,<Other>,<Other>,Romania,25,1,4.0
2021-01-01,2021-01,0,Week 0,desktop,<Other>,<Other>,<Other>,Sri Lanka,25,25,100.0
2021-01-01,2021-01,0,Week 0,desktop,<Other>,<Other>,<Other>,Argentina,25,25,100.0
2021-01-01,2021-01,0,Week 0,desktop,<Other>,<Other>,<Other>,Romania,25,25,100.0
2021-01-01,2021-01,1,Week 1,mobile,google,cpc,<Other>,Turkey,25,1,4.0
2021-01-01,2021-01,0,Week 0,mobile,google,cpc,<Other>,Turkey,25,25,100.0
2021-01-01,2021-01,2,Week 2,mobile,google,cpc,<Other>,Turkey,25,1,4.0
2021-01-01,2021-01,0,Week 0,mobile,<Other>,organic,(organic),Taiwan,25,25,100.0
2021-01-01,2021-01,0,Week 0,desktop,<Other>,organic,(organic),Japan,25,25,100.0
2021-01-01,2021-01,0,Week 0,desktop,google,organic,(organic),South Africa,25,25,100.0
2021-01-01,2021-01,1,Week 1,mobile,<Other>,organic,(organic),Taiwan,25,1,4.0
2021-01-01,2021-01,0,Week 0,mobile,shop.googlemerchandisestore.com,referral,(referral),Singapore,25,25,100.0
2021-01-01,2021-01,0,Week 0,desktop,shop.googlemerchandisestore.com,referral,(referral),Brazil,25,25,100.0
2021-01-01,2021-01,0,Week 0,mobile,(direct),(none),(direct),Vietnam,26,26,100.0
2021-01-01,2021-01,1,Week 1,mobile,(direct),(none),(direct),Vietnam,26,1,3.85
2021-01-01,2021-01,0,Week 0,mobile,google,cpc,<Other>,Singapore,26,26,100.0
2021-01-01,2021-01,0,Week 0,mobile,google,organic,(organic),Egypt,26,26,100.0
2021-01-01,2021-01,0,Week 0,mobile,google,organic,(organic),Czechia,26,26,100.0
2021-01-01,2021-01,1,Week 1,mobile,google,organic,(organic),Czechia,26,1,3.85
2021-01-01,2021-01,0,Week 0,mobile,<Other>,referral,(referral),Russia,26,26,100.0
2021-01-01,2021-01,0,Week 0,mobile,shop.googlemerchandisestore.com,referral,(referral),Netherlands,26,26,100.0
2021-01-01,2021-01,1,Week 1,mobile,shop.googlemerchandisestore.com,referral,(referral),Italy,26,1,3.85
2021-01-01,2021-01,1,Week 1,mobile,<Other>,referral,(referral),Russia,26,1,3.85
2021-01-01,2021-01,1,Week 1,mobile,shop.googlemerchandisestore.com,referral,(referral),Japan,26,2,7.69
2021-01-01,2021-01,2,Week 2,mobile,shop.googlemerchandisestore.com,referral,(referral),Japan,26,1,3.85
2021-01-01,2021-01,3,Week 3,mobile,shop.googlemerchandisestore.com,referral,(referral),Italy,26,1,3.85
2021-01-01,2021-01,1,Week 1,mobile,shop.googlemerchandisestore.com,referral,(referral),Netherlands,26,2,7.69
2021-01-01,2021-01,0,Week 0,mobile,shop.googlemerchandisestore.com,referral,(referral),Italy,26,26,100.0
2021-01-01,2021-01,1,Week 1,desktop,<Other>,referral,(referral),Peru,26,1,3.85
2021-01-01,2021-01,0,Week 0,desktop,<Other>,referral,(referral),Peru,26,26,100.0
2021-01-01,2021-01,2,Week 2,mobile,shop.googlemerchandisestore.com,referral,(referral),Netherlands,26,1,3.85
2021-01-01,2021-01,0,Week 0,mobile,shop.googlemerchandisestore.com,referral,(referral),Japan,26,26,100.0
2021-01-01,2021-01,0,Week 0,desktop,(data deleted),(data deleted),(data deleted),India,27,27,100.0
2021-01-01,2021-01,1,Week 1,desktop,(data deleted),(data deleted),(data deleted),India,27,1,3.7
2021-01-01,2021-01,2,Week 2,desktop,(data deleted),(data deleted),(data deleted),India,27,1,3.7
2021-01-01,2021-01,3,Week 3,desktop,(data deleted),(data deleted),(data deleted),India,27,1,3.7
2021-01-01,2021-01,0,Week 0,desktop,(direct),(none),(direct),Saudi Arabia,27,27,100.0
2021-01-01,2021-01,1,Week 1,desktop,(direct),(none),(direct),Saudi Arabia,27,1,3.7
2021-01-01,2021-01,2,Week 2,desktop,(direct),(none),(direct),Saudi Arabia,27,1,3.7
2021-01-01,2021-01,0,Week 0,desktop,<Other>,<Other>,<Other>,Greece,27,27,100.0
2021-01-01,2021-01,2,Week 2,desktop,<Other>,<Other>,<Other>,Greece,27,1,3.7
2021-01-01,2021-01,1,Week 1,desktop,<Other>,<Other>,<Other>,Greece,27,1,3.7
2021-01-01,2021-01,0,Week 0,mobile,google,cpc,<Other>,Italy,27,27,100.0
2021-01-01,2021-01,0,Week 0,desktop,google,cpc,<Other>,Australia,27,27,100.0
2021-01-01,2021-01,1,Week 1,desktop,google,cpc,<Other>,Australia,27,1,3.7
2021-01-01,2021-01,0,Week 0,desktop,<Other>,organic,(organic),Spain,27,27,100.0
2021-01-01,2021-01,0,Week 0,desktop,<Other>,organic,(organic),Singapore,27,27,100.0
2021-01-01,2021-01,0,Week 0,desktop,google,organic,(organic),New Zealand,27,27,100.0
2021-01-01,2021-01,1,Week 1,desktop,google,organic,(organic),New Zealand,27,1,3.7
2021-01-01,2021-01,0,Week 0,tablet,google,organic,(organic),United Kingdom,27,27,100.0
2021-01-01,2021-01,3,Week 3,desktop,<Other>,organic,(organic),Spain,27,2,7.41
2021-01-01,2021-01,1,Week 1,desktop,<Other>,organic,(organic),Spain,27,1,3.7
2021-01-01,2021-01,0,Week 0,desktop,<Other>,referral,(referral),Pakistan,27,27,100.0
2021-01-01,2021-01,1,Week 1,desktop,<Other>,referral,(referral),Pakistan,27,1,3.7
2021-01-01,2021-01,0,Week 0,mobile,shop.googlemerchandisestore.com,referral,(referral),France,27,27,100.0
2021-01-01,2021-01,1,Week 1,mobile,shop.googlemerchandisestore.com,referral,(referral),France,27,1,3.7
2021-01-01,2021-01,0,Week 0,desktop,(direct),(none),(direct),Austria,28,28,100.0
2021-01-01,2021-01,0,Week 0,mobile,(direct),(none),(direct),Denmark,28,28,100.0
2021-01-01,2021-01,1,Week 1,desktop,(direct),(none),(direct),Denmark,28,2,7.14
2021-01-01,2021-01,2,Week 2,mobile,(direct),(none),(direct),Denmark,28,1,3.57
2021-01-01,2021-01,1,Week 1,desktop,(direct),(none),(direct),Sri Lanka,28,3,10.71
2021-01-01,2021-01,2,Week 2,desktop,(direct),(none),(direct),Denmark,28,1,3.57
2021-01-01,2021-01,0,Week 0,desktop,(direct),(none),(direct),Denmark,28,28,100.0
2021-01-01,2021-01,0,Week 0,desktop,(direct),(none),(direct),Sri Lanka,28,28,100.0
2021-01-01,2021-01,0,Week 0,mobile,<Other>,<Other>,<Other>,Ireland,28,28,100.0
2021-01-01,2021-01,0,Week 0,desktop,<Other>,<Other>,<Other>,Czechia,28,28,100.0
2021-01-01,2021-01,1,Week 1,mobile,google,cpc,<Other>,Australia,28,1,3.57
2021-01-01,2021-01,0,Week 0,mobile,google,cpc,<Other>,Australia,28,28,100.0
2021-01-01,2021-01,1,Week 1,mobile,google,organic,(organic),Sri Lanka,28,2,7.14
2021-01-01,2021-01,2,Week 2,desktop,<Other>,organic,(organic),Netherlands,28,1,3.57
2021-01-01,2021-01,0,Week 0,mobile,google,organic,(organic),Sri Lanka,28,28,100.0
2021-01-01,2021-01,0,Week 0,desktop,<Other>,organic,(organic),Netherlands,28,28,100.0
2021-01-01,2021-01,1,Week 1,desktop,<Other>,organic,(organic),Netherlands,28,1,3.57
2021-01-01,2021-01,3,Week 3,mobile,shop.googlemerchandisestore.com,referral,(referral),China,28,1,3.57
2021-01-01,2021-01,1,Week 1,mobile,shop.googlemerchandisestore.com,referral,(referral),China,28,1,3.57
2021-01-01,2021-01,1,Week 1,desktop,shop.googlemerchandisestore.com,referral,(referral),Mexico,28,2,7.14
2021-01-01,2021-01,0,Week 0,desktop,shop.googlemerchandisestore.com,referral,(referral),Mexico,28,28,100.0
2021-01-01,2021-01,0,Week 0,mobile,shop.googlemerchandisestore.com,referral,(referral),China,28,28,100.0
2021-01-01,2021-01,0,Week 0,desktop,(direct),(none),(direct),Romania,29,29,100.0
2021-01-01,2021-01,0,Week 0,mobile,<Other>,<Other>,<Other>,Thailand,29,29,100.0
2021-01-01,2021-01,0,Week 0,tablet,<Other>,<Other>,<Other>,Canada,29,29,100.0
2021-01-01,2021-01,1,Week 1,tablet,<Other>,<Other>,<Other>,Canada,29,1,3.45
2021-01-01,2021-01,0,Week 0,desktop,<Other>,<Other>,<Other>,Vietnam,29,29,100.0
2021-01-01,2021-01,1,Week 1,mobile,<Other>,<Other>,<Other>,Thailand,29,1,3.45
2021-01-01,2021-01,1,Week 1,desktop,<Other>,<Other>,<Other>,Vietnam,29,2,6.9
2021-01-01,2021-01,2,Week 2,mobile,<Other>,<Other>,<Other>,Thailand,29,1,3.45
2021-01-01,2021-01,0,Week 0,desktop,google,cpc,<Other>,Singapore,29,29,100.0
2021-01-01,2021-01,2,Week 2,mobile,<Other>,organic,(organic),Spain,29,1,3.45
2021-01-01,2021-01,1,Week 1,mobile,<Other>,organic,(organic),Spain,29,1,3.45
2021-01-01,2021-01,0,Week 0,mobile,google,organic,(organic),Romania,29,29,100.0
2021-01-01,2021-01,0,Week 0,mobile,<Other>,organic,(organic),Spain,29,29,100.0
2021-01-01,2021-01,2,Week 2,desktop,<Other>,referral,(referral),Russia,29,1,3.45
2021-01-01,2021-01,0,Week 0,mobile,<Other>,referral,(referral),Brazil,29,29,100.0
2021-01-01,2021-01,1,Week 1,desktop,<Other>,referral,(referral),Russia,29,4,13.79
2021-01-01,2021-01,1,Week 1,mobile,<Other>,referral,(referral),Brazil,29,1,3.45
2021-01-01,2021-01,2,Week 2,mobile,<Other>,referral,(referral),Brazil,29,1,3.45
2021-01-01,2021-01,0,Week 0,desktop,<Other>,referral,(referral),Russia,29,29,100.0
2021-01-01,2021-01,0,Week 0,desktop,(direct),(none),(direct),Bangladesh,30,30,100.0
2021-01-01,2021-01,0,Week 0,mobile,(direct),(none),(direct),Pakistan,30,30,100.0
2021-01-01,2021-01,1,Week 1,mobile,(direct),(none),(direct),Pakistan,30,1,3.33
2021-01-01,2021-01,0,Week 0,mobile,(direct),(none),(direct),Romania,30,30,100.0
2021-01-01,2021-01,1,Week 1,mobile,<Other>,<Other>,<Other>,Peru,30,2,6.67
2021-01-01,2021-01,0,Week 0,mobile,<Other>,<Other>,<Other>,Peru,30,30,100.0
2021-01-01,2021-01,0,Week 0,mobile,<Other>,<Other>,<Other>,Pakistan,30,30,100.0
2021-01-01,2021-01,0,Week 0,desktop,<Other>,<Other>,<Other>,Belgium,30,30,100.0
2021-01-01,2021-01,1,Week 1,mobile,<Other>,<Other>,<Other>,Vietnam,30,1,3.33
2021-01-01,2021-01,0,Week 0,mobile,<Other>,<Other>,<Other>,Vietnam,30,30,100.0
2021-01-01,2021-01,1,Week 1,mobile,<Other>,<Other>,<Other>,Pakistan,30,1,3.33
2021-01-01,2021-01,0,Week 0,desktop,google,cpc,<Other>,Brazil,30,30,100.0
2021-01-01,2021-01,1,Week 1,desktop,google,cpc,<Other>,Brazil,30,1,3.33
2021-01-01,2021-01,1,Week 1,desktop,<Other>,referral,(referral),Colombia,30,1,3.33
2021-01-01,2021-01,0,Week 0,mobile,shop.googlemerchandisestore.com,referral,(referral),South Korea,30,30,100.0
2021-01-01,2021-01,0,Week 0,mobile,<Other>,referral,(referral),(not set),30,30,100.0
2021-01-01,2021-01,0,Week 0,desktop,<Other>,referral,(referral),Philippines,30,30,100.0
2021-01-01,2021-01,0,Week 0,desktop,<Other>,referral,(referral),Colombia,30,30,100.0
2021-01-01,2021-01,3,Week 3,desktop,<Other>,referral,(referral),Colombia,30,1,3.33
2021-01-01,2021-01,1,Week 1,mobile,<Other>,referral,(referral),(not set),30,2,6.67
2021-01-01,2021-01,1,Week 1,desktop,(direct),(none),(direct),Argentina,31,1,3.23
2021-01-01,2021-01,0,Week 0,desktop,(direct),(none),(direct),Argentina,31,31,100.0
2021-01-01,2021-01,1,Week 1,desktop,<Other>,<Other>,<Other>,Austria,31,2,6.45
2021-01-01,2021-01,0,Week 0,desktop,<Other>,<Other>,<Other>,Austria,31,31,100.0
2021-01-01,2021-01,0,Week 0,desktop,google,organic,(organic),Sri Lanka,31,31,100.0
2021-01-01,2021-01,0,Week 0,desktop,google,organic,(organic),Norway,31,31,100.0
2021-01-01,2021-01,0,Week 0,mobile,<Other>,referral,(referral),Turkey,31,31,100.0
2021-01-01,2021-01,1,Week 1,desktop,<Other>,referral,(referral),Israel,31,1,3.23
2021-01-01,2021-01,0,Week 0,desktop,<Other>,referral,(referral),Israel,31,31,100.0
2021-01-01,2021-01,0,Week 0,mobile,google,organic,(organic),Argentina,32,32,100.0
2021-01-01,2021-01,0,Week 0,mobile,google,organic,(organic),Bangladesh,32,32,100.0
2021-01-01,2021-01,1,Week 1,mobile,<Other>,referral,(referral),Australia,32,3,9.38
2021-01-01,2021-01,0,Week 0,mobile,shop.googlemerchandisestore.com,referral,(referral),Germany,32,32,100.0
2021-01-01,2021-01,0,Week 0,mobile,<Other>,referral,(referral),Mexico,32,32,100.0
2021-01-01,2021-01,1,Week 1,mobile,shop.googlemerchandisestore.com,referral,(referral),Germany,32,1,3.13
2021-01-01,2021-01,0,Week 0,mobile,<Other>,referral,(referral),Australia,32,32,100.0
2021-01-01,2021-01,0,Week 0,tablet,(direct),(none),(direct),Canada,33,33,100.0
2021-01-01,2021-01,1,Week 1,tablet,(direct),(none),(direct),Canada,33,1,3.03
2021-01-01,2021-01,0,Week 0,mobile,<Other>,<Other>,<Other>,Malaysia,33,33,100.0
2021-01-01,2021-01,1,Week 1,mobile,<Other>,<Other>,<Other>,Malaysia,33,1,3.03
2021-01-01,2021-01,1,Week 1,desktop,google,cpc,<Other>,South Korea,33,2,6.06
2021-01-01,2021-01,0,Week 0,desktop,google,cpc,<Other>,South Korea,33,33,100.0
2021-01-01,2021-01,1,Week 1,tablet,<Other>,organic,(organic),United States,33,1,3.03
2021-01-01,2021-01,1,Week 1,desktop,google,organic,(organic),Chile,33,2,6.06
2021-01-01,2021-01,0,Week 0,tablet,<Other>,organic,(organic),United States,33,33,100.0
2021-01-01,2021-01,3,Week 3,desktop,google,organic,(organic),Chile,33,1,3.03
2021-01-01,2021-01,0,Week 0,desktop,google,organic,(organic),Chile,33,33,100.0
2021-01-01,2021-01,2,Week 2,desktop,google,organic,(organic),Chile,33,1,3.03
2021-01-01,2021-01,0,Week 0,desktop,<Other>,organic,(organic),France,33,33,100.0
2021-01-01,2021-01,0,Week 0,desktop,<Other>,referral,(referral),Mexico,33,33,100.0
2021-01-01,2021-01,1,Week 1,desktop,<Other>,referral,(referral),Mexico,33,2,6.06
2021-01-01,2021-01,1,Week 1,mobile,<Other>,referral,(referral),Indonesia,33,1,3.03
2021-01-01,2021-01,0,Week 0,desktop,<Other>,referral,(referral),Malaysia,33,33,100.0
2021-01-01,2021-01,1,Week 1,desktop,<Other>,referral,(referral),Malaysia,33,4,12.12
2021-01-01,2021-01,0,Week 0,desktop,shop.googlemerchandisestore.com,referral,(referral),Poland,33,33,100.0
2021-01-01,2021-01,0,Week 0,mobile,<Other>,referral,(referral),Indonesia,33,33,100.0
2021-01-01,2021-01,1,Week 1,desktop,shop.googlemerchandisestore.com,referral,(referral),Poland,33,1,3.03
2021-01-01,2021-01,1,Week 1,mobile,(direct),(none),(direct),Portugal,34,1,2.94
2021-01-01,2021-01,0,Week 0,mobile,(direct),(none),(direct),Portugal,34,34,100.0
2021-01-01,2021-01,0,Week 0,mobile,(direct),(none),(direct),United Arab Emirates,34,34,100.0
2021-01-01,2021-01,0,Week 0,mobile,google,organic,(organic),Saudi Arabia,34,34,100.0
2021-01-01,2021-01,2,Week 2,mobile,google,organic,(organic),Saudi Arabia,34,1,2.94
2021-01-01,2021-01,0,Week 0,desktop,shop.googlemerchandisestore.com,referral,(referral),Japan,34,34,100.0
2021-01-01,2021-01,0,Week 0,desktop,<Other>,referral,(referral),Switzerland,34,34,100.0
2021-01-01,2021-01,0,Week 0,mobile,(direct),(none),(direct),Belgium,35,35,100.0
2021-01-01,2021-01,1,Week 1,mobile,(direct),(none),(direct),Belgium,35,3,8.57
2021-01-01,2021-01,2,Week 2,mobile,(direct),(none),(direct),Belgium,35,1,2.86
2021-01-01,2021-01,0,Week 0,mobile,<Other>,<Other>,<Other>,Portugal,35,35,100.0
2021-01-01,2021-01,1,Week 1,mobile,<Other>,<Other>,<Other>,Portugal,35,1,2.86
2021-01-01,2021-01,0,Week 0,mobile,<Other>,organic,(organic),United Kingdom,35,35,100.0
2021-01-01,2021-01,2,Week 2,mobile,<Other>,organic,(organic),United Kingdom,35,3,8.57
2021-01-01,2021-01,0,Week 0,desktop,(direct),(none),(direct),Czechia,36,36,100.0
2021-01-01,2021-01,1,Week 1,desktop,(direct),(none),(direct),Czechia,36,1,2.78
2021-01-01,2021-01,0,Week 0,mobile,(direct),(none),(direct),Peru,36,36,100.0
2021-01-01,2021-01,0,Week 0,mobile,<Other>,referral,(referral),Netherlands,36,36,100.0
2021-01-01,2021-01,1,Week 1,mobile,<Other>,referral,(referral),Netherlands,36,1,2.78
2021-01-01,2021-01,0,Week 0,desktop,<Other>,<Other>,<Other>,Ukraine,37,37,100.0
2021-01-01,2021-01,1,Week 1,tablet,<Other>,<Other>,<Other>,India,37,1,2.7
2021-01-01,2021-01,0,Week 0,mobile,<Other>,<Other>,<Other>,Israel,37,37,100.0
2021-01-01,2021-01,0,Week 0,tablet,<Other>,<Other>,<Other>,India,37,37,100.0
2021-01-01,2021-01,1,Week 1,mobile,google,cpc,<Other>,France,37,2,5.41
2021-01-01,2021-01,1,Week 1,mobile,google,cpc,<Other>,Germany,37,1,2.7
2021-01-01,2021-01,0,Week 0,mobile,google,cpc,<Other>,Germany,37,37,100.0
2021-01-01,2021-01,0,Week 0,mobile,google,cpc,<Other>,France,37,37,100.0
2021-01-01,2021-01,0,Week 0,mobile,google,organic,(organic),Denmark,37,37,100.0
2021-01-01,2021-01,1,Week 1,desktop,shop.googlemerchandisestore.com,referral,(referral),Taiwan,37,4,10.81
2021-01-01,2021-01,2,Week 2,desktop,shop.googlemerchandisestore.com,referral,(referral),Taiwan,37,1,2.7
2021-01-01,2021-01,0,Week 0,desktop,shop.googlemerchandisestore.com,referral,(referral),Taiwan,37,37,100.0
2021-01-01,2021-01,0,Week 0,desktop,(direct),(none),(direct),Vietnam,38,38,100.0
2021-01-01,2021-01,1,Week 1,desktop,(direct),(none),(direct),Vietnam,38,3,7.89
2021-01-01,2021-01,0,Week 0,desktop,<Other>,<Other>,<Other>,Israel,38,38,100.0
2021-01-01,2021-01,0,Week 0,desktop,<Other>,<Other>,<Other>,United Arab Emirates,38,38,100.0
2021-01-01,2021-01,1,Week 1,mobile,<Other>,<Other>,<Other>,Philippines,38,2,5.26
2021-01-01,2021-01,2,Week 2,desktop,<Other>,<Other>,<Other>,United Arab Emirates,38,2,5.26
2021-01-01,2021-01,0,Week 0,mobile,<Other>,<Other>,<Other>,Philippines,38,38,100.0
2021-01-01,2021-01,1,Week 1,desktop,<Other>,<Other>,<Other>,United Arab Emirates,38,1,2.63
2021-01-01,2021-01,1,Week 1,desktop,google,cpc,<Other>,Italy,38,1,2.63
2021-01-01,2021-01,0,Week 0,desktop,google,cpc,<Other>,Japan,38,38,100.0
2021-01-01,2021-01,2,Week 2,desktop,google,cpc,<Other>,Italy,38,1,2.63
2021-01-01,2021-01,0,Week 0,desktop,google,cpc,<Other>,Italy,38,38,100.0
2021-01-01,2021-01,1,Week 1,desktop,google,organic,(organic),Bangladesh,38,2,5.26
2021-01-01,2021-01,3,Week 3,desktop,google,organic,(organic),Bangladesh,38,1,2.63
2021-01-01,2021-01,0,Week 0,desktop,<Other>,organic,(organic),Taiwan,38,38,100.0
2021-01-01,2021-01,0,Week 0,desktop,google,organic,(organic),Bangladesh,38,38,100.0
2021-01-01,2021-01,0,Week 0,desktop,shop.googlemerchandisestore.com,referral,(referral),Italy,38,38,100.0
2021-01-01,2021-01,2,Week 2,desktop,<Other>,referral,(referral),(not set),38,1,2.63
2021-01-01,2021-01,1,Week 1,desktop,<Other>,referral,(referral),(not set),38,2,5.26
2021-01-01,2021-01,0,Week 0,desktop,shop.googlemerchandisestore.com,referral,(referral),South Korea,38,38,100.0
2021-01-01,2021-01,1,Week 1,desktop,shop.googlemerchandisestore.com,referral,(referral),Singapore,38,1,2.63
2021-01-01,2021-01,0,Week 0,desktop,<Other>,referral,(referral),(not set),38,38,100.0
2021-01-01,2021-01,1,Week 1,desktop,shop.googlemerchandisestore.com,referral,(referral),Italy,38,3,7.89
2021-01-01,2021-01,0,Week 0,desktop,shop.googlemerchandisestore.com,referral,(referral),Singapore,38,38,100.0
2021-01-01,2021-01,0,Week 0,mobile,(direct),(none),(direct),Malaysia,39,39,100.0
2021-01-01,2021-01,1,Week 1,mobile,shop.googlemerchandisestore.com,referral,(referral),Taiwan,39,1,2.56
2021-01-01,2021-01,0,Week 0,mobile,shop.googlemerchandisestore.com,referral,(referral),Taiwan,39,39,100.0
2021-01-01,2021-01,0,Week 0,desktop,shop.googlemerchandisestore.com,referral,(referral),Germany,39,39,100.0
2021-01-01,2021-01,1,Week 1,desktop,shop.googlemerchandisestore.com,referral,(referral),Turkey,39,1,2.56
2021-01-01,2021-01,3,Week 3,desktop,shop.googlemerchandisestore.com,referral,(referral),Turkey,39,1,2.56
2021-01-01,2021-01,0,Week 0,desktop,shop.googlemerchandisestore.com,referral,(referral),Turkey,39,39,100.0
2021-01-01,2021-01,2,Week 2,mobile,shop.googlemerchandisestore.com,referral,(referral),Taiwan,39,1,2.56
2021-01-01,2021-01,3,Week 3,desktop,shop.googlemerchandisestore.com,referral,(referral),Germany,39,1,2.56
2021-01-01,2021-01,0,Week 0,desktop,google,cpc,<Other>,Germany,40,40,100.0
2021-01-01,2021-01,1,Week 1,desktop,google,cpc,<Other>,Germany,40,1,2.5
2021-01-01,2021-01,2,Week 2,desktop,google,organic,(organic),Saudi Arabia,40,1,2.5
2021-01-01,2021-01,1,Week 1,desktop,google,organic,(organic),Saudi Arabia,40,2,5.0
2021-01-01,2021-01,0,Week 0,desktop,google,organic,(organic),Saudi Arabia,40,40,100.0
2021-01-01,2021-01,0,Week 0,desktop,<Other>,referral,(referral),Turkey,40,40,100.0
2021-01-01,2021-01,1,Week 1,desktop,<Other>,referral,(referral),Australia,40,1,2.5
2021-01-01,2021-01,0,Week 0,desktop,<Other>,referral,(referral),Australia,40,40,100.0
2021-01-01,2021-01,2,Week 2,desktop,<Other>,referral,(referral),Turkey,40,1,2.5
2021-01-01,2021-01,1,Week 1,desktop,<Other>,referral,(referral),Turkey,40,2,5.0
2021-01-01,2021-01,1,Week 1,mobile,<Other>,<Other>,<Other>,Colombia,41,1,2.44
2021-01-01,2021-01,0,Week 0,mobile,<Other>,<Other>,<Other>,Colombia,41,41,100.0
2021-01-01,2021-01,2,Week 2,mobile,<Other>,<Other>,<Other>,Colombia,41,2,4.88
2021-01-01,2021-01,0,Week 0,desktop,<Other>,<Other>,<Other>,Colombia,41,41,100.0
2021-01-01,2021-01,2,Week 2,desktop,<Other>,<Other>,<Other>,Peru,41,1,2.44
2021-01-01,2021-01,1,Week 1,desktop,<Other>,<Other>,<Other>,Peru,41,1,2.44
2021-01-01,2021-01,0,Week 0,desktop,<Other>,<Other>,<Other>,Peru,41,41,100.0
2021-01-01,2021-01,0,Week 0,mobile,google,cpc,<Other>,Taiwan,41,41,100.0
2021-01-01,2021-01,0,Week 0,mobile,shop.googlemerchandisestore.com,referral,(referral),Spain,41,41,100.0
2021-01-01,2021-01,0,Week 0,tablet,shop.googlemerchandisestore.com,referral,(referral),United States,41,41,100.0
2021-01-01,2021-01,1,Week 1,mobile,shop.googlemerchandisestore.com,referral,(referral),Spain,41,3,7.32
2021-01-01,2021-01,0,Week 0,mobile,(direct),(none),(direct),Greece,42,42,100.0
2021-01-01,2021-01,1,Week 1,mobile,(direct),(none),(direct),Greece,42,3,7.14
2021-01-01,2021-01,0,Week 0,mobile,google,organic,(organic),United Arab Emirates,42,42,100.0
2021-01-01,2021-01,0,Week 0,mobile,google,organic,(organic),Austria,42,42,100.0
2021-01-01,2021-01,1,Week 1,mobile,google,organic,(organic),Austria,42,1,2.38
2021-01-01,2021-01,0,Week 0,mobile,<Other>,referral,(referral),Japan,42,42,100.0
2021-01-01,2021-01,2,Week 2,mobile,<Other>,referral,(referral),Japan,42,1,2.38
2021-01-01,2021-01,0,Week 0,mobile,(direct),(none),(direct),Thailand,43,43,100.0
2021-01-01,2021-01,1,Week 1,mobile,(direct),(none),(direct),Thailand,43,2,4.65
2021-01-01,2021-01,0,Week 0,mobile,<Other>,<Other>,<Other>,Russia,43,43,100.0
2021-01-01,2021-01,0,Week 0,mobile,google,cpc,<Other>,Spain,43,43,100.0
2021-01-01,2021-01,1,Week 1,mobile,google,cpc,<Other>,Spain,43,1,2.33
2021-01-01,2021-01,1,Week 1,desktop,google,cpc,<Other>,Taiwan,43,1,2.33
2021-01-01,2021-01,0,Week 0,desktop,google,cpc,<Other>,Taiwan,43,43,100.0
2021-01-01,2021-01,0,Week 0,desktop,google,organic,(organic),Czechia,43,43,100.0
2021-01-01,2021-01,1,Week 1,desktop,google,organic,(organic),Czechia,43,1,2.33
2021-01-01,2021-01,0,Week 0,mobile,<Other>,referral,(referral),Italy,43,43,100.0
2021-01-01,2021-01,1,Week 1,mobile,<Other>,referral,(referral),Italy,43,1,2.33
2021-01-01,2021-01,3,Week 3,desktop,(direct),(none),(direct),Ukraine,44,1,2.27
2021-01-01,2021-01,2,Week 2,mobile,(direct),(none),(direct),Colombia,44,3,6.82
2021-01-01,2021-01,0,Week 0,mobile,(direct),(none),(direct),Colombia,44,44,100.0
2021-01-01,2021-01,2,Week 2,desktop,(direct),(none),(direct),Ukraine,44,2,4.55
2021-01-01,2021-01,1,Week 1,mobile,(direct),(none),(direct),Colombia,44,3,6.82
2021-01-01,2021-01,0,Week 0,desktop,(direct),(none),(direct),Ukraine,44,44,100.0
2021-01-01,2021-01,1,Week 1,mobile,<Other>,<Other>,<Other>,Switzerland,44,1,2.27
2021-01-01,2021-01,0,Week 0,desktop,<Other>,<Other>,<Other>,Malaysia,44,44,100.0
2021-01-01,2021-01,0,Week 0,mobile,<Other>,<Other>,<Other>,Switzerland,44,44,100.0
2021-01-01,2021-01,0,Week 0,mobile,google,organic,(organic),Ukraine,44,44,100.0
2021-01-01,2021-01,1,Week 1,mobile,google,organic,(organic),Ukraine,44,1,2.27
2021-01-01,2021-01,0,Week 0,desktop,(direct),(none),(direct),United Arab Emirates,45,45,100.0
2021-01-01,2021-01,0,Week 0,mobile,(direct),(none),(direct),Ireland,45,45,100.0
2021-01-01,2021-01,1,Week 1,mobile,(direct),(none),(direct),Ireland,45,1,2.22
2021-01-01,2021-01,0,Week 0,desktop,<Other>,<Other>,<Other>,Thailand,45,45,100.0
2021-01-01,2021-01,0,Week 0,desktop,<Other>,<Other>,<Other>,Pakistan,45,45,100.0
2021-01-01,2021-01,1,Week 1,desktop,<Other>,<Other>,<Other>,Portugal,45,1,2.22
2021-01-01,2021-01,0,Week 0,desktop,<Other>,<Other>,<Other>,Portugal,45,45,100.0
2021-01-01,2021-01,1,Week 1,desktop,<Other>,<Other>,<Other>,Pakistan,45,2,4.44
2021-01-01,2021-01,0,Week 0,mobile,google,organic,(organic),Greece,45,45,100.0
2021-01-01,2021-01,0,Week 0,desktop,google,organic,(organic),Egypt,45,45,100.0
2021-01-01,2021-01,1,Week 1,desktop,google,organic,(organic),Egypt,45,2,4.44
2021-01-01,2021-01,1,Week 1,mobile,google,organic,(organic),Greece,45,2,4.44
2021-01-01,2021-01,1,Week 1,mobile,<Other>,<Other>,<Other>,Hong Kong,46,1,2.17
2021-01-01,2021-01,0,Week 0,mobile,<Other>,<Other>,<Other>,Hong Kong,46,46,100.0
2021-01-01,2021-01,0,Week 0,desktop,google,organic,(organic),Austria,46,46,100.0
2021-01-01,2021-01,1,Week 1,desktop,google,organic,(organic),Austria,46,3,6.52
2021-01-01,2021-01,1,Week 1,mobile,(direct),(none),(direct),Israel,47,1,2.13
2021-01-01,2021-01,2,Week 2,mobile,(direct),(none),(direct),Israel,47,1,2.13
2021-01-01,2021-01,0,Week 0,mobile,(direct),(none),(direct),Israel,47,47,100.0
2021-01-01,2021-01,1,Week 1,mobile,google,organic,(organic),Belgium,47,3,6.38
2021-01-01,2021-01,0,Week 0,desktop,google,organic,(organic),Denmark,47,47,100.0
2021-01-01,2021-01,1,Week 1,desktop,google,organic,(organic),Denmark,47,2,4.26
2021-01-01,2021-01,0,Week 0,mobile,google,organic,(organic),Belgium,47,47,100.0
2021-01-01,2021-01,0,Week 0,desktop,<Other>,referral,(referral),Poland,47,47,100.0
2021-01-01,2021-01,0,Week 0,mobile,<Other>,referral,(referral),China,47,47,100.0
2021-01-01,2021-01,0,Week 0,desktop,<Other>,referral,(referral),Brazil,47,47,100.0
2021-01-01,2021-01,2,Week 2,mobile,<Other>,referral,(referral),China,47,2,4.26
2021-01-01,2021-01,1,Week 1,desktop,<Other>,referral,(referral),Poland,47,2,4.26
2021-01-01,2021-01,0,Week 0,desktop,<Other>,<Other>,<Other>,Switzerland,48,48,100.0
2021-01-01,2021-01,1,Week 1,desktop,<Other>,<Other>,<Other>,Switzerland,48,1,2.08
2021-01-01,2021-01,2,Week 2,desktop,<Other>,<Other>,<Other>,Switzerland,48,1,2.08
2021-01-01,2021-01,0,Week 0,mobile,shop.googlemerchandisestore.com,referral,(referral),United Kingdom,48,48,100.0
2021-01-01,2021-01,1,Week 1,mobile,<Other>,referral,(referral),South Korea,48,1,2.08
2021-01-01,2021-01,0,Week 0,mobile,<Other>,referral,(referral),South Korea,48,48,100.0
2021-01-01,2021-01,0,Week 0,tablet,google,cpc,<Other>,United States,49,49,100.0
2021-01-01,2021-01,1,Week 1,mobile,google,organic,(organic),Vietnam,49,2,4.08
2021-01-01,2021-01,0,Week 0,mobile,google,organic,(organic),Vietnam,49,49,100.0
2021-01-01,2021-01,1,Week 1,desktop,<Other>,referral,(referral),Indonesia,49,1,2.04
2021-01-01,2021-01,0,Week 0,desktop,<Other>,referral,(referral),Indonesia,49,49,100.0
2021-01-01,2021-01,1,Week 1,mobile,<Other>,<Other>,<Other>,Sweden,50,1,2.0
2021-01-01,2021-01,0,Week 0,mobile,<Other>,<Other>,<Other>,Sweden,50,50,100.0
2021-01-01,2021-01,0,Week 0,desktop,google,organic,(organic),United Arab Emirates,50,50,100.0
2021-01-01,2021-01,2,Week 2,mobile,google,organic,(organic),Portugal,50,1,2.0
2021-01-01,2021-01,1,Week 1,desktop,google,organic,(organic),United Arab Emirates,50,1,2.0
2021-01-01,2021-01,1,Week 1,mobile,google,organic,(organic),Portugal,50,4,8.0
2021-01-01,2021-01,0,Week 0,mobile,google,organic,(organic),Portugal,50,50,100.0
2021-01-01,2021-01,2,Week 2,desktop,shop.googlemerchandisestore.com,referral,(referral),Spain,50,1,2.0
2021-01-01,2021-01,3,Week 3,mobile,<Other>,referral,(referral),Singapore,50,1,2.0
2021-01-01,2021-01,1,Week 1,desktop,shop.googlemerchandisestore.com,referral,(referral),Spain,50,3,6.0
2021-01-01,2021-01,0,Week 0,desktop,shop.googlemerchandisestore.com,referral,(referral),Spain,50,50,100.0
2021-01-01,2021-01,0,Week 0,mobile,<Other>,referral,(referral),Singapore,50,50,100.0
2021-01-01,2021-01,2,Week 2,mobile,<Other>,referral,(referral),Singapore,50,1,2.0
2021-01-01,2021-01,1,Week 1,desktop,(direct),(none),(direct),Portugal,51,2,3.92
2021-01-01,2021-01,0,Week 0,mobile,(direct),(none),(direct),Philippines,51,51,100.0
2021-01-01,2021-01,0,Week 0,desktop,(direct),(none),(direct),Greece,51,51,100.0
2021-01-01,2021-01,0,Week 0,desktop,(direct),(none),(direct),Portugal,51,51,100.0
2021-01-01,2021-01,1,Week 1,mobile,(direct),(none),(direct),Philippines,51,3,5.88
2021-01-01,2021-01,0,Week 0,mobile,<Other>,<Other>,<Other>,(not set),51,51,100.0
2021-01-01,2021-01,0,Week 0,desktop,<Other>,<Other>,<Other>,Ireland,51,51,100.0
2021-01-01,2021-01,1,Week 1,desktop,<Other>,<Other>,<Other>,Ireland,51,1,1.96
2021-01-01,2021-01,1,Week 1,mobile,<Other>,<Other>,<Other>,(not set),51,2,3.92
2021-01-01,2021-01,2,Week 2,desktop,<Other>,<Other>,<Other>,Ireland,51,2,3.92
2021-01-01,2021-01,1,Week 1,desktop,(direct),(none),(direct),Peru,52,6,11.54
2021-01-01,2021-01,0,Week 0,desktop,(direct),(none),(direct),Peru,52,52,100.0
2021-01-01,2021-01,0,Week 0,desktop,google,cpc,<Other>,Spain,52,52,100.0
2021-01-01,2021-01,1,Week 1,desktop,google,cpc,<Other>,Spain,52,4,7.69
2021-01-01,2021-01,0,Week 0,mobile,(direct),(none),(direct),Switzerland,53,53,100.0
2021-01-01,2021-01,1,Week 1,mobile,(direct),(none),(direct),Switzerland,53,1,1.89
2021-01-01,2021-01,1,Week 1,mobile,google,organic,(organic),Thailand,53,3,5.66
2021-01-01,2021-01,1,Week 1,desktop,<Other>,organic,(organic),United Kingdom,53,1,1.89
2021-01-01,2021-01,0,Week 0,mobile,google,organic,(organic),Thailand,53,53,100.0
2021-01-01,2021-01,0,Week 0,desktop,<Other>,organic,(organic),United Kingdom,53,53,100.0
2021-01-01,2021-01,2,Week 2,desktop,google,cpc,<Other>,France,54,1,1.85
2021-01-01,2021-01,3,Week 3,desktop,google,cpc,<Other>,France,54,1,1.85
2021-01-01,2021-01,0,Week 0,desktop,google,cpc,<Other>,France,54,54,100.0
2021-01-01,2021-01,1,Week 1,desktop,google,cpc,<Other>,France,54,1,1.85
2021-01-01,2021-01,1,Week 1,tablet,google,organic,(organic),Canada,54,4,7.41
2021-01-01,2021-01,0,Week 0,tablet,google,organic,(organic),Canada,54,54,100.0
2021-01-01,2021-01,1,Week 1,tablet,(direct),(none),(direct),India,55,2,3.64
2021-01-01,2021-01,1,Week 1,mobile,(direct),(none),(direct),Hong Kong,55,2,3.64
2021-01-01,2021-01,0,Week 0,mobile,(direct),(none),(direct),Hong Kong,55,55,100.0
2021-01-01,2021-01,0,Week 0,tablet,(direct),(none),(direct),India,55,55,100.0
2021-01-01,2021-01,1,Week 1,mobile,(direct),(none),(direct),(not set),56,1,1.79
2021-01-01,2021-01,0,Week 0,mobile,(direct),(none),(direct),(not set),56,56,100.0
2021-01-01,2021-01,1,Week 1,desktop,(direct),(none),(direct),Belgium,56,1,1.79
2021-01-01,2021-01,0,Week 0,desktop,(direct),(none),(direct),Belgium,56,56,100.0
2021-01-01,2021-01,0,Week 0,desktop,<Other>,<Other>,<Other>,Sweden,56,56,100.0
2021-01-01,2021-01,3,Week 3,mobile,<Other>,<Other>,<Other>,Brazil,56,1,1.79
2021-01-01,2021-01,1,Week 1,mobile,<Other>,<Other>,<Other>,Brazil,56,3,5.36
2021-01-01,2021-01,2,Week 2,desktop,<Other>,<Other>,<Other>,Philippines,56,1,1.79
2021-01-01,2021-01,3,Week 3,desktop,<Other>,<Other>,<Other>,Philippines,56,1,1.79
2021-01-01,2021-01,1,Week 1,desktop,<Other>,<Other>,<Other>,Philippines,56,3,5.36
2021-01-01,2021-01,0,Week 0,mobile,<Other>,<Other>,<Other>,Brazil,56,56,100.0
2021-01-01,2021-01,1,Week 1,desktop,<Other>,<Other>,<Other>,Sweden,56,2,3.57
2021-01-01,2021-01,0,Week 0,desktop,<Other>,<Other>,<Other>,Philippines,56,56,100.0
2021-01-01,2021-01,0,Week 0,desktop,shop.googlemerchandisestore.com,referral,(referral),China,56,56,100.0
2021-01-01,2021-01,1,Week 1,desktop,shop.googlemerchandisestore.com,referral,(referral),France,56,1,1.79
2021-01-01,2021-01,0,Week 0,desktop,shop.googlemerchandisestore.com,referral,(referral),France,56,56,100.0
2021-01-01,2021-01,1,Week 1,desktop,shop.googlemerchandisestore.com,referral,(referral),China,56,2,3.57
2021-01-01,2021-01,1,Week 1,mobile,(direct),(none),(direct),Sweden,57,2,3.51
2021-01-01,2021-01,0,Week 0,mobile,(direct),(none),(direct),Sweden,57,57,100.0
2021-01-01,2021-01,2,Week 2,mobile,(direct),(none),(direct),Sweden,57,1,1.75
2021-01-01,2021-01,3,Week 3,desktop,google,cpc,<Other>,China,57,1,1.75
2021-01-01,2021-01,4,Week 4,desktop,google,cpc,<Other>,China,57,1,1.75
2021-01-01,2021-01,2,Week 2,desktop,google,cpc,<Other>,China,57,1,1.75
2021-01-01,2021-01,1,Week 1,desktop,google,cpc,<Other>,China,57,1,1.75
2021-01-01,2021-01,0,Week 0,desktop,google,cpc,<Other>,China,57,57,100.0
2021-01-01,2021-01,0,Week 0,desktop,google,organic,(organic),Argentina,57,57,100.0
2021-01-01,2021-01,1,Week 1,desktop,google,organic,(organic),Argentina,57,1,1.75
2021-01-01,2021-01,2,Week 2,desktop,google,organic,(organic),Argentina,57,1,1.75
2021-01-01,2021-01,3,Week 3,desktop,google,organic,(organic),Argentina,57,1,1.75
2021-01-01,2021-01,0,Week 0,mobile,<Other>,<Other>,<Other>,Australia,58,58,100.0
2021-01-01,2021-01,3,Week 3,mobile,<Other>,<Other>,<Other>,Australia,58,1,1.72
2021-01-01,2021-01,1,Week 1,mobile,<Other>,<Other>,<Other>,Australia,58,2,3.45
2021-01-01,2021-01,0,Week 0,desktop,<Other>,<Other>,<Other>,Hong Kong,59,59,100.0
2021-01-01,2021-01,1,Week 1,desktop,<Other>,<Other>,<Other>,Hong Kong,59,1,1.69
2021-01-01,2021-01,0,Week 0,desktop,(direct),(none),(direct),Malaysia,60,60,100.0
2021-01-01,2021-01,1,Week 1,desktop,(direct),(none),(direct),Malaysia,60,3,5.0
2021-01-01,2021-01,0,Week 0,desktop,<Other>,<Other>,<Other>,Russia,60,60,100.0
2021-01-01,2021-01,1,Week 1,desktop,<Other>,<Other>,<Other>,Russia,60,2,3.33
2021-01-01,2021-01,0,Week 0,mobile,<Other>,<Other>,<Other>,Indonesia,60,60,100.0
2021-01-01,2021-01,1,Week 1,mobile,<Other>,<Other>,<Other>,Indonesia,60,1,1.67
2021-01-01,2021-01,2,Week 2,desktop,<Other>,<Other>,<Other>,Russia,60,2,3.33
2021-01-01,2021-01,0,Week 0,mobile,google,organic,(organic),Peru,60,60,100.0
2021-01-01,2021-01,1,Week 1,mobile,google,organic,(organic),Colombia,60,2,3.33
2021-01-01,2021-01,3,Week 3,mobile,google,organic,(organic),Colombia,60,1,1.67
2021-01-01,2021-01,2,Week 2,mobile,google,organic,(organic),Colombia,60,2,3.33
2021-01-01,2021-01,1,Week 1,mobile,google,organic,(organic),Peru,60,1,1.67
2021-01-01,2021-01,0,Week 0,mobile,google,organic,(organic),Colombia,60,60,100.0
2021-01-01,2021-01,0,Week 0,mobile,google,organic,(organic),Philippines,60,60,100.0
2021-01-01,2021-01,0,Week 0,mobile,(direct),(none),(direct),Russia,61,61,100.0
2021-01-01,2021-01,1,Week 1,mobile,(direct),(none),(direct),Russia,61,3,4.92
2021-01-01,2021-01,2,Week 2,mobile,<Other>,<Other>,<Other>,Mexico,61,1,1.64
2021-01-01,2021-01,0,Week 0,mobile,<Other>,<Other>,<Other>,Mexico,61,61,100.0
2021-01-01,2021-01,1,Week 1,mobile,<Other>,<Other>,<Other>,Mexico,61,2,3.28
2021-01-01,2021-01,2,Week 2,mobile,google,organic,(organic),Switzerland,61,3,4.92
2021-01-01,2021-01,0,Week 0,mobile,google,organic,(organic),Switzerland,61,61,100.0
2021-01-01,2021-01,2,Week 2,desktop,<Other>,referral,(referral),Netherlands,61,1,1.64
2021-01-01,2021-01,1,Week 1,desktop,<Other>,referral,(referral),Netherlands,61,2,3.28
2021-01-01,2021-01,0,Week 0,desktop,<Other>,referral,(referral),Netherlands,61,61,100.0
2021-01-01,2021-01,3,Week 3,desktop,<Other>,referral,(referral),Netherlands,61,1,1.64
2021-01-01,2021-01,1,Week 1,desktop,(direct),(none),(direct),Philippines,62,2,3.23
2021-01-01,2021-01,0,Week 0,desktop,(direct),(none),(direct),Philippines,62,62,100.0
2021-01-01,2021-01,2,Week 2,desktop,(direct),(none),(direct),Philippines,62,1,1.61
2021-01-01,2021-01,0,Week 0,mobile,<Other>,<Other>,<Other>,Poland,62,62,100.0
2021-01-01,2021-01,2,Week 2,mobile,<Other>,<Other>,<Other>,Poland,62,1,1.61
2021-01-01,2021-01,0,Week 0,mobile,google,cpc,<Other>,United Kingdom,62,62,100.0
2021-01-01,2021-01,1,Week 1,mobile,google,cpc,<Other>,United Kingdom,62,2,3.23
2021-01-01,2021-01,2,Week 2,mobile,google,cpc,<Other>,United Kingdom,62,1,1.61
2021-01-01,2021-01,1,Week 1,desktop,<Other>,referral,(referral),South Korea,62,3,4.84
2021-01-01,2021-01,0,Week 0,desktop,<Other>,referral,(referral),South Korea,62,62,100.0
2021-01-01,2021-01,3,Week 3,mobile,google,organic,(organic),Israel,63,1,1.59
2021-01-01,2021-01,1,Week 1,mobile,google,organic,(organic),Israel,63,1,1.59
2021-01-01,2021-01,0,Week 0,mobile,google,organic,(organic),Israel,63,63,100.0
2021-01-01,2021-01,0,Week 0,desktop,google,organic,(organic),Romania,63,63,100.0
2021-01-01,2021-01,1,Week 1,desktop,<Other>,referral,(referral),Italy,63,1,1.59
2021-01-01,2021-01,0,Week 0,mobile,<Other>,referral,(referral),Germany,63,63,100.0
2021-01-01,2021-01,0,Week 0,desktop,<Other>,referral,(referral),Italy,63,63,100.0
2021-01-01,2021-01,1,Week 1,mobile,<Other>,referral,(referral),Germany,63,3,4.76
2021-01-01,2021-01,3,Week 3,desktop,<Other>,referral,(referral),Italy,63,1,1.59
2021-01-01,2021-01,4,Week 4,desktop,<Other>,referral,(referral),Italy,63,1,1.59
2021-01-01,2021-01,0,Week 0,mobile,google,organic,(organic),Pakistan,64,64,100.0
2021-01-01,2021-01,2,Week 2,mobile,google,organic,(organic),Sweden,64,1,1.56
2021-01-01,2021-01,1,Week 1,mobile,google,organic,(organic),Sweden,64,1,1.56
2021-01-01,2021-01,0,Week 0,mobile,google,organic,(organic),Sweden,64,64,100.0
2021-01-01,2021-01,1,Week 1,mobile,google,organic,(organic),Pakistan,64,2,3.13
2021-01-01,2021-01,2,Week 2,mobile,google,organic,(organic),Pakistan,64,2,3.13
2021-01-01,2021-01,3,Week 3,mobile,google,organic,(organic),Pakistan,64,1,1.56
2021-01-01,2021-01,1,Week 1,desktop,(direct),(none),(direct),Pakistan,65,1,1.54
2021-01-01,2021-01,0,Week 0,desktop,(direct),(none),(direct),Pakistan,65,65,100.0
2021-01-01,2021-01,0,Week 0,desktop,google,organic,(organic),Greece,65,65,100.0
2021-01-01,2021-01,2,Week 2,desktop,google,organic,(organic),Greece,65,1,1.54
2021-01-01,2021-01,1,Week 1,tablet,google,organic,(organic),India,65,1,1.54
2021-01-01,2021-01,1,Week 1,desktop,google,organic,(organic),Greece,65,1,1.54
2021-01-01,2021-01,0,Week 0,tablet,google,organic,(organic),India,65,65,100.0
2021-01-01,2021-01,2,Week 2,desktop,(direct),(none),(direct),Thailand,66,1,1.52
2021-01-01,2021-01,3,Week 3,desktop,(direct),(none),(direct),Thailand,66,1,1.52
2021-01-01,2021-01,1,Week 1,desktop,(direct),(none),(direct),Thailand,66,4,6.06
2021-01-01,2021-01,0,Week 0,desktop,(direct),(none),(direct),Thailand,66,66,100.0
2021-01-01,2021-01,0,Week 0,mobile,<Other>,referral,(referral),Taiwan,66,66,100.0
2021-01-01,2021-01,1,Week 1,mobile,<Other>,referral,(referral),Taiwan,66,1,1.52
2021-01-01,2021-01,2,Week 2,mobile,<Other>,referral,(referral),Taiwan,66,2,3.03
2021-01-01,2021-01,1,Week 1,mobile,(direct),(none),(direct),Mexico,67,1,1.49
2021-01-01,2021-01,0,Week 0,desktop,(direct),(none),(direct),Israel,67,67,100.0
2021-01-01,2021-01,0,Week 0,mobile,(direct),(none),(direct),Mexico,67,67,100.0
2021-01-01,2021-01,3,Week 3,mobile,(direct),(none),(direct),Mexico,67,1,1.49
2021-01-01,2021-01,3,Week 3,desktop,(direct),(none),(direct),Israel,67,1,1.49
2021-01-01,2021-01,1,Week 1,desktop,(direct),(none),(direct),Israel,67,1,1.49
2021-01-01,2021-01,1,Week 1,mobile,google,organic,(organic),Malaysia,67,2,2.99
2021-01-01,2021-01,0,Week 0,mobile,google,organic,(organic),Malaysia,67,67,100.0
2021-01-01,2021-01,1,Week 1,desktop,<Other>,referral,(referral),Singapore,67,1,1.49
2021-01-01,2021-01,0,Week 0,desktop,<Other>,referral,(referral),Singapore,67,67,100.0
2021-01-01,2021-01,0,Week 0,desktop,shop.googlemerchandisestore.com,referral,(referral),United Kingdom,68,68,100.0
2021-01-01,2021-01,1,Week 1,desktop,<Other>,referral,(referral),Japan,68,4,5.88
2021-01-01,2021-01,0,Week 0,desktop,<Other>,referral,(referral),Japan,68,68,100.0
2021-01-01,2021-01,3,Week 3,desktop,shop.googlemerchandisestore.com,referral,(referral),United Kingdom,68,1,1.47
2021-01-01,2021-01,1,Week 1,desktop,shop.googlemerchandisestore.com,referral,(referral),United Kingdom,68,1,1.47
2021-01-01,2021-01,1,Week 1,desktop,<Other>,referral,(referral),China,69,3,4.35
2021-01-01,2021-01,3,Week 3,desktop,<Other>,referral,(referral),China,69,1,1.45
2021-01-01,2021-01,0,Week 0,desktop,<Other>,referral,(referral),China,69,69,100.0
2021-01-01,2021-01,2,Week 2,desktop,<Other>,referral,(referral),China,69,2,2.9
2021-01-01,2021-01,1,Week 1,mobile,(direct),(none),(direct),Poland,71,2,2.82
2021-01-01,2021-01,0,Week 0,mobile,(direct),(none),(direct),Poland,71,71,100.0
2021-01-01,2021-01,2,Week 2,mobile,(direct),(none),(direct),Poland,71,1,1.41
2021-01-01,2021-01,4,Week 4,mobile,(direct),(none),(direct),Turkey,71,1,1.41
2021-01-01,2021-01,1,Week 1,mobile,(direct),(none),(direct),Turkey,71,4,5.63
2021-01-01,2021-01,0,Week 0,mobile,(direct),(none),(direct),Turkey,71,71,100.0
2021-01-01,2021-01,1,Week 1,mobile,<Other>,<Other>,<Other>,Turkey,71,2,2.82
2021-01-01,2021-01,0,Week 0,mobile,<Other>,<Other>,<Other>,Turkey,71,71,100.0
2021-01-01,2021-01,2,Week 2,mobile,google,organic,(organic),Hong Kong,71,2,2.82
2021-01-01,2021-01,0,Week 0,mobile,google,organic,(organic),Russia,71,71,100.0
2021-01-01,2021-01,1,Week 1,desktop,google,organic,(organic),Pakistan,71,3,4.23
2021-01-01,2021-01,3,Week 3,mobile,google,organic,(organic),Russia,71,1,1.41
2021-01-01,2021-01,2,Week 2,mobile,google,organic,(organic),Russia,71,2,2.82
2021-01-01,2021-01,2,Week 2,desktop,google,organic,(organic),Pakistan,71,1,1.41
2021-01-01,2021-01,1,Week 1,mobile,google,organic,(organic),Russia,71,1,1.41
2021-01-01,2021-01,1,Week 1,mobile,google,organic,(organic),Hong Kong,71,4,5.63
2021-01-01,2021-01,3,Week 3,mobile,google,organic,(organic),Hong Kong,71,1,1.41
2021-01-01,2021-01,0,Week 0,mobile,google,organic,(organic),Hong Kong,71,71,100.0
2021-01-01,2021-01,0,Week 0,desktop,google,organic,(organic),Pakistan,71,71,100.0
2021-01-01,2021-01,1,Week 1,mobile,<Other>,referral,(referral),France,71,1,1.41
2021-01-01,2021-01,0,Week 0,mobile,<Other>,referral,(referral),France,71,71,100.0
2021-01-01,2021-01,0,Week 0,mobile,(direct),(none),(direct),Indonesia,72,72,100.0
2021-01-01,2021-01,1,Week 1,desktop,(direct),(none),(direct),Switzerland,72,4,5.56
2021-01-01,2021-01,0,Week 0,desktop,(direct),(none),(direct),Switzerland,72,72,100.0
2021-01-01,2021-01,2,Week 2,desktop,(direct),(none),(direct),Switzerland,72,1,1.39
2021-01-01,2021-01,2,Week 2,mobile,(direct),(none),(direct),Indonesia,72,1,1.39
2021-01-01,2021-01,1,Week 1,mobile,(direct),(none),(direct),Indonesia,72,2,2.78
2021-01-01,2021-01,0,Week 0,desktop,(direct),(none),(direct),Ireland,73,73,100.0
2021-01-01,2021-01,0,Week 0,desktop,(direct),(none),(direct),Sweden,73,73,100.0
2021-01-01,2021-01,1,Week 1,desktop,(direct),(none),(direct),Sweden,73,3,4.11
2021-01-01,2021-01,1,Week 1,desktop,(direct),(none),(direct),Ireland,73,3,4.11
2021-01-01,2021-01,2,Week 2,desktop,(direct),(none),(direct),Ireland,73,1,1.37
2021-01-01,2021-01,2,Week 2,mobile,<Other>,referral,(referral),Spain,73,1,1.37
2021-01-01,2021-01,1,Week 1,mobile,<Other>,referral,(referral),Spain,73,1,1.37
2021-01-01,2021-01,0,Week 0,mobile,<Other>,referral,(referral),Spain,73,73,100.0
2021-01-01,2021-01,1,Week 1,mobile,google,organic,(organic),Ireland,74,3,4.05
2021-01-01,2021-01,2,Week 2,desktop,google,organic,(organic),Peru,74,1,1.35
2021-01-01,2021-01,1,Week 1,desktop,google,organic,(organic),Peru,74,1,1.35
2021-01-01,2021-01,0,Week 0,desktop,google,organic,(organic),Peru,74,74,100.0
2021-01-01,2021-01,1,Week 1,desktop,google,organic,(organic),Ukraine,74,2,2.7
2021-01-01,2021-01,3,Week 3,desktop,google,organic,(organic),Peru,74,1,1.35
2021-01-01,2021-01,0,Week 0,desktop,google,organic,(organic),Ukraine,74,74,100.0
2021-01-01,2021-01,0,Week 0,mobile,google,organic,(organic),Ireland,74,74,100.0
2021-01-01,2021-01,2,Week 2,mobile,<Other>,<Other>,<Other>,Singapore,76,3,3.95
2021-01-01,2021-01,0,Week 0,mobile,<Other>,<Other>,<Other>,Singapore,76,76,100.0
2021-01-01,2021-01,3,Week 3,mobile,<Other>,<Other>,<Other>,Singapore,76,1,1.32
2021-01-01,2021-01,1,Week 1,mobile,<Other>,<Other>,<Other>,Singapore,76,2,2.63
2021-01-01,2021-01,0,Week 0,desktop,(direct),(none),(direct),Hong Kong,77,77,100.0
2021-01-01,2021-01,1,Week 1,mobile,(direct),(none),(direct),Australia,77,3,3.9
2021-01-01,2021-01,1,Week 1,desktop,(direct),(none),(direct),Colombia,77,3,3.9
2021-01-01,2021-01,2,Week 2,mobile,(direct),(none),(direct),Australia,77,2,2.6
2021-01-01,2021-01,0,Week 0,mobile,(direct),(none),(direct),Australia,77,77,100.0
2021-01-01,2021-01,2,Week 2,desktop,(direct),(none),(direct),Hong Kong,77,2,2.6
2021-01-01,2021-01,1,Week 1,desktop,(direct),(none),(direct),Hong Kong,77,2,2.6
2021-01-01,2021-01,0,Week 0,desktop,(direct),(none),(direct),Colombia,77,77,100.0
2021-01-01,2021-01,0,Week 0,mobile,<Other>,<Other>,<Other>,Netherlands,77,77,100.0
2021-01-01,2021-01,2,Week 2,mobile,<Other>,<Other>,<Other>,Netherlands,77,1,1.3
2021-01-01,2021-01,1,Week 1,mobile,<Other>,<Other>,<Other>,Netherlands,77,4,5.19
2021-01-01,2021-01,2,Week 2,desktop,google,organic,(organic),Vietnam,77,1,1.3
2021-01-01,2021-01,0,Week 0,desktop,google,organic,(organic),Vietnam,77,77,100.0
2021-01-01,2021-01,1,Week 1,desktop,google,organic,(organic),Vietnam,77,2,2.6
2021-01-01,2021-01,2,Week 2,mobile,(direct),(none),(direct),Brazil,78,1,1.28
2021-01-01,2021-01,0,Week 0,mobile,(direct),(none),(direct),Brazil,78,78,100.0
2021-01-01,2021-01,1,Week 1,mobile,(direct),(none),(direct),Brazil,78,2,2.56
2021-01-01,2021-01,1,Week 1,desktop,<Other>,<Other>,<Other>,(not set),79,2,2.53
2021-01-01,2021-01,0,Week 0,desktop,<Other>,<Other>,<Other>,Mexico,79,79,100.0
2021-01-01,2021-01,0,Week 0,desktop,<Other>,<Other>,<Other>,(not set),79,79,100.0
2021-01-01,2021-01,1,Week 1,desktop,<Other>,<Other>,<Other>,Mexico,79,1,1.27
2021-01-01,2021-01,2,Week 2,desktop,<Other>,<Other>,<Other>,(not set),79,1,1.27
2021-01-01,2021-01,1,Week 1,desktop,<Other>,referral,(referral),Taiwan,80,2,2.5
2021-01-01,2021-01,0,Week 0,desktop,<Other>,referral,(referral),Taiwan,80,80,100.0
2021-01-01,2021-01,1,Week 1,desktop,<Other>,<Other>,<Other>,Poland,81,7,8.64
2021-01-01,2021-01,0,Week 0,desktop,<Other>,<Other>,<Other>,Poland,81,81,100.0
2021-01-01,2021-01,0,Week 0,desktop,google,organic,(organic),Thailand,83,83,100.0
2021-01-01,2021-01,0,Week 0,tablet,<Other>,referral,(referral),United States,83,83,100.0
2021-01-01,2021-01,1,Week 1,tablet,<Other>,referral,(referral),United States,83,3,3.61
2021-01-01,2021-01,3,Week 3,desktop,<Other>,<Other>,<Other>,Turkey,84,1,1.19
2021-01-01,2021-01,0,Week 0,desktop,<Other>,<Other>,<Other>,Turkey,84,84,100.0
2021-01-01,2021-01,3,Week 3,desktop,google,cpc,<Other>,United Kingdom,84,1,1.19
2021-01-01,2021-01,1,Week 1,desktop,google,cpc,<Other>,United Kingdom,84,2,2.38
2021-01-01,2021-01,0,Week 0,desktop,google,cpc,<Other>,United Kingdom,84,84,100.0
2021-01-01,2021-01,2,Week 2,desktop,google,organic,(organic),Portugal,85,2,2.35
2021-01-01,2021-01,1,Week 1,desktop,google,organic,(organic),Portugal,85,3,3.53
2021-01-01,2021-01,0,Week 0,desktop,google,organic,(organic),Portugal,85,85,100.0
2021-01-01,2021-01,0,Week 0,mobile,(data deleted),(data deleted),(data deleted),United States,86,86,100.0
2021-01-01,2021-01,3,Week 3,mobile,(data deleted),(data deleted),(data deleted),United States,86,1,1.16
2021-01-01,2021-01,4,Week 4,mobile,(data deleted),(data deleted),(data deleted),United States,86,1,1.16
2021-01-01,2021-01,1,Week 1,mobile,(data deleted),(data deleted),(data deleted),United States,86,8,9.3
2021-01-01,2021-01,2,Week 2,desktop,google,organic,(organic),Colombia,87,2,2.3
2021-01-01,2021-01,1,Week 1,desktop,google,organic,(organic),Colombia,87,3,3.45
2021-01-01,2021-01,0,Week 0,desktop,google,organic,(organic),Colombia,87,87,100.0
2021-01-01,2021-01,0,Week 0,desktop,(direct),(none),(direct),Russia,88,88,100.0
2021-01-01,2021-01,2,Week 2,desktop,(direct),(none),(direct),Russia,88,2,2.27
2021-01-01,2021-01,1,Week 1,desktop,(direct),(none),(direct),Russia,88,5,5.68
2021-01-01,2021-01,0,Week 0,mobile,<Other>,organic,(organic),Canada,88,88,100.0
2021-01-01,2021-01,2,Week 2,mobile,<Other>,organic,(organic),Canada,88,1,1.14
2021-01-01,2021-01,1,Week 1,desktop,google,organic,(organic),Israel,89,1,1.12
2021-01-01,2021-01,2,Week 2,desktop,google,organic,(organic),Belgium,89,1,1.12
2021-01-01,2021-01,1,Week 1,desktop,google,organic,(organic),Belgium,89,5,5.62
2021-01-01,2021-01,0,Week 0,desktop,google,organic,(organic),Israel,89,89,100.0
2021-01-01,2021-01,0,Week 0,desktop,google,organic,(organic),Belgium,89,89,100.0
2021-01-01,2021-01,1,Week 1,desktop,<Other>,referral,(referral),Spain,89,4,4.49
2021-01-01,2021-01,0,Week 0,desktop,<Other>,referral,(referral),Spain,89,89,100.0
2021-01-01,2021-01,3,Week 3,desktop,<Other>,referral,(referral),Spain,89,1,1.12
2021-01-01,2021-01,0,Week 0,mobile,<Other>,<Other>,<Other>,Italy,90,90,100.0
2021-01-01,2021-01,2,Week 2,mobile,<Other>,<Other>,<Other>,Italy,90,2,2.22
2021-01-01,2021-01,1,Week 1,mobile,<Other>,<Other>,<Other>,Italy,90,1,1.11
2021-01-01,2021-01,3,Week 3,mobile,<Other>,<Other>,<Other>,Italy,90,1,1.11
2021-01-01,2021-01,1,Week 1,desktop,google,organic,(organic),Philippines,90,3,3.33
2021-01-01,2021-01,0,Week 0,desktop,google,organic,(organic),Philippines,90,90,100.0
2021-01-01,2021-01,1,Week 1,mobile,<Other>,<Other>,<Other>,South Korea,91,3,3.3
2021-01-01,2021-01,0,Week 0,mobile,<Other>,<Other>,<Other>,South Korea,91,91,100.0
2021-01-01,2021-01,0,Week 0,mobile,<Other>,<Other>,<Other>,Japan,93,93,100.0
2021-01-01,2021-01,1,Week 1,mobile,<Other>,<Other>,<Other>,Japan,93,4,4.3
2021-01-01,2021-01,3,Week 3,desktop,google,organic,(organic),Ireland,93,1,1.08
2021-01-01,2021-01,2,Week 2,desktop,google,organic,(organic),Ireland,93,2,2.15
2021-01-01,2021-01,0,Week 0,desktop,google,organic,(organic),Ireland,93,93,100.0
2021-01-01,2021-01,1,Week 1,desktop,google,organic,(organic),Ireland,93,2,2.15
2021-01-01,2021-01,0,Week 0,desktop,<Other>,<Other>,<Other>,Indonesia,94,94,100.0
2021-01-01,2021-01,1,Week 1,desktop,<Other>,<Other>,<Other>,Indonesia,94,1,1.06
2021-01-01,2021-01,3,Week 3,desktop,<Other>,<Other>,<Other>,Indonesia,94,2,2.13
2021-01-01,2021-01,2,Week 2,desktop,(direct),(none),(direct),(not set),95,1,1.05
2021-01-01,2021-01,0,Week 0,desktop,(direct),(none),(direct),(not set),95,95,100.0
2021-01-01,2021-01,1,Week 1,desktop,(direct),(none),(direct),(not set),95,2,2.11
2021-01-01,2021-01,1,Week 1,mobile,(direct),(none),(direct),Netherlands,96,3,3.13
2021-01-01,2021-01,2,Week 2,mobile,(direct),(none),(direct),Netherlands,96,1,1.04
2021-01-01,2021-01,0,Week 0,mobile,(direct),(none),(direct),Netherlands,96,96,100.0
2021-01-01,2021-01,1,Week 1,desktop,<Other>,referral,(referral),Germany,96,4,4.17
2021-01-01,2021-01,2,Week 2,desktop,<Other>,referral,(referral),Germany,96,1,1.04
2021-01-01,2021-01,0,Week 0,desktop,<Other>,referral,(referral),Germany,96,96,100.0
2021-01-01,2021-01,0,Week 0,mobile,google,organic,(organic),Indonesia,97,97,100.0
2021-01-01,2021-01,1,Week 1,mobile,google,organic,(organic),Indonesia,97,4,4.12
2021-01-01,2021-01,2,Week 2,mobile,google,organic,(organic),Indonesia,97,2,2.06
2021-01-01,2021-01,1,Week 1,desktop,<Other>,<Other>,<Other>,Australia,99,5,5.05
2021-01-01,2021-01,0,Week 0,desktop,<Other>,<Other>,<Other>,Australia,99,99,100.0
2021-01-01,2021-01,0,Week 0,mobile,google,organic,(organic),(not set),99,99,100.0
2021-01-01,2021-01,0,Week 0,desktop,google,organic,(organic),Sweden,99,99,100.0
2021-01-01,2021-01,3,Week 3,desktop,google,organic,(organic),Sweden,99,1,1.01
2021-01-01,2021-01,1,Week 1,desktop,google,organic,(organic),Sweden,99,2,2.02
2021-01-01,2021-01,1,Week 1,mobile,google,organic,(organic),(not set),99,5,5.05
2021-01-01,2021-01,1,Week 1,desktop,<Other>,referral,(referral),France,99,4,4.04
2021-01-01,2021-01,0,Week 0,desktop,<Other>,referral,(referral),France,99,99,100.0
2021-01-01,2021-01,1,Week 1,mobile,(direct),(none),(direct),Italy,101,2,1.98
2021-01-01,2021-01,0,Week 0,mobile,(direct),(none),(direct),Italy,101,101,100.0
2021-01-01,2021-01,1,Week 1,mobile,(direct),(none),(direct),South Korea,101,4,3.96
2021-01-01,2021-01,0,Week 0,mobile,(direct),(none),(direct),South Korea,101,101,100.0
2021-01-01,2021-01,0,Week 0,desktop,google,organic,(organic),Malaysia,101,101,100.0
2021-01-01,2021-01,1,Week 1,desktop,google,organic,(organic),Malaysia,101,1,0.99
2021-01-01,2021-01,0,Week 0,desktop,(direct),(none),(direct),Poland,102,102,100.0
2021-01-01,2021-01,1,Week 1,desktop,(direct),(none),(direct),Poland,102,1,0.98
2021-01-01,2021-01,0,Week 0,desktop,google,organic,(organic),Switzerland,103,103,100.0
2021-01-01,2021-01,1,Week 1,desktop,google,organic,(organic),Switzerland,103,4,3.88
2021-01-01,2021-01,0,Week 0,desktop,(direct),(none),(direct),Mexico,104,104,100.0
2021-01-01,2021-01,1,Week 1,desktop,(direct),(none),(direct),Mexico,104,4,3.85
2021-01-01,2021-01,2,Week 2,mobile,google,organic,(organic),Mexico,108,2,1.85
2021-01-01,2021-01,1,Week 1,mobile,google,organic,(organic),Mexico,108,7,6.48
2021-01-01,2021-01,0,Week 0,mobile,google,organic,(organic),Mexico,108,108,100.0
2021-01-01,2021-01,1,Week 1,desktop,(direct),(none),(direct),Australia,110,2,1.82
2021-01-01,2021-01,0,Week 0,desktop,(direct),(none),(direct),Australia,110,110,100.0
2021-01-01,2021-01,2,Week 2,desktop,<Other>,<Other>,<Other>,Netherlands,111,1,0.9
2021-01-01,2021-01,2,Week 2,desktop,<Other>,<Other>,<Other>,Brazil,111,2,1.8
2021-01-01,2021-01,3,Week 3,desktop,<Other>,<Other>,<Other>,Netherlands,111,1,0.9
2021-01-01,2021-01,1,Week 1,desktop,<Other>,<Other>,<Other>,Brazil,111,3,2.7
2021-01-01,2021-01,0,Week 0,desktop,<Other>,<Other>,<Other>,Netherlands,111,111,100.0
2021-01-01,2021-01,3,Week 3,desktop,<Other>,<Other>,<Other>,Brazil,111,1,0.9
2021-01-01,2021-01,0,Week 0,desktop,<Other>,<Other>,<Other>,Brazil,111,111,100.0
2021-01-01,2021-01,1,Week 1,desktop,<Other>,<Other>,<Other>,Netherlands,111,3,2.7
2021-01-01,2021-01,0,Week 0,mobile,(direct),(none),(direct),Singapore,112,112,100.0
2021-01-01,2021-01,1,Week 1,mobile,(direct),(none),(direct),Singapore,112,1,0.89
2021-01-01,2021-01,0,Week 0,mobile,<Other>,<Other>,<Other>,France,114,114,100.0
2021-01-01,2021-01,1,Week 1,mobile,<Other>,<Other>,<Other>,France,114,3,2.63
2021-01-01,2021-01,2,Week 2,mobile,google,organic,(organic),Australia,116,1,0.86
2021-01-01,2021-01,1,Week 1,mobile,<Other>,organic,(organic),India,116,2,1.72
2021-01-01,2021-01,0,Week 0,mobile,google,organic,(organic),Australia,116,116,100.0
2021-01-01,2021-01,0,Week 0,mobile,<Other>,organic,(organic),India,116,116,100.0
2021-01-01,2021-01,1,Week 1,mobile,google,organic,(organic),Australia,116,4,3.45
2021-01-01,2021-01,1,Week 1,desktop,(direct),(none),(direct),Indonesia,118,2,1.69
2021-01-01,2021-01,0,Week 0,desktop,(direct),(none),(direct),Indonesia,118,118,100.0
2021-01-01,2021-01,2,Week 2,desktop,(direct),(none),(direct),Indonesia,118,2,1.69
2021-01-01,2021-01,3,Week 3,desktop,<Other>,<Other>,<Other>,Italy,118,1,0.85
2021-01-01,2021-01,1,Week 1,desktop,<Other>,<Other>,<Other>,Italy,118,6,5.08
2021-01-01,2021-01,2,Week 2,desktop,<Other>,<Other>,<Other>,Italy,118,1,0.85
2021-01-01,2021-01,0,Week 0,desktop,<Other>,<Other>,<Other>,Italy,118,118,100.0
2021-01-01,2021-01,2,Week 2,mobile,google,organic,(organic),Brazil,118,1,0.85
2021-01-01,2021-01,0,Week 0,mobile,google,organic,(organic),Brazil,118,118,100.0
2021-01-01,2021-01,1,Week 1,mobile,google,organic,(organic),Brazil,118,2,1.69
2021-01-01,2021-01,1,Week 1,mobile,<Other>,<Other>,<Other>,Spain,119,2,1.68
2021-01-01,2021-01,0,Week 0,mobile,<Other>,<Other>,<Other>,Spain,119,119,100.0
2021-01-01,2021-01,3,Week 3,mobile,(direct),(none),(direct),Taiwan,120,1,0.83
2021-01-01,2021-01,0,Week 0,mobile,(direct),(none),(direct),Taiwan,120,120,100.0
2021-01-01,2021-01,1,Week 1,mobile,(direct),(none),(direct),Taiwan,120,4,3.33
2021-01-01,2021-01,2,Week 2,mobile,(direct),(none),(direct),Taiwan,120,1,0.83
2021-01-01,2021-01,2,Week 2,mobile,<Other>,<Other>,<Other>,Taiwan,120,4,3.33
2021-01-01,2021-01,0,Week 0,mobile,<Other>,<Other>,<Other>,Taiwan,120,120,100.0
2021-01-01,2021-01,1,Week 1,mobile,<Other>,<Other>,<Other>,Taiwan,120,2,1.67
2021-01-01,2021-01,1,Week 1,mobile,<Other>,referral,(referral),United Kingdom,121,2,1.65
2021-01-01,2021-01,0,Week 0,mobile,<Other>,referral,(referral),United Kingdom,121,121,100.0
2021-01-01,2021-01,2,Week 2,mobile,<Other>,referral,(referral),United Kingdom,121,1,0.83
2021-01-01,2021-01,0,Week 0,mobile,<Other>,<Other>,<Other>,Germany,122,122,100.0
2021-01-01,2021-01,0,Week 0,mobile,<Other>,<Other>,<Other>,China,122,122,100.0
2021-01-01,2021-01,1,Week 1,desktop,<Other>,<Other>,<Other>,South Korea,122,1,0.82
2021-01-01,2021-01,2,Week 2,mobile,<Other>,<Other>,<Other>,China,122,1,0.82
2021-01-01,2021-01,2,Week 2,mobile,<Other>,<Other>,<Other>,Germany,122,3,2.46
2021-01-01,2021-01,0,Week 0,desktop,<Other>,<Other>,<Other>,South Korea,122,122,100.0
2021-01-01,2021-01,1,Week 1,mobile,<Other>,<Other>,<Other>,Germany,122,1,0.82
2021-01-01,2021-01,1,Week 1,mobile,<Other>,<Other>,<Other>,China,122,1,0.82
2021-01-01,2021-01,0,Week 0,desktop,google,organic,(organic),Russia,123,123,100.0
2021-01-01,2021-01,2,Week 2,desktop,google,organic,(organic),Russia,123,2,1.63
2021-01-01,2021-01,1,Week 1,desktop,google,organic,(organic),Russia,123,4,3.25
2021-01-01,2021-01,0,Week 0,mobile,(direct),(none),(direct),Japan,124,124,100.0
2021-01-01,2021-01,1,Week 1,mobile,(direct),(none),(direct),Japan,124,3,2.42
2021-01-01,2021-01,2,Week 2,mobile,(direct),(none),(direct),Japan,124,3,2.42
2021-01-01,2021-01,3,Week 3,mobile,(direct),(none),(direct),Japan,124,1,0.81
2021-01-01,2021-01,1,Week 1,desktop,<Other>,<Other>,<Other>,Japan,124,4,3.23
2021-01-01,2021-01,0,Week 0,desktop,<Other>,<Other>,<Other>,Japan,124,124,100.0
2021-01-01,2021-01,2,Week 2,desktop,<Other>,<Other>,<Other>,Japan,124,2,1.61
2021-01-01,2021-01,1,Week 1,mobile,google,organic,(organic),Poland,124,3,2.42
2021-01-01,2021-01,3,Week 3,desktop,google,organic,(organic),Hong Kong,124,1,0.81
2021-01-01,2021-01,0,Week 0,mobile,google,organic,(organic),Poland,124,124,100.0
2021-01-01,2021-01,1,Week 1,desktop,google,organic,(organic),Hong Kong,124,3,2.42
2021-01-01,2021-01,0,Week 0,desktop,google,organic,(organic),Hong Kong,124,124,100.0
2021-01-01,2021-01,4,Week 4,desktop,google,organic,(organic),Hong Kong,124,1,0.81
2021-01-01,2021-01,3,Week 3,desktop,(data deleted),(data deleted),(data deleted),United States,129,1,0.78
2021-01-01,2021-01,2,Week 2,desktop,(data deleted),(data deleted),(data deleted),United States,129,1,0.78
2021-01-01,2021-01,1,Week 1,desktop,(data deleted),(data deleted),(data deleted),United States,129,10,7.75
2021-01-01,2021-01,0,Week 0,desktop,(data deleted),(data deleted),(data deleted),United States,129,129,100.0
2021-01-01,2021-01,0,Week 0,mobile,google,cpc,<Other>,Canada,130,130,100.0
2021-01-01,2021-01,2,Week 2,mobile,google,cpc,<Other>,Canada,130,2,1.54
2021-01-01,2021-01,1,Week 1,mobile,google,cpc,<Other>,Canada,130,4,3.08
2021-01-01,2021-01,0,Week 0,desktop,<Other>,<Other>,<Other>,Singapore,133,133,100.0
2021-01-01,2021-01,0,Week 0,desktop,(direct),(none),(direct),Netherlands,135,135,100.0
2021-01-01,2021-01,2,Week 2,desktop,(direct),(none),(direct),Netherlands,135,1,0.74
2021-01-01,2021-01,1,Week 1,desktop,(direct),(none),(direct),Netherlands,135,1,0.74
2021-01-01,2021-01,2,Week 2,desktop,(direct),(none),(direct),Turkey,136,1,0.74
2021-01-01,2021-01,0,Week 0,desktop,(direct),(none),(direct),Turkey,136,136,100.0
2021-01-01,2021-01,1,Week 1,desktop,(direct),(none),(direct),Turkey,136,2,1.47
2021-01-01,2021-01,0,Week 0,mobile,google,organic,(organic),Turkey,136,136,100.0
2021-01-01,2021-01,1,Week 1,mobile,google,organic,(organic),Turkey,136,3,2.21
2021-01-01,2021-01,2,Week 2,desktop,(direct),(none),(direct),Brazil,137,4,2.92
2021-01-01,2021-01,1,Week 1,desktop,(direct),(none),(direct),Brazil,137,6,4.38
2021-01-01,2021-01,0,Week 0,desktop,(direct),(none),(direct),Brazil,137,137,100.0
2021-01-01,2021-01,1,Week 1,desktop,<Other>,organic,(organic),Canada,137,3,2.19
2021-01-01,2021-01,0,Week 0,desktop,<Other>,organic,(organic),Canada,137,137,100.0
2021-01-01,2021-01,1,Week 1,desktop,google,organic,(organic),Mexico,141,2,1.42
2021-01-01,2021-01,0,Week 0,desktop,google,organic,(organic),Mexico,141,141,100.0
2021-01-01,2021-01,1,Week 1,mobile,shop.googlemerchandisestore.com,referral,(referral),Canada,143,5,3.5
2021-01-01,2021-01,2,Week 2,mobile,shop.googlemerchandisestore.com,referral,(referral),Canada,143,2,1.4
2021-01-01,2021-01,0,Week 0,mobile,shop.googlemerchandisestore.com,referral,(referral),Canada,143,143,100.0
2021-01-01,2021-01,0,Week 0,desktop,(direct),(none),(direct),South Korea,145,145,100.0
2021-01-01,2021-01,4,Week 4,desktop,(direct),(none),(direct),South Korea,145,1,0.69
2021-01-01,2021-01,2,Week 2,desktop,(direct),(none),(direct),South Korea,145,2,1.38
2021-01-01,2021-01,1,Week 1,desktop,(direct),(none),(direct),South Korea,145,3,2.07
2021-01-01,2021-01,3,Week 3,desktop,(direct),(none),(direct),South Korea,145,1,0.69
2021-01-01,2021-01,1,Week 1,mobile,google,organic,(organic),Netherlands,147,3,2.04
2021-01-01,2021-01,0,Week 0,mobile,google,organic,(organic),Netherlands,147,147,100.0
2021-01-01,2021-01,2,Week 2,mobile,google,organic,(organic),Netherlands,147,2,1.36
2021-01-01,2021-01,1,Week 1,desktop,<Other>,referral,(referral),United Kingdom,147,3,2.04
2021-01-01,2021-01,0,Week 0,desktop,<Other>,referral,(referral),United Kingdom,147,147,100.0
2021-01-01,2021-01,4,Week 4,desktop,<Other>,referral,(referral),United Kingdom,147,1,0.68
2021-01-01,2021-01,1,Week 1,desktop,google,organic,(organic),Australia,149,3,2.01
2021-01-01,2021-01,0,Week 0,desktop,google,organic,(organic),Australia,149,149,100.0
2021-01-01,2021-01,3,Week 3,mobile,(direct),(none),(direct),China,150,1,0.67
2021-01-01,2021-01,1,Week 1,mobile,(direct),(none),(direct),China,150,5,3.33
2021-01-01,2021-01,2,Week 2,mobile,(direct),(none),(direct),China,150,3,2.0
2021-01-01,2021-01,0,Week 0,mobile,(direct),(none),(direct),China,150,150,100.0
2021-01-01,2021-01,2,Week 2,desktop,(direct),(none),(direct),Japan,154,2,1.3
2021-01-01,2021-01,0,Week 0,desktop,(direct),(none),(direct),Japan,154,154,100.0
2021-01-01,2021-01,1,Week 1,desktop,(direct),(none),(direct),Japan,154,6,3.9
2021-01-01,2021-01,2,Week 2,desktop,<Other>,<Other>,<Other>,Germany,155,1,0.65
2021-01-01,2021-01,1,Week 1,desktop,<Other>,<Other>,<Other>,Germany,155,6,3.87
2021-01-01,2021-01,0,Week 0,desktop,<Other>,<Other>,<Other>,Germany,155,155,100.0
2021-01-01,2021-01,0,Week 0,mobile,(direct),(none),(direct),Spain,156,156,100.0
2021-01-01,2021-01,1,Week 1,mobile,(direct),(none),(direct),Spain,156,4,2.56
2021-01-01,2021-01,1,Week 1,mobile,google,organic,(organic),South Korea,156,2,1.28
2021-01-01,2021-01,2,Week 2,mobile,google,organic,(organic),South Korea,156,1,0.64
2021-01-01,2021-01,0,Week 0,mobile,google,organic,(organic),South Korea,156,156,100.0
2021-01-01,2021-01,3,Week 3,desktop,<Other>,organic,(organic),India,159,1,0.63
2021-01-01,2021-01,0,Week 0,desktop,<Other>,organic,(organic),India,159,159,100.0
2021-01-01,2021-01,2,Week 2,desktop,google,organic,(organic),Poland,159,1,0.63
2021-01-01,2021-01,1,Week 1,desktop,google,organic,(organic),Poland,159,7,4.4
2021-01-01,2021-01,2,Week 2,desktop,<Other>,organic,(organic),India,159,1,0.63
2021-01-01,2021-01,1,Week 1,desktop,<Other>,organic,(organic),India,159,3,1.89
2021-01-01,2021-01,0,Week 0,desktop,google,organic,(organic),Poland,159,159,100.0
2021-01-01,2021-01,1,Week 1,tablet,<Other>,<Other>,<Other>,United States,160,6,3.75
2021-01-01,2021-01,0,Week 0,tablet,<Other>,<Other>,<Other>,United States,160,160,100.0
2021-01-01,2021-01,2,Week 2,tablet,<Other>,<Other>,<Other>,United States,160,2,1.25
2021-01-01,2021-01,3,Week 3,tablet,<Other>,<Other>,<Other>,United States,160,1,0.63
2021-01-01,2021-01,1,Week 1,desktop,<Other>,<Other>,<Other>,Spain,163,6,3.68
2021-01-01,2021-01,2,Week 2,desktop,<Other>,<Other>,<Other>,Spain,163,1,0.61
2021-01-01,2021-01,0,Week 0,desktop,<Other>,<Other>,<Other>,Spain,163,163,100.0
2021-01-01,2021-01,3,Week 3,desktop,<Other>,<Other>,<Other>,Spain,163,1,0.61
2021-01-01,2021-01,1,Week 1,mobile,google,organic,(organic),Singapore,163,7,4.29
2021-01-01,2021-01,2,Week 2,mobile,google,organic,(organic),Singapore,163,1,0.61
2021-01-01,2021-01,0,Week 0,mobile,google,organic,(organic),Singapore,163,163,100.0
2021-01-01,2021-01,2,Week 2,mobile,(direct),(none),(direct),Germany,164,1,0.61
2021-01-01,2021-01,0,Week 0,mobile,(direct),(none),(direct),Germany,164,164,100.0
2021-01-01,2021-01,1,Week 1,mobile,(direct),(none),(direct),Germany,164,10,6.1
2021-01-01,2021-01,1,Week 1,mobile,(direct),(none),(direct),France,168,4,2.38
2021-01-01,2021-01,2,Week 2,mobile,(direct),(none),(direct),France,168,1,0.6
2021-01-01,2021-01,0,Week 0,mobile,(direct),(none),(direct),France,168,168,100.0
2021-01-01,2021-01,1,Week 1,desktop,google,organic,(organic),(not set),168,3,1.79
2021-01-01,2021-01,0,Week 0,desktop,google,organic,(organic),(not set),168,168,100.0
2021-01-01,2021-01,3,Week 3,desktop,<Other>,<Other>,<Other>,China,169,1,0.59
2021-01-01,2021-01,2,Week 2,desktop,<Other>,<Other>,<Other>,China,169,5,2.96
2021-01-01,2021-01,1,Week 1,desktop,<Other>,<Other>,<Other>,China,169,9,5.33
2021-01-01,2021-01,0,Week 0,desktop,<Other>,<Other>,<Other>,China,169,169,100.0
2021-01-01,2021-01,0,Week 0,desktop,(direct),(none),(direct),Italy,170,170,100.0
2021-01-01,2021-01,2,Week 2,desktop,(direct),(none),(direct),Italy,170,2,1.18
2021-01-01,2021-01,1,Week 1,desktop,(direct),(none),(direct),Italy,170,6,3.53
2021-01-01,2021-01,3,Week 3,desktop,google,organic,(organic),Indonesia,175,1,0.57
2021-01-01,2021-01,4,Week 4,desktop,google,organic,(organic),Indonesia,175,1,0.57
2021-01-01,2021-01,1,Week 1,desktop,google,organic,(organic),Indonesia,175,8,4.57
2021-01-01,2021-01,0,Week 0,desktop,google,organic,(organic),Indonesia,175,175,100.0
2021-01-01,2021-01,2,Week 2,desktop,google,organic,(organic),Indonesia,175,2,1.14
2021-01-01,2021-01,1,Week 1,mobile,shop.googlemerchandisestore.com,referral,(referral),India,175,5,2.86
2021-01-01,2021-01,2,Week 2,mobile,shop.googlemerchandisestore.com,referral,(referral),India,175,5,2.86
2021-01-01,2021-01,3,Week 3,mobile,shop.googlemerchandisestore.com,referral,(referral),India,175,2,1.14
2021-01-01,2021-01,0,Week 0,mobile,shop.googlemerchandisestore.com,referral,(referral),India,175,175,100.0
2021-01-01,2021-01,2,Week 2,desktop,<Other>,<Other>,<Other>,France,178,1,0.56
2021-01-01,2021-01,0,Week 0,desktop,<Other>,<Other>,<Other>,France,178,178,100.0
2021-01-01,2021-01,1,Week 1,desktop,<Other>,<Other>,<Other>,France,178,5,2.81
2021-01-01,2021-01,0,Week 0,mobile,google,cpc,<Other>,India,179,179,100.0
2021-01-01,2021-01,2,Week 2,mobile,google,cpc,<Other>,India,179,2,1.12
2021-01-01,2021-01,1,Week 1,mobile,google,cpc,<Other>,India,179,7,3.91
2021-01-01,2021-01,1,Week 1,desktop,(direct),(none),(direct),Singapore,181,6,3.31
2021-01-01,2021-01,2,Week 2,desktop,(direct),(none),(direct),Singapore,181,2,1.1
2021-01-01,2021-01,0,Week 0,desktop,(direct),(none),(direct),Singapore,181,181,100.0
2021-01-01,2021-01,1,Week 1,mobile,google,organic,(organic),Japan,183,5,2.73
2021-01-01,2021-01,0,Week 0,mobile,google,organic,(organic),Japan,183,183,100.0
2021-01-01,2021-01,3,Week 3,mobile,google,organic,(organic),Japan,183,1,0.55
2021-01-01,2021-01,1,Week 1,mobile,google,organic,(organic),Italy,187,3,1.6
2021-01-01,2021-01,0,Week 0,mobile,google,organic,(organic),Italy,187,187,100.0
2021-01-01,2021-01,3,Week 3,mobile,google,organic,(organic),Italy,187,1,0.53
2021-01-01,2021-01,0,Week 0,desktop,shop.googlemerchandisestore.com,referral,(referral),Canada,187,187,100.0
2021-01-01,2021-01,1,Week 1,desktop,shop.googlemerchandisestore.com,referral,(referral),Canada,187,5,2.67
2021-01-01,2021-01,2,Week 2,desktop,shop.googlemerchandisestore.com,referral,(referral),Canada,187,1,0.53
2021-01-01,2021-01,0,Week 0,desktop,<Other>,<Other>,<Other>,Taiwan,188,188,100.0
2021-01-01,2021-01,2,Week 2,desktop,<Other>,<Other>,<Other>,Taiwan,188,3,1.6
2021-01-01,2021-01,1,Week 1,desktop,<Other>,<Other>,<Other>,Taiwan,188,4,2.13
2021-01-01,2021-01,4,Week 4,desktop,(direct),(none),(direct),China,195,1,0.51
2021-01-01,2021-01,0,Week 0,desktop,(direct),(none),(direct),China,195,195,100.0
2021-01-01,2021-01,1,Week 1,desktop,(direct),(none),(direct),China,195,8,4.1
2021-01-01,2021-01,0,Week 0,desktop,google,organic,(organic),Turkey,198,198,100.0
2021-01-01,2021-01,2,Week 2,desktop,google,organic,(organic),Turkey,198,1,0.51
2021-01-01,2021-01,1,Week 1,desktop,google,organic,(organic),Turkey,198,7,3.54
2021-01-01,2021-01,1,Week 1,desktop,google,organic,(organic),Brazil,199,5,2.51
2021-01-01,2021-01,0,Week 0,desktop,google,organic,(organic),Brazil,199,199,100.0
2021-01-01,2021-01,0,Week 0,mobile,<Other>,<Other>,<Other>,United Kingdom,200,200,100.0
2021-01-01,2021-01,1,Week 1,mobile,<Other>,<Other>,<Other>,United Kingdom,200,3,1.5
2021-01-01,2021-01,2,Week 2,mobile,<Other>,<Other>,<Other>,United Kingdom,200,3,1.5
2021-01-01,2021-01,1,Week 1,tablet,(direct),(none),(direct),United States,214,1,0.47
2021-01-01,2021-01,0,Week 0,tablet,(direct),(none),(direct),United States,214,214,100.0
2021-01-01,2021-01,3,Week 3,tablet,(direct),(none),(direct),United States,214,1,0.47
2021-01-01,2021-01,0,Week 0,desktop,google,cpc,<Other>,Canada,216,216,100.0
2021-01-01,2021-01,1,Week 1,desktop,google,cpc,<Other>,Canada,216,6,2.78
2021-01-01,2021-01,2,Week 2,desktop,google,cpc,<Other>,Canada,216,3,1.39
2021-01-01,2021-01,3,Week 3,desktop,google,cpc,<Other>,Canada,216,1,0.46
2021-01-01,2021-01,1,Week 1,desktop,(direct),(none),(direct),Taiwan,217,3,1.38
2021-01-01,2021-01,0,Week 0,desktop,(direct),(none),(direct),Germany,217,217,100.0
2021-01-01,2021-01,2,Week 2,desktop,(direct),(none),(direct),Germany,217,2,0.92
2021-01-01,2021-01,1,Week 1,desktop,(direct),(none),(direct),Germany,217,5,2.3
2021-01-01,2021-01,3,Week 3,desktop,(direct),(none),(direct),Taiwan,217,1,0.46
2021-01-01,2021-01,2,Week 2,desktop,(direct),(none),(direct),Taiwan,217,1,0.46
2021-01-01,2021-01,3,Week 3,desktop,(direct),(none),(direct),Germany,217,1,0.46
2021-01-01,2021-01,0,Week 0,desktop,(direct),(none),(direct),Taiwan,217,217,100.0
2021-01-01,2021-01,1,Week 1,desktop,google,organic,(organic),Singapore,218,6,2.75
2021-01-01,2021-01,2,Week 2,desktop,google,organic,(organic),Singapore,218,2,0.92
2021-01-01,2021-01,1,Week 1,desktop,google,organic,(organic),Netherlands,218,3,1.38
2021-01-01,2021-01,3,Week 3,desktop,google,organic,(organic),Singapore,218,1,0.46
2021-01-01,2021-01,0,Week 0,desktop,google,organic,(organic),Netherlands,218,218,100.0
2021-01-01,2021-01,2,Week 2,desktop,google,organic,(organic),Netherlands,218,1,0.46
2021-01-01,2021-01,0,Week 0,desktop,google,organic,(organic),Singapore,218,218,100.0
2021-01-01,2021-01,1,Week 1,mobile,google,organic,(organic),Taiwan,220,6,2.73
2021-01-01,2021-01,0,Week 0,mobile,google,organic,(organic),Taiwan,220,220,100.0
2021-01-01,2021-01,2,Week 2,mobile,google,organic,(organic),Taiwan,220,2,0.91
2021-01-01,2021-01,1,Week 1,desktop,google,organic,(organic),South Korea,227,10,4.41
2021-01-01,2021-01,0,Week 0,desktop,google,organic,(organic),South Korea,227,227,100.0
2021-01-01,2021-01,2,Week 2,desktop,google,organic,(organic),South Korea,227,6,2.64
2021-01-01,2021-01,0,Week 0,mobile,google,organic,(organic),China,229,229,100.0
2021-01-01,2021-01,2,Week 2,mobile,google,organic,(organic),China,229,4,1.75
2021-01-01,2021-01,1,Week 1,mobile,google,organic,(organic),China,229,9,3.93
2021-01-01,2021-01,1,Week 1,mobile,google,organic,(organic),Spain,234,8,3.42
2021-01-01,2021-01,3,Week 3,mobile,google,organic,(organic),Spain,234,1,0.43
2021-01-01,2021-01,0,Week 0,mobile,google,organic,(organic),Spain,234,234,100.0
2021-01-01,2021-01,2,Week 2,mobile,google,organic,(organic),Germany,240,4,1.67
2021-01-01,2021-01,0,Week 0,mobile,google,organic,(organic),Germany,240,240,100.0
2021-01-01,2021-01,1,Week 1,mobile,google,organic,(organic),Germany,240,9,3.75
2021-01-01,2021-01,1,Week 1,mobile,google,organic,(organic),France,241,8,3.32
2021-01-01,2021-01,0,Week 0,mobile,google,organic,(organic),France,241,241,100.0
2021-01-01,2021-01,2,Week 2,desktop,google,organic,(organic),Japan,244,1,0.41
2021-01-01,2021-01,1,Week 1,desktop,google,organic,(organic),Japan,244,8,3.28
2021-01-01,2021-01,3,Week 3,desktop,google,organic,(organic),Italy,244,1,0.41
2021-01-01,2021-01,0,Week 0,desktop,google,organic,(organic),Italy,244,244,100.0
2021-01-01,2021-01,1,Week 1,desktop,google,organic,(organic),Italy,244,3,1.23
2021-01-01,2021-01,4,Week 4,desktop,google,organic,(organic),Italy,244,1,0.41
2021-01-01,2021-01,2,Week 2,desktop,google,organic,(organic),Italy,244,1,0.41
2021-01-01,2021-01,0,Week 0,desktop,google,organic,(organic),Japan,244,244,100.0
2021-01-01,2021-01,0,Week 0,mobile,<Other>,referral,(referral),Canada,247,247,100.0
2021-01-01,2021-01,3,Week 3,mobile,<Other>,referral,(referral),Canada,247,1,0.4
2021-01-01,2021-01,2,Week 2,mobile,<Other>,referral,(referral),Canada,247,1,0.4
2021-01-01,2021-01,1,Week 1,mobile,<Other>,referral,(referral),Canada,247,13,5.26
2021-01-01,2021-01,0,Week 0,desktop,(direct),(none),(direct),Spain,248,248,100.0
2021-01-01,2021-01,2,Week 2,desktop,(direct),(none),(direct),Spain,248,1,0.4
2021-01-01,2021-01,1,Week 1,desktop,(direct),(none),(direct),Spain,248,3,1.21
2021-01-01,2021-01,3,Week 3,desktop,(direct),(none),(direct),Spain,248,1,0.4
2021-01-01,2021-01,1,Week 1,desktop,google,cpc,<Other>,India,254,8,3.15
2021-01-01,2021-01,0,Week 0,desktop,google,cpc,<Other>,India,254,254,100.0
2021-01-01,2021-01,2,Week 2,desktop,google,cpc,<Other>,India,254,2,0.79
2021-01-01,2021-01,3,Week 3,desktop,google,cpc,<Other>,India,254,1,0.39
2021-01-01,2021-01,1,Week 1,desktop,(direct),(none),(direct),France,269,8,2.97
2021-01-01,2021-01,2,Week 2,desktop,(direct),(none),(direct),France,269,1,0.37
2021-01-01,2021-01,0,Week 0,desktop,(direct),(none),(direct),France,269,269,100.0
2021-01-01,2021-01,0,Week 0,desktop,google,organic,(organic),Taiwan,274,274,100.0
2021-01-01,2021-01,1,Week 1,desktop,google,organic,(organic),Taiwan,274,6,2.19
2021-01-01,2021-01,2,Week 2,desktop,google,organic,(organic),Taiwan,274,1,0.36
2021-01-01,2021-01,1,Week 1,mobile,(direct),(none),(direct),United Kingdom,275,7,2.55
2021-01-01,2021-01,0,Week 0,mobile,(direct),(none),(direct),United Kingdom,275,275,100.0
2021-01-01,2021-01,2,Week 2,mobile,(direct),(none),(direct),United Kingdom,275,3,1.09
2021-01-01,2021-01,0,Week 0,desktop,shop.googlemerchandisestore.com,referral,(referral),India,278,278,100.0
2021-01-01,2021-01,1,Week 1,desktop,shop.googlemerchandisestore.com,referral,(referral),India,278,6,2.16
2021-01-01,2021-01,1,Week 1,desktop,google,organic,(organic),China,286,8,2.8
2021-01-01,2021-01,2,Week 2,desktop,google,organic,(organic),China,286,3,1.05
2021-01-01,2021-01,4,Week 4,desktop,google,organic,(organic),China,286,1,0.35
2021-01-01,2021-01,0,Week 0,desktop,google,organic,(organic),China,286,286,100.0
2021-01-01,2021-01,0,Week 0,desktop,<Other>,<Other>,<Other>,United Kingdom,303,303,100.0
2021-01-01,2021-01,2,Week 2,desktop,<Other>,<Other>,<Other>,United Kingdom,303,1,0.33
2021-01-01,2021-01,1,Week 1,desktop,<Other>,<Other>,<Other>,United Kingdom,303,8,2.64
2021-01-01,2021-01,3,Week 3,desktop,google,organic,(organic),Germany,309,1,0.32
2021-01-01,2021-01,1,Week 1,desktop,google,organic,(organic),Germany,309,10,3.24
2021-01-01,2021-01,2,Week 2,desktop,google,organic,(organic),Germany,309,1,0.32
2021-01-01,2021-01,0,Week 0,desktop,google,organic,(organic),Germany,309,309,100.0
2021-01-01,2021-01,1,Week 1,tablet,google,organic,(organic),United States,314,16,5.1
2021-01-01,2021-01,2,Week 2,tablet,google,organic,(organic),United States,314,5,1.59
2021-01-01,2021-01,0,Week 0,tablet,google,organic,(organic),United States,314,314,100.0
2021-01-01,2021-01,1,Week 1,mobile,<Other>,referral,(referral),India,318,8,2.52
2021-01-01,2021-01,2,Week 2,mobile,<Other>,referral,(referral),India,318,3,0.94
2021-01-01,2021-01,0,Week 0,mobile,<Other>,referral,(referral),India,318,318,100.0
2021-01-01,2021-01,2,Week 2,desktop,google,organic,(organic),Spain,342,3,0.88
2021-01-01,2021-01,3,Week 3,desktop,google,organic,(organic),Spain,342,2,0.58
2021-01-01,2021-01,1,Week 1,desktop,google,organic,(organic),Spain,342,12,3.51
2021-01-01,2021-01,0,Week 0,desktop,google,organic,(organic),Spain,342,342,100.0
2021-01-01,2021-01,0,Week 0,desktop,<Other>,referral,(referral),Canada,369,369,100.0
2021-01-01,2021-01,3,Week 3,desktop,<Other>,referral,(referral),Canada,369,1,0.27
2021-01-01,2021-01,2,Week 2,desktop,<Other>,referral,(referral),Canada,369,5,1.36
2021-01-01,2021-01,1,Week 1,desktop,<Other>,referral,(referral),Canada,369,8,2.17
2021-01-01,2021-01,3,Week 3,desktop,google,organic,(organic),France,377,2,0.53
2021-01-01,2021-01,0,Week 0,desktop,google,organic,(organic),France,377,377,100.0
2021-01-01,2021-01,4,Week 4,desktop,google,organic,(organic),France,377,2,0.53
2021-01-01,2021-01,2,Week 2,desktop,google,organic,(organic),France,377,5,1.33
2021-01-01,2021-01,1,Week 1,desktop,google,organic,(organic),France,377,19,5.04
2021-01-01,2021-01,3,Week 3,desktop,(direct),(none),(direct),United Kingdom,398,2,0.5
2021-01-01,2021-01,2,Week 2,desktop,(direct),(none),(direct),United Kingdom,398,4,1.01
2021-01-01,2021-01,0,Week 0,desktop,(direct),(none),(direct),United Kingdom,398,398,100.0
2021-01-01,2021-01,1,Week 1,desktop,(direct),(none),(direct),United Kingdom,398,12,3.02
2021-01-01,2021-01,0,Week 0,mobile,google,organic,(organic),United Kingdom,404,404,100.0
2021-01-01,2021-01,2,Week 2,mobile,google,organic,(organic),United Kingdom,404,1,0.25
2021-01-01,2021-01,1,Week 1,mobile,google,organic,(organic),United Kingdom,404,11,2.72
2021-01-01,2021-01,1,Week 1,desktop,<Other>,referral,(referral),India,458,15,3.28
2021-01-01,2021-01,3,Week 3,desktop,<Other>,referral,(referral),India,458,1,0.22
2021-01-01,2021-01,0,Week 0,desktop,<Other>,referral,(referral),India,458,458,100.0
2021-01-01,2021-01,2,Week 2,desktop,<Other>,referral,(referral),India,458,3,0.66
2021-01-01,2021-01,4,Week 4,mobile,<Other>,<Other>,<Other>,Canada,486,2,0.41
2021-01-01,2021-01,1,Week 1,mobile,<Other>,<Other>,<Other>,Canada,486,21,4.32
2021-01-01,2021-01,2,Week 2,mobile,<Other>,<Other>,<Other>,Canada,486,3,0.62
2021-01-01,2021-01,3,Week 3,mobile,<Other>,<Other>,<Other>,Canada,486,3,0.62
2021-01-01,2021-01,0,Week 0,mobile,<Other>,<Other>,<Other>,Canada,486,486,100.0
2021-01-01,2021-01,1,Week 1,mobile,<Other>,organic,(organic),United States,558,15,2.69
2021-01-01,2021-01,0,Week 0,mobile,<Other>,organic,(organic),United States,558,558,100.0
2021-01-01,2021-01,3,Week 3,mobile,<Other>,organic,(organic),United States,558,2,0.36
2021-01-01,2021-01,2,Week 2,mobile,<Other>,organic,(organic),United States,558,4,0.72
2021-01-01,2021-01,2,Week 2,mobile,<Other>,<Other>,<Other>,India,585,5,0.85
2021-01-01,2021-01,3,Week 3,mobile,<Other>,<Other>,<Other>,India,585,2,0.34
2021-01-01,2021-01,1,Week 1,mobile,<Other>,<Other>,<Other>,India,585,13,2.22
2021-01-01,2021-01,0,Week 0,mobile,<Other>,<Other>,<Other>,India,585,585,100.0
2021-01-01,2021-01,1,Week 1,desktop,google,organic,(organic),United Kingdom,588,19,3.23
2021-01-01,2021-01,0,Week 0,desktop,google,organic,(organic),United Kingdom,588,588,100.0
2021-01-01,2021-01,2,Week 2,desktop,google,organic,(organic),United Kingdom,588,4,0.68
2021-01-01,2021-01,3,Week 3,desktop,google,organic,(organic),United Kingdom,588,3,0.51
2021-01-01,2021-01,0,Week 0,desktop,<Other>,<Other>,<Other>,Canada,658,658,100.0
2021-01-01,2021-01,3,Week 3,desktop,<Other>,<Other>,<Other>,Canada,658,2,0.3
2021-01-01,2021-01,2,Week 2,desktop,<Other>,<Other>,<Other>,Canada,658,4,0.61
2021-01-01,2021-01,1,Week 1,desktop,<Other>,<Other>,<Other>,Canada,658,16,2.43
2021-01-01,2021-01,4,Week 4,desktop,<Other>,<Other>,<Other>,Canada,658,1,0.15
2021-01-01,2021-01,3,Week 3,mobile,(direct),(none),(direct),Canada,689,4,0.58
2021-01-01,2021-01,2,Week 2,mobile,(direct),(none),(direct),Canada,689,8,1.16
2021-01-01,2021-01,1,Week 1,mobile,(direct),(none),(direct),Canada,689,26,3.77
2021-01-01,2021-01,0,Week 0,mobile,(direct),(none),(direct),Canada,689,689,100.0
2021-01-01,2021-01,1,Week 1,mobile,google,cpc,<Other>,United States,749,28,3.74
2021-01-01,2021-01,2,Week 2,mobile,google,cpc,<Other>,United States,749,3,0.4
2021-01-01,2021-01,0,Week 0,mobile,google,cpc,<Other>,United States,749,749,100.0
2021-01-01,2021-01,3,Week 3,mobile,google,cpc,<Other>,United States,749,2,0.27
2021-01-01,2021-01,1,Week 1,desktop,<Other>,organic,(organic),United States,799,27,3.38
2021-01-01,2021-01,0,Week 0,desktop,<Other>,organic,(organic),United States,799,799,100.0
2021-01-01,2021-01,2,Week 2,desktop,<Other>,organic,(organic),United States,799,6,0.75
2021-01-01,2021-01,3,Week 3,desktop,<Other>,organic,(organic),United States,799,2,0.25
2021-01-01,2021-01,4,Week 4,desktop,<Other>,organic,(organic),United States,799,1,0.13
2021-01-01,2021-01,1,Week 1,mobile,(direct),(none),(direct),India,805,28,3.48
2021-01-01,2021-01,0,Week 0,mobile,(direct),(none),(direct),India,805,805,100.0
2021-01-01,2021-01,2,Week 2,mobile,(direct),(none),(direct),India,805,5,0.62
2021-01-01,2021-01,3,Week 3,mobile,(direct),(none),(direct),India,805,1,0.12
2021-01-01,2021-01,3,Week 3,mobile,shop.googlemerchandisestore.com,referral,(referral),United States,856,2,0.23
2021-01-01,2021-01,1,Week 1,mobile,shop.googlemerchandisestore.com,referral,(referral),United States,856,32,3.74
2021-01-01,2021-01,2,Week 2,mobile,shop.googlemerchandisestore.com,referral,(referral),United States,856,5,0.58
2021-01-01,2021-01,4,Week 4,mobile,shop.googlemerchandisestore.com,referral,(referral),United States,856,1,0.12
2021-01-01,2021-01,0,Week 0,mobile,shop.googlemerchandisestore.com,referral,(referral),United States,856,856,100.0
2021-01-01,2021-01,0,Week 0,desktop,<Other>,<Other>,<Other>,India,887,887,100.0
2021-01-01,2021-01,1,Week 1,desktop,<Other>,<Other>,<Other>,India,887,19,2.14
2021-01-01,2021-01,3,Week 3,desktop,<Other>,<Other>,<Other>,India,887,2,0.23
2021-01-01,2021-01,2,Week 2,desktop,<Other>,<Other>,<Other>,India,887,8,0.9
2021-01-01,2021-01,2,Week 2,desktop,(direct),(none),(direct),Canada,925,6,0.65
2021-01-01,2021-01,3,Week 3,desktop,(direct),(none),(direct),Canada,925,1,0.11
2021-01-01,2021-01,1,Week 1,desktop,(direct),(none),(direct),Canada,925,32,3.46
2021-01-01,2021-01,0,Week 0,desktop,(direct),(none),(direct),Canada,925,925,100.0
2021-01-01,2021-01,1,Week 1,mobile,google,organic,(organic),Canada,943,31,3.29
2021-01-01,2021-01,0,Week 0,mobile,google,organic,(organic),Canada,943,943,100.0
2021-01-01,2021-01,3,Week 3,mobile,google,organic,(organic),Canada,943,2,0.21
2021-01-01,2021-01,2,Week 2,mobile,google,organic,(organic),Canada,943,5,0.53
2021-01-01,2021-01,3,Week 3,mobile,google,organic,(organic),India,1166,5,0.43
2021-01-01,2021-01,1,Week 1,mobile,google,organic,(organic),India,1166,29,2.49
2021-01-01,2021-01,4,Week 4,mobile,google,organic,(organic),India,1166,1,0.09
2021-01-01,2021-01,2,Week 2,mobile,google,organic,(organic),India,1166,6,0.51
2021-01-01,2021-01,0,Week 0,mobile,google,organic,(organic),India,1166,1166,100.0
2021-01-01,2021-01,2,Week 2,desktop,shop.googlemerchandisestore.com,referral,(referral),United States,1191,7,0.59
2021-01-01,2021-01,0,Week 0,desktop,shop.googlemerchandisestore.com,referral,(referral),United States,1191,1191,100.0
2021-01-01,2021-01,3,Week 3,desktop,shop.googlemerchandisestore.com,referral,(referral),United States,1191,5,0.42
2021-01-01,2021-01,4,Week 4,desktop,shop.googlemerchandisestore.com,referral,(referral),United States,1191,1,0.08
2021-01-01,2021-01,1,Week 1,desktop,shop.googlemerchandisestore.com,referral,(referral),United States,1191,32,2.69
2021-01-01,2021-01,0,Week 0,desktop,(direct),(none),(direct),India,1226,1226,100.0
2021-01-01,2021-01,1,Week 1,desktop,(direct),(none),(direct),India,1226,39,3.18
2021-01-01,2021-01,3,Week 3,desktop,(direct),(none),(direct),India,1226,2,0.16
2021-01-01,2021-01,2,Week 2,desktop,(direct),(none),(direct),India,1226,4,0.33
2021-01-01,2021-01,2,Week 2,desktop,google,cpc,<Other>,United States,1332,13,0.98
2021-01-01,2021-01,0,Week 0,desktop,google,cpc,<Other>,United States,1332,1332,100.0
2021-01-01,2021-01,3,Week 3,desktop,google,cpc,<Other>,United States,1332,3,0.23
2021-01-01,2021-01,1,Week 1,desktop,google,cpc,<Other>,United States,1332,39,2.93
2021-01-01,2021-01,3,Week 3,desktop,google,organic,(organic),Canada,1355,7,0.52
2021-01-01,2021-01,1,Week 1,desktop,google,organic,(organic),Canada,1355,38,2.8
2021-01-01,2021-01,2,Week 2,desktop,google,organic,(organic),Canada,1355,15,1.11
2021-01-01,2021-01,0,Week 0,desktop,google,organic,(organic),Canada,1355,1355,100.0
2021-01-01,2021-01,1,Week 1,mobile,<Other>,referral,(referral),United States,1505,51,3.39
2021-01-01,2021-01,0,Week 0,mobile,<Other>,referral,(referral),United States,1505,1505,100.0
2021-01-01,2021-01,2,Week 2,mobile,<Other>,referral,(referral),United States,1505,11,0.73
2021-01-01,2021-01,3,Week 3,mobile,<Other>,referral,(referral),United States,1505,8,0.53
2021-01-01,2021-01,1,Week 1,desktop,google,organic,(organic),India,1710,43,2.51
2021-01-01,2021-01,2,Week 2,desktop,google,organic,(organic),India,1710,9,0.53
2021-01-01,2021-01,3,Week 3,desktop,google,organic,(organic),India,1710,5,0.29
2021-01-01,2021-01,0,Week 0,desktop,google,organic,(organic),India,1710,1710,100.0
2021-01-01,2021-01,1,Week 1,desktop,<Other>,referral,(referral),United States,2137,72,3.37
2021-01-01,2021-01,4,Week 4,desktop,<Other>,referral,(referral),United States,2137,1,0.05
2021-01-01,2021-01,2,Week 2,desktop,<Other>,referral,(referral),United States,2137,15,0.7
2021-01-01,2021-01,0,Week 0,desktop,<Other>,referral,(referral),United States,2137,2137,100.0
2021-01-01,2021-01,3,Week 3,desktop,<Other>,referral,(referral),United States,2137,10,0.47
2021-01-01,2021-01,3,Week 3,mobile,<Other>,<Other>,<Other>,United States,2803,7,0.25
2021-01-01,2021-01,0,Week 0,mobile,<Other>,<Other>,<Other>,United States,2803,2803,100.0
2021-01-01,2021-01,1,Week 1,mobile,<Other>,<Other>,<Other>,United States,2803,84,3.0
2021-01-01,2021-01,2,Week 2,mobile,<Other>,<Other>,<Other>,United States,2803,23,0.82
2021-01-01,2021-01,4,Week 4,mobile,(direct),(none),(direct),United States,3790,4,0.11
2021-01-01,2021-01,2,Week 2,mobile,(direct),(none),(direct),United States,3790,35,0.92
2021-01-01,2021-01,0,Week 0,mobile,(direct),(none),(direct),United States,3790,3790,100.0
2021-01-01,2021-01,3,Week 3,mobile,(direct),(none),(direct),United States,3790,8,0.21
2021-01-01,2021-01,1,Week 1,mobile,(direct),(none),(direct),United States,3790,102,2.69
2021-01-01,2021-01,0,Week 0,desktop,<Other>,<Other>,<Other>,United States,4027,4027,100.0
2021-01-01,2021-01,3,Week 3,desktop,<Other>,<Other>,<Other>,United States,4027,10,0.25
2021-01-01,2021-01,2,Week 2,desktop,<Other>,<Other>,<Other>,United States,4027,33,0.82
2021-01-01,2021-01,1,Week 1,desktop,<Other>,<Other>,<Other>,United States,4027,118,2.93
2021-01-01,2021-01,4,Week 4,desktop,<Other>,<Other>,<Other>,United States,4027,1,0.02
2021-01-01,2021-01,2,Week 2,mobile,google,organic,(organic),United States,5446,32,0.59
2021-01-01,2021-01,3,Week 3,mobile,google,organic,(organic),United States,5446,11,0.2
2021-01-01,2021-01,1,Week 1,mobile,google,organic,(organic),United States,5446,168,3.08
2021-01-01,2021-01,0,Week 0,mobile,google,organic,(organic),United States,5446,5446,100.0
2021-01-01,2021-01,4,Week 4,mobile,google,organic,(organic),United States,5446,4,0.07
2021-01-01,2021-01,0,Week 0,desktop,(direct),(none),(direct),United States,5565,5565,100.0
2021-01-01,2021-01,1,Week 1,desktop,(direct),(none),(direct),United States,5565,171,3.07
2021-01-01,2021-01,3,Week 3,desktop,(direct),(none),(direct),United States,5565,19,0.34
2021-01-01,2021-01,4,Week 4,desktop,(direct),(none),(direct),United States,5565,4,0.07
2021-01-01,2021-01,2,Week 2,desktop,(direct),(none),(direct),United States,5565,45,0.81
2021-01-01,2021-01,0,Week 0,desktop,google,organic,(organic),United States,8084,8084,100.0
2021-01-01,2021-01,3,Week 3,desktop,google,organic,(organic),United States,8084,12,0.15
2021-01-01,2021-01,4,Week 4,desktop,google,organic,(organic),United States,8084,5,0.06
2021-01-01,2021-01,1,Week 1,desktop,google,organic,(organic),United States,8084,251,3.1
2021-01-01,2021-01,2,Week 2,desktop,google,organic,(organic),United States,8084,56,0.69
2020-12-01,2020-12,0,Week 0,mobile,<Other>,(data deleted),(data deleted),Canada,1,1,100.0
2020-12-01,2020-12,0,Week 0,desktop,(data deleted),(data deleted),(data deleted),Israel,4,4,100.0
2020-12-01,2020-12,0,Week 0,mobile,(data deleted),(data deleted),(data deleted),France,6,6,100.0
2020-12-01,2020-12,0,Week 0,tablet,(data deleted),(data deleted),(data deleted),Slovakia,1,1,100.0
2020-12-01,2020-12,0,Week 0,mobile,(data deleted),(data deleted),(data deleted),Australia,4,4,100.0
2020-12-01,2020-12,0,Week 0,desktop,(data deleted),(data deleted),(data deleted),Egypt,1,1,100.0
2020-12-01,2020-12,0,Week 0,mobile,(data deleted),(data deleted),(data deleted),Italy,6,6,100.0
2020-12-01,2020-12,0,Week 0,desktop,(data deleted),(data deleted),(data deleted),Brazil,2,2,100.0
2020-12-01,2020-12,0,Week 0,tablet,(data deleted),(data deleted),(data deleted),Canada,3,3,100.0
2020-12-01,2020-12,0,Week 0,desktop,(data deleted),(data deleted),(data deleted),France,4,4,100.0
2020-12-01,2020-12,0,Week 0,desktop,(data deleted),(data deleted),(data deleted),Argentina,1,1,100.0
2020-12-01,2020-12,0,Week 0,desktop,(data deleted),(data deleted),(data deleted),Austria,1,1,100.0
2020-12-01,2020-12,0,Week 0,mobile,(data deleted),(data deleted),(data deleted),Hong Kong,2,2,100.0
2020-12-01,2020-12,0,Week 0,desktop,(data deleted),(data deleted),(data deleted),Croatia,1,1,100.0
2020-12-01,2020-12,0,Week 0,desktop,(data deleted),(data deleted),(data deleted),Singapore,9,9,100.0
2020-12-01,2020-12,0,Week 0,desktop,(data deleted),(data deleted),(data deleted),Pakistan,1,1,100.0
2020-12-01,2020-12,0,Week 0,mobile,(data deleted),(data deleted),<Other>,Taiwan,1,1,100.0
2020-12-01,2020-12,0,Week 0,desktop,(data deleted),(data deleted),(data deleted),Japan,5,5,100.0
2020-12-01,2020-12,0,Week 0,mobile,(data deleted),(data deleted),(data deleted),Sri Lanka,1,1,100.0
2020-12-01,2020-12,0,Week 0,desktop,(data deleted),(data deleted),(data deleted),Indonesia,4,4,100.0
2020-12-01,2020-12,0,Week 0,mobile,(data deleted),(data deleted),(data deleted),Pakistan,1,1,100.0
2020-12-01,2020-12,0,Week 0,mobile,(data deleted),(data deleted),(data deleted),Spain,3,3,100.0
2020-12-01,2020-12,0,Week 0,mobile,(data deleted),(data deleted),(data deleted),United Kingdom,5,5,100.0
2020-12-01,2020-12,0,Week 0,desktop,(data deleted),(data deleted),(data deleted),Turkey,1,1,100.0
2020-12-01,2020-12,0,Week 0,mobile,(data deleted),(data deleted),(data deleted),Russia,2,2,100.0
2020-12-01,2020-12,0,Week 0,desktop,(data deleted),(data deleted),(data deleted),South Korea,5,5,100.0
2020-12-01,2020-12,0,Week 0,mobile,(data deleted),(data deleted),(data deleted),Ukraine,1,1,100.0
2020-12-01,2020-12,0,Week 0,desktop,<Other>,(data deleted),(data deleted),Singapore,1,1,100.0
2020-12-01,2020-12,0,Week 0,tablet,(data deleted),(data deleted),(data deleted),France,1,1,100.0
2020-12-01,2020-12,0,Week 0,desktop,<Other>,(data deleted),(data deleted),United States,4,4,100.0
2020-12-01,2020-12,0,Week 0,mobile,(data deleted),(data deleted),(data deleted),Georgia,1,1,100.0
2020-12-01,2020-12,0,Week 0,mobile,(data deleted),(data deleted),(data deleted),Malaysia,2,2,100.0
2020-12-01,2020-12,0,Week 0,mobile,(data deleted),(data deleted),<Other>,United Kingdom,1,1,100.0
2020-12-01,2020-12,0,Week 0,mobile,(data deleted),(data deleted),(data deleted),Indonesia,3,3,100.0
2020-12-01,2020-12,0,Week 0,mobile,(data deleted),(data deleted),(data deleted),Lebanon,1,1,100.0
2020-12-01,2020-12,0,Week 0,desktop,(data deleted),(data deleted),(data deleted),Switzerland,1,1,100.0
2020-12-01,2020-12,0,Week 0,desktop,(data deleted),(data deleted),(data deleted),Hungary,1,1,100.0
2020-12-01,2020-12,0,Week 0,mobile,(data deleted),(data deleted),(data deleted),Taiwan,7,7,100.0
2020-12-01,2020-12,0,Week 0,desktop,(data deleted),(data deleted),(data deleted),Russia,1,1,100.0
2020-12-01,2020-12,0,Week 0,desktop,(data deleted),(data deleted),(data deleted),Italy,7,7,100.0
2020-12-01,2020-12,0,Week 0,desktop,(data deleted),(data deleted),(data deleted),Bosnia & Herzegovina,1,1,100.0
2020-12-01,2020-12,0,Week 0,mobile,(data deleted),(data deleted),(data deleted),Turkey,3,3,100.0
2020-12-01,2020-12,0,Week 0,mobile,(data deleted),(data deleted),(data deleted),Canada,29,29,100.0
2020-12-01,2020-12,0,Week 0,mobile,(data deleted),(data deleted),(data deleted),Netherlands,2,2,100.0
2020-12-01,2020-12,0,Week 0,desktop,(data deleted),(data deleted),(data deleted),Belgium,4,4,100.0
2020-12-01,2020-12,0,Week 0,desktop,(data deleted),(data deleted),(data deleted),Serbia,1,1,100.0
2020-12-01,2020-12,0,Week 0,desktop,(data deleted),(data deleted),(data deleted),Canada,26,26,100.0
2020-12-01,2020-12,0,Week 0,tablet,(data deleted),(data deleted),(data deleted),United Kingdom,2,2,100.0
2020-12-01,2020-12,0,Week 0,desktop,(data deleted),(data deleted),(data deleted),(not set),5,5,100.0
2020-12-01,2020-12,0,Week 0,mobile,<Other>,(data deleted),(data deleted),United States,1,1,100.0
2020-12-01,2020-12,0,Week 0,mobile,(data deleted),(data deleted),(data deleted),Belgium,1,1,100.0
2020-12-01,2020-12,0,Week 0,desktop,(data deleted),(data deleted),(data deleted),United States,190,190,100.0
2020-12-01,2020-12,0,Week 0,tablet,(data deleted),(data deleted),(data deleted),Portugal,1,1,100.0
2020-12-01,2020-12,0,Week 0,mobile,(data deleted),(data deleted),(data deleted),South Korea,2,2,100.0
2020-12-01,2020-12,0,Week 0,mobile,(data deleted),(data deleted),(data deleted),Czechia,1,1,100.0
2020-12-01,2020-12,0,Week 0,desktop,(data deleted),(data deleted),(data deleted),Poland,6,6,100.0
2020-12-01,2020-12,0,Week 0,tablet,(data deleted),(data deleted),(data deleted),Belgium,1,1,100.0
2020-12-01,2020-12,0,Week 0,mobile,(data deleted),(data deleted),<Other>,United States,3,3,100.0
2020-12-01,2020-12,0,Week 0,desktop,(data deleted),(data deleted),(data deleted),China,12,12,100.0
2020-12-01,2020-12,0,Week 0,mobile,(data deleted),(data deleted),<Other>,South Africa,1,1,100.0
2020-12-01,2020-12,0,Week 0,desktop,(data deleted),(data deleted),(data deleted),Ukraine,1,1,100.0
2020-12-01,2020-12,0,Week 0,desktop,(data deleted),(data deleted),(data deleted),United Arab Emirates,1,1,100.0
2020-12-01,2020-12,0,Week 0,desktop,(data deleted),(data deleted),(data deleted),Malaysia,1,1,100.0
2020-12-01,2020-12,0,Week 0,desktop,(data deleted),(data deleted),(data deleted),Hong Kong,1,1,100.0
2020-12-01,2020-12,0,Week 0,tablet,(data deleted),(data deleted),(data deleted),Israel,1,1,100.0
2020-12-01,2020-12,0,Week 0,mobile,(data deleted),(data deleted),(data deleted),Chile,1,1,100.0
2020-12-01,2020-12,0,Week 0,desktop,(data deleted),(data deleted),(data deleted),Netherlands,1,1,100.0
2020-12-01,2020-12,0,Week 0,desktop,(data deleted),(data deleted),(data deleted),Nigeria,1,1,100.0
2020-12-01,2020-12,0,Week 0,mobile,(data deleted),(data deleted),(data deleted),Brazil,3,3,100.0
2020-12-01,2020-12,0,Week 0,desktop,(data deleted),(data deleted),(data deleted),Taiwan,5,5,100.0
2020-12-01,2020-12,0,Week 0,desktop,(data deleted),(data deleted),<Other>,United States,1,1,100.0
2020-12-01,2020-12,0,Week 0,desktop,(data deleted),(data deleted),(data deleted),Ecuador,2,2,100.0
2020-12-01,2020-12,0,Week 0,mobile,(data deleted),(data deleted),(data deleted),Portugal,1,1,100.0
2020-12-01,2020-12,0,Week 0,tablet,(data deleted),(data deleted),(data deleted),Ireland,1,1,100.0
2020-12-01,2020-12,0,Week 0,desktop,(data deleted),(data deleted),(data deleted),Ireland,4,4,100.0
2020-12-01,2020-12,0,Week 0,desktop,(data deleted),(data deleted),(data deleted),Cambodia,1,1,100.0
2020-12-01,2020-12,0,Week 0,desktop,(data deleted),(data deleted),<Other>,United Kingdom,1,1,100.0
2020-12-01,2020-12,0,Week 0,desktop,(data deleted),(data deleted),(data deleted),Iraq,2,2,100.0
2020-12-01,2020-12,0,Week 0,desktop,(data deleted),(data deleted),(data deleted),Denmark,2,2,100.0
2020-12-01,2020-12,0,Week 0,mobile,(data deleted),(data deleted),(data deleted),Germany,4,4,100.0
2020-12-01,2020-12,0,Week 0,desktop,(data deleted),(data deleted),<Other>,India,2,2,100.0
2020-12-01,2020-12,0,Week 0,mobile,(data deleted),(data deleted),(data deleted),Singapore,3,3,100.0
2020-12-01,2020-12,0,Week 0,desktop,(data deleted),(data deleted),(data deleted),Germany,9,9,100.0
2020-12-01,2020-12,0,Week 0,mobile,(data deleted),(data deleted),(data deleted),Argentina,2,2,100.0
2020-12-01,2020-12,0,Week 0,mobile,(data deleted),(data deleted),(data deleted),China,4,4,100.0
2020-12-01,2020-12,0,Week 0,mobile,(data deleted),(data deleted),(data deleted),Finland,1,1,100.0
2020-12-01,2020-12,0,Week 0,mobile,(data deleted),(data deleted),<Other>,Switzerland,1,1,100.0
2020-12-01,2020-12,0,Week 0,mobile,(data deleted),(data deleted),(data deleted),Vietnam,1,1,100.0
2020-12-01,2020-12,0,Week 0,mobile,(data deleted),(data deleted),<Other>,India,3,3,100.0
2020-12-01,2020-12,0,Week 0,desktop,(data deleted),(data deleted),(data deleted),Peru,1,1,100.0
2020-12-01,2020-12,0,Week 0,mobile,(data deleted),(data deleted),(data deleted),Slovakia,1,1,100.0
2020-12-01,2020-12,0,Week 0,mobile,(data deleted),(data deleted),(data deleted),Mexico,2,2,100.0
2020-12-01,2020-12,0,Week 0,tablet,(data deleted),(data deleted),(data deleted),Malaysia,1,1,100.0
2020-12-01,2020-12,0,Week 0,desktop,<Other>,(data deleted),(data deleted),France,1,1,100.0
2020-12-01,2020-12,0,Week 0,desktop,(data deleted),(data deleted),(data deleted),Kazakhstan,1,1,100.0
2020-12-01,2020-12,0,Week 0,mobile,(data deleted),(data deleted),(data deleted),United States,112,112,100.0
2020-12-01,2020-12,0,Week 0,desktop,(data deleted),(data deleted),(data deleted),Qatar,1,1,100.0
2020-12-01,2020-12,0,Week 0,desktop,(data deleted),(data deleted),(data deleted),India,39,39,100.0
2020-12-01,2020-12,0,Week 0,mobile,(data deleted),(data deleted),(data deleted),Hungary,1,1,100.0
2020-12-01,2020-12,0,Week 0,mobile,(data deleted),(data deleted),(data deleted),New Zealand,1,1,100.0
2020-12-01,2020-12,0,Week 0,mobile,(data deleted),(data deleted),(data deleted),India,28,28,100.0
2020-12-01,2020-12,0,Week 0,tablet,(data deleted),(data deleted),(data deleted),China,1,1,100.0
2020-12-01,2020-12,0,Week 0,desktop,(data deleted),(data deleted),(data deleted),Colombia,2,2,100.0
2020-12-01,2020-12,0,Week 0,tablet,(data deleted),(data deleted),(data deleted),United States,7,7,100.0
2020-12-01,2020-12,0,Week 0,desktop,(data deleted),(data deleted),(data deleted),Thailand,1,1,100.0
2020-12-01,2020-12,0,Week 0,desktop,(data deleted),(data deleted),<Other>,Turkey,1,1,100.0
2020-12-01,2020-12,0,Week 0,desktop,(data deleted),(data deleted),(data deleted),United Kingdom,9,9,100.0
2020-12-01,2020-12,0,Week 0,mobile,(data deleted),(data deleted),(data deleted),Israel,2,2,100.0
2020-12-01,2020-12,0,Week 0,desktop,(data deleted),(data deleted),(data deleted),Mexico,5,5,100.0
2020-12-01,2020-12,0,Week 0,desktop,(data deleted),(data deleted),(data deleted),Sweden,5,5,100.0
2020-12-01,2020-12,0,Week 0,mobile,(data deleted),(data deleted),(data deleted),(not set),2,2,100.0
2020-12-01,2020-12,0,Week 0,mobile,(data deleted),(data deleted),(data deleted),El Salvador,1,1,100.0
2020-12-01,2020-12,0,Week 0,desktop,(data deleted),(data deleted),(data deleted),Sri Lanka,1,1,100.0
2020-12-01,2020-12,0,Week 0,desktop,<Other>,(data deleted),(data deleted),Germany,1,1,100.0
2020-12-01,2020-12,0,Week 0,desktop,(data deleted),(data deleted),(data deleted),Australia,6,6,100.0
2020-12-01,2020-12,0,Week 0,mobile,(data deleted),(data deleted),<Other>,(not set),1,1,100.0
2020-12-01,2020-12,0,Week 0,desktop,(data deleted),(data deleted),(data deleted),Greece,2,2,100.0
2020-12-01,2020-12,0,Week 0,desktop,(data deleted),(data deleted),<Other>,Lithuania,1,1,100.0
2020-12-01,2020-12,0,Week 0,mobile,(data deleted),(data deleted),(data deleted),Serbia,1,1,100.0
2020-12-01,2020-12,0,Week 0,desktop,(data deleted),(data deleted),(data deleted),Spain,8,8,100.0
2020-12-01,2020-12,0,Week 0,desktop,<Other>,(data deleted),(data deleted),India,1,1,100.0
2020-12-01,2020-12,0,Week 0,desktop,(data deleted),(data deleted),(data deleted),Vietnam,2,2,100.0
2020-12-01,2020-12,0,Week 0,mobile,(data deleted),(data deleted),(data deleted),Japan,3,3,100.0
2020-12-01,2020-12,1,Week 1,desktop,(data deleted),(data deleted),(data deleted),India,39,4,10.26
2020-12-01,2020-12,1,Week 1,desktop,(data deleted),(data deleted),(data deleted),United Kingdom,9,1,11.11
2020-12-01,2020-12,1,Week 1,mobile,(data deleted),(data deleted),<Other>,United States,3,1,33.33
2020-12-01,2020-12,1,Week 1,mobile,(data deleted),(data deleted),(data deleted),Sri Lanka,1,1,100.0
2020-12-01,2020-12,1,Week 1,desktop,(data deleted),(data deleted),(data deleted),Poland,6,1,16.67
2020-12-01,2020-12,1,Week 1,tablet,(data deleted),(data deleted),(data deleted),United States,7,1,14.29
2020-12-01,2020-12,1,Week 1,mobile,(data deleted),(data deleted),(data deleted),Slovakia,1,1,100.0
2020-12-01,2020-12,1,Week 1,desktop,(data deleted),(data deleted),(data deleted),China,12,2,16.67
2020-12-01,2020-12,1,Week 1,desktop,(data deleted),(data deleted),(data deleted),Vietnam,2,1,50.0
2020-12-01,2020-12,1,Week 1,desktop,(data deleted),(data deleted),(data deleted),Belgium,4,1,25.0
2020-12-01,2020-12,1,Week 1,desktop,(data deleted),(data deleted),(data deleted),Ukraine,1,1,100.0
2020-12-01,2020-12,1,Week 1,mobile,(data deleted),(data deleted),(data deleted),United States,112,10,8.93
2020-12-01,2020-12,1,Week 1,mobile,(data deleted),(data deleted),(data deleted),United Kingdom,5,1,20.0
2020-12-01,2020-12,1,Week 1,desktop,(data deleted),(data deleted),(data deleted),Australia,6,1,16.67
2020-12-01,2020-12,1,Week 1,desktop,(data deleted),(data deleted),(data deleted),United States,190,12,6.32
2020-12-01,2020-12,1,Week 1,mobile,(data deleted),(data deleted),(data deleted),India,28,5,17.86
2020-12-01,2020-12,1,Week 1,desktop,(data deleted),(data deleted),(data deleted),Germany,9,2,22.22
2020-12-01,2020-12,1,Week 1,mobile,(data deleted),(data deleted),(data deleted),Japan,3,1,33.33
2020-12-01,2020-12,1,Week 1,desktop,(data deleted),(data deleted),(data deleted),Peru,1,1,100.0
2020-12-01,2020-12,1,Week 1,mobile,(data deleted),(data deleted),(data deleted),Hong Kong,2,1,50.0
2020-12-01,2020-12,1,Week 1,desktop,(data deleted),(data deleted),(data deleted),Taiwan,5,1,20.0
2020-12-01,2020-12,1,Week 1,mobile,(data deleted),(data deleted),(data deleted),Mexico,2,1,50.0
2020-12-01,2020-12,1,Week 1,desktop,(data deleted),(data deleted),(data deleted),Italy,7,2,28.57
2020-12-01,2020-12,1,Week 1,desktop,(data deleted),(data deleted),(data deleted),Canada,26,5,19.23
2020-12-01,2020-12,1,Week 1,mobile,(data deleted),(data deleted),(data deleted),Germany,4,1,25.0
2020-12-01,2020-12,1,Week 1,desktop,(data deleted),(data deleted),(data deleted),Spain,8,1,12.5
2020-12-01,2020-12,1,Week 1,desktop,(data deleted),(data deleted),(data deleted),Singapore,9,4,44.44
2020-12-01,2020-12,2,Week 2,mobile,(data deleted),(data deleted),(data deleted),Argentina,2,1,50.0
2020-12-01,2020-12,2,Week 2,mobile,(data deleted),(data deleted),(data deleted),Portugal,1,1,100.0
2020-12-01,2020-12,2,Week 2,desktop,(data deleted),(data deleted),(data deleted),Canada,26,4,15.38
2020-12-01,2020-12,2,Week 2,desktop,(data deleted),(data deleted),(data deleted),United States,190,5,2.63
2020-12-01,2020-12,2,Week 2,mobile,(data deleted),(data deleted),(data deleted),United States,112,6,5.36
2020-12-01,2020-12,2,Week 2,mobile,(data deleted),(data deleted),(data deleted),Belgium,1,1,100.0
2020-12-01,2020-12,2,Week 2,desktop,(data deleted),(data deleted),(data deleted),Poland,6,1,16.67
2020-12-01,2020-12,2,Week 2,desktop,(data deleted),(data deleted),(data deleted),India,39,1,2.56
2020-12-01,2020-12,2,Week 2,mobile,(data deleted),(data deleted),(data deleted),South Korea,2,1,50.0
2020-12-01,2020-12,2,Week 2,desktop,(data deleted),(data deleted),(data deleted),Singapore,9,2,22.22
2020-12-01,2020-12,2,Week 2,desktop,(data deleted),(data deleted),(data deleted),Spain,8,1,12.5
2020-12-01,2020-12,2,Week 2,desktop,(data deleted),(data deleted),(data deleted),Germany,9,1,11.11
2020-12-01,2020-12,2,Week 2,mobile,(data deleted),(data deleted),(data deleted),China,4,1,25.0
2020-12-01,2020-12,3,Week 3,mobile,(data deleted),(data deleted),<Other>,United Kingdom,1,1,100.0
2020-12-01,2020-12,3,Week 3,desktop,(data deleted),(data deleted),(data deleted),Egypt,1,1,100.0
2020-12-01,2020-12,3,Week 3,desktop,(data deleted),(data deleted),(data deleted),Indonesia,4,1,25.0
2020-12-01,2020-12,3,Week 3,mobile,(data deleted),(data deleted),(data deleted),Taiwan,7,1,14.29
2020-12-01,2020-12,3,Week 3,mobile,(data deleted),(data deleted),(data deleted),Indonesia,3,1,33.33
2020-12-01,2020-12,3,Week 3,desktop,(data deleted),(data deleted),(data deleted),United States,190,3,1.58
2020-12-01,2020-12,3,Week 3,desktop,(data deleted),(data deleted),(data deleted),Mexico,5,1,20.0
2020-12-01,2020-12,3,Week 3,desktop,(data deleted),(data deleted),(data deleted),Germany,9,2,22.22
2020-12-01,2020-12,3,Week 3,desktop,(data deleted),(data deleted),(data deleted),China,12,1,8.33
2020-12-01,2020-12,3,Week 3,desktop,(data deleted),(data deleted),(data deleted),United Kingdom,9,1,11.11
2020-12-01,2020-12,3,Week 3,mobile,(data deleted),(data deleted),(data deleted),Mexico,2,1,50.0
2020-12-01,2020-12,3,Week 3,tablet,(data deleted),(data deleted),(data deleted),Slovakia,1,1,100.0
2020-12-01,2020-12,3,Week 3,desktop,(data deleted),(data deleted),(data deleted),Singapore,9,2,22.22
2020-12-01,2020-12,3,Week 3,desktop,(data deleted),(data deleted),(data deleted),Canada,26,1,3.85
2020-12-01,2020-12,3,Week 3,mobile,(data deleted),(data deleted),(data deleted),Hong Kong,2,1,50.0
2020-12-01,2020-12,3,Week 3,mobile,(data deleted),(data deleted),(data deleted),United States,112,4,3.57
2020-12-01,2020-12,4,Week 4,desktop,(data deleted),(data deleted),(data deleted),United Arab Emirates,1,1,100.0
2020-12-01,2020-12,4,Week 4,desktop,(data deleted),(data deleted),(data deleted),Germany,9,1,11.11
2020-12-01,2020-12,4,Week 4,tablet,(data deleted),(data deleted),(data deleted),Canada,3,1,33.33
2020-12-01,2020-12,4,Week 4,desktop,(data deleted),(data deleted),(data deleted),Mexico,5,1,20.0
2020-12-01,2020-12,4,Week 4,desktop,(data deleted),(data deleted),(data deleted),Indonesia,4,1,25.0
2020-12-01,2020-12,4,Week 4,desktop,(data deleted),(data deleted),(data deleted),Singapore,9,1,11.11
2020-12-01,2020-12,4,Week 4,desktop,(data deleted),(data deleted),(data deleted),Spain,8,1,12.5
2020-12-01,2020-12,4,Week 4,mobile,(data deleted),(data deleted),(data deleted),Mexico,2,1,50.0
2020-12-01,2020-12,4,Week 4,mobile,(data deleted),(data deleted),(data deleted),India,28,1,3.57
2020-12-01,2020-12,4,Week 4,desktop,(data deleted),(data deleted),(data deleted),Poland,6,1,16.67
2020-12-01,2020-12,4,Week 4,desktop,(data deleted),(data deleted),(data deleted),Israel,4,1,25.0
2020-12-01,2020-12,4,Week 4,mobile,(data deleted),(data deleted),(data deleted),United States,112,10,8.93
2020-12-01,2020-12,4,Week 4,mobile,(data deleted),(data deleted),(data deleted),China,4,1,25.0
2020-12-01,2020-12,4,Week 4,desktop,(data deleted),(data deleted),(data deleted),United States,190,5,2.63
2020-12-01,2020-12,4,Week 4,desktop,(data deleted),(data deleted),(data deleted),Egypt,1,1,100.0
2020-12-01,2020-12,4,Week 4,desktop,(data deleted),(data deleted),(data deleted),China,12,2,16.67
2020-12-01,2020-12,4,Week 4,mobile,(data deleted),(data deleted),(data deleted),Taiwan,7,1,14.29
2020-12-01,2020-12,4,Week 4,desktop,(data deleted),(data deleted),(data deleted),Canada,26,1,3.85
2020-12-01,2020-12,5,Week 5,mobile,(data deleted),(data deleted),<Other>,United Kingdom,1,1,100.0
2020-12-01,2020-12,5,Week 5,desktop,(data deleted),(data deleted),(data deleted),Poland,6,1,16.67
2020-12-01,2020-12,5,Week 5,tablet,(data deleted),(data deleted),(data deleted),Canada,3,1,33.33
2020-12-01,2020-12,5,Week 5,desktop,(data deleted),(data deleted),(data deleted),United States,190,2,1.05
2020-12-01,2020-12,5,Week 5,tablet,(data deleted),(data deleted),(data deleted),United States,7,1,14.29
2020-12-01,2020-12,5,Week 5,tablet,(data deleted),(data deleted),(data deleted),Slovakia,1,1,100.0
2020-12-01,2020-12,5,Week 5,mobile,(data deleted),(data deleted),(data deleted),Canada,29,1,3.45
2020-12-01,2020-12,5,Week 5,mobile,(data deleted),(data deleted),(data deleted),Serbia,1,1,100.0
2020-12-01,2020-12,5,Week 5,desktop,(data deleted),(data deleted),(data deleted),Canada,26,1,3.85
2020-12-01,2020-12,5,Week 5,mobile,(data deleted),(data deleted),(data deleted),United States,112,2,1.79
2020-12-01,2020-12,5,Week 5,mobile,(data deleted),(data deleted),(data deleted),Singapore,3,1,33.33
2020-12-01,2020-12,5,Week 5,desktop,(data deleted),(data deleted),(data deleted),Spain,8,1,12.5
2020-12-01,2020-12,6,Week 6,desktop,(data deleted),(data deleted),(data deleted),Australia,6,2,33.33
2020-12-01,2020-12,6,Week 6,desktop,(data deleted),(data deleted),(data deleted),Mexico,5,1,20.0
2020-12-01,2020-12,6,Week 6,desktop,(data deleted),(data deleted),(data deleted),United States,190,3,1.58
2020-12-01,2020-12,6,Week 6,tablet,(data deleted),(data deleted),(data deleted),Canada,3,1,33.33
2020-12-01,2020-12,6,Week 6,mobile,(data deleted),(data deleted),(data deleted),United States,112,4,3.57
2020-12-01,2020-12,6,Week 6,mobile,(data deleted),(data deleted),(data deleted),Taiwan,7,1,14.29
2020-12-01,2020-12,6,Week 6,desktop,(data deleted),(data deleted),(data deleted),Canada,26,1,3.85
2020-12-01,2020-12,6,Week 6,desktop,(data deleted),(data deleted),(data deleted),Germany,9,2,22.22
2020-12-01,2020-12,7,Week 7,mobile,(data deleted),(data deleted),(data deleted),United States,112,2,1.79
2020-12-01,2020-12,7,Week 7,mobile,(data deleted),(data deleted),(data deleted),Taiwan,7,1,14.29
2020-12-01,2020-12,7,Week 7,desktop,(data deleted),(data deleted),(data deleted),United States,190,2,1.05
2020-12-01,2020-12,7,Week 7,desktop,(data deleted),(data deleted),(data deleted),Israel,4,1,25.0
2020-12-01,2020-12,8,Week 8,desktop,(data deleted),(data deleted),(data deleted),United States,190,1,0.53
2020-12-01,2020-12,8,Week 8,mobile,(data deleted),(data deleted),(data deleted),Canada,29,1,3.45
2020-12-01,2020-12,8,Week 8,desktop,(data deleted),(data deleted),(data deleted),Germany,9,1,11.11
2020-12-01,2020-12,0,Week 0,desktop,(direct),(none),(direct),Malta,4,4,100.0
2020-12-01,2020-12,0,Week 0,tablet,(direct),(none),(direct),Germany,11,11,100.0
2020-12-01,2020-12,0,Week 0,desktop,(direct),(none),(direct),Brazil,144,144,100.0
2020-12-01,2020-12,0,Week 0,desktop,(direct),(none),(direct),El Salvador,1,1,100.0
2020-12-01,2020-12,0,Week 0,desktop,(direct),(none),(direct),Dominican Republic,7,7,100.0
2020-12-01,2020-12,0,Week 0,mobile,(direct),(none),(direct),Qatar,5,5,100.0
2020-12-01,2020-12,0,Week 0,mobile,(direct),(none),(direct),Serbia,7,7,100.0
2020-12-01,2020-12,0,Week 0,mobile,(direct),(none),(direct),Dominican Republic,3,3,100.0
2020-12-01,2020-12,0,Week 0,mobile,(direct),(none),(direct),Kazakhstan,6,6,100.0
2020-12-01,2020-12,0,Week 0,mobile,(direct),(none),(direct),Georgia,2,2,100.0
2020-12-01,2020-12,0,Week 0,mobile,(direct),(none),(direct),Latvia,2,2,100.0
2020-12-01,2020-12,0,Week 0,mobile,(direct),(none),(direct),India,856,856,100.0
2020-12-01,2020-12,0,Week 0,tablet,(direct),(none),(direct),Singapore,6,6,100.0
2020-12-01,2020-12,0,Week 0,desktop,(direct),(none),(direct),Argentina,35,35,100.0
2020-12-01,2020-12,0,Week 0,mobile,(direct),(none),(direct),Iraq,9,9,100.0
2020-12-01,2020-12,0,Week 0,mobile,(direct),(none),(direct),Hong Kong,62,62,100.0
2020-12-01,2020-12,0,Week 0,tablet,(direct),(none),(direct),Colombia,3,3,100.0
2020-12-01,2020-12,0,Week 0,mobile,(direct),(none),(direct),Austria,24,24,100.0
2020-12-01,2020-12,0,Week 0,mobile,(direct),(none),(direct),Denmark,33,33,100.0
2020-12-01,2020-12,0,Week 0,desktop,(direct),(none),(direct),Russia,80,80,100.0
2020-12-01,2020-12,0,Week 0,tablet,(direct),(none),(direct),Italy,6,6,100.0
2020-12-01,2020-12,0,Week 0,tablet,(direct),(none),(direct),China,8,8,100.0
2020-12-01,2020-12,0,Week 0,mobile,(direct),(none),(direct),Peru,35,35,100.0
2020-12-01,2020-12,0,Week 0,desktop,(direct),(none),(direct),Guatemala,6,6,100.0
2020-12-01,2020-12,0,Week 0,mobile,(direct),(none),(direct),Norway,16,16,100.0
2020-12-01,2020-12,0,Week 0,desktop,(direct),(none),(direct),Czechia,37,37,100.0
2020-12-01,2020-12,0,Week 0,mobile,(direct),(none),(direct),Spain,167,167,100.0
2020-12-01,2020-12,0,Week 0,desktop,(direct),(none),(direct),United Kingdom,440,440,100.0
2020-12-01,2020-12,0,Week 0,mobile,(direct),(none),(direct),Saudi Arabia,31,31,100.0
2020-12-01,2020-12,0,Week 0,mobile,(direct),(none),(direct),Thailand,36,36,100.0
2020-12-01,2020-12,0,Week 0,desktop,(direct),(none),(direct),Greece,43,43,100.0
2020-12-01,2020-12,0,Week 0,desktop,(direct),(none),(direct),France,270,270,100.0
2020-12-01,2020-12,0,Week 0,tablet,(direct),(none),(direct),Myanmar (Burma),1,1,100.0
2020-12-01,2020-12,0,Week 0,mobile,(direct),(none),(direct),Tunisia,6,6,100.0
2020-12-01,2020-12,0,Week 0,tablet,(direct),(none),(direct),Sri Lanka,1,1,100.0
2020-12-01,2020-12,0,Week 0,desktop,(direct),(none),(direct),Armenia,2,2,100.0
2020-12-01,2020-12,0,Week 0,desktop,(direct),(none),(direct),Jordan,10,10,100.0
2020-12-01,2020-12,0,Week 0,mobile,(direct),(none),(direct),Croatia,12,12,100.0
2020-12-01,2020-12,0,Week 0,mobile,(direct),(none),(direct),Azerbaijan,2,2,100.0
2020-12-01,2020-12,0,Week 0,desktop,(direct),(none),(direct),Bulgaria,13,13,100.0
2020-12-01,2020-12,0,Week 0,mobile,(direct),(none),(direct),Italy,142,142,100.0
2020-12-01,2020-12,0,Week 0,tablet,(direct),(none),(direct),Pakistan,3,3,100.0
2020-12-01,2020-12,0,Week 0,mobile,(direct),(none),(direct),Honduras,6,6,100.0
2020-12-01,2020-12,0,Week 0,mobile,(direct),(none),(direct),Czechia,32,32,100.0
2020-12-01,2020-12,0,Week 0,desktop,(direct),(none),(direct),Palestine,6,6,100.0
2020-12-01,2020-12,0,Week 0,mobile,(direct),(none),(direct),New Zealand,10,10,100.0
2020-12-01,2020-12,0,Week 0,mobile,(direct),(none),(direct),Israel,34,34,100.0
2020-12-01,2020-12,0,Week 0,mobile,(direct),(none),(direct),Japan,127,127,100.0
2020-12-01,2020-12,0,Week 0,desktop,(direct),(none),(direct),Costa Rica,4,4,100.0
2020-12-01,2020-12,0,Week 0,desktop,(direct),(none),(direct),Egypt,31,31,100.0
2020-12-01,2020-12,0,Week 0,desktop,(direct),(none),(direct),United States,6038,6038,100.0
2020-12-01,2020-12,0,Week 0,tablet,(direct),(none),(direct),Greece,3,3,100.0
2020-12-01,2020-12,0,Week 0,mobile,(direct),(none),(direct),United Arab Emirates,27,27,100.0
2020-12-01,2020-12,0,Week 0,tablet,(direct),(none),(direct),Kenya,1,1,100.0
2020-12-01,2020-12,0,Week 0,mobile,(direct),(none),(direct),Slovenia,4,4,100.0
2020-12-01,2020-12,0,Week 0,mobile,(direct),(none),(direct),Bolivia,4,4,100.0
2020-12-01,2020-12,0,Week 0,tablet,(direct),(none),(direct),Israel,1,1,100.0
2020-12-01,2020-12,0,Week 0,tablet,(direct),(none),(direct),Romania,2,2,100.0
2020-12-01,2020-12,0,Week 0,tablet,(direct),(none),(direct),Turkey,6,6,100.0
2020-12-01,2020-12,0,Week 0,tablet,(direct),(none),(direct),France,13,13,100.0
2020-12-01,2020-12,0,Week 0,desktop,(direct),(none),(direct),Bahamas,2,2,100.0
2020-12-01,2020-12,0,Week 0,tablet,(direct),(none),(direct),Ukraine,3,3,100.0
2020-12-01,2020-12,0,Week 0,mobile,(direct),(none),(direct),Slovakia,13,13,100.0
2020-12-01,2020-12,0,Week 0,desktop,(direct),(none),(direct),Hong Kong,75,75,100.0
2020-12-01,2020-12,0,Week 0,mobile,(direct),(none),(direct),Canada,717,717,100.0
2020-12-01,2020-12,0,Week 0,desktop,(direct),(none),(direct),Chile,26,26,100.0
2020-12-01,2020-12,0,Week 0,mobile,(direct),(none),(direct),Venezuela,5,5,100.0
2020-12-01,2020-12,0,Week 0,tablet,(direct),(none),(direct),Spain,9,9,100.0
2020-12-01,2020-12,0,Week 0,tablet,(direct),(none),(direct),Thailand,1,1,100.0
2020-12-01,2020-12,0,Week 0,mobile,(direct),(none),(direct),Armenia,1,1,100.0
2020-12-01,2020-12,0,Week 0,tablet,(direct),(none),(direct),Austria,1,1,100.0
2020-12-01,2020-12,0,Week 0,tablet,(direct),(none),(direct),Slovakia,2,2,100.0
2020-12-01,2020-12,0,Week 0,mobile,(direct),(none),(direct),Ghana,4,4,100.0
2020-12-01,2020-12,0,Week 0,tablet,(direct),(none),(direct),Canada,36,36,100.0
2020-12-01,2020-12,0,Week 0,mobile,(direct),(none),(direct),China,167,167,100.0
2020-12-01,2020-12,0,Week 0,mobile,(direct),(none),(direct),Russia,53,53,100.0
2020-12-01,2020-12,0,Week 0,tablet,(direct),(none),(direct),India,54,54,100.0
2020-12-01,2020-12,0,Week 0,mobile,(direct),(none),(direct),Indonesia,64,64,100.0
2020-12-01,2020-12,0,Week 0,mobile,(direct),(none),(direct),Australia,78,78,100.0
2020-12-01,2020-12,0,Week 0,desktop,(direct),(none),(direct),Nepal,3,3,100.0
2020-12-01,2020-12,0,Week 0,tablet,(direct),(none),(direct),Japan,4,4,100.0
2020-12-01,2020-12,0,Week 0,mobile,(direct),(none),(direct),(not set),77,77,100.0
2020-12-01,2020-12,0,Week 0,desktop,(direct),(none),(direct),(not set),134,134,100.0
2020-12-01,2020-12,0,Week 0,mobile,(direct),(none),(direct),France,169,169,100.0
2020-12-01,2020-12,0,Week 0,tablet,(direct),(none),(direct),Nepal,1,1,100.0
2020-12-01,2020-12,0,Week 0,desktop,(direct),(none),(direct),Ecuador,12,12,100.0
2020-12-01,2020-12,0,Week 0,desktop,(direct),(none),(direct),Slovenia,12,12,100.0
2020-12-01,2020-12,0,Week 0,desktop,(direct),(none),(direct),Taiwan,242,242,100.0
2020-12-01,2020-12,0,Week 0,tablet,(direct),(none),(direct),Saudi Arabia,1,1,100.0
2020-12-01,2020-12,0,Week 0,desktop,(direct),(none),(direct),Belgium,53,53,100.0
2020-12-01,2020-12,0,Week 0,desktop,(direct),(none),(direct),Colombia,66,66,100.0
2020-12-01,2020-12,0,Week 0,desktop,(direct),(none),(direct),Serbia,5,5,100.0
2020-12-01,2020-12,0,Week 0,desktop,(direct),(none),(direct),Cambodia,5,5,100.0
2020-12-01,2020-12,0,Week 0,desktop,(direct),(none),(direct),Iraq,13,13,100.0
2020-12-01,2020-12,0,Week 0,desktop,(direct),(none),(direct),Pakistan,67,67,100.0
2020-12-01,2020-12,0,Week 0,mobile,(direct),(none),(direct),Poland,69,69,100.0
2020-12-01,2020-12,0,Week 0,desktop,(direct),(none),(direct),South Korea,173,173,100.0
2020-12-01,2020-12,0,Week 0,mobile,(direct),(none),(direct),Luxembourg,2,2,100.0
2020-12-01,2020-12,0,Week 0,desktop,(direct),(none),(direct),Albania,2,2,100.0
2020-12-01,2020-12,0,Week 0,mobile,(direct),(none),(direct),Cambodia,3,3,100.0
2020-12-01,2020-12,0,Week 0,desktop,(direct),(none),(direct),Puerto Rico,6,6,100.0
2020-12-01,2020-12,0,Week 0,mobile,(direct),(none),(direct),Lebanon,6,6,100.0
2020-12-01,2020-12,0,Week 0,desktop,(direct),(none),(direct),Slovakia,12,12,100.0
2020-12-01,2020-12,0,Week 0,mobile,(direct),(none),(direct),Pakistan,38,38,100.0
2020-12-01,2020-12,0,Week 0,desktop,(direct),(none),(direct),Portugal,57,57,100.0
2020-12-01,2020-12,0,Week 0,desktop,(direct),(none),(direct),Poland,113,113,100.0
2020-12-01,2020-12,0,Week 0,desktop,(direct),(none),(direct),China,222,222,100.0
2020-12-01,2020-12,0,Week 0,desktop,(direct),(none),(direct),Honduras,1,1,100.0
2020-12-01,2020-12,0,Week 0,mobile,(direct),(none),(direct),Brazil,85,85,100.0
2020-12-01,2020-12,0,Week 0,tablet,(direct),(none),(direct),Hungary,2,2,100.0
2020-12-01,2020-12,0,Week 0,desktop,(direct),(none),(direct),Lebanon,3,3,100.0
2020-12-01,2020-12,0,Week 0,desktop,(direct),(none),(direct),Bangladesh,23,23,100.0
2020-12-01,2020-12,0,Week 0,mobile,(direct),(none),(direct),Switzerland,48,48,100.0
2020-12-01,2020-12,0,Week 0,desktop,(direct),(none),(direct),Australia,119,119,100.0
2020-12-01,2020-12,0,Week 0,desktop,(direct),(none),(direct),Jamaica,6,6,100.0
2020-12-01,2020-12,0,Week 0,mobile,(direct),(none),(direct),Finland,20,20,100.0
2020-12-01,2020-12,0,Week 0,desktop,(direct),(none),(direct),Netherlands,164,164,100.0
2020-12-01,2020-12,0,Week 0,mobile,(direct),(none),(direct),United States,4139,4139,100.0
2020-12-01,2020-12,0,Week 0,tablet,(direct),(none),(direct),Ireland,3,3,100.0
2020-12-01,2020-12,0,Week 0,tablet,(direct),(none),(direct),United Kingdom,17,17,100.0
2020-12-01,2020-12,0,Week 0,mobile,(direct),(none),(direct),Argentina,29,29,100.0
2020-12-01,2020-12,0,Week 0,desktop,(direct),(none),(direct),South Africa,34,34,100.0
2020-12-01,2020-12,0,Week 0,mobile,(direct),(none),(direct),Vietnam,38,38,100.0
2020-12-01,2020-12,0,Week 0,desktop,(direct),(none),(direct),Vietnam,62,62,100.0
2020-12-01,2020-12,0,Week 0,desktop,(direct),(none),(direct),Mongolia,5,5,100.0
2020-12-01,2020-12,0,Week 0,desktop,(direct),(none),(direct),India,1314,1314,100.0
2020-12-01,2020-12,0,Week 0,mobile,(direct),(none),(direct),Ecuador,7,7,100.0
2020-12-01,2020-12,0,Week 0,mobile,(direct),(none),(direct),United Kingdom,276,276,100.0
2020-12-01,2020-12,0,Week 0,tablet,(direct),(none),(direct),South Korea,8,8,100.0
2020-12-01,2020-12,0,Week 0,mobile,(direct),(none),(direct),Romania,24,24,100.0
2020-12-01,2020-12,0,Week 0,mobile,(direct),(none),(direct),Paraguay,2,2,100.0
2020-12-01,2020-12,0,Week 0,desktop,(direct),(none),(direct),Croatia,17,17,100.0
2020-12-01,2020-12,0,Week 0,desktop,(direct),(none),(direct),Luxembourg,1,1,100.0
2020-12-01,2020-12,0,Week 0,mobile,(direct),(none),(direct),North Macedonia,2,2,100.0
2020-12-01,2020-12,0,Week 0,desktop,(direct),(none),(direct),Ghana,5,5,100.0
2020-12-01,2020-12,0,Week 0,mobile,(direct),(none),(direct),Costa Rica,8,8,100.0
2020-12-01,2020-12,0,Week 0,mobile,(direct),(none),(direct),South Korea,103,103,100.0
2020-12-01,2020-12,0,Week 0,mobile,(direct),(none),(direct),Lithuania,8,8,100.0
2020-12-01,2020-12,0,Week 0,mobile,(direct),(none),(direct),Mexico,70,70,100.0
2020-12-01,2020-12,0,Week 0,desktop,(direct),(none),(direct),Spain,257,257,100.0
2020-12-01,2020-12,0,Week 0,mobile,(direct),(none),(direct),Albania,1,1,100.0
2020-12-01,2020-12,0,Week 0,mobile,(direct),(none),(direct),Belarus,3,3,100.0
2020-12-01,2020-12,0,Week 0,desktop,(direct),(none),(direct),Georgia,3,3,100.0
2020-12-01,2020-12,0,Week 0,desktop,(direct),(none),(direct),Canada,1053,1053,100.0
2020-12-01,2020-12,0,Week 0,mobile,(direct),(none),(direct),Panama,1,1,100.0
2020-12-01,2020-12,0,Week 0,mobile,(direct),(none),(direct),Sri Lanka,17,17,100.0
2020-12-01,2020-12,0,Week 0,mobile,(direct),(none),(direct),Colombia,41,41,100.0
2020-12-01,2020-12,0,Week 0,desktop,(direct),(none),(direct),Peru,69,69,100.0
2020-12-01,2020-12,0,Week 0,mobile,(direct),(none),(direct),Trinidad & Tobago,2,2,100.0
2020-12-01,2020-12,0,Week 0,tablet,(direct),(none),(direct),Vietnam,2,2,100.0
2020-12-01,2020-12,0,Week 0,desktop,(direct),(none),(direct),Algeria,5,5,100.0
2020-12-01,2020-12,0,Week 0,mobile,(direct),(none),(direct),Ireland,68,68,100.0
2020-12-01,2020-12,0,Week 0,tablet,(direct),(none),(direct),Serbia,1,1,100.0
2020-12-01,2020-12,0,Week 0,tablet,(direct),(none),(direct),Switzerland,2,2,100.0
2020-12-01,2020-12,0,Week 0,desktop,(direct),(none),(direct),Latvia,6,6,100.0
2020-12-01,2020-12,0,Week 0,desktop,(direct),(none),(direct),Tunisia,7,7,100.0
2020-12-01,2020-12,0,Week 0,mobile,(direct),(none),(direct),Bulgaria,8,8,100.0
2020-12-01,2020-12,0,Week 0,mobile,(direct),(none),(direct),Greece,33,33,100.0
2020-12-01,2020-12,0,Week 0,desktop,(direct),(none),(direct),Kenya,8,8,100.0
2020-12-01,2020-12,0,Week 0,tablet,(direct),(none),(direct),United States,232,232,100.0
2020-12-01,2020-12,0,Week 0,mobile,(direct),(none),(direct),Bahamas,2,2,100.0
2020-12-01,2020-12,0,Week 0,mobile,(direct),(none),(direct),Jordan,5,5,100.0
2020-12-01,2020-12,0,Week 0,mobile,(direct),(none),(direct),Oman,1,1,100.0
2020-12-01,2020-12,0,Week 0,desktop,(direct),(none),(direct),Israel,60,60,100.0
2020-12-01,2020-12,0,Week 0,desktop,(direct),(none),(direct),Paraguay,1,1,100.0
2020-12-01,2020-12,0,Week 0,desktop,(direct),(none),(direct),Panama,4,4,100.0
2020-12-01,2020-12,0,Week 0,desktop,(direct),(none),(direct),Mexico,122,122,100.0
2020-12-01,2020-12,0,Week 0,desktop,(direct),(none),(direct),Macao,1,1,100.0
2020-12-01,2020-12,0,Week 0,mobile,(direct),(none),(direct),Kosovo,1,1,100.0
2020-12-01,2020-12,0,Week 0,tablet,(direct),(none),(direct),Azerbaijan,2,2,100.0
2020-12-01,2020-12,0,Week 0,tablet,(direct),(none),(direct),Russia,6,6,100.0
2020-12-01,2020-12,0,Week 0,mobile,(direct),(none),(direct),Bangladesh,22,22,100.0
2020-12-01,2020-12,0,Week 0,desktop,(direct),(none),(direct),Thailand,63,63,100.0
2020-12-01,2020-12,0,Week 0,desktop,(direct),(none),(direct),Germany,258,258,100.0
2020-12-01,2020-12,0,Week 0,mobile,(direct),(none),(direct),Uruguay,1,1,100.0
2020-12-01,2020-12,0,Week 0,mobile,(direct),(none),(direct),Kenya,7,7,100.0
2020-12-01,2020-12,0,Week 0,mobile,(direct),(none),(direct),Philippines,49,49,100.0
2020-12-01,2020-12,0,Week 0,mobile,(direct),(none),(direct),South Africa,19,19,100.0
2020-12-01,2020-12,0,Week 0,desktop,(direct),(none),(direct),North Macedonia,3,3,100.0
2020-12-01,2020-12,0,Week 0,mobile,(direct),(none),(direct),Kuwait,5,5,100.0
2020-12-01,2020-12,0,Week 0,desktop,(direct),(none),(direct),Uruguay,7,7,100.0
2020-12-01,2020-12,0,Week 0,desktop,(direct),(none),(direct),Lithuania,13,13,100.0
2020-12-01,2020-12,0,Week 0,desktop,(direct),(none),(direct),Belarus,2,2,100.0
2020-12-01,2020-12,0,Week 0,desktop,(direct),(none),(direct),Iceland,4,4,100.0
2020-12-01,2020-12,0,Week 0,desktop,(direct),(none),(direct),Kazakhstan,9,9,100.0
2020-12-01,2020-12,0,Week 0,desktop,(direct),(none),(direct),Switzerland,80,80,100.0
2020-12-01,2020-12,0,Week 0,tablet,(direct),(none),(direct),Denmark,1,1,100.0
2020-12-01,2020-12,0,Week 0,desktop,(direct),(none),(direct),Austria,25,25,100.0
2020-12-01,2020-12,0,Week 0,desktop,(direct),(none),(direct),Ireland,85,85,100.0
2020-12-01,2020-12,0,Week 0,desktop,(direct),(none),(direct),Turkey,137,137,100.0
2020-12-01,2020-12,0,Week 0,tablet,(direct),(none),(direct),Norway,1,1,100.0
2020-12-01,2020-12,0,Week 0,mobile,(direct),(none),(direct),Nigeria,11,11,100.0
2020-12-01,2020-12,0,Week 0,desktop,(direct),(none),(direct),Nigeria,21,21,100.0
2020-12-01,2020-12,0,Week 0,tablet,(direct),(none),(direct),Argentina,1,1,100.0
2020-12-01,2020-12,0,Week 0,tablet,(direct),(none),(direct),Belgium,1,1,100.0
2020-12-01,2020-12,0,Week 0,desktop,(direct),(none),(direct),Bosnia & Herzegovina,3,3,100.0
2020-12-01,2020-12,0,Week 0,desktop,(direct),(none),(direct),Cyprus,10,10,100.0
2020-12-01,2020-12,0,Week 0,desktop,(direct),(none),(direct),Saudi Arabia,25,25,100.0
2020-12-01,2020-12,0,Week 0,desktop,(direct),(none),(direct),Morocco,22,22,100.0
2020-12-01,2020-12,0,Week 0,tablet,(direct),(none),(direct),Poland,7,7,100.0
2020-12-01,2020-12,0,Week 0,mobile,(direct),(none),(direct),Chile,17,17,100.0
2020-12-01,2020-12,0,Week 0,desktop,(direct),(none),(direct),Philippines,58,58,100.0
2020-12-01,2020-12,0,Week 0,mobile,(direct),(none),(direct),Jamaica,3,3,100.0
2020-12-01,2020-12,0,Week 0,desktop,(direct),(none),(direct),Myanmar (Burma),4,4,100.0
2020-12-01,2020-12,0,Week 0,desktop,(direct),(none),(direct),Japan,165,165,100.0
2020-12-01,2020-12,0,Week 0,mobile,(direct),(none),(direct),Estonia,2,2,100.0
2020-12-01,2020-12,0,Week 0,mobile,(direct),(none),(direct),Cyprus,3,3,100.0
2020-12-01,2020-12,0,Week 0,desktop,(direct),(none),(direct),Bolivia,4,4,100.0
2020-12-01,2020-12,0,Week 0,desktop,(direct),(none),(direct),United Arab Emirates,42,42,100.0
2020-12-01,2020-12,0,Week 0,desktop,(direct),(none),(direct),Oman,3,3,100.0
2020-12-01,2020-12,0,Week 0,mobile,(direct),(none),(direct),Guatemala,6,6,100.0
2020-12-01,2020-12,0,Week 0,tablet,(direct),(none),(direct),Australia,7,7,100.0
2020-12-01,2020-12,0,Week 0,desktop,(direct),(none),(direct),Qatar,6,6,100.0
2020-12-01,2020-12,0,Week 0,tablet,(direct),(none),(direct),Taiwan,11,11,100.0
2020-12-01,2020-12,0,Week 0,mobile,(direct),(none),(direct),Palestine,4,4,100.0
2020-12-01,2020-12,0,Week 0,desktop,(direct),(none),(direct),Azerbaijan,5,5,100.0
2020-12-01,2020-12,0,Week 0,mobile,(direct),(none),(direct),Algeria,6,6,100.0
2020-12-01,2020-12,0,Week 0,desktop,(direct),(none),(direct),Sri Lanka,26,26,100.0
2020-12-01,2020-12,0,Week 0,mobile,(direct),(none),(direct),Ukraine,41,41,100.0
2020-12-01,2020-12,0,Week 0,tablet,(direct),(none),(direct),Dominican Republic,1,1,100.0
2020-12-01,2020-12,0,Week 0,mobile,(direct),(none),(direct),Bahrain,2,2,100.0
2020-12-01,2020-12,0,Week 0,desktop,(direct),(none),(direct),Venezuela,8,8,100.0
2020-12-01,2020-12,0,Week 0,mobile,(direct),(none),(direct),Hungary,18,18,100.0
2020-12-01,2020-12,0,Week 0,tablet,(direct),(none),(direct),United Arab Emirates,1,1,100.0
2020-12-01,2020-12,0,Week 0,mobile,(direct),(none),(direct),Macao,5,5,100.0
2020-12-01,2020-12,0,Week 0,desktop,(direct),(none),(direct),Finland,30,30,100.0
2020-12-01,2020-12,0,Week 0,desktop,(direct),(none),(direct),Romania,46,46,100.0
2020-12-01,2020-12,0,Week 0,mobile,(direct),(none),(direct),Turkey,97,97,100.0
2020-12-01,2020-12,0,Week 0,mobile,(direct),(none),(direct),Taiwan,162,162,100.0
2020-12-01,2020-12,0,Week 0,mobile,(direct),(none),(direct),Germany,150,150,100.0
2020-12-01,2020-12,0,Week 0,tablet,(direct),(none),(direct),Egypt,1,1,100.0
2020-12-01,2020-12,0,Week 0,mobile,(direct),(none),(direct),Nepal,1,1,100.0
2020-12-01,2020-12,0,Week 0,tablet,(direct),(none),(direct),Sweden,3,3,100.0
2020-12-01,2020-12,0,Week 0,mobile,(direct),(none),(direct),Egypt,12,12,100.0
2020-12-01,2020-12,0,Week 0,tablet,(direct),(none),(direct),Bulgaria,1,1,100.0
2020-12-01,2020-12,0,Week 0,mobile,(direct),(none),(direct),Myanmar (Burma),5,5,100.0
2020-12-01,2020-12,0,Week 0,tablet,(direct),(none),(direct),Portugal,6,6,100.0
2020-12-01,2020-12,0,Week 0,desktop,(direct),(none),(direct),Hungary,24,24,100.0
2020-12-01,2020-12,0,Week 0,desktop,(direct),(none),(direct),Malaysia,55,55,100.0
2020-12-01,2020-12,0,Week 0,mobile,(direct),(none),(direct),Netherlands,101,101,100.0
2020-12-01,2020-12,0,Week 0,desktop,(direct),(none),(direct),Singapore,208,208,100.0
2020-12-01,2020-12,0,Week 0,tablet,(direct),(none),(direct),Peru,4,4,100.0
2020-12-01,2020-12,0,Week 0,mobile,(direct),(none),(direct),Portugal,39,39,100.0
2020-12-01,2020-12,0,Week 0,mobile,(direct),(none),(direct),Bosnia & Herzegovina,3,3,100.0
2020-12-01,2020-12,0,Week 0,tablet,(direct),(none),(direct),Netherlands,11,11,100.0
2020-12-01,2020-12,0,Week 0,desktop,(direct),(none),(direct),Kuwait,11,11,100.0
2020-12-01,2020-12,0,Week 0,desktop,(direct),(none),(direct),Norway,20,20,100.0
2020-12-01,2020-12,0,Week 0,desktop,(direct),(none),(direct),Ukraine,51,51,100.0
2020-12-01,2020-12,0,Week 0,tablet,(direct),(none),(direct),Mexico,2,2,100.0
2020-12-01,2020-12,0,Week 0,tablet,(direct),(none),(direct),Bangladesh,2,2,100.0
2020-12-01,2020-12,0,Week 0,tablet,(direct),(none),(direct),Brazil,2,2,100.0
2020-12-01,2020-12,0,Week 0,desktop,(direct),(none),(direct),Trinidad & Tobago,3,3,100.0
2020-12-01,2020-12,0,Week 0,desktop,(direct),(none),(direct),Estonia,4,4,100.0
2020-12-01,2020-12,0,Week 0,mobile,(direct),(none),(direct),Puerto Rico,5,5,100.0
2020-12-01,2020-12,0,Week 0,desktop,(direct),(none),(direct),Denmark,44,44,100.0
2020-12-01,2020-12,0,Week 0,tablet,(direct),(none),(direct),Czechia,1,1,100.0
2020-12-01,2020-12,0,Week 0,tablet,(direct),(none),(direct),Oman,1,1,100.0
2020-12-01,2020-12,0,Week 0,desktop,(direct),(none),(direct),Kosovo,6,6,100.0
2020-12-01,2020-12,0,Week 0,desktop,(direct),(none),(direct),New Zealand,22,22,100.0
2020-12-01,2020-12,0,Week 0,mobile,(direct),(none),(direct),Belgium,38,38,100.0
2020-12-01,2020-12,0,Week 0,tablet,(direct),(none),(direct),Philippines,2,2,100.0
2020-12-01,2020-12,0,Week 0,mobile,(direct),(none),(direct),Iceland,3,3,100.0
2020-12-01,2020-12,0,Week 0,tablet,(direct),(none),(direct),Indonesia,4,4,100.0
2020-12-01,2020-12,0,Week 0,mobile,(direct),(none),(direct),Morocco,7,7,100.0
2020-12-01,2020-12,0,Week 0,mobile,(direct),(none),(direct),Malaysia,51,51,100.0
2020-12-01,2020-12,0,Week 0,desktop,(direct),(none),(direct),Indonesia,126,126,100.0
2020-12-01,2020-12,0,Week 0,tablet,(direct),(none),(direct),(not set),2,2,100.0
2020-12-01,2020-12,0,Week 0,desktop,(direct),(none),(direct),Sweden,64,64,100.0
2020-12-01,2020-12,0,Week 0,mobile,(direct),(none),(direct),Singapore,131,131,100.0
2020-12-01,2020-12,0,Week 0,desktop,(direct),(none),(direct),Italy,181,181,100.0
2020-12-01,2020-12,0,Week 0,tablet,(direct),(none),(direct),Hong Kong,2,2,100.0
2020-12-01,2020-12,0,Week 0,mobile,(direct),(none),(direct),Mongolia,5,5,100.0
2020-12-01,2020-12,0,Week 0,mobile,(direct),(none),(direct),Sweden,46,46,100.0
2020-12-01,2020-12,1,Week 1,mobile,(direct),(none),(direct),Belgium,38,1,2.63
2020-12-01,2020-12,1,Week 1,tablet,(direct),(none),(direct),United States,232,7,3.02
2020-12-01,2020-12,1,Week 1,tablet,(direct),(none),(direct),Ireland,3,1,33.33
2020-12-01,2020-12,1,Week 1,desktop,(direct),(none),(direct),Hong Kong,75,3,4.0
2020-12-01,2020-12,1,Week 1,desktop,(direct),(none),(direct),Brazil,144,3,2.08
2020-12-01,2020-12,1,Week 1,mobile,(direct),(none),(direct),India,856,26,3.04
2020-12-01,2020-12,1,Week 1,mobile,(direct),(none),(direct),Poland,69,1,1.45
2020-12-01,2020-12,1,Week 1,desktop,(direct),(none),(direct),Algeria,5,1,20.0
2020-12-01,2020-12,1,Week 1,desktop,(direct),(none),(direct),Belgium,53,2,3.77
2020-12-01,2020-12,1,Week 1,mobile,(direct),(none),(direct),Australia,78,4,5.13
2020-12-01,2020-12,1,Week 1,mobile,(direct),(none),(direct),(not set),77,2,2.6
2020-12-01,2020-12,1,Week 1,tablet,(direct),(none),(direct),(not set),2,1,50.0
2020-12-01,2020-12,1,Week 1,mobile,(direct),(none),(direct),Colombia,41,4,9.76
2020-12-01,2020-12,1,Week 1,desktop,(direct),(none),(direct),Pakistan,67,1,1.49
2020-12-01,2020-12,1,Week 1,mobile,(direct),(none),(direct),Czechia,32,1,3.13
2020-12-01,2020-12,1,Week 1,mobile,(direct),(none),(direct),Switzerland,48,1,2.08
2020-12-01,2020-12,1,Week 1,desktop,(direct),(none),(direct),United Arab Emirates,42,3,7.14
2020-12-01,2020-12,1,Week 1,desktop,(direct),(none),(direct),Poland,113,5,4.42
2020-12-01,2020-12,1,Week 1,mobile,(direct),(none),(direct),Canada,717,25,3.49
2020-12-01,2020-12,1,Week 1,desktop,(direct),(none),(direct),Philippines,58,3,5.17
2020-12-01,2020-12,1,Week 1,desktop,(direct),(none),(direct),Peru,69,1,1.45
2020-12-01,2020-12,1,Week 1,desktop,(direct),(none),(direct),India,1314,49,3.73
2020-12-01,2020-12,1,Week 1,desktop,(direct),(none),(direct),Thailand,63,4,6.35
2020-12-01,2020-12,1,Week 1,desktop,(direct),(none),(direct),Germany,258,9,3.49
2020-12-01,2020-12,1,Week 1,mobile,(direct),(none),(direct),United Kingdom,276,5,1.81
2020-12-01,2020-12,1,Week 1,desktop,(direct),(none),(direct),United Kingdom,440,14,3.18
2020-12-01,2020-12,1,Week 1,mobile,(direct),(none),(direct),Venezuela,5,1,20.0
2020-12-01,2020-12,1,Week 1,mobile,(direct),(none),(direct),United States,4139,147,3.55
2020-12-01,2020-12,1,Week 1,mobile,(direct),(none),(direct),United Arab Emirates,27,2,7.41
2020-12-01,2020-12,1,Week 1,desktop,(direct),(none),(direct),Denmark,44,1,2.27
2020-12-01,2020-12,1,Week 1,desktop,(direct),(none),(direct),China,222,9,4.05
2020-12-01,2020-12,1,Week 1,desktop,(direct),(none),(direct),Paraguay,1,1,100.0
2020-12-01,2020-12,1,Week 1,desktop,(direct),(none),(direct),Australia,119,7,5.88
2020-12-01,2020-12,1,Week 1,desktop,(direct),(none),(direct),Canada,1053,29,2.75
2020-12-01,2020-12,1,Week 1,mobile,(direct),(none),(direct),Peru,35,2,5.71
2020-12-01,2020-12,1,Week 1,mobile,(direct),(none),(direct),Vietnam,38,1,2.63
2020-12-01,2020-12,1,Week 1,desktop,(direct),(none),(direct),Colombia,66,1,1.52
2020-12-01,2020-12,1,Week 1,mobile,(direct),(none),(direct),Brazil,85,6,7.06
2020-12-01,2020-12,1,Week 1,desktop,(direct),(none),(direct),Egypt,31,1,3.23
2020-12-01,2020-12,1,Week 1,desktop,(direct),(none),(direct),(not set),134,2,1.49
2020-12-01,2020-12,1,Week 1,desktop,(direct),(none),(direct),Morocco,22,2,9.09
2020-12-01,2020-12,1,Week 1,desktop,(direct),(none),(direct),Sri Lanka,26,1,3.85
2020-12-01,2020-12,1,Week 1,desktop,(direct),(none),(direct),South Korea,173,5,2.89
2020-12-01,2020-12,1,Week 1,mobile,(direct),(none),(direct),Ukraine,41,3,7.32
2020-12-01,2020-12,1,Week 1,mobile,(direct),(none),(direct),Sweden,46,4,8.7
2020-12-01,2020-12,1,Week 1,mobile,(direct),(none),(direct),Indonesia,64,1,1.56
2020-12-01,2020-12,1,Week 1,mobile,(direct),(none),(direct),Turkey,97,1,1.03
2020-12-01,2020-12,1,Week 1,desktop,(direct),(none),(direct),France,270,10,3.7
2020-12-01,2020-12,1,Week 1,tablet,(direct),(none),(direct),Spain,9,1,11.11
2020-12-01,2020-12,1,Week 1,desktop,(direct),(none),(direct),Sweden,64,2,3.13
2020-12-01,2020-12,1,Week 1,mobile,(direct),(none),(direct),Philippines,49,4,8.16
2020-12-01,2020-12,1,Week 1,mobile,(direct),(none),(direct),Singapore,131,8,6.11
2020-12-01,2020-12,1,Week 1,mobile,(direct),(none),(direct),Kuwait,5,1,20.0
2020-12-01,2020-12,1,Week 1,desktop,(direct),(none),(direct),Lithuania,13,1,7.69
2020-12-01,2020-12,1,Week 1,mobile,(direct),(none),(direct),Ireland,68,2,2.94
2020-12-01,2020-12,1,Week 1,desktop,(direct),(none),(direct),Romania,46,2,4.35
2020-12-01,2020-12,1,Week 1,mobile,(direct),(none),(direct),Finland,20,1,5.0
2020-12-01,2020-12,1,Week 1,mobile,(direct),(none),(direct),Slovakia,13,1,7.69
2020-12-01,2020-12,1,Week 1,desktop,(direct),(none),(direct),Norway,20,1,5.0
2020-12-01,2020-12,1,Week 1,mobile,(direct),(none),(direct),Germany,150,6,4.0
2020-12-01,2020-12,1,Week 1,mobile,(direct),(none),(direct),Romania,24,1,4.17
2020-12-01,2020-12,1,Week 1,desktop,(direct),(none),(direct),Singapore,208,8,3.85
2020-12-01,2020-12,1,Week 1,mobile,(direct),(none),(direct),Bangladesh,22,2,9.09
2020-12-01,2020-12,1,Week 1,mobile,(direct),(none),(direct),Pakistan,38,4,10.53
2020-12-01,2020-12,1,Week 1,desktop,(direct),(none),(direct),Switzerland,80,3,3.75
2020-12-01,2020-12,1,Week 1,mobile,(direct),(none),(direct),Netherlands,101,3,2.97
2020-12-01,2020-12,1,Week 1,desktop,(direct),(none),(direct),Saudi Arabia,25,2,8.0
2020-12-01,2020-12,1,Week 1,tablet,(direct),(none),(direct),Japan,4,1,25.0
2020-12-01,2020-12,1,Week 1,desktop,(direct),(none),(direct),Albania,2,1,50.0
2020-12-01,2020-12,1,Week 1,desktop,(direct),(none),(direct),Bulgaria,13,1,7.69
2020-12-01,2020-12,1,Week 1,tablet,(direct),(none),(direct),Italy,6,1,16.67
2020-12-01,2020-12,1,Week 1,desktop,(direct),(none),(direct),Taiwan,242,8,3.31
2020-12-01,2020-12,1,Week 1,mobile,(direct),(none),(direct),Kenya,7,1,14.29
2020-12-01,2020-12,1,Week 1,desktop,(direct),(none),(direct),Spain,257,11,4.28
2020-12-01,2020-12,1,Week 1,mobile,(direct),(none),(direct),Japan,127,4,3.15
2020-12-01,2020-12,1,Week 1,desktop,(direct),(none),(direct),Ukraine,51,1,1.96
2020-12-01,2020-12,1,Week 1,mobile,(direct),(none),(direct),Iraq,9,1,11.11
2020-12-01,2020-12,1,Week 1,tablet,(direct),(none),(direct),Taiwan,11,1,9.09
2020-12-01,2020-12,1,Week 1,desktop,(direct),(none),(direct),Malaysia,55,4,7.27
2020-12-01,2020-12,1,Week 1,desktop,(direct),(none),(direct),Vietnam,62,1,1.61
2020-12-01,2020-12,1,Week 1,tablet,(direct),(none),(direct),India,54,5,9.26
2020-12-01,2020-12,1,Week 1,desktop,(direct),(none),(direct),Turkey,137,6,4.38
2020-12-01,2020-12,1,Week 1,desktop,(direct),(none),(direct),Netherlands,164,7,4.27
2020-12-01,2020-12,1,Week 1,desktop,(direct),(none),(direct),Israel,60,1,1.67
2020-12-01,2020-12,1,Week 1,desktop,(direct),(none),(direct),Italy,181,9,4.97
2020-12-01,2020-12,1,Week 1,desktop,(direct),(none),(direct),Portugal,57,3,5.26
2020-12-01,2020-12,1,Week 1,desktop,(direct),(none),(direct),Mexico,122,7,5.74
2020-12-01,2020-12,1,Week 1,mobile,(direct),(none),(direct),China,167,9,5.39
2020-12-01,2020-12,1,Week 1,desktop,(direct),(none),(direct),Cyprus,10,1,10.0
2020-12-01,2020-12,1,Week 1,desktop,(direct),(none),(direct),Bangladesh,23,1,4.35
2020-12-01,2020-12,1,Week 1,desktop,(direct),(none),(direct),Ireland,85,2,2.35
2020-12-01,2020-12,1,Week 1,mobile,(direct),(none),(direct),Italy,142,6,4.23
2020-12-01,2020-12,1,Week 1,desktop,(direct),(none),(direct),Indonesia,126,4,3.17
2020-12-01,2020-12,1,Week 1,desktop,(direct),(none),(direct),Russia,80,1,1.25
2020-12-01,2020-12,1,Week 1,desktop,(direct),(none),(direct),Croatia,17,2,11.76
2020-12-01,2020-12,1,Week 1,desktop,(direct),(none),(direct),Hungary,24,1,4.17
2020-12-01,2020-12,1,Week 1,mobile,(direct),(none),(direct),Palestine,4,1,25.0
2020-12-01,2020-12,1,Week 1,mobile,(direct),(none),(direct),South Africa,19,2,10.53
2020-12-01,2020-12,1,Week 1,desktop,(direct),(none),(direct),Austria,25,1,4.0
2020-12-01,2020-12,1,Week 1,desktop,(direct),(none),(direct),Japan,165,5,3.03
2020-12-01,2020-12,1,Week 1,mobile,(direct),(none),(direct),Spain,167,4,2.4
2020-12-01,2020-12,1,Week 1,mobile,(direct),(none),(direct),Croatia,12,3,25.0
2020-12-01,2020-12,1,Week 1,mobile,(direct),(none),(direct),Egypt,12,1,8.33
2020-12-01,2020-12,1,Week 1,mobile,(direct),(none),(direct),Malaysia,51,3,5.88
2020-12-01,2020-12,1,Week 1,mobile,(direct),(none),(direct),Taiwan,162,5,3.09
2020-12-01,2020-12,1,Week 1,mobile,(direct),(none),(direct),Portugal,39,3,7.69
2020-12-01,2020-12,1,Week 1,desktop,(direct),(none),(direct),Kazakhstan,9,1,11.11
2020-12-01,2020-12,1,Week 1,mobile,(direct),(none),(direct),France,169,8,4.73
2020-12-01,2020-12,1,Week 1,desktop,(direct),(none),(direct),United States,6038,208,3.44
2020-12-01,2020-12,1,Week 1,desktop,(direct),(none),(direct),Slovakia,12,1,8.33
2020-12-01,2020-12,1,Week 1,mobile,(direct),(none),(direct),Thailand,36,1,2.78
2020-12-01,2020-12,1,Week 1,mobile,(direct),(none),(direct),South Korea,103,2,1.94
2020-12-01,2020-12,1,Week 1,mobile,(direct),(none),(direct),Russia,53,3,5.66
2020-12-01,2020-12,1,Week 1,desktop,(direct),(none),(direct),Greece,43,2,4.65
2020-12-01,2020-12,2,Week 2,mobile,(direct),(none),(direct),Canada,717,12,1.67
2020-12-01,2020-12,2,Week 2,desktop,(direct),(none),(direct),Norway,20,1,5.0
2020-12-01,2020-12,2,Week 2,desktop,(direct),(none),(direct),Sweden,64,2,3.13
2020-12-01,2020-12,2,Week 2,desktop,(direct),(none),(direct),Albania,2,1,50.0
2020-12-01,2020-12,2,Week 2,desktop,(direct),(none),(direct),Indonesia,126,1,0.79
2020-12-01,2020-12,2,Week 2,desktop,(direct),(none),(direct),Egypt,31,1,3.23
2020-12-01,2020-12,2,Week 2,mobile,(direct),(none),(direct),Portugal,39,1,2.56
2020-12-01,2020-12,2,Week 2,tablet,(direct),(none),(direct),Australia,7,1,14.29
2020-12-01,2020-12,2,Week 2,mobile,(direct),(none),(direct),Poland,69,1,1.45
2020-12-01,2020-12,2,Week 2,mobile,(direct),(none),(direct),Germany,150,1,0.67
2020-12-01,2020-12,2,Week 2,mobile,(direct),(none),(direct),United States,4139,42,1.01
2020-12-01,2020-12,2,Week 2,mobile,(direct),(none),(direct),Russia,53,2,3.77
2020-12-01,2020-12,2,Week 2,desktop,(direct),(none),(direct),Brazil,144,1,0.69
2020-12-01,2020-12,2,Week 2,mobile,(direct),(none),(direct),Spain,167,1,0.6
2020-12-01,2020-12,2,Week 2,mobile,(direct),(none),(direct),Sri Lanka,17,1,5.88
2020-12-01,2020-12,2,Week 2,desktop,(direct),(none),(direct),Sri Lanka,26,1,3.85
2020-12-01,2020-12,2,Week 2,mobile,(direct),(none),(direct),Peru,35,1,2.86
2020-12-01,2020-12,2,Week 2,desktop,(direct),(none),(direct),Croatia,17,1,5.88
2020-12-01,2020-12,2,Week 2,mobile,(direct),(none),(direct),Philippines,49,2,4.08
2020-12-01,2020-12,2,Week 2,mobile,(direct),(none),(direct),Belgium,38,2,5.26
2020-12-01,2020-12,2,Week 2,desktop,(direct),(none),(direct),(not set),134,2,1.49
2020-12-01,2020-12,2,Week 2,mobile,(direct),(none),(direct),Japan,127,2,1.57
2020-12-01,2020-12,2,Week 2,mobile,(direct),(none),(direct),Iraq,9,1,11.11
2020-12-01,2020-12,2,Week 2,mobile,(direct),(none),(direct),Ireland,68,2,2.94
2020-12-01,2020-12,2,Week 2,mobile,(direct),(none),(direct),Slovenia,4,1,25.0
2020-12-01,2020-12,2,Week 2,mobile,(direct),(none),(direct),Turkey,97,1,1.03
2020-12-01,2020-12,2,Week 2,desktop,(direct),(none),(direct),Italy,181,2,1.1
2020-12-01,2020-12,2,Week 2,desktop,(direct),(none),(direct),Mexico,122,3,2.46
2020-12-01,2020-12,2,Week 2,mobile,(direct),(none),(direct),Bosnia & Herzegovina,3,1,33.33
2020-12-01,2020-12,2,Week 2,mobile,(direct),(none),(direct),Brazil,85,1,1.18
2020-12-01,2020-12,2,Week 2,desktop,(direct),(none),(direct),Spain,257,1,0.39
2020-12-01,2020-12,2,Week 2,desktop,(direct),(none),(direct),Taiwan,242,3,1.24
2020-12-01,2020-12,2,Week 2,desktop,(direct),(none),(direct),Finland,30,1,3.33
2020-12-01,2020-12,2,Week 2,desktop,(direct),(none),(direct),Peru,69,1,1.45
2020-12-01,2020-12,2,Week 2,desktop,(direct),(none),(direct),Czechia,37,1,2.7
2020-12-01,2020-12,2,Week 2,desktop,(direct),(none),(direct),Belgium,53,1,1.89
2020-12-01,2020-12,2,Week 2,mobile,(direct),(none),(direct),Israel,34,1,2.94
2020-12-01,2020-12,2,Week 2,desktop,(direct),(none),(direct),Germany,258,6,2.33
2020-12-01,2020-12,2,Week 2,desktop,(direct),(none),(direct),Turkey,137,1,0.73
2020-12-01,2020-12,2,Week 2,mobile,(direct),(none),(direct),Australia,78,2,2.56
2020-12-01,2020-12,2,Week 2,desktop,(direct),(none),(direct),China,222,3,1.35
2020-12-01,2020-12,2,Week 2,desktop,(direct),(none),(direct),Portugal,57,1,1.75
2020-12-01,2020-12,2,Week 2,desktop,(direct),(none),(direct),Singapore,208,6,2.88
2020-12-01,2020-12,2,Week 2,desktop,(direct),(none),(direct),Denmark,44,1,2.27
2020-12-01,2020-12,2,Week 2,desktop,(direct),(none),(direct),France,270,5,1.85
2020-12-01,2020-12,2,Week 2,mobile,(direct),(none),(direct),South Africa,19,1,5.26
2020-12-01,2020-12,2,Week 2,tablet,(direct),(none),(direct),United States,232,5,2.16
2020-12-01,2020-12,2,Week 2,desktop,(direct),(none),(direct),Netherlands,164,2,1.22
2020-12-01,2020-12,2,Week 2,mobile,(direct),(none),(direct),India,856,10,1.17
2020-12-01,2020-12,2,Week 2,mobile,(direct),(none),(direct),Venezuela,5,1,20.0
2020-12-01,2020-12,2,Week 2,mobile,(direct),(none),(direct),Taiwan,162,3,1.85
2020-12-01,2020-12,2,Week 2,desktop,(direct),(none),(direct),United States,6038,79,1.31
2020-12-01,2020-12,2,Week 2,desktop,(direct),(none),(direct),South Korea,173,2,1.16
2020-12-01,2020-12,2,Week 2,mobile,(direct),(none),(direct),South Korea,103,1,0.97
2020-12-01,2020-12,2,Week 2,mobile,(direct),(none),(direct),Finland,20,1,5.0
2020-12-01,2020-12,2,Week 2,mobile,(direct),(none),(direct),Italy,142,2,1.41
2020-12-01,2020-12,2,Week 2,desktop,(direct),(none),(direct),Japan,165,1,0.61
2020-12-01,2020-12,2,Week 2,desktop,(direct),(none),(direct),Algeria,5,1,20.0
2020-12-01,2020-12,2,Week 2,mobile,(direct),(none),(direct),Colombia,41,2,4.88
2020-12-01,2020-12,2,Week 2,desktop,(direct),(none),(direct),Greece,43,2,4.65
2020-12-01,2020-12,2,Week 2,desktop,(direct),(none),(direct),Canada,1053,11,1.04
2020-12-01,2020-12,2,Week 2,desktop,(direct),(none),(direct),Malaysia,55,3,5.45
2020-12-01,2020-12,2,Week 2,mobile,(direct),(none),(direct),China,167,4,2.4
2020-12-01,2020-12,2,Week 2,mobile,(direct),(none),(direct),Kenya,7,1,14.29
2020-12-01,2020-12,2,Week 2,desktop,(direct),(none),(direct),Austria,25,2,8.0
2020-12-01,2020-12,2,Week 2,mobile,(direct),(none),(direct),Netherlands,101,3,2.97
2020-12-01,2020-12,2,Week 2,mobile,(direct),(none),(direct),Kuwait,5,1,20.0
2020-12-01,2020-12,2,Week 2,desktop,(direct),(none),(direct),Romania,46,1,2.17
2020-12-01,2020-12,2,Week 2,desktop,(direct),(none),(direct),Thailand,63,1,1.59
2020-12-01,2020-12,2,Week 2,desktop,(direct),(none),(direct),Russia,80,1,1.25
2020-12-01,2020-12,2,Week 2,desktop,(direct),(none),(direct),Australia,119,2,1.68
2020-12-01,2020-12,2,Week 2,mobile,(direct),(none),(direct),Singapore,131,3,2.29
2020-12-01,2020-12,2,Week 2,desktop,(direct),(none),(direct),Ecuador,12,1,8.33
2020-12-01,2020-12,2,Week 2,desktop,(direct),(none),(direct),Philippines,58,1,1.72
2020-12-01,2020-12,2,Week 2,mobile,(direct),(none),(direct),United Kingdom,276,5,1.81
2020-12-01,2020-12,2,Week 2,mobile,(direct),(none),(direct),France,169,2,1.18
2020-12-01,2020-12,2,Week 2,desktop,(direct),(none),(direct),India,1314,19,1.45
2020-12-01,2020-12,2,Week 2,desktop,(direct),(none),(direct),United Kingdom,440,4,0.91
2020-12-01,2020-12,3,Week 3,mobile,(direct),(none),(direct),Hong Kong,62,1,1.61
2020-12-01,2020-12,3,Week 3,desktop,(direct),(none),(direct),Morocco,22,1,4.55
2020-12-01,2020-12,3,Week 3,desktop,(direct),(none),(direct),Philippines,58,1,1.72
2020-12-01,2020-12,3,Week 3,mobile,(direct),(none),(direct),United Kingdom,276,2,0.72
2020-12-01,2020-12,3,Week 3,mobile,(direct),(none),(direct),Slovenia,4,1,25.0
2020-12-01,2020-12,3,Week 3,desktop,(direct),(none),(direct),India,1314,12,0.91
2020-12-01,2020-12,3,Week 3,tablet,(direct),(none),(direct),Sweden,3,1,33.33
2020-12-01,2020-12,3,Week 3,desktop,(direct),(none),(direct),Malaysia,55,1,1.82
2020-12-01,2020-12,3,Week 3,mobile,(direct),(none),(direct),Russia,53,1,1.89
2020-12-01,2020-12,3,Week 3,mobile,(direct),(none),(direct),Germany,150,1,0.67
2020-12-01,2020-12,3,Week 3,desktop,(direct),(none),(direct),Norway,20,1,5.0
2020-12-01,2020-12,3,Week 3,mobile,(direct),(none),(direct),Belgium,38,1,2.63
2020-12-01,2020-12,3,Week 3,desktop,(direct),(none),(direct),Greece,43,1,2.33
2020-12-01,2020-12,3,Week 3,desktop,(direct),(none),(direct),Pakistan,67,1,1.49
2020-12-01,2020-12,3,Week 3,mobile,(direct),(none),(direct),Pakistan,38,1,2.63
2020-12-01,2020-12,3,Week 3,desktop,(direct),(none),(direct),Vietnam,62,2,3.23
2020-12-01,2020-12,3,Week 3,desktop,(direct),(none),(direct),Peru,69,1,1.45
2020-12-01,2020-12,3,Week 3,mobile,(direct),(none),(direct),Australia,78,1,1.28
2020-12-01,2020-12,3,Week 3,desktop,(direct),(none),(direct),Singapore,208,2,0.96
2020-12-01,2020-12,3,Week 3,desktop,(direct),(none),(direct),Portugal,57,1,1.75
2020-12-01,2020-12,3,Week 3,desktop,(direct),(none),(direct),Russia,80,2,2.5
2020-12-01,2020-12,3,Week 3,desktop,(direct),(none),(direct),Japan,165,2,1.21
2020-12-01,2020-12,3,Week 3,mobile,(direct),(none),(direct),Malaysia,51,1,1.96
2020-12-01,2020-12,3,Week 3,desktop,(direct),(none),(direct),Egypt,31,1,3.23
2020-12-01,2020-12,3,Week 3,mobile,(direct),(none),(direct),South Africa,19,1,5.26
2020-12-01,2020-12,3,Week 3,mobile,(direct),(none),(direct),Colombia,41,1,2.44
2020-12-01,2020-12,3,Week 3,desktop,(direct),(none),(direct),Switzerland,80,1,1.25
2020-12-01,2020-12,3,Week 3,desktop,(direct),(none),(direct),Germany,258,3,1.16
2020-12-01,2020-12,3,Week 3,mobile,(direct),(none),(direct),United States,4139,41,0.99
2020-12-01,2020-12,3,Week 3,desktop,(direct),(none),(direct),Turkey,137,4,2.92
2020-12-01,2020-12,3,Week 3,desktop,(direct),(none),(direct),France,270,2,0.74
2020-12-01,2020-12,3,Week 3,desktop,(direct),(none),(direct),Taiwan,242,2,0.83
2020-12-01,2020-12,3,Week 3,desktop,(direct),(none),(direct),(not set),134,2,1.49
2020-12-01,2020-12,3,Week 3,desktop,(direct),(none),(direct),Canada,1053,6,0.57
2020-12-01,2020-12,3,Week 3,desktop,(direct),(none),(direct),United States,6038,36,0.6
2020-12-01,2020-12,3,Week 3,desktop,(direct),(none),(direct),Italy,181,2,1.1
2020-12-01,2020-12,3,Week 3,desktop,(direct),(none),(direct),Spain,257,3,1.17
2020-12-01,2020-12,3,Week 3,desktop,(direct),(none),(direct),Ireland,85,1,1.18
2020-12-01,2020-12,3,Week 3,mobile,(direct),(none),(direct),Spain,167,1,0.6
2020-12-01,2020-12,3,Week 3,desktop,(direct),(none),(direct),South Korea,173,1,0.58
2020-12-01,2020-12,3,Week 3,desktop,(direct),(none),(direct),Latvia,6,1,16.67
2020-12-01,2020-12,3,Week 3,desktop,(direct),(none),(direct),China,222,2,0.9
2020-12-01,2020-12,3,Week 3,desktop,(direct),(none),(direct),United Kingdom,440,3,0.68
2020-12-01,2020-12,3,Week 3,mobile,(direct),(none),(direct),India,856,6,0.7
2020-12-01,2020-12,3,Week 3,mobile,(direct),(none),(direct),Taiwan,162,1,0.62
2020-12-01,2020-12,3,Week 3,tablet,(direct),(none),(direct),United States,232,3,1.29
2020-12-01,2020-12,3,Week 3,mobile,(direct),(none),(direct),Austria,24,1,4.17
2020-12-01,2020-12,3,Week 3,mobile,(direct),(none),(direct),Brazil,85,1,1.18
2020-12-01,2020-12,3,Week 3,mobile,(direct),(none),(direct),Japan,127,1,0.79
2020-12-01,2020-12,3,Week 3,tablet,(direct),(none),(direct),Sri Lanka,1,1,100.0
2020-12-01,2020-12,3,Week 3,mobile,(direct),(none),(direct),Singapore,131,3,2.29
2020-12-01,2020-12,3,Week 3,desktop,(direct),(none),(direct),Czechia,37,1,2.7
2020-12-01,2020-12,3,Week 3,mobile,(direct),(none),(direct),Philippines,49,2,4.08
2020-12-01,2020-12,3,Week 3,desktop,(direct),(none),(direct),Israel,60,5,8.33
2020-12-01,2020-12,3,Week 3,mobile,(direct),(none),(direct),Venezuela,5,1,20.0
2020-12-01,2020-12,3,Week 3,mobile,(direct),(none),(direct),Finland,20,1,5.0
2020-12-01,2020-12,3,Week 3,desktop,(direct),(none),(direct),United Arab Emirates,42,1,2.38
2020-12-01,2020-12,3,Week 3,mobile,(direct),(none),(direct),Netherlands,101,1,0.99
2020-12-01,2020-12,3,Week 3,mobile,(direct),(none),(direct),Italy,142,1,0.7
2020-12-01,2020-12,3,Week 3,mobile,(direct),(none),(direct),Canada,717,8,1.12
2020-12-01,2020-12,3,Week 3,desktop,(direct),(none),(direct),Cyprus,10,1,10.0
2020-12-01,2020-12,3,Week 3,desktop,(direct),(none),(direct),Australia,119,1,0.84
2020-12-01,2020-12,4,Week 4,mobile,(direct),(none),(direct),Russia,53,3,5.66
2020-12-01,2020-12,4,Week 4,desktop,(direct),(none),(direct),China,222,3,1.35
2020-12-01,2020-12,4,Week 4,tablet,(direct),(none),(direct),Sweden,3,1,33.33
2020-12-01,2020-12,4,Week 4,desktop,(direct),(none),(direct),Sweden,64,1,1.56
2020-12-01,2020-12,4,Week 4,desktop,(direct),(none),(direct),(not set),134,2,1.49
2020-12-01,2020-12,4,Week 4,mobile,(direct),(none),(direct),United States,4139,38,0.92
2020-12-01,2020-12,4,Week 4,desktop,(direct),(none),(direct),India,1314,14,1.07
2020-12-01,2020-12,4,Week 4,desktop,(direct),(none),(direct),Cyprus,10,1,10.0
2020-12-01,2020-12,4,Week 4,mobile,(direct),(none),(direct),Ireland,68,1,1.47
2020-12-01,2020-12,4,Week 4,mobile,(direct),(none),(direct),China,167,2,1.2
2020-12-01,2020-12,4,Week 4,desktop,(direct),(none),(direct),Hungary,24,1,4.17
2020-12-01,2020-12,4,Week 4,desktop,(direct),(none),(direct),Canada,1053,7,0.66
2020-12-01,2020-12,4,Week 4,mobile,(direct),(none),(direct),Netherlands,101,3,2.97
2020-12-01,2020-12,4,Week 4,mobile,(direct),(none),(direct),Japan,127,1,0.79
2020-12-01,2020-12,4,Week 4,desktop,(direct),(none),(direct),United Arab Emirates,42,1,2.38
2020-12-01,2020-12,4,Week 4,desktop,(direct),(none),(direct),Denmark,44,1,2.27
2020-12-01,2020-12,4,Week 4,tablet,(direct),(none),(direct),United States,232,2,0.86
2020-12-01,2020-12,4,Week 4,mobile,(direct),(none),(direct),Portugal,39,2,5.13
2020-12-01,2020-12,4,Week 4,mobile,(direct),(none),(direct),Austria,24,1,4.17
2020-12-01,2020-12,4,Week 4,desktop,(direct),(none),(direct),Ukraine,51,1,1.96
2020-12-01,2020-12,4,Week 4,desktop,(direct),(none),(direct),Singapore,208,1,0.48
2020-12-01,2020-12,4,Week 4,desktop,(direct),(none),(direct),Vietnam,62,2,3.23
2020-12-01,2020-12,4,Week 4,desktop,(direct),(none),(direct),Mexico,122,2,1.64
2020-12-01,2020-12,4,Week 4,mobile,(direct),(none),(direct),Bangladesh,22,1,4.55
2020-12-01,2020-12,4,Week 4,desktop,(direct),(none),(direct),France,270,4,1.48
2020-12-01,2020-12,4,Week 4,desktop,(direct),(none),(direct),Spain,257,2,0.78
2020-12-01,2020-12,4,Week 4,mobile,(direct),(none),(direct),Kenya,7,1,14.29
2020-12-01,2020-12,4,Week 4,desktop,(direct),(none),(direct),Australia,119,4,3.36
2020-12-01,2020-12,4,Week 4,mobile,(direct),(none),(direct),Turkey,97,2,2.06
2020-12-01,2020-12,4,Week 4,mobile,(direct),(none),(direct),Bulgaria,8,1,12.5
2020-12-01,2020-12,4,Week 4,mobile,(direct),(none),(direct),Philippines,49,1,2.04
2020-12-01,2020-12,4,Week 4,desktop,(direct),(none),(direct),Poland,113,2,1.77
2020-12-01,2020-12,4,Week 4,mobile,(direct),(none),(direct),France,169,1,0.59
2020-12-01,2020-12,4,Week 4,mobile,(direct),(none),(direct),Spain,167,1,0.6
2020-12-01,2020-12,4,Week 4,desktop,(direct),(none),(direct),Peru,69,2,2.9
2020-12-01,2020-12,4,Week 4,desktop,(direct),(none),(direct),Israel,60,1,1.67
2020-12-01,2020-12,4,Week 4,desktop,(direct),(none),(direct),Italy,181,1,0.55
2020-12-01,2020-12,4,Week 4,desktop,(direct),(none),(direct),United Kingdom,440,6,1.36
2020-12-01,2020-12,4,Week 4,desktop,(direct),(none),(direct),Portugal,57,1,1.75
2020-12-01,2020-12,4,Week 4,mobile,(direct),(none),(direct),Canada,717,6,0.84
2020-12-01,2020-12,4,Week 4,desktop,(direct),(none),(direct),United States,6038,43,0.71
2020-12-01,2020-12,4,Week 4,mobile,(direct),(none),(direct),Brazil,85,1,1.18
2020-12-01,2020-12,4,Week 4,desktop,(direct),(none),(direct),Germany,258,1,0.39
2020-12-01,2020-12,4,Week 4,mobile,(direct),(none),(direct),Australia,78,2,2.56
2020-12-01,2020-12,4,Week 4,desktop,(direct),(none),(direct),Brazil,144,1,0.69
2020-12-01,2020-12,4,Week 4,desktop,(direct),(none),(direct),Malaysia,55,2,3.64
2020-12-01,2020-12,4,Week 4,desktop,(direct),(none),(direct),South Korea,173,1,0.58
2020-12-01,2020-12,4,Week 4,desktop,(direct),(none),(direct),Thailand,63,1,1.59
2020-12-01,2020-12,4,Week 4,mobile,(direct),(none),(direct),India,856,8,0.93
2020-12-01,2020-12,4,Week 4,tablet,(direct),(none),(direct),Romania,2,1,50.0
2020-12-01,2020-12,4,Week 4,mobile,(direct),(none),(direct),Indonesia,64,1,1.56
2020-12-01,2020-12,4,Week 4,desktop,(direct),(none),(direct),Turkey,137,2,1.46
2020-12-01,2020-12,4,Week 4,desktop,(direct),(none),(direct),Indonesia,126,3,2.38
2020-12-01,2020-12,4,Week 4,mobile,(direct),(none),(direct),Luxembourg,2,1,50.0
2020-12-01,2020-12,4,Week 4,mobile,(direct),(none),(direct),Greece,33,1,3.03
2020-12-01,2020-12,4,Week 4,mobile,(direct),(none),(direct),Italy,142,3,2.11
2020-12-01,2020-12,4,Week 4,desktop,(direct),(none),(direct),Taiwan,242,2,0.83
2020-12-01,2020-12,4,Week 4,mobile,(direct),(none),(direct),Germany,150,1,0.67
2020-12-01,2020-12,4,Week 4,mobile,(direct),(none),(direct),South Africa,19,1,5.26
2020-12-01,2020-12,4,Week 4,desktop,(direct),(none),(direct),Netherlands,164,2,1.22
2020-12-01,2020-12,5,Week 5,desktop,(direct),(none),(direct),Poland,113,1,0.88
2020-12-01,2020-12,5,Week 5,desktop,(direct),(none),(direct),Egypt,31,1,3.23
2020-12-01,2020-12,5,Week 5,desktop,(direct),(none),(direct),Malaysia,55,1,1.82
2020-12-01,2020-12,5,Week 5,desktop,(direct),(none),(direct),Singapore,208,1,0.48
2020-12-01,2020-12,5,Week 5,desktop,(direct),(none),(direct),Switzerland,80,1,1.25
2020-12-01,2020-12,5,Week 5,tablet,(direct),(none),(direct),Canada,36,1,2.78
2020-12-01,2020-12,5,Week 5,mobile,(direct),(none),(direct),Bangladesh,22,1,4.55
2020-12-01,2020-12,5,Week 5,desktop,(direct),(none),(direct),Spain,257,1,0.39
2020-12-01,2020-12,5,Week 5,mobile,(direct),(none),(direct),Turkey,97,1,1.03
2020-12-01,2020-12,5,Week 5,desktop,(direct),(none),(direct),Turkey,137,2,1.46
2020-12-01,2020-12,5,Week 5,mobile,(direct),(none),(direct),India,856,5,0.58
2020-12-01,2020-12,5,Week 5,mobile,(direct),(none),(direct),United States,4139,21,0.51
2020-12-01,2020-12,5,Week 5,desktop,(direct),(none),(direct),Indonesia,126,1,0.79
2020-12-01,2020-12,5,Week 5,mobile,(direct),(none),(direct),France,169,1,0.59
2020-12-01,2020-12,5,Week 5,mobile,(direct),(none),(direct),Luxembourg,2,1,50.0
2020-12-01,2020-12,5,Week 5,desktop,(direct),(none),(direct),Israel,60,1,1.67
2020-12-01,2020-12,5,Week 5,desktop,(direct),(none),(direct),China,222,1,0.45
2020-12-01,2020-12,5,Week 5,desktop,(direct),(none),(direct),Taiwan,242,2,0.83
2020-12-01,2020-12,5,Week 5,desktop,(direct),(none),(direct),India,1314,3,0.23
2020-12-01,2020-12,5,Week 5,desktop,(direct),(none),(direct),United States,6038,31,0.51
2020-12-01,2020-12,5,Week 5,desktop,(direct),(none),(direct),France,270,1,0.37
2020-12-01,2020-12,5,Week 5,desktop,(direct),(none),(direct),Bangladesh,23,1,4.35
2020-12-01,2020-12,5,Week 5,desktop,(direct),(none),(direct),Morocco,22,1,4.55
2020-12-01,2020-12,5,Week 5,desktop,(direct),(none),(direct),Canada,1053,7,0.66
2020-12-01,2020-12,5,Week 5,mobile,(direct),(none),(direct),Canada,717,2,0.28
2020-12-01,2020-12,5,Week 5,mobile,(direct),(none),(direct),Switzerland,48,1,2.08
2020-12-01,2020-12,5,Week 5,desktop,(direct),(none),(direct),Germany,258,3,1.16
2020-12-01,2020-12,5,Week 5,desktop,(direct),(none),(direct),Portugal,57,1,1.75
2020-12-01,2020-12,5,Week 5,desktop,(direct),(none),(direct),United Kingdom,440,3,0.68
2020-12-01,2020-12,5,Week 5,desktop,(direct),(none),(direct),Peru,69,2,2.9
2020-12-01,2020-12,5,Week 5,tablet,(direct),(none),(direct),United Kingdom,17,1,5.88
2020-12-01,2020-12,5,Week 5,mobile,(direct),(none),(direct),Brazil,85,1,1.18
2020-12-01,2020-12,5,Week 5,mobile,(direct),(none),(direct),South Korea,103,2,1.94
2020-12-01,2020-12,5,Week 5,mobile,(direct),(none),(direct),Japan,127,1,0.79
2020-12-01,2020-12,5,Week 5,mobile,(direct),(none),(direct),China,167,1,0.6
2020-12-01,2020-12,5,Week 5,desktop,(direct),(none),(direct),Australia,119,1,0.84
2020-12-01,2020-12,5,Week 5,tablet,(direct),(none),(direct),United States,232,1,0.43
2020-12-01,2020-12,6,Week 6,mobile,(direct),(none),(direct),Bangladesh,22,1,4.55
2020-12-01,2020-12,6,Week 6,desktop,(direct),(none),(direct),Germany,258,2,0.78
2020-12-01,2020-12,6,Week 6,desktop,(direct),(none),(direct),Portugal,57,1,1.75
2020-12-01,2020-12,6,Week 6,desktop,(direct),(none),(direct),Spain,257,1,0.39
2020-12-01,2020-12,6,Week 6,desktop,(direct),(none),(direct),(not set),134,1,0.75
2020-12-01,2020-12,6,Week 6,desktop,(direct),(none),(direct),France,270,1,0.37
2020-12-01,2020-12,6,Week 6,mobile,(direct),(none),(direct),Brazil,85,1,1.18
2020-12-01,2020-12,6,Week 6,desktop,(direct),(none),(direct),Australia,119,2,1.68
2020-12-01,2020-12,6,Week 6,mobile,(direct),(none),(direct),Pakistan,38,1,2.63
2020-12-01,2020-12,6,Week 6,desktop,(direct),(none),(direct),China,222,1,0.45
2020-12-01,2020-12,6,Week 6,desktop,(direct),(none),(direct),Belgium,53,1,1.89
2020-12-01,2020-12,6,Week 6,mobile,(direct),(none),(direct),Chile,17,2,11.76
2020-12-01,2020-12,6,Week 6,desktop,(direct),(none),(direct),Singapore,208,2,0.96
2020-12-01,2020-12,6,Week 6,mobile,(direct),(none),(direct),Switzerland,48,1,2.08
2020-12-01,2020-12,6,Week 6,desktop,(direct),(none),(direct),Netherlands,164,1,0.61
2020-12-01,2020-12,6,Week 6,mobile,(direct),(none),(direct),Luxembourg,2,1,50.0
2020-12-01,2020-12,6,Week 6,desktop,(direct),(none),(direct),Colombia,66,1,1.52
2020-12-01,2020-12,6,Week 6,desktop,(direct),(none),(direct),India,1314,4,0.3
2020-12-01,2020-12,6,Week 6,mobile,(direct),(none),(direct),Taiwan,162,2,1.23
2020-12-01,2020-12,6,Week 6,desktop,(direct),(none),(direct),Canada,1053,8,0.76
2020-12-01,2020-12,6,Week 6,mobile,(direct),(none),(direct),Japan,127,2,1.57
2020-12-01,2020-12,6,Week 6,tablet,(direct),(none),(direct),United States,232,2,0.86
2020-12-01,2020-12,6,Week 6,mobile,(direct),(none),(direct),United States,4139,13,0.31
2020-12-01,2020-12,6,Week 6,desktop,(direct),(none),(direct),United States,6038,25,0.41
2020-12-01,2020-12,6,Week 6,mobile,(direct),(none),(direct),Bulgaria,8,1,12.5
2020-12-01,2020-12,6,Week 6,mobile,(direct),(none),(direct),Canada,717,1,0.14
2020-12-01,2020-12,6,Week 6,mobile,(direct),(none),(direct),Sweden,46,1,2.17
2020-12-01,2020-12,6,Week 6,mobile,(direct),(none),(direct),India,856,3,0.35
2020-12-01,2020-12,6,Week 6,desktop,(direct),(none),(direct),United Kingdom,440,1,0.23
2020-12-01,2020-12,6,Week 6,tablet,(direct),(none),(direct),Canada,36,1,2.78
2020-12-01,2020-12,6,Week 6,mobile,(direct),(none),(direct),Indonesia,64,1,1.56
2020-12-01,2020-12,6,Week 6,desktop,(direct),(none),(direct),Italy,181,2,1.1
2020-12-01,2020-12,6,Week 6,desktop,(direct),(none),(direct),Austria,25,1,4.0
2020-12-01,2020-12,6,Week 6,mobile,(direct),(none),(direct),United Kingdom,276,1,0.36
2020-12-01,2020-12,6,Week 6,desktop,(direct),(none),(direct),Norway,20,1,5.0
2020-12-01,2020-12,6,Week 6,desktop,(direct),(none),(direct),Egypt,31,1,3.23
2020-12-01,2020-12,6,Week 6,desktop,(direct),(none),(direct),Greece,43,1,2.33
2020-12-01,2020-12,7,Week 7,mobile,(direct),(none),(direct),United States,4139,9,0.22
2020-12-01,2020-12,7,Week 7,mobile,(direct),(none),(direct),Turkey,97,1,1.03
2020-12-01,2020-12,7,Week 7,desktop,(direct),(none),(direct),Egypt,31,1,3.23
2020-12-01,2020-12,7,Week 7,desktop,(direct),(none),(direct),(not set),134,1,0.75
2020-12-01,2020-12,7,Week 7,mobile,(direct),(none),(direct),Canada,717,1,0.14
2020-12-01,2020-12,7,Week 7,desktop,(direct),(none),(direct),United States,6038,10,0.17
2020-12-01,2020-12,7,Week 7,desktop,(direct),(none),(direct),India,1314,2,0.15
2020-12-01,2020-12,7,Week 7,mobile,(direct),(none),(direct),Taiwan,162,1,0.62
2020-12-01,2020-12,7,Week 7,desktop,(direct),(none),(direct),Japan,165,1,0.61
2020-12-01,2020-12,7,Week 7,mobile,(direct),(none),(direct),Algeria,6,1,16.67
2020-12-01,2020-12,7,Week 7,mobile,(direct),(none),(direct),Greece,33,1,3.03
2020-12-01,2020-12,7,Week 7,mobile,(direct),(none),(direct),China,167,1,0.6
2020-12-01,2020-12,7,Week 7,mobile,(direct),(none),(direct),Malaysia,51,2,3.92
2020-12-01,2020-12,7,Week 7,desktop,(direct),(none),(direct),Greece,43,1,2.33
2020-12-01,2020-12,7,Week 7,mobile,(direct),(none),(direct),Bangladesh,22,1,4.55
2020-12-01,2020-12,7,Week 7,desktop,(direct),(none),(direct),United Kingdom,440,3,0.68
2020-12-01,2020-12,7,Week 7,mobile,(direct),(none),(direct),Singapore,131,1,0.76
2020-12-01,2020-12,7,Week 7,mobile,(direct),(none),(direct),Japan,127,1,0.79
2020-12-01,2020-12,7,Week 7,desktop,(direct),(none),(direct),Saudi Arabia,25,1,4.0
2020-12-01,2020-12,7,Week 7,desktop,(direct),(none),(direct),Iraq,13,1,7.69
2020-12-01,2020-12,7,Week 7,mobile,(direct),(none),(direct),Nepal,1,1,100.0
2020-12-01,2020-12,7,Week 7,desktop,(direct),(none),(direct),Canada,1053,3,0.28
2020-12-01,2020-12,8,Week 8,desktop,(direct),(none),(direct),(not set),134,1,0.75
2020-12-01,2020-12,8,Week 8,desktop,(direct),(none),(direct),India,1314,1,0.08
2020-12-01,2020-12,8,Week 8,mobile,(direct),(none),(direct),Brazil,85,2,2.35
2020-12-01,2020-12,8,Week 8,desktop,(direct),(none),(direct),Egypt,31,1,3.23
2020-12-01,2020-12,8,Week 8,mobile,(direct),(none),(direct),New Zealand,10,1,10.0
2020-12-01,2020-12,8,Week 8,mobile,(direct),(none),(direct),Bangladesh,22,1,4.55
2020-12-01,2020-12,8,Week 8,mobile,(direct),(none),(direct),United States,4139,1,0.02
2020-12-01,2020-12,8,Week 8,mobile,(direct),(none),(direct),Nepal,1,1,100.0
2020-12-01,2020-12,8,Week 8,desktop,(direct),(none),(direct),Canada,1053,2,0.19
2020-12-01,2020-12,8,Week 8,desktop,(direct),(none),(direct),Germany,258,1,0.39
2020-12-01,2020-12,8,Week 8,desktop,(direct),(none),(direct),United States,6038,11,0.18
2020-12-01,2020-12,9,Week 9,mobile,(direct),(none),(direct),Brazil,85,1,1.18
2020-12-01,2020-12,0,Week 0,desktop,<Other>,<Other>,<Other>,Myanmar (Burma),3,3,100.0
2020-12-01,2020-12,0,Week 0,mobile,<Other>,<Other>,<Other>,Myanmar (Burma),4,4,100.0
2020-12-01,2020-12,0,Week 0,desktop,<Other>,<Other>,<Other>,Kuwait,9,9,100.0
2020-12-01,2020-12,0,Week 0,mobile,<Other>,<Other>,<Other>,Spain,136,136,100.0
2020-12-01,2020-12,0,Week 0,desktop,<Other>,<Other>,<Other>,Malta,2,2,100.0
2020-12-01,2020-12,0,Week 0,mobile,<Other>,<Other>,<Other>,Mongolia,4,4,100.0
2020-12-01,2020-12,0,Week 0,mobile,<Other>,<Other>,<Other>,Bolivia,4,4,100.0
2020-12-01,2020-12,0,Week 0,desktop,google,<Other>,<Other>,India,1,1,100.0
2020-12-01,2020-12,0,Week 0,desktop,<Other>,<Other>,<Other>,Kosovo,2,2,100.0
2020-12-01,2020-12,0,Week 0,tablet,<Other>,<Other>,<Other>,Taiwan,5,5,100.0
2020-12-01,2020-12,0,Week 0,desktop,<Other>,<Other>,<Other>,Slovakia,13,13,100.0
2020-12-01,2020-12,0,Week 0,mobile,<Other>,<Other>,<Other>,North Macedonia,2,2,100.0
2020-12-01,2020-12,0,Week 0,desktop,<Other>,<Other>,<Other>,Cambodia,2,2,100.0
2020-12-01,2020-12,0,Week 0,desktop,<Other>,<Other>,<Other>,Guatemala,2,2,100.0
2020-12-01,2020-12,0,Week 0,mobile,<Other>,<Other>,<Other>,Guatemala,2,2,100.0
2020-12-01,2020-12,0,Week 0,desktop,<Other>,<Other>,<Other>,Lithuania,8,8,100.0
2020-12-01,2020-12,0,Week 0,desktop,<Other>,<Other>,<Other>,Kazakhstan,9,9,100.0
2020-12-01,2020-12,0,Week 0,tablet,<Other>,<Other>,<Other>,Philippines,2,2,100.0
2020-12-01,2020-12,0,Week 0,desktop,<Other>,<Other>,<Other>,Bahamas,3,3,100.0
2020-12-01,2020-12,0,Week 0,mobile,<Other>,<Other>,<Other>,Colombia,40,40,100.0
2020-12-01,2020-12,0,Week 0,mobile,<Other>,<Other>,<Other>,(not set),56,56,100.0
2020-12-01,2020-12,0,Week 0,desktop,<Other>,<Other>,<Other>,Algeria,8,8,100.0
2020-12-01,2020-12,0,Week 0,tablet,<Other>,<Other>,<Other>,Jamaica,1,1,100.0
2020-12-01,2020-12,0,Week 0,mobile,<Other>,<Other>,<Other>,Croatia,4,4,100.0
2020-12-01,2020-12,0,Week 0,desktop,<Other>,<Other>,<Other>,Hungary,18,18,100.0
2020-12-01,2020-12,0,Week 0,desktop,<Other>,<Other>,<Other>,Japan,136,136,100.0
2020-12-01,2020-12,0,Week 0,tablet,<Other>,<Other>,<Other>,Hungary,1,1,100.0
2020-12-01,2020-12,0,Week 0,tablet,<Other>,<Other>,<Other>,Greece,3,3,100.0
2020-12-01,2020-12,0,Week 0,tablet,<Other>,<Other>,<Other>,South Korea,4,4,100.0
2020-12-01,2020-12,0,Week 0,desktop,<Other>,<Other>,<Other>,Costa Rica,6,6,100.0
2020-12-01,2020-12,0,Week 0,mobile,<Other>,<Other>,<Other>,Sri Lanka,11,11,100.0
2020-12-01,2020-12,0,Week 0,desktop,<Other>,<Other>,<Other>,Thailand,34,34,100.0
2020-12-01,2020-12,0,Week 0,tablet,<Other>,<Other>,<Other>,Indonesia,7,7,100.0
2020-12-01,2020-12,0,Week 0,desktop,<Other>,<Other>,<Other>,Jordan,9,9,100.0
2020-12-01,2020-12,0,Week 0,mobile,<Other>,<Other>,<Other>,Vietnam,31,31,100.0
2020-12-01,2020-12,0,Week 0,desktop,<Other>,<Other>,<Other>,Greece,33,33,100.0
2020-12-01,2020-12,0,Week 0,mobile,<Other>,<Other>,<Other>,France,114,114,100.0
2020-12-01,2020-12,0,Week 0,mobile,<Other>,<Other>,<Other>,Albania,1,1,100.0
2020-12-01,2020-12,0,Week 0,mobile,<Other>,<Other>,<Other>,Cambodia,1,1,100.0
2020-12-01,2020-12,0,Week 0,tablet,<Other>,<Other>,<Other>,France,5,5,100.0
2020-12-01,2020-12,0,Week 0,desktop,<Other>,<Other>,<Other>,Saudi Arabia,20,20,100.0
2020-12-01,2020-12,0,Week 0,mobile,<Other>,<Other>,<Other>,Denmark,27,27,100.0
2020-12-01,2020-12,0,Week 0,mobile,<Other>,<Other>,<Other>,Armenia,1,1,100.0
2020-12-01,2020-12,0,Week 0,mobile,<Other>,<Other>,<Other>,Jamaica,2,2,100.0
2020-12-01,2020-12,0,Week 0,mobile,<Other>,<Other>,<Other>,Venezuela,3,3,100.0
2020-12-01,2020-12,0,Week 0,desktop,<Other>,<Other>,<Other>,Egypt,19,19,100.0
2020-12-01,2020-12,0,Week 0,tablet,<Other>,<Other>,<Other>,Bulgaria,1,1,100.0
2020-12-01,2020-12,0,Week 0,tablet,<Other>,<Other>,<Other>,Venezuela,1,1,100.0
2020-12-01,2020-12,0,Week 0,mobile,<Other>,<Other>,<Other>,Israel,21,21,100.0
2020-12-01,2020-12,0,Week 0,tablet,<Other>,<Other>,<Other>,Australia,3,3,100.0
2020-12-01,2020-12,0,Week 0,mobile,<Other>,<Other>,<Other>,Australia,57,57,100.0
2020-12-01,2020-12,0,Week 0,desktop,<Other>,<Other>,<Other>,Taiwan,181,181,100.0
2020-12-01,2020-12,0,Week 0,mobile,<Other>,<Other>,<Other>,El Salvador,1,1,100.0
2020-12-01,2020-12,0,Week 0,tablet,<Other>,<Other>,<Other>,Austria,1,1,100.0
2020-12-01,2020-12,0,Week 0,tablet,<Other>,<Other>,<Other>,Denmark,2,2,100.0
2020-12-01,2020-12,0,Week 0,mobile,<Other>,<Other>,<Other>,Lithuania,8,8,100.0
2020-12-01,2020-12,0,Week 0,tablet,<Other>,<Other>,<Other>,India,40,40,100.0
2020-12-01,2020-12,0,Week 0,desktop,<Other>,<Other>,<Other>,Luxembourg,5,5,100.0
2020-12-01,2020-12,0,Week 0,tablet,<Other>,<Other>,<Other>,Singapore,6,6,100.0
2020-12-01,2020-12,0,Week 0,mobile,<Other>,<Other>,<Other>,Iraq,6,6,100.0
2020-12-01,2020-12,0,Week 0,tablet,<Other>,<Other>,<Other>,Italy,8,8,100.0
2020-12-01,2020-12,0,Week 0,mobile,<Other>,<Other>,<Other>,Bangladesh,15,15,100.0
2020-12-01,2020-12,0,Week 0,desktop,<Other>,<Other>,<Other>,Serbia,7,7,100.0
2020-12-01,2020-12,0,Week 0,mobile,<Other>,<Other>,<Other>,Greece,32,32,100.0
2020-12-01,2020-12,0,Week 0,desktop,<Other>,<Other>,<Other>,United Arab Emirates,27,27,100.0
2020-12-01,2020-12,0,Week 0,mobile,<Other>,<Other>,<Other>,Malaysia,31,31,100.0
2020-12-01,2020-12,0,Week 0,mobile,<Other>,<Other>,<Other>,Singapore,91,91,100.0
2020-12-01,2020-12,0,Week 0,desktop,<Other>,<Other>,<Other>,Paraguay,1,1,100.0
2020-12-01,2020-12,0,Week 0,mobile,<Other>,<Other>,<Other>,Slovenia,3,3,100.0
2020-12-01,2020-12,0,Week 0,tablet,<Other>,<Other>,<Other>,(not set),4,4,100.0
2020-12-01,2020-12,0,Week 0,desktop,<Other>,<Other>,<Other>,Bangladesh,12,12,100.0
2020-12-01,2020-12,0,Week 0,tablet,<Other>,<Other>,<Other>,Ukraine,1,1,100.0
2020-12-01,2020-12,0,Week 0,mobile,<Other>,<Other>,<Other>,Czechia,12,12,100.0
2020-12-01,2020-12,0,Week 0,desktop,<Other>,<Other>,<Other>,Netherlands,114,114,100.0
2020-12-01,2020-12,0,Week 0,desktop,<Other>,<Other>,<Other>,Uruguay,5,5,100.0
2020-12-01,2020-12,0,Week 0,desktop,<Other>,<Other>,<Other>,Peru,40,40,100.0
2020-12-01,2020-12,0,Week 0,desktop,<Other>,<Other>,<Other>,India,933,933,100.0
2020-12-01,2020-12,0,Week 0,desktop,<Other>,<Other>,<Other>,Canada,783,783,100.0
2020-12-01,2020-12,0,Week 0,mobile,<Other>,<Other>,<Other>,Bulgaria,11,11,100.0
2020-12-01,2020-12,0,Week 0,desktop,<Other>,<Other>,<Other>,El Salvador,4,4,100.0
2020-12-01,2020-12,0,Week 0,desktop,<Other>,<Other>,<Other>,Honduras,3,3,100.0
2020-12-01,2020-12,0,Week 0,tablet,<Other>,<Other>,<Other>,Sweden,2,2,100.0
2020-12-01,2020-12,0,Week 0,mobile,<Other>,<Other>,<Other>,Romania,24,24,100.0
2020-12-01,2020-12,0,Week 0,mobile,<Other>,<Other>,<Other>,Ghana,2,2,100.0
2020-12-01,2020-12,0,Week 0,desktop,<Other>,<Other>,<Other>,North Macedonia,8,8,100.0
2020-12-01,2020-12,0,Week 0,desktop,<Other>,<Other>,<Other>,Sri Lanka,17,17,100.0
2020-12-01,2020-12,0,Week 0,mobile,<Other>,<Other>,<Other>,Iceland,2,2,100.0
2020-12-01,2020-12,0,Week 0,desktop,<Other>,<Other>,<Other>,Macao,3,3,100.0
2020-12-01,2020-12,0,Week 0,desktop,<Other>,<Other>,<Other>,Pakistan,41,41,100.0
2020-12-01,2020-12,0,Week 0,desktop,<Other>,<Other>,<Other>,Indonesia,90,90,100.0
2020-12-01,2020-12,0,Week 0,mobile,<Other>,<Other>,<Other>,Georgia,2,2,100.0
2020-12-01,2020-12,0,Week 0,desktop,<Other>,<Other>,<Other>,Ghana,3,3,100.0
2020-12-01,2020-12,0,Week 0,mobile,<Other>,<Other>,<Other>,Thailand,30,30,100.0
2020-12-01,2020-12,0,Week 0,mobile,<Other>,<Other>,<Other>,Indonesia,68,68,100.0
2020-12-01,2020-12,0,Week 0,desktop,<Other>,<Other>,<Other>,Estonia,4,4,100.0
2020-12-01,2020-12,0,Week 0,desktop,<Other>,<Other>,<Other>,Russia,71,71,100.0
2020-12-01,2020-12,0,Week 0,desktop,<Other>,<Other>,<Other>,Oman,3,3,100.0
2020-12-01,2020-12,0,Week 0,desktop,<Other>,<Other>,<Other>,Israel,49,49,100.0
2020-12-01,2020-12,0,Week 0,desktop,<Other>,<Other>,<Other>,Mexico,81,81,100.0
2020-12-01,2020-12,0,Week 0,mobile,<Other>,<Other>,<Other>,Kazakhstan,2,2,100.0
2020-12-01,2020-12,0,Week 0,mobile,<Other>,<Other>,<Other>,Slovakia,9,9,100.0
2020-12-01,2020-12,0,Week 0,mobile,<Other>,<Other>,<Other>,Estonia,1,1,100.0
2020-12-01,2020-12,0,Week 0,mobile,<Other>,<Other>,<Other>,South Africa,8,8,100.0
2020-12-01,2020-12,0,Week 0,mobile,<Other>,<Other>,<Other>,Peru,35,35,100.0
2020-12-01,2020-12,0,Week 0,mobile,<Other>,<Other>,<Other>,Brazil,72,72,100.0
2020-12-01,2020-12,0,Week 0,mobile,<Other>,<Other>,<Other>,Austria,11,11,100.0
2020-12-01,2020-12,0,Week 0,tablet,<Other>,<Other>,<Other>,Malaysia,1,1,100.0
2020-12-01,2020-12,0,Week 0,mobile,<Other>,<Other>,<Other>,Kosovo,4,4,100.0
2020-12-01,2020-12,0,Week 0,desktop,<Other>,<Other>,<Other>,United States,4428,4428,100.0
2020-12-01,2020-12,0,Week 0,tablet,<Other>,<Other>,<Other>,Macao,1,1,100.0
2020-12-01,2020-12,0,Week 0,tablet,<Other>,<Other>,<Other>,Belgium,2,2,100.0
2020-12-01,2020-12,0,Week 0,mobile,<Other>,<Other>,<Other>,Macao,3,3,100.0
2020-12-01,2020-12,0,Week 0,mobile,<Other>,<Other>,<Other>,Taiwan,120,120,100.0
2020-12-01,2020-12,0,Week 0,tablet,<Other>,<Other>,<Other>,Norway,1,1,100.0
2020-12-01,2020-12,0,Week 0,tablet,<Other>,<Other>,<Other>,Georgia,1,1,100.0
2020-12-01,2020-12,0,Week 0,mobile,<Other>,<Other>,<Other>,Latvia,5,5,100.0
2020-12-01,2020-12,0,Week 0,desktop,<Other>,<Other>,<Other>,Cyprus,5,5,100.0
2020-12-01,2020-12,0,Week 0,mobile,<Other>,<Other>,<Other>,Finland,12,12,100.0
2020-12-01,2020-12,0,Week 0,mobile,<Other>,<Other>,<Other>,Portugal,24,24,100.0
2020-12-01,2020-12,0,Week 0,mobile,<Other>,<Other>,<Other>,Philippines,31,31,100.0
2020-12-01,2020-12,0,Week 0,desktop,<Other>,<Other>,<Other>,Belgium,41,41,100.0
2020-12-01,2020-12,0,Week 0,desktop,<Other>,<Other>,<Other>,Germany,177,177,100.0
2020-12-01,2020-12,0,Week 0,mobile,<Other>,<Other>,<Other>,United States,3053,3053,100.0
2020-12-01,2020-12,0,Week 0,tablet,<Other>,<Other>,<Other>,Portugal,1,1,100.0
2020-12-01,2020-12,0,Week 0,tablet,<Other>,<Other>,<Other>,Nigeria,1,1,100.0
2020-12-01,2020-12,0,Week 0,tablet,<Other>,<Other>,<Other>,Mexico,1,1,100.0
2020-12-01,2020-12,0,Week 0,tablet,<Other>,<Other>,<Other>,Argentina,1,1,100.0
2020-12-01,2020-12,0,Week 0,desktop,<Other>,<Other>,<Other>,Nepal,3,3,100.0
2020-12-01,2020-12,0,Week 0,desktop,<Other>,<Other>,<Other>,Nigeria,14,14,100.0
2020-12-01,2020-12,0,Week 0,mobile,<Other>,<Other>,<Other>,United Arab Emirates,24,24,100.0
2020-12-01,2020-12,0,Week 0,mobile,<Other>,<Other>,<Other>,Ireland,40,40,100.0
2020-12-01,2020-12,0,Week 0,mobile,<Other>,<Other>,<Other>,Russia,47,47,100.0
2020-12-01,2020-12,0,Week 0,desktop,<Other>,<Other>,<Other>,Latvia,6,6,100.0
2020-12-01,2020-12,0,Week 0,mobile,<Other>,<Other>,<Other>,Puerto Rico,6,6,100.0
2020-12-01,2020-12,0,Week 0,mobile,<Other>,<Other>,<Other>,Norway,10,10,100.0
2020-12-01,2020-12,0,Week 0,desktop,<Other>,<Other>,<Other>,Kenya,6,6,100.0
2020-12-01,2020-12,0,Week 0,desktop,<Other>,<Other>,<Other>,Belarus,7,7,100.0
2020-12-01,2020-12,0,Week 0,desktop,<Other>,<Other>,<Other>,Georgia,8,8,100.0
2020-12-01,2020-12,0,Week 0,mobile,<Other>,<Other>,<Other>,Argentina,11,11,100.0
2020-12-01,2020-12,0,Week 0,desktop,<Other>,<Other>,<Other>,Denmark,22,22,100.0
2020-12-01,2020-12,0,Week 0,desktop,<Other>,<Other>,<Other>,Albania,4,4,100.0
2020-12-01,2020-12,0,Week 0,mobile,<Other>,<Other>,<Other>,Hungary,14,14,100.0
2020-12-01,2020-12,0,Week 0,mobile,<Other>,<Other>,<Other>,Belgium,27,27,100.0
2020-12-01,2020-12,0,Week 0,mobile,<Other>,<Other>,<Other>,Germany,127,127,100.0
2020-12-01,2020-12,0,Week 0,desktop,<Other>,<Other>,<Other>,Qatar,1,1,100.0
2020-12-01,2020-12,0,Week 0,mobile,<Other>,<Other>,<Other>,Kuwait,4,4,100.0
2020-12-01,2020-12,0,Week 0,tablet,<Other>,<Other>,<Other>,Brazil,4,4,100.0
2020-12-01,2020-12,0,Week 0,mobile,<Other>,<Other>,<Other>,Belarus,2,2,100.0
2020-12-01,2020-12,0,Week 0,tablet,<Other>,<Other>,<Other>,Japan,8,8,100.0
2020-12-01,2020-12,0,Week 0,tablet,<Other>,<Other>,<Other>,Cyprus,1,1,100.0
2020-12-01,2020-12,0,Week 0,desktop,<Other>,<Other>,<Other>,Azerbaijan,3,3,100.0
2020-12-01,2020-12,0,Week 0,desktop,<Other>,<Other>,<Other>,Czechia,25,25,100.0
2020-12-01,2020-12,0,Week 0,tablet,<Other>,<Other>,<Other>,Chile,1,1,100.0
2020-12-01,2020-12,0,Week 0,desktop,<Other>,<Other>,<Other>,Slovenia,10,10,100.0
2020-12-01,2020-12,0,Week 0,mobile,<Other>,<Other>,<Other>,China,120,120,100.0
2020-12-01,2020-12,0,Week 0,desktop,<Other>,<Other>,<Other>,Italy,143,143,100.0
2020-12-01,2020-12,0,Week 0,mobile,<Other>,<Other>,<Other>,Bahrain,1,1,100.0
2020-12-01,2020-12,0,Week 0,tablet,<Other>,<Other>,<Other>,Turkey,3,3,100.0
2020-12-01,2020-12,0,Week 0,desktop,<Other>,<Other>,<Other>,Colombia,45,45,100.0
2020-12-01,2020-12,0,Week 0,desktop,<Other>,<Other>,<Other>,Switzerland,58,58,100.0
2020-12-01,2020-12,0,Week 0,tablet,<Other>,<Other>,<Other>,Palestine,1,1,100.0
2020-12-01,2020-12,0,Week 0,tablet,<Other>,<Other>,<Other>,Pakistan,2,2,100.0
2020-12-01,2020-12,0,Week 0,desktop,<Other>,<Other>,<Other>,Ecuador,10,10,100.0
2020-12-01,2020-12,0,Week 0,desktop,<Other>,<Other>,<Other>,Romania,33,33,100.0
2020-12-01,2020-12,0,Week 0,mobile,<Other>,<Other>,<Other>,Poland,70,70,100.0
2020-12-01,2020-12,0,Week 0,mobile,<Other>,<Other>,<Other>,Jordan,2,2,100.0
2020-12-01,2020-12,0,Week 0,tablet,<Other>,<Other>,<Other>,Poland,3,3,100.0
2020-12-01,2020-12,0,Week 0,desktop,<Other>,<Other>,<Other>,Bosnia & Herzegovina,2,2,100.0
2020-12-01,2020-12,0,Week 0,mobile,<Other>,<Other>,<Other>,Azerbaijan,5,5,100.0
2020-12-01,2020-12,0,Week 0,desktop,<Other>,<Other>,<Other>,Croatia,13,13,100.0
2020-12-01,2020-12,0,Week 0,desktop,<Other>,<Other>,<Other>,Finland,20,20,100.0
2020-12-01,2020-12,0,Week 0,mobile,<Other>,<Other>,<Other>,Ukraine,24,24,100.0
2020-12-01,2020-12,0,Week 0,tablet,<Other>,<Other>,<Other>,Canada,32,32,100.0
2020-12-01,2020-12,0,Week 0,mobile,<Other>,<Other>,<Other>,Paraguay,4,4,100.0
2020-12-01,2020-12,0,Week 0,mobile,<Other>,<Other>,<Other>,Cyprus,3,3,100.0
2020-12-01,2020-12,0,Week 0,desktop,<Other>,<Other>,<Other>,Ukraine,39,39,100.0
2020-12-01,2020-12,0,Week 0,desktop,<Other>,<Other>,<Other>,Sweden,68,68,100.0
2020-12-01,2020-12,0,Week 0,mobile,<Other>,<Other>,<Other>,Netherlands,75,75,100.0
2020-12-01,2020-12,0,Week 0,mobile,<Other>,<Other>,<Other>,United Kingdom,230,230,100.0
2020-12-01,2020-12,0,Week 0,mobile,<Other>,<Other>,<Other>,Pakistan,42,42,100.0
2020-12-01,2020-12,0,Week 0,mobile,<Other>,<Other>,<Other>,Palestine,1,1,100.0
2020-12-01,2020-12,0,Week 0,tablet,<Other>,<Other>,<Other>,Vietnam,2,2,100.0
2020-12-01,2020-12,0,Week 0,desktop,<Other>,<Other>,<Other>,Chile,17,17,100.0
2020-12-01,2020-12,0,Week 0,tablet,<Other>,<Other>,<Other>,Ireland,4,4,100.0
2020-12-01,2020-12,0,Week 0,mobile,<Other>,<Other>,<Other>,Serbia,8,8,100.0
2020-12-01,2020-12,0,Week 0,desktop,<Other>,<Other>,<Other>,(not set),77,77,100.0
2020-12-01,2020-12,0,Week 0,mobile,<Other>,<Other>,<Other>,Japan,92,92,100.0
2020-12-01,2020-12,0,Week 0,tablet,<Other>,<Other>,<Other>,Russia,3,3,100.0
2020-12-01,2020-12,0,Week 0,mobile,<Other>,<Other>,<Other>,Dominican Republic,3,3,100.0
2020-12-01,2020-12,0,Week 0,tablet,<Other>,<Other>,<Other>,Czechia,1,1,100.0
2020-12-01,2020-12,0,Week 0,mobile,<Other>,<Other>,<Other>,Kenya,3,3,100.0
2020-12-01,2020-12,0,Week 0,desktop,<Other>,<Other>,<Other>,United Kingdom,329,329,100.0
2020-12-01,2020-12,0,Week 0,tablet,<Other>,<Other>,<Other>,China,10,10,100.0
2020-12-01,2020-12,0,Week 0,mobile,<Other>,<Other>,<Other>,Qatar,2,2,100.0
2020-12-01,2020-12,0,Week 0,mobile,<Other>,<Other>,<Other>,Egypt,17,17,100.0
2020-12-01,2020-12,0,Week 0,desktop,<Other>,<Other>,<Other>,Hong Kong,54,54,100.0
2020-12-01,2020-12,0,Week 0,tablet,<Other>,<Other>,<Other>,Saudi Arabia,2,2,100.0
2020-12-01,2020-12,0,Week 0,desktop,<Other>,<Other>,<Other>,Puerto Rico,3,3,100.0
2020-12-01,2020-12,0,Week 0,mobile,<Other>,<Other>,<Other>,Tunisia,4,4,100.0
2020-12-01,2020-12,0,Week 0,desktop,<Other>,<Other>,<Other>,Brazil,98,98,100.0
2020-12-01,2020-12,0,Week 0,desktop,<Other>,<Other>,<Other>,China,186,186,100.0
2020-12-01,2020-12,0,Week 0,mobile,<Other>,<Other>,<Other>,Panama,3,3,100.0
2020-12-01,2020-12,0,Week 0,mobile,<Other>,<Other>,<Other>,Ecuador,4,4,100.0
2020-12-01,2020-12,0,Week 0,desktop,<Other>,<Other>,<Other>,Ireland,67,67,100.0
2020-12-01,2020-12,0,Week 0,tablet,<Other>,<Other>,<Other>,Switzerland,2,2,100.0
2020-12-01,2020-12,0,Week 0,tablet,<Other>,<Other>,<Other>,Netherlands,1,1,100.0
2020-12-01,2020-12,0,Week 0,desktop,<Other>,<Other>,<Other>,Palestine,5,5,100.0
2020-12-01,2020-12,0,Week 0,desktop,<Other>,<Other>,<Other>,Australia,98,98,100.0
2020-12-01,2020-12,0,Week 0,desktop,<Other>,<Other>,<Other>,New Zealand,19,19,100.0
2020-12-01,2020-12,0,Week 0,desktop,<Other>,<Other>,<Other>,Panama,1,1,100.0
2020-12-01,2020-12,0,Week 0,desktop,<Other>,<Other>,<Other>,Bolivia,3,3,100.0
2020-12-01,2020-12,0,Week 0,mobile,<Other>,<Other>,<Other>,Nigeria,15,15,100.0
2020-12-01,2020-12,0,Week 0,mobile,<Other>,<Other>,<Other>,Mexico,49,49,100.0
2020-12-01,2020-12,0,Week 0,mobile,<Other>,<Other>,<Other>,Bahamas,2,2,100.0
2020-12-01,2020-12,0,Week 0,desktop,<Other>,<Other>,<Other>,Argentina,18,18,100.0
2020-12-01,2020-12,0,Week 0,mobile,<Other>,<Other>,<Other>,Switzerland,29,29,100.0
2020-12-01,2020-12,0,Week 0,desktop,<Other>,<Other>,<Other>,Poland,91,91,100.0
2020-12-01,2020-12,0,Week 0,desktop,<Other>,<Other>,<Other>,Venezuela,3,3,100.0
2020-12-01,2020-12,0,Week 0,desktop,<Other>,<Other>,<Other>,South Africa,18,18,100.0
2020-12-01,2020-12,0,Week 0,desktop,<Other>,<Other>,<Other>,Morocco,16,16,100.0
2020-12-01,2020-12,0,Week 0,tablet,<Other>,<Other>,<Other>,Thailand,1,1,100.0
2020-12-01,2020-12,0,Week 0,tablet,<Other>,<Other>,<Other>,Colombia,1,1,100.0
2020-12-01,2020-12,0,Week 0,mobile,<Other>,<Other>,<Other>,Costa Rica,2,2,100.0
2020-12-01,2020-12,0,Week 0,tablet,<Other>,<Other>,<Other>,Romania,3,3,100.0
2020-12-01,2020-12,0,Week 0,mobile,<Other>,<Other>,<Other>,Italy,95,95,100.0
2020-12-01,2020-12,0,Week 0,mobile,<Other>,<Other>,<Other>,Honduras,2,2,100.0
2020-12-01,2020-12,0,Week 0,tablet,<Other>,<Other>,<Other>,Spain,8,8,100.0
2020-12-01,2020-12,0,Week 0,mobile,<Other>,<Other>,<Other>,Turkey,69,69,100.0
2020-12-01,2020-12,0,Week 0,tablet,<Other>,<Other>,<Other>,Germany,7,7,100.0
2020-12-01,2020-12,0,Week 0,desktop,<Other>,<Other>,<Other>,Dominican Republic,10,10,100.0
2020-12-01,2020-12,0,Week 0,desktop,<Other>,<Other>,<Other>,Philippines,42,42,100.0
2020-12-01,2020-12,0,Week 0,mobile,<Other>,<Other>,<Other>,New Zealand,13,13,100.0
2020-12-01,2020-12,0,Week 0,desktop,<Other>,<Other>,<Other>,South Korea,130,130,100.0
2020-12-01,2020-12,0,Week 0,desktop,<Other>,<Other>,<Other>,Trinidad & Tobago,2,2,100.0
2020-12-01,2020-12,0,Week 0,desktop,<Other>,<Other>,<Other>,Mongolia,2,2,100.0
2020-12-01,2020-12,0,Week 0,desktop,<Other>,<Other>,<Other>,Jamaica,6,6,100.0
2020-12-01,2020-12,0,Week 0,mobile,<Other>,<Other>,<Other>,Luxembourg,3,3,100.0
2020-12-01,2020-12,0,Week 0,mobile,<Other>,<Other>,<Other>,Algeria,4,4,100.0
2020-12-01,2020-12,0,Week 0,desktop,<Other>,<Other>,<Other>,Turkey,102,102,100.0
2020-12-01,2020-12,0,Week 0,desktop,<Other>,<Other>,<Other>,France,207,207,100.0
2020-12-01,2020-12,0,Week 0,desktop,<Other>,<Other>,<Other>,Portugal,54,54,100.0
2020-12-01,2020-12,0,Week 0,mobile,<Other>,<Other>,<Other>,Chile,8,8,100.0
2020-12-01,2020-12,0,Week 0,desktop,<Other>,<Other>,<Other>,Bulgaria,6,6,100.0
2020-12-01,2020-12,0,Week 0,mobile,<Other>,<Other>,<Other>,Saudi Arabia,9,9,100.0
2020-12-01,2020-12,0,Week 0,mobile,<Other>,<Other>,<Other>,India,640,640,100.0
2020-12-01,2020-12,0,Week 0,mobile,<Other>,<Other>,<Other>,Nepal,7,7,100.0
2020-12-01,2020-12,0,Week 0,mobile,<Other>,<Other>,<Other>,Sweden,45,45,100.0
2020-12-01,2020-12,0,Week 0,tablet,<Other>,<Other>,<Other>,Peru,3,3,100.0
2020-12-01,2020-12,0,Week 0,desktop,<Other>,<Other>,<Other>,Iceland,4,4,100.0
2020-12-01,2020-12,0,Week 0,mobile,<Other>,<Other>,<Other>,Hong Kong,36,36,100.0
2020-12-01,2020-12,0,Week 0,desktop,<Other>,<Other>,<Other>,Vietnam,45,45,100.0
2020-12-01,2020-12,0,Week 0,mobile,<Other>,<Other>,<Other>,South Korea,85,85,100.0
2020-12-01,2020-12,0,Week 0,desktop,<Other>,<Other>,<Other>,Spain,176,176,100.0
2020-12-01,2020-12,0,Week 0,mobile,<Other>,<Other>,<Other>,Canada,528,528,100.0
2020-12-01,2020-12,0,Week 0,desktop,<Other>,<Other>,<Other>,Tunisia,6,6,100.0
2020-12-01,2020-12,0,Week 0,tablet,<Other>,<Other>,<Other>,United Kingdom,14,14,100.0
2020-12-01,2020-12,0,Week 0,desktop,<Other>,<Other>,<Other>,Bahrain,3,3,100.0
2020-12-01,2020-12,0,Week 0,desktop,<Other>,<Other>,<Other>,Iraq,12,12,100.0
2020-12-01,2020-12,0,Week 0,desktop,<Other>,<Other>,<Other>,Norway,19,19,100.0
2020-12-01,2020-12,0,Week 0,desktop,<Other>,<Other>,<Other>,Malaysia,49,49,100.0
2020-12-01,2020-12,0,Week 0,desktop,<Other>,<Other>,<Other>,Singapore,139,139,100.0
2020-12-01,2020-12,0,Week 0,mobile,<Other>,<Other>,<Other>,Oman,4,4,100.0
2020-12-01,2020-12,0,Week 0,desktop,<Other>,<Other>,<Other>,Austria,24,24,100.0
2020-12-01,2020-12,0,Week 0,tablet,<Other>,<Other>,<Other>,United States,206,206,100.0
2020-12-01,2020-12,0,Week 0,tablet,<Other>,<Other>,<Other>,Morocco,1,1,100.0
2020-12-01,2020-12,0,Week 0,mobile,<Other>,<Other>,<Other>,Bosnia & Herzegovina,5,5,100.0
2020-12-01,2020-12,0,Week 0,desktop,<Other>,<Other>,<Other>,Lebanon,9,9,100.0
2020-12-01,2020-12,0,Week 0,mobile,<Other>,<Other>,<Other>,Morocco,10,10,100.0
2020-12-01,2020-12,1,Week 1,mobile,<Other>,<Other>,<Other>,New Zealand,13,1,7.69
2020-12-01,2020-12,1,Week 1,mobile,<Other>,<Other>,<Other>,Vietnam,31,1,3.23
2020-12-01,2020-12,1,Week 1,desktop,<Other>,<Other>,<Other>,Sri Lanka,17,1,5.88
2020-12-01,2020-12,1,Week 1,mobile,<Other>,<Other>,<Other>,Poland,70,1,1.43
2020-12-01,2020-12,1,Week 1,desktop,<Other>,<Other>,<Other>,Japan,136,4,2.94
2020-12-01,2020-12,1,Week 1,mobile,<Other>,<Other>,<Other>,Singapore,91,4,4.4
2020-12-01,2020-12,1,Week 1,mobile,<Other>,<Other>,<Other>,Turkey,69,4,5.8
2020-12-01,2020-12,1,Week 1,mobile,<Other>,<Other>,<Other>,Italy,95,6,6.32
2020-12-01,2020-12,1,Week 1,desktop,<Other>,<Other>,<Other>,Nigeria,14,1,7.14
2020-12-01,2020-12,1,Week 1,desktop,<Other>,<Other>,<Other>,Australia,98,4,4.08
2020-12-01,2020-12,1,Week 1,desktop,<Other>,<Other>,<Other>,Ecuador,10,2,20.0
2020-12-01,2020-12,1,Week 1,mobile,<Other>,<Other>,<Other>,Hungary,14,2,14.29
2020-12-01,2020-12,1,Week 1,desktop,<Other>,<Other>,<Other>,Greece,33,1,3.03
2020-12-01,2020-12,1,Week 1,desktop,<Other>,<Other>,<Other>,Russia,71,1,1.41
2020-12-01,2020-12,1,Week 1,mobile,<Other>,<Other>,<Other>,France,114,2,1.75
2020-12-01,2020-12,1,Week 1,desktop,<Other>,<Other>,<Other>,France,207,7,3.38
2020-12-01,2020-12,1,Week 1,desktop,<Other>,<Other>,<Other>,(not set),77,4,5.19
2020-12-01,2020-12,1,Week 1,mobile,<Other>,<Other>,<Other>,China,120,5,4.17
2020-12-01,2020-12,1,Week 1,mobile,<Other>,<Other>,<Other>,Pakistan,42,2,4.76
2020-12-01,2020-12,1,Week 1,desktop,<Other>,<Other>,<Other>,India,933,35,3.75
2020-12-01,2020-12,1,Week 1,mobile,<Other>,<Other>,<Other>,Ireland,40,1,2.5
2020-12-01,2020-12,1,Week 1,desktop,<Other>,<Other>,<Other>,South Korea,130,7,5.38
2020-12-01,2020-12,1,Week 1,desktop,<Other>,<Other>,<Other>,Poland,91,6,6.59
2020-12-01,2020-12,1,Week 1,desktop,<Other>,<Other>,<Other>,Hungary,18,2,11.11
2020-12-01,2020-12,1,Week 1,desktop,<Other>,<Other>,<Other>,Ukraine,39,4,10.26
2020-12-01,2020-12,1,Week 1,tablet,<Other>,<Other>,<Other>,United States,206,6,2.91
2020-12-01,2020-12,1,Week 1,desktop,<Other>,<Other>,<Other>,Iraq,12,1,8.33
2020-12-01,2020-12,1,Week 1,mobile,<Other>,<Other>,<Other>,Japan,92,5,5.43
2020-12-01,2020-12,1,Week 1,mobile,<Other>,<Other>,<Other>,Peru,35,1,2.86
2020-12-01,2020-12,1,Week 1,desktop,<Other>,<Other>,<Other>,Hong Kong,54,3,5.56
2020-12-01,2020-12,1,Week 1,mobile,<Other>,<Other>,<Other>,Egypt,17,1,5.88
2020-12-01,2020-12,1,Week 1,desktop,<Other>,<Other>,<Other>,Italy,143,3,2.1
2020-12-01,2020-12,1,Week 1,desktop,<Other>,<Other>,<Other>,Indonesia,90,3,3.33
2020-12-01,2020-12,1,Week 1,desktop,<Other>,<Other>,<Other>,Puerto Rico,3,2,66.67
2020-12-01,2020-12,1,Week 1,mobile,<Other>,<Other>,<Other>,(not set),56,2,3.57
2020-12-01,2020-12,1,Week 1,desktop,<Other>,<Other>,<Other>,China,186,8,4.3
2020-12-01,2020-12,1,Week 1,mobile,<Other>,<Other>,<Other>,Taiwan,120,1,0.83
2020-12-01,2020-12,1,Week 1,desktop,<Other>,<Other>,<Other>,Belgium,41,1,2.44
2020-12-01,2020-12,1,Week 1,desktop,<Other>,<Other>,<Other>,United States,4428,140,3.16
2020-12-01,2020-12,1,Week 1,desktop,<Other>,<Other>,<Other>,Canada,783,25,3.19
2020-12-01,2020-12,1,Week 1,mobile,<Other>,<Other>,<Other>,Macao,3,1,33.33
2020-12-01,2020-12,1,Week 1,mobile,<Other>,<Other>,<Other>,Malaysia,31,1,3.23
2020-12-01,2020-12,1,Week 1,mobile,<Other>,<Other>,<Other>,Greece,32,2,6.25
2020-12-01,2020-12,1,Week 1,desktop,<Other>,<Other>,<Other>,Switzerland,58,2,3.45
2020-12-01,2020-12,1,Week 1,mobile,<Other>,<Other>,<Other>,Israel,21,1,4.76
2020-12-01,2020-12,1,Week 1,mobile,<Other>,<Other>,<Other>,Spain,136,4,2.94
2020-12-01,2020-12,1,Week 1,desktop,<Other>,<Other>,<Other>,Czechia,25,1,4.0
2020-12-01,2020-12,1,Week 1,desktop,<Other>,<Other>,<Other>,Chile,17,2,11.76
2020-12-01,2020-12,1,Week 1,desktop,<Other>,<Other>,<Other>,Ireland,67,3,4.48
2020-12-01,2020-12,1,Week 1,desktop,<Other>,<Other>,<Other>,Sweden,68,2,2.94
2020-12-01,2020-12,1,Week 1,desktop,<Other>,<Other>,<Other>,Algeria,8,1,12.5
2020-12-01,2020-12,1,Week 1,desktop,<Other>,<Other>,<Other>,Spain,176,6,3.41
2020-12-01,2020-12,1,Week 1,mobile,<Other>,<Other>,<Other>,Australia,57,4,7.02
2020-12-01,2020-12,1,Week 1,mobile,<Other>,<Other>,<Other>,United Kingdom,230,9,3.91
2020-12-01,2020-12,1,Week 1,desktop,<Other>,<Other>,<Other>,Portugal,54,2,3.7
2020-12-01,2020-12,1,Week 1,desktop,<Other>,<Other>,<Other>,Germany,177,7,3.95
2020-12-01,2020-12,1,Week 1,mobile,<Other>,<Other>,<Other>,India,640,17,2.66
2020-12-01,2020-12,1,Week 1,mobile,<Other>,<Other>,<Other>,Belgium,27,1,3.7
2020-12-01,2020-12,1,Week 1,mobile,<Other>,<Other>,<Other>,Kuwait,4,1,25.0
2020-12-01,2020-12,1,Week 1,desktop,<Other>,<Other>,<Other>,Bangladesh,12,1,8.33
2020-12-01,2020-12,1,Week 1,desktop,<Other>,<Other>,<Other>,Croatia,13,1,7.69
2020-12-01,2020-12,1,Week 1,mobile,<Other>,<Other>,<Other>,United States,3053,95,3.11
2020-12-01,2020-12,1,Week 1,mobile,<Other>,<Other>,<Other>,Nigeria,15,1,6.67
2020-12-01,2020-12,1,Week 1,mobile,<Other>,<Other>,<Other>,Brazil,72,5,6.94
2020-12-01,2020-12,1,Week 1,mobile,<Other>,<Other>,<Other>,Thailand,30,1,3.33
2020-12-01,2020-12,1,Week 1,tablet,<Other>,<Other>,<Other>,Taiwan,5,1,20.0
2020-12-01,2020-12,1,Week 1,desktop,<Other>,<Other>,<Other>,Brazil,98,3,3.06
2020-12-01,2020-12,1,Week 1,tablet,<Other>,<Other>,<Other>,Spain,8,1,12.5
2020-12-01,2020-12,1,Week 1,desktop,<Other>,<Other>,<Other>,Romania,33,1,3.03
2020-12-01,2020-12,1,Week 1,desktop,<Other>,<Other>,<Other>,Peru,40,1,2.5
2020-12-01,2020-12,1,Week 1,mobile,<Other>,<Other>,<Other>,Sweden,45,3,6.67
2020-12-01,2020-12,1,Week 1,mobile,<Other>,<Other>,<Other>,Mexico,49,3,6.12
2020-12-01,2020-12,1,Week 1,desktop,<Other>,<Other>,<Other>,Taiwan,181,11,6.08
2020-12-01,2020-12,1,Week 1,desktop,<Other>,<Other>,<Other>,Bulgaria,6,1,16.67
2020-12-01,2020-12,1,Week 1,desktop,<Other>,<Other>,<Other>,El Salvador,4,1,25.0
2020-12-01,2020-12,1,Week 1,mobile,<Other>,<Other>,<Other>,South Korea,85,3,3.53
2020-12-01,2020-12,1,Week 1,desktop,<Other>,<Other>,<Other>,Turkey,102,4,3.92
2020-12-01,2020-12,1,Week 1,mobile,<Other>,<Other>,<Other>,Finland,12,2,16.67
2020-12-01,2020-12,1,Week 1,mobile,<Other>,<Other>,<Other>,Tunisia,4,1,25.0
2020-12-01,2020-12,1,Week 1,desktop,<Other>,<Other>,<Other>,Pakistan,41,1,2.44
2020-12-01,2020-12,1,Week 1,desktop,<Other>,<Other>,<Other>,Vietnam,45,1,2.22
2020-12-01,2020-12,1,Week 1,desktop,<Other>,<Other>,<Other>,Netherlands,114,6,5.26
2020-12-01,2020-12,1,Week 1,mobile,<Other>,<Other>,<Other>,Canada,528,14,2.65
2020-12-01,2020-12,1,Week 1,desktop,<Other>,<Other>,<Other>,Bosnia & Herzegovina,2,1,50.0
2020-12-01,2020-12,1,Week 1,mobile,<Other>,<Other>,<Other>,Saudi Arabia,9,3,33.33
2020-12-01,2020-12,1,Week 1,tablet,<Other>,<Other>,<Other>,Canada,32,1,3.13
2020-12-01,2020-12,1,Week 1,desktop,<Other>,<Other>,<Other>,Singapore,139,3,2.16
2020-12-01,2020-12,1,Week 1,tablet,<Other>,<Other>,<Other>,Germany,7,2,28.57
2020-12-01,2020-12,1,Week 1,desktop,<Other>,<Other>,<Other>,Mexico,81,1,1.23
2020-12-01,2020-12,1,Week 1,mobile,<Other>,<Other>,<Other>,United Arab Emirates,24,1,4.17
2020-12-01,2020-12,1,Week 1,desktop,<Other>,<Other>,<Other>,United Arab Emirates,27,2,7.41
2020-12-01,2020-12,1,Week 1,desktop,<Other>,<Other>,<Other>,United Kingdom,329,10,3.04
2020-12-01,2020-12,1,Week 1,mobile,<Other>,<Other>,<Other>,Portugal,24,1,4.17
2020-12-01,2020-12,1,Week 1,mobile,<Other>,<Other>,<Other>,Sri Lanka,11,1,9.09
2020-12-01,2020-12,1,Week 1,mobile,<Other>,<Other>,<Other>,Russia,47,4,8.51
2020-12-01,2020-12,1,Week 1,desktop,<Other>,<Other>,<Other>,Argentina,18,1,5.56
2020-12-01,2020-12,1,Week 1,desktop,<Other>,<Other>,<Other>,Saudi Arabia,20,1,5.0
2020-12-01,2020-12,1,Week 1,desktop,<Other>,<Other>,<Other>,Philippines,42,1,2.38
2020-12-01,2020-12,2,Week 2,desktop,<Other>,<Other>,<Other>,France,207,4,1.93
2020-12-01,2020-12,2,Week 2,mobile,<Other>,<Other>,<Other>,Serbia,8,1,12.5
2020-12-01,2020-12,2,Week 2,mobile,<Other>,<Other>,<Other>,Germany,127,1,0.79
2020-12-01,2020-12,2,Week 2,desktop,<Other>,<Other>,<Other>,Germany,177,3,1.69
2020-12-01,2020-12,2,Week 2,desktop,<Other>,<Other>,<Other>,South Korea,130,2,1.54
2020-12-01,2020-12,2,Week 2,desktop,<Other>,<Other>,<Other>,Ukraine,39,1,2.56
2020-12-01,2020-12,2,Week 2,desktop,<Other>,<Other>,<Other>,Mexico,81,1,1.23
2020-12-01,2020-12,2,Week 2,desktop,<Other>,<Other>,<Other>,Singapore,139,1,0.72
2020-12-01,2020-12,2,Week 2,desktop,<Other>,<Other>,<Other>,Nigeria,14,1,7.14
2020-12-01,2020-12,2,Week 2,desktop,<Other>,<Other>,<Other>,Turkey,102,5,4.9
2020-12-01,2020-12,2,Week 2,tablet,<Other>,<Other>,<Other>,United Kingdom,14,1,7.14
2020-12-01,2020-12,2,Week 2,desktop,<Other>,<Other>,<Other>,Morocco,16,1,6.25
2020-12-01,2020-12,2,Week 2,desktop,<Other>,<Other>,<Other>,Myanmar (Burma),3,1,33.33
2020-12-01,2020-12,2,Week 2,mobile,<Other>,<Other>,<Other>,Switzerland,29,1,3.45
2020-12-01,2020-12,2,Week 2,mobile,<Other>,<Other>,<Other>,France,114,2,1.75
2020-12-01,2020-12,2,Week 2,desktop,<Other>,<Other>,<Other>,Taiwan,181,2,1.1
2020-12-01,2020-12,2,Week 2,mobile,<Other>,<Other>,<Other>,Peru,35,1,2.86
2020-12-01,2020-12,2,Week 2,desktop,<Other>,<Other>,<Other>,United Arab Emirates,27,1,3.7
2020-12-01,2020-12,2,Week 2,mobile,<Other>,<Other>,<Other>,India,640,4,0.63
2020-12-01,2020-12,2,Week 2,desktop,<Other>,<Other>,<Other>,Vietnam,45,1,2.22
2020-12-01,2020-12,2,Week 2,mobile,<Other>,<Other>,<Other>,Canada,528,5,0.95
2020-12-01,2020-12,2,Week 2,mobile,<Other>,<Other>,<Other>,Italy,95,2,2.11
2020-12-01,2020-12,2,Week 2,desktop,<Other>,<Other>,<Other>,United Kingdom,329,3,0.91
2020-12-01,2020-12,2,Week 2,desktop,<Other>,<Other>,<Other>,(not set),77,2,2.6
2020-12-01,2020-12,2,Week 2,desktop,<Other>,<Other>,<Other>,North Macedonia,8,1,12.5
2020-12-01,2020-12,2,Week 2,mobile,<Other>,<Other>,<Other>,United Kingdom,230,3,1.3
2020-12-01,2020-12,2,Week 2,mobile,<Other>,<Other>,<Other>,Ireland,40,1,2.5
2020-12-01,2020-12,2,Week 2,desktop,<Other>,<Other>,<Other>,India,933,9,0.96
2020-12-01,2020-12,2,Week 2,desktop,<Other>,<Other>,<Other>,Portugal,54,2,3.7
2020-12-01,2020-12,2,Week 2,mobile,<Other>,<Other>,<Other>,Slovakia,9,1,11.11
2020-12-01,2020-12,2,Week 2,desktop,<Other>,<Other>,<Other>,Austria,24,1,4.17
2020-12-01,2020-12,2,Week 2,desktop,<Other>,<Other>,<Other>,Sweden,68,2,2.94
2020-12-01,2020-12,2,Week 2,desktop,<Other>,<Other>,<Other>,Indonesia,90,2,2.22
2020-12-01,2020-12,2,Week 2,desktop,<Other>,<Other>,<Other>,China,186,2,1.08
2020-12-01,2020-12,2,Week 2,desktop,<Other>,<Other>,<Other>,Philippines,42,1,2.38
2020-12-01,2020-12,2,Week 2,tablet,<Other>,<Other>,<Other>,Greece,3,1,33.33
2020-12-01,2020-12,2,Week 2,mobile,<Other>,<Other>,<Other>,South Korea,85,1,1.18
2020-12-01,2020-12,2,Week 2,desktop,<Other>,<Other>,<Other>,Netherlands,114,5,4.39
2020-12-01,2020-12,2,Week 2,mobile,<Other>,<Other>,<Other>,Brazil,72,1,1.39
2020-12-01,2020-12,2,Week 2,mobile,<Other>,<Other>,<Other>,Spain,136,2,1.47
2020-12-01,2020-12,2,Week 2,mobile,<Other>,<Other>,<Other>,Greece,32,2,6.25
2020-12-01,2020-12,2,Week 2,mobile,<Other>,<Other>,<Other>,Japan,92,2,2.17
2020-12-01,2020-12,2,Week 2,mobile,<Other>,<Other>,<Other>,Mexico,49,1,2.04
2020-12-01,2020-12,2,Week 2,mobile,<Other>,<Other>,<Other>,Egypt,17,1,5.88
2020-12-01,2020-12,2,Week 2,desktop,<Other>,<Other>,<Other>,Switzerland,58,1,1.72
2020-12-01,2020-12,2,Week 2,desktop,<Other>,<Other>,<Other>,United States,4428,57,1.29
2020-12-01,2020-12,2,Week 2,desktop,<Other>,<Other>,<Other>,El Salvador,4,1,25.0
2020-12-01,2020-12,2,Week 2,desktop,<Other>,<Other>,<Other>,Thailand,34,1,2.94
2020-12-01,2020-12,2,Week 2,desktop,<Other>,<Other>,<Other>,Kuwait,9,1,11.11
2020-12-01,2020-12,2,Week 2,desktop,<Other>,<Other>,<Other>,Canada,783,6,0.77
2020-12-01,2020-12,2,Week 2,mobile,<Other>,<Other>,<Other>,United States,3053,35,1.15
2020-12-01,2020-12,2,Week 2,desktop,<Other>,<Other>,<Other>,Hungary,18,1,5.56
2020-12-01,2020-12,2,Week 2,desktop,<Other>,<Other>,<Other>,Russia,71,1,1.41
2020-12-01,2020-12,2,Week 2,desktop,<Other>,<Other>,<Other>,Spain,176,3,1.7
2020-12-01,2020-12,2,Week 2,tablet,<Other>,<Other>,<Other>,United States,206,1,0.49
2020-12-01,2020-12,2,Week 2,mobile,<Other>,<Other>,<Other>,Singapore,91,1,1.1
2020-12-01,2020-12,2,Week 2,mobile,<Other>,<Other>,<Other>,Malaysia,31,1,3.23
2020-12-01,2020-12,2,Week 2,desktop,<Other>,<Other>,<Other>,Poland,91,4,4.4
2020-12-01,2020-12,2,Week 2,desktop,<Other>,<Other>,<Other>,Czechia,25,2,8.0
2020-12-01,2020-12,2,Week 2,desktop,<Other>,<Other>,<Other>,Ireland,67,1,1.49
2020-12-01,2020-12,2,Week 2,desktop,<Other>,<Other>,<Other>,Denmark,22,1,4.55
2020-12-01,2020-12,2,Week 2,desktop,<Other>,<Other>,<Other>,Israel,49,2,4.08
2020-12-01,2020-12,3,Week 3,mobile,<Other>,<Other>,<Other>,Germany,127,1,0.79
2020-12-01,2020-12,3,Week 3,desktop,<Other>,<Other>,<Other>,Indonesia,90,1,1.11
2020-12-01,2020-12,3,Week 3,mobile,<Other>,<Other>,<Other>,Saudi Arabia,9,1,11.11
2020-12-01,2020-12,3,Week 3,desktop,<Other>,<Other>,<Other>,Spain,176,1,0.57
2020-12-01,2020-12,3,Week 3,tablet,<Other>,<Other>,<Other>,India,40,1,2.5
2020-12-01,2020-12,3,Week 3,desktop,<Other>,<Other>,<Other>,France,207,2,0.97
2020-12-01,2020-12,3,Week 3,mobile,<Other>,<Other>,<Other>,Turkey,69,1,1.45
2020-12-01,2020-12,3,Week 3,desktop,<Other>,<Other>,<Other>,Austria,24,1,4.17
2020-12-01,2020-12,3,Week 3,desktop,<Other>,<Other>,<Other>,Nigeria,14,1,7.14
2020-12-01,2020-12,3,Week 3,desktop,<Other>,<Other>,<Other>,Romania,33,1,3.03
2020-12-01,2020-12,3,Week 3,desktop,<Other>,<Other>,<Other>,United Kingdom,329,4,1.22
2020-12-01,2020-12,3,Week 3,desktop,<Other>,<Other>,<Other>,North Macedonia,8,2,25.0
2020-12-01,2020-12,3,Week 3,tablet,<Other>,<Other>,<Other>,United Kingdom,14,1,7.14
2020-12-01,2020-12,3,Week 3,mobile,<Other>,<Other>,<Other>,Malaysia,31,1,3.23
2020-12-01,2020-12,3,Week 3,mobile,<Other>,<Other>,<Other>,United Kingdom,230,4,1.74
2020-12-01,2020-12,3,Week 3,desktop,<Other>,<Other>,<Other>,Hungary,18,1,5.56
2020-12-01,2020-12,3,Week 3,mobile,<Other>,<Other>,<Other>,Indonesia,68,2,2.94
2020-12-01,2020-12,3,Week 3,mobile,<Other>,<Other>,<Other>,China,120,1,0.83
2020-12-01,2020-12,3,Week 3,desktop,<Other>,<Other>,<Other>,Taiwan,181,1,0.55
2020-12-01,2020-12,3,Week 3,mobile,<Other>,<Other>,<Other>,United States,3053,30,0.98
2020-12-01,2020-12,3,Week 3,mobile,<Other>,<Other>,<Other>,Hong Kong,36,1,2.78
2020-12-01,2020-12,3,Week 3,mobile,<Other>,<Other>,<Other>,India,640,4,0.63
2020-12-01,2020-12,3,Week 3,desktop,<Other>,<Other>,<Other>,New Zealand,19,1,5.26
2020-12-01,2020-12,3,Week 3,mobile,<Other>,<Other>,<Other>,Ireland,40,1,2.5
2020-12-01,2020-12,3,Week 3,desktop,<Other>,<Other>,<Other>,El Salvador,4,1,25.0
2020-12-01,2020-12,3,Week 3,mobile,<Other>,<Other>,<Other>,Switzerland,29,1,3.45
2020-12-01,2020-12,3,Week 3,mobile,<Other>,<Other>,<Other>,Poland,70,1,1.43
2020-12-01,2020-12,3,Week 3,mobile,<Other>,<Other>,<Other>,Singapore,91,1,1.1
2020-12-01,2020-12,3,Week 3,desktop,<Other>,<Other>,<Other>,Poland,91,1,1.1
2020-12-01,2020-12,3,Week 3,desktop,<Other>,<Other>,<Other>,India,933,8,0.86
2020-12-01,2020-12,3,Week 3,desktop,<Other>,<Other>,<Other>,China,186,2,1.08
2020-12-01,2020-12,3,Week 3,mobile,<Other>,<Other>,<Other>,Australia,57,1,1.75
2020-12-01,2020-12,3,Week 3,mobile,<Other>,<Other>,<Other>,Canada,528,2,0.38
2020-12-01,2020-12,3,Week 3,desktop,<Other>,<Other>,<Other>,(not set),77,2,2.6
2020-12-01,2020-12,3,Week 3,desktop,<Other>,<Other>,<Other>,Ireland,67,2,2.99
2020-12-01,2020-12,3,Week 3,desktop,<Other>,<Other>,<Other>,Norway,19,1,5.26
2020-12-01,2020-12,3,Week 3,mobile,<Other>,<Other>,<Other>,Egypt,17,1,5.88
2020-12-01,2020-12,3,Week 3,desktop,<Other>,<Other>,<Other>,South Korea,130,1,0.77
2020-12-01,2020-12,3,Week 3,desktop,<Other>,<Other>,<Other>,Italy,143,2,1.4
2020-12-01,2020-12,3,Week 3,tablet,<Other>,<Other>,<Other>,United States,206,1,0.49
2020-12-01,2020-12,3,Week 3,desktop,<Other>,<Other>,<Other>,Israel,49,1,2.04
2020-12-01,2020-12,3,Week 3,desktop,<Other>,<Other>,<Other>,Netherlands,114,2,1.75
2020-12-01,2020-12,3,Week 3,desktop,<Other>,<Other>,<Other>,Sweden,68,1,1.47
2020-12-01,2020-12,3,Week 3,desktop,<Other>,<Other>,<Other>,South Africa,18,1,5.56
2020-12-01,2020-12,3,Week 3,desktop,<Other>,<Other>,<Other>,Colombia,45,1,2.22
2020-12-01,2020-12,3,Week 3,desktop,<Other>,<Other>,<Other>,Guatemala,2,1,50.0
2020-12-01,2020-12,3,Week 3,mobile,<Other>,<Other>,<Other>,Spain,136,1,0.74
2020-12-01,2020-12,3,Week 3,mobile,<Other>,<Other>,<Other>,South Korea,85,1,1.18
2020-12-01,2020-12,3,Week 3,desktop,<Other>,<Other>,<Other>,Germany,177,1,0.56
2020-12-01,2020-12,3,Week 3,desktop,<Other>,<Other>,<Other>,Canada,783,7,0.89
2020-12-01,2020-12,3,Week 3,desktop,<Other>,<Other>,<Other>,United States,4428,41,0.93
2020-12-01,2020-12,3,Week 3,desktop,<Other>,<Other>,<Other>,Malaysia,49,1,2.04
2020-12-01,2020-12,4,Week 4,desktop,<Other>,<Other>,<Other>,France,207,4,1.93
2020-12-01,2020-12,4,Week 4,desktop,<Other>,<Other>,<Other>,Australia,98,1,1.02
2020-12-01,2020-12,4,Week 4,desktop,<Other>,<Other>,<Other>,United States,4428,30,0.68
2020-12-01,2020-12,4,Week 4,mobile,<Other>,<Other>,<Other>,Pakistan,42,3,7.14
2020-12-01,2020-12,4,Week 4,desktop,<Other>,<Other>,<Other>,Iraq,12,1,8.33
2020-12-01,2020-12,4,Week 4,desktop,<Other>,<Other>,<Other>,United Kingdom,329,2,0.61
2020-12-01,2020-12,4,Week 4,desktop,<Other>,<Other>,<Other>,El Salvador,4,1,25.0
2020-12-01,2020-12,4,Week 4,desktop,<Other>,<Other>,<Other>,Canada,783,6,0.77
2020-12-01,2020-12,4,Week 4,mobile,<Other>,<Other>,<Other>,Italy,95,1,1.05
2020-12-01,2020-12,4,Week 4,mobile,<Other>,<Other>,<Other>,Turkey,69,1,1.45
2020-12-01,2020-12,4,Week 4,desktop,<Other>,<Other>,<Other>,Turkey,102,2,1.96
2020-12-01,2020-12,4,Week 4,desktop,<Other>,<Other>,<Other>,Greece,33,1,3.03
2020-12-01,2020-12,4,Week 4,desktop,<Other>,<Other>,<Other>,Italy,143,1,0.7
2020-12-01,2020-12,4,Week 4,mobile,<Other>,<Other>,<Other>,Canada,528,5,0.95
2020-12-01,2020-12,4,Week 4,desktop,<Other>,<Other>,<Other>,India,933,3,0.32
2020-12-01,2020-12,4,Week 4,mobile,<Other>,<Other>,<Other>,United States,3053,17,0.56
2020-12-01,2020-12,4,Week 4,desktop,<Other>,<Other>,<Other>,Belgium,41,1,2.44
2020-12-01,2020-12,4,Week 4,desktop,<Other>,<Other>,<Other>,Indonesia,90,1,1.11
2020-12-01,2020-12,4,Week 4,desktop,<Other>,<Other>,<Other>,Hong Kong,54,1,1.85
2020-12-01,2020-12,4,Week 4,desktop,<Other>,<Other>,<Other>,Guatemala,2,1,50.0
2020-12-01,2020-12,4,Week 4,desktop,<Other>,<Other>,<Other>,Poland,91,1,1.1
2020-12-01,2020-12,4,Week 4,mobile,<Other>,<Other>,<Other>,Slovakia,9,1,11.11
2020-12-01,2020-12,4,Week 4,desktop,<Other>,<Other>,<Other>,(not set),77,2,2.6
2020-12-01,2020-12,4,Week 4,tablet,<Other>,<Other>,<Other>,Spain,8,1,12.5
2020-12-01,2020-12,4,Week 4,desktop,<Other>,<Other>,<Other>,South Africa,18,1,5.56
2020-12-01,2020-12,4,Week 4,desktop,<Other>,<Other>,<Other>,Israel,49,2,4.08
2020-12-01,2020-12,4,Week 4,desktop,<Other>,<Other>,<Other>,Ireland,67,1,1.49
2020-12-01,2020-12,4,Week 4,mobile,<Other>,<Other>,<Other>,United Kingdom,230,2,0.87
2020-12-01,2020-12,4,Week 4,desktop,<Other>,<Other>,<Other>,Lithuania,8,1,12.5
2020-12-01,2020-12,4,Week 4,desktop,<Other>,<Other>,<Other>,Spain,176,1,0.57
2020-12-01,2020-12,4,Week 4,mobile,<Other>,<Other>,<Other>,Russia,47,1,2.13
2020-12-01,2020-12,4,Week 4,desktop,<Other>,<Other>,<Other>,United Arab Emirates,27,1,3.7
2020-12-01,2020-12,4,Week 4,mobile,<Other>,<Other>,<Other>,Thailand,30,1,3.33
2020-12-01,2020-12,4,Week 4,mobile,<Other>,<Other>,<Other>,India,640,2,0.31
2020-12-01,2020-12,4,Week 4,mobile,<Other>,<Other>,<Other>,Latvia,5,1,20.0
2020-12-01,2020-12,4,Week 4,mobile,<Other>,<Other>,<Other>,Australia,57,1,1.75
2020-12-01,2020-12,4,Week 4,tablet,<Other>,<Other>,<Other>,United Kingdom,14,1,7.14
2020-12-01,2020-12,4,Week 4,mobile,<Other>,<Other>,<Other>,Egypt,17,1,5.88
2020-12-01,2020-12,5,Week 5,desktop,<Other>,<Other>,<Other>,Turkey,102,1,0.98
2020-12-01,2020-12,5,Week 5,mobile,<Other>,<Other>,<Other>,India,640,5,0.78
2020-12-01,2020-12,5,Week 5,mobile,<Other>,<Other>,<Other>,Poland,70,1,1.43
2020-12-01,2020-12,5,Week 5,mobile,<Other>,<Other>,<Other>,Singapore,91,1,1.1
2020-12-01,2020-12,5,Week 5,desktop,<Other>,<Other>,<Other>,Romania,33,1,3.03
2020-12-01,2020-12,5,Week 5,mobile,<Other>,<Other>,<Other>,United States,3053,11,0.36
2020-12-01,2020-12,5,Week 5,mobile,<Other>,<Other>,<Other>,Mexico,49,1,2.04
2020-12-01,2020-12,5,Week 5,desktop,<Other>,<Other>,<Other>,Saudi Arabia,20,1,5.0
2020-12-01,2020-12,5,Week 5,mobile,<Other>,<Other>,<Other>,Japan,92,1,1.09
2020-12-01,2020-12,5,Week 5,desktop,<Other>,<Other>,<Other>,Spain,176,2,1.14
2020-12-01,2020-12,5,Week 5,desktop,<Other>,<Other>,<Other>,Croatia,13,1,7.69
2020-12-01,2020-12,5,Week 5,desktop,<Other>,<Other>,<Other>,Canada,783,2,0.26
2020-12-01,2020-12,5,Week 5,mobile,<Other>,<Other>,<Other>,Germany,127,1,0.79
2020-12-01,2020-12,5,Week 5,desktop,<Other>,<Other>,<Other>,China,186,2,1.08
2020-12-01,2020-12,5,Week 5,mobile,<Other>,<Other>,<Other>,Greece,32,1,3.13
2020-12-01,2020-12,5,Week 5,mobile,<Other>,<Other>,<Other>,Canada,528,3,0.57
2020-12-01,2020-12,5,Week 5,mobile,<Other>,<Other>,<Other>,Italy,95,3,3.16
2020-12-01,2020-12,5,Week 5,desktop,<Other>,<Other>,<Other>,Italy,143,1,0.7
2020-12-01,2020-12,5,Week 5,desktop,<Other>,<Other>,<Other>,Poland,91,1,1.1
2020-12-01,2020-12,5,Week 5,desktop,<Other>,<Other>,<Other>,Thailand,34,2,5.88
2020-12-01,2020-12,5,Week 5,desktop,<Other>,<Other>,<Other>,United Kingdom,329,2,0.61
2020-12-01,2020-12,5,Week 5,desktop,<Other>,<Other>,<Other>,Australia,98,1,1.02
2020-12-01,2020-12,5,Week 5,desktop,<Other>,<Other>,<Other>,Brazil,98,1,1.02
2020-12-01,2020-12,5,Week 5,desktop,<Other>,<Other>,<Other>,Guatemala,2,1,50.0
2020-12-01,2020-12,5,Week 5,tablet,<Other>,<Other>,<Other>,United States,206,1,0.49
2020-12-01,2020-12,5,Week 5,desktop,<Other>,<Other>,<Other>,United States,4428,23,0.52
2020-12-01,2020-12,5,Week 5,mobile,<Other>,<Other>,<Other>,Spain,136,1,0.74
2020-12-01,2020-12,6,Week 6,desktop,<Other>,<Other>,<Other>,Germany,177,1,0.56
2020-12-01,2020-12,6,Week 6,mobile,<Other>,<Other>,<Other>,Poland,70,1,1.43
2020-12-01,2020-12,6,Week 6,desktop,<Other>,<Other>,<Other>,Guatemala,2,1,50.0
2020-12-01,2020-12,6,Week 6,mobile,<Other>,<Other>,<Other>,Australia,57,1,1.75
2020-12-01,2020-12,6,Week 6,desktop,<Other>,<Other>,<Other>,Canada,783,1,0.13
2020-12-01,2020-12,6,Week 6,desktop,<Other>,<Other>,<Other>,Taiwan,181,1,0.55
2020-12-01,2020-12,6,Week 6,mobile,<Other>,<Other>,<Other>,Croatia,4,1,25.0
2020-12-01,2020-12,6,Week 6,desktop,<Other>,<Other>,<Other>,Norway,19,1,5.26
2020-12-01,2020-12,6,Week 6,mobile,<Other>,<Other>,<Other>,India,640,1,0.16
2020-12-01,2020-12,6,Week 6,desktop,<Other>,<Other>,<Other>,United States,4428,11,0.25
2020-12-01,2020-12,6,Week 6,desktop,<Other>,<Other>,<Other>,Spain,176,2,1.14
2020-12-01,2020-12,6,Week 6,mobile,<Other>,<Other>,<Other>,Italy,95,2,2.11
2020-12-01,2020-12,6,Week 6,desktop,<Other>,<Other>,<Other>,Hong Kong,54,1,1.85
2020-12-01,2020-12,6,Week 6,mobile,<Other>,<Other>,<Other>,Canada,528,4,0.76
2020-12-01,2020-12,6,Week 6,desktop,<Other>,<Other>,<Other>,China,186,1,0.54
2020-12-01,2020-12,6,Week 6,tablet,<Other>,<Other>,<Other>,Italy,8,1,12.5
2020-12-01,2020-12,6,Week 6,desktop,<Other>,<Other>,<Other>,Poland,91,1,1.1
2020-12-01,2020-12,6,Week 6,desktop,<Other>,<Other>,<Other>,India,933,6,0.64
2020-12-01,2020-12,6,Week 6,mobile,<Other>,<Other>,<Other>,Taiwan,120,1,0.83
2020-12-01,2020-12,6,Week 6,mobile,<Other>,<Other>,<Other>,United States,3053,10,0.33
2020-12-01,2020-12,6,Week 6,desktop,<Other>,<Other>,<Other>,United Kingdom,329,1,0.3
2020-12-01,2020-12,6,Week 6,desktop,<Other>,<Other>,<Other>,United Arab Emirates,27,1,3.7
2020-12-01,2020-12,6,Week 6,desktop,<Other>,<Other>,<Other>,Netherlands,114,1,0.88
2020-12-01,2020-12,6,Week 6,desktop,<Other>,<Other>,<Other>,Turkey,102,1,0.98
2020-12-01,2020-12,6,Week 6,desktop,<Other>,<Other>,<Other>,Egypt,19,1,5.26
2020-12-01,2020-12,6,Week 6,desktop,<Other>,<Other>,<Other>,Saudi Arabia,20,1,5.0
2020-12-01,2020-12,7,Week 7,desktop,<Other>,<Other>,<Other>,South Korea,130,1,0.77
2020-12-01,2020-12,7,Week 7,desktop,<Other>,<Other>,<Other>,United Arab Emirates,27,1,3.7
2020-12-01,2020-12,7,Week 7,desktop,<Other>,<Other>,<Other>,Germany,177,1,0.56
2020-12-01,2020-12,7,Week 7,desktop,<Other>,<Other>,<Other>,Ireland,67,1,1.49
2020-12-01,2020-12,7,Week 7,mobile,<Other>,<Other>,<Other>,Hong Kong,36,1,2.78
2020-12-01,2020-12,7,Week 7,mobile,<Other>,<Other>,<Other>,France,114,1,0.88
2020-12-01,2020-12,7,Week 7,mobile,<Other>,<Other>,<Other>,Canada,528,1,0.19
2020-12-01,2020-12,7,Week 7,mobile,<Other>,<Other>,<Other>,Croatia,4,1,25.0
2020-12-01,2020-12,7,Week 7,desktop,<Other>,<Other>,<Other>,Spain,176,1,0.57
2020-12-01,2020-12,7,Week 7,mobile,<Other>,<Other>,<Other>,Italy,95,1,1.05
2020-12-01,2020-12,7,Week 7,desktop,<Other>,<Other>,<Other>,Turkey,102,1,0.98
2020-12-01,2020-12,7,Week 7,desktop,<Other>,<Other>,<Other>,United States,4428,7,0.16
2020-12-01,2020-12,7,Week 7,desktop,<Other>,<Other>,<Other>,India,933,2,0.21
2020-12-01,2020-12,7,Week 7,mobile,<Other>,<Other>,<Other>,Japan,92,1,1.09
2020-12-01,2020-12,7,Week 7,desktop,<Other>,<Other>,<Other>,Thailand,34,1,2.94
2020-12-01,2020-12,7,Week 7,mobile,<Other>,<Other>,<Other>,India,640,1,0.16
2020-12-01,2020-12,7,Week 7,mobile,<Other>,<Other>,<Other>,United States,3053,5,0.16
2020-12-01,2020-12,8,Week 8,mobile,<Other>,<Other>,<Other>,Japan,92,1,1.09
2020-12-01,2020-12,8,Week 8,desktop,<Other>,<Other>,<Other>,Turkey,102,1,0.98
2020-12-01,2020-12,8,Week 8,desktop,<Other>,<Other>,<Other>,United States,4428,8,0.18
2020-12-01,2020-12,8,Week 8,mobile,<Other>,<Other>,<Other>,United States,3053,1,0.03
2020-12-01,2020-12,8,Week 8,mobile,<Other>,<Other>,<Other>,India,640,1,0.16
2020-12-01,2020-12,8,Week 8,desktop,<Other>,<Other>,<Other>,Germany,177,1,0.56
2020-12-01,2020-12,0,Week 0,desktop,google,cpc,<Other>,Vietnam,22,22,100.0
2020-12-01,2020-12,0,Week 0,desktop,google,cpc,<Other>,China,50,50,100.0
2020-12-01,2020-12,0,Week 0,tablet,google,cpc,<Other>,Japan,2,2,100.0
2020-12-01,2020-12,0,Week 0,desktop,google,cpc,<Other>,Bangladesh,5,5,100.0
2020-12-01,2020-12,0,Week 0,desktop,google,cpc,<Other>,Egypt,7,7,100.0
2020-12-01,2020-12,0,Week 0,mobile,google,cpc,<Other>,Colombia,9,9,100.0
2020-12-01,2020-12,0,Week 0,mobile,google,cpc,<Other>,Argentina,12,12,100.0
2020-12-01,2020-12,0,Week 0,desktop,google,cpc,<Other>,Ukraine,12,12,100.0
2020-12-01,2020-12,0,Week 0,desktop,google,cpc,<Other>,El Salvador,1,1,100.0
2020-12-01,2020-12,0,Week 0,mobile,google,cpc,<Other>,South Korea,29,29,100.0
2020-12-01,2020-12,0,Week 0,tablet,google,cpc,<Other>,Hong Kong,2,2,100.0
2020-12-01,2020-12,0,Week 0,desktop,google,cpc,<Other>,Israel,10,10,100.0
2020-12-01,2020-12,0,Week 0,desktop,google,cpc,<Other>,Singapore,56,56,100.0
2020-12-01,2020-12,0,Week 0,desktop,google,cpc,<Other>,Slovakia,2,2,100.0
2020-12-01,2020-12,0,Week 0,desktop,google,cpc,<Other>,Russia,12,12,100.0
2020-12-01,2020-12,0,Week 0,mobile,google,cpc,<Other>,Venezuela,1,1,100.0
2020-12-01,2020-12,0,Week 0,desktop,google,cpc,<Other>,Brazil,28,28,100.0
2020-12-01,2020-12,0,Week 0,desktop,google,cpc,<Other>,Netherlands,34,34,100.0
2020-12-01,2020-12,0,Week 0,desktop,google,cpc,<Other>,Trinidad & Tobago,1,1,100.0
2020-12-01,2020-12,0,Week 0,desktop,google,cpc,<Other>,Kuwait,2,2,100.0
2020-12-01,2020-12,0,Week 0,desktop,google,cpc,<Other>,South Africa,3,3,100.0
2020-12-01,2020-12,0,Week 0,mobile,google,cpc,<Other>,Saudi Arabia,3,3,100.0
2020-12-01,2020-12,0,Week 0,mobile,google,cpc,<Other>,Peru,5,5,100.0
2020-12-01,2020-12,0,Week 0,desktop,google,cpc,<Other>,South Korea,41,41,100.0
2020-12-01,2020-12,0,Week 0,mobile,google,cpc,<Other>,Jordan,1,1,100.0
2020-12-01,2020-12,0,Week 0,desktop,google,cpc,<Other>,Iraq,2,2,100.0
2020-12-01,2020-12,0,Week 0,tablet,google,cpc,<Other>,Peru,2,2,100.0
2020-12-01,2020-12,0,Week 0,desktop,google,cpc,<Other>,Poland,26,26,100.0
2020-12-01,2020-12,0,Week 0,mobile,google,cpc,<Other>,Greece,7,7,100.0
2020-12-01,2020-12,0,Week 0,mobile,google,cpc,<Other>,Portugal,9,9,100.0
2020-12-01,2020-12,0,Week 0,tablet,google,cpc,<Other>,Canada,10,10,100.0
2020-12-01,2020-12,0,Week 0,desktop,google,cpc,<Other>,Tunisia,1,1,100.0
2020-12-01,2020-12,0,Week 0,mobile,google,cpc,<Other>,Chile,2,2,100.0
2020-12-01,2020-12,0,Week 0,tablet,google,cpc,<Other>,China,5,5,100.0
2020-12-01,2020-12,0,Week 0,mobile,google,cpc,<Other>,Belgium,7,7,100.0
2020-12-01,2020-12,0,Week 0,desktop,google,cpc,<Other>,Austria,8,8,100.0
2020-12-01,2020-12,0,Week 0,mobile,google,cpc,<Other>,Hong Kong,14,14,100.0
2020-12-01,2020-12,0,Week 0,mobile,google,cpc,<Other>,Poland,16,16,100.0
2020-12-01,2020-12,0,Week 0,mobile,google,cpc,<Other>,Myanmar (Burma),1,1,100.0
2020-12-01,2020-12,0,Week 0,mobile,google,cpc,<Other>,Morocco,3,3,100.0
2020-12-01,2020-12,0,Week 0,desktop,google,cpc,<Other>,Sri Lanka,6,6,100.0
2020-12-01,2020-12,0,Week 0,mobile,google,cpc,<Other>,Lebanon,1,1,100.0
2020-12-01,2020-12,0,Week 0,desktop,google,cpc,<Other>,Greece,11,11,100.0
2020-12-01,2020-12,0,Week 0,desktop,google,cpc,<Other>,Thailand,17,17,100.0
2020-12-01,2020-12,0,Week 0,tablet,google,cpc,<Other>,Taiwan,1,1,100.0
2020-12-01,2020-12,0,Week 0,tablet,google,cpc,<Other>,Malaysia,1,1,100.0
2020-12-01,2020-12,0,Week 0,mobile,google,cpc,<Other>,Hungary,3,3,100.0
2020-12-01,2020-12,0,Week 0,mobile,google,cpc,<Other>,Nigeria,4,4,100.0
2020-12-01,2020-12,0,Week 0,mobile,google,cpc,<Other>,Bangladesh,5,5,100.0
2020-12-01,2020-12,0,Week 0,mobile,google,cpc,<Other>,Vietnam,6,6,100.0
2020-12-01,2020-12,0,Week 0,mobile,google,cpc,<Other>,Belarus,1,1,100.0
2020-12-01,2020-12,0,Week 0,mobile,google,cpc,<Other>,Spain,41,41,100.0
2020-12-01,2020-12,0,Week 0,tablet,google,cpc,<Other>,Chile,1,1,100.0
2020-12-01,2020-12,0,Week 0,mobile,google,cpc,<Other>,Slovenia,4,4,100.0
2020-12-01,2020-12,0,Week 0,desktop,google,cpc,<Other>,Japan,30,30,100.0
2020-12-01,2020-12,0,Week 0,mobile,google,cpc,<Other>,Australia,17,17,100.0
2020-12-01,2020-12,0,Week 0,mobile,google,cpc,<Other>,United Arab Emirates,7,7,100.0
2020-12-01,2020-12,0,Week 0,mobile,google,cpc,<Other>,Israel,8,8,100.0
2020-12-01,2020-12,0,Week 0,desktop,google,cpc,<Other>,Pakistan,17,17,100.0
2020-12-01,2020-12,0,Week 0,tablet,google,cpc,<Other>,United Kingdom,4,4,100.0
2020-12-01,2020-12,0,Week 0,desktop,google,cpc,<Other>,Serbia,6,6,100.0
2020-12-01,2020-12,0,Week 0,desktop,google,cpc,<Other>,Dominican Republic,1,1,100.0
2020-12-01,2020-12,0,Week 0,desktop,google,cpc,<Other>,Latvia,3,3,100.0
2020-12-01,2020-12,0,Week 0,mobile,google,cpc,<Other>,Jamaica,2,2,100.0
2020-12-01,2020-12,0,Week 0,mobile,google,cpc,<Other>,Ukraine,5,5,100.0
2020-12-01,2020-12,0,Week 0,mobile,google,cpc,<Other>,Sweden,23,23,100.0
2020-12-01,2020-12,0,Week 0,mobile,google,cpc,<Other>,France,44,44,100.0
2020-12-01,2020-12,0,Week 0,mobile,google,cpc,<Other>,Austria,5,5,100.0
2020-12-01,2020-12,0,Week 0,desktop,google,cpc,<Other>,United Arab Emirates,9,9,100.0
2020-12-01,2020-12,0,Week 0,desktop,google,cpc,<Other>,Ecuador,2,2,100.0
2020-12-01,2020-12,0,Week 0,tablet,google,cpc,<Other>,France,3,3,100.0
2020-12-01,2020-12,0,Week 0,tablet,google,cpc,<Other>,India,12,12,100.0
2020-12-01,2020-12,0,Week 0,mobile,google,cpc,<Other>,(not set),19,19,100.0
2020-12-01,2020-12,0,Week 0,tablet,google,cpc,<Other>,Vietnam,2,2,100.0
2020-12-01,2020-12,0,Week 0,desktop,google,cpc,<Other>,Hungary,2,2,100.0
2020-12-01,2020-12,0,Week 0,mobile,google,cpc,<Other>,South Africa,5,5,100.0
2020-12-01,2020-12,0,Week 0,mobile,google,cpc,<Other>,El Salvador,1,1,100.0
2020-12-01,2020-12,0,Week 0,desktop,google,cpc,<Other>,Qatar,2,2,100.0
2020-12-01,2020-12,0,Week 0,mobile,google,cpc,<Other>,Denmark,6,6,100.0
2020-12-01,2020-12,0,Week 0,desktop,google,cpc,<Other>,Peru,13,13,100.0
2020-12-01,2020-12,0,Week 0,mobile,google,cpc,<Other>,Trinidad & Tobago,1,1,100.0
2020-12-01,2020-12,0,Week 0,desktop,google,cpc,<Other>,Belarus,2,2,100.0
2020-12-01,2020-12,0,Week 0,desktop,google,cpc,<Other>,Saudi Arabia,9,9,100.0
2020-12-01,2020-12,0,Week 0,tablet,google,cpc,<Other>,Greece,1,1,100.0
2020-12-01,2020-12,0,Week 0,desktop,google,cpc,<Other>,Ireland,19,19,100.0
2020-12-01,2020-12,0,Week 0,desktop,google,cpc,<Other>,Indonesia,27,27,100.0
2020-12-01,2020-12,0,Week 0,mobile,google,cpc,<Other>,Germany,44,44,100.0
2020-12-01,2020-12,0,Week 0,mobile,google,cpc,<Other>,Japan,27,27,100.0
2020-12-01,2020-12,0,Week 0,desktop,google,cpc,<Other>,Panama,2,2,100.0
2020-12-01,2020-12,0,Week 0,desktop,google,cpc,<Other>,Norway,5,5,100.0
2020-12-01,2020-12,0,Week 0,desktop,google,cpc,<Other>,Malta,1,1,100.0
2020-12-01,2020-12,0,Week 0,desktop,google,cpc,<Other>,Jordan,1,1,100.0
2020-12-01,2020-12,0,Week 0,desktop,google,cpc,<Other>,Taiwan,58,58,100.0
2020-12-01,2020-12,0,Week 0,mobile,google,cpc,<Other>,Cyprus,1,1,100.0
2020-12-01,2020-12,0,Week 0,mobile,google,cpc,<Other>,Cambodia,1,1,100.0
2020-12-01,2020-12,0,Week 0,desktop,google,cpc,<Other>,Turkey,27,27,100.0
2020-12-01,2020-12,0,Week 0,mobile,google,cpc,<Other>,India,190,190,100.0
2020-12-01,2020-12,0,Week 0,desktop,google,cpc,<Other>,Romania,9,9,100.0
2020-12-01,2020-12,0,Week 0,mobile,google,cpc,<Other>,Panama,2,2,100.0
2020-12-01,2020-12,0,Week 0,desktop,google,cpc,<Other>,Lithuania,3,3,100.0
2020-12-01,2020-12,0,Week 0,desktop,google,cpc,<Other>,Italy,47,47,100.0
2020-12-01,2020-12,0,Week 0,desktop,google,cpc,<Other>,United States,1365,1365,100.0
2020-12-01,2020-12,0,Week 0,desktop,google,cpc,<Other>,New Zealand,2,2,100.0
2020-12-01,2020-12,0,Week 0,desktop,google,cpc,<Other>,Australia,15,15,100.0
2020-12-01,2020-12,0,Week 0,mobile,google,cpc,<Other>,Canada,148,148,100.0
2020-12-01,2020-12,0,Week 0,desktop,google,cpc,<Other>,Georgia,1,1,100.0
2020-12-01,2020-12,0,Week 0,tablet,google,cpc,<Other>,Singapore,1,1,100.0
2020-12-01,2020-12,0,Week 0,desktop,google,cpc,<Other>,France,85,85,100.0
2020-12-01,2020-12,0,Week 0,mobile,google,cpc,<Other>,Thailand,8,8,100.0
2020-12-01,2020-12,0,Week 0,mobile,google,cpc,<Other>,United Kingdom,66,66,100.0
2020-12-01,2020-12,0,Week 0,desktop,google,cpc,<Other>,Mongolia,1,1,100.0
2020-12-01,2020-12,0,Week 0,desktop,google,cpc,<Other>,Estonia,2,2,100.0
2020-12-01,2020-12,0,Week 0,tablet,google,cpc,<Other>,Germany,2,2,100.0
2020-12-01,2020-12,0,Week 0,desktop,google,cpc,<Other>,Kenya,3,3,100.0
2020-12-01,2020-12,0,Week 0,desktop,google,cpc,<Other>,Malaysia,20,20,100.0
2020-12-01,2020-12,0,Week 0,tablet,google,cpc,<Other>,Sweden,1,1,100.0
2020-12-01,2020-12,0,Week 0,mobile,google,cpc,<Other>,Kosovo,3,3,100.0
2020-12-01,2020-12,0,Week 0,mobile,google,cpc,<Other>,Philippines,5,5,100.0
2020-12-01,2020-12,0,Week 0,desktop,google,cpc,<Other>,Switzerland,14,14,100.0
2020-12-01,2020-12,0,Week 0,mobile,google,cpc,<Other>,Egypt,2,2,100.0
2020-12-01,2020-12,0,Week 0,mobile,google,cpc,<Other>,Palestine,1,1,100.0
2020-12-01,2020-12,0,Week 0,mobile,google,cpc,<Other>,North Macedonia,2,2,100.0
2020-12-01,2020-12,0,Week 0,desktop,google,cpc,<Other>,Slovenia,3,3,100.0
2020-12-01,2020-12,0,Week 0,tablet,google,cpc,<Other>,Belgium,1,1,100.0
2020-12-01,2020-12,0,Week 0,desktop,google,cpc,<Other>,North Macedonia,1,1,100.0
2020-12-01,2020-12,0,Week 0,mobile,google,cpc,<Other>,Ghana,1,1,100.0
2020-12-01,2020-12,0,Week 0,desktop,google,cpc,<Other>,Hong Kong,20,20,100.0
2020-12-01,2020-12,0,Week 0,desktop,google,cpc,<Other>,Spain,49,49,100.0
2020-12-01,2020-12,0,Week 0,desktop,google,cpc,<Other>,Guatemala,1,1,100.0
2020-12-01,2020-12,0,Week 0,mobile,google,cpc,<Other>,New Zealand,1,1,100.0
2020-12-01,2020-12,0,Week 0,desktop,google,cpc,<Other>,Nepal,1,1,100.0
2020-12-01,2020-12,0,Week 0,tablet,google,cpc,<Other>,Australia,1,1,100.0
2020-12-01,2020-12,0,Week 0,mobile,google,cpc,<Other>,Algeria,2,2,100.0
2020-12-01,2020-12,0,Week 0,desktop,google,cpc,<Other>,Croatia,3,3,100.0
2020-12-01,2020-12,0,Week 0,mobile,google,cpc,<Other>,Serbia,1,1,100.0
2020-12-01,2020-12,0,Week 0,desktop,google,cpc,<Other>,Algeria,3,3,100.0
2020-12-01,2020-12,0,Week 0,tablet,google,cpc,<Other>,Romania,1,1,100.0
2020-12-01,2020-12,0,Week 0,desktop,google,cpc,<Other>,Chile,6,6,100.0
2020-12-01,2020-12,0,Week 0,desktop,google,cpc,<Other>,Czechia,9,9,100.0
2020-12-01,2020-12,0,Week 0,tablet,google,cpc,<Other>,Turkey,2,2,100.0
2020-12-01,2020-12,0,Week 0,desktop,google,cpc,<Other>,Sweden,9,9,100.0
2020-12-01,2020-12,0,Week 0,desktop,google,cpc,<Other>,Nigeria,2,2,100.0
2020-12-01,2020-12,0,Week 0,desktop,google,cpc,<Other>,(not set),32,32,100.0
2020-12-01,2020-12,0,Week 0,tablet,google,cpc,<Other>,Italy,2,2,100.0
2020-12-01,2020-12,0,Week 0,tablet,google,cpc,<Other>,Spain,4,4,100.0
2020-12-01,2020-12,0,Week 0,desktop,google,cpc,<Other>,Colombia,17,17,100.0
2020-12-01,2020-12,0,Week 0,desktop,google,cpc,<Other>,Albania,1,1,100.0
2020-12-01,2020-12,0,Week 0,desktop,google,cpc,<Other>,Honduras,1,1,100.0
2020-12-01,2020-12,0,Week 0,desktop,google,cpc,<Other>,Portugal,13,13,100.0
2020-12-01,2020-12,0,Week 0,desktop,google,cpc,<Other>,Finland,4,4,100.0
2020-12-01,2020-12,0,Week 0,desktop,google,cpc,<Other>,Belgium,15,15,100.0
2020-12-01,2020-12,0,Week 0,mobile,google,cpc,<Other>,Bulgaria,1,1,100.0
2020-12-01,2020-12,0,Week 0,mobile,google,cpc,<Other>,Italy,23,23,100.0
2020-12-01,2020-12,0,Week 0,mobile,google,cpc,<Other>,Mexico,24,24,100.0
2020-12-01,2020-12,0,Week 0,mobile,google,cpc,<Other>,Qatar,1,1,100.0
2020-12-01,2020-12,0,Week 0,mobile,google,cpc,<Other>,Nepal,2,2,100.0
2020-12-01,2020-12,0,Week 0,tablet,google,cpc,<Other>,Brazil,1,1,100.0
2020-12-01,2020-12,0,Week 0,tablet,google,cpc,<Other>,(not set),2,2,100.0
2020-12-01,2020-12,0,Week 0,mobile,google,cpc,<Other>,Bolivia,1,1,100.0
2020-12-01,2020-12,0,Week 0,mobile,google,cpc,<Other>,Tunisia,1,1,100.0
2020-12-01,2020-12,0,Week 0,desktop,google,cpc,<Other>,Philippines,18,18,100.0
2020-12-01,2020-12,0,Week 0,desktop,google,cpc,<Other>,Cyprus,2,2,100.0
2020-12-01,2020-12,0,Week 0,mobile,google,cpc,<Other>,Sri Lanka,9,9,100.0
2020-12-01,2020-12,0,Week 0,desktop,google,cpc,<Other>,India,281,281,100.0
2020-12-01,2020-12,0,Week 0,mobile,google,cpc,<Other>,Taiwan,41,41,100.0
2020-12-01,2020-12,0,Week 0,tablet,google,cpc,<Other>,Austria,1,1,100.0
2020-12-01,2020-12,0,Week 0,mobile,google,cpc,<Other>,Norway,4,4,100.0
2020-12-01,2020-12,0,Week 0,mobile,google,cpc,<Other>,China,34,34,100.0
2020-12-01,2020-12,0,Week 0,mobile,google,cpc,<Other>,United States,920,920,100.0
2020-12-01,2020-12,0,Week 0,mobile,google,cpc,<Other>,Indonesia,17,17,100.0
2020-12-01,2020-12,0,Week 0,mobile,google,cpc,<Other>,Malaysia,17,17,100.0
2020-12-01,2020-12,0,Week 0,desktop,google,cpc,<Other>,Kazakhstan,2,2,100.0
2020-12-01,2020-12,0,Week 0,mobile,google,cpc,<Other>,Slovakia,2,2,100.0
2020-12-01,2020-12,0,Week 0,desktop,google,cpc,<Other>,Puerto Rico,3,3,100.0
2020-12-01,2020-12,0,Week 0,mobile,google,cpc,<Other>,Brazil,34,34,100.0
2020-12-01,2020-12,0,Week 0,mobile,google,cpc,<Other>,Azerbaijan,2,2,100.0
2020-12-01,2020-12,0,Week 0,mobile,google,cpc,<Other>,Uruguay,1,1,100.0
2020-12-01,2020-12,0,Week 0,desktop,google,cpc,<Other>,Bolivia,1,1,100.0
2020-12-01,2020-12,0,Week 0,desktop,google,cpc,<Other>,Morocco,7,7,100.0
2020-12-01,2020-12,0,Week 0,mobile,google,cpc,<Other>,Costa Rica,2,2,100.0
2020-12-01,2020-12,0,Week 0,desktop,google,cpc,<Other>,Germany,50,50,100.0
2020-12-01,2020-12,0,Week 0,mobile,google,cpc,<Other>,Iraq,4,4,100.0
2020-12-01,2020-12,0,Week 0,mobile,google,cpc,<Other>,Romania,5,5,100.0
2020-12-01,2020-12,0,Week 0,mobile,google,cpc,<Other>,Switzerland,8,8,100.0
2020-12-01,2020-12,0,Week 0,mobile,google,cpc,<Other>,Pakistan,19,19,100.0
2020-12-01,2020-12,0,Week 0,desktop,google,cpc,<Other>,United Kingdom,105,105,100.0
2020-12-01,2020-12,0,Week 0,mobile,google,cpc,<Other>,Ecuador,2,2,100.0
2020-12-01,2020-12,0,Week 0,desktop,google,cpc,<Other>,Mexico,26,26,100.0
2020-12-01,2020-12,0,Week 0,desktop,google,cpc,<Other>,Azerbaijan,1,1,100.0
2020-12-01,2020-12,0,Week 0,desktop,google,cpc,<Other>,Bulgaria,6,6,100.0
2020-12-01,2020-12,0,Week 0,mobile,google,cpc,<Other>,Turkey,25,25,100.0
2020-12-01,2020-12,0,Week 0,desktop,google,cpc,<Other>,Canada,265,265,100.0
2020-12-01,2020-12,0,Week 0,mobile,google,cpc,<Other>,Kuwait,1,1,100.0
2020-12-01,2020-12,0,Week 0,mobile,google,cpc,<Other>,Iceland,2,2,100.0
2020-12-01,2020-12,0,Week 0,desktop,google,cpc,<Other>,Palestine,4,4,100.0
2020-12-01,2020-12,0,Week 0,tablet,google,cpc,<Other>,United States,60,60,100.0
2020-12-01,2020-12,0,Week 0,mobile,google,cpc,<Other>,Netherlands,21,21,100.0
2020-12-01,2020-12,0,Week 0,mobile,google,cpc,<Other>,Finland,10,10,100.0
2020-12-01,2020-12,0,Week 0,desktop,google,cpc,<Other>,Argentina,10,10,100.0
2020-12-01,2020-12,0,Week 0,desktop,google,cpc,<Other>,Denmark,13,13,100.0
2020-12-01,2020-12,0,Week 0,mobile,google,cpc,<Other>,Singapore,38,38,100.0
2020-12-01,2020-12,0,Week 0,tablet,google,cpc,<Other>,Czechia,1,1,100.0
2020-12-01,2020-12,0,Week 0,desktop,google,cpc,<Other>,Myanmar (Burma),2,2,100.0
2020-12-01,2020-12,0,Week 0,mobile,google,cpc,<Other>,Croatia,4,4,100.0
2020-12-01,2020-12,0,Week 0,mobile,google,cpc,<Other>,Kazakhstan,2,2,100.0
2020-12-01,2020-12,0,Week 0,tablet,google,cpc,<Other>,Netherlands,3,3,100.0
2020-12-01,2020-12,0,Week 0,tablet,google,cpc,<Other>,South Korea,1,1,100.0
2020-12-01,2020-12,0,Week 0,mobile,google,cpc,<Other>,Ireland,8,8,100.0
2020-12-01,2020-12,0,Week 0,mobile,google,cpc,<Other>,Czechia,8,8,100.0
2020-12-01,2020-12,0,Week 0,mobile,google,cpc,<Other>,Russia,11,11,100.0
2020-12-01,2020-12,1,Week 1,desktop,google,cpc,<Other>,Netherlands,34,3,8.82
2020-12-01,2020-12,1,Week 1,desktop,google,cpc,<Other>,Canada,265,10,3.77
2020-12-01,2020-12,1,Week 1,desktop,google,cpc,<Other>,Italy,47,2,4.26
2020-12-01,2020-12,1,Week 1,mobile,google,cpc,<Other>,Jamaica,2,1,50.0
2020-12-01,2020-12,1,Week 1,desktop,google,cpc,<Other>,Brazil,28,2,7.14
2020-12-01,2020-12,1,Week 1,mobile,google,cpc,<Other>,Malaysia,17,1,5.88
2020-12-01,2020-12,1,Week 1,desktop,google,cpc,<Other>,Pakistan,17,2,11.76
2020-12-01,2020-12,1,Week 1,desktop,google,cpc,<Other>,Mexico,26,1,3.85
2020-12-01,2020-12,1,Week 1,desktop,google,cpc,<Other>,Philippines,18,1,5.56
2020-12-01,2020-12,1,Week 1,desktop,google,cpc,<Other>,India,281,9,3.2
2020-12-01,2020-12,1,Week 1,mobile,google,cpc,<Other>,Morocco,3,1,33.33
2020-12-01,2020-12,1,Week 1,mobile,google,cpc,<Other>,Canada,148,8,5.41
2020-12-01,2020-12,1,Week 1,desktop,google,cpc,<Other>,Turkey,27,2,7.41
2020-12-01,2020-12,1,Week 1,mobile,google,cpc,<Other>,Finland,10,2,20.0
2020-12-01,2020-12,1,Week 1,mobile,google,cpc,<Other>,Hong Kong,14,1,7.14
2020-12-01,2020-12,1,Week 1,mobile,google,cpc,<Other>,India,190,8,4.21
2020-12-01,2020-12,1,Week 1,desktop,google,cpc,<Other>,Taiwan,58,1,1.72
2020-12-01,2020-12,1,Week 1,desktop,google,cpc,<Other>,United States,1365,45,3.3
2020-12-01,2020-12,1,Week 1,desktop,google,cpc,<Other>,(not set),32,2,6.25
2020-12-01,2020-12,1,Week 1,mobile,google,cpc,<Other>,Brazil,34,1,2.94
2020-12-01,2020-12,1,Week 1,mobile,google,cpc,<Other>,Greece,7,1,14.29
2020-12-01,2020-12,1,Week 1,desktop,google,cpc,<Other>,Peru,13,1,7.69
2020-12-01,2020-12,1,Week 1,desktop,google,cpc,<Other>,Greece,11,1,9.09
2020-12-01,2020-12,1,Week 1,desktop,google,cpc,<Other>,Portugal,13,2,15.38
2020-12-01,2020-12,1,Week 1,desktop,google,cpc,<Other>,United Kingdom,105,2,1.9
2020-12-01,2020-12,1,Week 1,mobile,google,cpc,<Other>,United Arab Emirates,7,1,14.29
2020-12-01,2020-12,1,Week 1,desktop,google,cpc,<Other>,Japan,30,1,3.33
2020-12-01,2020-12,1,Week 1,mobile,google,cpc,<Other>,Colombia,9,2,22.22
2020-12-01,2020-12,1,Week 1,mobile,google,cpc,<Other>,Turkey,25,2,8.0
2020-12-01,2020-12,1,Week 1,mobile,google,cpc,<Other>,China,34,3,8.82
2020-12-01,2020-12,1,Week 1,mobile,google,cpc,<Other>,Hungary,3,1,33.33
2020-12-01,2020-12,1,Week 1,desktop,google,cpc,<Other>,Israel,10,1,10.0
2020-12-01,2020-12,1,Week 1,mobile,google,cpc,<Other>,Germany,44,1,2.27
2020-12-01,2020-12,1,Week 1,mobile,google,cpc,<Other>,France,44,2,4.55
2020-12-01,2020-12,1,Week 1,mobile,google,cpc,<Other>,Pakistan,19,2,10.53
2020-12-01,2020-12,1,Week 1,mobile,google,cpc,<Other>,Indonesia,17,1,5.88
2020-12-01,2020-12,1,Week 1,tablet,google,cpc,<Other>,United States,60,1,1.67
2020-12-01,2020-12,1,Week 1,mobile,google,cpc,<Other>,Italy,23,1,4.35
2020-12-01,2020-12,1,Week 1,desktop,google,cpc,<Other>,Spain,49,4,8.16
2020-12-01,2020-12,1,Week 1,mobile,google,cpc,<Other>,United Kingdom,66,2,3.03
2020-12-01,2020-12,1,Week 1,mobile,google,cpc,<Other>,United States,920,25,2.72
2020-12-01,2020-12,1,Week 1,desktop,google,cpc,<Other>,China,50,2,4.0
2020-12-01,2020-12,1,Week 1,mobile,google,cpc,<Other>,Bolivia,1,1,100.0
2020-12-01,2020-12,1,Week 1,mobile,google,cpc,<Other>,Poland,16,1,6.25
2020-12-01,2020-12,1,Week 1,desktop,google,cpc,<Other>,Indonesia,27,2,7.41
2020-12-01,2020-12,1,Week 1,desktop,google,cpc,<Other>,Singapore,56,1,1.79
2020-12-01,2020-12,1,Week 1,desktop,google,cpc,<Other>,Bulgaria,6,1,16.67
2020-12-01,2020-12,1,Week 1,tablet,google,cpc,<Other>,Brazil,1,1,100.0
2020-12-01,2020-12,1,Week 1,desktop,google,cpc,<Other>,Norway,5,1,20.0
2020-12-01,2020-12,1,Week 1,mobile,google,cpc,<Other>,Vietnam,6,1,16.67
2020-12-01,2020-12,1,Week 1,mobile,google,cpc,<Other>,Netherlands,21,1,4.76
2020-12-01,2020-12,2,Week 2,desktop,google,cpc,<Other>,Portugal,13,1,7.69
2020-12-01,2020-12,2,Week 2,mobile,google,cpc,<Other>,India,190,1,0.53
2020-12-01,2020-12,2,Week 2,mobile,google,cpc,<Other>,Spain,41,1,2.44
2020-12-01,2020-12,2,Week 2,desktop,google,cpc,<Other>,China,50,1,2.0
2020-12-01,2020-12,2,Week 2,desktop,google,cpc,<Other>,Taiwan,58,1,1.72
2020-12-01,2020-12,2,Week 2,desktop,google,cpc,<Other>,Canada,265,5,1.89
2020-12-01,2020-12,2,Week 2,desktop,google,cpc,<Other>,Brazil,28,1,3.57
2020-12-01,2020-12,2,Week 2,desktop,google,cpc,<Other>,Philippines,18,2,11.11
2020-12-01,2020-12,2,Week 2,mobile,google,cpc,<Other>,Poland,16,1,6.25
2020-12-01,2020-12,2,Week 2,desktop,google,cpc,<Other>,Spain,49,2,4.08
2020-12-01,2020-12,2,Week 2,mobile,google,cpc,<Other>,Turkey,25,2,8.0
2020-12-01,2020-12,2,Week 2,mobile,google,cpc,<Other>,Taiwan,41,1,2.44
2020-12-01,2020-12,2,Week 2,desktop,google,cpc,<Other>,Netherlands,34,1,2.94
2020-12-01,2020-12,2,Week 2,mobile,google,cpc,<Other>,Finland,10,2,20.0
2020-12-01,2020-12,2,Week 2,desktop,google,cpc,<Other>,Germany,50,1,2.0
2020-12-01,2020-12,2,Week 2,mobile,google,cpc,<Other>,Czechia,8,1,12.5
2020-12-01,2020-12,2,Week 2,desktop,google,cpc,<Other>,United States,1365,16,1.17
2020-12-01,2020-12,2,Week 2,desktop,google,cpc,<Other>,Singapore,56,1,1.79
2020-12-01,2020-12,2,Week 2,desktop,google,cpc,<Other>,Latvia,3,1,33.33
2020-12-01,2020-12,2,Week 2,tablet,google,cpc,<Other>,Canada,10,1,10.0
2020-12-01,2020-12,2,Week 2,mobile,google,cpc,<Other>,Kosovo,3,1,33.33
2020-12-01,2020-12,2,Week 2,desktop,google,cpc,<Other>,Iraq,2,1,50.0
2020-12-01,2020-12,2,Week 2,desktop,google,cpc,<Other>,France,85,1,1.18
2020-12-01,2020-12,2,Week 2,mobile,google,cpc,<Other>,Belgium,7,1,14.29
2020-12-01,2020-12,2,Week 2,mobile,google,cpc,<Other>,United Kingdom,66,1,1.52
2020-12-01,2020-12,2,Week 2,desktop,google,cpc,<Other>,South Korea,41,1,2.44
2020-12-01,2020-12,2,Week 2,desktop,google,cpc,<Other>,Italy,47,1,2.13
2020-12-01,2020-12,2,Week 2,mobile,google,cpc,<Other>,Switzerland,8,1,12.5
2020-12-01,2020-12,2,Week 2,mobile,google,cpc,<Other>,United States,920,12,1.3
2020-12-01,2020-12,2,Week 2,mobile,google,cpc,<Other>,Canada,148,3,2.03
2020-12-01,2020-12,2,Week 2,mobile,google,cpc,<Other>,Hungary,3,1,33.33
2020-12-01,2020-12,2,Week 2,desktop,google,cpc,<Other>,Croatia,3,1,33.33
2020-12-01,2020-12,2,Week 2,desktop,google,cpc,<Other>,India,281,4,1.42
2020-12-01,2020-12,2,Week 2,desktop,google,cpc,<Other>,Peru,13,1,7.69
2020-12-01,2020-12,3,Week 3,mobile,google,cpc,<Other>,(not set),19,1,5.26
2020-12-01,2020-12,3,Week 3,desktop,google,cpc,<Other>,South Korea,41,1,2.44
2020-12-01,2020-12,3,Week 3,desktop,google,cpc,<Other>,Qatar,2,1,50.0
2020-12-01,2020-12,3,Week 3,desktop,google,cpc,<Other>,Saudi Arabia,9,1,11.11
2020-12-01,2020-12,3,Week 3,mobile,google,cpc,<Other>,Poland,16,1,6.25
2020-12-01,2020-12,3,Week 3,desktop,google,cpc,<Other>,United Kingdom,105,1,0.95
2020-12-01,2020-12,3,Week 3,mobile,google,cpc,<Other>,Ireland,8,1,12.5
2020-12-01,2020-12,3,Week 3,mobile,google,cpc,<Other>,Canada,148,1,0.68
2020-12-01,2020-12,3,Week 3,desktop,google,cpc,<Other>,Vietnam,22,1,4.55
2020-12-01,2020-12,3,Week 3,desktop,google,cpc,<Other>,Thailand,17,1,5.88
2020-12-01,2020-12,3,Week 3,desktop,google,cpc,<Other>,Taiwan,58,1,1.72
2020-12-01,2020-12,3,Week 3,desktop,google,cpc,<Other>,France,85,2,2.35
2020-12-01,2020-12,3,Week 3,mobile,google,cpc,<Other>,Singapore,38,1,2.63
2020-12-01,2020-12,3,Week 3,desktop,google,cpc,<Other>,Canada,265,2,0.75
2020-12-01,2020-12,3,Week 3,mobile,google,cpc,<Other>,United States,920,11,1.2
2020-12-01,2020-12,3,Week 3,desktop,google,cpc,<Other>,United States,1365,10,0.73
2020-12-01,2020-12,3,Week 3,mobile,google,cpc,<Other>,Colombia,9,1,11.11
2020-12-01,2020-12,3,Week 3,desktop,google,cpc,<Other>,Philippines,18,1,5.56
2020-12-01,2020-12,3,Week 3,desktop,google,cpc,<Other>,Netherlands,34,2,5.88
2020-12-01,2020-12,3,Week 3,desktop,google,cpc,<Other>,Spain,49,1,2.04
2020-12-01,2020-12,3,Week 3,desktop,google,cpc,<Other>,Ireland,19,2,10.53
2020-12-01,2020-12,3,Week 3,desktop,google,cpc,<Other>,Peru,13,1,7.69
2020-12-01,2020-12,3,Week 3,mobile,google,cpc,<Other>,India,190,2,1.05
2020-12-01,2020-12,3,Week 3,desktop,google,cpc,<Other>,Denmark,13,2,15.38
2020-12-01,2020-12,3,Week 3,tablet,google,cpc,<Other>,Greece,1,1,100.0
2020-12-01,2020-12,3,Week 3,mobile,google,cpc,<Other>,South Korea,29,1,3.45
2020-12-01,2020-12,3,Week 3,mobile,google,cpc,<Other>,United Kingdom,66,1,1.52
2020-12-01,2020-12,3,Week 3,mobile,google,cpc,<Other>,Kosovo,3,1,33.33
2020-12-01,2020-12,4,Week 4,desktop,google,cpc,<Other>,France,85,1,1.18
2020-12-01,2020-12,4,Week 4,desktop,google,cpc,<Other>,Singapore,56,1,1.79
2020-12-01,2020-12,4,Week 4,desktop,google,cpc,<Other>,Indonesia,27,1,3.7
2020-12-01,2020-12,4,Week 4,mobile,google,cpc,<Other>,Switzerland,8,1,12.5
2020-12-01,2020-12,4,Week 4,desktop,google,cpc,<Other>,United States,1365,6,0.44
2020-12-01,2020-12,4,Week 4,tablet,google,cpc,<Other>,Greece,1,1,100.0
2020-12-01,2020-12,4,Week 4,desktop,google,cpc,<Other>,Peru,13,1,7.69
2020-12-01,2020-12,4,Week 4,tablet,google,cpc,<Other>,Vietnam,2,1,50.0
2020-12-01,2020-12,4,Week 4,mobile,google,cpc,<Other>,China,34,1,2.94
2020-12-01,2020-12,4,Week 4,desktop,google,cpc,<Other>,South Korea,41,1,2.44
2020-12-01,2020-12,4,Week 4,mobile,google,cpc,<Other>,United States,920,7,0.76
2020-12-01,2020-12,4,Week 4,tablet,google,cpc,<Other>,United States,60,1,1.67
2020-12-01,2020-12,4,Week 4,mobile,google,cpc,<Other>,Brazil,34,1,2.94
2020-12-01,2020-12,4,Week 4,desktop,google,cpc,<Other>,United Kingdom,105,1,0.95
2020-12-01,2020-12,4,Week 4,desktop,google,cpc,<Other>,Spain,49,1,2.04
2020-12-01,2020-12,4,Week 4,desktop,google,cpc,<Other>,Denmark,13,1,7.69
2020-12-01,2020-12,4,Week 4,desktop,google,cpc,<Other>,Portugal,13,1,7.69
2020-12-01,2020-12,4,Week 4,desktop,google,cpc,<Other>,Canada,265,1,0.38
2020-12-01,2020-12,4,Week 4,mobile,google,cpc,<Other>,United Kingdom,66,2,3.03
2020-12-01,2020-12,4,Week 4,desktop,google,cpc,<Other>,India,281,6,2.14
2020-12-01,2020-12,4,Week 4,mobile,google,cpc,<Other>,Kosovo,3,1,33.33
2020-12-01,2020-12,5,Week 5,mobile,google,cpc,<Other>,United States,920,5,0.54
2020-12-01,2020-12,5,Week 5,desktop,google,cpc,<Other>,Canada,265,1,0.38
2020-12-01,2020-12,5,Week 5,mobile,google,cpc,<Other>,Finland,10,1,10.0
2020-12-01,2020-12,5,Week 5,desktop,google,cpc,<Other>,India,281,1,0.36
2020-12-01,2020-12,5,Week 5,desktop,google,cpc,<Other>,Australia,15,1,6.67
2020-12-01,2020-12,5,Week 5,mobile,google,cpc,<Other>,Canada,148,1,0.68
2020-12-01,2020-12,5,Week 5,mobile,google,cpc,<Other>,China,34,2,5.88
2020-12-01,2020-12,5,Week 5,desktop,google,cpc,<Other>,Italy,47,1,2.13
2020-12-01,2020-12,5,Week 5,desktop,google,cpc,<Other>,United States,1365,7,0.51
2020-12-01,2020-12,5,Week 5,desktop,google,cpc,<Other>,Mexico,26,1,3.85
2020-12-01,2020-12,5,Week 5,desktop,google,cpc,<Other>,Spain,49,1,2.04
2020-12-01,2020-12,5,Week 5,desktop,google,cpc,<Other>,Colombia,17,1,5.88
2020-12-01,2020-12,5,Week 5,mobile,google,cpc,<Other>,Russia,11,1,9.09
2020-12-01,2020-12,5,Week 5,mobile,google,cpc,<Other>,India,190,1,0.53
2020-12-01,2020-12,5,Week 5,desktop,google,cpc,<Other>,France,85,1,1.18
2020-12-01,2020-12,5,Week 5,mobile,google,cpc,<Other>,United Kingdom,66,1,1.52
2020-12-01,2020-12,6,Week 6,mobile,google,cpc,<Other>,India,190,1,0.53
2020-12-01,2020-12,6,Week 6,mobile,google,cpc,<Other>,Turkey,25,1,4.0
2020-12-01,2020-12,6,Week 6,mobile,google,cpc,<Other>,Canada,148,1,0.68
2020-12-01,2020-12,6,Week 6,desktop,google,cpc,<Other>,United States,1365,2,0.15
2020-12-01,2020-12,6,Week 6,mobile,google,cpc,<Other>,United States,920,2,0.22
2020-12-01,2020-12,6,Week 6,mobile,google,cpc,<Other>,United Kingdom,66,1,1.52
2020-12-01,2020-12,6,Week 6,desktop,google,cpc,<Other>,United Kingdom,105,1,0.95
2020-12-01,2020-12,7,Week 7,desktop,google,cpc,<Other>,Colombia,17,1,5.88
2020-12-01,2020-12,7,Week 7,desktop,google,cpc,<Other>,India,281,1,0.36
2020-12-01,2020-12,7,Week 7,desktop,google,cpc,<Other>,Peru,13,1,7.69
2020-12-01,2020-12,7,Week 7,desktop,google,cpc,<Other>,Canada,265,1,0.38
2020-12-01,2020-12,7,Week 7,desktop,google,cpc,<Other>,Denmark,13,1,7.69
2020-12-01,2020-12,7,Week 7,desktop,google,cpc,<Other>,United States,1365,6,0.44
2020-12-01,2020-12,8,Week 8,desktop,google,cpc,<Other>,Canada,265,1,0.38
2020-12-01,2020-12,8,Week 8,desktop,google,cpc,<Other>,United States,1365,1,0.07
2020-12-01,2020-12,8,Week 8,desktop,google,cpc,<Other>,Malaysia,20,1,5.0
2020-12-01,2020-12,8,Week 8,desktop,google,cpc,<Other>,Netherlands,34,1,2.94
2020-12-01,2020-12,0,Week 0,tablet,<Other>,organic,(organic),Colombia,1,1,100.0
2020-12-01,2020-12,0,Week 0,mobile,<Other>,organic,(organic),Croatia,2,2,100.0
2020-12-01,2020-12,0,Week 0,desktop,google,organic,(organic),Nigeria,29,29,100.0
2020-12-01,2020-12,0,Week 0,mobile,<Other>,organic,(organic),Slovenia,1,1,100.0
2020-12-01,2020-12,0,Week 0,desktop,<Other>,organic,(organic),Poland,12,12,100.0
2020-12-01,2020-12,0,Week 0,desktop,google,organic,(organic),Uruguay,12,12,100.0
2020-12-01,2020-12,0,Week 0,tablet,google,organic,(organic),Egypt,1,1,100.0
2020-12-01,2020-12,0,Week 0,tablet,google,organic,(organic),North Macedonia,1,1,100.0
2020-12-01,2020-12,0,Week 0,desktop,<Other>,organic,(organic),Jordan,1,1,100.0
2020-12-01,2020-12,0,Week 0,mobile,<Other>,organic,(organic),Chile,1,1,100.0
2020-12-01,2020-12,0,Week 0,tablet,google,organic,(organic),Brazil,3,3,100.0
2020-12-01,2020-12,0,Week 0,mobile,google,organic,(organic),Estonia,4,4,100.0
2020-12-01,2020-12,0,Week 0,mobile,google,organic,(organic),Jamaica,4,4,100.0
2020-12-01,2020-12,0,Week 0,desktop,<Other>,organic,(organic),Czechia,9,9,100.0
2020-12-01,2020-12,0,Week 0,mobile,<Other>,organic,(organic),Philippines,11,11,100.0
2020-12-01,2020-12,0,Week 0,desktop,google,organic,(organic),Colombia,88,88,100.0
2020-12-01,2020-12,0,Week 0,mobile,<Other>,organic,(organic),Bangladesh,2,2,100.0
2020-12-01,2020-12,0,Week 0,mobile,<Other>,organic,(organic),Pakistan,8,8,100.0
2020-12-01,2020-12,0,Week 0,tablet,google,organic,(organic),India,67,67,100.0
2020-12-01,2020-12,0,Week 0,mobile,<Other>,organic,(organic),Ecuador,2,2,100.0
2020-12-01,2020-12,0,Week 0,mobile,google,organic,(organic),Uruguay,4,4,100.0
2020-12-01,2020-12,0,Week 0,desktop,google,organic,(organic),Cambodia,4,4,100.0
2020-12-01,2020-12,0,Week 0,desktop,<Other>,organic,(organic),Vietnam,8,8,100.0
2020-12-01,2020-12,0,Week 0,tablet,google,organic,(organic),Australia,8,8,100.0
2020-12-01,2020-12,0,Week 0,mobile,google,organic,(organic),Greece,47,47,100.0
2020-12-01,2020-12,0,Week 0,tablet,google,organic,(organic),Morocco,1,1,100.0
2020-12-01,2020-12,0,Week 0,desktop,<Other>,organic,(organic),Dominican Republic,1,1,100.0
2020-12-01,2020-12,0,Week 0,desktop,<Other>,organic,(organic),Finland,4,4,100.0
2020-12-01,2020-12,0,Week 0,mobile,google,organic,(organic),Indonesia,140,140,100.0
2020-12-01,2020-12,0,Week 0,mobile,<Other>,organic,(organic),Brazil,13,13,100.0
2020-12-01,2020-12,0,Week 0,mobile,<Other>,organic,(organic),Netherlands,18,18,100.0
2020-12-01,2020-12,0,Week 0,mobile,google,organic,(organic),Philippines,59,59,100.0
2020-12-01,2020-12,0,Week 0,mobile,<Other>,organic,(organic),India,123,123,100.0
2020-12-01,2020-12,0,Week 0,mobile,google,organic,(organic),United States,5977,5977,100.0
2020-12-01,2020-12,0,Week 0,tablet,<Other>,organic,(organic),France,2,2,100.0
2020-12-01,2020-12,0,Week 0,desktop,google,organic,(organic),Lebanon,6,6,100.0
2020-12-01,2020-12,0,Week 0,tablet,<Other>,organic,(organic),China,1,1,100.0
2020-12-01,2020-12,0,Week 0,mobile,<Other>,organic,(organic),Guatemala,1,1,100.0
2020-12-01,2020-12,0,Week 0,desktop,<Other>,organic,(organic),Ecuador,2,2,100.0
2020-12-01,2020-12,0,Week 0,desktop,google,organic,(organic),Denmark,51,51,100.0
2020-12-01,2020-12,0,Week 0,desktop,google,organic,(organic),Philippines,104,104,100.0
2020-12-01,2020-12,0,Week 0,tablet,google,organic,(organic),Iceland,1,1,100.0
2020-12-01,2020-12,0,Week 0,mobile,<Other>,organic,(organic),Tunisia,1,1,100.0
2020-12-01,2020-12,0,Week 0,desktop,<Other>,organic,(organic),Luxembourg,2,2,100.0
2020-12-01,2020-12,0,Week 0,desktop,google,organic,(organic),Paraguay,5,5,100.0
2020-12-01,2020-12,0,Week 0,mobile,<Other>,organic,(organic),Germany,23,23,100.0
2020-12-01,2020-12,0,Week 0,desktop,google,organic,(organic),New Zealand,26,26,100.0
2020-12-01,2020-12,0,Week 0,mobile,<Other>,organic,(organic),Costa Rica,2,2,100.0
2020-12-01,2020-12,0,Week 0,mobile,google,organic,(organic),Belgium,65,65,100.0
2020-12-01,2020-12,0,Week 0,tablet,google,organic,(organic),Colombia,4,4,100.0
2020-12-01,2020-12,0,Week 0,mobile,google,organic,(organic),Mongolia,5,5,100.0
2020-12-01,2020-12,0,Week 0,mobile,google,organic,(organic),El Salvador,6,6,100.0
2020-12-01,2020-12,0,Week 0,mobile,google,organic,(organic),Peru,66,66,100.0
2020-12-01,2020-12,0,Week 0,desktop,google,organic,(organic),Australia,194,194,100.0
2020-12-01,2020-12,0,Week 0,desktop,<Other>,organic,(organic),Morocco,5,5,100.0
2020-12-01,2020-12,0,Week 0,mobile,<Other>,organic,(organic),United States,527,527,100.0
2020-12-01,2020-12,0,Week 0,tablet,google,organic,(organic),Uruguay,1,1,100.0
2020-12-01,2020-12,0,Week 0,tablet,<Other>,organic,(organic),Netherlands,2,2,100.0
2020-12-01,2020-12,0,Week 0,mobile,google,organic,(organic),Finland,23,23,100.0
2020-12-01,2020-12,0,Week 0,mobile,<Other>,organic,(organic),United Kingdom,28,28,100.0
2020-12-01,2020-12,0,Week 0,desktop,<Other>,organic,(organic),United Kingdom,55,55,100.0
2020-12-01,2020-12,0,Week 0,mobile,google,organic,(organic),Pakistan,56,56,100.0
2020-12-01,2020-12,0,Week 0,desktop,google,organic,(organic),Qatar,3,3,100.0
2020-12-01,2020-12,0,Week 0,tablet,google,organic,(organic),Argentina,4,4,100.0
2020-12-01,2020-12,0,Week 0,mobile,<Other>,organic,(organic),Russia,5,5,100.0
2020-12-01,2020-12,0,Week 0,mobile,google,organic,(organic),Armenia,2,2,100.0
2020-12-01,2020-12,0,Week 0,tablet,google,organic,(organic),Austria,3,3,100.0
2020-12-01,2020-12,0,Week 0,mobile,google,organic,(organic),Oman,4,4,100.0
2020-12-01,2020-12,0,Week 0,tablet,google,organic,(organic),Turkey,13,13,100.0
2020-12-01,2020-12,0,Week 0,desktop,<Other>,organic,(organic),Russia,14,14,100.0
2020-12-01,2020-12,0,Week 0,mobile,google,organic,(organic),Nigeria,18,18,100.0
2020-12-01,2020-12,0,Week 0,mobile,google,organic,(organic),Croatia,19,19,100.0
2020-12-01,2020-12,0,Week 0,desktop,google,organic,(organic),Peru,92,92,100.0
2020-12-01,2020-12,0,Week 0,tablet,google,organic,(organic),Nepal,1,1,100.0
2020-12-01,2020-12,0,Week 0,desktop,<Other>,organic,(organic),Serbia,2,2,100.0
2020-12-01,2020-12,0,Week 0,mobile,<Other>,organic,(organic),(not set),10,10,100.0
2020-12-01,2020-12,0,Week 0,mobile,google,organic,(organic),Portugal,51,51,100.0
2020-12-01,2020-12,0,Week 0,desktop,<Other>,organic,(organic),United States,843,843,100.0
2020-12-01,2020-12,0,Week 0,mobile,<Other>,organic,(organic),Israel,8,8,100.0
2020-12-01,2020-12,0,Week 0,mobile,<Other>,organic,(organic),Australia,8,8,100.0
2020-12-01,2020-12,0,Week 0,mobile,google,organic,(organic),Ukraine,44,44,100.0
2020-12-01,2020-12,0,Week 0,desktop,<Other>,organic,(organic),Algeria,1,1,100.0
2020-12-01,2020-12,0,Week 0,tablet,google,organic,(organic),Ukraine,1,1,100.0
2020-12-01,2020-12,0,Week 0,desktop,google,organic,(organic),Armenia,2,2,100.0
2020-12-01,2020-12,0,Week 0,mobile,<Other>,organic,(organic),Jamaica,2,2,100.0
2020-12-01,2020-12,0,Week 0,desktop,<Other>,organic,(organic),Austria,4,4,100.0
2020-12-01,2020-12,0,Week 0,desktop,<Other>,organic,(organic),Denmark,7,7,100.0
2020-12-01,2020-12,0,Week 0,mobile,google,organic,(organic),South Africa,21,21,100.0
2020-12-01,2020-12,0,Week 0,mobile,<Other>,organic,(organic),Iceland,1,1,100.0
2020-12-01,2020-12,0,Week 0,tablet,google,organic,(organic),Latvia,1,1,100.0
2020-12-01,2020-12,0,Week 0,tablet,google,organic,(organic),Hong Kong,4,4,100.0
2020-12-01,2020-12,0,Week 0,desktop,google,organic,(organic),Nepal,10,10,100.0
2020-12-01,2020-12,0,Week 0,mobile,google,organic,(organic),Japan,172,172,100.0
2020-12-01,2020-12,0,Week 0,desktop,google,organic,(organic),South Korea,290,290,100.0
2020-12-01,2020-12,0,Week 0,mobile,<Other>,organic,(organic),Puerto Rico,1,1,100.0
2020-12-01,2020-12,0,Week 0,tablet,<Other>,organic,(organic),Mexico,1,1,100.0
2020-12-01,2020-12,0,Week 0,tablet,google,organic,(organic),Bulgaria,1,1,100.0
2020-12-01,2020-12,0,Week 0,mobile,<Other>,organic,(organic),Thailand,8,8,100.0
2020-12-01,2020-12,0,Week 0,mobile,google,organic,(organic),Romania,29,29,100.0
2020-12-01,2020-12,0,Week 0,mobile,<Other>,organic,(organic),Azerbaijan,1,1,100.0
2020-12-01,2020-12,0,Week 0,desktop,google,organic,(organic),Malta,8,8,100.0
2020-12-01,2020-12,0,Week 0,desktop,google,organic,(organic),Puerto Rico,12,12,100.0
2020-12-01,2020-12,0,Week 0,desktop,google,organic,(organic),South Africa,30,30,100.0
2020-12-01,2020-12,0,Week 0,mobile,google,organic,(organic),Australia,112,112,100.0
2020-12-01,2020-12,0,Week 0,desktop,<Other>,organic,(organic),Sri Lanka,1,1,100.0
2020-12-01,2020-12,0,Week 0,mobile,<Other>,organic,(organic),Lithuania,1,1,100.0
2020-12-01,2020-12,0,Week 0,mobile,<Other>,organic,(organic),France,31,31,100.0
2020-12-01,2020-12,0,Week 0,tablet,google,organic,(organic),United Kingdom,34,34,100.0
2020-12-01,2020-12,0,Week 0,desktop,google,organic,(organic),Pakistan,90,90,100.0
2020-12-01,2020-12,0,Week 0,desktop,google,organic,(organic),Spain,358,358,100.0
2020-12-01,2020-12,0,Week 0,mobile,<Other>,organic,(organic),Finland,2,2,100.0
2020-12-01,2020-12,0,Week 0,mobile,google,organic,(organic),Argentina,32,32,100.0
2020-12-01,2020-12,0,Week 0,mobile,google,organic,(organic),Bahamas,1,1,100.0
2020-12-01,2020-12,0,Week 0,tablet,<Other>,organic,(organic),Brazil,1,1,100.0
2020-12-01,2020-12,0,Week 0,tablet,google,organic,(organic),Japan,12,12,100.0
2020-12-01,2020-12,0,Week 0,mobile,google,organic,(organic),Brazil,130,130,100.0
2020-12-01,2020-12,0,Week 0,desktop,google,organic,(organic),Netherlands,242,242,100.0
2020-12-01,2020-12,0,Week 0,desktop,<Other>,organic,(organic),Myanmar (Burma),1,1,100.0
2020-12-01,2020-12,0,Week 0,desktop,<Other>,organic,(organic),Nigeria,1,1,100.0
2020-12-01,2020-12,0,Week 0,desktop,<Other>,organic,(organic),Kazakhstan,2,2,100.0
2020-12-01,2020-12,0,Week 0,mobile,<Other>,organic,(organic),Portugal,3,3,100.0
2020-12-01,2020-12,0,Week 0,desktop,<Other>,organic,(organic),Thailand,6,6,100.0
2020-12-01,2020-12,0,Week 0,desktop,google,organic,(organic),Chile,37,37,100.0
2020-12-01,2020-12,0,Week 0,mobile,google,organic,(organic),Russia,97,97,100.0
2020-12-01,2020-12,0,Week 0,desktop,<Other>,organic,(organic),Iraq,2,2,100.0
2020-12-01,2020-12,0,Week 0,mobile,google,organic,(organic),Hungary,17,17,100.0
2020-12-01,2020-12,0,Week 0,mobile,google,organic,(organic),Spain,225,225,100.0
2020-12-01,2020-12,0,Week 0,mobile,google,organic,(organic),Norway,19,19,100.0
2020-12-01,2020-12,0,Week 0,desktop,google,organic,(organic),Belgium,79,79,100.0
2020-12-01,2020-12,0,Week 0,tablet,google,organic,(organic),Malta,1,1,100.0
2020-12-01,2020-12,0,Week 0,desktop,google,organic,(organic),Kosovo,5,5,100.0
2020-12-01,2020-12,0,Week 0,mobile,google,organic,(organic),Bangladesh,32,32,100.0
2020-12-01,2020-12,0,Week 0,desktop,google,organic,(organic),Egypt,39,39,100.0
2020-12-01,2020-12,0,Week 0,desktop,google,organic,(organic),(not set),182,182,100.0
2020-12-01,2020-12,0,Week 0,desktop,<Other>,organic,(organic),Kenya,1,1,100.0
2020-12-01,2020-12,0,Week 0,mobile,<Other>,organic,(organic),Saudi Arabia,2,2,100.0
2020-12-01,2020-12,0,Week 0,desktop,google,organic,(organic),Mongolia,4,4,100.0
2020-12-01,2020-12,0,Week 0,mobile,google,organic,(organic),Jordan,5,5,100.0
2020-12-01,2020-12,0,Week 0,tablet,<Other>,organic,(organic),Spain,5,5,100.0
2020-12-01,2020-12,0,Week 0,mobile,google,organic,(organic),Lithuania,17,17,100.0
2020-12-01,2020-12,0,Week 0,mobile,google,organic,(organic),Switzerland,67,67,100.0
2020-12-01,2020-12,0,Week 0,desktop,<Other>,organic,(organic),Slovenia,2,2,100.0
2020-12-01,2020-12,0,Week 0,mobile,google,organic,(organic),China,271,271,100.0
2020-12-01,2020-12,0,Week 0,tablet,google,organic,(organic),Vietnam,3,3,100.0
2020-12-01,2020-12,0,Week 0,desktop,google,organic,(organic),Cyprus,7,7,100.0
2020-12-01,2020-12,0,Week 0,mobile,google,organic,(organic),Italy,177,177,100.0
2020-12-01,2020-12,0,Week 0,mobile,<Other>,organic,(organic),El Salvador,1,1,100.0
2020-12-01,2020-12,0,Week 0,desktop,<Other>,organic,(organic),Lebanon,2,2,100.0
2020-12-01,2020-12,0,Week 0,mobile,google,organic,(organic),Ghana,3,3,100.0
2020-12-01,2020-12,0,Week 0,tablet,google,organic,(organic),Netherlands,6,6,100.0
2020-12-01,2020-12,0,Week 0,tablet,google,organic,(organic),Switzerland,6,6,100.0
2020-12-01,2020-12,0,Week 0,mobile,google,organic,(organic),Czechia,37,37,100.0
2020-12-01,2020-12,0,Week 0,mobile,<Other>,organic,(organic),Morocco,2,2,100.0
2020-12-01,2020-12,0,Week 0,mobile,google,organic,(organic),Bosnia & Herzegovina,4,4,100.0
2020-12-01,2020-12,0,Week 0,tablet,google,organic,(organic),Ireland,5,5,100.0
2020-12-01,2020-12,0,Week 0,desktop,google,organic,(organic),Iceland,7,7,100.0
2020-12-01,2020-12,0,Week 0,tablet,google,organic,(organic),Indonesia,9,9,100.0
2020-12-01,2020-12,0,Week 0,mobile,google,organic,(organic),Morocco,19,19,100.0
2020-12-01,2020-12,0,Week 0,mobile,google,organic,(organic),France,286,286,100.0
2020-12-01,2020-12,0,Week 0,desktop,google,organic,(organic),Bosnia & Herzegovina,2,2,100.0
2020-12-01,2020-12,0,Week 0,mobile,google,organic,(organic),Venezuela,5,5,100.0
2020-12-01,2020-12,0,Week 0,desktop,google,organic,(organic),Palestine,9,9,100.0
2020-12-01,2020-12,0,Week 0,desktop,<Other>,organic,(organic),Israel,9,9,100.0
2020-12-01,2020-12,0,Week 0,tablet,google,organic,(organic),United States,315,315,100.0
2020-12-01,2020-12,0,Week 0,desktop,google,organic,(organic),Taiwan,334,334,100.0
2020-12-01,2020-12,0,Week 0,desktop,google,organic,(organic),United Kingdom,646,646,100.0
2020-12-01,2020-12,0,Week 0,tablet,google,organic,(organic),Trinidad & Tobago,1,1,100.0
2020-12-01,2020-12,0,Week 0,mobile,google,organic,(organic),Belarus,5,5,100.0
2020-12-01,2020-12,0,Week 0,mobile,<Other>,organic,(organic),Hong Kong,8,8,100.0
2020-12-01,2020-12,0,Week 0,mobile,google,organic,(organic),Albania,11,11,100.0
2020-12-01,2020-12,0,Week 0,desktop,google,organic,(organic),Sri Lanka,28,28,100.0
2020-12-01,2020-12,0,Week 0,desktop,<Other>,organic,(organic),Germany,35,35,100.0
2020-12-01,2020-12,0,Week 0,mobile,<Other>,organic,(organic),Jordan,1,1,100.0
2020-12-01,2020-12,0,Week 0,desktop,<Other>,organic,(organic),Honduras,3,3,100.0
2020-12-01,2020-12,0,Week 0,mobile,<Other>,organic,(organic),Argentina,3,3,100.0
2020-12-01,2020-12,0,Week 0,desktop,google,organic,(organic),Trinidad & Tobago,4,4,100.0
2020-12-01,2020-12,0,Week 0,tablet,google,organic,(organic),Pakistan,5,5,100.0
2020-12-01,2020-12,0,Week 0,desktop,google,organic,(organic),Guatemala,10,10,100.0
2020-12-01,2020-12,0,Week 0,desktop,google,organic,(organic),Bangladesh,42,42,100.0
2020-12-01,2020-12,0,Week 0,desktop,google,organic,(organic),United Arab Emirates,64,64,100.0
2020-12-01,2020-12,0,Week 0,desktop,google,organic,(organic),Switzerland,113,113,100.0
2020-12-01,2020-12,0,Week 0,mobile,<Other>,organic,(organic),Canada,115,115,100.0
2020-12-01,2020-12,0,Week 0,desktop,<Other>,organic,(organic),Cyprus,2,2,100.0
2020-12-01,2020-12,0,Week 0,tablet,google,organic,(organic),Peru,2,2,100.0
2020-12-01,2020-12,0,Week 0,mobile,<Other>,organic,(organic),Hungary,3,3,100.0
2020-12-01,2020-12,0,Week 0,desktop,google,organic,(organic),Myanmar (Burma),8,8,100.0
2020-12-01,2020-12,0,Week 0,desktop,<Other>,organic,(organic),Pakistan,9,9,100.0
2020-12-01,2020-12,0,Week 0,desktop,<Other>,organic,(organic),Philippines,13,13,100.0
2020-12-01,2020-12,0,Week 0,tablet,google,organic,(organic),United Arab Emirates,3,3,100.0
2020-12-01,2020-12,0,Week 0,mobile,<Other>,organic,(organic),Ukraine,4,4,100.0
2020-12-01,2020-12,0,Week 0,mobile,google,organic,(organic),Azerbaijan,9,9,100.0
2020-12-01,2020-12,0,Week 0,mobile,google,organic,(organic),Slovenia,10,10,100.0
2020-12-01,2020-12,0,Week 0,tablet,google,organic,(organic),Singapore,15,15,100.0
2020-12-01,2020-12,0,Week 0,mobile,google,organic,(organic),Malaysia,81,81,100.0
2020-12-01,2020-12,0,Week 0,tablet,<Other>,organic,(organic),Japan,1,1,100.0
2020-12-01,2020-12,0,Week 0,mobile,google,organic,(organic),Kenya,12,12,100.0
2020-12-01,2020-12,0,Week 0,desktop,<Other>,organic,(organic),Indonesia,13,13,100.0
2020-12-01,2020-12,0,Week 0,desktop,google,organic,(organic),Czechia,49,49,100.0
2020-12-01,2020-12,0,Week 0,desktop,google,organic,(organic),Thailand,88,88,100.0
2020-12-01,2020-12,0,Week 0,mobile,google,organic,(organic),Poland,134,134,100.0
2020-12-01,2020-12,0,Week 0,mobile,<Other>,organic,(organic),Iraq,1,1,100.0
2020-12-01,2020-12,0,Week 0,desktop,<Other>,organic,(organic),Saudi Arabia,3,3,100.0
2020-12-01,2020-12,0,Week 0,tablet,<Other>,organic,(organic),United Kingdom,4,4,100.0
2020-12-01,2020-12,0,Week 0,desktop,google,organic,(organic),Ecuador,17,17,100.0
2020-12-01,2020-12,0,Week 0,mobile,<Other>,organic,(organic),China,23,23,100.0
2020-12-01,2020-12,0,Week 0,mobile,google,organic,(organic),Mexico,134,134,100.0
2020-12-01,2020-12,0,Week 0,desktop,google,organic,(organic),El Salvador,3,3,100.0
2020-12-01,2020-12,0,Week 0,desktop,google,organic,(organic),Bahrain,6,6,100.0
2020-12-01,2020-12,0,Week 0,desktop,google,organic,(organic),Austria,50,50,100.0
2020-12-01,2020-12,0,Week 0,mobile,<Other>,organic,(organic),Ireland,8,8,100.0
2020-12-01,2020-12,0,Week 0,mobile,google,organic,(organic),Netherlands,135,135,100.0
2020-12-01,2020-12,0,Week 0,tablet,<Other>,organic,(organic),Croatia,1,1,100.0
2020-12-01,2020-12,0,Week 0,tablet,google,organic,(organic),Azerbaijan,1,1,100.0
2020-12-01,2020-12,0,Week 0,tablet,google,organic,(organic),China,9,9,100.0
2020-12-01,2020-12,0,Week 0,desktop,google,organic,(organic),Georgia,10,10,100.0
2020-12-01,2020-12,0,Week 0,mobile,<Other>,organic,(organic),Singapore,21,21,100.0
2020-12-01,2020-12,0,Week 0,desktop,<Other>,organic,(organic),Chile,4,4,100.0
2020-12-01,2020-12,0,Week 0,mobile,<Other>,organic,(organic),Czechia,4,4,100.0
2020-12-01,2020-12,0,Week 0,mobile,google,organic,(organic),Algeria,7,7,100.0
2020-12-01,2020-12,0,Week 0,mobile,google,organic,(organic),India,1360,1360,100.0
2020-12-01,2020-12,0,Week 0,tablet,<Other>,organic,(organic),Bulgaria,1,1,100.0
2020-12-01,2020-12,0,Week 0,mobile,<Other>,organic,(organic),Sri Lanka,2,2,100.0
2020-12-01,2020-12,0,Week 0,mobile,<Other>,organic,(organic),Kuwait,3,3,100.0
2020-12-01,2020-12,0,Week 0,desktop,<Other>,organic,(organic),South Africa,5,5,100.0
2020-12-01,2020-12,0,Week 0,mobile,google,organic,(organic),Iraq,5,5,100.0
2020-12-01,2020-12,0,Week 0,mobile,google,organic,(organic),Denmark,40,40,100.0
2020-12-01,2020-12,0,Week 0,mobile,google,organic,(organic),Sri Lanka,22,22,100.0
2020-12-01,2020-12,0,Week 0,desktop,google,organic,(organic),France,426,426,100.0
2020-12-01,2020-12,0,Week 0,mobile,<Other>,organic,(organic),Switzerland,5,5,100.0
2020-12-01,2020-12,0,Week 0,desktop,google,organic,(organic),Belarus,12,12,100.0
2020-12-01,2020-12,0,Week 0,mobile,<Other>,organic,(organic),Taiwan,24,24,100.0
2020-12-01,2020-12,0,Week 0,desktop,google,organic,(organic),Brazil,213,213,100.0
2020-12-01,2020-12,0,Week 0,desktop,google,organic,(organic),Singapore,243,243,100.0
2020-12-01,2020-12,0,Week 0,tablet,<Other>,organic,(organic),Turkey,1,1,100.0
2020-12-01,2020-12,0,Week 0,desktop,google,organic,(organic),Algeria,6,6,100.0
2020-12-01,2020-12,0,Week 0,desktop,<Other>,organic,(organic),South Korea,29,29,100.0
2020-12-01,2020-12,0,Week 0,mobile,google,organic,(organic),Serbia,11,11,100.0
2020-12-01,2020-12,0,Week 0,desktop,google,organic,(organic),Saudi Arabia,51,51,100.0
2020-12-01,2020-12,0,Week 0,mobile,google,organic,(organic),Turkey,145,145,100.0
2020-12-01,2020-12,0,Week 0,mobile,google,organic,(organic),Canada,1043,1043,100.0
2020-12-01,2020-12,0,Week 0,desktop,<Other>,organic,(organic),Estonia,1,1,100.0
2020-12-01,2020-12,0,Week 0,desktop,<Other>,organic,(organic),Palestine,1,1,100.0
2020-12-01,2020-12,0,Week 0,tablet,google,organic,(organic),Denmark,2,2,100.0
2020-12-01,2020-12,0,Week 0,mobile,<Other>,organic,(organic),Norway,2,2,100.0
2020-12-01,2020-12,0,Week 0,mobile,google,organic,(organic),Qatar,3,3,100.0
2020-12-01,2020-12,0,Week 0,desktop,<Other>,organic,(organic),France,34,34,100.0
2020-12-01,2020-12,0,Week 0,desktop,google,organic,(organic),United States,8691,8691,100.0
2020-12-01,2020-12,0,Week 0,tablet,google,organic,(organic),Malaysia,2,2,100.0
2020-12-01,2020-12,0,Week 0,tablet,google,organic,(organic),Israel,2,2,100.0
2020-12-01,2020-12,0,Week 0,desktop,<Other>,organic,(organic),Slovakia,3,3,100.0
2020-12-01,2020-12,0,Week 0,tablet,google,organic,(organic),Portugal,3,3,100.0
2020-12-01,2020-12,0,Week 0,mobile,google,organic,(organic),Palestine,4,4,100.0
2020-12-01,2020-12,0,Week 0,mobile,google,organic,(organic),Panama,4,4,100.0
2020-12-01,2020-12,0,Week 0,mobile,google,organic,(organic),Tunisia,6,6,100.0
2020-12-01,2020-12,0,Week 0,desktop,<Other>,organic,(organic),Italy,23,23,100.0
2020-12-01,2020-12,0,Week 0,desktop,google,organic,(organic),Bulgaria,24,24,100.0
2020-12-01,2020-12,0,Week 0,desktop,google,organic,(organic),Canada,1556,1556,100.0
2020-12-01,2020-12,0,Week 0,mobile,<Other>,organic,(organic),Venezuela,1,1,100.0
2020-12-01,2020-12,0,Week 0,tablet,google,organic,(organic),Kuwait,1,1,100.0
2020-12-01,2020-12,0,Week 0,tablet,google,organic,(organic),Slovakia,1,1,100.0
2020-12-01,2020-12,0,Week 0,mobile,<Other>,organic,(organic),Egypt,2,2,100.0
2020-12-01,2020-12,0,Week 0,desktop,<Other>,organic,(organic),Kuwait,2,2,100.0
2020-12-01,2020-12,0,Week 0,desktop,<Other>,organic,(organic),Belarus,2,2,100.0
2020-12-01,2020-12,0,Week 0,desktop,<Other>,organic,(organic),Switzerland,5,5,100.0
2020-12-01,2020-12,0,Week 0,mobile,google,organic,(organic),Nepal,7,7,100.0
2020-12-01,2020-12,0,Week 0,desktop,google,organic,(organic),Croatia,39,39,100.0
2020-12-01,2020-12,0,Week 0,mobile,google,organic,(organic),Sweden,67,67,100.0
2020-12-01,2020-12,0,Week 0,desktop,google,organic,(organic),Malaysia,105,105,100.0
2020-12-01,2020-12,0,Week 0,desktop,google,organic,(organic),Poland,179,179,100.0
2020-12-01,2020-12,0,Week 0,mobile,<Other>,organic,(organic),Romania,2,2,100.0
2020-12-01,2020-12,0,Week 0,desktop,google,organic,(organic),Tunisia,10,10,100.0
2020-12-01,2020-12,0,Week 0,desktop,<Other>,organic,(organic),Croatia,1,1,100.0
2020-12-01,2020-12,0,Week 0,mobile,google,organic,(organic),Trinidad & Tobago,5,5,100.0
2020-12-01,2020-12,0,Week 0,desktop,google,organic,(organic),Albania,6,6,100.0
2020-12-01,2020-12,0,Week 0,desktop,google,organic,(organic),Azerbaijan,7,7,100.0
2020-12-01,2020-12,0,Week 0,desktop,google,organic,(organic),Latvia,10,10,100.0
2020-12-01,2020-12,0,Week 0,desktop,<Other>,organic,(organic),Belgium,11,11,100.0
2020-12-01,2020-12,0,Week 0,mobile,google,organic,(organic),Puerto Rico,14,14,100.0
2020-12-01,2020-12,0,Week 0,tablet,google,organic,(organic),Algeria,1,1,100.0
2020-12-01,2020-12,0,Week 0,mobile,<Other>,organic,(organic),Slovakia,4,4,100.0
2020-12-01,2020-12,0,Week 0,mobile,<Other>,organic,(organic),Turkey,16,16,100.0
2020-12-01,2020-12,0,Week 0,tablet,google,organic,(organic),Greece,3,3,100.0
2020-12-01,2020-12,0,Week 0,mobile,<Other>,organic,(organic),Peru,9,9,100.0
2020-12-01,2020-12,0,Week 0,desktop,<Other>,organic,(organic),Mexico,11,11,100.0
2020-12-01,2020-12,0,Week 0,desktop,<Other>,organic,(organic),India,156,156,100.0
2020-12-01,2020-12,0,Week 0,mobile,<Other>,organic,(organic),Denmark,2,2,100.0
2020-12-01,2020-12,0,Week 0,desktop,<Other>,organic,(organic),Canada,127,127,100.0
2020-12-01,2020-12,0,Week 0,mobile,<Other>,organic,(organic),Bulgaria,2,2,100.0
2020-12-01,2020-12,0,Week 0,mobile,google,organic,(organic),Georgia,3,3,100.0
2020-12-01,2020-12,0,Week 0,mobile,<Other>,organic,(organic),Italy,11,11,100.0
2020-12-01,2020-12,0,Week 0,mobile,google,organic,(organic),Cambodia,3,3,100.0
2020-12-01,2020-12,0,Week 0,mobile,google,organic,(organic),Guatemala,4,4,100.0
2020-12-01,2020-12,0,Week 0,mobile,google,organic,(organic),North Macedonia,5,5,100.0
2020-12-01,2020-12,0,Week 0,desktop,google,organic,(organic),Kenya,8,8,100.0
2020-12-01,2020-12,0,Week 0,desktop,<Other>,organic,(organic),China,30,30,100.0
2020-12-01,2020-12,0,Week 0,mobile,google,organic,(organic),United Arab Emirates,56,56,100.0
2020-12-01,2020-12,0,Week 0,mobile,<Other>,organic,(organic),Latvia,1,1,100.0
2020-12-01,2020-12,0,Week 0,mobile,google,organic,(organic),Costa Rica,10,10,100.0
2020-12-01,2020-12,0,Week 0,mobile,<Other>,organic,(organic),Poland,11,11,100.0
2020-12-01,2020-12,0,Week 0,mobile,google,organic,(organic),Israel,55,55,100.0
2020-12-01,2020-12,0,Week 0,desktop,<Other>,organic,(organic),Tunisia,1,1,100.0
2020-12-01,2020-12,0,Week 0,tablet,google,organic,(organic),Sri Lanka,1,1,100.0
2020-12-01,2020-12,0,Week 0,tablet,google,organic,(organic),Croatia,2,2,100.0
2020-12-01,2020-12,0,Week 0,mobile,<Other>,organic,(organic),Vietnam,4,4,100.0
2020-12-01,2020-12,0,Week 0,mobile,google,organic,(organic),Austria,31,31,100.0
2020-12-01,2020-12,0,Week 0,desktop,google,organic,(organic),Finland,39,39,100.0
2020-12-01,2020-12,0,Week 0,desktop,google,organic,(organic),Italy,292,292,100.0
2020-12-01,2020-12,0,Week 0,desktop,google,organic,(organic),Macao,4,4,100.0
2020-12-01,2020-12,0,Week 0,desktop,google,organic,(organic),Sweden,88,88,100.0
2020-12-01,2020-12,0,Week 0,mobile,google,organic,(organic),Taiwan,239,239,100.0
2020-12-01,2020-12,0,Week 0,tablet,<Other>,organic,(organic),Italy,1,1,100.0
2020-12-01,2020-12,0,Week 0,mobile,<Other>,organic,(organic),Nigeria,2,2,100.0
2020-12-01,2020-12,0,Week 0,mobile,google,organic,(organic),Bahrain,4,4,100.0
2020-12-01,2020-12,0,Week 0,mobile,<Other>,organic,(organic),Japan,14,14,100.0
2020-12-01,2020-12,0,Week 0,tablet,google,organic,(organic),Guatemala,1,1,100.0
2020-12-01,2020-12,0,Week 0,mobile,google,organic,(organic),Dominican Republic,9,9,100.0
2020-12-01,2020-12,0,Week 0,desktop,<Other>,organic,(organic),Japan,26,26,100.0
2020-12-01,2020-12,0,Week 0,desktop,google,organic,(organic),Argentina,45,45,100.0
2020-12-01,2020-12,0,Week 0,tablet,google,organic,(organic),Thailand,3,3,100.0
2020-12-01,2020-12,0,Week 0,desktop,<Other>,organic,(organic),Norway,3,3,100.0
2020-12-01,2020-12,0,Week 0,mobile,<Other>,organic,(organic),Colombia,11,11,100.0
2020-12-01,2020-12,0,Week 0,desktop,google,organic,(organic),Dominican Republic,17,17,100.0
2020-12-01,2020-12,0,Week 0,desktop,google,organic,(organic),Ireland,128,128,100.0
2020-12-01,2020-12,0,Week 0,desktop,<Other>,organic,(organic),Bosnia & Herzegovina,1,1,100.0
2020-12-01,2020-12,0,Week 0,tablet,google,organic,(organic),Bahrain,2,2,100.0
2020-12-01,2020-12,0,Week 0,mobile,google,organic,(organic),Cyprus,5,5,100.0
2020-12-01,2020-12,0,Week 0,desktop,<Other>,organic,(organic),(not set),9,9,100.0
2020-12-01,2020-12,0,Week 0,tablet,google,organic,(organic),Italy,9,9,100.0
2020-12-01,2020-12,0,Week 0,desktop,google,organic,(organic),Israel,100,100,100.0
2020-12-01,2020-12,0,Week 0,mobile,google,organic,(organic),(not set),103,103,100.0
2020-12-01,2020-12,0,Week 0,desktop,<Other>,organic,(organic),Malta,1,1,100.0
2020-12-01,2020-12,0,Week 0,mobile,google,organic,(organic),Macao,3,3,100.0
2020-12-01,2020-12,0,Week 0,tablet,google,organic,(organic),Sweden,4,4,100.0
2020-12-01,2020-12,0,Week 0,desktop,google,organic,(organic),Ghana,4,4,100.0
2020-12-01,2020-12,0,Week 0,desktop,<Other>,organic,(organic),Argentina,6,6,100.0
2020-12-01,2020-12,0,Week 0,desktop,<Other>,organic,(organic),Colombia,11,11,100.0
2020-12-01,2020-12,0,Week 0,desktop,google,organic,(organic),Slovenia,15,15,100.0
2020-12-01,2020-12,0,Week 0,tablet,google,organic,(organic),Serbia,2,2,100.0
2020-12-01,2020-12,0,Week 0,tablet,google,organic,(organic),France,10,10,100.0
2020-12-01,2020-12,0,Week 0,mobile,google,organic,(organic),New Zealand,12,12,100.0
2020-12-01,2020-12,0,Week 0,desktop,<Other>,organic,(organic),Ireland,13,13,100.0
2020-12-01,2020-12,0,Week 0,tablet,google,organic,(organic),Taiwan,15,15,100.0
2020-12-01,2020-12,0,Week 0,desktop,<Other>,organic,(organic),Spain,34,34,100.0
2020-12-01,2020-12,0,Week 0,mobile,<Other>,organic,(organic),Austria,1,1,100.0
2020-12-01,2020-12,0,Week 0,mobile,<Other>,organic,(organic),Cambodia,1,1,100.0
2020-12-01,2020-12,0,Week 0,desktop,google,organic,(organic),Iraq,6,6,100.0
2020-12-01,2020-12,0,Week 0,desktop,google,organic,(organic),Slovakia,23,23,100.0
2020-12-01,2020-12,0,Week 0,mobile,google,organic,(organic),Vietnam,56,56,100.0
2020-12-01,2020-12,0,Week 0,mobile,<Other>,organic,(organic),Belarus,1,1,100.0
2020-12-01,2020-12,0,Week 0,mobile,<Other>,organic,(organic),Indonesia,8,8,100.0
2020-12-01,2020-12,0,Week 0,desktop,<Other>,organic,(organic),Ukraine,8,8,100.0
2020-12-01,2020-12,0,Week 0,desktop,google,organic,(organic),Estonia,11,11,100.0
2020-12-01,2020-12,0,Week 0,desktop,<Other>,organic,(organic),Hong Kong,13,13,100.0
2020-12-01,2020-12,0,Week 0,mobile,google,organic,(organic),Saudi Arabia,21,21,100.0
2020-12-01,2020-12,0,Week 0,desktop,google,organic,(organic),Greece,64,64,100.0
2020-12-01,2020-12,0,Week 0,mobile,google,organic,(organic),Hong Kong,93,93,100.0
2020-12-01,2020-12,0,Week 0,desktop,<Other>,organic,(organic),Azerbaijan,1,1,100.0
2020-12-01,2020-12,0,Week 0,mobile,<Other>,organic,(organic),Belgium,2,2,100.0
2020-12-01,2020-12,0,Week 0,mobile,google,organic,(organic),Egypt,29,29,100.0
2020-12-01,2020-12,0,Week 0,mobile,google,organic,(organic),United Kingdom,412,412,100.0
2020-12-01,2020-12,0,Week 0,tablet,google,organic,(organic),Germany,14,14,100.0
2020-12-01,2020-12,0,Week 0,mobile,google,organic,(organic),Chile,14,14,100.0
2020-12-01,2020-12,0,Week 0,desktop,<Other>,organic,(organic),Sweden,16,16,100.0
2020-12-01,2020-12,0,Week 0,mobile,google,organic,(organic),Bulgaria,22,22,100.0
2020-12-01,2020-12,0,Week 0,tablet,google,organic,(organic),Saudi Arabia,1,1,100.0
2020-12-01,2020-12,0,Week 0,desktop,google,organic,(organic),Bolivia,1,1,100.0
2020-12-01,2020-12,0,Week 0,mobile,google,organic,(organic),Kuwait,6,6,100.0
2020-12-01,2020-12,0,Week 0,mobile,google,organic,(organic),Colombia,69,69,100.0
2020-12-01,2020-12,0,Week 0,desktop,google,organic,(organic),Panama,6,6,100.0
2020-12-01,2020-12,0,Week 0,mobile,<Other>,organic,(organic),Greece,7,7,100.0
2020-12-01,2020-12,0,Week 0,desktop,google,organic,(organic),Portugal,84,84,100.0
2020-12-01,2020-12,0,Week 0,desktop,google,organic,(organic),Hong Kong,124,124,100.0
2020-12-01,2020-12,0,Week 0,desktop,google,organic,(organic),Turkey,202,202,100.0
2020-12-01,2020-12,0,Week 0,desktop,<Other>,organic,(organic),Kosovo,1,1,100.0
2020-12-01,2020-12,0,Week 0,mobile,google,organic,(organic),Lebanon,3,3,100.0
2020-12-01,2020-12,0,Week 0,desktop,google,organic,(organic),Jamaica,7,7,100.0
2020-12-01,2020-12,0,Week 0,desktop,google,organic,(organic),Serbia,17,17,100.0
2020-12-01,2020-12,0,Week 0,desktop,google,organic,(organic),China,374,374,100.0
2020-12-01,2020-12,0,Week 0,mobile,<Other>,organic,(organic),Georgia,1,1,100.0
2020-12-01,2020-12,0,Week 0,tablet,google,organic,(organic),Norway,2,2,100.0
2020-12-01,2020-12,0,Week 0,mobile,<Other>,organic,(organic),Sweden,4,4,100.0
2020-12-01,2020-12,0,Week 0,desktop,google,organic,(organic),Ukraine,87,87,100.0
2020-12-01,2020-12,0,Week 0,desktop,google,organic,(organic),Mexico,188,188,100.0
2020-12-01,2020-12,0,Week 0,tablet,google,organic,(organic),Cyprus,1,1,100.0
2020-12-01,2020-12,0,Week 0,desktop,google,organic,(organic),Bahamas,5,5,100.0
2020-12-01,2020-12,0,Week 0,desktop,google,organic,(organic),Costa Rica,9,9,100.0
2020-12-01,2020-12,0,Week 0,tablet,google,organic,(organic),South Korea,12,12,100.0
2020-12-01,2020-12,0,Week 0,desktop,<Other>,organic,(organic),Australia,17,17,100.0
2020-12-01,2020-12,0,Week 0,desktop,<Other>,organic,(organic),Lithuania,4,4,100.0
2020-12-01,2020-12,0,Week 0,desktop,<Other>,organic,(organic),Portugal,5,5,100.0
2020-12-01,2020-12,0,Week 0,mobile,google,organic,(organic),Ireland,91,91,100.0
2020-12-01,2020-12,0,Week 0,mobile,google,organic,(organic),Germany,254,254,100.0
2020-12-01,2020-12,0,Week 0,tablet,<Other>,organic,(organic),Germany,2,2,100.0
2020-12-01,2020-12,0,Week 0,desktop,<Other>,organic,(organic),Peru,9,9,100.0
2020-12-01,2020-12,0,Week 0,desktop,<Other>,organic,(organic),Taiwan,38,38,100.0
2020-12-01,2020-12,0,Week 0,mobile,google,organic,(organic),Thailand,69,69,100.0
2020-12-01,2020-12,0,Week 0,tablet,google,organic,(organic),Kenya,1,1,100.0
2020-12-01,2020-12,0,Week 0,mobile,google,organic,(organic),Paraguay,2,2,100.0
2020-12-01,2020-12,0,Week 0,mobile,google,organic,(organic),Kazakhstan,4,4,100.0
2020-12-01,2020-12,0,Week 0,tablet,google,organic,(organic),Belgium,5,5,100.0
2020-12-01,2020-12,0,Week 0,mobile,google,organic,(organic),Ecuador,12,12,100.0
2020-12-01,2020-12,0,Week 0,desktop,google,organic,(organic),Norway,30,30,100.0
2020-12-01,2020-12,0,Week 0,desktop,google,organic,(organic),Indonesia,178,178,100.0
2020-12-01,2020-12,0,Week 0,mobile,<Other>,organic,(organic),South Korea,10,10,100.0
2020-12-01,2020-12,0,Week 0,desktop,<Other>,organic,(organic),Netherlands,22,22,100.0
2020-12-01,2020-12,0,Week 0,mobile,google,organic,(organic),Kosovo,5,5,100.0
2020-12-01,2020-12,0,Week 0,desktop,google,organic,(organic),Luxembourg,5,5,100.0
2020-12-01,2020-12,0,Week 0,mobile,google,organic,(organic),Latvia,3,3,100.0
2020-12-01,2020-12,0,Week 0,mobile,google,organic,(organic),Myanmar (Burma),5,5,100.0
2020-12-01,2020-12,0,Week 0,tablet,google,organic,(organic),Philippines,6,6,100.0
2020-12-01,2020-12,0,Week 0,desktop,google,organic,(organic),Hungary,30,30,100.0
2020-12-01,2020-12,0,Week 0,desktop,google,organic,(organic),Germany,374,374,100.0
2020-12-01,2020-12,0,Week 0,desktop,<Other>,organic,(organic),Venezuela,1,1,100.0
2020-12-01,2020-12,0,Week 0,tablet,google,organic,(organic),Ecuador,1,1,100.0
2020-12-01,2020-12,0,Week 0,tablet,<Other>,organic,(organic),Australia,1,1,100.0
2020-12-01,2020-12,0,Week 0,desktop,google,organic,(organic),Russia,125,125,100.0
2020-12-01,2020-12,0,Week 0,mobile,google,organic,(organic),Singapore,195,195,100.0
2020-12-01,2020-12,0,Week 0,mobile,<Other>,organic,(organic),North Macedonia,1,1,100.0
2020-12-01,2020-12,0,Week 0,desktop,google,organic,(organic),Honduras,1,1,100.0
2020-12-01,2020-12,0,Week 0,tablet,<Other>,organic,(organic),Israel,1,1,100.0
2020-12-01,2020-12,0,Week 0,mobile,<Other>,organic,(organic),Kosovo,1,1,100.0
2020-12-01,2020-12,0,Week 0,desktop,<Other>,organic,(organic),Bahrain,1,1,100.0
2020-12-01,2020-12,0,Week 0,mobile,google,organic,(organic),Honduras,3,3,100.0
2020-12-01,2020-12,0,Week 0,mobile,<Other>,organic,(organic),Mexico,8,8,100.0
2020-12-01,2020-12,0,Week 0,desktop,google,organic,(organic),Jordan,8,8,100.0
2020-12-01,2020-12,0,Week 0,desktop,google,organic,(organic),Kazakhstan,14,14,100.0
2020-12-01,2020-12,0,Week 0,desktop,<Other>,organic,(organic),Turkey,15,15,100.0
2020-12-01,2020-12,0,Week 0,mobile,google,organic,(organic),Slovakia,28,28,100.0
2020-12-01,2020-12,0,Week 0,desktop,google,organic,(organic),Vietnam,84,84,100.0
2020-12-01,2020-12,0,Week 0,desktop,<Other>,organic,(organic),Greece,2,2,100.0
2020-12-01,2020-12,0,Week 0,desktop,<Other>,organic,(organic),Brazil,27,27,100.0
2020-12-01,2020-12,0,Week 0,desktop,<Other>,organic,(organic),United Arab Emirates,4,4,100.0
2020-12-01,2020-12,0,Week 0,tablet,<Other>,organic,(organic),United States,35,35,100.0
2020-12-01,2020-12,0,Week 0,tablet,<Other>,organic,(organic),Latvia,1,1,100.0
2020-12-01,2020-12,0,Week 0,tablet,google,organic,(organic),Poland,9,9,100.0
2020-12-01,2020-12,0,Week 0,desktop,google,organic,(organic),Morocco,23,23,100.0
2020-12-01,2020-12,0,Week 0,tablet,<Other>,organic,(organic),Peru,1,1,100.0
2020-12-01,2020-12,0,Week 0,tablet,<Other>,organic,(organic),Slovakia,1,1,100.0
2020-12-01,2020-12,0,Week 0,tablet,google,organic,(organic),Jamaica,1,1,100.0
2020-12-01,2020-12,0,Week 0,desktop,<Other>,organic,(organic),Latvia,2,2,100.0
2020-12-01,2020-12,0,Week 0,tablet,<Other>,organic,(organic),Indonesia,2,2,100.0
2020-12-01,2020-12,0,Week 0,desktop,<Other>,organic,(organic),Romania,6,6,100.0
2020-12-01,2020-12,0,Week 0,desktop,google,organic,(organic),Japan,256,256,100.0
2020-12-01,2020-12,0,Week 0,desktop,<Other>,organic,(organic),Macao,1,1,100.0
2020-12-01,2020-12,0,Week 0,desktop,<Other>,organic,(organic),Jamaica,1,1,100.0
2020-12-01,2020-12,0,Week 0,tablet,<Other>,organic,(organic),Greece,2,2,100.0
2020-12-01,2020-12,0,Week 0,tablet,<Other>,organic,(organic),India,4,4,100.0
2020-12-01,2020-12,0,Week 0,desktop,<Other>,organic,(organic),New Zealand,4,4,100.0
2020-12-01,2020-12,0,Week 0,desktop,google,organic,(organic),Oman,4,4,100.0
2020-12-01,2020-12,0,Week 0,tablet,google,organic,(organic),Mexico,6,6,100.0
2020-12-01,2020-12,0,Week 0,tablet,google,organic,(organic),(not set),7,7,100.0
2020-12-01,2020-12,0,Week 0,desktop,google,organic,(organic),Lithuania,16,16,100.0
2020-12-01,2020-12,0,Week 0,desktop,google,organic,(organic),Romania,55,55,100.0
2020-12-01,2020-12,0,Week 0,tablet,google,organic,(organic),Paraguay,1,1,100.0
2020-12-01,2020-12,0,Week 0,mobile,<Other>,organic,(organic),Spain,21,21,100.0
2020-12-01,2020-12,0,Week 0,desktop,<Other>,organic,(organic),Singapore,36,36,100.0
2020-12-01,2020-12,0,Week 0,mobile,google,organic,(organic),South Korea,184,184,100.0
2020-12-01,2020-12,0,Week 0,mobile,google,organic,(organic),Luxembourg,1,1,100.0
2020-12-01,2020-12,0,Week 0,desktop,google,organic,(organic),Venezuela,5,5,100.0
2020-12-01,2020-12,0,Week 0,tablet,<Other>,organic,(organic),Canada,7,7,100.0
2020-12-01,2020-12,0,Week 0,desktop,<Other>,organic,(organic),Malaysia,11,11,100.0
2020-12-01,2020-12,0,Week 0,desktop,google,organic,(organic),North Macedonia,14,14,100.0
2020-12-01,2020-12,0,Week 0,desktop,google,organic,(organic),India,1821,1821,100.0
2020-12-01,2020-12,0,Week 0,desktop,<Other>,organic,(organic),Bangladesh,6,6,100.0
2020-12-01,2020-12,0,Week 0,tablet,google,organic,(organic),Spain,13,13,100.0
2020-12-01,2020-12,0,Week 0,tablet,google,organic,(organic),Canada,55,55,100.0
2020-12-01,2020-12,0,Week 0,mobile,<Other>,organic,(organic),Algeria,1,1,100.0
2020-12-01,2020-12,0,Week 0,tablet,<Other>,organic,(organic),Hong Kong,1,1,100.0
2020-12-01,2020-12,0,Week 0,tablet,google,organic,(organic),Russia,3,3,100.0
2020-12-01,2020-12,0,Week 0,mobile,<Other>,organic,(organic),Malaysia,4,4,100.0
2020-12-01,2020-12,0,Week 0,desktop,google,organic,(organic),Kuwait,7,7,100.0
2020-12-01,2020-12,1,Week 1,desktop,google,organic,(organic),New Zealand,26,1,3.85
2020-12-01,2020-12,1,Week 1,mobile,google,organic,(organic),South Africa,21,1,4.76
2020-12-01,2020-12,1,Week 1,mobile,google,organic,(organic),Argentina,32,1,3.13
2020-12-01,2020-12,1,Week 1,desktop,google,organic,(organic),Ecuador,17,2,11.76
2020-12-01,2020-12,1,Week 1,desktop,google,organic,(organic),Japan,256,5,1.95
2020-12-01,2020-12,1,Week 1,desktop,google,organic,(organic),Taiwan,334,7,2.1
2020-12-01,2020-12,1,Week 1,desktop,<Other>,organic,(organic),Singapore,36,2,5.56
2020-12-01,2020-12,1,Week 1,desktop,google,organic,(organic),Saudi Arabia,51,3,5.88
2020-12-01,2020-12,1,Week 1,tablet,google,organic,(organic),Taiwan,15,1,6.67
2020-12-01,2020-12,1,Week 1,mobile,google,organic,(organic),Croatia,19,2,10.53
2020-12-01,2020-12,1,Week 1,desktop,google,organic,(organic),Hungary,30,1,3.33
2020-12-01,2020-12,1,Week 1,tablet,google,organic,(organic),Switzerland,6,1,16.67
2020-12-01,2020-12,1,Week 1,mobile,google,organic,(organic),Azerbaijan,9,1,11.11
2020-12-01,2020-12,1,Week 1,desktop,google,organic,(organic),Jamaica,7,1,14.29
2020-12-01,2020-12,1,Week 1,desktop,google,organic,(organic),Chile,37,1,2.7
2020-12-01,2020-12,1,Week 1,desktop,<Other>,organic,(organic),Peru,9,1,11.11
2020-12-01,2020-12,1,Week 1,mobile,google,organic,(organic),India,1360,68,5.0
2020-12-01,2020-12,1,Week 1,mobile,google,organic,(organic),Algeria,7,1,14.29
2020-12-01,2020-12,1,Week 1,mobile,google,organic,(organic),Poland,134,8,5.97
2020-12-01,2020-12,1,Week 1,desktop,google,organic,(organic),Australia,194,8,4.12
2020-12-01,2020-12,1,Week 1,mobile,google,organic,(organic),Netherlands,135,5,3.7
2020-12-01,2020-12,1,Week 1,tablet,google,organic,(organic),Mexico,6,1,16.67
2020-12-01,2020-12,1,Week 1,mobile,google,organic,(organic),Taiwan,239,7,2.93
2020-12-01,2020-12,1,Week 1,tablet,<Other>,organic,(organic),Canada,7,1,14.29
2020-12-01,2020-12,1,Week 1,tablet,google,organic,(organic),Austria,3,1,33.33
2020-12-01,2020-12,1,Week 1,mobile,google,organic,(organic),Indonesia,140,8,5.71
2020-12-01,2020-12,1,Week 1,mobile,google,organic,(organic),Japan,172,6,3.49
2020-12-01,2020-12,1,Week 1,mobile,google,organic,(organic),Iraq,5,1,20.0
2020-12-01,2020-12,1,Week 1,mobile,<Other>,organic,(organic),Italy,11,1,9.09
2020-12-01,2020-12,1,Week 1,desktop,google,organic,(organic),North Macedonia,14,1,7.14
2020-12-01,2020-12,1,Week 1,mobile,google,organic,(organic),Nigeria,18,1,5.56
2020-12-01,2020-12,1,Week 1,desktop,<Other>,organic,(organic),Philippines,13,1,7.69
2020-12-01,2020-12,1,Week 1,mobile,<Other>,organic,(organic),Malaysia,4,1,25.0
2020-12-01,2020-12,1,Week 1,tablet,google,organic,(organic),Canada,55,1,1.82
2020-12-01,2020-12,1,Week 1,desktop,google,organic,(organic),(not set),182,12,6.59
2020-12-01,2020-12,1,Week 1,desktop,google,organic,(organic),United Kingdom,646,24,3.72
2020-12-01,2020-12,1,Week 1,desktop,<Other>,organic,(organic),India,156,8,5.13
2020-12-01,2020-12,1,Week 1,desktop,<Other>,organic,(organic),Switzerland,5,1,20.0
2020-12-01,2020-12,1,Week 1,mobile,google,organic,(organic),Kenya,12,1,8.33
2020-12-01,2020-12,1,Week 1,mobile,<Other>,organic,(organic),Singapore,21,2,9.52
2020-12-01,2020-12,1,Week 1,desktop,google,organic,(organic),Greece,64,2,3.13
2020-12-01,2020-12,1,Week 1,desktop,google,organic,(organic),Peru,92,2,2.17
2020-12-01,2020-12,1,Week 1,desktop,<Other>,organic,(organic),Poland,12,1,8.33
2020-12-01,2020-12,1,Week 1,desktop,google,organic,(organic),Morocco,23,1,4.35
2020-12-01,2020-12,1,Week 1,mobile,google,organic,(organic),Egypt,29,2,6.9
2020-12-01,2020-12,1,Week 1,desktop,google,organic,(organic),Singapore,243,1,0.41
2020-12-01,2020-12,1,Week 1,mobile,google,organic,(organic),United States,5977,223,3.73
2020-12-01,2020-12,1,Week 1,desktop,google,organic,(organic),Dominican Republic,17,1,5.88
2020-12-01,2020-12,1,Week 1,desktop,<Other>,organic,(organic),Canada,127,5,3.94
2020-12-01,2020-12,1,Week 1,desktop,google,organic,(organic),Pakistan,90,4,4.44
2020-12-01,2020-12,1,Week 1,desktop,google,organic,(organic),Azerbaijan,7,1,14.29
2020-12-01,2020-12,1,Week 1,mobile,google,organic,(organic),(not set),103,2,1.94
2020-12-01,2020-12,1,Week 1,mobile,<Other>,organic,(organic),Netherlands,18,1,5.56
2020-12-01,2020-12,1,Week 1,desktop,google,organic,(organic),Sri Lanka,28,1,3.57
2020-12-01,2020-12,1,Week 1,desktop,google,organic,(organic),Germany,374,16,4.28
2020-12-01,2020-12,1,Week 1,desktop,<Other>,organic,(organic),Morocco,5,1,20.0
2020-12-01,2020-12,1,Week 1,desktop,google,organic,(organic),Italy,292,12,4.11
2020-12-01,2020-12,1,Week 1,tablet,google,organic,(organic),Croatia,2,1,50.0
2020-12-01,2020-12,1,Week 1,mobile,google,organic,(organic),El Salvador,6,1,16.67
2020-12-01,2020-12,1,Week 1,desktop,<Other>,organic,(organic),Germany,35,4,11.43
2020-12-01,2020-12,1,Week 1,mobile,google,organic,(organic),Belarus,5,1,20.0
2020-12-01,2020-12,1,Week 1,mobile,google,organic,(organic),Greece,47,4,8.51
2020-12-01,2020-12,1,Week 1,mobile,google,organic,(organic),Pakistan,56,4,7.14
2020-12-01,2020-12,1,Week 1,mobile,google,organic,(organic),Vietnam,56,3,5.36
2020-12-01,2020-12,1,Week 1,mobile,google,organic,(organic),China,271,10,3.69
2020-12-01,2020-12,1,Week 1,mobile,<Other>,organic,(organic),United Kingdom,28,4,14.29
2020-12-01,2020-12,1,Week 1,desktop,google,organic,(organic),Malaysia,105,4,3.81
2020-12-01,2020-12,1,Week 1,desktop,google,organic,(organic),Switzerland,113,1,0.88
2020-12-01,2020-12,1,Week 1,mobile,<Other>,organic,(organic),(not set),10,2,20.0
2020-12-01,2020-12,1,Week 1,tablet,<Other>,organic,(organic),United States,35,1,2.86
2020-12-01,2020-12,1,Week 1,mobile,google,organic,(organic),Switzerland,67,4,5.97
2020-12-01,2020-12,1,Week 1,desktop,google,organic,(organic),Portugal,84,3,3.57
2020-12-01,2020-12,1,Week 1,mobile,<Other>,organic,(organic),Indonesia,8,1,12.5
2020-12-01,2020-12,1,Week 1,mobile,google,organic,(organic),Thailand,69,2,2.9
2020-12-01,2020-12,1,Week 1,desktop,google,organic,(organic),Israel,100,9,9.0
2020-12-01,2020-12,1,Week 1,desktop,google,organic,(organic),Belgium,79,2,2.53
2020-12-01,2020-12,1,Week 1,mobile,google,organic,(organic),Hong Kong,93,5,5.38
2020-12-01,2020-12,1,Week 1,mobile,google,organic,(organic),Brazil,130,4,3.08
2020-12-01,2020-12,1,Week 1,mobile,google,organic,(organic),Canada,1043,33,3.16
2020-12-01,2020-12,1,Week 1,tablet,google,organic,(organic),Latvia,1,1,100.0
2020-12-01,2020-12,1,Week 1,tablet,google,organic,(organic),Malaysia,2,1,50.0
2020-12-01,2020-12,1,Week 1,mobile,google,organic,(organic),Russia,97,3,3.09
2020-12-01,2020-12,1,Week 1,mobile,google,organic,(organic),Turkey,145,6,4.14
2020-12-01,2020-12,1,Week 1,desktop,<Other>,organic,(organic),Japan,26,2,7.69
2020-12-01,2020-12,1,Week 1,desktop,google,organic,(organic),Russia,125,4,3.2
2020-12-01,2020-12,1,Week 1,desktop,google,organic,(organic),South Korea,290,10,3.45
2020-12-01,2020-12,1,Week 1,tablet,google,organic,(organic),Australia,8,1,12.5
2020-12-01,2020-12,1,Week 1,desktop,google,organic,(organic),Slovakia,23,1,4.35
2020-12-01,2020-12,1,Week 1,desktop,google,organic,(organic),Philippines,104,1,0.96
2020-12-01,2020-12,1,Week 1,mobile,google,organic,(organic),South Korea,184,9,4.89
2020-12-01,2020-12,1,Week 1,desktop,google,organic,(organic),China,374,17,4.55
2020-12-01,2020-12,1,Week 1,desktop,google,organic,(organic),Romania,55,2,3.64
2020-12-01,2020-12,1,Week 1,desktop,google,organic,(organic),Ireland,128,3,2.34
2020-12-01,2020-12,1,Week 1,mobile,google,organic,(organic),Singapore,195,5,2.56
2020-12-01,2020-12,1,Week 1,desktop,google,organic,(organic),Spain,358,18,5.03
2020-12-01,2020-12,1,Week 1,mobile,<Other>,organic,(organic),Spain,21,1,4.76
2020-12-01,2020-12,1,Week 1,mobile,google,organic,(organic),Germany,254,7,2.76
2020-12-01,2020-12,1,Week 1,desktop,<Other>,organic,(organic),United States,843,28,3.32
2020-12-01,2020-12,1,Week 1,desktop,<Other>,organic,(organic),Hong Kong,13,1,7.69
2020-12-01,2020-12,1,Week 1,mobile,google,organic,(organic),France,286,10,3.5
2020-12-01,2020-12,1,Week 1,desktop,<Other>,organic,(organic),Taiwan,38,1,2.63
2020-12-01,2020-12,1,Week 1,desktop,google,organic,(organic),Bahamas,5,2,40.0
2020-12-01,2020-12,1,Week 1,mobile,google,organic,(organic),Ukraine,44,1,2.27
2020-12-01,2020-12,1,Week 1,desktop,<Other>,organic,(organic),Bahrain,1,1,100.0
2020-12-01,2020-12,1,Week 1,desktop,google,organic,(organic),Canada,1556,61,3.92
2020-12-01,2020-12,1,Week 1,mobile,<Other>,organic,(organic),Ireland,8,1,12.5
2020-12-01,2020-12,1,Week 1,mobile,google,organic,(organic),Israel,55,1,1.82
2020-12-01,2020-12,1,Week 1,mobile,google,organic,(organic),Belgium,65,1,1.54
2020-12-01,2020-12,1,Week 1,mobile,<Other>,organic,(organic),Greece,7,1,14.29
2020-12-01,2020-12,1,Week 1,desktop,<Other>,organic,(organic),Belgium,11,1,9.09
2020-12-01,2020-12,1,Week 1,desktop,google,organic,(organic),Indonesia,178,4,2.25
2020-12-01,2020-12,1,Week 1,mobile,<Other>,organic,(organic),Iceland,1,1,100.0
2020-12-01,2020-12,1,Week 1,desktop,google,organic,(organic),Cyprus,7,1,14.29
2020-12-01,2020-12,1,Week 1,desktop,google,organic,(organic),Estonia,11,1,9.09
2020-12-01,2020-12,1,Week 1,mobile,google,organic,(organic),Australia,112,2,1.79
2020-12-01,2020-12,1,Week 1,mobile,google,organic,(organic),Sri Lanka,22,1,4.55
2020-12-01,2020-12,1,Week 1,desktop,google,organic,(organic),Hong Kong,124,3,2.42
2020-12-01,2020-12,1,Week 1,mobile,<Other>,organic,(organic),United States,527,16,3.04
2020-12-01,2020-12,1,Week 1,desktop,google,organic,(organic),Austria,50,2,4.0
2020-12-01,2020-12,1,Week 1,desktop,google,organic,(organic),Armenia,2,1,50.0
2020-12-01,2020-12,1,Week 1,mobile,<Other>,organic,(organic),Germany,23,1,4.35
2020-12-01,2020-12,1,Week 1,desktop,google,organic,(organic),South Africa,30,2,6.67
2020-12-01,2020-12,1,Week 1,mobile,<Other>,organic,(organic),South Korea,10,1,10.0
2020-12-01,2020-12,1,Week 1,desktop,google,organic,(organic),Norway,30,2,6.67
2020-12-01,2020-12,1,Week 1,tablet,<Other>,organic,(organic),United Kingdom,4,1,25.0
2020-12-01,2020-12,1,Week 1,mobile,google,organic,(organic),Saudi Arabia,21,1,4.76
2020-12-01,2020-12,1,Week 1,mobile,google,organic,(organic),Bangladesh,32,4,12.5
2020-12-01,2020-12,1,Week 1,mobile,google,organic,(organic),North Macedonia,5,1,20.0
2020-12-01,2020-12,1,Week 1,desktop,google,organic,(organic),Kazakhstan,14,2,14.29
2020-12-01,2020-12,1,Week 1,desktop,<Other>,organic,(organic),Russia,14,2,14.29
2020-12-01,2020-12,1,Week 1,mobile,<Other>,organic,(organic),Turkey,16,1,6.25
2020-12-01,2020-12,1,Week 1,desktop,google,organic,(organic),Turkey,202,6,2.97
2020-12-01,2020-12,1,Week 1,desktop,google,organic,(organic),Brazil,213,9,4.23
2020-12-01,2020-12,1,Week 1,mobile,google,organic,(organic),Ireland,91,5,5.49
2020-12-01,2020-12,1,Week 1,mobile,google,organic,(organic),Mexico,134,1,0.75
2020-12-01,2020-12,1,Week 1,mobile,google,organic,(organic),Philippines,59,1,1.69
2020-12-01,2020-12,1,Week 1,mobile,<Other>,organic,(organic),Canada,115,5,4.35
2020-12-01,2020-12,1,Week 1,tablet,<Other>,organic,(organic),Slovakia,1,1,100.0
2020-12-01,2020-12,1,Week 1,desktop,<Other>,organic,(organic),China,30,3,10.0
2020-12-01,2020-12,1,Week 1,mobile,google,organic,(organic),Austria,31,1,3.23
2020-12-01,2020-12,1,Week 1,mobile,google,organic,(organic),United Arab Emirates,56,2,3.57
2020-12-01,2020-12,1,Week 1,tablet,<Other>,organic,(organic),Colombia,1,1,100.0
2020-12-01,2020-12,1,Week 1,tablet,google,organic,(organic),India,67,2,2.99
2020-12-01,2020-12,1,Week 1,mobile,<Other>,organic,(organic),China,23,1,4.35
2020-12-01,2020-12,1,Week 1,desktop,google,organic,(organic),Argentina,45,3,6.67
2020-12-01,2020-12,1,Week 1,desktop,google,organic,(organic),Tunisia,10,1,10.0
2020-12-01,2020-12,1,Week 1,desktop,google,organic,(organic),Finland,39,1,2.56
2020-12-01,2020-12,1,Week 1,desktop,google,organic,(organic),United States,8691,281,3.23
2020-12-01,2020-12,1,Week 1,mobile,google,organic,(organic),Lithuania,17,1,5.88
2020-12-01,2020-12,1,Week 1,desktop,google,organic,(organic),Denmark,51,3,5.88
2020-12-01,2020-12,1,Week 1,desktop,google,organic,(organic),France,426,15,3.52
2020-12-01,2020-12,1,Week 1,mobile,<Other>,organic,(organic),Morocco,2,1,50.0
2020-12-01,2020-12,1,Week 1,desktop,google,organic,(organic),United Arab Emirates,64,2,3.13
2020-12-01,2020-12,1,Week 1,tablet,google,organic,(organic),United States,315,9,2.86
2020-12-01,2020-12,1,Week 1,desktop,google,organic,(organic),Bangladesh,42,2,4.76
2020-12-01,2020-12,1,Week 1,desktop,google,organic,(organic),Egypt,39,1,2.56
2020-12-01,2020-12,1,Week 1,desktop,google,organic,(organic),Puerto Rico,12,1,8.33
2020-12-01,2020-12,1,Week 1,desktop,google,organic,(organic),Mexico,188,7,3.72
2020-12-01,2020-12,1,Week 1,mobile,google,organic,(organic),United Kingdom,412,12,2.91
2020-12-01,2020-12,1,Week 1,mobile,<Other>,organic,(organic),India,123,5,4.07
2020-12-01,2020-12,1,Week 1,mobile,google,organic,(organic),Italy,177,6,3.39
2020-12-01,2020-12,1,Week 1,mobile,google,organic,(organic),Spain,225,3,1.33
2020-12-01,2020-12,1,Week 1,desktop,<Other>,organic,(organic),Netherlands,22,2,9.09
2020-12-01,2020-12,1,Week 1,desktop,<Other>,organic,(organic),South Korea,29,2,6.9
2020-12-01,2020-12,1,Week 1,desktop,google,organic,(organic),Ukraine,87,2,2.3
2020-12-01,2020-12,1,Week 1,desktop,google,organic,(organic),Poland,179,6,3.35
2020-12-01,2020-12,1,Week 1,desktop,<Other>,organic,(organic),Ireland,13,1,7.69
2020-12-01,2020-12,1,Week 1,mobile,google,organic,(organic),Sweden,67,1,1.49
2020-12-01,2020-12,1,Week 1,desktop,<Other>,organic,(organic),Lithuania,4,1,25.0
2020-12-01,2020-12,1,Week 1,desktop,google,organic,(organic),Colombia,88,1,1.14
2020-12-01,2020-12,1,Week 1,desktop,google,organic,(organic),Serbia,17,1,5.88
2020-12-01,2020-12,1,Week 1,desktop,google,organic,(organic),Netherlands,242,7,2.89
2020-12-01,2020-12,1,Week 1,mobile,google,organic,(organic),Peru,66,2,3.03
2020-12-01,2020-12,1,Week 1,desktop,google,organic,(organic),Thailand,88,3,3.41
2020-12-01,2020-12,1,Week 1,desktop,google,organic,(organic),India,1821,68,3.73
2020-12-01,2020-12,2,Week 2,desktop,google,organic,(organic),Pakistan,90,1,1.11
2020-12-01,2020-12,2,Week 2,desktop,google,organic,(organic),Mexico,188,3,1.6
2020-12-01,2020-12,2,Week 2,desktop,google,organic,(organic),Spain,358,8,2.23
2020-12-01,2020-12,2,Week 2,tablet,google,organic,(organic),Sweden,4,1,25.0
2020-12-01,2020-12,2,Week 2,mobile,google,organic,(organic),Russia,97,1,1.03
2020-12-01,2020-12,2,Week 2,desktop,<Other>,organic,(organic),Thailand,6,1,16.67
2020-12-01,2020-12,2,Week 2,mobile,google,organic,(organic),Portugal,51,1,1.96
2020-12-01,2020-12,2,Week 2,desktop,google,organic,(organic),Hong Kong,124,1,0.81
2020-12-01,2020-12,2,Week 2,desktop,google,organic,(organic),Norway,30,1,3.33
2020-12-01,2020-12,2,Week 2,mobile,google,organic,(organic),Azerbaijan,9,1,11.11
2020-12-01,2020-12,2,Week 2,mobile,google,organic,(organic),Thailand,69,1,1.45
2020-12-01,2020-12,2,Week 2,desktop,google,organic,(organic),Switzerland,113,2,1.77
2020-12-01,2020-12,2,Week 2,desktop,google,organic,(organic),South Africa,30,1,3.33
2020-12-01,2020-12,2,Week 2,desktop,google,organic,(organic),Bangladesh,42,1,2.38
2020-12-01,2020-12,2,Week 2,desktop,google,organic,(organic),Japan,256,3,1.17
2020-12-01,2020-12,2,Week 2,mobile,<Other>,organic,(organic),China,23,1,4.35
2020-12-01,2020-12,2,Week 2,mobile,google,organic,(organic),Argentina,32,1,3.13
2020-12-01,2020-12,2,Week 2,mobile,google,organic,(organic),Morocco,19,1,5.26
2020-12-01,2020-12,2,Week 2,desktop,google,organic,(organic),Portugal,84,1,1.19
2020-12-01,2020-12,2,Week 2,mobile,<Other>,organic,(organic),United States,527,8,1.52
2020-12-01,2020-12,2,Week 2,mobile,google,organic,(organic),El Salvador,6,1,16.67
2020-12-01,2020-12,2,Week 2,mobile,google,organic,(organic),Peru,66,1,1.52
2020-12-01,2020-12,2,Week 2,mobile,google,organic,(organic),South Korea,184,2,1.09
2020-12-01,2020-12,2,Week 2,desktop,google,organic,(organic),Germany,374,3,0.8
2020-12-01,2020-12,2,Week 2,desktop,google,organic,(organic),Romania,55,1,1.82
2020-12-01,2020-12,2,Week 2,mobile,google,organic,(organic),Mexico,134,3,2.24
2020-12-01,2020-12,2,Week 2,tablet,<Other>,organic,(organic),Colombia,1,1,100.0
2020-12-01,2020-12,2,Week 2,mobile,google,organic,(organic),Romania,29,1,3.45
2020-12-01,2020-12,2,Week 2,tablet,google,organic,(organic),Canada,55,3,5.45
2020-12-01,2020-12,2,Week 2,desktop,google,organic,(organic),Dominican Republic,17,2,11.76
2020-12-01,2020-12,2,Week 2,desktop,google,organic,(organic),Canada,1556,14,0.9
2020-12-01,2020-12,2,Week 2,desktop,google,organic,(organic),China,374,7,1.87
2020-12-01,2020-12,2,Week 2,mobile,google,organic,(organic),United Kingdom,412,2,0.49
2020-12-01,2020-12,2,Week 2,desktop,<Other>,organic,(organic),Ireland,13,1,7.69
2020-12-01,2020-12,2,Week 2,desktop,google,organic,(organic),Indonesia,178,1,0.56
2020-12-01,2020-12,2,Week 2,mobile,google,organic,(organic),Bangladesh,32,1,3.13
2020-12-01,2020-12,2,Week 2,tablet,google,organic,(organic),United Kingdom,34,2,5.88
2020-12-01,2020-12,2,Week 2,mobile,<Other>,organic,(organic),India,123,3,2.44
2020-12-01,2020-12,2,Week 2,desktop,<Other>,organic,(organic),India,156,3,1.92
2020-12-01,2020-12,2,Week 2,mobile,google,organic,(organic),Ireland,91,1,1.1
2020-12-01,2020-12,2,Week 2,desktop,<Other>,organic,(organic),Germany,35,1,2.86
2020-12-01,2020-12,2,Week 2,mobile,google,organic,(organic),Greece,47,1,2.13
2020-12-01,2020-12,2,Week 2,mobile,<Other>,organic,(organic),Canada,115,1,0.87
2020-12-01,2020-12,2,Week 2,desktop,google,organic,(organic),Australia,194,6,3.09
2020-12-01,2020-12,2,Week 2,desktop,google,organic,(organic),United Arab Emirates,64,1,1.56
2020-12-01,2020-12,2,Week 2,tablet,google,organic,(organic),Mexico,6,1,16.67
2020-12-01,2020-12,2,Week 2,mobile,google,organic,(organic),United Arab Emirates,56,1,1.79
2020-12-01,2020-12,2,Week 2,desktop,<Other>,organic,(organic),Colombia,11,1,9.09
2020-12-01,2020-12,2,Week 2,desktop,google,organic,(organic),United Kingdom,646,9,1.39
2020-12-01,2020-12,2,Week 2,desktop,google,organic,(organic),India,1821,25,1.37
2020-12-01,2020-12,2,Week 2,mobile,<Other>,organic,(organic),Morocco,2,2,100.0
2020-12-01,2020-12,2,Week 2,desktop,google,organic,(organic),Egypt,39,1,2.56
2020-12-01,2020-12,2,Week 2,mobile,google,organic,(organic),Denmark,40,1,2.5
2020-12-01,2020-12,2,Week 2,desktop,google,organic,(organic),Peru,92,2,2.17
2020-12-01,2020-12,2,Week 2,mobile,google,organic,(organic),Chile,14,1,7.14
2020-12-01,2020-12,2,Week 2,mobile,google,organic,(organic),Poland,134,3,2.24
2020-12-01,2020-12,2,Week 2,mobile,google,organic,(organic),France,286,5,1.75
2020-12-01,2020-12,2,Week 2,mobile,<Other>,organic,(organic),France,31,1,3.23
2020-12-01,2020-12,2,Week 2,desktop,google,organic,(organic),Russia,125,1,0.8
2020-12-01,2020-12,2,Week 2,desktop,<Other>,organic,(organic),Japan,26,1,3.85
2020-12-01,2020-12,2,Week 2,desktop,google,organic,(organic),Argentina,45,2,4.44
2020-12-01,2020-12,2,Week 2,tablet,<Other>,organic,(organic),United States,35,1,2.86
2020-12-01,2020-12,2,Week 2,mobile,google,organic,(organic),Turkey,145,2,1.38
2020-12-01,2020-12,2,Week 2,desktop,google,organic,(organic),Poland,179,3,1.68
2020-12-01,2020-12,2,Week 2,mobile,google,organic,(organic),Germany,254,3,1.18
2020-12-01,2020-12,2,Week 2,desktop,google,organic,(organic),Denmark,51,1,1.96
2020-12-01,2020-12,2,Week 2,tablet,google,organic,(organic),United States,315,2,0.63
2020-12-01,2020-12,2,Week 2,desktop,<Other>,organic,(organic),Mexico,11,1,9.09
2020-12-01,2020-12,2,Week 2,desktop,google,organic,(organic),Colombia,88,1,1.14
2020-12-01,2020-12,2,Week 2,desktop,google,organic,(organic),Netherlands,242,2,0.83
2020-12-01,2020-12,2,Week 2,tablet,google,organic,(organic),India,67,1,1.49
2020-12-01,2020-12,2,Week 2,mobile,google,organic,(organic),India,1360,17,1.25
2020-12-01,2020-12,2,Week 2,mobile,<Other>,organic,(organic),Brazil,13,1,7.69
2020-12-01,2020-12,2,Week 2,mobile,google,organic,(organic),Japan,172,1,0.58
2020-12-01,2020-12,2,Week 2,mobile,<Other>,organic,(organic),Ireland,8,1,12.5
2020-12-01,2020-12,2,Week 2,desktop,google,organic,(organic),Puerto Rico,12,1,8.33
2020-12-01,2020-12,2,Week 2,mobile,google,organic,(organic),Sri Lanka,22,1,4.55
2020-12-01,2020-12,2,Week 2,desktop,google,organic,(organic),Taiwan,334,3,0.9
2020-12-01,2020-12,2,Week 2,desktop,google,organic,(organic),(not set),182,3,1.65
2020-12-01,2020-12,2,Week 2,mobile,google,organic,(organic),Colombia,69,2,2.9
2020-12-01,2020-12,2,Week 2,mobile,google,organic,(organic),Switzerland,67,1,1.49
2020-12-01,2020-12,2,Week 2,desktop,google,organic,(organic),Ukraine,87,2,2.3
2020-12-01,2020-12,2,Week 2,mobile,google,organic,(organic),Indonesia,140,4,2.86
2020-12-01,2020-12,2,Week 2,mobile,<Other>,organic,(organic),Switzerland,5,1,20.0
2020-12-01,2020-12,2,Week 2,mobile,<Other>,organic,(organic),United Kingdom,28,2,7.14
2020-12-01,2020-12,2,Week 2,desktop,<Other>,organic,(organic),South Africa,5,1,20.0
2020-12-01,2020-12,2,Week 2,desktop,google,organic,(organic),Singapore,243,2,0.82
2020-12-01,2020-12,2,Week 2,desktop,<Other>,organic,(organic),United States,843,9,1.07
2020-12-01,2020-12,2,Week 2,desktop,google,organic,(organic),France,426,5,1.17
2020-12-01,2020-12,2,Week 2,mobile,google,organic,(organic),Bosnia & Herzegovina,4,1,25.0
2020-12-01,2020-12,2,Week 2,mobile,google,organic,(organic),Italy,177,1,0.56
2020-12-01,2020-12,2,Week 2,desktop,google,organic,(organic),Armenia,2,1,50.0
2020-12-01,2020-12,2,Week 2,mobile,google,organic,(organic),Malaysia,81,1,1.23
2020-12-01,2020-12,2,Week 2,mobile,google,organic,(organic),Philippines,59,1,1.69
2020-12-01,2020-12,2,Week 2,desktop,google,organic,(organic),Brazil,213,3,1.41
2020-12-01,2020-12,2,Week 2,mobile,google,organic,(organic),China,271,3,1.11
2020-12-01,2020-12,2,Week 2,desktop,google,organic,(organic),Luxembourg,5,1,20.0
2020-12-01,2020-12,2,Week 2,mobile,google,organic,(organic),United States,5977,87,1.46
2020-12-01,2020-12,2,Week 2,desktop,google,organic,(organic),Turkey,202,1,0.5
2020-12-01,2020-12,2,Week 2,mobile,google,organic,(organic),Taiwan,239,4,1.67
2020-12-01,2020-12,2,Week 2,desktop,google,organic,(organic),United States,8691,100,1.15
2020-12-01,2020-12,2,Week 2,desktop,<Other>,organic,(organic),Canada,127,5,3.94
2020-12-01,2020-12,2,Week 2,mobile,google,organic,(organic),Venezuela,5,1,20.0
2020-12-01,2020-12,2,Week 2,desktop,<Other>,organic,(organic),Turkey,15,1,6.67
2020-12-01,2020-12,2,Week 2,desktop,<Other>,organic,(organic),Taiwan,38,1,2.63
2020-12-01,2020-12,2,Week 2,desktop,google,organic,(organic),Israel,100,2,2.0
2020-12-01,2020-12,2,Week 2,mobile,<Other>,organic,(organic),Germany,23,2,8.7
2020-12-01,2020-12,2,Week 2,desktop,google,organic,(organic),Austria,50,1,2.0
2020-12-01,2020-12,2,Week 2,mobile,<Other>,organic,(organic),Singapore,21,1,4.76
2020-12-01,2020-12,2,Week 2,desktop,google,organic,(organic),Ireland,128,3,2.34
2020-12-01,2020-12,2,Week 2,desktop,google,organic,(organic),Italy,292,5,1.71
2020-12-01,2020-12,2,Week 2,mobile,google,organic,(organic),Canada,1043,11,1.05
2020-12-01,2020-12,3,Week 3,desktop,google,organic,(organic),Indonesia,178,1,0.56
2020-12-01,2020-12,3,Week 3,desktop,google,organic,(organic),Greece,64,1,1.56
2020-12-01,2020-12,3,Week 3,desktop,<Other>,organic,(organic),Kenya,1,1,100.0
2020-12-01,2020-12,3,Week 3,mobile,<Other>,organic,(organic),Peru,9,1,11.11
2020-12-01,2020-12,3,Week 3,mobile,google,organic,(organic),South Korea,184,1,0.54
2020-12-01,2020-12,3,Week 3,desktop,google,organic,(organic),Spain,358,3,0.84
2020-12-01,2020-12,3,Week 3,mobile,<Other>,organic,(organic),France,31,1,3.23
2020-12-01,2020-12,3,Week 3,desktop,google,organic,(organic),Argentina,45,1,2.22
2020-12-01,2020-12,3,Week 3,desktop,<Other>,organic,(organic),South Korea,29,1,3.45
2020-12-01,2020-12,3,Week 3,mobile,google,organic,(organic),United Arab Emirates,56,1,1.79
2020-12-01,2020-12,3,Week 3,desktop,google,organic,(organic),Israel,100,1,1.0
2020-12-01,2020-12,3,Week 3,mobile,google,organic,(organic),India,1360,12,0.88
2020-12-01,2020-12,3,Week 3,desktop,google,organic,(organic),Ukraine,87,1,1.15
2020-12-01,2020-12,3,Week 3,desktop,google,organic,(organic),Hong Kong,124,2,1.61
2020-12-01,2020-12,3,Week 3,desktop,google,organic,(organic),Japan,256,1,0.39
2020-12-01,2020-12,3,Week 3,desktop,google,organic,(organic),Italy,292,5,1.71
2020-12-01,2020-12,3,Week 3,desktop,google,organic,(organic),Norway,30,1,3.33
2020-12-01,2020-12,3,Week 3,desktop,<Other>,organic,(organic),Germany,35,1,2.86
2020-12-01,2020-12,3,Week 3,mobile,google,organic,(organic),Belgium,65,1,1.54
2020-12-01,2020-12,3,Week 3,desktop,<Other>,organic,(organic),Japan,26,1,3.85
2020-12-01,2020-12,3,Week 3,mobile,google,organic,(organic),Portugal,51,2,3.92
2020-12-01,2020-12,3,Week 3,desktop,google,organic,(organic),Singapore,243,1,0.41
2020-12-01,2020-12,3,Week 3,desktop,google,organic,(organic),South Africa,30,1,3.33
2020-12-01,2020-12,3,Week 3,mobile,google,organic,(organic),China,271,4,1.48
2020-12-01,2020-12,3,Week 3,desktop,google,organic,(organic),Kuwait,7,1,14.29
2020-12-01,2020-12,3,Week 3,desktop,google,organic,(organic),Switzerland,113,1,0.88
2020-12-01,2020-12,3,Week 3,mobile,google,organic,(organic),Singapore,195,1,0.51
2020-12-01,2020-12,3,Week 3,mobile,google,organic,(organic),Pakistan,56,1,1.79
2020-12-01,2020-12,3,Week 3,mobile,<Other>,organic,(organic),United States,527,7,1.33
2020-12-01,2020-12,3,Week 3,desktop,google,organic,(organic),Egypt,39,1,2.56
2020-12-01,2020-12,3,Week 3,mobile,google,organic,(organic),United States,5977,48,0.8
2020-12-01,2020-12,3,Week 3,mobile,google,organic,(organic),Netherlands,135,1,0.74
2020-12-01,2020-12,3,Week 3,mobile,google,organic,(organic),Taiwan,239,3,1.26
2020-12-01,2020-12,3,Week 3,desktop,google,organic,(organic),France,426,4,0.94
2020-12-01,2020-12,3,Week 3,desktop,<Other>,organic,(organic),Spain,34,1,2.94
2020-12-01,2020-12,3,Week 3,mobile,google,organic,(organic),Italy,177,2,1.13
2020-12-01,2020-12,3,Week 3,desktop,google,organic,(organic),Russia,125,1,0.8
2020-12-01,2020-12,3,Week 3,mobile,google,organic,(organic),Spain,225,2,0.89
2020-12-01,2020-12,3,Week 3,mobile,google,organic,(organic),Ireland,91,2,2.2
2020-12-01,2020-12,3,Week 3,desktop,google,organic,(organic),Turkey,202,1,0.5
2020-12-01,2020-12,3,Week 3,desktop,google,organic,(organic),Netherlands,242,1,0.41
2020-12-01,2020-12,3,Week 3,mobile,google,organic,(organic),Colombia,69,1,1.45
2020-12-01,2020-12,3,Week 3,mobile,google,organic,(organic),Russia,97,1,1.03
2020-12-01,2020-12,3,Week 3,mobile,google,organic,(organic),United Kingdom,412,5,1.21
2020-12-01,2020-12,3,Week 3,mobile,<Other>,organic,(organic),United Kingdom,28,1,3.57
2020-12-01,2020-12,3,Week 3,desktop,google,organic,(organic),Australia,194,1,0.52
2020-12-01,2020-12,3,Week 3,mobile,google,organic,(organic),Germany,254,3,1.18
2020-12-01,2020-12,3,Week 3,mobile,google,organic,(organic),France,286,2,0.7
2020-12-01,2020-12,3,Week 3,desktop,google,organic,(organic),Ireland,128,1,0.78
2020-12-01,2020-12,3,Week 3,desktop,google,organic,(organic),Brazil,213,3,1.41
2020-12-01,2020-12,3,Week 3,desktop,google,organic,(organic),Belgium,79,1,1.27
2020-12-01,2020-12,3,Week 3,mobile,<Other>,organic,(organic),Ireland,8,1,12.5
2020-12-01,2020-12,3,Week 3,desktop,google,organic,(organic),Sri Lanka,28,1,3.57
2020-12-01,2020-12,3,Week 3,mobile,<Other>,organic,(organic),Kuwait,3,1,33.33
2020-12-01,2020-12,3,Week 3,desktop,google,organic,(organic),Bolivia,1,1,100.0
2020-12-01,2020-12,3,Week 3,mobile,google,organic,(organic),Indonesia,140,1,0.71
2020-12-01,2020-12,3,Week 3,desktop,google,organic,(organic),India,1821,26,1.43
2020-12-01,2020-12,3,Week 3,desktop,<Other>,organic,(organic),United Kingdom,55,1,1.82
2020-12-01,2020-12,3,Week 3,desktop,google,organic,(organic),Vietnam,84,1,1.19
2020-12-01,2020-12,3,Week 3,desktop,<Other>,organic,(organic),Australia,17,1,5.88
2020-12-01,2020-12,3,Week 3,tablet,google,organic,(organic),United States,315,2,0.63
2020-12-01,2020-12,3,Week 3,desktop,<Other>,organic,(organic),Lithuania,4,1,25.0
2020-12-01,2020-12,3,Week 3,desktop,google,organic,(organic),Taiwan,334,5,1.5
2020-12-01,2020-12,3,Week 3,desktop,google,organic,(organic),Palestine,9,1,11.11
2020-12-01,2020-12,3,Week 3,desktop,<Other>,organic,(organic),Canada,127,1,0.79
2020-12-01,2020-12,3,Week 3,mobile,google,organic,(organic),Canada,1043,15,1.44
2020-12-01,2020-12,3,Week 3,mobile,<Other>,organic,(organic),Spain,21,1,4.76
2020-12-01,2020-12,3,Week 3,desktop,google,organic,(organic),United States,8691,82,0.94
2020-12-01,2020-12,3,Week 3,desktop,google,organic,(organic),Malaysia,105,1,0.95
2020-12-01,2020-12,3,Week 3,desktop,<Other>,organic,(organic),India,156,3,1.92
2020-12-01,2020-12,3,Week 3,mobile,<Other>,organic,(organic),Germany,23,1,4.35
2020-12-01,2020-12,3,Week 3,desktop,google,organic,(organic),United Kingdom,646,3,0.46
2020-12-01,2020-12,3,Week 3,desktop,google,organic,(organic),Luxembourg,5,1,20.0
2020-12-01,2020-12,3,Week 3,mobile,google,organic,(organic),Poland,134,1,0.75
2020-12-01,2020-12,3,Week 3,mobile,google,organic,(organic),Slovenia,10,1,10.0
2020-12-01,2020-12,3,Week 3,mobile,google,organic,(organic),Chile,14,1,7.14
2020-12-01,2020-12,3,Week 3,mobile,google,organic,(organic),Turkey,145,1,0.69
2020-12-01,2020-12,3,Week 3,mobile,google,organic,(organic),Japan,172,3,1.74
2020-12-01,2020-12,3,Week 3,desktop,google,organic,(organic),South Korea,290,1,0.34
2020-12-01,2020-12,3,Week 3,desktop,google,organic,(organic),Austria,50,2,4.0
2020-12-01,2020-12,3,Week 3,desktop,<Other>,organic,(organic),United States,843,7,0.83
2020-12-01,2020-12,3,Week 3,desktop,google,organic,(organic),Canada,1556,11,0.71
2020-12-01,2020-12,3,Week 3,desktop,<Other>,organic,(organic),Switzerland,5,1,20.0
2020-12-01,2020-12,3,Week 3,desktop,google,organic,(organic),Peru,92,1,1.09
2020-12-01,2020-12,4,Week 4,mobile,google,organic,(organic),Slovenia,10,1,10.0
2020-12-01,2020-12,4,Week 4,desktop,google,organic,(organic),Greece,64,1,1.56
2020-12-01,2020-12,4,Week 4,mobile,<Other>,organic,(organic),Kuwait,3,1,33.33
2020-12-01,2020-12,4,Week 4,desktop,google,organic,(organic),Poland,179,4,2.23
2020-12-01,2020-12,4,Week 4,desktop,<Other>,organic,(organic),Canada,127,1,0.79
2020-12-01,2020-12,4,Week 4,desktop,google,organic,(organic),Colombia,88,1,1.14
2020-12-01,2020-12,4,Week 4,desktop,google,organic,(organic),Pakistan,90,2,2.22
2020-12-01,2020-12,4,Week 4,desktop,google,organic,(organic),Belarus,12,1,8.33
2020-12-01,2020-12,4,Week 4,desktop,google,organic,(organic),Australia,194,1,0.52
2020-12-01,2020-12,4,Week 4,desktop,google,organic,(organic),United Kingdom,646,6,0.93
2020-12-01,2020-12,4,Week 4,mobile,google,organic,(organic),Indonesia,140,1,0.71
2020-12-01,2020-12,4,Week 4,desktop,google,organic,(organic),Italy,292,3,1.03
2020-12-01,2020-12,4,Week 4,desktop,google,organic,(organic),Hungary,30,1,3.33
2020-12-01,2020-12,4,Week 4,desktop,google,organic,(organic),South Korea,290,2,0.69
2020-12-01,2020-12,4,Week 4,mobile,google,organic,(organic),Romania,29,2,6.9
2020-12-01,2020-12,4,Week 4,mobile,google,organic,(organic),Australia,112,1,0.89
2020-12-01,2020-12,4,Week 4,mobile,google,organic,(organic),El Salvador,6,1,16.67
2020-12-01,2020-12,4,Week 4,mobile,google,organic,(organic),Taiwan,239,3,1.26
2020-12-01,2020-12,4,Week 4,desktop,google,organic,(organic),Canada,1556,9,0.58
2020-12-01,2020-12,4,Week 4,mobile,<Other>,organic,(organic),Germany,23,1,4.35
2020-12-01,2020-12,4,Week 4,mobile,google,organic,(organic),Brazil,130,1,0.77
2020-12-01,2020-12,4,Week 4,desktop,google,organic,(organic),Brazil,213,2,0.94
2020-12-01,2020-12,4,Week 4,tablet,google,organic,(organic),Canada,55,2,3.64
2020-12-01,2020-12,4,Week 4,desktop,google,organic,(organic),Uruguay,12,1,8.33
2020-12-01,2020-12,4,Week 4,desktop,google,organic,(organic),Belgium,79,1,1.27
2020-12-01,2020-12,4,Week 4,mobile,google,organic,(organic),Switzerland,67,1,1.49
2020-12-01,2020-12,4,Week 4,mobile,google,organic,(organic),United States,5977,53,0.89
2020-12-01,2020-12,4,Week 4,mobile,google,organic,(organic),Thailand,69,1,1.45
2020-12-01,2020-12,4,Week 4,desktop,google,organic,(organic),Taiwan,334,2,0.6
2020-12-01,2020-12,4,Week 4,desktop,google,organic,(organic),Chile,37,1,2.7
2020-12-01,2020-12,4,Week 4,desktop,google,organic,(organic),Philippines,104,1,0.96
2020-12-01,2020-12,4,Week 4,desktop,google,organic,(organic),Spain,358,1,0.28
2020-12-01,2020-12,4,Week 4,desktop,<Other>,organic,(organic),Germany,35,1,2.86
2020-12-01,2020-12,4,Week 4,desktop,google,organic,(organic),Peru,92,1,1.09
2020-12-01,2020-12,4,Week 4,desktop,google,organic,(organic),Kazakhstan,14,1,7.14
2020-12-01,2020-12,4,Week 4,desktop,google,organic,(organic),United States,8691,72,0.83
2020-12-01,2020-12,4,Week 4,mobile,google,organic,(organic),United Kingdom,412,3,0.73
2020-12-01,2020-12,4,Week 4,mobile,google,organic,(organic),Canada,1043,12,1.15
2020-12-01,2020-12,4,Week 4,mobile,google,organic,(organic),India,1360,17,1.25
2020-12-01,2020-12,4,Week 4,mobile,google,organic,(organic),Turkey,145,1,0.69
2020-12-01,2020-12,4,Week 4,desktop,<Other>,organic,(organic),India,156,1,0.64
2020-12-01,2020-12,4,Week 4,desktop,google,organic,(organic),China,374,6,1.6
2020-12-01,2020-12,4,Week 4,desktop,google,organic,(organic),France,426,6,1.41
2020-12-01,2020-12,4,Week 4,desktop,google,organic,(organic),South Africa,30,1,3.33
2020-12-01,2020-12,4,Week 4,desktop,google,organic,(organic),India,1821,18,0.99
2020-12-01,2020-12,4,Week 4,mobile,<Other>,organic,(organic),Spain,21,1,4.76
2020-12-01,2020-12,4,Week 4,desktop,google,organic,(organic),Egypt,39,1,2.56
2020-12-01,2020-12,4,Week 4,desktop,google,organic,(organic),Israel,100,2,2.0
2020-12-01,2020-12,4,Week 4,mobile,google,organic,(organic),Israel,55,1,1.82
2020-12-01,2020-12,4,Week 4,desktop,google,organic,(organic),Germany,374,5,1.34
2020-12-01,2020-12,4,Week 4,desktop,google,organic,(organic),Costa Rica,9,1,11.11
2020-12-01,2020-12,4,Week 4,desktop,google,organic,(organic),Turkey,202,1,0.5
2020-12-01,2020-12,4,Week 4,mobile,google,organic,(organic),China,271,2,0.74
2020-12-01,2020-12,4,Week 4,mobile,google,organic,(organic),South Korea,184,2,1.09
2020-12-01,2020-12,4,Week 4,desktop,google,organic,(organic),North Macedonia,14,1,7.14
2020-12-01,2020-12,4,Week 4,mobile,google,organic,(organic),Spain,225,2,0.89
2020-12-01,2020-12,4,Week 4,desktop,<Other>,organic,(organic),France,34,1,2.94
2020-12-01,2020-12,4,Week 4,mobile,google,organic,(organic),Singapore,195,5,2.56
2020-12-01,2020-12,4,Week 4,desktop,<Other>,organic,(organic),United States,843,8,0.95
2020-12-01,2020-12,4,Week 4,mobile,google,organic,(organic),Italy,177,3,1.69
2020-12-01,2020-12,4,Week 4,desktop,google,organic,(organic),Austria,50,1,2.0
2020-12-01,2020-12,4,Week 4,desktop,google,organic,(organic),Mexico,188,2,1.06
2020-12-01,2020-12,4,Week 4,mobile,google,organic,(organic),Poland,134,1,0.75
2020-12-01,2020-12,4,Week 4,desktop,google,organic,(organic),Iraq,6,1,16.67
2020-12-01,2020-12,4,Week 4,mobile,<Other>,organic,(organic),United States,527,4,0.76
2020-12-01,2020-12,4,Week 4,desktop,<Other>,organic,(organic),Kenya,1,1,100.0
2020-12-01,2020-12,4,Week 4,desktop,google,organic,(organic),Hong Kong,124,2,1.61
2020-12-01,2020-12,4,Week 4,desktop,google,organic,(organic),Singapore,243,1,0.41
2020-12-01,2020-12,4,Week 4,mobile,google,organic,(organic),Netherlands,135,1,0.74
2020-12-01,2020-12,4,Week 4,mobile,google,organic,(organic),France,286,2,0.7
2020-12-01,2020-12,4,Week 4,tablet,google,organic,(organic),United States,315,2,0.63
2020-12-01,2020-12,4,Week 4,mobile,google,organic,(organic),Peru,66,1,1.52
2020-12-01,2020-12,4,Week 4,desktop,google,organic,(organic),Russia,125,1,0.8
2020-12-01,2020-12,4,Week 4,desktop,google,organic,(organic),Romania,55,1,1.82
2020-12-01,2020-12,4,Week 4,mobile,google,organic,(organic),Japan,172,3,1.74
2020-12-01,2020-12,5,Week 5,tablet,google,organic,(organic),Netherlands,6,1,16.67
2020-12-01,2020-12,5,Week 5,mobile,google,organic,(organic),United Arab Emirates,56,1,1.79
2020-12-01,2020-12,5,Week 5,desktop,google,organic,(organic),Norway,30,1,3.33
2020-12-01,2020-12,5,Week 5,desktop,google,organic,(organic),Hong Kong,124,1,0.81
2020-12-01,2020-12,5,Week 5,desktop,google,organic,(organic),China,374,1,0.27
2020-12-01,2020-12,5,Week 5,desktop,<Other>,organic,(organic),Switzerland,5,1,20.0
2020-12-01,2020-12,5,Week 5,tablet,google,organic,(organic),United States,315,1,0.32
2020-12-01,2020-12,5,Week 5,desktop,google,organic,(organic),Venezuela,5,1,20.0
2020-12-01,2020-12,5,Week 5,mobile,google,organic,(organic),Netherlands,135,2,1.48
2020-12-01,2020-12,5,Week 5,mobile,google,organic,(organic),India,1360,3,0.22
2020-12-01,2020-12,5,Week 5,desktop,google,organic,(organic),New Zealand,26,1,3.85
2020-12-01,2020-12,5,Week 5,desktop,<Other>,organic,(organic),United States,843,5,0.59
2020-12-01,2020-12,5,Week 5,mobile,google,organic,(organic),Pakistan,56,1,1.79
2020-12-01,2020-12,5,Week 5,desktop,google,organic,(organic),Turkey,202,3,1.49
2020-12-01,2020-12,5,Week 5,mobile,google,organic,(organic),Malaysia,81,2,2.47
2020-12-01,2020-12,5,Week 5,desktop,google,organic,(organic),Japan,256,3,1.17
2020-12-01,2020-12,5,Week 5,mobile,google,organic,(organic),Indonesia,140,1,0.71
2020-12-01,2020-12,5,Week 5,mobile,google,organic,(organic),China,271,3,1.11
2020-12-01,2020-12,5,Week 5,mobile,<Other>,organic,(organic),Denmark,2,1,50.0
2020-12-01,2020-12,5,Week 5,desktop,google,organic,(organic),Croatia,39,1,2.56
2020-12-01,2020-12,5,Week 5,desktop,<Other>,organic,(organic),India,156,1,0.64
2020-12-01,2020-12,5,Week 5,desktop,google,organic,(organic),Taiwan,334,1,0.3
2020-12-01,2020-12,5,Week 5,desktop,google,organic,(organic),Indonesia,178,2,1.12
2020-12-01,2020-12,5,Week 5,desktop,google,organic,(organic),Australia,194,1,0.52
2020-12-01,2020-12,5,Week 5,desktop,google,organic,(organic),Germany,374,3,0.8
2020-12-01,2020-12,5,Week 5,desktop,google,organic,(organic),Russia,125,1,0.8
2020-12-01,2020-12,5,Week 5,desktop,google,organic,(organic),Poland,179,1,0.56
2020-12-01,2020-12,5,Week 5,tablet,google,organic,(organic),United Kingdom,34,1,2.94
2020-12-01,2020-12,5,Week 5,desktop,google,organic,(organic),Portugal,84,1,1.19
2020-12-01,2020-12,5,Week 5,mobile,google,organic,(organic),Romania,29,1,3.45
2020-12-01,2020-12,5,Week 5,mobile,<Other>,organic,(organic),Canada,115,1,0.87
2020-12-01,2020-12,5,Week 5,desktop,google,organic,(organic),South Korea,290,1,0.34
2020-12-01,2020-12,5,Week 5,mobile,<Other>,organic,(organic),(not set),10,1,10.0
2020-12-01,2020-12,5,Week 5,desktop,<Other>,organic,(organic),Taiwan,38,1,2.63
2020-12-01,2020-12,5,Week 5,mobile,google,organic,(organic),Singapore,195,1,0.51
2020-12-01,2020-12,5,Week 5,desktop,google,organic,(organic),Tunisia,10,1,10.0
2020-12-01,2020-12,5,Week 5,desktop,google,organic,(organic),Mexico,188,1,0.53
2020-12-01,2020-12,5,Week 5,desktop,google,organic,(organic),Brazil,213,1,0.47
2020-12-01,2020-12,5,Week 5,desktop,<Other>,organic,(organic),South Korea,29,1,3.45
2020-12-01,2020-12,5,Week 5,mobile,google,organic,(organic),(not set),103,2,1.94
2020-12-01,2020-12,5,Week 5,desktop,google,organic,(organic),Singapore,243,1,0.41
2020-12-01,2020-12,5,Week 5,mobile,google,organic,(organic),Mexico,134,2,1.49
2020-12-01,2020-12,5,Week 5,mobile,google,organic,(organic),Spain,225,3,1.33
2020-12-01,2020-12,5,Week 5,mobile,<Other>,organic,(organic),United States,527,7,1.33
2020-12-01,2020-12,5,Week 5,desktop,google,organic,(organic),(not set),182,1,0.55
2020-12-01,2020-12,5,Week 5,desktop,<Other>,organic,(organic),Canada,127,1,0.79
2020-12-01,2020-12,5,Week 5,mobile,google,organic,(organic),Switzerland,67,1,1.49
2020-12-01,2020-12,5,Week 5,desktop,google,organic,(organic),United Kingdom,646,1,0.15
2020-12-01,2020-12,5,Week 5,mobile,google,organic,(organic),South Korea,184,2,1.09
2020-12-01,2020-12,5,Week 5,mobile,google,organic,(organic),Italy,177,1,0.56
2020-12-01,2020-12,5,Week 5,mobile,google,organic,(organic),France,286,1,0.35
2020-12-01,2020-12,5,Week 5,desktop,google,organic,(organic),India,1821,12,0.66
2020-12-01,2020-12,5,Week 5,mobile,<Other>,organic,(organic),Germany,23,1,4.35
2020-12-01,2020-12,5,Week 5,mobile,google,organic,(organic),Austria,31,1,3.23
2020-12-01,2020-12,5,Week 5,mobile,google,organic,(organic),United States,5977,38,0.64
2020-12-01,2020-12,5,Week 5,desktop,google,organic,(organic),France,426,2,0.47
2020-12-01,2020-12,5,Week 5,tablet,<Other>,organic,(organic),United States,35,1,2.86
2020-12-01,2020-12,5,Week 5,desktop,google,organic,(organic),United States,8691,54,0.62
2020-12-01,2020-12,5,Week 5,desktop,<Other>,organic,(organic),United Kingdom,55,1,1.82
2020-12-01,2020-12,5,Week 5,desktop,google,organic,(organic),Morocco,23,1,4.35
2020-12-01,2020-12,5,Week 5,desktop,google,organic,(organic),Hungary,30,1,3.33
2020-12-01,2020-12,5,Week 5,mobile,google,organic,(organic),Canada,1043,2,0.19
2020-12-01,2020-12,5,Week 5,desktop,google,organic,(organic),South Africa,30,1,3.33
2020-12-01,2020-12,5,Week 5,desktop,google,organic,(organic),Austria,50,2,4.0
2020-12-01,2020-12,5,Week 5,desktop,google,organic,(organic),Canada,1556,10,0.64
2020-12-01,2020-12,5,Week 5,desktop,google,organic,(organic),Israel,100,1,1.0
2020-12-01,2020-12,5,Week 5,mobile,google,organic,(organic),Turkey,145,2,1.38
2020-12-01,2020-12,5,Week 5,mobile,google,organic,(organic),Taiwan,239,2,0.84
2020-12-01,2020-12,6,Week 6,desktop,google,organic,(organic),Peru,92,1,1.09
2020-12-01,2020-12,6,Week 6,desktop,google,organic,(organic),Brazil,213,1,0.47
2020-12-01,2020-12,6,Week 6,desktop,google,organic,(organic),Israel,100,1,1.0
2020-12-01,2020-12,6,Week 6,mobile,google,organic,(organic),Saudi Arabia,21,1,4.76
2020-12-01,2020-12,6,Week 6,desktop,google,organic,(organic),Belgium,79,1,1.27
2020-12-01,2020-12,6,Week 6,mobile,google,organic,(organic),South Korea,184,1,0.54
2020-12-01,2020-12,6,Week 6,desktop,google,organic,(organic),India,1821,8,0.44
2020-12-01,2020-12,6,Week 6,desktop,<Other>,organic,(organic),South Korea,29,1,3.45
2020-12-01,2020-12,6,Week 6,mobile,google,organic,(organic),United States,5977,16,0.27
2020-12-01,2020-12,6,Week 6,desktop,google,organic,(organic),Iraq,6,1,16.67
2020-12-01,2020-12,6,Week 6,desktop,google,organic,(organic),Hong Kong,124,1,0.81
2020-12-01,2020-12,6,Week 6,mobile,google,organic,(organic),Peru,66,1,1.52
2020-12-01,2020-12,6,Week 6,desktop,google,organic,(organic),Pakistan,90,1,1.11
2020-12-01,2020-12,6,Week 6,desktop,google,organic,(organic),Taiwan,334,2,0.6
2020-12-01,2020-12,6,Week 6,mobile,google,organic,(organic),China,271,3,1.11
2020-12-01,2020-12,6,Week 6,desktop,google,organic,(organic),Croatia,39,1,2.56
2020-12-01,2020-12,6,Week 6,desktop,google,organic,(organic),South Korea,290,2,0.69
2020-12-01,2020-12,6,Week 6,desktop,google,organic,(organic),Japan,256,1,0.39
2020-12-01,2020-12,6,Week 6,desktop,google,organic,(organic),Lithuania,16,1,6.25
2020-12-01,2020-12,6,Week 6,mobile,google,organic,(organic),Switzerland,67,1,1.49
2020-12-01,2020-12,6,Week 6,tablet,google,organic,(organic),Norway,2,1,50.0
2020-12-01,2020-12,6,Week 6,mobile,google,organic,(organic),Malaysia,81,1,1.23
2020-12-01,2020-12,6,Week 6,mobile,google,organic,(organic),France,286,1,0.35
2020-12-01,2020-12,6,Week 6,mobile,<Other>,organic,(organic),India,123,1,0.81
2020-12-01,2020-12,6,Week 6,desktop,google,organic,(organic),France,426,3,0.7
2020-12-01,2020-12,6,Week 6,desktop,<Other>,organic,(organic),United States,843,5,0.59
2020-12-01,2020-12,6,Week 6,desktop,google,organic,(organic),Dominican Republic,17,2,11.76
2020-12-01,2020-12,6,Week 6,desktop,google,organic,(organic),Canada,1556,5,0.32
2020-12-01,2020-12,6,Week 6,desktop,google,organic,(organic),Vietnam,84,1,1.19
2020-12-01,2020-12,6,Week 6,desktop,google,organic,(organic),Russia,125,1,0.8
2020-12-01,2020-12,6,Week 6,mobile,google,organic,(organic),Ireland,91,1,1.1
2020-12-01,2020-12,6,Week 6,desktop,google,organic,(organic),Germany,374,3,0.8
2020-12-01,2020-12,6,Week 6,desktop,google,organic,(organic),United Kingdom,646,1,0.15
2020-12-01,2020-12,6,Week 6,desktop,google,organic,(organic),Kazakhstan,14,1,7.14
2020-12-01,2020-12,6,Week 6,mobile,<Other>,organic,(organic),Pakistan,8,1,12.5
2020-12-01,2020-12,6,Week 6,mobile,google,organic,(organic),Spain,225,1,0.44
2020-12-01,2020-12,6,Week 6,mobile,google,organic,(organic),Canada,1043,1,0.1
2020-12-01,2020-12,6,Week 6,mobile,google,organic,(organic),Brazil,130,2,1.54
2020-12-01,2020-12,6,Week 6,desktop,google,organic,(organic),United States,8691,38,0.44
2020-12-01,2020-12,6,Week 6,mobile,google,organic,(organic),India,1360,3,0.22
2020-12-01,2020-12,6,Week 6,mobile,<Other>,organic,(organic),United States,527,2,0.38
2020-12-01,2020-12,6,Week 6,desktop,<Other>,organic,(organic),Turkey,15,1,6.67
2020-12-01,2020-12,7,Week 7,mobile,google,organic,(organic),Taiwan,239,1,0.42
2020-12-01,2020-12,7,Week 7,desktop,<Other>,organic,(organic),Turkey,15,1,6.67
2020-12-01,2020-12,7,Week 7,desktop,<Other>,organic,(organic),Peru,9,1,11.11
2020-12-01,2020-12,7,Week 7,desktop,google,organic,(organic),Palestine,9,1,11.11
2020-12-01,2020-12,7,Week 7,desktop,google,organic,(organic),Singapore,243,1,0.41
2020-12-01,2020-12,7,Week 7,mobile,google,organic,(organic),Canada,1043,1,0.1
2020-12-01,2020-12,7,Week 7,mobile,google,organic,(organic),Spain,225,1,0.44
2020-12-01,2020-12,7,Week 7,desktop,google,organic,(organic),Spain,358,2,0.56
2020-12-01,2020-12,7,Week 7,desktop,google,organic,(organic),India,1821,3,0.16
2020-12-01,2020-12,7,Week 7,mobile,google,organic,(organic),United States,5977,10,0.17
2020-12-01,2020-12,7,Week 7,desktop,google,organic,(organic),United States,8691,20,0.23
2020-12-01,2020-12,7,Week 7,desktop,google,organic,(organic),Turkey,202,1,0.5
2020-12-01,2020-12,7,Week 7,desktop,google,organic,(organic),Germany,374,1,0.27
2020-12-01,2020-12,7,Week 7,desktop,google,organic,(organic),Puerto Rico,12,1,8.33
2020-12-01,2020-12,7,Week 7,mobile,google,organic,(organic),China,271,1,0.37
2020-12-01,2020-12,7,Week 7,desktop,google,organic,(organic),Uruguay,12,1,8.33
2020-12-01,2020-12,7,Week 7,mobile,<Other>,organic,(organic),United States,527,2,0.38
2020-12-01,2020-12,7,Week 7,desktop,google,organic,(organic),Israel,100,1,1.0
2020-12-01,2020-12,7,Week 7,desktop,google,organic,(organic),(not set),182,1,0.55
2020-12-01,2020-12,7,Week 7,mobile,google,organic,(organic),India,1360,2,0.15
2020-12-01,2020-12,7,Week 7,desktop,google,organic,(organic),Egypt,39,1,2.56
2020-12-01,2020-12,7,Week 7,desktop,<Other>,organic,(organic),Switzerland,5,1,20.0
2020-12-01,2020-12,7,Week 7,desktop,google,organic,(organic),Philippines,104,1,0.96
2020-12-01,2020-12,7,Week 7,desktop,google,organic,(organic),Brazil,213,1,0.47
2020-12-01,2020-12,7,Week 7,mobile,google,organic,(organic),El Salvador,6,1,16.67
2020-12-01,2020-12,7,Week 7,mobile,google,organic,(organic),Thailand,69,2,2.9
2020-12-01,2020-12,7,Week 7,desktop,google,organic,(organic),Canada,1556,2,0.13
2020-12-01,2020-12,7,Week 7,desktop,google,organic,(organic),Kazakhstan,14,1,7.14
2020-12-01,2020-12,7,Week 7,desktop,<Other>,organic,(organic),United States,843,2,0.24
2020-12-01,2020-12,8,Week 8,mobile,google,organic,(organic),China,271,1,0.37
2020-12-01,2020-12,8,Week 8,desktop,<Other>,organic,(organic),United States,843,1,0.12
2020-12-01,2020-12,8,Week 8,mobile,google,organic,(organic),United States,5977,6,0.1
2020-12-01,2020-12,8,Week 8,desktop,google,organic,(organic),South Korea,290,1,0.34
2020-12-01,2020-12,8,Week 8,desktop,google,organic,(organic),Italy,292,1,0.34
2020-12-01,2020-12,8,Week 8,desktop,<Other>,organic,(organic),Switzerland,5,1,20.0
2020-12-01,2020-12,8,Week 8,desktop,<Other>,organic,(organic),Malaysia,11,1,9.09
2020-12-01,2020-12,8,Week 8,desktop,google,organic,(organic),Germany,374,1,0.27
2020-12-01,2020-12,8,Week 8,mobile,google,organic,(organic),Taiwan,239,1,0.42
2020-12-01,2020-12,8,Week 8,desktop,google,organic,(organic),United States,8691,9,0.1
2020-12-01,2020-12,8,Week 8,mobile,<Other>,organic,(organic),United States,527,1,0.19
2020-12-01,2020-12,8,Week 8,desktop,google,organic,(organic),Dominican Republic,17,1,5.88
2020-12-01,2020-12,8,Week 8,tablet,google,organic,(organic),United Kingdom,34,1,2.94
2020-12-01,2020-12,8,Week 8,desktop,google,organic,(organic),Mexico,188,1,0.53
2020-12-01,2020-12,8,Week 8,mobile,google,organic,(organic),Canada,1043,1,0.1
2020-12-01,2020-12,8,Week 8,desktop,<Other>,organic,(organic),India,156,1,0.64
2020-12-01,2020-12,8,Week 8,desktop,google,organic,(organic),India,1821,2,0.11
2020-12-01,2020-12,8,Week 8,desktop,google,organic,(organic),Portugal,84,1,1.19
2020-12-01,2020-12,9,Week 9,desktop,google,organic,(organic),Austria,50,1,2.0
2020-12-01,2020-12,9,Week 9,desktop,google,organic,(organic),United States,8691,1,0.01
2020-12-01,2020-12,9,Week 9,tablet,google,organic,(organic),United Kingdom,34,1,2.94
2020-12-01,2020-12,0,Week 0,tablet,<Other>,referral,(referral),Germany,2,2,100.0
2020-12-01,2020-12,0,Week 0,tablet,<Other>,referral,(referral),Taiwan,3,3,100.0
2020-12-01,2020-12,0,Week 0,mobile,shop.googlemerchandisestore.com,referral,(referral),Argentina,7,7,100.0
2020-12-01,2020-12,0,Week 0,mobile,shop.googlemerchandisestore.com,referral,(referral),Switzerland,11,11,100.0
2020-12-01,2020-12,0,Week 0,mobile,<Other>,referral,(referral),Belarus,2,2,100.0
2020-12-01,2020-12,0,Week 0,desktop,<Other>,referral,(referral),Slovenia,3,3,100.0
2020-12-01,2020-12,0,Week 0,desktop,<Other>,referral,(referral),Cambodia,4,4,100.0
2020-12-01,2020-12,0,Week 0,desktop,shop.googlemerchandisestore.com,referral,(referral),Saudi Arabia,4,4,100.0
2020-12-01,2020-12,0,Week 0,desktop,shop.googlemerchandisestore.com,referral,(referral),Denmark,8,8,100.0
2020-12-01,2020-12,0,Week 0,desktop,shop.googlemerchandisestore.com,referral,(referral),Russia,16,16,100.0
2020-12-01,2020-12,0,Week 0,desktop,<Other>,referral,(referral),Argentina,17,17,100.0
2020-12-01,2020-12,0,Week 0,desktop,<Other>,referral,(referral),Colombia,22,22,100.0
2020-12-01,2020-12,0,Week 0,desktop,shop.googlemerchandisestore.com,referral,(referral),Taiwan,53,53,100.0
2020-12-01,2020-12,0,Week 0,desktop,shop.googlemerchandisestore.com,referral,(referral),Estonia,1,1,100.0
2020-12-01,2020-12,0,Week 0,desktop,<Other>,referral,(referral),North Macedonia,2,2,100.0
2020-12-01,2020-12,0,Week 0,mobile,shop.googlemerchandisestore.com,referral,(referral),Ecuador,3,3,100.0
2020-12-01,2020-12,0,Week 0,desktop,shop.googlemerchandisestore.com,referral,(referral),Chile,11,11,100.0
2020-12-01,2020-12,0,Week 0,desktop,shop.googlemerchandisestore.com,referral,(referral),Venezuela,1,1,100.0
2020-12-01,2020-12,0,Week 0,tablet,<Other>,referral,(referral),Malaysia,2,2,100.0
2020-12-01,2020-12,0,Week 0,desktop,<Other>,referral,(referral),Tunisia,2,2,100.0
2020-12-01,2020-12,0,Week 0,desktop,shop.googlemerchandisestore.com,referral,(referral),New Zealand,4,4,100.0
2020-12-01,2020-12,0,Week 0,mobile,<Other>,referral,(referral),Netherlands,50,50,100.0
2020-12-01,2020-12,0,Week 0,desktop,shop.googlemerchandisestore.com,referral,(referral),Hungary,3,3,100.0
2020-12-01,2020-12,0,Week 0,mobile,<Other>,referral,(referral),Austria,13,13,100.0
2020-12-01,2020-12,0,Week 0,mobile,shop.googlemerchandisestore.com,referral,(referral),Iceland,1,1,100.0
2020-12-01,2020-12,0,Week 0,mobile,<Other>,referral,(referral),Kuwait,6,6,100.0
2020-12-01,2020-12,0,Week 0,mobile,<Other>,referral,(referral),Thailand,13,13,100.0
2020-12-01,2020-12,0,Week 0,mobile,shop.googlemerchandisestore.com,referral,(referral),Australia,14,14,100.0
2020-12-01,2020-12,0,Week 0,mobile,<Other>,referral,(referral),Egypt,6,6,100.0
2020-12-01,2020-12,0,Week 0,mobile,shop.googlemerchandisestore.com,referral,(referral),Russia,20,20,100.0
2020-12-01,2020-12,0,Week 0,tablet,shop.googlemerchandisestore.com,referral,(referral),United States,44,44,100.0
2020-12-01,2020-12,0,Week 0,desktop,shop.googlemerchandisestore.com,referral,(referral),Italy,53,53,100.0
2020-12-01,2020-12,0,Week 0,mobile,shop.googlemerchandisestore.com,referral,(referral),Cambodia,1,1,100.0
2020-12-01,2020-12,0,Week 0,mobile,<Other>,referral,(referral),Cyprus,1,1,100.0
2020-12-01,2020-12,0,Week 0,tablet,shop.googlemerchandisestore.com,referral,(referral),Russia,2,2,100.0
2020-12-01,2020-12,0,Week 0,desktop,<Other>,referral,(referral),Costa Rica,3,3,100.0
2020-12-01,2020-12,0,Week 0,desktop,<Other>,referral,(referral),Brazil,65,65,100.0
2020-12-01,2020-12,0,Week 0,tablet,<Other>,referral,(referral),South Africa,1,1,100.0
2020-12-01,2020-12,0,Week 0,mobile,<Other>,referral,(referral),Palestine,1,1,100.0
2020-12-01,2020-12,0,Week 0,desktop,shop.googlemerchandisestore.com,referral,(referral),Nepal,2,2,100.0
2020-12-01,2020-12,0,Week 0,tablet,<Other>,referral,(referral),Mexico,3,3,100.0
2020-12-01,2020-12,0,Week 0,mobile,<Other>,referral,(referral),Estonia,4,4,100.0
2020-12-01,2020-12,0,Week 0,mobile,shop.googlemerchandisestore.com,referral,(referral),Thailand,8,8,100.0
2020-12-01,2020-12,0,Week 0,mobile,shop.googlemerchandisestore.com,referral,(referral),China,32,32,100.0
2020-12-01,2020-12,0,Week 0,desktop,<Other>,referral,(referral),Mexico,47,47,100.0
2020-12-01,2020-12,0,Week 0,mobile,<Other>,referral,(referral),Czechia,11,11,100.0
2020-12-01,2020-12,0,Week 0,desktop,<Other>,referral,(referral),Austria,18,18,100.0
2020-12-01,2020-12,0,Week 0,tablet,<Other>,referral,(referral),Iraq,1,1,100.0
2020-12-01,2020-12,0,Week 0,mobile,shop.googlemerchandisestore.com,referral,(referral),Palestine,1,1,100.0
2020-12-01,2020-12,0,Week 0,tablet,shop.googlemerchandisestore.com,referral,(referral),Portugal,1,1,100.0
2020-12-01,2020-12,0,Week 0,mobile,<Other>,referral,(referral),Puerto Rico,2,2,100.0
2020-12-01,2020-12,0,Week 0,desktop,<Other>,referral,(referral),Lebanon,3,3,100.0
2020-12-01,2020-12,0,Week 0,desktop,<Other>,referral,(referral),Bangladesh,10,10,100.0
2020-12-01,2020-12,0,Week 0,desktop,shop.googlemerchandisestore.com,referral,(referral),Cambodia,1,1,100.0
2020-12-01,2020-12,0,Week 0,tablet,<Other>,referral,(referral),Hong Kong,3,3,100.0
2020-12-01,2020-12,0,Week 0,desktop,shop.googlemerchandisestore.com,referral,(referral),Morocco,6,6,100.0
2020-12-01,2020-12,0,Week 0,mobile,<Other>,referral,(referral),Ireland,13,13,100.0
2020-12-01,2020-12,0,Week 0,mobile,<Other>,referral,(referral),Mexico,36,36,100.0
2020-12-01,2020-12,0,Week 0,mobile,shop.googlemerchandisestore.com,referral,(referral),Myanmar (Burma),1,1,100.0
2020-12-01,2020-12,0,Week 0,desktop,shop.googlemerchandisestore.com,referral,(referral),Argentina,6,6,100.0
2020-12-01,2020-12,0,Week 0,mobile,<Other>,referral,(referral),Israel,17,17,100.0
2020-12-01,2020-12,0,Week 0,mobile,shop.googlemerchandisestore.com,referral,(referral),Slovenia,1,1,100.0
2020-12-01,2020-12,0,Week 0,desktop,shop.googlemerchandisestore.com,referral,(referral),Lithuania,2,2,100.0
2020-12-01,2020-12,0,Week 0,desktop,<Other>,referral,(referral),Puerto Rico,2,2,100.0
2020-12-01,2020-12,0,Week 0,desktop,shop.googlemerchandisestore.com,referral,(referral),Qatar,3,3,100.0
2020-12-01,2020-12,0,Week 0,desktop,shop.googlemerchandisestore.com,referral,(referral),Slovakia,7,7,100.0
2020-12-01,2020-12,0,Week 0,desktop,<Other>,referral,(referral),Hong Kong,31,31,100.0
2020-12-01,2020-12,0,Week 0,desktop,shop.googlemerchandisestore.com,referral,(referral),Spain,60,60,100.0
2020-12-01,2020-12,0,Week 0,tablet,shop.googlemerchandisestore.com,referral,(referral),South Korea,1,1,100.0
2020-12-01,2020-12,0,Week 0,tablet,<Other>,referral,(referral),Canada,8,8,100.0
2020-12-01,2020-12,0,Week 0,mobile,<Other>,referral,(referral),Bahrain,1,1,100.0
2020-12-01,2020-12,0,Week 0,desktop,<Other>,referral,(referral),Croatia,5,5,100.0
2020-12-01,2020-12,0,Week 0,desktop,<Other>,referral,(referral),Nigeria,6,6,100.0
2020-12-01,2020-12,0,Week 0,desktop,<Other>,referral,(referral),Norway,6,6,100.0
2020-12-01,2020-12,0,Week 0,desktop,shop.googlemerchandisestore.com,referral,(referral),Sri Lanka,7,7,100.0
2020-12-01,2020-12,0,Week 0,mobile,shop.googlemerchandisestore.com,referral,(referral),Colombia,14,14,100.0
2020-12-01,2020-12,0,Week 0,mobile,<Other>,referral,(referral),Philippines,16,16,100.0
2020-12-01,2020-12,0,Week 0,mobile,<Other>,referral,(referral),Belgium,17,17,100.0
2020-12-01,2020-12,0,Week 0,mobile,<Other>,referral,(referral),South Korea,58,58,100.0
2020-12-01,2020-12,0,Week 0,mobile,<Other>,referral,(referral),Malta,1,1,100.0
2020-12-01,2020-12,0,Week 0,tablet,<Other>,referral,(referral),Hungary,1,1,100.0
2020-12-01,2020-12,0,Week 0,mobile,shop.googlemerchandisestore.com,referral,(referral),Honduras,2,2,100.0
2020-12-01,2020-12,0,Week 0,desktop,<Other>,referral,(referral),Taiwan,106,106,100.0
2020-12-01,2020-12,0,Week 0,mobile,shop.googlemerchandisestore.com,referral,(referral),Kenya,1,1,100.0
2020-12-01,2020-12,0,Week 0,desktop,shop.googlemerchandisestore.com,referral,(referral),Algeria,1,1,100.0
2020-12-01,2020-12,0,Week 0,desktop,<Other>,referral,(referral),Kosovo,1,1,100.0
2020-12-01,2020-12,0,Week 0,mobile,shop.googlemerchandisestore.com,referral,(referral),Morocco,2,2,100.0
2020-12-01,2020-12,0,Week 0,mobile,shop.googlemerchandisestore.com,referral,(referral),Romania,5,5,100.0
2020-12-01,2020-12,0,Week 0,mobile,shop.googlemerchandisestore.com,referral,(referral),Denmark,5,5,100.0
2020-12-01,2020-12,0,Week 0,mobile,<Other>,referral,(referral),Brazil,32,32,100.0
2020-12-01,2020-12,0,Week 0,mobile,shop.googlemerchandisestore.com,referral,(referral),Italy,34,34,100.0
2020-12-01,2020-12,0,Week 0,mobile,shop.googlemerchandisestore.com,referral,(referral),Jordan,2,2,100.0
2020-12-01,2020-12,0,Week 0,desktop,shop.googlemerchandisestore.com,referral,(referral),Ecuador,5,5,100.0
2020-12-01,2020-12,0,Week 0,desktop,<Other>,referral,(referral),Japan,69,69,100.0
2020-12-01,2020-12,0,Week 0,desktop,shop.googlemerchandisestore.com,referral,(referral),Lebanon,1,1,100.0
2020-12-01,2020-12,0,Week 0,tablet,<Other>,referral,(referral),Morocco,1,1,100.0
2020-12-01,2020-12,0,Week 0,mobile,shop.googlemerchandisestore.com,referral,(referral),Nepal,1,1,100.0
2020-12-01,2020-12,0,Week 0,desktop,<Other>,referral,(referral),Hungary,2,2,100.0
2020-12-01,2020-12,0,Week 0,tablet,<Other>,referral,(referral),Romania,3,3,100.0
2020-12-01,2020-12,0,Week 0,desktop,<Other>,referral,(referral),Kazakhstan,3,3,100.0
2020-12-01,2020-12,0,Week 0,mobile,<Other>,referral,(referral),Armenia,1,1,100.0
2020-12-01,2020-12,0,Week 0,desktop,shop.googlemerchandisestore.com,referral,(referral),Mongolia,2,2,100.0
2020-12-01,2020-12,0,Week 0,mobile,<Other>,referral,(referral),Nepal,2,2,100.0
2020-12-01,2020-12,0,Week 0,mobile,shop.googlemerchandisestore.com,referral,(referral),Slovakia,3,3,100.0
2020-12-01,2020-12,0,Week 0,mobile,<Other>,referral,(referral),Bangladesh,5,5,100.0
2020-12-01,2020-12,0,Week 0,mobile,<Other>,referral,(referral),Hong Kong,13,13,100.0
2020-12-01,2020-12,0,Week 0,mobile,shop.googlemerchandisestore.com,referral,(referral),Algeria,2,2,100.0
2020-12-01,2020-12,0,Week 0,tablet,<Other>,referral,(referral),Indonesia,3,3,100.0
2020-12-01,2020-12,0,Week 0,desktop,shop.googlemerchandisestore.com,referral,(referral),Portugal,13,13,100.0
2020-12-01,2020-12,0,Week 0,desktop,shop.googlemerchandisestore.com,referral,(referral),Brazil,27,27,100.0
2020-12-01,2020-12,0,Week 0,desktop,<Other>,referral,(referral),China,92,92,100.0
2020-12-01,2020-12,0,Week 0,mobile,<Other>,referral,(referral),United States,1657,1657,100.0
2020-12-01,2020-12,0,Week 0,mobile,shop.googlemerchandisestore.com,referral,(referral),United Arab Emirates,2,2,100.0
2020-12-01,2020-12,0,Week 0,desktop,shop.googlemerchandisestore.com,referral,(referral),Ireland,21,21,100.0
2020-12-01,2020-12,0,Week 0,mobile,<Other>,referral,(referral),Spain,68,68,100.0
2020-12-01,2020-12,0,Week 0,mobile,shop.googlemerchandisestore.com,referral,(referral),Belgium,5,5,100.0
2020-12-01,2020-12,0,Week 0,desktop,shop.googlemerchandisestore.com,referral,(referral),Indonesia,24,24,100.0
2020-12-01,2020-12,0,Week 0,desktop,shop.googlemerchandisestore.com,referral,(referral),South Korea,57,57,100.0
2020-12-01,2020-12,0,Week 0,mobile,shop.googlemerchandisestore.com,referral,(referral),United States,909,909,100.0
2020-12-01,2020-12,0,Week 0,mobile,shop.googlemerchandisestore.com,referral,(referral),Sri Lanka,1,1,100.0
2020-12-01,2020-12,0,Week 0,desktop,shop.googlemerchandisestore.com,referral,(referral),Bahamas,2,2,100.0
2020-12-01,2020-12,0,Week 0,tablet,shop.googlemerchandisestore.com,referral,(referral),France,2,2,100.0
2020-12-01,2020-12,0,Week 0,desktop,shop.googlemerchandisestore.com,referral,(referral),Egypt,3,3,100.0
2020-12-01,2020-12,0,Week 0,mobile,shop.googlemerchandisestore.com,referral,(referral),Hungary,4,4,100.0
2020-12-01,2020-12,0,Week 0,mobile,shop.googlemerchandisestore.com,referral,(referral),Sweden,12,12,100.0
2020-12-01,2020-12,0,Week 0,mobile,<Other>,referral,(referral),Russia,27,27,100.0
2020-12-01,2020-12,0,Week 0,tablet,<Other>,referral,(referral),Saudi Arabia,1,1,100.0
2020-12-01,2020-12,0,Week 0,mobile,<Other>,referral,(referral),Guatemala,1,1,100.0
2020-12-01,2020-12,0,Week 0,mobile,shop.googlemerchandisestore.com,referral,(referral),Costa Rica,1,1,100.0
2020-12-01,2020-12,0,Week 0,desktop,<Other>,referral,(referral),Serbia,3,3,100.0
2020-12-01,2020-12,0,Week 0,desktop,<Other>,referral,(referral),Dominican Republic,4,4,100.0
2020-12-01,2020-12,0,Week 0,mobile,<Other>,referral,(referral),South Africa,9,9,100.0
2020-12-01,2020-12,0,Week 0,mobile,<Other>,referral,(referral),Qatar,1,1,100.0
2020-12-01,2020-12,0,Week 0,desktop,shop.googlemerchandisestore.com,referral,(referral),Bolivia,2,2,100.0
2020-12-01,2020-12,0,Week 0,mobile,<Other>,referral,(referral),Greece,11,11,100.0
2020-12-01,2020-12,0,Week 0,desktop,<Other>,referral,(referral),Vietnam,29,29,100.0
2020-12-01,2020-12,0,Week 0,desktop,shop.googlemerchandisestore.com,referral,(referral),Bosnia & Herzegovina,2,2,100.0
2020-12-01,2020-12,0,Week 0,desktop,<Other>,referral,(referral),Ghana,2,2,100.0
2020-12-01,2020-12,0,Week 0,mobile,<Other>,referral,(referral),France,74,74,100.0
2020-12-01,2020-12,0,Week 0,tablet,shop.googlemerchandisestore.com,referral,(referral),Poland,1,1,100.0
2020-12-01,2020-12,0,Week 0,mobile,<Other>,referral,(referral),Slovenia,1,1,100.0
2020-12-01,2020-12,0,Week 0,desktop,shop.googlemerchandisestore.com,referral,(referral),Czechia,3,3,100.0
2020-12-01,2020-12,0,Week 0,mobile,<Other>,referral,(referral),Croatia,6,6,100.0
2020-12-01,2020-12,0,Week 0,tablet,<Other>,referral,(referral),Israel,1,1,100.0
2020-12-01,2020-12,0,Week 0,desktop,<Other>,referral,(referral),Nepal,2,2,100.0
2020-12-01,2020-12,0,Week 0,mobile,<Other>,referral,(referral),Norway,4,4,100.0
2020-12-01,2020-12,0,Week 0,mobile,shop.googlemerchandisestore.com,referral,(referral),Finland,6,6,100.0
2020-12-01,2020-12,0,Week 0,desktop,shop.googlemerchandisestore.com,referral,(referral),Malaysia,18,18,100.0
2020-12-01,2020-12,0,Week 0,desktop,<Other>,referral,(referral),Philippines,25,25,100.0
2020-12-01,2020-12,0,Week 0,mobile,shop.googlemerchandisestore.com,referral,(referral),Mexico,25,25,100.0
2020-12-01,2020-12,0,Week 0,desktop,<Other>,referral,(referral),Jordan,1,1,100.0
2020-12-01,2020-12,0,Week 0,mobile,<Other>,referral,(referral),Venezuela,1,1,100.0
2020-12-01,2020-12,0,Week 0,desktop,shop.googlemerchandisestore.com,referral,(referral),Iceland,1,1,100.0
2020-12-01,2020-12,0,Week 0,desktop,<Other>,referral,(referral),Panama,2,2,100.0
2020-12-01,2020-12,0,Week 0,mobile,<Other>,referral,(referral),Jamaica,2,2,100.0
2020-12-01,2020-12,0,Week 0,desktop,<Other>,referral,(referral),Australia,49,49,100.0
2020-12-01,2020-12,0,Week 0,tablet,<Other>,referral,(referral),Turkey,3,3,100.0
2020-12-01,2020-12,0,Week 0,desktop,shop.googlemerchandisestore.com,referral,(referral),Belgium,16,16,100.0
2020-12-01,2020-12,0,Week 0,desktop,shop.googlemerchandisestore.com,referral,(referral),France,58,58,100.0
2020-12-01,2020-12,0,Week 0,tablet,shop.googlemerchandisestore.com,referral,(referral),Ukraine,1,1,100.0
2020-12-01,2020-12,0,Week 0,desktop,<Other>,referral,(referral),Iraq,1,1,100.0
2020-12-01,2020-12,0,Week 0,tablet,shop.googlemerchandisestore.com,referral,(referral),Puerto Rico,2,2,100.0
2020-12-01,2020-12,0,Week 0,desktop,shop.googlemerchandisestore.com,referral,(referral),Trinidad & Tobago,4,4,100.0
2020-12-01,2020-12,0,Week 0,mobile,<Other>,referral,(referral),Indonesia,21,21,100.0
2020-12-01,2020-12,0,Week 0,mobile,<Other>,referral,(referral),Turkey,44,44,100.0
2020-12-01,2020-12,0,Week 0,desktop,<Other>,referral,(referral),Netherlands,53,53,100.0
2020-12-01,2020-12,0,Week 0,tablet,shop.googlemerchandisestore.com,referral,(referral),Brazil,1,1,100.0
2020-12-01,2020-12,0,Week 0,tablet,<Other>,referral,(referral),Italy,5,5,100.0
2020-12-01,2020-12,0,Week 0,mobile,<Other>,referral,(referral),Portugal,13,13,100.0
2020-12-01,2020-12,0,Week 0,desktop,<Other>,referral,(referral),Israel,26,26,100.0
2020-12-01,2020-12,0,Week 0,desktop,shop.googlemerchandisestore.com,referral,(referral),Singapore,39,39,100.0
2020-12-01,2020-12,0,Week 0,desktop,<Other>,referral,(referral),Singapore,72,72,100.0
2020-12-01,2020-12,0,Week 0,mobile,<Other>,referral,(referral),China,60,60,100.0
2020-12-01,2020-12,0,Week 0,desktop,<Other>,referral,(referral),Latvia,3,3,100.0
2020-12-01,2020-12,0,Week 0,tablet,<Other>,referral,(referral),Belgium,3,3,100.0
2020-12-01,2020-12,0,Week 0,tablet,shop.googlemerchandisestore.com,referral,(referral),Netherlands,3,3,100.0
2020-12-01,2020-12,0,Week 0,mobile,<Other>,referral,(referral),Saudi Arabia,4,4,100.0
2020-12-01,2020-12,0,Week 0,desktop,shop.googlemerchandisestore.com,referral,(referral),South Africa,4,4,100.0
2020-12-01,2020-12,0,Week 0,desktop,<Other>,referral,(referral),Thailand,22,22,100.0
2020-12-01,2020-12,0,Week 0,mobile,shop.googlemerchandisestore.com,referral,(referral),United Kingdom,81,81,100.0
2020-12-01,2020-12,0,Week 0,desktop,<Other>,referral,(referral),Spain,111,111,100.0
2020-12-01,2020-12,0,Week 0,mobile,shop.googlemerchandisestore.com,referral,(referral),Azerbaijan,3,3,100.0
2020-12-01,2020-12,0,Week 0,tablet,shop.googlemerchandisestore.com,referral,(referral),Japan,5,5,100.0
2020-12-01,2020-12,0,Week 0,desktop,shop.googlemerchandisestore.com,referral,(referral),Norway,5,5,100.0
2020-12-01,2020-12,0,Week 0,mobile,shop.googlemerchandisestore.com,referral,(referral),Egypt,6,6,100.0
2020-12-01,2020-12,0,Week 0,mobile,<Other>,referral,(referral),United Kingdom,108,108,100.0
2020-12-01,2020-12,0,Week 0,desktop,shop.googlemerchandisestore.com,referral,(referral),Romania,5,5,100.0
2020-12-01,2020-12,0,Week 0,desktop,<Other>,referral,(referral),Romania,9,9,100.0
2020-12-01,2020-12,0,Week 0,mobile,shop.googlemerchandisestore.com,referral,(referral),Ukraine,15,15,100.0
2020-12-01,2020-12,0,Week 0,desktop,<Other>,referral,(referral),Sweden,24,24,100.0
2020-12-01,2020-12,0,Week 0,desktop,<Other>,referral,(referral),Myanmar (Burma),2,2,100.0
2020-12-01,2020-12,0,Week 0,desktop,shop.googlemerchandisestore.com,referral,(referral),Nigeria,9,9,100.0
2020-12-01,2020-12,0,Week 0,desktop,shop.googlemerchandisestore.com,referral,(referral),Poland,26,26,100.0
2020-12-01,2020-12,0,Week 0,mobile,shop.googlemerchandisestore.com,referral,(referral),Iraq,1,1,100.0
2020-12-01,2020-12,0,Week 0,mobile,shop.googlemerchandisestore.com,referral,(referral),Albania,1,1,100.0
2020-12-01,2020-12,0,Week 0,desktop,shop.googlemerchandisestore.com,referral,(referral),Slovenia,5,5,100.0
2020-12-01,2020-12,0,Week 0,mobile,shop.googlemerchandisestore.com,referral,(referral),Philippines,8,8,100.0
2020-12-01,2020-12,0,Week 0,mobile,shop.googlemerchandisestore.com,referral,(referral),Turkey,21,21,100.0
2020-12-01,2020-12,0,Week 0,desktop,shop.googlemerchandisestore.com,referral,(referral),(not set),28,28,100.0
2020-12-01,2020-12,0,Week 0,desktop,shop.googlemerchandisestore.com,referral,(referral),Paraguay,1,1,100.0
2020-12-01,2020-12,0,Week 0,tablet,<Other>,referral,(referral),Japan,3,3,100.0
2020-12-01,2020-12,0,Week 0,mobile,<Other>,referral,(referral),Morocco,6,6,100.0
2020-12-01,2020-12,0,Week 0,desktop,<Other>,referral,(referral),Greece,14,14,100.0
2020-12-01,2020-12,0,Week 0,desktop,<Other>,referral,(referral),Guatemala,1,1,100.0
2020-12-01,2020-12,0,Week 0,mobile,shop.googlemerchandisestore.com,referral,(referral),Nigeria,2,2,100.0
2020-12-01,2020-12,0,Week 0,mobile,shop.googlemerchandisestore.com,referral,(referral),Czechia,8,8,100.0
2020-12-01,2020-12,0,Week 0,desktop,shop.googlemerchandisestore.com,referral,(referral),Pakistan,13,13,100.0
2020-12-01,2020-12,0,Week 0,tablet,shop.googlemerchandisestore.com,referral,(referral),India,18,18,100.0
2020-12-01,2020-12,0,Week 0,desktop,shop.googlemerchandisestore.com,referral,(referral),Hong Kong,19,19,100.0
2020-12-01,2020-12,0,Week 0,mobile,shop.googlemerchandisestore.com,referral,(referral),Paraguay,1,1,100.0
2020-12-01,2020-12,0,Week 0,mobile,<Other>,referral,(referral),Germany,65,65,100.0
2020-12-01,2020-12,0,Week 0,mobile,<Other>,referral,(referral),Algeria,4,4,100.0
2020-12-01,2020-12,0,Week 0,desktop,<Other>,referral,(referral),Russia,35,35,100.0
2020-12-01,2020-12,0,Week 0,desktop,<Other>,referral,(referral),Germany,99,99,100.0
2020-12-01,2020-12,0,Week 0,tablet,shop.googlemerchandisestore.com,referral,(referral),China,2,2,100.0
2020-12-01,2020-12,0,Week 0,desktop,<Other>,referral,(referral),Belarus,3,3,100.0
2020-12-01,2020-12,0,Week 0,desktop,<Other>,referral,(referral),Venezuela,3,3,100.0
2020-12-01,2020-12,0,Week 0,tablet,shop.googlemerchandisestore.com,referral,(referral),Australia,3,3,100.0
2020-12-01,2020-12,0,Week 0,tablet,<Other>,referral,(referral),Sweden,4,4,100.0
2020-12-01,2020-12,0,Week 0,mobile,shop.googlemerchandisestore.com,referral,(referral),Brazil,14,14,100.0
2020-12-01,2020-12,0,Week 0,mobile,shop.googlemerchandisestore.com,referral,(referral),Netherlands,21,21,100.0
2020-12-01,2020-12,0,Week 0,tablet,shop.googlemerchandisestore.com,referral,(referral),Switzerland,1,1,100.0
2020-12-01,2020-12,0,Week 0,desktop,shop.googlemerchandisestore.com,referral,(referral),Palestine,1,1,100.0
2020-12-01,2020-12,0,Week 0,desktop,<Other>,referral,(referral),Bulgaria,6,6,100.0
2020-12-01,2020-12,0,Week 0,mobile,shop.googlemerchandisestore.com,referral,(referral),Israel,14,14,100.0
2020-12-01,2020-12,0,Week 0,mobile,shop.googlemerchandisestore.com,referral,(referral),Japan,23,23,100.0
2020-12-01,2020-12,0,Week 0,desktop,<Other>,referral,(referral),Switzerland,35,35,100.0
2020-12-01,2020-12,0,Week 0,mobile,shop.googlemerchandisestore.com,referral,(referral),Macao,1,1,100.0
2020-12-01,2020-12,0,Week 0,tablet,shop.googlemerchandisestore.com,referral,(referral),Singapore,3,3,100.0
2020-12-01,2020-12,0,Week 0,desktop,<Other>,referral,(referral),Chile,6,6,100.0
2020-12-01,2020-12,0,Week 0,mobile,<Other>,referral,(referral),New Zealand,7,7,100.0
2020-12-01,2020-12,0,Week 0,mobile,<Other>,referral,(referral),Colombia,9,9,100.0
2020-12-01,2020-12,0,Week 0,mobile,<Other>,referral,(referral),United Arab Emirates,14,14,100.0
2020-12-01,2020-12,0,Week 0,mobile,shop.googlemerchandisestore.com,referral,(referral),Tunisia,3,3,100.0
2020-12-01,2020-12,0,Week 0,mobile,shop.googlemerchandisestore.com,referral,(referral),Norway,4,4,100.0
2020-12-01,2020-12,0,Week 0,mobile,shop.googlemerchandisestore.com,referral,(referral),India,202,202,100.0
2020-12-01,2020-12,0,Week 0,desktop,shop.googlemerchandisestore.com,referral,(referral),Dominican Republic,1,1,100.0
2020-12-01,2020-12,0,Week 0,tablet,shop.googlemerchandisestore.com,referral,(referral),Indonesia,1,1,100.0
2020-12-01,2020-12,0,Week 0,desktop,shop.googlemerchandisestore.com,referral,(referral),Armenia,2,2,100.0
2020-12-01,2020-12,0,Week 0,desktop,<Other>,referral,(referral),Azerbaijan,5,5,100.0
2020-12-01,2020-12,0,Week 0,mobile,shop.googlemerchandisestore.com,referral,(referral),Singapore,15,15,100.0
2020-12-01,2020-12,0,Week 0,desktop,shop.googlemerchandisestore.com,referral,(referral),Turkey,36,36,100.0
2020-12-01,2020-12,0,Week 0,mobile,shop.googlemerchandisestore.com,referral,(referral),Uruguay,1,1,100.0
2020-12-01,2020-12,0,Week 0,mobile,shop.googlemerchandisestore.com,referral,(referral),Bulgaria,2,2,100.0
2020-12-01,2020-12,0,Week 0,mobile,<Other>,referral,(referral),North Macedonia,2,2,100.0
2020-12-01,2020-12,0,Week 0,mobile,<Other>,referral,(referral),Bulgaria,4,4,100.0
2020-12-01,2020-12,0,Week 0,mobile,shop.googlemerchandisestore.com,referral,(referral),Croatia,2,2,100.0
2020-12-01,2020-12,0,Week 0,mobile,shop.googlemerchandisestore.com,referral,(referral),Pakistan,7,7,100.0
2020-12-01,2020-12,0,Week 0,mobile,<Other>,referral,(referral),Singapore,52,52,100.0
2020-12-01,2020-12,0,Week 0,desktop,<Other>,referral,(referral),Egypt,15,15,100.0
2020-12-01,2020-12,0,Week 0,mobile,<Other>,referral,(referral),Vietnam,16,16,100.0
2020-12-01,2020-12,0,Week 0,desktop,<Other>,referral,(referral),India,531,531,100.0
2020-12-01,2020-12,0,Week 0,mobile,shop.googlemerchandisestore.com,referral,(referral),Luxembourg,1,1,100.0
2020-12-01,2020-12,0,Week 0,mobile,shop.googlemerchandisestore.com,referral,(referral),Poland,17,17,100.0
2020-12-01,2020-12,0,Week 0,desktop,<Other>,referral,(referral),Ukraine,27,27,100.0
2020-12-01,2020-12,0,Week 0,tablet,<Other>,referral,(referral),China,1,1,100.0
2020-12-01,2020-12,0,Week 0,desktop,shop.googlemerchandisestore.com,referral,(referral),Latvia,1,1,100.0
2020-12-01,2020-12,0,Week 0,tablet,<Other>,referral,(referral),Thailand,2,2,100.0
2020-12-01,2020-12,0,Week 0,desktop,<Other>,referral,(referral),Lithuania,7,7,100.0
2020-12-01,2020-12,0,Week 0,tablet,shop.googlemerchandisestore.com,referral,(referral),United Kingdom,7,7,100.0
2020-12-01,2020-12,0,Week 0,mobile,shop.googlemerchandisestore.com,referral,(referral),Indonesia,14,14,100.0
2020-12-01,2020-12,0,Week 0,desktop,<Other>,referral,(referral),(not set),40,40,100.0
2020-12-01,2020-12,0,Week 0,desktop,shop.googlemerchandisestore.com,referral,(referral),United States,1358,1358,100.0
2020-12-01,2020-12,0,Week 0,tablet,<Other>,referral,(referral),Australia,1,1,100.0
2020-12-01,2020-12,0,Week 0,desktop,<Other>,referral,(referral),Macao,2,2,100.0
2020-12-01,2020-12,0,Week 0,desktop,shop.googlemerchandisestore.com,referral,(referral),Mexico,25,25,100.0
2020-12-01,2020-12,0,Week 0,desktop,<Other>,referral,(referral),Portugal,28,28,100.0
2020-12-01,2020-12,0,Week 0,mobile,shop.googlemerchandisestore.com,referral,(referral),Canada,151,151,100.0
2020-12-01,2020-12,0,Week 0,desktop,<Other>,referral,(referral),Kuwait,1,1,100.0
2020-12-01,2020-12,0,Week 0,mobile,shop.googlemerchandisestore.com,referral,(referral),South Africa,4,4,100.0
2020-12-01,2020-12,0,Week 0,desktop,<Other>,referral,(referral),Belgium,19,19,100.0
2020-12-01,2020-12,0,Week 0,desktop,<Other>,referral,(referral),Indonesia,42,42,100.0
2020-12-01,2020-12,0,Week 0,mobile,<Other>,referral,(referral),Japan,40,40,100.0
2020-12-01,2020-12,0,Week 0,desktop,<Other>,referral,(referral),France,121,121,100.0
2020-12-01,2020-12,0,Week 0,mobile,shop.googlemerchandisestore.com,referral,(referral),Venezuela,1,1,100.0
2020-12-01,2020-12,0,Week 0,desktop,shop.googlemerchandisestore.com,referral,(referral),Puerto Rico,2,2,100.0
2020-12-01,2020-12,0,Week 0,desktop,shop.googlemerchandisestore.com,referral,(referral),Bulgaria,3,3,100.0
2020-12-01,2020-12,0,Week 0,mobile,shop.googlemerchandisestore.com,referral,(referral),Greece,8,8,100.0
2020-12-01,2020-12,0,Week 0,mobile,<Other>,referral,(referral),Lithuania,1,1,100.0
2020-12-01,2020-12,0,Week 0,mobile,<Other>,referral,(referral),Denmark,6,6,100.0
2020-12-01,2020-12,0,Week 0,desktop,shop.googlemerchandisestore.com,referral,(referral),Bangladesh,7,7,100.0
2020-12-01,2020-12,0,Week 0,mobile,<Other>,referral,(referral),Argentina,8,8,100.0
2020-12-01,2020-12,0,Week 0,desktop,<Other>,referral,(referral),Pakistan,15,15,100.0
2020-12-01,2020-12,0,Week 0,mobile,<Other>,referral,(referral),El Salvador,1,1,100.0
2020-12-01,2020-12,0,Week 0,tablet,shop.googlemerchandisestore.com,referral,(referral),Vietnam,1,1,100.0
2020-12-01,2020-12,0,Week 0,mobile,shop.googlemerchandisestore.com,referral,(referral),Oman,1,1,100.0
2020-12-01,2020-12,0,Week 0,tablet,shop.googlemerchandisestore.com,referral,(referral),Peru,2,2,100.0
2020-12-01,2020-12,0,Week 0,tablet,shop.googlemerchandisestore.com,referral,(referral),(not set),1,1,100.0
2020-12-01,2020-12,0,Week 0,desktop,<Other>,referral,(referral),Luxembourg,1,1,100.0
2020-12-01,2020-12,0,Week 0,tablet,<Other>,referral,(referral),France,4,4,100.0
2020-12-01,2020-12,0,Week 0,desktop,shop.googlemerchandisestore.com,referral,(referral),Colombia,12,12,100.0
2020-12-01,2020-12,0,Week 0,desktop,shop.googlemerchandisestore.com,referral,(referral),Philippines,10,10,100.0
2020-12-01,2020-12,0,Week 0,mobile,shop.googlemerchandisestore.com,referral,(referral),(not set),11,11,100.0
2020-12-01,2020-12,0,Week 0,desktop,shop.googlemerchandisestore.com,referral,(referral),Finland,7,7,100.0
2020-12-01,2020-12,0,Week 0,mobile,shop.googlemerchandisestore.com,referral,(referral),Germany,35,35,100.0
2020-12-01,2020-12,0,Week 0,mobile,<Other>,referral,(referral),Taiwan,61,61,100.0
2020-12-01,2020-12,0,Week 0,desktop,shop.googlemerchandisestore.com,referral,(referral),Canada,249,249,100.0
2020-12-01,2020-12,0,Week 0,tablet,shop.googlemerchandisestore.com,referral,(referral),Bulgaria,1,1,100.0
2020-12-01,2020-12,0,Week 0,tablet,<Other>,referral,(referral),(not set),1,1,100.0
2020-12-01,2020-12,0,Week 0,desktop,<Other>,referral,(referral),Albania,1,1,100.0
2020-12-01,2020-12,0,Week 0,mobile,<Other>,referral,(referral),Uruguay,2,2,100.0
2020-12-01,2020-12,0,Week 0,mobile,shop.googlemerchandisestore.com,referral,(referral),South Korea,28,28,100.0
2020-12-01,2020-12,0,Week 0,desktop,shop.googlemerchandisestore.com,referral,(referral),Belarus,1,1,100.0
2020-12-01,2020-12,0,Week 0,desktop,shop.googlemerchandisestore.com,referral,(referral),Tunisia,1,1,100.0
2020-12-01,2020-12,0,Week 0,mobile,<Other>,referral,(referral),Sri Lanka,3,3,100.0
2020-12-01,2020-12,0,Week 0,mobile,shop.googlemerchandisestore.com,referral,(referral),Dominican Republic,3,3,100.0
2020-12-01,2020-12,0,Week 0,mobile,<Other>,referral,(referral),Romania,7,7,100.0
2020-12-01,2020-12,0,Week 0,mobile,<Other>,referral,(referral),Peru,13,13,100.0
2020-12-01,2020-12,0,Week 0,tablet,shop.googlemerchandisestore.com,referral,(referral),Mexico,1,1,100.0
2020-12-01,2020-12,0,Week 0,mobile,<Other>,referral,(referral),Iraq,1,1,100.0
2020-12-01,2020-12,0,Week 0,mobile,shop.googlemerchandisestore.com,referral,(referral),Belarus,2,2,100.0
2020-12-01,2020-12,0,Week 0,tablet,<Other>,referral,(referral),South Korea,2,2,100.0
2020-12-01,2020-12,0,Week 0,desktop,<Other>,referral,(referral),Qatar,3,3,100.0
2020-12-01,2020-12,0,Week 0,desktop,shop.googlemerchandisestore.com,referral,(referral),Ukraine,16,16,100.0
2020-12-01,2020-12,0,Week 0,tablet,shop.googlemerchandisestore.com,referral,(referral),Philippines,1,1,100.0
2020-12-01,2020-12,0,Week 0,mobile,<Other>,referral,(referral),India,353,353,100.0
2020-12-01,2020-12,0,Week 0,tablet,<Other>,referral,(referral),Russia,1,1,100.0
2020-12-01,2020-12,0,Week 0,tablet,shop.googlemerchandisestore.com,referral,(referral),United Arab Emirates,3,3,100.0
2020-12-01,2020-12,0,Week 0,desktop,<Other>,referral,(referral),Ecuador,8,8,100.0
2020-12-01,2020-12,0,Week 0,desktop,shop.googlemerchandisestore.com,referral,(referral),Kazakhstan,1,1,100.0
2020-12-01,2020-12,0,Week 0,mobile,shop.googlemerchandisestore.com,referral,(referral),Puerto Rico,1,1,100.0
2020-12-01,2020-12,0,Week 0,mobile,<Other>,referral,(referral),Ecuador,1,1,100.0
2020-12-01,2020-12,0,Week 0,tablet,<Other>,referral,(referral),United Kingdom,7,7,100.0
2020-12-01,2020-12,0,Week 0,tablet,shop.googlemerchandisestore.com,referral,(referral),Israel,1,1,100.0
2020-12-01,2020-12,0,Week 0,mobile,<Other>,referral,(referral),Bahamas,1,1,100.0
2020-12-01,2020-12,0,Week 0,desktop,<Other>,referral,(referral),Bosnia & Herzegovina,2,2,100.0
2020-12-01,2020-12,0,Week 0,mobile,shop.googlemerchandisestore.com,referral,(referral),Austria,6,6,100.0
2020-12-01,2020-12,0,Week 0,desktop,<Other>,referral,(referral),Czechia,12,12,100.0
2020-12-01,2020-12,0,Week 0,desktop,<Other>,referral,(referral),Peru,28,28,100.0
2020-12-01,2020-12,0,Week 0,desktop,<Other>,referral,(referral),Algeria,2,2,100.0
2020-12-01,2020-12,0,Week 0,mobile,<Other>,referral,(referral),Switzerland,16,16,100.0
2020-12-01,2020-12,0,Week 0,desktop,<Other>,referral,(referral),United States,2441,2441,100.0
2020-12-01,2020-12,0,Week 0,tablet,<Other>,referral,(referral),Netherlands,3,3,100.0
2020-12-01,2020-12,0,Week 0,tablet,<Other>,referral,(referral),Spain,3,3,100.0
2020-12-01,2020-12,0,Week 0,desktop,<Other>,referral,(referral),Canada,405,405,100.0
2020-12-01,2020-12,0,Week 0,tablet,shop.googlemerchandisestore.com,referral,(referral),Malaysia,1,1,100.0
2020-12-01,2020-12,0,Week 0,desktop,shop.googlemerchandisestore.com,referral,(referral),Serbia,2,2,100.0
2020-12-01,2020-12,0,Week 0,mobile,shop.googlemerchandisestore.com,referral,(referral),Ireland,13,13,100.0
2020-12-01,2020-12,0,Week 0,desktop,<Other>,referral,(referral),Poland,38,38,100.0
2020-12-01,2020-12,0,Week 0,desktop,<Other>,referral,(referral),Palestine,1,1,100.0
2020-12-01,2020-12,0,Week 0,mobile,<Other>,referral,(referral),Bolivia,1,1,100.0
2020-12-01,2020-12,0,Week 0,mobile,<Other>,referral,(referral),Costa Rica,1,1,100.0
2020-12-01,2020-12,0,Week 0,desktop,shop.googlemerchandisestore.com,referral,(referral),Israel,15,15,100.0
2020-12-01,2020-12,0,Week 0,desktop,<Other>,referral,(referral),Kenya,3,3,100.0
2020-12-01,2020-12,0,Week 0,mobile,shop.googlemerchandisestore.com,referral,(referral),Saudi Arabia,6,6,100.0
2020-12-01,2020-12,0,Week 0,desktop,<Other>,referral,(referral),South Africa,9,9,100.0
2020-12-01,2020-12,0,Week 0,mobile,shop.googlemerchandisestore.com,referral,(referral),Malaysia,12,12,100.0
2020-12-01,2020-12,0,Week 0,desktop,<Other>,referral,(referral),Italy,78,78,100.0
2020-12-01,2020-12,0,Week 0,desktop,shop.googlemerchandisestore.com,referral,(referral),United Kingdom,93,93,100.0
2020-12-01,2020-12,0,Week 0,tablet,<Other>,referral,(referral),Portugal,1,1,100.0
2020-12-01,2020-12,0,Week 0,mobile,shop.googlemerchandisestore.com,referral,(referral),New Zealand,3,3,100.0
2020-12-01,2020-12,0,Week 0,desktop,shop.googlemerchandisestore.com,referral,(referral),Croatia,5,5,100.0
2020-12-01,2020-12,0,Week 0,mobile,shop.googlemerchandisestore.com,referral,(referral),Portugal,6,6,100.0
2020-12-01,2020-12,0,Week 0,mobile,<Other>,referral,(referral),Iceland,1,1,100.0
2020-12-01,2020-12,0,Week 0,desktop,<Other>,referral,(referral),Armenia,3,3,100.0
2020-12-01,2020-12,0,Week 0,mobile,<Other>,referral,(referral),Finland,5,5,100.0
2020-12-01,2020-12,0,Week 0,tablet,shop.googlemerchandisestore.com,referral,(referral),Canada,8,8,100.0
2020-12-01,2020-12,0,Week 0,mobile,shop.googlemerchandisestore.com,referral,(referral),Vietnam,10,10,100.0
2020-12-01,2020-12,0,Week 0,desktop,<Other>,referral,(referral),Malaysia,19,19,100.0
2020-12-01,2020-12,0,Week 0,desktop,shop.googlemerchandisestore.com,referral,(referral),Japan,41,41,100.0
2020-12-01,2020-12,0,Week 0,desktop,shop.googlemerchandisestore.com,referral,(referral),Cyprus,1,1,100.0
2020-12-01,2020-12,0,Week 0,mobile,<Other>,referral,(referral),Latvia,1,1,100.0
2020-12-01,2020-12,0,Week 0,desktop,shop.googlemerchandisestore.com,referral,(referral),United Arab Emirates,6,6,100.0
2020-12-01,2020-12,0,Week 0,desktop,shop.googlemerchandisestore.com,referral,(referral),Vietnam,19,19,100.0
2020-12-01,2020-12,0,Week 0,desktop,<Other>,referral,(referral),Ireland,21,21,100.0
2020-12-01,2020-12,0,Week 0,tablet,shop.googlemerchandisestore.com,referral,(referral),Italy,2,2,100.0
2020-12-01,2020-12,0,Week 0,mobile,shop.googlemerchandisestore.com,referral,(referral),Peru,11,11,100.0
2020-12-01,2020-12,0,Week 0,mobile,shop.googlemerchandisestore.com,referral,(referral),Taiwan,22,22,100.0
2020-12-01,2020-12,0,Week 0,mobile,shop.googlemerchandisestore.com,referral,(referral),Bangladesh,3,3,100.0
2020-12-01,2020-12,0,Week 0,mobile,<Other>,referral,(referral),Poland,40,40,100.0
2020-12-01,2020-12,0,Week 0,mobile,<Other>,referral,(referral),Macao,1,1,100.0
2020-12-01,2020-12,0,Week 0,mobile,<Other>,referral,(referral),Tunisia,1,1,100.0
2020-12-01,2020-12,0,Week 0,mobile,<Other>,referral,(referral),Azerbaijan,1,1,100.0
2020-12-01,2020-12,0,Week 0,tablet,<Other>,referral,(referral),Vietnam,1,1,100.0
2020-12-01,2020-12,0,Week 0,tablet,shop.googlemerchandisestore.com,referral,(referral),Spain,2,2,100.0
2020-12-01,2020-12,0,Week 0,mobile,<Other>,referral,(referral),Australia,28,28,100.0
2020-12-01,2020-12,0,Week 0,tablet,<Other>,referral,(referral),United States,81,81,100.0
2020-12-01,2020-12,0,Week 0,mobile,shop.googlemerchandisestore.com,referral,(referral),Bosnia & Herzegovina,1,1,100.0
2020-12-01,2020-12,0,Week 0,desktop,shop.googlemerchandisestore.com,referral,(referral),Peru,12,12,100.0
2020-12-01,2020-12,0,Week 0,mobile,<Other>,referral,(referral),Pakistan,17,17,100.0
2020-12-01,2020-12,0,Week 0,desktop,shop.googlemerchandisestore.com,referral,(referral),Netherlands,33,33,100.0
2020-12-01,2020-12,0,Week 0,desktop,shop.googlemerchandisestore.com,referral,(referral),Australia,34,34,100.0
2020-12-01,2020-12,0,Week 0,desktop,shop.googlemerchandisestore.com,referral,(referral),Jordan,1,1,100.0
2020-12-01,2020-12,0,Week 0,desktop,shop.googlemerchandisestore.com,referral,(referral),Macao,1,1,100.0
2020-12-01,2020-12,0,Week 0,mobile,shop.googlemerchandisestore.com,referral,(referral),Bahrain,1,1,100.0
2020-12-01,2020-12,0,Week 0,desktop,<Other>,referral,(referral),Slovakia,4,4,100.0
2020-12-01,2020-12,0,Week 0,desktop,<Other>,referral,(referral),Sri Lanka,8,8,100.0
2020-12-01,2020-12,0,Week 0,desktop,shop.googlemerchandisestore.com,referral,(referral),Sweden,22,22,100.0
2020-12-01,2020-12,0,Week 0,mobile,shop.googlemerchandisestore.com,referral,(referral),France,32,32,100.0
2020-12-01,2020-12,0,Week 0,desktop,<Other>,referral,(referral),Georgia,1,1,100.0
2020-12-01,2020-12,0,Week 0,tablet,shop.googlemerchandisestore.com,referral,(referral),Ireland,2,2,100.0
2020-12-01,2020-12,0,Week 0,mobile,<Other>,referral,(referral),Nigeria,3,3,100.0
2020-12-01,2020-12,0,Week 0,desktop,<Other>,referral,(referral),Finland,10,10,100.0
2020-12-01,2020-12,0,Week 0,desktop,shop.googlemerchandisestore.com,referral,(referral),Germany,63,63,100.0
2020-12-01,2020-12,0,Week 0,tablet,<Other>,referral,(referral),Poland,2,2,100.0
2020-12-01,2020-12,0,Week 0,desktop,<Other>,referral,(referral),Cyprus,3,3,100.0
2020-12-01,2020-12,0,Week 0,mobile,<Other>,referral,(referral),Georgia,4,4,100.0
2020-12-01,2020-12,0,Week 0,desktop,shop.googlemerchandisestore.com,referral,(referral),Switzerland,14,14,100.0
2020-12-01,2020-12,0,Week 0,tablet,<Other>,referral,(referral),India,15,15,100.0
2020-12-01,2020-12,0,Week 0,desktop,<Other>,referral,(referral),United Arab Emirates,16,16,100.0
2020-12-01,2020-12,0,Week 0,mobile,<Other>,referral,(referral),Italy,52,52,100.0
2020-12-01,2020-12,0,Week 0,mobile,shop.googlemerchandisestore.com,referral,(referral),Ghana,1,1,100.0
2020-12-01,2020-12,0,Week 0,desktop,<Other>,referral,(referral),Estonia,2,2,100.0
2020-12-01,2020-12,0,Week 0,desktop,<Other>,referral,(referral),New Zealand,11,11,100.0
2020-12-01,2020-12,0,Week 0,tablet,<Other>,referral,(referral),Brazil,1,1,100.0
2020-12-01,2020-12,0,Week 0,tablet,shop.googlemerchandisestore.com,referral,(referral),Uruguay,1,1,100.0
2020-12-01,2020-12,0,Week 0,mobile,shop.googlemerchandisestore.com,referral,(referral),Spain,45,45,100.0
2020-12-01,2020-12,0,Week 0,mobile,<Other>,referral,(referral),Chile,3,3,100.0
2020-12-01,2020-12,0,Week 0,mobile,<Other>,referral,(referral),Serbia,5,5,100.0
2020-12-01,2020-12,0,Week 0,desktop,<Other>,referral,(referral),United Kingdom,167,167,100.0
2020-12-01,2020-12,0,Week 0,desktop,shop.googlemerchandisestore.com,referral,(referral),India,286,286,100.0
2020-12-01,2020-12,0,Week 0,desktop,<Other>,referral,(referral),Bahamas,1,1,100.0
2020-12-01,2020-12,0,Week 0,mobile,shop.googlemerchandisestore.com,referral,(referral),Jamaica,1,1,100.0
2020-12-01,2020-12,0,Week 0,desktop,shop.googlemerchandisestore.com,referral,(referral),Thailand,9,9,100.0
2020-12-01,2020-12,0,Week 0,mobile,<Other>,referral,(referral),Paraguay,1,1,100.0
2020-12-01,2020-12,0,Week 0,desktop,<Other>,referral,(referral),Iceland,2,2,100.0
2020-12-01,2020-12,0,Week 0,desktop,shop.googlemerchandisestore.com,referral,(referral),Austria,3,3,100.0
2020-12-01,2020-12,0,Week 0,mobile,<Other>,referral,(referral),(not set),26,26,100.0
2020-12-01,2020-12,0,Week 0,desktop,shop.googlemerchandisestore.com,referral,(referral),Kuwait,5,5,100.0
2020-12-01,2020-12,0,Week 0,mobile,<Other>,referral,(referral),Ukraine,15,15,100.0
2020-12-01,2020-12,0,Week 0,mobile,shop.googlemerchandisestore.com,referral,(referral),Chile,7,7,100.0
2020-12-01,2020-12,0,Week 0,mobile,<Other>,referral,(referral),Sweden,22,22,100.0
2020-12-01,2020-12,0,Week 0,desktop,shop.googlemerchandisestore.com,referral,(referral),China,43,43,100.0
2020-12-01,2020-12,0,Week 0,desktop,<Other>,referral,(referral),Paraguay,1,1,100.0
2020-12-01,2020-12,0,Week 0,mobile,<Other>,referral,(referral),Albania,1,1,100.0
2020-12-01,2020-12,0,Week 0,desktop,<Other>,referral,(referral),Morocco,9,9,100.0
2020-12-01,2020-12,0,Week 0,mobile,shop.googlemerchandisestore.com,referral,(referral),Hong Kong,15,15,100.0
2020-12-01,2020-12,0,Week 0,mobile,<Other>,referral,(referral),Canada,268,268,100.0
2020-12-01,2020-12,0,Week 0,desktop,<Other>,referral,(referral),El Salvador,3,3,100.0
2020-12-01,2020-12,0,Week 0,mobile,<Other>,referral,(referral),Hungary,4,4,100.0
2020-12-01,2020-12,0,Week 0,mobile,<Other>,referral,(referral),Slovakia,9,9,100.0
2020-12-01,2020-12,0,Week 0,desktop,shop.googlemerchandisestore.com,referral,(referral),Greece,12,12,100.0
2020-12-01,2020-12,0,Week 0,desktop,<Other>,referral,(referral),Denmark,15,15,100.0
2020-12-01,2020-12,0,Week 0,mobile,<Other>,referral,(referral),Malaysia,15,15,100.0
2020-12-01,2020-12,0,Week 0,desktop,shop.googlemerchandisestore.com,referral,(referral),Kenya,1,1,100.0
2020-12-01,2020-12,0,Week 0,desktop,<Other>,referral,(referral),Oman,1,1,100.0
2020-12-01,2020-12,0,Week 0,tablet,shop.googlemerchandisestore.com,referral,(referral),Greece,1,1,100.0
2020-12-01,2020-12,0,Week 0,mobile,shop.googlemerchandisestore.com,referral,(referral),Latvia,1,1,100.0
2020-12-01,2020-12,0,Week 0,desktop,<Other>,referral,(referral),Uruguay,1,1,100.0
2020-12-01,2020-12,0,Week 0,mobile,<Other>,referral,(referral),Kenya,2,2,100.0
2020-12-01,2020-12,0,Week 0,desktop,<Other>,referral,(referral),Saudi Arabia,11,11,100.0
2020-12-01,2020-12,0,Week 0,desktop,<Other>,referral,(referral),Turkey,54,54,100.0
2020-12-01,2020-12,0,Week 0,desktop,<Other>,referral,(referral),South Korea,67,67,100.0
2020-12-01,2020-12,1,Week 1,mobile,<Other>,referral,(referral),Singapore,52,3,5.77
2020-12-01,2020-12,1,Week 1,mobile,shop.googlemerchandisestore.com,referral,(referral),Indonesia,14,1,7.14
2020-12-01,2020-12,1,Week 1,desktop,<Other>,referral,(referral),Portugal,28,1,3.57
2020-12-01,2020-12,1,Week 1,mobile,shop.googlemerchandisestore.com,referral,(referral),United Arab Emirates,2,2,100.0
2020-12-01,2020-12,1,Week 1,desktop,<Other>,referral,(referral),Guatemala,1,1,100.0
2020-12-01,2020-12,1,Week 1,tablet,shop.googlemerchandisestore.com,referral,(referral),Puerto Rico,2,1,50.0
2020-12-01,2020-12,1,Week 1,desktop,shop.googlemerchandisestore.com,referral,(referral),Sweden,22,1,4.55
2020-12-01,2020-12,1,Week 1,desktop,<Other>,referral,(referral),Ukraine,27,1,3.7
2020-12-01,2020-12,1,Week 1,desktop,shop.googlemerchandisestore.com,referral,(referral),Singapore,39,1,2.56
2020-12-01,2020-12,1,Week 1,desktop,<Other>,referral,(referral),India,531,15,2.82
2020-12-01,2020-12,1,Week 1,desktop,shop.googlemerchandisestore.com,referral,(referral),Netherlands,33,1,3.03
2020-12-01,2020-12,1,Week 1,mobile,<Other>,referral,(referral),France,74,3,4.05
2020-12-01,2020-12,1,Week 1,mobile,shop.googlemerchandisestore.com,referral,(referral),United States,909,39,4.29
2020-12-01,2020-12,1,Week 1,mobile,<Other>,referral,(referral),United Arab Emirates,14,1,7.14
2020-12-01,2020-12,1,Week 1,mobile,<Other>,referral,(referral),Hungary,4,1,25.0
2020-12-01,2020-12,1,Week 1,mobile,shop.googlemerchandisestore.com,referral,(referral),Czechia,8,2,25.0
2020-12-01,2020-12,1,Week 1,desktop,<Other>,referral,(referral),Finland,10,1,10.0
2020-12-01,2020-12,1,Week 1,desktop,<Other>,referral,(referral),Czechia,12,1,8.33
2020-12-01,2020-12,1,Week 1,desktop,<Other>,referral,(referral),Israel,26,2,7.69
2020-12-01,2020-12,1,Week 1,desktop,shop.googlemerchandisestore.com,referral,(referral),France,58,3,5.17
2020-12-01,2020-12,1,Week 1,mobile,shop.googlemerchandisestore.com,referral,(referral),Norway,4,1,25.0
2020-12-01,2020-12,1,Week 1,tablet,<Other>,referral,(referral),United Kingdom,7,1,14.29
2020-12-01,2020-12,1,Week 1,mobile,<Other>,referral,(referral),Pakistan,17,2,11.76
2020-12-01,2020-12,1,Week 1,mobile,<Other>,referral,(referral),Canada,268,11,4.1
2020-12-01,2020-12,1,Week 1,mobile,shop.googlemerchandisestore.com,referral,(referral),Chile,7,1,14.29
2020-12-01,2020-12,1,Week 1,desktop,shop.googlemerchandisestore.com,referral,(referral),Philippines,10,2,20.0
2020-12-01,2020-12,1,Week 1,mobile,<Other>,referral,(referral),Turkey,44,3,6.82
2020-12-01,2020-12,1,Week 1,desktop,shop.googlemerchandisestore.com,referral,(referral),Japan,41,4,9.76
2020-12-01,2020-12,1,Week 1,desktop,shop.googlemerchandisestore.com,referral,(referral),Peru,12,2,16.67
2020-12-01,2020-12,1,Week 1,mobile,<Other>,referral,(referral),Indonesia,21,2,9.52
2020-12-01,2020-12,1,Week 1,mobile,shop.googlemerchandisestore.com,referral,(referral),Canada,151,7,4.64
2020-12-01,2020-12,1,Week 1,desktop,<Other>,referral,(referral),United States,2441,83,3.4
2020-12-01,2020-12,1,Week 1,desktop,<Other>,referral,(referral),Iraq,1,1,100.0
2020-12-01,2020-12,1,Week 1,mobile,shop.googlemerchandisestore.com,referral,(referral),Vietnam,10,1,10.0
2020-12-01,2020-12,1,Week 1,desktop,<Other>,referral,(referral),France,121,2,1.65
2020-12-01,2020-12,1,Week 1,mobile,<Other>,referral,(referral),Czechia,11,1,9.09
2020-12-01,2020-12,1,Week 1,desktop,<Other>,referral,(referral),Netherlands,53,2,3.77
2020-12-01,2020-12,1,Week 1,desktop,shop.googlemerchandisestore.com,referral,(referral),United States,1358,49,3.61
2020-12-01,2020-12,1,Week 1,desktop,<Other>,referral,(referral),Lithuania,7,2,28.57
2020-12-01,2020-12,1,Week 1,desktop,<Other>,referral,(referral),Switzerland,35,2,5.71
2020-12-01,2020-12,1,Week 1,mobile,<Other>,referral,(referral),China,60,3,5.0
2020-12-01,2020-12,1,Week 1,desktop,<Other>,referral,(referral),Ecuador,8,2,25.0
2020-12-01,2020-12,1,Week 1,mobile,<Other>,referral,(referral),South Korea,58,3,5.17
2020-12-01,2020-12,1,Week 1,desktop,shop.googlemerchandisestore.com,referral,(referral),Russia,16,1,6.25
2020-12-01,2020-12,1,Week 1,desktop,shop.googlemerchandisestore.com,referral,(referral),(not set),28,2,7.14
2020-12-01,2020-12,1,Week 1,mobile,<Other>,referral,(referral),Taiwan,61,2,3.28
2020-12-01,2020-12,1,Week 1,desktop,<Other>,referral,(referral),(not set),40,2,5.0
2020-12-01,2020-12,1,Week 1,mobile,<Other>,referral,(referral),Israel,17,2,11.76
2020-12-01,2020-12,1,Week 1,mobile,<Other>,referral,(referral),(not set),26,2,7.69
2020-12-01,2020-12,1,Week 1,mobile,<Other>,referral,(referral),Mexico,36,3,8.33
2020-12-01,2020-12,1,Week 1,desktop,<Other>,referral,(referral),Australia,49,1,2.04
2020-12-01,2020-12,1,Week 1,mobile,shop.googlemerchandisestore.com,referral,(referral),India,202,7,3.47
2020-12-01,2020-12,1,Week 1,mobile,<Other>,referral,(referral),Italy,52,2,3.85
2020-12-01,2020-12,1,Week 1,mobile,<Other>,referral,(referral),United Kingdom,108,3,2.78
2020-12-01,2020-12,1,Week 1,desktop,shop.googlemerchandisestore.com,referral,(referral),Mongolia,2,1,50.0
2020-12-01,2020-12,1,Week 1,mobile,shop.googlemerchandisestore.com,referral,(referral),Taiwan,22,1,4.55
2020-12-01,2020-12,1,Week 1,desktop,<Other>,referral,(referral),Spain,111,4,3.6
2020-12-01,2020-12,1,Week 1,tablet,shop.googlemerchandisestore.com,referral,(referral),United States,44,2,4.55
2020-12-01,2020-12,1,Week 1,desktop,<Other>,referral,(referral),Serbia,3,1,33.33
2020-12-01,2020-12,1,Week 1,mobile,<Other>,referral,(referral),Philippines,16,1,6.25
2020-12-01,2020-12,1,Week 1,desktop,<Other>,referral,(referral),Vietnam,29,2,6.9
2020-12-01,2020-12,1,Week 1,mobile,shop.googlemerchandisestore.com,referral,(referral),China,32,1,3.13
2020-12-01,2020-12,1,Week 1,mobile,<Other>,referral,(referral),Greece,11,1,9.09
2020-12-01,2020-12,1,Week 1,desktop,<Other>,referral,(referral),Hong Kong,31,2,6.45
2020-12-01,2020-12,1,Week 1,mobile,<Other>,referral,(referral),Vietnam,16,2,12.5
2020-12-01,2020-12,1,Week 1,mobile,shop.googlemerchandisestore.com,referral,(referral),Russia,20,2,10.0
2020-12-01,2020-12,1,Week 1,desktop,<Other>,referral,(referral),Mexico,47,1,2.13
2020-12-01,2020-12,1,Week 1,desktop,shop.googlemerchandisestore.com,referral,(referral),Spain,60,2,3.33
2020-12-01,2020-12,1,Week 1,desktop,shop.googlemerchandisestore.com,referral,(referral),Switzerland,14,1,7.14
2020-12-01,2020-12,1,Week 1,desktop,<Other>,referral,(referral),Colombia,22,1,4.55
2020-12-01,2020-12,1,Week 1,desktop,shop.googlemerchandisestore.com,referral,(referral),South Korea,57,2,3.51
2020-12-01,2020-12,1,Week 1,mobile,<Other>,referral,(referral),Germany,65,3,4.62
2020-12-01,2020-12,1,Week 1,tablet,<Other>,referral,(referral),United States,81,4,4.94
2020-12-01,2020-12,1,Week 1,desktop,<Other>,referral,(referral),Germany,99,2,2.02
2020-12-01,2020-12,1,Week 1,desktop,<Other>,referral,(referral),Turkey,54,2,3.7
2020-12-01,2020-12,1,Week 1,mobile,shop.googlemerchandisestore.com,referral,(referral),United Kingdom,81,1,1.23
2020-12-01,2020-12,1,Week 1,mobile,<Other>,referral,(referral),Thailand,13,1,7.69
2020-12-01,2020-12,1,Week 1,desktop,<Other>,referral,(referral),Peru,28,2,7.14
2020-12-01,2020-12,1,Week 1,desktop,shop.googlemerchandisestore.com,referral,(referral),India,286,8,2.8
2020-12-01,2020-12,1,Week 1,desktop,<Other>,referral,(referral),Kazakhstan,3,1,33.33
2020-12-01,2020-12,1,Week 1,mobile,shop.googlemerchandisestore.com,referral,(referral),Belgium,5,1,20.0
2020-12-01,2020-12,1,Week 1,desktop,shop.googlemerchandisestore.com,referral,(referral),Norway,5,1,20.0
2020-12-01,2020-12,1,Week 1,mobile,<Other>,referral,(referral),Ukraine,15,1,6.67
2020-12-01,2020-12,1,Week 1,desktop,<Other>,referral,(referral),Canada,405,14,3.46
2020-12-01,2020-12,1,Week 1,mobile,shop.googlemerchandisestore.com,referral,(referral),France,32,1,3.13
2020-12-01,2020-12,1,Week 1,desktop,<Other>,referral,(referral),Italy,78,2,2.56
2020-12-01,2020-12,1,Week 1,desktop,shop.googlemerchandisestore.com,referral,(referral),Chile,11,1,9.09
2020-12-01,2020-12,1,Week 1,mobile,shop.googlemerchandisestore.com,referral,(referral),Israel,14,2,14.29
2020-12-01,2020-12,1,Week 1,desktop,shop.googlemerchandisestore.com,referral,(referral),Brazil,27,2,7.41
2020-12-01,2020-12,1,Week 1,mobile,<Other>,referral,(referral),United States,1657,57,3.44
2020-12-01,2020-12,1,Week 1,mobile,<Other>,referral,(referral),Chile,3,1,33.33
2020-12-01,2020-12,1,Week 1,desktop,shop.googlemerchandisestore.com,referral,(referral),Poland,26,1,3.85
2020-12-01,2020-12,1,Week 1,desktop,<Other>,referral,(referral),Japan,69,3,4.35
2020-12-01,2020-12,1,Week 1,tablet,shop.googlemerchandisestore.com,referral,(referral),India,18,1,5.56
2020-12-01,2020-12,1,Week 1,desktop,shop.googlemerchandisestore.com,referral,(referral),Hong Kong,19,1,5.26
2020-12-01,2020-12,1,Week 1,desktop,<Other>,referral,(referral),Bulgaria,6,1,16.67
2020-12-01,2020-12,1,Week 1,desktop,<Other>,referral,(referral),Russia,35,3,8.57
2020-12-01,2020-12,1,Week 1,desktop,<Other>,referral,(referral),Thailand,22,2,9.09
2020-12-01,2020-12,1,Week 1,mobile,shop.googlemerchandisestore.com,referral,(referral),Germany,35,1,2.86
2020-12-01,2020-12,1,Week 1,mobile,<Other>,referral,(referral),Egypt,6,2,33.33
2020-12-01,2020-12,1,Week 1,desktop,<Other>,referral,(referral),Saudi Arabia,11,1,9.09
2020-12-01,2020-12,1,Week 1,mobile,<Other>,referral,(referral),Hong Kong,13,1,7.69
2020-12-01,2020-12,1,Week 1,mobile,<Other>,referral,(referral),Australia,28,2,7.14
2020-12-01,2020-12,1,Week 1,mobile,shop.googlemerchandisestore.com,referral,(referral),Paraguay,1,1,100.0
2020-12-01,2020-12,1,Week 1,desktop,<Other>,referral,(referral),New Zealand,11,1,9.09
2020-12-01,2020-12,1,Week 1,mobile,shop.googlemerchandisestore.com,referral,(referral),Spain,45,1,2.22
2020-12-01,2020-12,1,Week 1,desktop,<Other>,referral,(referral),United Kingdom,167,3,1.8
2020-12-01,2020-12,1,Week 1,mobile,<Other>,referral,(referral),Malaysia,15,1,6.67
2020-12-01,2020-12,1,Week 1,desktop,<Other>,referral,(referral),United Arab Emirates,16,1,6.25
2020-12-01,2020-12,1,Week 1,mobile,shop.googlemerchandisestore.com,referral,(referral),Luxembourg,1,1,100.0
2020-12-01,2020-12,1,Week 1,desktop,shop.googlemerchandisestore.com,referral,(referral),Ireland,21,2,9.52
2020-12-01,2020-12,1,Week 1,desktop,shop.googlemerchandisestore.com,referral,(referral),Germany,63,6,9.52
2020-12-01,2020-12,1,Week 1,mobile,<Other>,referral,(referral),India,353,7,1.98
2020-12-01,2020-12,1,Week 1,mobile,shop.googlemerchandisestore.com,referral,(referral),Turkey,21,2,9.52
2020-12-01,2020-12,1,Week 1,desktop,shop.googlemerchandisestore.com,referral,(referral),Morocco,6,1,16.67
2020-12-01,2020-12,1,Week 1,desktop,<Other>,referral,(referral),Brazil,65,3,4.62
2020-12-01,2020-12,1,Week 1,desktop,shop.googlemerchandisestore.com,referral,(referral),Canada,249,7,2.81
2020-12-01,2020-12,1,Week 1,desktop,<Other>,referral,(referral),Singapore,72,3,4.17
2020-12-01,2020-12,2,Week 2,desktop,shop.googlemerchandisestore.com,referral,(referral),Croatia,5,1,20.0
2020-12-01,2020-12,2,Week 2,mobile,shop.googlemerchandisestore.com,referral,(referral),Chile,7,1,14.29
2020-12-01,2020-12,2,Week 2,desktop,<Other>,referral,(referral),United Arab Emirates,16,1,6.25
2020-12-01,2020-12,2,Week 2,desktop,<Other>,referral,(referral),Taiwan,106,2,1.89
2020-12-01,2020-12,2,Week 2,mobile,<Other>,referral,(referral),Canada,268,5,1.87
2020-12-01,2020-12,2,Week 2,desktop,<Other>,referral,(referral),Mexico,47,1,2.13
2020-12-01,2020-12,2,Week 2,mobile,<Other>,referral,(referral),Philippines,16,1,6.25
2020-12-01,2020-12,2,Week 2,desktop,<Other>,referral,(referral),Philippines,25,1,4.0
2020-12-01,2020-12,2,Week 2,mobile,<Other>,referral,(referral),Italy,52,1,1.92
2020-12-01,2020-12,2,Week 2,desktop,<Other>,referral,(referral),South Africa,9,1,11.11
2020-12-01,2020-12,2,Week 2,desktop,<Other>,referral,(referral),Lithuania,7,1,14.29
2020-12-01,2020-12,2,Week 2,desktop,shop.googlemerchandisestore.com,referral,(referral),Canada,249,4,1.61
2020-12-01,2020-12,2,Week 2,desktop,<Other>,referral,(referral),Spain,111,1,0.9
2020-12-01,2020-12,2,Week 2,mobile,<Other>,referral,(referral),Singapore,52,1,1.92
2020-12-01,2020-12,2,Week 2,desktop,<Other>,referral,(referral),New Zealand,11,1,9.09
2020-12-01,2020-12,2,Week 2,mobile,shop.googlemerchandisestore.com,referral,(referral),Turkey,21,1,4.76
2020-12-01,2020-12,2,Week 2,mobile,shop.googlemerchandisestore.com,referral,(referral),United Kingdom,81,1,1.23
2020-12-01,2020-12,2,Week 2,desktop,<Other>,referral,(referral),Brazil,65,1,1.54
2020-12-01,2020-12,2,Week 2,desktop,shop.googlemerchandisestore.com,referral,(referral),Singapore,39,1,2.56
2020-12-01,2020-12,2,Week 2,mobile,shop.googlemerchandisestore.com,referral,(referral),(not set),11,1,9.09
2020-12-01,2020-12,2,Week 2,desktop,<Other>,referral,(referral),Indonesia,42,1,2.38
2020-12-01,2020-12,2,Week 2,mobile,<Other>,referral,(referral),United States,1657,17,1.03
2020-12-01,2020-12,2,Week 2,desktop,shop.googlemerchandisestore.com,referral,(referral),Colombia,12,1,8.33
2020-12-01,2020-12,2,Week 2,desktop,<Other>,referral,(referral),(not set),40,2,5.0
2020-12-01,2020-12,2,Week 2,desktop,shop.googlemerchandisestore.com,referral,(referral),Germany,63,1,1.59
2020-12-01,2020-12,2,Week 2,desktop,shop.googlemerchandisestore.com,referral,(referral),Spain,60,1,1.67
2020-12-01,2020-12,2,Week 2,desktop,<Other>,referral,(referral),Guatemala,1,1,100.0
2020-12-01,2020-12,2,Week 2,desktop,<Other>,referral,(referral),Estonia,2,1,50.0
2020-12-01,2020-12,2,Week 2,mobile,shop.googlemerchandisestore.com,referral,(referral),Israel,14,1,7.14
2020-12-01,2020-12,2,Week 2,desktop,<Other>,referral,(referral),Finland,10,2,20.0
2020-12-01,2020-12,2,Week 2,mobile,shop.googlemerchandisestore.com,referral,(referral),United States,909,14,1.54
2020-12-01,2020-12,2,Week 2,desktop,shop.googlemerchandisestore.com,referral,(referral),Brazil,27,1,3.7
2020-12-01,2020-12,2,Week 2,desktop,<Other>,referral,(referral),Germany,99,1,1.01
2020-12-01,2020-12,2,Week 2,mobile,<Other>,referral,(referral),United Kingdom,108,2,1.85
2020-12-01,2020-12,2,Week 2,desktop,<Other>,referral,(referral),Australia,49,1,2.04
2020-12-01,2020-12,2,Week 2,desktop,<Other>,referral,(referral),Greece,14,1,7.14
2020-12-01,2020-12,2,Week 2,desktop,<Other>,referral,(referral),United States,2441,29,1.19
2020-12-01,2020-12,2,Week 2,desktop,<Other>,referral,(referral),Austria,18,1,5.56
2020-12-01,2020-12,2,Week 2,desktop,<Other>,referral,(referral),United Kingdom,167,5,2.99
2020-12-01,2020-12,2,Week 2,desktop,shop.googlemerchandisestore.com,referral,(referral),China,43,1,2.33
2020-12-01,2020-12,2,Week 2,desktop,<Other>,referral,(referral),India,531,6,1.13
2020-12-01,2020-12,2,Week 2,desktop,shop.googlemerchandisestore.com,referral,(referral),Morocco,6,1,16.67
2020-12-01,2020-12,2,Week 2,desktop,shop.googlemerchandisestore.com,referral,(referral),Chile,11,1,9.09
2020-12-01,2020-12,2,Week 2,mobile,shop.googlemerchandisestore.com,referral,(referral),Singapore,15,1,6.67
2020-12-01,2020-12,2,Week 2,desktop,<Other>,referral,(referral),Italy,78,2,2.56
2020-12-01,2020-12,2,Week 2,desktop,<Other>,referral,(referral),Singapore,72,3,4.17
2020-12-01,2020-12,2,Week 2,desktop,shop.googlemerchandisestore.com,referral,(referral),Turkey,36,1,2.78
2020-12-01,2020-12,2,Week 2,desktop,<Other>,referral,(referral),Ecuador,8,1,12.5
2020-12-01,2020-12,2,Week 2,desktop,<Other>,referral,(referral),China,92,1,1.09
2020-12-01,2020-12,2,Week 2,desktop,<Other>,referral,(referral),Portugal,28,1,3.57
2020-12-01,2020-12,2,Week 2,tablet,<Other>,referral,(referral),Spain,3,1,33.33
2020-12-01,2020-12,2,Week 2,desktop,shop.googlemerchandisestore.com,referral,(referral),India,286,2,0.7
2020-12-01,2020-12,2,Week 2,desktop,<Other>,referral,(referral),Colombia,22,1,4.55
2020-12-01,2020-12,2,Week 2,desktop,shop.googlemerchandisestore.com,referral,(referral),United States,1358,15,1.1
2020-12-01,2020-12,2,Week 2,mobile,shop.googlemerchandisestore.com,referral,(referral),Russia,20,1,5.0
2020-12-01,2020-12,2,Week 2,mobile,shop.googlemerchandisestore.com,referral,(referral),France,32,1,3.13
2020-12-01,2020-12,2,Week 2,desktop,shop.googlemerchandisestore.com,referral,(referral),Italy,53,2,3.77
2020-12-01,2020-12,2,Week 2,desktop,<Other>,referral,(referral),Egypt,15,1,6.67
2020-12-01,2020-12,2,Week 2,mobile,shop.googlemerchandisestore.com,referral,(referral),Canada,151,1,0.66
2020-12-01,2020-12,2,Week 2,desktop,shop.googlemerchandisestore.com,referral,(referral),South Korea,57,1,1.75
2020-12-01,2020-12,2,Week 2,mobile,<Other>,referral,(referral),India,353,2,0.57
2020-12-01,2020-12,2,Week 2,desktop,shop.googlemerchandisestore.com,referral,(referral),Taiwan,53,2,3.77
2020-12-01,2020-12,2,Week 2,mobile,shop.googlemerchandisestore.com,referral,(referral),Australia,14,1,7.14
2020-12-01,2020-12,2,Week 2,mobile,<Other>,referral,(referral),Brazil,32,1,3.13
2020-12-01,2020-12,2,Week 2,tablet,<Other>,referral,(referral),United States,81,1,1.23
2020-12-01,2020-12,2,Week 2,mobile,<Other>,referral,(referral),Peru,13,1,7.69
2020-12-01,2020-12,2,Week 2,desktop,<Other>,referral,(referral),Canada,405,5,1.23
2020-12-01,2020-12,2,Week 2,mobile,shop.googlemerchandisestore.com,referral,(referral),Ireland,13,1,7.69
2020-12-01,2020-12,2,Week 2,desktop,shop.googlemerchandisestore.com,referral,(referral),Mongolia,2,1,50.0
2020-12-01,2020-12,2,Week 2,mobile,<Other>,referral,(referral),Vietnam,16,1,6.25
2020-12-01,2020-12,2,Week 2,desktop,<Other>,referral,(referral),Japan,69,1,1.45
2020-12-01,2020-12,3,Week 3,mobile,shop.googlemerchandisestore.com,referral,(referral),United States,909,9,0.99
2020-12-01,2020-12,3,Week 3,mobile,<Other>,referral,(referral),Singapore,52,1,1.92
2020-12-01,2020-12,3,Week 3,desktop,shop.googlemerchandisestore.com,referral,(referral),Japan,41,1,2.44
2020-12-01,2020-12,3,Week 3,desktop,<Other>,referral,(referral),Singapore,72,1,1.39
2020-12-01,2020-12,3,Week 3,desktop,<Other>,referral,(referral),(not set),40,1,2.5
2020-12-01,2020-12,3,Week 3,desktop,shop.googlemerchandisestore.com,referral,(referral),United Kingdom,93,1,1.08
2020-12-01,2020-12,3,Week 3,desktop,<Other>,referral,(referral),Ukraine,27,1,3.7
2020-12-01,2020-12,3,Week 3,mobile,<Other>,referral,(referral),India,353,3,0.85
2020-12-01,2020-12,3,Week 3,mobile,<Other>,referral,(referral),Malaysia,15,1,6.67
2020-12-01,2020-12,3,Week 3,mobile,shop.googlemerchandisestore.com,referral,(referral),Russia,20,1,5.0
2020-12-01,2020-12,3,Week 3,desktop,shop.googlemerchandisestore.com,referral,(referral),Mexico,25,1,4.0
2020-12-01,2020-12,3,Week 3,desktop,shop.googlemerchandisestore.com,referral,(referral),United States,1358,10,0.74
2020-12-01,2020-12,3,Week 3,desktop,shop.googlemerchandisestore.com,referral,(referral),Germany,63,1,1.59
2020-12-01,2020-12,3,Week 3,desktop,shop.googlemerchandisestore.com,referral,(referral),Singapore,39,2,5.13
2020-12-01,2020-12,3,Week 3,desktop,<Other>,referral,(referral),Lithuania,7,1,14.29
2020-12-01,2020-12,3,Week 3,desktop,<Other>,referral,(referral),Indonesia,42,1,2.38
2020-12-01,2020-12,3,Week 3,desktop,<Other>,referral,(referral),India,531,10,1.88
2020-12-01,2020-12,3,Week 3,desktop,shop.googlemerchandisestore.com,referral,(referral),Switzerland,14,1,7.14
2020-12-01,2020-12,3,Week 3,mobile,shop.googlemerchandisestore.com,referral,(referral),France,32,1,3.13
2020-12-01,2020-12,3,Week 3,desktop,<Other>,referral,(referral),Sri Lanka,8,1,12.5
2020-12-01,2020-12,3,Week 3,desktop,<Other>,referral,(referral),Taiwan,106,1,0.94
2020-12-01,2020-12,3,Week 3,mobile,<Other>,referral,(referral),South Korea,58,2,3.45
2020-12-01,2020-12,3,Week 3,mobile,<Other>,referral,(referral),United States,1657,18,1.09
2020-12-01,2020-12,3,Week 3,mobile,<Other>,referral,(referral),Canada,268,6,2.24
2020-12-01,2020-12,3,Week 3,desktop,shop.googlemerchandisestore.com,referral,(referral),Colombia,12,1,8.33
2020-12-01,2020-12,3,Week 3,mobile,<Other>,referral,(referral),Spain,68,1,1.47
2020-12-01,2020-12,3,Week 3,desktop,<Other>,referral,(referral),Canada,405,4,0.99
2020-12-01,2020-12,3,Week 3,desktop,<Other>,referral,(referral),Australia,49,1,2.04
2020-12-01,2020-12,3,Week 3,mobile,<Other>,referral,(referral),Czechia,11,1,9.09
2020-12-01,2020-12,3,Week 3,tablet,<Other>,referral,(referral),Hong Kong,3,1,33.33
2020-12-01,2020-12,3,Week 3,desktop,<Other>,referral,(referral),New Zealand,11,1,9.09
2020-12-01,2020-12,3,Week 3,desktop,<Other>,referral,(referral),Hong Kong,31,1,3.23
2020-12-01,2020-12,3,Week 3,desktop,<Other>,referral,(referral),United States,2441,18,0.74
2020-12-01,2020-12,3,Week 3,desktop,shop.googlemerchandisestore.com,referral,(referral),Brazil,27,1,3.7
2020-12-01,2020-12,3,Week 3,desktop,<Other>,referral,(referral),Mexico,47,1,2.13
2020-12-01,2020-12,3,Week 3,desktop,shop.googlemerchandisestore.com,referral,(referral),Spain,60,1,1.67
2020-12-01,2020-12,3,Week 3,mobile,<Other>,referral,(referral),Brazil,32,1,3.13
2020-12-01,2020-12,3,Week 3,mobile,shop.googlemerchandisestore.com,referral,(referral),Thailand,8,1,12.5
2020-12-01,2020-12,3,Week 3,mobile,shop.googlemerchandisestore.com,referral,(referral),(not set),11,1,9.09
2020-12-01,2020-12,3,Week 3,mobile,<Other>,referral,(referral),United Kingdom,108,1,0.93
2020-12-01,2020-12,3,Week 3,desktop,shop.googlemerchandisestore.com,referral,(referral),Sweden,22,1,4.55
2020-12-01,2020-12,3,Week 3,mobile,shop.googlemerchandisestore.com,referral,(referral),Turkey,21,1,4.76
2020-12-01,2020-12,3,Week 3,tablet,<Other>,referral,(referral),Spain,3,1,33.33
2020-12-01,2020-12,3,Week 3,mobile,<Other>,referral,(referral),Pakistan,17,1,5.88
2020-12-01,2020-12,3,Week 3,desktop,shop.googlemerchandisestore.com,referral,(referral),Canada,249,6,2.41
2020-12-01,2020-12,3,Week 3,desktop,<Other>,referral,(referral),Russia,35,1,2.86
2020-12-01,2020-12,3,Week 3,mobile,<Other>,referral,(referral),France,74,1,1.35
2020-12-01,2020-12,3,Week 3,desktop,shop.googlemerchandisestore.com,referral,(referral),United Arab Emirates,6,1,16.67
2020-12-01,2020-12,3,Week 3,desktop,shop.googlemerchandisestore.com,referral,(referral),Poland,26,1,3.85
2020-12-01,2020-12,3,Week 3,desktop,<Other>,referral,(referral),Colombia,22,1,4.55
2020-12-01,2020-12,3,Week 3,mobile,<Other>,referral,(referral),Denmark,6,2,33.33
2020-12-01,2020-12,3,Week 3,desktop,<Other>,referral,(referral),United Kingdom,167,2,1.2
2020-12-01,2020-12,3,Week 3,desktop,shop.googlemerchandisestore.com,referral,(referral),India,286,1,0.35
2020-12-01,2020-12,3,Week 3,desktop,shop.googlemerchandisestore.com,referral,(referral),Italy,53,1,1.89
2020-12-01,2020-12,3,Week 3,mobile,<Other>,referral,(referral),Vietnam,16,2,12.5
2020-12-01,2020-12,3,Week 3,desktop,<Other>,referral,(referral),Argentina,17,1,5.88
2020-12-01,2020-12,3,Week 3,desktop,shop.googlemerchandisestore.com,referral,(referral),Turkey,36,2,5.56
2020-12-01,2020-12,3,Week 3,desktop,<Other>,referral,(referral),Germany,99,1,1.01
2020-12-01,2020-12,3,Week 3,desktop,shop.googlemerchandisestore.com,referral,(referral),Mongolia,2,2,100.0
2020-12-01,2020-12,3,Week 3,mobile,shop.googlemerchandisestore.com,referral,(referral),Hong Kong,15,1,6.67
2020-12-01,2020-12,4,Week 4,desktop,shop.googlemerchandisestore.com,referral,(referral),Spain,60,1,1.67
2020-12-01,2020-12,4,Week 4,mobile,shop.googlemerchandisestore.com,referral,(referral),Portugal,6,1,16.67
2020-12-01,2020-12,4,Week 4,desktop,<Other>,referral,(referral),Germany,99,1,1.01
2020-12-01,2020-12,4,Week 4,mobile,shop.googlemerchandisestore.com,referral,(referral),Ukraine,15,1,6.67
2020-12-01,2020-12,4,Week 4,desktop,<Other>,referral,(referral),Canada,405,3,0.74
2020-12-01,2020-12,4,Week 4,desktop,<Other>,referral,(referral),Australia,49,1,2.04
2020-12-01,2020-12,4,Week 4,mobile,<Other>,referral,(referral),Singapore,52,2,3.85
2020-12-01,2020-12,4,Week 4,desktop,<Other>,referral,(referral),United Kingdom,167,1,0.6
2020-12-01,2020-12,4,Week 4,desktop,shop.googlemerchandisestore.com,referral,(referral),Germany,63,1,1.59
2020-12-01,2020-12,4,Week 4,desktop,<Other>,referral,(referral),Bulgaria,6,1,16.67
2020-12-01,2020-12,4,Week 4,desktop,<Other>,referral,(referral),Sri Lanka,8,1,12.5
2020-12-01,2020-12,4,Week 4,mobile,<Other>,referral,(referral),Czechia,11,1,9.09
2020-12-01,2020-12,4,Week 4,mobile,<Other>,referral,(referral),Indonesia,21,2,9.52
2020-12-01,2020-12,4,Week 4,desktop,shop.googlemerchandisestore.com,referral,(referral),Ukraine,16,1,6.25
2020-12-01,2020-12,4,Week 4,desktop,<Other>,referral,(referral),Argentina,17,1,5.88
2020-12-01,2020-12,4,Week 4,mobile,shop.googlemerchandisestore.com,referral,(referral),Japan,23,1,4.35
2020-12-01,2020-12,4,Week 4,desktop,shop.googlemerchandisestore.com,referral,(referral),Canada,249,1,0.4
2020-12-01,2020-12,4,Week 4,mobile,<Other>,referral,(referral),Canada,268,2,0.75
2020-12-01,2020-12,4,Week 4,desktop,shop.googlemerchandisestore.com,referral,(referral),Singapore,39,1,2.56
2020-12-01,2020-12,4,Week 4,mobile,shop.googlemerchandisestore.com,referral,(referral),United States,909,8,0.88
2020-12-01,2020-12,4,Week 4,desktop,<Other>,referral,(referral),Lithuania,7,1,14.29
2020-12-01,2020-12,4,Week 4,mobile,<Other>,referral,(referral),India,353,6,1.7
2020-12-01,2020-12,4,Week 4,mobile,<Other>,referral,(referral),France,74,1,1.35
2020-12-01,2020-12,4,Week 4,mobile,shop.googlemerchandisestore.com,referral,(referral),Venezuela,1,1,100.0
2020-12-01,2020-12,4,Week 4,mobile,shop.googlemerchandisestore.com,referral,(referral),Germany,35,1,2.86
2020-12-01,2020-12,4,Week 4,desktop,shop.googlemerchandisestore.com,referral,(referral),Japan,41,3,7.32
2020-12-01,2020-12,4,Week 4,mobile,<Other>,referral,(referral),United States,1657,10,0.6
2020-12-01,2020-12,4,Week 4,desktop,<Other>,referral,(referral),Spain,111,1,0.9
2020-12-01,2020-12,4,Week 4,mobile,shop.googlemerchandisestore.com,referral,(referral),Italy,34,1,2.94
2020-12-01,2020-12,4,Week 4,mobile,<Other>,referral,(referral),Taiwan,61,2,3.28
2020-12-01,2020-12,4,Week 4,desktop,shop.googlemerchandisestore.com,referral,(referral),United Arab Emirates,6,1,16.67
2020-12-01,2020-12,4,Week 4,desktop,shop.googlemerchandisestore.com,referral,(referral),Israel,15,1,6.67
2020-12-01,2020-12,4,Week 4,desktop,shop.googlemerchandisestore.com,referral,(referral),Switzerland,14,1,7.14
2020-12-01,2020-12,4,Week 4,desktop,shop.googlemerchandisestore.com,referral,(referral),Belgium,16,1,6.25
2020-12-01,2020-12,4,Week 4,desktop,<Other>,referral,(referral),Hong Kong,31,2,6.45
2020-12-01,2020-12,4,Week 4,desktop,<Other>,referral,(referral),Turkey,54,1,1.85
2020-12-01,2020-12,4,Week 4,desktop,shop.googlemerchandisestore.com,referral,(referral),Colombia,12,1,8.33
2020-12-01,2020-12,4,Week 4,mobile,<Other>,referral,(referral),United Kingdom,108,3,2.78
2020-12-01,2020-12,4,Week 4,mobile,<Other>,referral,(referral),Germany,65,1,1.54
2020-12-01,2020-12,4,Week 4,desktop,<Other>,referral,(referral),Brazil,65,1,1.54
2020-12-01,2020-12,4,Week 4,desktop,shop.googlemerchandisestore.com,referral,(referral),United States,1358,17,1.25
2020-12-01,2020-12,4,Week 4,mobile,shop.googlemerchandisestore.com,referral,(referral),India,202,1,0.5
2020-12-01,2020-12,4,Week 4,desktop,<Other>,referral,(referral),Japan,69,1,1.45
2020-12-01,2020-12,4,Week 4,desktop,<Other>,referral,(referral),Singapore,72,1,1.39
2020-12-01,2020-12,4,Week 4,mobile,shop.googlemerchandisestore.com,referral,(referral),South Korea,28,1,3.57
2020-12-01,2020-12,4,Week 4,mobile,shop.googlemerchandisestore.com,referral,(referral),Denmark,5,1,20.0
2020-12-01,2020-12,4,Week 4,mobile,shop.googlemerchandisestore.com,referral,(referral),Sweden,12,1,8.33
2020-12-01,2020-12,4,Week 4,desktop,<Other>,referral,(referral),United States,2441,20,0.82
2020-12-01,2020-12,4,Week 4,mobile,<Other>,referral,(referral),Spain,68,2,2.94
2020-12-01,2020-12,4,Week 4,desktop,<Other>,referral,(referral),Russia,35,1,2.86
2020-12-01,2020-12,4,Week 4,mobile,<Other>,referral,(referral),Malaysia,15,1,6.67
2020-12-01,2020-12,4,Week 4,desktop,<Other>,referral,(referral),Sweden,24,1,4.17
2020-12-01,2020-12,4,Week 4,mobile,<Other>,referral,(referral),South Korea,58,1,1.72
2020-12-01,2020-12,4,Week 4,desktop,<Other>,referral,(referral),India,531,3,0.56
2020-12-01,2020-12,5,Week 5,desktop,shop.googlemerchandisestore.com,referral,(referral),United States,1358,6,0.44
2020-12-01,2020-12,5,Week 5,mobile,shop.googlemerchandisestore.com,referral,(referral),United States,909,2,0.22
2020-12-01,2020-12,5,Week 5,desktop,shop.googlemerchandisestore.com,referral,(referral),Turkey,36,1,2.78
2020-12-01,2020-12,5,Week 5,mobile,shop.googlemerchandisestore.com,referral,(referral),South Korea,28,1,3.57
2020-12-01,2020-12,5,Week 5,desktop,shop.googlemerchandisestore.com,referral,(referral),Chile,11,1,9.09
2020-12-01,2020-12,5,Week 5,desktop,<Other>,referral,(referral),Guatemala,1,1,100.0
2020-12-01,2020-12,5,Week 5,mobile,shop.googlemerchandisestore.com,referral,(referral),India,202,1,0.5
2020-12-01,2020-12,5,Week 5,desktop,<Other>,referral,(referral),Singapore,72,1,1.39
2020-12-01,2020-12,5,Week 5,desktop,shop.googlemerchandisestore.com,referral,(referral),Canada,249,1,0.4
2020-12-01,2020-12,5,Week 5,desktop,shop.googlemerchandisestore.com,referral,(referral),China,43,2,4.65
2020-12-01,2020-12,5,Week 5,desktop,<Other>,referral,(referral),United States,2441,10,0.41
2020-12-01,2020-12,5,Week 5,mobile,<Other>,referral,(referral),Netherlands,50,1,2.0
2020-12-01,2020-12,5,Week 5,mobile,shop.googlemerchandisestore.com,referral,(referral),Canada,151,1,0.66
2020-12-01,2020-12,5,Week 5,mobile,<Other>,referral,(referral),Germany,65,2,3.08
2020-12-01,2020-12,5,Week 5,desktop,shop.googlemerchandisestore.com,referral,(referral),Hungary,3,1,33.33
2020-12-01,2020-12,5,Week 5,desktop,<Other>,referral,(referral),Mexico,47,1,2.13
2020-12-01,2020-12,5,Week 5,desktop,shop.googlemerchandisestore.com,referral,(referral),France,58,1,1.72
2020-12-01,2020-12,5,Week 5,mobile,<Other>,referral,(referral),Canada,268,4,1.49
2020-12-01,2020-12,5,Week 5,desktop,shop.googlemerchandisestore.com,referral,(referral),Switzerland,14,1,7.14
2020-12-01,2020-12,5,Week 5,mobile,shop.googlemerchandisestore.com,referral,(referral),Venezuela,1,1,100.0
2020-12-01,2020-12,5,Week 5,desktop,<Other>,referral,(referral),United Kingdom,167,1,0.6
2020-12-01,2020-12,5,Week 5,mobile,<Other>,referral,(referral),Czechia,11,1,9.09
2020-12-01,2020-12,5,Week 5,desktop,shop.googlemerchandisestore.com,referral,(referral),India,286,2,0.7
2020-12-01,2020-12,5,Week 5,desktop,shop.googlemerchandisestore.com,referral,(referral),Japan,41,1,2.44
2020-12-01,2020-12,5,Week 5,desktop,shop.googlemerchandisestore.com,referral,(referral),Morocco,6,1,16.67
2020-12-01,2020-12,5,Week 5,desktop,shop.googlemerchandisestore.com,referral,(referral),Singapore,39,1,2.56
2020-12-01,2020-12,5,Week 5,desktop,shop.googlemerchandisestore.com,referral,(referral),Poland,26,1,3.85
2020-12-01,2020-12,5,Week 5,tablet,shop.googlemerchandisestore.com,referral,(referral),Spain,2,1,50.0
2020-12-01,2020-12,5,Week 5,mobile,<Other>,referral,(referral),United States,1657,11,0.66
2020-12-01,2020-12,5,Week 5,mobile,<Other>,referral,(referral),Mexico,36,1,2.78
2020-12-01,2020-12,5,Week 5,mobile,<Other>,referral,(referral),India,353,2,0.57
2020-12-01,2020-12,5,Week 5,desktop,shop.googlemerchandisestore.com,referral,(referral),South Korea,57,1,1.75
2020-12-01,2020-12,5,Week 5,desktop,shop.googlemerchandisestore.com,referral,(referral),Argentina,6,1,16.67
2020-12-01,2020-12,5,Week 5,mobile,<Other>,referral,(referral),Malaysia,15,1,6.67
2020-12-01,2020-12,5,Week 5,desktop,<Other>,referral,(referral),Spain,111,1,0.9
2020-12-01,2020-12,5,Week 5,mobile,shop.googlemerchandisestore.com,referral,(referral),Poland,17,1,5.88
2020-12-01,2020-12,5,Week 5,mobile,<Other>,referral,(referral),South Korea,58,1,1.72
2020-12-01,2020-12,5,Week 5,desktop,<Other>,referral,(referral),Russia,35,1,2.86
2020-12-01,2020-12,5,Week 5,desktop,<Other>,referral,(referral),Italy,78,1,1.28
2020-12-01,2020-12,5,Week 5,mobile,<Other>,referral,(referral),Taiwan,61,1,1.64
2020-12-01,2020-12,5,Week 5,desktop,<Other>,referral,(referral),Australia,49,1,2.04
2020-12-01,2020-12,5,Week 5,mobile,<Other>,referral,(referral),United Kingdom,108,3,2.78
2020-12-01,2020-12,6,Week 6,mobile,<Other>,referral,(referral),South Korea,58,2,3.45
2020-12-01,2020-12,6,Week 6,desktop,<Other>,referral,(referral),Germany,99,1,1.01
2020-12-01,2020-12,6,Week 6,mobile,shop.googlemerchandisestore.com,referral,(referral),United Kingdom,81,1,1.23
2020-12-01,2020-12,6,Week 6,desktop,<Other>,referral,(referral),Mexico,47,1,2.13
2020-12-01,2020-12,6,Week 6,desktop,<Other>,referral,(referral),Taiwan,106,2,1.89
2020-12-01,2020-12,6,Week 6,desktop,shop.googlemerchandisestore.com,referral,(referral),Singapore,39,1,2.56
2020-12-01,2020-12,6,Week 6,desktop,shop.googlemerchandisestore.com,referral,(referral),Germany,63,1,1.59
2020-12-01,2020-12,6,Week 6,tablet,<Other>,referral,(referral),United States,81,1,1.23
2020-12-01,2020-12,6,Week 6,mobile,<Other>,referral,(referral),United Kingdom,108,2,1.85
2020-12-01,2020-12,6,Week 6,mobile,<Other>,referral,(referral),United States,1657,12,0.72
2020-12-01,2020-12,6,Week 6,desktop,shop.googlemerchandisestore.com,referral,(referral),United States,1358,4,0.29
2020-12-01,2020-12,6,Week 6,mobile,<Other>,referral,(referral),Canada,268,3,1.12
2020-12-01,2020-12,6,Week 6,mobile,shop.googlemerchandisestore.com,referral,(referral),Spain,45,1,2.22
2020-12-01,2020-12,6,Week 6,desktop,shop.googlemerchandisestore.com,referral,(referral),Ukraine,16,1,6.25
2020-12-01,2020-12,6,Week 6,desktop,shop.googlemerchandisestore.com,referral,(referral),Japan,41,1,2.44
2020-12-01,2020-12,6,Week 6,desktop,<Other>,referral,(referral),United Kingdom,167,1,0.6
2020-12-01,2020-12,6,Week 6,mobile,shop.googlemerchandisestore.com,referral,(referral),United States,909,4,0.44
2020-12-01,2020-12,6,Week 6,desktop,<Other>,referral,(referral),Lithuania,7,1,14.29
2020-12-01,2020-12,6,Week 6,mobile,shop.googlemerchandisestore.com,referral,(referral),Portugal,6,1,16.67
2020-12-01,2020-12,6,Week 6,desktop,<Other>,referral,(referral),Australia,49,1,2.04
2020-12-01,2020-12,6,Week 6,desktop,<Other>,referral,(referral),China,92,1,1.09
2020-12-01,2020-12,6,Week 6,desktop,<Other>,referral,(referral),India,531,2,0.38
2020-12-01,2020-12,6,Week 6,desktop,<Other>,referral,(referral),Sri Lanka,8,1,12.5
2020-12-01,2020-12,6,Week 6,mobile,shop.googlemerchandisestore.com,referral,(referral),Ukraine,15,1,6.67
2020-12-01,2020-12,6,Week 6,desktop,<Other>,referral,(referral),United Arab Emirates,16,1,6.25
2020-12-01,2020-12,6,Week 6,desktop,shop.googlemerchandisestore.com,referral,(referral),Canada,249,2,0.8
2020-12-01,2020-12,6,Week 6,mobile,<Other>,referral,(referral),Taiwan,61,1,1.64
2020-12-01,2020-12,6,Week 6,mobile,shop.googlemerchandisestore.com,referral,(referral),Venezuela,1,1,100.0
2020-12-01,2020-12,6,Week 6,desktop,shop.googlemerchandisestore.com,referral,(referral),France,58,1,1.72
2020-12-01,2020-12,6,Week 6,desktop,<Other>,referral,(referral),United States,2441,6,0.25
2020-12-01,2020-12,7,Week 7,mobile,shop.googlemerchandisestore.com,referral,(referral),United States,909,1,0.11
2020-12-01,2020-12,7,Week 7,desktop,<Other>,referral,(referral),United Kingdom,167,1,0.6
2020-12-01,2020-12,7,Week 7,desktop,<Other>,referral,(referral),Italy,78,1,1.28
2020-12-01,2020-12,7,Week 7,desktop,<Other>,referral,(referral),United States,2441,2,0.08
2020-12-01,2020-12,7,Week 7,desktop,<Other>,referral,(referral),India,531,1,0.19
2020-12-01,2020-12,7,Week 7,mobile,shop.googlemerchandisestore.com,referral,(referral),Israel,14,1,7.14
2020-12-01,2020-12,7,Week 7,desktop,shop.googlemerchandisestore.com,referral,(referral),India,286,1,0.35
2020-12-01,2020-12,7,Week 7,mobile,<Other>,referral,(referral),United Arab Emirates,14,1,7.14
2020-12-01,2020-12,7,Week 7,desktop,shop.googlemerchandisestore.com,referral,(referral),Turkey,36,1,2.78
2020-12-01,2020-12,7,Week 7,mobile,<Other>,referral,(referral),Poland,40,1,2.5
2020-12-01,2020-12,7,Week 7,mobile,shop.googlemerchandisestore.com,referral,(referral),United Kingdom,81,1,1.23
2020-12-01,2020-12,7,Week 7,mobile,<Other>,referral,(referral),United States,1657,5,0.3
2020-12-01,2020-12,7,Week 7,mobile,<Other>,referral,(referral),Canada,268,2,0.75
2020-12-01,2020-12,7,Week 7,desktop,shop.googlemerchandisestore.com,referral,(referral),United States,1358,4,0.29
2020-12-01,2020-12,7,Week 7,desktop,shop.googlemerchandisestore.com,referral,(referral),France,58,1,1.72
2020-12-01,2020-12,7,Week 7,mobile,<Other>,referral,(referral),India,353,1,0.28
2020-12-01,2020-12,7,Week 7,mobile,<Other>,referral,(referral),Germany,65,1,1.54
2020-12-01,2020-12,8,Week 8,desktop,shop.googlemerchandisestore.com,referral,(referral),Switzerland,14,1,7.14
2020-12-01,2020-12,8,Week 8,desktop,<Other>,referral,(referral),United States,2441,1,0.04
2020-12-01,2020-12,8,Week 8,mobile,shop.googlemerchandisestore.com,referral,(referral),Israel,14,1,7.14
2020-12-01,2020-12,8,Week 8,desktop,<Other>,referral,(referral),Brazil,65,1,1.54
2020-12-01,2020-12,8,Week 8,mobile,shop.googlemerchandisestore.com,referral,(referral),India,202,1,0.5
2020-12-01,2020-12,8,Week 8,mobile,<Other>,referral,(referral),United States,1657,1,0.06
2020-12-01,2020-12,8,Week 8,desktop,shop.googlemerchandisestore.com,referral,(referral),United States,1358,2,0.15
2020-12-01,2020-12,8,Week 8,mobile,<Other>,referral,(referral),Canada,268,1,0.37